CU_NUMBER,assets,auto_used,auto_new,credit_card,other_unsecured,net_worth,res_junior_lien,res_first_lien,CU_NAME,STATE,residential,auto,consumer_other,total_measured_loans,size_class,business_model
1,13220539,4380162,1772420,0,861594,1539344,0,0,MORRIS SHEPPARD TEXARKANA,TX,0,6152582,861594,7014176,"credit union, under 100m",credit union
6,283870728,75364651,39489675,20842563,29301558,33264470,13165905,24746280,THE NEW ORLEANS FIREMEN'S,LA,37912185,114854326,29301558,202910632,"credit union, 100m to 1bn",credit union
12,69982675,4744336,3873512,2890507,9860810,6885577,7435469,4541565,FRANKLIN TRUST,CT,11977034,8617848,9860810,33346199,"credit union, under 100m",credit union
13,1291252729,308453844,352921907,10605963,26091237,125485359,101030437,342028703,EFCU FINANCIAL,LA,443059140,661375751,26091237,1141132091,"credit union, 1 to 10bn",credit union
16,9214854,1420584,914340,119015,143090,1290995,217852,562591,WOODMEN,NE,780443,2334924,143090,3377472,"credit union, under 100m",credit union
19,10239608,723639,169723,0,289500,3277025,0,0,NEW HAVEN TEACHERS,CT,0,893362,289500,1182862,"credit union, under 100m",credit union
22,365203145,40695214,10160190,12434439,14260089,62313882,140450742,15685488,WATERBURY CONNECTICUT TEACHERS,CT,156136230,50855404,14260089,233686162,"credit union, 100m to 1bn",credit union
26,22401314,1699215,2310003,329326,220007,2369295,0,1022741,FARMERS,FL,1022741,4009218,220007,5581292,"credit union, under 100m",credit union
28,1492137346,386339470,34481779,0,42366958,139564556,229579005,345804551,CENTRIS,NE,575383556,420821249,42366958,1038571763,"credit union, 1 to 10bn",credit union
42,162660517,8353144,14781179,3211435,3285408,18096854,33926855,38453945,FD COMMUNITY,CT,72380800,23134323,3285408,102011966,"credit union, 100m to 1bn",credit union
47,58171126,4626919,1725610,616771,1754855,7119959,5860698,5269567,FARGO PUBLIC SCHOOLS,ND,11130265,6352529,1754855,19854420,"credit union, under 100m",credit union
48,66751714,10343941,3963293,955002,3683391,13564008,727993,528322,EAGLE EXPRESS,MS,1256315,14307234,3683391,20201942,"credit union, under 100m",credit union
51,9360685225,191665691,1284443853,186395673,226069181,823278310,911487904,3431809789,BROADVIEW,NY,4343297693,1476109544,226069181,6231872091,"credit union, 1 to 10bn",credit union
53,60151910,5119440,1387449,2044577,1936987,6197002,7932263,12062664,MOTION,NJ,19994927,6506889,1936987,30483380,"credit union, under 100m",credit union
60,515964096,97626695,7156948,9948773,9256633,59321342,80176531,50417193,LEVO,SD,130593724,104783643,9256633,254582773,"credit union, 100m to 1bn",credit union
77,209717928,45923654,15522997,0,2073166,19475644,5416509,20790141,SERVICE FIRST,SD,26206650,61446651,2073166,89726467,"credit union, 100m to 1bn",credit union
79,935837501,137459264,158682350,13169843,23272182,97380001,55177599,194061918,CAMPUS,LA,249239517,296141614,23272182,581823156,"credit union, 100m to 1bn",credit union
82,332191852,45639245,4665392,2176671,1924155,45881931,39859378,82559186,FIRST ATLANTIC,NJ,122418564,50304637,1924155,176824027,"credit union, 100m to 1bn",credit union
90,7420290,1160687,1687002,231285,280746,5031788,0,0,POST GAZETTE,PA,0,2847689,280746,3359720,"credit union, under 100m",credit union
98,13641274,1149810,1453559,0,843179,2513566,0,1129202,NIAGARA FALLS TEACHERS,NY,1129202,2603369,843179,4575750,"credit union, under 100m",credit union
107,76701093,10581027,1211578,1753544,1342764,12554370,4206627,4262774,KEMBA ROANOKE,VA,8469401,11792605,1342764,23358314,"credit union, under 100m",credit union
108,44737388,3834840,5837402,182465,408235,9232901,0,1518425,KEMBA CHARLESTON,WV,1518425,9672242,408235,11781367,"credit union, under 100m",credit union
110,42362853,0,0,0,0,6188875,0,29068460,ITALO-AMERICAN,NY,29068460,0,0,29068460,"credit union, under 100m",credit union
119,83925252,190139,220229,477955,1394309,16984167,0,7748341,TRIBORO POSTAL,NY,7748341,410368,1394309,10030973,"credit union, under 100m",credit union
120,137883162,18622735,2079712,0,6949585,11656788,25114403,19520564,COUNTY EXCELLENCE,NJ,44634967,20702447,6949585,72286999,"credit union, 100m to 1bn",credit union
132,1031254,17379,21289,0,130632,170164,0,0,MOUNT VERNON NY POSTAL EMPLOYEES,NY,0,38668,130632,169300,"credit union, under 100m",credit union
135,117951666,10148953,8678708,1291337,498194,18032675,11112756,21655562,OMAHA,NE,32768318,18827661,498194,53385510,"credit union, 100m to 1bn",credit union
138,45512165,17130749,2205682,497636,430802,5111463,840021,4259411,VIGO COUNTY,IN,5099432,19336431,430802,25364301,"credit union, under 100m",credit union
146,5597551,1406313,1374006,0,30457,510478,0,0,TEL-U-WATT,ND,0,2780319,30457,2810776,"credit union, under 100m",credit union
147,1460683,597523,245657,0,25186,158241,0,0,NORTHERN STS PWR COMPANY EMP,ND,0,843180,25186,868366,"credit union, under 100m",credit union
150,468680773,24106033,24639394,16569957,12416428,44135869,47789498,131845665,FEDCHOICE,MD,179635163,48745427,12416428,257366975,"credit union, 100m to 1bn",credit union
151,1142000072,76582098,86912881,52373921,101999869,138296468,132157922,421187202,JUSTICE,VA,553345124,163494979,101999869,871213893,"credit union, 1 to 10bn",credit union
153,342808,0,0,0,27122,71806,0,0,MERIDEN POSTAL EMPLOYEES,CT,0,0,27122,27122,"credit union, under 100m",credit union
159,2929440038,255493359,37970568,41837926,81001741,388336596,226197725,777263807,THREE RIVERS,IN,1003461532,293463927,81001741,1419765126,"credit union, 1 to 10bn",credit union
162,176659478,8019194,12274144,3992005,4993368,18255789,19399690,59663384,TREASURY DEPARTMENT,DC,79063074,20293338,4993368,108341785,"credit union, 100m to 1bn",credit union
167,751587890,98307589,13436357,6212396,15535401,81691224,30930765,253440523,DAKOTALAND,SD,284371288,111743946,15535401,417863031,"credit union, 100m to 1bn",credit union
168,41747221,7592088,11433819,0,400504,3861155,2352172,5903075,NORTHERN INDIANA,IN,8255247,19025907,400504,27681658,"credit union, under 100m",credit union
169,1594813,0,0,0,480608,705188,0,0,GARY FIREFIGHTERS ASSOCIATION,IN,0,0,480608,480608,"credit union, under 100m",credit union
176,1843997996,315477570,124281385,40111135,45175625,284891605,77038036,457948017,EDUCATIONAL,FL,534986053,439758955,45175625,1060031768,"credit union, 1 to 10bn",credit union
187,27966110,2886580,1470016,0,901155,3321459,1073830,3038238,FLORIDA A & M UNIVERSITY,FL,4112068,4356596,901155,9369819,"credit union, under 100m",credit union
195,19766755,6327678,2897951,138804,319449,1894928,337870,0,NORTHWEST ARKANSAS,AR,337870,9225629,319449,10021752,"credit union, under 100m",credit union
196,3117192343,774562911,401541414,148006228,120157324,338207524,314381764,635198658,GTE,FL,949580422,1176104325,120157324,2393848299,"credit union, 1 to 10bn",credit union
198,53358448,3555565,3649730,0,1426808,14148337,0,14080586,WHITING REFINERY,IN,14080586,7205295,1426808,22712689,"credit union, under 100m",credit union
199,212903536,29331052,28003715,221391,5872558,34621205,1197258,54197190,MEMBERS CHOICE OF CENTRAL TEXAS,TX,55394448,57334767,5872558,118823164,"credit union, 100m to 1bn",credit union
200,9626266,953056,496680,0,264807,2854247,1070985,0,A T & T EMPLOYEES PITTSBURGH,PA,1070985,1449736,264807,2785528,"credit union, under 100m",credit union
205,281249663,51201953,33717322,5633539,5668781,48514247,19222333,66697592,ALLEGENT COMMUNITY,PA,85919925,84919275,5668781,182141520,"credit union, 100m to 1bn",credit union
216,76754744,2098870,940617,1528732,1676818,6877583,6592398,9568890,FEDFINANCIAL,MD,16161288,3039487,1676818,22406325,"credit union, under 100m",credit union
220,43345062,6907471,6333067,0,3519791,8621279,0,0,HOPE,WV,0,13240538,3519791,16760329,"credit union, under 100m",credit union
224,185620894,68590896,16660906,3630790,12642690,43490595,8448092,5490676,MAGNOLIA,MS,13938768,85251802,12642690,115464050,"credit union, 100m to 1bn",credit union
227,29196092863,2285526595,1183850460,1681234648,827060399,3130130664,2856833452,11060037518,PENTAGON,VA,13916870970,3469377055,827060399,19894543072,"credit union, over 10bn",credit union
233,186040577,30433673,1744268,8130514,4425468,18632716,5181160,79608305,INFIRST,VA,84789465,32177941,4425468,129523388,"credit union, 100m to 1bn",credit union
234,81433857,4479229,4633148,2173861,1422768,18842448,1543597,11679852,PITTSBURGH FIREFIGHTERS',PA,13223449,9112377,1422768,25932455,"credit union, under 100m",credit union
240,109897828,13039610,10472464,5386263,3428428,20537872,10838405,6452239,GREATER PITTSBURGH POLICE,PA,17290644,23512074,3428428,49617409,"credit union, 100m to 1bn",credit union
242,125549553,19986746,2029631,0,6154389,22227572,4927108,41242584,GULF COAST COMMUNITY,MS,46169692,22016377,6154389,74340458,"credit union, 100m to 1bn",credit union
256,300677530,41885942,11573183,0,2227848,33500849,11343460,40454663,ENERGY ONE,OK,51798123,53459125,2227848,107485096,"credit union, 100m to 1bn",credit union
258,401292112,52075737,40716119,14749155,9527040,56258787,8505691,33703625,HOUSTON TEXAS FIRE FIGHTERS,TX,42209316,92791856,9527040,159277367,"credit union, 100m to 1bn",credit union
262,71488692,5481685,2774292,1524666,2031834,6103801,6803730,20001952,EP,DC,26805682,8255977,2031834,38618159,"credit union, under 100m",credit union
266,338175460,21942349,22460647,6588458,14488619,56302020,27667175,95380874,LIBRARY OF CONGRESS,DC,123048049,44402996,14488619,188528122,"credit union, 100m to 1bn",credit union
274,199934530,74660166,22684056,0,1154001,34187373,11270216,14590523,AREA,SD,25860739,97344222,1154001,124358962,"credit union, 100m to 1bn",credit union
277,2139374,52845,63489,0,256259,1116036,0,0,CLIFTON NJ POSTAL EMPLOYEES,NJ,0,116334,256259,372593,"credit union, under 100m",credit union
287,14876960,1969449,1816456,0,355635,1699670,0,0,USNE PENITENTIARY EMPLOYEES,PA,0,3785905,355635,4141540,"credit union, under 100m",credit union
288,14076924,2744906,1348897,148988,390459,1778337,1728392,47171,FARGO VA,ND,1775563,4093803,390459,6408813,"credit union, under 100m",credit union
294,480865874,70224876,25309802,21057497,24762842,41554083,43619259,135411620,CME,OH,179030879,95534678,24762842,320385896,"credit union, 100m to 1bn",credit union
303,131291639,12185988,4799856,4744696,5534633,10240862,22090229,11256705,HERITAGE VALLEY,PA,33346934,16985844,5534633,60612107,"credit union, 100m to 1bn",credit union
306,113963531,19273894,4142341,7723898,3465436,12805656,14964679,17334925,MADISON COUNTY,IN,32299604,23416235,3465436,66905173,"credit union, 100m to 1bn",credit union
319,268022943,13207323,11198521,13768052,16929838,20067985,47442818,83488208,DEPARTMENT OF THE INTERIOR,DC,130931026,24405844,16929838,186034760,"credit union, 100m to 1bn",credit union
320,123383862,5582222,2764794,2092461,4231320,11577791,9986237,54517942,F R B,DC,64504179,8347016,4231320,79174976,"credit union, 100m to 1bn",credit union
340,715152490,86394281,50218016,31522579,17154323,68516033,64443485,250836496,RADIFI,FL,315279981,136612297,17154323,500569180,"credit union, 100m to 1bn",credit union
352,493888162,108727796,76407604,12739053,36933624,50966492,48695159,70446250,TAMPA BAY,FL,119141409,185135400,36933624,353949486,"credit union, 100m to 1bn",credit union
361,701473213,111193659,35118662,17669734,22923065,58191093,106225813,148434024,SPERO FINANCIAL,SC,254659837,146312321,22923065,441564957,"credit union, 100m to 1bn",credit union
367,32950132,3216228,2313512,2986343,1227992,2524475,56877,0,PEPCO,DC,56877,5529740,1227992,9800952,"credit union, under 100m",credit union
370,19556409,1055102,990943,556508,451309,3261015,1041472,535573,PPG & ASSOCIATES,PA,1577045,2046045,451309,4630907,"credit union, under 100m",credit union
373,113301123,12969141,3486176,3173638,1534958,9875611,4302908,30373307,NEW ALLIANCE,PA,34676215,16455317,1534958,55840128,"credit union, 100m to 1bn",credit union
376,9622318,2441810,1615080,0,219835,1265297,0,117119,REGIONAL MEMBERS,GA,117119,4056890,219835,4393844,"credit union, under 100m",credit union
378,6823908,962093,721327,0,687492,1826209,0,0,FLORIDA CUSTOMS,FL,0,1683420,687492,2370912,"credit union, under 100m",credit union
383,45278306,7651193,3565135,1282403,851965,6286035,0,4131303,ON THE GRID FINANCIAL,GA,4131303,11216328,851965,17481999,"credit union, under 100m",credit union
389,187845189,10642683,21554586,6293930,3945408,21265636,21929467,13804891,CINCINNATI OHIO POLICE,OH,35734358,32197269,3945408,78170965,"credit union, 100m to 1bn",credit union
390,53658571,14499227,7703784,884732,266983,8127279,96304,7320289,ELLIOTT COMMUNITY,PA,7416593,22203011,266983,30771319,"credit union, under 100m",credit union
395,129410497,44352570,11554534,1300511,5015862,12305624,13065573,6299664,FIREFIGHTERS & COMPANY,OH,19365237,55907104,5015862,81588714,"credit union, 100m to 1bn",credit union
404,164494370,38626327,19460306,8397842,6151390,24018244,4976593,44383928,EPIC,LA,49360521,58086633,6151390,121996386,"credit union, 100m to 1bn",credit union
422,11905004,1072939,1457359,144139,470381,1223905,0,266755,PITTSBURGH,PA,266755,2530298,470381,3411573,"credit union, under 100m",credit union
430,113579700,16200900,7176033,3859639,4015022,12671800,4820386,12272250,DEEPWATER INDUSTRIES,NJ,17092636,23376933,4015022,48344230,"credit union, 100m to 1bn",credit union
435,2939428435,186794558,57622191,112920618,78001393,316799858,334286047,803888849,STATE DEPARTMENT,VA,1138174896,244416749,78001393,1573513656,"credit union, 1 to 10bn",credit union
444,17426493,3358718,1529007,0,175604,3427533,578126,970388,SCA,PA,1548514,4887725,175604,6611843,"credit union, under 100m",credit union
452,48333359,6754316,3102886,2027386,2145231,3376972,5856227,17143380,SKYLINE FINANCIAL,CT,22999607,9857202,2145231,37029426,"credit union, under 100m",credit union
464,90429581,5798887,1869518,3742766,8100567,9465131,3738040,10185010,EAGLE ONE,DE,13923050,7668405,8100567,33434788,"credit union, under 100m",credit union
473,167823293,35341569,6107687,0,1906730,32333873,803300,34706948,RIVERTRUST,MS,35510248,41449256,1906730,78866234,"credit union, 100m to 1bn",credit union
475,73444761,25080866,7580218,1877350,982009,7164150,1567090,4971345,INTEGRITY,OH,6538435,32661084,982009,42058878,"credit union, under 100m",credit union
477,235096414,10406699,1951999,3051723,45816621,31941694,23607146,43331796,THE ATLANTIC,NJ,66938942,12358698,45816621,128165984,"credit union, 100m to 1bn",credit union
484,20114640,5307193,1318426,463460,448665,3945931,2707561,3343787,LYNN FIREMENS,MA,6051348,6625619,448665,13589092,"credit union, under 100m",credit union
489,272923361,69207558,36858810,7180811,9939334,28311787,11380811,23729349,PRIMETRUST FINANCIAL,IN,35110160,106066368,9939334,158296673,"credit union, 100m to 1bn",credit union
490,80598041,17392835,4650466,2635391,283511,9003781,3405791,7915780,RAILS WEST,ID,11321571,22043301,283511,36283774,"credit union, under 100m",credit union
511,159619190,56580788,21572414,6840828,1509203,20377568,14434777,15784469,BFG,OH,30219246,78153202,1509203,116722479,"credit union, 100m to 1bn",credit union
514,11895967,2582540,1036874,46422,715968,2481082,0,0,BEN E KEITH COMPANY EMPLOYEES,TX,0,3619414,715968,4381804,"credit union, under 100m",credit union
517,33402019,3768917,7866785,0,365866,2758803,8541089,6392545,SEI,ID,14933634,11635702,365866,26935202,"credit union, under 100m",credit union
524,2512212,289562,158202,0,977308,434720,0,0,BOSTON CUSTOMS,MA,0,447764,977308,1425072,"credit union, under 100m",credit union
528,1173337233,131358140,19276539,21396659,4415962,121741362,286959116,136779386,UTAH FIRST,UT,423738502,150634679,4415962,600185802,"credit union, 1 to 10bn",credit union
538,29262715,2423625,843340,1185296,1907491,2550799,1533813,4508592,GOVERNMENT PRINTING OFFICE,DC,6042405,3266965,1907491,12402157,"credit union, under 100m",credit union
566,3968592754,534887627,285024608,103256309,60450897,477293472,284632629,1309769220,NUVISION,CA,1594401849,819912235,60450897,2578021290,"credit union, 1 to 10bn",credit union
567,16676030,1514074,431127,0,116563,1650521,0,0,AMBRAW,IL,0,1945201,116563,2061764,"credit union, under 100m",credit union
577,15782392,8842336,2695750,0,1547177,1932529,0,0,MEMBER PREFERRED,TX,0,11538086,1547177,13085263,"credit union, under 100m",credit union
594,374966145,23222803,11383458,10637729,9443391,41629639,26352975,99492174,PASADENA,CA,125845149,34606261,9443391,180532530,"credit union, 100m to 1bn",credit union
606,429668019,26817221,4645664,1645473,907278,49084543,20119095,40576222,COMTRUST,TN,60695317,31462885,907278,94710953,"credit union, 100m to 1bn",credit union
609,24472540,4919412,7602493,305057,5861770,2945944,223116,135929,NY FIREFIGHTERS BRAVEST,NY,359045,12521905,5861770,19047777,"credit union, under 100m",credit union
613,75963458,11350694,6002814,2507353,1425210,7678928,343369,6056176,EMPIRE ONE,NY,6399545,17353508,1425210,27685616,"credit union, under 100m",credit union
616,44883578,9008347,2992244,991454,2369305,5941281,2569605,12691938,NEW HORIZON,OH,15261543,12000591,2369305,30622893,"credit union, under 100m",credit union
619,2078687054,11703454,3802975,4820576,169590001,258613186,343321454,252787845,LAFAYETTE,MD,596109299,15506429,169590001,786026305,"credit union, 1 to 10bn",credit union
620,19357059,4107837,1145111,1377864,1662351,2509369,42987,7001304,POWER ONE,IN,7044291,5252948,1662351,15337454,"credit union, under 100m",credit union
624,1486828748,78051466,73179546,28195060,135268365,117188937,336283914,258606652,UNITED STATES SENATE,VA,594890566,151231012,135268365,909585003,"credit union, 1 to 10bn",credit union
640,6993906,1437376,556387,0,183314,1084488,1065174,616553,MAINE MEDIA,ME,1681727,1993763,183314,3858804,"credit union, under 100m",credit union
644,155956384,6735122,2326616,3499835,2072549,13719683,31455545,20437580,TRAILHEAD,OR,51893125,9061738,2072549,66527247,"credit union, 100m to 1bn",credit union
649,106888974,10777592,6255307,1400922,2670584,24717878,13902847,19231663,VALLEY 1ST COMMUNITY,PA,33134510,17032899,2670584,54238915,"credit union, 100m to 1bn",credit union
663,23301674,2244582,1300754,670626,1144042,4105410,2364257,170591,PRIORITY PLUS,DE,2534848,3545336,1144042,7894852,"credit union, under 100m",credit union
665,304211130,71845987,20631227,6949891,12524887,35703578,27749151,44042520,PENINSULA COMMUNITY,WA,71791671,92477214,12524887,183743663,"credit union, 100m to 1bn",credit union
687,131032217,45920293,12774974,1001406,1248899,11130178,11568742,28964949,STAGEPOINT,WY,40533691,58695267,1248899,101479263,"credit union, 100m to 1bn",credit union
690,199217935,27923617,10933599,0,4661109,23919496,6761239,31853269,CHATTANOOGA AREA SCHOOLS,TN,38614508,38857216,4661109,82132833,"credit union, 100m to 1bn",credit union
716,75704068,6762762,1984234,520661,1221167,9353659,10495524,1844489,BETHLEHEM 1ST,PA,12340013,8746996,1221167,22828837,"credit union, under 100m",credit union
761,197303638,17573881,9515793,2424580,9077418,15228541,18875893,38754821,SKY,MT,57630714,27089674,9077418,96222386,"credit union, 100m to 1bn",credit union
770,120328886,32013957,12969465,0,6214669,14514578,10264075,24590928,COMMUNITY RESOURCE,NY,34855003,44983422,6214669,86053094,"credit union, 100m to 1bn",credit union
785,99526909,9046908,8375519,0,780114,12971097,489403,7035470,UNIVERSAL,WV,7524873,17422427,780114,25727414,"credit union, under 100m",credit union
794,130604965,15133424,7425266,2026529,886614,18942004,6166717,54592835,TRI BORO,PA,60759552,22558690,886614,86231385,"credit union, 100m to 1bn",credit union
795,6099975,1586501,773080,0,624928,739250,0,0,HUNTINGTON WEST VA FIREMENS,WV,0,2359581,624928,2984509,"credit union, under 100m",credit union
798,6077134,150258,61760,0,631891,855754,0,0,TRANSIT AUTHORITY DIVISION B,NY,0,212018,631891,843909,"credit union, under 100m",credit union
808,1458642449,355448855,163334458,34562435,27174721,113766182,59947917,133842323,U.S. EAGLE,NM,193790240,518783313,27174721,774310709,"credit union, 1 to 10bn",credit union
817,46385123,4719542,1502511,709757,1834616,5077766,5588136,11941319,ROCHESTER & MONROE CO EMP,NY,17529455,6222053,1834616,26295881,"credit union, under 100m",credit union
818,33533592,5651283,4283600,142628,310947,5383984,0,955666,GOWANDA AREA,NY,955666,9934883,310947,11344124,"credit union, under 100m",credit union
832,140533097,45716310,12282584,0,5579861,13516342,2450548,37304983,UPPER CUMBERLAND,TN,39755531,57998894,5579861,103334286,"credit union, 100m to 1bn",credit union
839,51599411,5659457,1888505,1844431,773189,10998823,2662077,0,FIRSTENERGY CHOICE,PA,2662077,7547962,773189,12827659,"credit union, under 100m",credit union
841,8207225,1714536,1504133,39134,338245,1707521,167404,546386,ALLEGHENY CENTRAL,PA,713790,3218669,338245,4309838,"credit union, under 100m",credit union
845,61007991,5874216,5165731,673135,2151794,13581655,3884198,15683918,BUFFALO CONRAIL,NY,19568116,11039947,2151794,33432992,"credit union, under 100m",credit union
850,119071615,12876631,35735714,1682181,12755222,15012187,1302892,4227906,VALLEY,TX,5530798,48612345,12755222,68580546,"credit union, 100m to 1bn",credit union
851,21451048,5224227,2981000,0,1310152,1854720,5087024,0,CHELSEA EMPLOYEES,MA,5087024,8205227,1310152,14602403,"credit union, under 100m",credit union
854,178108419,22913596,8284956,3500777,9202645,12883128,32025576,32129587,ELLAFI,CT,64155163,31198552,9202645,108057137,"credit union, 100m to 1bn",credit union
856,46479934,15420827,6300045,273966,2141854,8574669,111462,1870982,MOUNTAIN STAR,TX,1982444,21720872,2141854,26119136,"credit union, under 100m",credit union
857,4351759697,338833909,48454655,141594624,55264664,354095730,358488501,2178972300,AFFINITY,NJ,2537460801,387288564,55264664,3121608653,"credit union, 1 to 10bn",credit union
858,69535815,2838515,1272698,465125,2374615,6529021,4608181,13494748,KENMORE N. Y. TEACHERS,NY,18102929,4111213,2374615,25053882,"credit union, under 100m",credit union
871,94492167,15374499,9705933,0,3524390,30099727,0,22396563,ZELLCO,LA,22396563,25080432,3524390,51001385,"credit union, under 100m",credit union
872,189239180,17360420,29197697,4426026,2378672,23699224,19669570,34640479,MIAMI FIREFIGHTERS,FL,54310049,46558117,2378672,107672864,"credit union, 100m to 1bn",credit union
884,16658431,2522696,636132,0,253841,3214608,250296,0,ATT-WYO CORRECTIONAL EMPLOYEES,NY,250296,3158828,253841,3662965,"credit union, under 100m",credit union
887,216079504,15362832,7055893,3387364,6597238,25337996,48220267,87585547,BILLINGS,MT,135805814,22418725,6597238,168209141,"credit union, 100m to 1bn",credit union
888,4426619,940272,191851,0,570253,1271029,0,0,COXSACKIE CORRECTIONAL EMP.,NY,0,1132123,570253,1702376,"credit union, under 100m",credit union
909,48786266,5069513,6927165,638141,1481345,10125453,623445,3953694,PRR SOUTH FORK,PA,4577139,11996678,1481345,18693303,"credit union, under 100m",credit union
911,152953739,16874417,5611588,0,511893,16235468,9463883,55077454,STAR USA,WV,64541337,22486005,511893,87539235,"credit union, 100m to 1bn",credit union
916,7069626,932166,339261,0,571750,818653,137780,0,ELIZABETH (N.J.) FIREMEN'S,NJ,137780,1271427,571750,1980957,"credit union, under 100m",credit union
926,147826846,29230696,9734813,7585444,12088151,16515738,4860789,38179101,RIVER CITY,TX,43039890,38965509,12088151,101678994,"credit union, 100m to 1bn",credit union
930,1031847,0,0,0,0,209488,0,0,AMNH EMPLOYEES,NY,0,0,0,0,"credit union, under 100m",credit union
932,34275630,2146810,3074225,268926,1435250,4470725,2857876,4914360,OTEEN V. A.,NC,7772236,5221035,1435250,14697447,"credit union, under 100m",credit union
943,7409488,913282,303539,0,551593,1448962,1217791,0,SOMERVILLE MASS FIREFIGHTERS,MA,1217791,1216821,551593,2986205,"credit union, under 100m",credit union
946,112017023,21789330,7372656,679315,839778,14013921,447244,2000097,MUSKOGEE,OK,2447341,29161986,839778,33128420,"credit union, 100m to 1bn",credit union
948,5020836343,239989384,932236621,115563491,134271833,453280912,254951501,523395836,NUSENDA,NM,778347337,1172226005,134271833,2200408666,"credit union, 1 to 10bn",credit union
951,30217647,4010775,1767538,636845,341904,3180103,742541,0,POSTAL FAMILY,ND,742541,5778313,341904,7499603,"credit union, under 100m",credit union
960,385113374,41796819,84527825,13077637,10714493,38890493,12919724,35047060,SAGE,OR,47966784,126324644,10714493,198083558,"credit union, 100m to 1bn",credit union
967,269799485,41875273,16637939,0,11201974,31542233,45041526,9733920,GOLD COAST,FL,54775446,58513212,11201974,124490632,"credit union, 100m to 1bn",credit union
986,7698242,1548180,1554142,718563,393429,1719291,0,68965,URE,PA,68965,3102322,393429,4283279,"credit union, under 100m",credit union
988,126489553,8130894,10539534,844789,1520848,15531385,6396576,10748404,AUBURN COMMUNITY,NY,17144980,18670428,1520848,38181045,"credit union, 100m to 1bn",credit union
1000,189399790,41576309,17255589,4064449,362150,25694850,3762775,2248971,SIERRA PACIFIC,NV,6011746,58831898,362150,69270243,"credit union, 100m to 1bn",credit union
1015,255579639,14396469,6483236,1561774,4862893,26952426,27671631,69017768,NORTH JERSEY,NJ,96689399,20879705,4862893,123993771,"credit union, 100m to 1bn",credit union
1021,176147745,33359346,5442262,5596535,998297,14575463,29194642,11096337,FIRST FINANCIAL,NJ,40290979,38801608,998297,85687419,"credit union, 100m to 1bn",credit union
1022,2586089138,346902172,78087001,48001302,18496635,345100397,170083173,1087704762,SOUTH CAROLINA,SC,1257787935,424989173,18496635,1749275045,"credit union, 1 to 10bn",credit union
1034,74922755,12651939,14387693,911600,5126735,14135121,0,0,OLIVE VIEW EMPLOYEES,CA,0,27039632,5126735,33077967,"credit union, under 100m",credit union
1040,1354387061,199101392,69183948,13969368,40457715,113860260,74048241,277337984,CAPITAL EDUCATORS,ID,351386225,268285340,40457715,674098648,"credit union, 1 to 10bn",credit union
1049,107219681,6800512,1050537,2199571,3341230,12839253,9897406,16363115,MEMBERSFIRST CT,CT,26260521,7851049,3341230,39652371,"credit union, 100m to 1bn",credit union
1059,6617674,43775,140930,0,909796,789663,0,124860,GRAND CENTRAL TERMINAL EMPLOYEES,NY,124860,184705,909796,1219361,"credit union, under 100m",credit union
1068,25910873,10296534,4003641,0,1239986,2732203,0,1941701,COMPASS FINANCIAL,FL,1941701,14300175,1239986,17481862,"credit union, under 100m",credit union
1074,1329890378,29969353,8912060,44164044,57327011,131090345,152163594,281374743,FARMERS INSURANCE,CA,433538337,38881413,57327011,573910805,"credit union, 1 to 10bn",credit union
1077,72391099,1828605,447423,1199897,896577,6867336,8618853,2537607,TOBACCO VALLEY TEACHERS,CT,11156460,2276028,896577,15528962,"credit union, under 100m",credit union
1080,24600155,3058064,1191140,0,2386909,1835657,213344,2023772,DISTRICT #6,NY,2237116,4249204,2386909,8873229,"credit union, under 100m",credit union
1086,25714822,3317935,4488591,645558,1034127,3115078,0,3151358,SUWANNEE RIVER,FL,3151358,7806526,1034127,12637569,"credit union, under 100m",credit union
1108,93235242,7545975,1969167,1319343,4824566,9868093,24217384,4195274,CENTRAL JERSEY,NJ,28412658,9515142,4824566,44071709,"credit union, under 100m",credit union
1111,20253011,588976,515707,0,453599,5285775,74777,2917038,LOCOMOTIVE & CONTROL EMPLOYEES,PA,2991815,1104683,453599,4550097,"credit union, under 100m",credit union
1113,10458308,1380334,792729,0,159468,1870033,127000,645508,CORRECTIONAL WORKERS,OK,772508,2173063,159468,3105039,"credit union, under 100m",credit union
1115,136247860,24909569,20048539,4138130,2768885,15850510,18451420,7018118,COASTLINE,FL,25469538,44958108,2768885,77334661,"credit union, 100m to 1bn",credit union
1117,480324668,99759410,59445751,9185027,7709671,51422002,5944227,73847135,WIDGET,PA,79791362,159205161,7709671,255891221,"credit union, 100m to 1bn",credit union
1125,54623912,41258,35930,356690,369577,6669967,207088,10422030,VAN CORTLANDT COOPERATIVE,NY,10629118,77188,369577,11432573,"credit union, under 100m",credit union
1127,93453571,18505965,29046935,1772365,1904623,12167982,5469457,1749086,SALEM VA MEDICAL CENTER,VA,7218543,47552900,1904623,58448431,"credit union, under 100m",credit union
1129,22427691,8208948,6943433,151402,820179,2166057,0,0,MOPAC EMPLOYEES,TX,0,15152381,820179,16123962,"credit union, under 100m",credit union
1130,2971010,1442510,768476,0,79754,793121,0,0,LONGVIEW,TX,0,2210986,79754,2290740,"credit union, under 100m",credit union
1131,21787452,2484032,581598,0,885789,1735513,513713,1461703,ESSEX COUNTY TEACHERS,NJ,1975416,3065630,885789,5926835,"credit union, under 100m",credit union
1133,131588532,24468965,14655247,2366687,3399343,13478089,7685720,25574379,TRADEMARK,ME,33260099,39124212,3399343,78150341,"credit union, 100m to 1bn",credit union
1134,3316481,71496,92105,0,9176,769577,37961,171890,CO-OPERATIVE,NY,209851,163601,9176,382628,"credit union, under 100m",credit union
1148,676465900,202240389,79338365,0,26154499,74115167,53930861,130342499,COREPLUS,CT,184273360,281578754,26154499,492006613,"credit union, 100m to 1bn",credit union
1157,17493793,3749691,3601002,0,2372736,4011818,0,0,BUFFALO POLICE,NY,0,7350693,2372736,9723429,"credit union, under 100m",credit union
1166,17228751,2456422,1000495,299158,206000,1573200,3460455,458920,1166,NJ,3919375,3456917,206000,7881450,"credit union, under 100m",credit union
1167,64249652,3076349,3454808,1729214,294094,5998566,13546676,8593152,FORT BILLINGS,NJ,22139828,6531157,294094,30694293,"credit union, under 100m",credit union
1172,99380085,7608604,7763630,1868656,1659141,17628266,2958687,5640673,CORNER POST,PA,8599360,15372234,1659141,27499391,"credit union, under 100m",credit union
1199,732334624,109285046,54502673,13240665,9663633,76296463,77230425,245896792,BMI,OH,323127217,163787719,9663633,509819234,"credit union, 100m to 1bn",credit union
1204,108804152,12861786,8405460,1957594,3442318,9401089,5023784,27928192,RANCHO,CA,32951976,21267246,3442318,59619134,"credit union, 100m to 1bn",credit union
1207,1290807181,160359467,30268443,41419297,26708950,147185630,181781820,268499628,LOS ANGELES,CA,450281448,190627910,26708950,709037605,"credit union, 1 to 10bn",credit union
1236,14172927,2539879,1600946,0,921953,3658996,1638093,1632696,CAMBRIDGE FIREFIGHTERS,MA,3270789,4140825,921953,8333567,"credit union, under 100m",credit union
1239,55932969,8099494,2251931,179966,5095623,5066150,1029371,4971121,PITTSBURGH CITY HALL EMPLOYEES,PA,6000492,10351425,5095623,21627506,"credit union, under 100m",credit union
1245,69982473,12475449,3887844,0,1675765,11920518,2148552,30874829,COTTON BELT,AR,33023381,16363293,1675765,51062439,"credit union, under 100m",credit union
1248,13148335,1185901,2153138,0,816497,3099050,0,0,FORT SMITH TEACHERS,AR,0,3339039,816497,4155536,"credit union, under 100m",credit union
1251,60211830,6217364,2906669,958270,977782,8361454,6479816,5656597,NEW CENTURY,IL,12136413,9124033,977782,23196498,"credit union, under 100m",credit union
1257,82129670,12802725,10769965,0,6218725,18078751,951039,17430127,BATON ROUGE FIRE DEPARTMENT,LA,18381166,23572690,6218725,48172581,"credit union, under 100m",credit union
1261,5624517154,1634726178,374461213,198452287,74047145,520103028,377707981,1736971683,LANGLEY,VA,2114679664,2009187391,74047145,4396366487,"credit union, 1 to 10bn",credit union
1263,33761496,3956850,1769513,178509,423000,4181633,974120,9173398,EVANSVILLE FIREFIGHTERS,IN,10147518,5726363,423000,16475390,"credit union, under 100m",credit union
1273,5709173965,379544179,286324352,0,243160556,743891748,39371,0,STATE FARM,IL,39371,665868531,243160556,909068458,"credit union, 1 to 10bn",credit union
1282,10635974,2698056,573032,0,1124700,3945855,0,0,RICHMOND HERITAGE,VA,0,3271088,1124700,4395788,"credit union, under 100m",credit union
1339,30103278,2904913,3541807,463162,493519,3641759,3786897,2359581,BAKERSFIELD CITY EMPLOYEES,CA,6146478,6446720,493519,13549879,"credit union, under 100m",credit union
1343,3602951,0,0,0,2089725,1091096,0,0,EMPIRT 207,NY,0,0,2089725,2089725,"credit union, under 100m",credit union
1344,20331626,5600899,2279750,114818,90810,2693698,962234,0,NORTHERN VALLEY,ND,962234,7880649,90810,9048511,"credit union, under 100m",credit union
1351,52171028,4803927,1971590,653637,569535,7411219,11718915,3969333,MERCER COUNTY NJ TEACHERS,NJ,15688248,6775517,569535,23686937,"credit union, under 100m",credit union
1352,289498512,48279355,37039700,3132999,3081481,33229613,11674601,45090161,CENTURY HERITAGE,PA,56764762,85319055,3081481,148298297,"credit union, 100m to 1bn",credit union
1364,222375237,27402290,6286432,0,1419003,30222117,8161892,45283389,U S #1364,IN,53445281,33688722,1419003,88553006,"credit union, 100m to 1bn",credit union
1367,4269250552,991538915,208391514,189641772,191794907,407026399,155010456,1037699541,UNIVERSITY,TX,1192709997,1199930429,191794907,2774077105,"credit union, 1 to 10bn",credit union
1397,23373099,2578990,1094952,0,2287173,4059613,3773,3272031,EDISTO,SC,3275804,3673942,2287173,9236919,"credit union, under 100m",credit union
1399,57348067,1998670,1024416,1185214,153697,11612950,3469028,2550400,PITNEY BOWES EMPLOYEES,CT,6019428,3023086,153697,10381425,"credit union, under 100m",credit union
1401,77309532,27148222,6860262,0,1975243,16569887,0,0,HEREFORD TEXAS,TX,0,34008484,1975243,35983727,"credit union, under 100m",credit union
1404,334420011,16702289,6762205,3154109,9588351,20475310,43367672,86477139,NASSAU FINANCIAL,NY,129844811,23464494,9588351,166051765,"credit union, 100m to 1bn",credit union
1407,188214580,8817145,5469937,5601018,19908538,12411594,11479109,54265871,DEMOCRACY,VA,65744980,14287082,19908538,105541618,"credit union, 100m to 1bn",credit union
1409,1094412876,307855671,173266897,12539225,28917790,111722721,31329117,194755416,RAIZ,TX,226084533,481122568,28917790,748664116,"credit union, 1 to 10bn",credit union
1410,484539749,158077932,52766093,8153099,18948990,69317565,19032544,45948267,MIDSOUTH COMMUNITY,GA,64980811,210844025,18948990,302926925,"credit union, 100m to 1bn",credit union
1427,1003287811,281419436,31029960,0,6774993,144871216,38595125,148522017,MIDWEST AMERICA,IN,187117142,312449396,6774993,506341531,"credit union, 1 to 10bn",credit union
1438,270625133,11421122,9830006,1881478,4107491,37475946,11175226,81924687,LONG BEACH CITY EMPLOYEES,CA,93099913,21251128,4107491,120340010,"credit union, 100m to 1bn",credit union
1454,1685354274,9205391,4862393,6148244,522371,260394347,22729343,180515412,MERCK EMPLOYEES,NJ,203244755,14067784,522371,223983154,"credit union, 1 to 10bn",credit union
1457,8924318,992120,488457,90615,136699,1037876,0,396510,FINANS,IN,396510,1480577,136699,2104401,"credit union, under 100m",credit union
1461,29973052,4396110,991464,0,507546,3357143,2594276,5116994,LEOMINSTER EMPLOYEES,MA,7711270,5387574,507546,13606390,"credit union, under 100m",credit union
1463,5613970,328636,2409916,0,377174,1365997,0,0,APPALACHIAN POWER EMPLOYEES,WV,0,2738552,377174,3115726,"credit union, under 100m",credit union
1472,1496726867,171058548,38879230,88097322,28756897,201763115,144549292,320092928,PALMETTO CITIZENS,SC,464642220,209937778,28756897,791434217,"credit union, 1 to 10bn",credit union
1476,808005238,164549323,82264663,18037631,16493048,85487437,28111852,136290471,ERIE,PA,164402323,246813986,16493048,445746988,"credit union, 100m to 1bn",credit union
1493,3153776409,68168228,41402281,31257657,21232171,381138834,389484441,673228546,F & A,CA,1062712987,109570509,21232171,1224773324,"credit union, 1 to 10bn",credit union
1499,43839827,2723531,2891465,468350,318973,5563230,0,853625,PUEBLO GOVERNMENT AGENCIES,CO,853625,5614996,318973,7255944,"credit union, under 100m",credit union
1509,426860223,56623396,10121050,5383681,2453049,59234584,20503620,135975995,ALCOA TENN,TN,156479615,66744446,2453049,231060791,"credit union, 100m to 1bn",credit union
1520,3258111792,467662276,465510046,0,76998643,480534573,177953349,783006903,TENNESSEE VALLEY,TN,960960252,933172322,76998643,1971131217,"credit union, 1 to 10bn",credit union
1542,85030736,20926819,9880558,2229347,1752928,13042905,2005136,4146012,GNC COMMUNITY,PA,6151148,30807377,1752928,40940800,"credit union, under 100m",credit union
1558,156198068,68837322,19914518,673253,14093781,18964493,0,0,KERR COUNTY,TX,0,88751840,14093781,103518874,"credit union, 100m to 1bn",credit union
1584,273720911,18276107,7096709,803064,9986743,23311740,3598610,65078473,MEMBERS TRUST OF THE SOUTHWEST,TX,68677083,25372816,9986743,104839706,"credit union, 100m to 1bn",credit union
1599,4415156,186176,78431,0,111463,550465,0,0,MCDONALD COMMUNITY,OH,0,264607,111463,376070,"credit union, under 100m",credit union
1601,3064849,471776,119463,0,178134,703564,0,0,U S PIPE BESSEMER EMPLOYEES,AL,0,591239,178134,769373,"credit union, under 100m",credit union
1607,194533583,3392518,4261525,2191508,9656319,18084478,10117371,11985136,BIG ISLAND,HI,22102507,7654043,9656319,41604377,"credit union, 100m to 1bn",credit union
1621,37183262,12517685,1862844,384335,108698,12373306,0,9353849,HOMETOWN,IN,9353849,14380529,108698,24227411,"credit union, under 100m",credit union
1644,2772945164,350342925,63086106,44608161,164856551,300995956,214654594,776657693,CORNING,NY,991312287,413429031,164856551,1614206030,"credit union, 1 to 10bn",credit union
1646,11844420,880719,1145808,493667,341666,1805243,250861,518868,CLAIRTON WORKS,PA,769729,2026527,341666,3631589,"credit union, under 100m",credit union
1658,69882382,14217803,6109333,0,3925741,6005049,1632309,9972418,WHEATLAND,PA,11604727,20327136,3925741,35857604,"credit union, under 100m",credit union
1665,378596,25173,41159,0,153837,92974,0,0,NEW ORLEANS PUBLIC BELT RAILROAD,LA,0,66332,153837,220169,"credit union, under 100m",credit union
1669,9449728,1469387,612603,0,14468,2211866,4029095,57207,SARCO,PA,4086302,2081990,14468,6182760,"credit union, under 100m",credit union
1682,4837854464,199564760,21562895,53504294,6802990,528438993,278116571,1876981844,LIBERTY,IN,2155098415,221127655,6802990,2436533354,"credit union, 1 to 10bn",credit union
1717,1125682887,6992686,9873886,8743410,5167025,131940903,9586519,546964285,HAWAIIAN FINANCIAL,HI,556550804,16866572,5167025,587327811,"credit union, 1 to 10bn",credit union
1718,2856617535,21296374,16410853,39995617,172249892,284986576,384646750,534003417,HAWAII STATE,HI,918650167,37707227,172249892,1168602903,"credit union, 1 to 10bn",credit union
1719,808321570,34800241,17946585,12886483,27825478,78039536,40256720,237103007,HAWAII COMMUNITY,HI,277359727,52746826,27825478,370818514,"credit union, 100m to 1bn",credit union
1725,52547765,9845305,7910528,822306,1604605,7242231,0,2507701,SEVENFOLD,LA,2507701,17755833,1604605,22690445,"credit union, under 100m",credit union
1726,457723976,126877126,140549887,28458942,10995747,56993767,16117599,61580418,BATON ROUGE TELCO,LA,77698017,267427013,10995747,384579719,"credit union, 100m to 1bn",credit union
1729,45849834,4855179,630524,506102,259975,4310377,6157609,4580100,ENFIELD COMMUNITY,CT,10737709,5485703,259975,16989489,"credit union, under 100m",credit union
1733,701855453,18198951,11738077,12393568,22284539,66605650,175675647,106047917,LOKAHI,HI,281723564,29937028,22284539,346338699,"credit union, 100m to 1bn",credit union
1739,30171326,3650698,2200108,503186,232111,4305951,1132139,0,MILE HIGH,MT,1132139,5850806,232111,7718242,"credit union, under 100m",credit union
1750,63527721,21537094,5419778,0,1424083,7367209,0,1317,COSDEN,TX,1317,26956872,1424083,28382272,"credit union, under 100m",credit union
1759,392078104,16237661,10948583,0,74521454,41255882,53646561,67453863,INSPIRE,PA,121100424,27186244,74521454,222808122,"credit union, 100m to 1bn",credit union
1784,148020290,5164105,13197860,1004400,9043436,22453330,7809087,8661020,HAWAII COUNTY EMPLOYEES,HI,16470107,18361965,9043436,44879908,"credit union, 100m to 1bn",credit union
1785,78857155,718537,907648,477107,351295,10441899,9111767,11100035,HAWAII SCHOOLS,HI,20211802,1626185,351295,22666389,"credit union, under 100m",credit union
1788,59557559,5519006,12186363,1051668,1228547,5218959,4493485,130973,NORDSTROM,WA,4624458,17705369,1228547,24610042,"credit union, under 100m",credit union
1792,323215376,92813305,10269081,3296202,5208037,34904717,0,94360746,EVOLVE,TX,94360746,103082386,5208037,205947371,"credit union, 100m to 1bn",credit union
1810,33505475,2634173,3087843,0,2327292,3585450,812008,4360202,ROME,NY,5172210,5722016,2327292,13221518,"credit union, under 100m",credit union
1815,2668377682,29958707,32571607,44609871,78222549,283564212,273082346,837521459,HAWAIIUSA,HI,1110603805,62530314,78222549,1295966539,"credit union, 1 to 10bn",credit union
1817,38474614,33410,581853,0,569785,6464447,2252223,1221142,MAUI TEACHERS,HI,3473365,615263,569785,4658413,"credit union, under 100m",credit union
1821,49007874,2566128,1386828,246121,1449885,4521396,812883,9956684,DISTRICT OF COLUMBIA TEACHERS,DC,10769567,3952956,1449885,16418529,"credit union, under 100m",credit union
1827,23738764,4807318,4129584,195710,740675,4569500,0,476078,MINT VALLEY,WA,476078,8936902,740675,10349365,"credit union, under 100m",credit union
1829,1098572753,48144614,34365306,24148031,75768489,102409769,48407705,245779766,HFS,HI,294187471,82509920,75768489,476613911,"credit union, 1 to 10bn",credit union
1830,423314070,59024350,42217545,4956014,26329520,54017039,63597011,103359594,HONOLULU,HI,166956605,101241895,26329520,299484034,"credit union, 100m to 1bn",credit union
1845,1531841422,23688541,32718229,8425019,33199429,150314814,181087084,309742875,ALOHA PACIFIC,HI,490829959,56406770,33199429,588861177,"credit union, 1 to 10bn",credit union
1851,3184038,830234,565816,0,211617,618324,0,0,UTILITY EMPLOYEES,WA,0,1396050,211617,1607667,"credit union, under 100m",credit union
1866,487530014,15158417,18259785,1337676,16759483,68170530,45863112,129926014,MAUI COUNTY,HI,175789126,33418202,16759483,227304487,"credit union, 100m to 1bn",credit union
1869,37146541,2086554,2695739,575042,1688019,6825942,5747810,2742292,HAWAIIAN ELECTRIC EMPLOYEES,HI,8490102,4782293,1688019,15535456,"credit union, under 100m",credit union
1870,230307444,4291681,10996849,5273036,4687840,30337522,16160607,70282313,HAWAII LAW ENFORCEMENT,HI,86442920,15288530,4687840,111692326,"credit union, 100m to 1bn",credit union
1879,30079528,9743927,6352653,189601,4058401,4405204,0,0,TEXAS COMMUNITY,TX,0,16096580,4058401,20344582,"credit union, under 100m",credit union
1880,84452848,7424554,13422190,4076830,5892343,9821978,12750539,7928457,HONOLULU FIRE DEPARTMENT,HI,20678996,20846744,5892343,51494913,"credit union, under 100m",credit union
1882,69539071,10193947,1740344,438772,2181288,10730873,7016467,10746530,TITAN,PA,17762997,11934291,2181288,32317348,"credit union, under 100m",credit union
1888,181576024,11791790,3427862,1547721,376537,28315379,5136301,123255210,ASPIRE COMMUNITY,ND,128391511,15219652,376537,145535421,"credit union, 100m to 1bn",credit union
1904,46097162,6289643,2035152,3024259,2040868,6656811,3444916,4390296,UNIVERSITY,ND,7835212,8324795,2040868,21225134,"credit union, under 100m",credit union
1909,308479986,4647120,2020134,1740868,527379,42637546,9342194,38651613,SANTA BARBARA TEACHERS,CA,47993807,6667254,527379,56929308,"credit union, 100m to 1bn",credit union
1911,193427095,5755113,3889568,405419,157995,63386643,3640292,40594720,MON VALLEY COMMUNITY,PA,44235012,9644681,157995,54443107,"credit union, 100m to 1bn",credit union
1941,2051738776,600240308,190220834,101872326,151166210,274761292,87207564,398852059,SHELL,TX,486059623,790461142,151166210,1529559301,"credit union, 1 to 10bn",credit union
1961,545096615,21180678,12165207,4481850,17313479,55525568,66050191,132105471,PEARL HAWAII,HI,198155662,33345885,17313479,253296876,"credit union, 100m to 1bn",credit union
1969,74344251,9381412,3111564,853515,566204,9113164,0,17666121,EDUCATION PERSONNEL,IL,17666121,12492976,566204,31578816,"credit union, under 100m",credit union
1982,447504810,117573410,56958074,5210414,10908586,55086126,8350976,84159489,CENTRIC,LA,92510465,174531484,10908586,283160949,"credit union, 100m to 1bn",credit union
1987,13054938,650279,981602,567656,743488,3116490,0,0,EWA,HI,0,1631881,743488,2943025,"credit union, under 100m",credit union
1999,9687804914,828218371,391669236,328427849,139306490,1517883358,1189754925,3850703036,LOGIX,CA,5040457961,1219887607,139306490,6728079907,"credit union, 1 to 10bn",credit union
2003,4152665,1365989,1615096,0,511270,1115306,0,0,MCKEESPORT AREA PUBLIC SCHOOL EMP,PA,0,2981085,511270,3492355,"credit union, under 100m",credit union
2008,59855273,5776293,5059373,802908,1542491,9019825,2880444,793395,REMINGTON,NY,3673839,10835666,1542491,16854904,"credit union, under 100m",credit union
2021,17360511,715324,182550,738859,1453501,2144345,606626,2419784,TEANECK,NJ,3026410,897874,1453501,6116644,"credit union, under 100m",credit union
2046,10686651,3684932,1339230,401588,605683,926953,0,1037359,PAMPA TEACHERS,TX,1037359,5024162,605683,7068792,"credit union, under 100m",credit union
2049,47439140,234716,1068715,0,1358027,8423779,7792034,8074037,WAIALUA,HI,15866071,1303431,1358027,18527529,"credit union, under 100m",credit union
2051,74115158,25360072,5418486,1202067,2068358,10145420,8999306,10487012,LA PORTE COMMUNITY,IN,19486318,30778558,2068358,53535301,"credit union, under 100m",credit union
2056,8522737,1919878,433394,0,381103,658031,0,0,SEWERAGE & WATER BOARD EMPLOYEES,LA,0,2353272,381103,2734375,"credit union, under 100m",credit union
2065,8773349,1641393,1696655,0,1059811,689348,0,0,LOWELL MUNICIPAL EMPLOYEES,MA,0,3338048,1059811,4397859,"credit union, under 100m",credit union
2068,29190898,4874540,3470466,180609,2003309,2557597,0,1869411,SOUTHERN TEACHERS & PARENTS,LA,1869411,8345006,2003309,12398335,"credit union, under 100m",credit union
2099,6868260559,1040472040,526545802,204002955,104417967,639417841,728766793,2915467210,CITADEL,PA,3644234003,1567017842,104417967,5519672767,"credit union, 1 to 10bn",credit union
2112,115564692,21223942,8610983,2798506,8736997,14350198,3391834,8849226,WICHITA FALLS TEACHERS,TX,12241060,29834925,8736997,53611488,"credit union, 100m to 1bn",credit union
2115,123999790,35914167,15665215,0,4755266,12762846,0,15147469,ONE SOURCE,TX,15147469,51579382,4755266,71482117,"credit union, 100m to 1bn",credit union
2127,5755748,0,48130,0,886923,710482,0,0,WEST HUDSON TEACHERS,NJ,0,48130,886923,935053,"credit union, under 100m",credit union
2131,735742998,84544035,58675749,0,29680093,94245870,37321181,226303424,PRIMEWAY,TX,263624605,143219784,29680093,436524482,"credit union, 100m to 1bn",credit union
2141,138589751,12983964,4715558,2175562,6933465,19783498,4499493,9380421,CAMPBELL,NJ,13879914,17699522,6933465,40688463,"credit union, 100m to 1bn",credit union
2155,75603020,370055,672810,720917,1731263,15527779,2442723,18876272,HOBOKEN SCHOOL EMPLOYEES,NJ,21318995,1042865,1731263,24814040,"credit union, under 100m",credit union
2157,1015840576,136820746,16375681,24156331,24143195,111100759,76943530,171701029,TUCSON,AZ,248644559,153196427,24143195,450140512,"credit union, 1 to 10bn",credit union
2158,4912428,813847,354330,239018,109980,1179841,0,0,NATURAL RESOURCES CONSERVATION SERV,TX,0,1168177,109980,1517175,"credit union, under 100m",credit union
2168,29761563,754584,730687,33430,151861,3549744,2460411,10989842,MANVILLE AREA,NJ,13450253,1485271,151861,15120815,"credit union, under 100m",credit union
2182,247579691,7568844,1234445,0,23602907,21866228,57362473,77475693,GREATER ALLIANCE,NJ,134838166,8803289,23602907,167244362,"credit union, 100m to 1bn",credit union
2187,432342960,60098033,81389173,12695738,19298309,39853211,54556768,21198084,DEXSTA,DE,75754852,141487206,19298309,249236105,"credit union, 100m to 1bn",credit union
2191,1824974009,293082552,101650454,50510268,38919846,249147914,135568284,403018456,FIBRE,WA,538586740,394733006,38919846,1022749860,"credit union, 1 to 10bn",credit union
2208,6268787,1594681,1409082,0,1226451,1731625,0,24569,UTICA POLICE DEPARTMENT,NY,24569,3003763,1226451,4254783,"credit union, under 100m",credit union
2209,143930139,16652080,20702520,5331159,13778312,17829492,16512357,41332338,BUFFALO METROPOLITAN,NY,57844695,37354600,13778312,114308766,"credit union, 100m to 1bn",credit union
2226,525231890,145334535,48409898,5009691,20190799,57631593,69349858,40977454,SUNWEST,AZ,110327312,193744433,20190799,329272235,"credit union, 100m to 1bn",credit union
2227,146531481,14678565,2781496,980135,252786,15740330,9300115,62374272,EMPORIA STATE,KS,71674387,17460061,252786,90367369,"credit union, 100m to 1bn",credit union
2246,5437234,1004775,339662,0,480341,532989,10549,0,PARLIN DUPONT EMPLOYEES,NJ,10549,1344437,480341,1835327,"credit union, under 100m",credit union
2252,135850192,6219263,8634051,1724281,4741043,22734665,24068472,55689404,UTICA GAS & ELECTRIC EMP,NY,79757876,14853314,4741043,101076514,"credit union, 100m to 1bn",credit union
2260,20583106,5596969,2383512,953580,175296,1915175,5218583,1848101,UNION PACIFIC STREAMLINER,NE,7066684,7980481,175296,16176041,"credit union, under 100m",credit union
2263,38721731,3196953,814924,2025251,1296693,3589059,1984717,11502182,FIRST NRV,VA,13486899,4011877,1296693,20820720,"credit union, under 100m",credit union
2275,7711263,1178942,2170251,0,2233785,1081737,0,0,KAHUKU,HI,0,3349193,2233785,5582978,"credit union, under 100m",credit union
2280,23394331,2036529,3053704,396217,2637035,3398516,949890,341957,HAMAKUA,HI,1291847,5090233,2637035,9415332,"credit union, under 100m",credit union
2285,2393786243,561920181,326815509,130247189,29030683,190910805,41308074,653066190,ADVANCIAL,TX,694374264,888735690,29030683,1742387826,"credit union, 1 to 10bn",credit union
2299,37867406,5024730,2250216,2188027,2174992,2890521,0,11561261,GSA,DC,11561261,7274946,2174992,23199226,"credit union, under 100m",credit union
2301,106704623,29373220,8425778,422241,616105,12191453,2742961,14176082,WINTHROP AREA,ME,16919043,37798998,616105,55756387,"credit union, 100m to 1bn",credit union
2322,220495479,32217158,35600390,0,8435696,31468293,1428614,49195607,TEXASGULF,TX,50624221,67817548,8435696,126877465,"credit union, 100m to 1bn",credit union
2346,56134499,3661755,1194171,473735,5481280,6160625,2154578,2762881,EDUCATIONAL AND GOVERNMENTAL,NY,4917459,4855926,5481280,15728400,"credit union, under 100m",credit union
2348,3893253,365224,40901,0,363365,703891,0,136861,GAF LINDEN EMPLOYEES,NJ,136861,406125,363365,906351,"credit union, under 100m",credit union
2357,1015855919,95428757,110352335,41631750,90416608,166756531,27036090,79932635,HOUSTON POLICE,TX,106968725,205781092,90416608,444798175,"credit union, 1 to 10bn",credit union
2370,9311486,865177,75117,151642,574394,1579302,0,0,"METROPOLITAN ""L""",IL,0,940294,574394,1666330,"credit union, under 100m",credit union
2374,23995209,294427,320199,422165,131977,2004806,1089005,0,HONEYWELL PHILADELPHIA DIV,PA,1089005,614626,131977,2257773,"credit union, under 100m",credit union
2384,131296915,23582770,5000756,6858536,1045728,14080410,8429020,16286089,UNIVERSITY OF NEBRASKA,NE,24715109,28583526,1045728,61202899,"credit union, 100m to 1bn",credit union
2394,23877049,1803123,436328,597165,1097503,2174212,2253867,5943714,NEW BRUNSWICK POSTAL,NJ,8197581,2239451,1097503,12131700,"credit union, under 100m",credit union
2403,103976422,6298251,12319476,2733893,22919901,15752133,18490198,7155942,HAWAII,HI,25646140,18617727,22919901,69917661,"credit union, 100m to 1bn",credit union
2405,78976374,7061991,11368389,1974925,4290565,10853386,10572076,1824514,G.A.P.,PA,12396590,18430380,4290565,37092460,"credit union, under 100m",credit union
2414,3722613,902952,480983,185140,283614,1627528,0,0,ROBERTS DAIRY EMPLOYEES,NE,0,1383935,283614,1852689,"credit union, under 100m",credit union
2440,574034023,57696946,23410320,12158376,28132065,50939081,128166590,102842792,FIRST NEW YORK,NY,231009382,81107266,28132065,352407089,"credit union, 100m to 1bn",credit union
2441,1485980162,273260747,147529124,50302453,97962357,136732925,27954525,575823259,AMOCO,TX,603777784,420789871,97962357,1172832465,"credit union, 1 to 10bn",credit union
2442,28543408,2842969,7172463,0,719450,3818775,0,0,GULF SHORE,TX,0,10015432,719450,10734882,"credit union, under 100m",credit union
2446,22485858,1753490,4260659,0,1791952,3164237,34245,1233207,INTERNAL REVENUE,LA,1267452,6014149,1791952,9073553,"credit union, under 100m",credit union
2454,45162773,9413475,2662662,865801,72364,4825633,1940982,1163880,FIRST OHIO COMMUNITY,OH,3104862,12076137,72364,16119164,"credit union, under 100m",credit union
2460,11144973,1781054,539336,227300,988259,675571,0,0,PRESCOTT,AZ,0,2320390,988259,3535949,"credit union, under 100m",credit union
2467,4970294,470647,201584,65862,389564,756858,0,0,NORTHSIDE L,IL,0,672231,389564,1127657,"credit union, under 100m",credit union
2493,24891363,3597781,770804,0,4281424,4174376,4751716,0,JERSEY CENTRAL,NJ,4751716,4368585,4281424,13401725,"credit union, under 100m",credit union
2495,4368996,0,0,0,787788,2483906,0,0,CHICAGO AVENUE GARAGE,IL,0,0,787788,787788,"credit union, under 100m",credit union
2498,8562192,1273847,715794,0,698371,1429427,0,0,CTA-74TH STREET DEPOT,IL,0,1989641,698371,2688012,"credit union, under 100m",credit union
2505,17719991,1561162,1005433,0,2356692,4580871,0,0,77TH STREET DEPOT,IL,0,2566595,2356692,4923287,"credit union, under 100m",credit union
2507,34751229,2254788,4456456,281069,256962,8764360,0,0,OMAHA PUBLIC POWER DIST EMP,NE,0,6711244,256962,7249275,"credit union, under 100m",credit union
2508,96919412,5186290,2046069,1294479,649737,14797746,3769291,8447140,CROSSROADS COMMUNITY,NY,12216431,7232359,649737,21393006,"credit union, under 100m",credit union
2535,462201743,96813077,22504134,40026477,21567964,47430882,55637890,11625648,CANTON SCHOOL EMPLOYEES,OH,67263538,119317211,21567964,248175190,"credit union, 100m to 1bn",credit union
2540,2689803841,422516372,484700970,174118680,179296117,249005559,310940011,464241855,ABERDEEN PROVING GROUND,MD,775181866,907217342,179296117,2035814005,"credit union, 1 to 10bn",credit union
2551,10229312227,781824890,416420427,306707753,261166860,1898706830,1398936810,2533063147,POLICE & FIRE,PA,3931999957,1198245317,261166860,5698119887,"credit union, over 10bn",credit union
2562,146175340,6772186,5807253,1171848,5899738,20665616,2403984,12792035,MAUI,HI,15196019,12579439,5899738,34847044,"credit union, 100m to 1bn",credit union
2574,134158502,13334113,4603259,1638991,8467803,12832592,16272654,3386336,MEMBERS 1ST OF NJ,NJ,19658990,17937372,8467803,47703156,"credit union, 100m to 1bn",credit union
2577,63283313,4807270,5794943,0,11053246,5352031,5894471,6776814,KAUAI OHANA,HI,12671285,10602213,11053246,34326744,"credit union, under 100m",credit union
2583,3610909,1132713,313787,0,697384,541412,0,8333,SAINT NICHOLAS,PA,8333,1446500,697384,2152217,"credit union, under 100m",credit union
2585,256652384,73500113,5565526,2665306,4377899,27531410,2328255,34894594,RED CROWN,OK,37222849,79065639,4377899,123331693,"credit union, 100m to 1bn",credit union
2612,4893000,1952003,903153,0,446114,649517,0,0,MULTI-SCHOOLS,PA,0,2855156,446114,3301270,"credit union, under 100m",credit union
2617,6913064,46345,103615,0,614696,2226367,0,0,LINDEN NJ POLICE & FIREMEN,NJ,0,149960,614696,764656,"credit union, under 100m",credit union
2625,138884125,37055014,22141683,4632296,2495033,14672218,8020133,7911925,PENNSYLVANIA CENTRAL,PA,15932058,59196697,2495033,82256084,"credit union, 100m to 1bn",credit union
2641,9379047,0,0,0,421797,617075,0,0,BAYONNE SCHOOL EMPLOYEES,NJ,0,0,421797,421797,"credit union, under 100m",credit union
2643,74124856,8604517,2654986,0,849764,8843683,9057201,6442030,LINCOLN PUBLIC SCHOOL EMPLOYEES,NE,15499231,11259503,849764,27608498,"credit union, under 100m",credit union
2644,288181370,43204173,12655986,5465054,4332533,25328714,13210889,47265657,MAINE FAMILY,ME,60476546,55860159,4332533,126134292,"credit union, 100m to 1bn",credit union
2645,370181506,53708283,21464751,11527809,4518821,59819543,19920064,75967276,OXFORD,ME,95887340,75173034,4518821,187107004,"credit union, 100m to 1bn",credit union
2657,56015134,1207589,1019678,0,421689,5038935,1571065,2530228,WYOMING VALLEY EDUCATIONAL EMPL,PA,4101293,2227267,421689,6750249,"credit union, under 100m",credit union
2658,1120718998,179922419,127616390,33098531,78981145,113856307,111768304,317513931,FIRST SOURCE,NY,429282235,307538809,78981145,848900720,"credit union, 1 to 10bn",credit union
2682,11079366,1113578,1584256,641639,859681,2484406,0,0,SOUTH SHOP,IL,0,2697834,859681,4199154,"credit union, under 100m",credit union
2705,46498473,808542,2622984,0,8413715,8743619,495887,5946017,HELCO,HI,6441904,3431526,8413715,18287145,"credit union, under 100m",credit union
2711,14983686,1500160,916462,192295,337563,2998343,676156,1839281,PROFINANCE,IN,2515437,2416622,337563,5461917,"credit union, under 100m",credit union
2713,102712686,891697,1190118,0,3628380,27647585,157469,1507554,MCBRYDE,HI,1665023,2081815,3628380,7375218,"credit union, 100m to 1bn",credit union
2730,340003063,8984266,10265729,8070919,6813109,27616760,29496102,72506183,INROADS,OR,102002285,19249995,6813109,136136308,"credit union, 100m to 1bn",credit union
2740,258095427,17359505,25757228,7598846,6710619,32367281,31558234,49391259,USX,PA,80949493,43116733,6710619,138375691,"credit union, 100m to 1bn",credit union
2742,280432720,21769754,22643080,4448156,954680,29637839,14906841,39842111,PENN EAST,PA,54748952,44412834,954680,104564622,"credit union, 100m to 1bn",credit union
2744,213472313,65426097,28364262,8766046,3286821,34807341,4397116,28722788,U. S. EMPLOYEES O. C.,OK,33119904,93790359,3286821,138963130,"credit union, 100m to 1bn",credit union
2760,4563417480,318819031,95006687,140269061,266954425,446734514,1209527116,764738240,JOVIA FINANCIAL,NY,1974265356,413825718,266954425,2795314560,"credit union, 1 to 10bn",credit union
2769,596878295,60194821,20147901,12072624,10805355,61760481,22125633,184033975,SECURITYPLUS,MD,206159608,80342722,10805355,309380309,"credit union, 100m to 1bn",credit union
2782,16524401,491369,250929,0,1112538,2325843,648672,0,LONG ISLAND ALLIANCE,NY,648672,742298,1112538,2503508,"credit union, under 100m",credit union
2791,11251106,1474307,737004,0,1105833,475610,0,3571054,TUSKEGEE,AL,3571054,2211311,1105833,6888198,"credit union, under 100m",credit union
2792,58292917,561704,202591,0,505269,7462060,1397976,16107911,NOTRE DAME COMMUNITY,MA,17505887,764295,505269,18775451,"credit union, under 100m",credit union
2800,8307491,275585,465702,0,535907,1429181,0,0,MAMTA,NY,0,741287,535907,1277194,"credit union, under 100m",credit union
2806,1007656,0,0,0,290171,184389,0,0,HARRISON TEACHERS,NY,0,0,290171,290171,"credit union, under 100m",credit union
2815,118432895,25405319,5123500,1401735,362432,10410512,9827478,31200498,HANCOCK,OH,41027976,30528819,362432,73320962,"credit union, 100m to 1bn",credit union
2818,49752048,3484134,1500309,0,253070,4133035,500201,23151188,HOLYOKE COMMUNITY,CO,23651389,4984443,253070,28888902,"credit union, under 100m",credit union
2819,57442114,135490,433660,0,1604612,8634045,0,0,YONKERS TEACHERS,NY,0,569150,1604612,2173762,"credit union, under 100m",credit union
2834,26943669,4228341,1543195,0,977838,3364877,6848937,2637265,PENLANCO,PA,9486202,5771536,977838,16235576,"credit union, under 100m",credit union
2840,246891713,21926745,5151278,0,410158,42139931,1743948,30942162,STERLING,CO,32686110,27078023,410158,60174291,"credit union, 100m to 1bn",credit union
2847,360067858,33371116,10670980,12576283,1924237,67860489,97538581,79336019,AFFIDIAN,CO,176874600,44042096,1924237,235417216,"credit union, 100m to 1bn",credit union
2874,205596002,61163490,12101737,4673849,2015453,19671377,21006436,12902700,BLUESTONE,SD,33909136,73265227,2015453,113863665,"credit union, 100m to 1bn",credit union
2876,620727044,77612811,50986300,26562600,23389944,55020954,14471426,114916514,NATIONAL POLICE,IL,129387940,128599111,23389944,307939595,"credit union, 100m to 1bn",credit union
2881,213510946,18989281,2300072,2595225,682825,30203311,16138557,49857127,DENVER FIRE DEPARTMENT,CO,65995684,21289353,682825,90563087,"credit union, 100m to 1bn",credit union
2892,1250008,0,0,0,437584,318329,0,0,PLAINFIELD POLICE & FIREMEN'S,NJ,0,0,437584,437584,"credit union, under 100m",credit union
2918,72103750,8779179,3007483,2543833,5293325,10907234,3858660,6760532,JEEP COUNTRY,OH,10619192,11786662,5293325,30243012,"credit union, under 100m",credit union
2932,1930094,0,0,0,111480,432052,0,0,TRENTON TEACHERS,NJ,0,0,111480,111480,"credit union, under 100m",credit union
2935,23991590,3872158,1088021,319799,39692,2820386,3711778,1510732,PARISH,OH,5222510,4960179,39692,10542180,"credit union, under 100m",credit union
2953,38167514,1342040,2553846,0,1462701,4536662,0,0,LANAI,HI,0,3895886,1462701,5358587,"credit union, under 100m",credit union
2959,109285047,18312597,9634625,2817722,1415544,14321617,5149119,10026235,PALCO FCU,PA,15175354,27947222,1415544,47355842,"credit union, 100m to 1bn",credit union
3006,1161700,632122,165677,0,56720,254028,0,0,CONCORA WABASH,IN,0,797799,56720,854519,"credit union, under 100m",credit union
3012,38546902,4574459,2084783,649935,948780,3944255,1877936,670722,CITY OF FIRSTS COMMUNITY,IN,2548658,6659242,948780,10806615,"credit union, under 100m",credit union
3025,4337448183,672169990,218768326,121756665,184935004,419401255,595449047,1239750768,EMPOWER,NY,1835199815,890938316,184935004,3032829800,"credit union, 1 to 10bn",credit union
3029,12996808,4931758,795292,0,2000275,1189864,16154,0,VIRGINIA STATE UNIVERSITY,VA,16154,5727050,2000275,7743479,"credit union, under 100m",credit union
3050,26046865,3872945,2074957,480494,2846968,4773460,4225237,5112770,ONOMEA,HI,9338007,5947902,2846968,18613371,"credit union, under 100m",credit union
3056,10238533,846844,606355,0,881037,2540566,798911,0,CAMBRIDGE MUNICIPAL EMPLOYEES,MA,798911,1453199,881037,3133147,"credit union, under 100m",credit union
3061,93049680,28092621,2451989,1989057,3201866,13121974,8455389,11430292,FORMATION,LA,19885681,30544610,3201866,55621214,"credit union, under 100m",credit union
3064,57702125,5861140,16405620,1472184,2124176,8698838,0,3564487,SELECT,TX,3564487,22266760,2124176,29427607,"credit union, under 100m",credit union
3080,40590866,11320798,5279213,549913,885699,5228808,0,760516,SAN ANGELO,TX,760516,16600011,885699,18796139,"credit union, under 100m",credit union
3085,28875706,1635288,1126059,0,1055798,3973977,1014755,2089627,BUTLER COUNTY TEACHERS,PA,3104382,2761347,1055798,6921527,"credit union, under 100m",credit union
3110,851061,0,0,0,123455,213650,0,0,WHITE PLAINS P O EMPLOYEES,NY,0,0,123455,123455,"credit union, under 100m",credit union
3120,6204609,1444811,1204959,0,525488,1618124,0,25681,JOHNSTOWN SCHOOL EMPLOYEES,PA,25681,2649770,525488,3200939,"credit union, under 100m",credit union
3126,48425926,1216441,1608337,0,1142769,5220857,5106496,3254612,SOUTHERN MIDDLESEX CO TCHRS,NJ,8361108,2824778,1142769,12328655,"credit union, under 100m",credit union
3130,1317838025,414002194,118551373,36529415,32608469,115432604,130006438,222178567,TRUITY,OK,352185005,532553567,32608469,953876456,"credit union, 1 to 10bn",credit union
3140,345600129,48057793,5107299,10441366,25069460,34338648,74072617,61707348,TRANSPORTATION,VA,135779965,53165092,25069460,224455883,"credit union, 100m to 1bn",credit union
3182,11103976,4636794,473209,241353,57751,2467217,495016,0,STAR TECH,CO,495016,5110003,57751,5904123,"credit union, under 100m",credit union
3202,52298024,8141342,6806068,432883,3215895,7532967,5133355,5097944,CENTRAL JERSEY POLICE & FIRE,NJ,10231299,14947410,3215895,28827487,"credit union, under 100m",credit union
3212,273950529,16949108,9002937,4361121,12332584,34129459,19018217,82325019,ANECA,LA,101343236,25952045,12332584,143988986,"credit union, 100m to 1bn",credit union
3218,166604281,16017690,49262250,4685667,1243659,10721652,21237248,29967343,TULARE COUNTY,CA,51204591,65279940,1243659,122413857,"credit union, 100m to 1bn",credit union
3226,3033304,43164,119785,0,1646943,410569,0,0,ACBA FED CREDIT UNION (3226),PA,0,162949,1646943,1809892,"credit union, under 100m",credit union
3237,8466184,2504131,1322824,504778,1561131,898695,0,0,COLFAX POWER PLANT EMPLOYEES,PA,0,3826955,1561131,5892864,"credit union, under 100m",credit union
3251,1213943,0,0,0,217733,502419,0,0,GARY POLICE DEPARTMENT EMPLOYEES,IN,0,0,217733,217733,"credit union, under 100m",credit union
3256,2788562,0,84858,0,597697,672565,0,0,LONG BEACH TEACHERS,NY,0,84858,597697,682555,"credit union, under 100m",credit union
3264,713875892,9804595,4914060,1757354,2086552,129576855,18583431,74914756,FIRST CHOICE AMERICA COMMUNITY,WV,93498187,14718655,2086552,112060748,"credit union, 100m to 1bn",credit union
3278,18576355,815400,371606,308857,262308,1906409,2035308,2129260,SOUTHWEST COMMUNITIES,PA,4164568,1187006,262308,5922739,"credit union, under 100m",credit union
3285,40068855,4158524,2157108,922297,530789,3378525,7942484,8180558,NIAGARA REGIONAL,NY,16123042,6315632,530789,23891760,"credit union, under 100m",credit union
3291,459117038,21524059,9070959,8496140,5974008,43237784,78389209,116946771,PICATINNY,NJ,195335980,30595018,5974008,240401146,"credit union, 100m to 1bn",credit union
3306,187664520,11988309,2229355,0,2747443,20792604,38720325,38201438,SJP,NY,76921763,14217664,2747443,93886870,"credit union, 100m to 1bn",credit union
3316,53052451,9556939,2933612,1490407,2700931,4635130,2278647,91010,ALTONIZED COMMUNITY,IL,2369657,12490551,2700931,19051546,"credit union, under 100m",credit union
3323,125687310,7061316,5455395,2645300,14240684,15774576,24640121,22774808,TRUENERGY,VA,47414929,12516711,14240684,76817624,"credit union, 100m to 1bn",credit union
3337,10615320,830024,302423,0,453777,1940130,371726,32543,WATERBURY POSTAL EMPLOYEES,CT,404269,1132447,453777,1990493,"credit union, under 100m",credit union
3356,1713108,0,0,0,866327,861884,0,0,ELIZABETH POLICE DEPARTMENT E,NJ,0,0,866327,866327,"credit union, under 100m",credit union
3388,65405149,6707140,6736763,732532,2930093,5095339,1194093,11039183,EMERALD COAST,FL,12233276,13443903,2930093,29339804,"credit union, under 100m",credit union
3391,118853343,4936143,1608551,0,198614,17728555,1468173,3066956,RICHLAND,MT,4535129,6544694,198614,11278437,"credit union, 100m to 1bn",credit union
3413,1722536602,90476821,44612316,0,6394785,216037968,110747633,432895781,CHARTER OAK,CT,543643414,135089137,6394785,685127336,"credit union, 1 to 10bn",credit union
3420,2084643,10091,31342,0,218126,442745,0,0,ATLANTIC CITY POLICE,NJ,0,41433,218126,259559,"credit union, under 100m",credit union
3438,46743467,11347421,1910209,322780,1535901,7862645,75134,7128291,HUNTINGTONIZED,WV,7203425,13257630,1535901,22319736,"credit union, under 100m",credit union
3439,603062214,74136415,104282483,0,3704823,58530601,9346517,165892307,FAIRMONT,WV,175238824,178418898,3704823,357362545,"credit union, 100m to 1bn",credit union
3447,15208887,1727221,500009,409920,108467,2880502,298092,1431656,ACME,OH,1729748,2227230,108467,4475365,"credit union, under 100m",credit union
3454,2384370686,849584178,285993389,16036635,28590522,282100639,73854753,329967735,COMMUNICATION,OK,403822488,1135577567,28590522,1584027212,"credit union, 1 to 10bn",credit union
3458,285309094,72382816,14320715,4435459,1666388,28613359,10369553,60725623,VOYAGE,SD,71095176,86703531,1666388,163900554,"credit union, 100m to 1bn",credit union
3462,7713975,2670053,1064380,0,948864,660051,0,0,ST. COLMAN & AFFILIATES,OH,0,3734433,948864,4683297,"credit union, under 100m",credit union
3475,22864940,1086531,755871,0,369701,3934770,5733054,0,SOMERVILLE SCHOOL EMPLOYEES,MA,5733054,1842402,369701,7945157,"credit union, under 100m",credit union
3476,49748678,26359655,5183778,1717924,5302601,3847567,11329,5974041,BRIDGETON ONIZED,NJ,5985370,31543433,5302601,44549328,"credit union, under 100m",credit union
3487,94232391,6874973,2132908,2183679,511971,17880387,3868386,8403784,FREEDOM UNITED,PA,12272170,9007881,511971,23975701,"credit union, under 100m",credit union
3526,195703776,22217249,18732258,7871736,7541889,23301310,6779168,29657744,SCHOOLS,CA,36436912,40949507,7541889,92800044,"credit union, 100m to 1bn",credit union
3541,97059548,9225625,1929929,1714234,3329182,8654088,4794842,7033634,BAY ATLANTIC,NJ,11828476,11155554,3329182,28027446,"credit union, under 100m",credit union
3544,14357288,830895,1351864,0,663314,2492497,0,25195,CONNECTICUT LABOR DEPT,CT,25195,2182759,663314,2871268,"credit union, under 100m",credit union
3551,85452580,15498154,12251363,0,2266489,9382529,609813,13760882,JAMESTOWN AREA COMMUNITY,NY,14370695,27749517,2266489,44386701,"credit union, under 100m",credit union
3558,6212347,2122849,860074,0,195429,1456292,0,0,SUGAR VALLEY,NE,0,2982923,195429,3178352,"credit union, under 100m",credit union
3571,233373644,35716118,9328650,392663,3279809,51934878,784941,8955744,PANTEX,TX,9740685,45044768,3279809,58457925,"credit union, 100m to 1bn",credit union
3574,174079185,5165438,8186840,2076768,10795817,16113898,10398435,21979604,VALLEY ISLE COMMUNITY,HI,32378039,13352278,10795817,58602902,"credit union, 100m to 1bn",credit union
3575,3401471,451068,200686,21007,655930,1018786,250000,0,BRIDGEPORT POST OFFICE,CT,250000,651754,655930,1578691,"credit union, under 100m",credit union
3576,245191056,38882729,16774266,8085513,861917,27599439,4420543,65611909,PIONEER APPALACHIA,WV,70032452,55656995,861917,134636877,"credit union, 100m to 1bn",credit union
3601,816682592,26809019,8835857,11675831,15221732,64751211,61481989,247183457,NATIONAL INSTITUTES OF HEALTH,MD,308665446,35644876,15221732,371207885,"credit union, 100m to 1bn",credit union
3602,1284129,6468,0,0,0,153607,0,0,FROID,MT,0,6468,0,6468,"credit union, under 100m",credit union
3631,110012313,22677139,4763146,1601916,4900924,13205044,7803898,26886084,THRIVE,IN,34689982,27440285,4900924,68633107,"credit union, 100m to 1bn",credit union
3633,322210907,43688795,8325264,15380601,11883833,35869847,9740437,41818101,PEOPLE'S ALLIANCE,NY,51558538,52014059,11883833,130837031,"credit union, 100m to 1bn",credit union
3655,277533901,54032286,26727167,61134,2081825,27679070,14997081,80019412,TOP TIER,PA,95016493,80759453,2081825,177918905,"credit union, 100m to 1bn",credit union
3683,12564603,2023628,675069,0,581568,3146341,0,723524,CONNECTICUT POSTAL,CT,723524,2698697,581568,4003789,"credit union, under 100m",credit union
3685,12196498,902814,337794,186589,231675,3585285,37178,693960,INTERNAL REVENUE EMPLOYEES,NC,731138,1240608,231675,2390010,"credit union, under 100m",credit union
3710,56349699,8254602,3344558,1412266,5917421,8374641,0,186414,CITY PUBLIC SERVICE/IBEW,TX,186414,11599160,5917421,19115261,"credit union, under 100m",credit union
3711,186937748,16118755,6852232,4334474,8566942,20567425,31469100,33947266,OMEGA,PA,65416366,22970987,8566942,101288769,"credit union, 100m to 1bn",credit union
3720,56580331,4389349,3693693,961353,928990,5340614,1202128,6486466,TOLEDO POLICE,OH,7688594,8083042,928990,17661979,"credit union, under 100m",credit union
3736,9422873,1321418,2306318,283415,732795,1203207,0,122022,VICTORIA,TX,122022,3627736,732795,4765968,"credit union, under 100m",credit union
3741,39337169,3976399,2651560,832932,647585,5940740,930743,3172058,A & S,PA,4102801,6627959,647585,12211277,"credit union, under 100m",credit union
3746,26846339,1892223,2216351,353143,658403,5400513,736702,0,NORFOLK FIRE DEPARTMENT,VA,736702,4108574,658403,5856822,"credit union, under 100m",credit union
3748,45512211,7837077,1319495,1401113,1612575,8117270,2107229,2529796,TOLEDO FIRE FIGHTERS,OH,4637025,9156572,1612575,16807285,"credit union, under 100m",credit union
3755,62534476,9058889,5197533,0,3646745,9115936,3429140,0,ATLANTIC CITY ELECTRIC CO EMP,NJ,3429140,14256422,3646745,21332307,"credit union, under 100m",credit union
3757,87330974,5091984,2639212,0,2164811,8331320,9474112,20770612,RIVERBANK,CT,30244724,7731196,2164811,40140731,"credit union, under 100m",credit union
3759,102276242,20889807,3264281,0,3189560,11641358,2198810,10570945,GREATER CHAUTAUQUA,NY,12769755,24154088,3189560,40113403,"credit union, 100m to 1bn",credit union
3764,93385248,3846740,1493717,576960,2821407,18095094,0,17701788,TRANSIT EMPLOYEES,MD,17701788,5340457,2821407,26440612,"credit union, under 100m",credit union
3775,59604220,18215197,6643189,690399,2559830,8744028,647515,5731892,RIVERSIDE COMMUNITY,IN,6379407,24858386,2559830,34488022,"credit union, under 100m",credit union
3787,1207036,223401,172746,0,14045,293566,0,0,SHAKER HEIGHTS,OH,0,396147,14045,410192,"credit union, under 100m",credit union
3790,3672929,1716294,593063,0,213628,761280,0,0,SCIENCE PARK,CT,0,2309357,213628,2522985,"credit union, under 100m",credit union
3796,115133265,8342367,3865736,2697272,6967695,24991941,1250186,7397510,L G & W,TN,8647696,12208103,6967695,30520766,"credit union, 100m to 1bn",credit union
3800,162655433,46303413,17477397,1855250,4197722,16887689,11358974,26618962,GEORGIA HERITAGE,GA,37977936,63780810,4197722,107811718,"credit union, 100m to 1bn",credit union
3810,29155478,1631962,1795212,0,2599567,5131567,16241,0,PAAC TRANSIT DIVISION,PA,16241,3427174,2599567,6042982,"credit union, under 100m",credit union
3819,71607454,2326588,848877,696111,1150403,18121496,11847285,5480969,UPPER DARBY BELLTELCO,PA,17328254,3175465,1150403,22350233,"credit union, under 100m",credit union
3828,71235946,27817269,4781224,0,2266881,10153043,0,513848,TEXAS PLAINS,TX,513848,32598493,2266881,35379222,"credit union, under 100m",credit union
3830,730785664,19188190,7469992,0,28638718,72317851,69057135,388964383,MASS. INSTITUTE OF TECH.,MA,458021518,26658182,28638718,513318418,"credit union, 100m to 1bn",credit union
3841,252739969,70245631,13160700,6231001,9831896,23230385,26768419,21998339,GHS,NY,48766758,83406331,9831896,148235986,"credit union, 100m to 1bn",credit union
3850,908832529,5556811,5199532,5427243,14339900,150652128,75241878,223257492,N C P D,NY,298499370,10756343,14339900,329022856,"credit union, 100m to 1bn",credit union
3853,189307501,9284204,4897791,6658337,5158968,27650860,16257624,10503847,NW PREFERRED,OR,26761471,14181995,5158968,52760771,"credit union, 100m to 1bn",credit union
3868,321508,175281,0,0,85828,42466,0,0,SUNFLOWER,KS,0,175281,85828,261109,"credit union, under 100m",credit union
3869,1720745,638335,85306,0,25085,205275,0,0,EAGLE,KS,0,723641,25085,748726,"credit union, under 100m",credit union
3907,280489478,106080590,9415898,8256022,11189556,40717205,27855707,40683815,WICHITA,KS,68539522,115496488,11189556,203481588,"credit union, 100m to 1bn",credit union
3938,74710164,21895423,10390600,993329,2838864,11692582,0,0,TEXAN SKY,TX,0,32286023,2838864,36118216,"credit union, under 100m",credit union
3943,453996333,17277463,18387476,10915354,3308188,36943753,45260535,123932586,GAIN,CA,169193121,35664939,3308188,219081602,"credit union, 100m to 1bn",credit union
3945,327857108,19276400,4613666,8533035,3519338,32316523,38936662,87919045,UME,CA,126855707,23890066,3519338,162798146,"credit union, 100m to 1bn",credit union
3946,64591246,9516334,3881838,602237,1313732,6327418,0,4776488,SACRED HEART PARISH HALLETTSVILLE,TX,4776488,13398172,1313732,20090629,"credit union, under 100m",credit union
3947,53470289,7384076,1811479,3416450,14159887,6164948,4445173,742044,QSIDE,NY,5187217,9195555,14159887,31959109,"credit union, under 100m",credit union
3951,484464092,73220578,68022692,0,26675143,38745958,61093164,113533895,FIRST HARVEST,NJ,174627059,141243270,26675143,342545472,"credit union, 100m to 1bn",credit union
3963,80764560,7491050,2050499,574400,172964,17758513,2110394,13399185,RIO GRANDE,CO,15509579,9541549,172964,25798492,"credit union, under 100m",credit union
3972,280764109,47319400,21074545,3229868,675023,26239061,22918661,49794804,WESTERN VISTA,WY,72713465,68393945,675023,145012301,"credit union, 100m to 1bn",credit union
4015,734613780,83727173,58602992,23604056,36283318,68292020,31223016,127805853,GENERATIONS COMMUNITY,TX,159028869,142330165,36283318,361246408,"credit union, 100m to 1bn",credit union
4020,38583121,8171585,5659796,578453,1902423,3384118,0,3673606,MEMBERS FINANCIAL,TX,3673606,13831381,1902423,19985863,"credit union, under 100m",credit union
4022,74245009,17138300,5186948,1943808,2281275,6552138,13903534,11036840,MODESTO'S FIRST,CA,24940374,22325248,2281275,51490705,"credit union, under 100m",credit union
4024,255422501,17215795,9127959,7233149,7096805,23623555,22844662,58155593,TRUECORE,OH,81000255,26343754,7096805,121673963,"credit union, 100m to 1bn",credit union
4025,2031446,493042,111408,0,255300,625610,0,0,HAULPAK,IL,0,604450,255300,859750,"credit union, under 100m",credit union
4038,198521769,57251711,3919353,6471227,4074054,36840859,13561190,30766968,SERVICE 1,MI,44328158,61171064,4074054,116044503,"credit union, 100m to 1bn",credit union
4043,283223099,15763337,16440131,4971257,8322199,28159333,47764152,40813545,GENERAL ELECTRIC EMPLOYEES,CT,88577697,32203468,8322199,134074621,"credit union, 100m to 1bn",credit union
4060,259789397,83173546,41864366,1361950,4320496,21698529,102304,90762316,GULF COAST,TX,90864620,125037912,4320496,221584978,"credit union, 100m to 1bn",credit union
4088,18558833,4235499,2928207,701217,747561,1940219,790190,986538,STANWOOD AREA,PA,1776728,7163706,747561,10389212,"credit union, under 100m",credit union
4095,23588847,3521377,4431414,208181,272749,5260157,0,0,ALLEGHENY LUDLUM BRACKENRIDGE,PA,0,7952791,272749,8433721,"credit union, under 100m",credit union
4098,34266946,1468803,5755366,0,362820,4205240,896977,8448012,U.P. CONNECTION,NE,9344989,7224169,362820,16931978,"credit union, under 100m",credit union
4116,72589497,11173195,7932292,0,1247034,12539737,2402177,7552768,GALAXY,PA,9954945,19105487,1247034,30307466,"credit union, under 100m",credit union
4118,246369404,26774001,10182725,3272201,2241430,21925455,18587627,66041315,SEABOARD,ME,84628942,36956726,2241430,127099299,"credit union, 100m to 1bn",credit union
4120,35265212,2538846,1498213,1110351,1936368,4411659,10671930,416442,RELIANCE,PA,11088372,4037059,1936368,18172150,"credit union, under 100m",credit union
4122,257807982,30254080,7049249,4040267,243283,19790426,22587338,53594099,HIGHMARK,SD,76181437,37303329,243283,117768316,"credit union, 100m to 1bn",credit union
4127,31762309,40337,38151,0,2464561,7304090,0,0,ELEKTRA,NY,0,78488,2464561,2543049,"credit union, under 100m",credit union
4135,253156688,34925907,18297281,9562981,19188930,27800594,12121674,59112226,KEYS,FL,71233900,53223188,19188930,153208999,"credit union, 100m to 1bn",credit union
4142,6770425568,246925359,163635966,109797511,131594584,587962099,508673044,3170260886,KINECTA,CA,3678933930,410561325,131594584,4330887350,"credit union, 1 to 10bn",credit union
4148,51589719,3268173,9899826,0,1618484,11908563,0,50233,HIGHWAY DISTRICT 21,TX,50233,13167999,1618484,14836716,"credit union, under 100m",credit union
4152,33222651,5494023,701939,234177,712077,6110269,2242063,0,CENTRAL SOYA,IN,2242063,6195962,712077,9384279,"credit union, under 100m",credit union
4158,11929346,1075185,277185,0,1844182,3024756,0,0,ERIE LACKAWANNA RAILROAD CO EMP,NJ,0,1352370,1844182,3196552,"credit union, under 100m",credit union
4163,25936108,78569,434462,0,3947,6369500,562483,9761082,FRESNO GRANGERS,CA,10323565,513031,3947,10840543,"credit union, under 100m",credit union
4164,361549262,57383527,90318239,4200371,2968240,45287442,26282857,47361505,MONTANA,MT,73644362,147701766,2968240,228514739,"credit union, 100m to 1bn",credit union
4170,1005658,0,0,0,92059,86478,0,0,ABYSSINIAN BAPTIST CHURCH,NY,0,0,92059,92059,"credit union, under 100m",credit union
4176,6935205,2708090,648874,0,245876,573711,292811,242592,BOX BUTTE PUBLIC EMPLOYEES,NE,535403,3356964,245876,4138243,"credit union, under 100m",credit union
4192,3723370,161382,277079,0,671951,853124,1207977,0,BELMONT MUNICIPAL,MA,1207977,438461,671951,2318389,"credit union, under 100m",credit union
4202,181477215,84246603,13033010,2709195,3537575,31877283,8420496,4081529,WESTERN SUN,OK,12502025,97279613,3537575,116028408,"credit union, 100m to 1bn",credit union
4227,37550362,2691209,3072857,0,1110043,3025011,1419776,765700,BADLANDS,MT,2185476,5764066,1110043,9059585,"credit union, under 100m",credit union
4240,130871362,14620990,8334164,2785491,3016876,13214616,4246644,38758783,CHOICE ONE COMMUNITY,PA,43005427,22955154,3016876,71762948,"credit union, 100m to 1bn",credit union
4246,221007,0,0,0,74945,47846,0,0,FAR ROCKAWAY POSTAL,NY,0,0,74945,74945,"credit union, under 100m",credit union
4261,280030641,29884485,12627897,5449365,4470549,32444861,5485915,91672370,NORSTATE,ME,97158285,42512382,4470549,149590581,"credit union, 100m to 1bn",credit union
4271,249695393,74762542,20561614,653645,5902629,24698718,4987331,11017014,CHIEF FINANCIAL,MI,16004345,95324156,5902629,117884775,"credit union, 100m to 1bn",credit union
4281,1135429157,126746814,28502176,14709040,20840612,122359250,112582906,352449564,ATLANTIC REGIONAL,ME,465032470,155248990,20840612,655831112,"credit union, 1 to 10bn",credit union
4291,355656695,57653061,7162540,12755510,12410426,32116510,4872917,168599908,PENINSULA,MI,173472825,64815601,12410426,263454362,"credit union, 100m to 1bn",credit union
4365,2378125758,321417908,92499498,56462321,22495327,251225742,105267355,606965443,BLACK HILLS,SD,712232798,413917406,22495327,1205107852,"credit union, 1 to 10bn",credit union
4366,8816909,1773675,2435578,0,694286,1256849,0,0,F.C.I. ASHLAND,KY,0,4209253,694286,4903539,"credit union, under 100m",credit union
4369,33565025,10546705,2801484,271122,754904,3582369,197825,264006,GREATER WAYNE COMMUNITY,OH,461831,13348189,754904,14836046,"credit union, under 100m",credit union
4374,105034027,39902276,4833792,367213,11748702,11317087,0,121834,SHERIDAN COMMUNITY,WY,121834,44736068,11748702,56973817,"credit union, 100m to 1bn",credit union
4393,3798370,495877,250248,0,147757,1277954,0,0,SUNKIST EMPLOYEES,CA,0,746125,147757,893882,"credit union, under 100m",credit union
4395,98193025,9788405,5020028,3278908,1315546,10835503,10633697,5132435,TAMPA POSTAL,FL,15766132,14808433,1315546,35169019,"credit union, under 100m",credit union
4400,181155299,27564971,8471774,4723956,2885883,22695961,11318457,33015881,GREENVILLE HERITAGE,SC,44334338,36036745,2885883,87980922,"credit union, 100m to 1bn",credit union
4401,203329216,11357331,17151692,1715407,1276317,23645661,17382896,47733838,SOUTHWEST MONTANA COMMUNITY,MT,65116734,28509023,1276317,96617481,"credit union, 100m to 1bn",credit union
4416,194922,0,0,0,77964,68943,0,0,IBERIA PARISH,LA,0,0,77964,77964,"credit union, under 100m",credit union
4427,33962171,1187258,2261464,0,56744,4709638,27818,3865624,U S P L K EMPLOYEES,KS,3893442,3448722,56744,7398908,"credit union, under 100m",credit union
4441,10983351,1110057,1031804,0,1818159,1708883,0,0,SING SING EMPLOYEES,NY,0,2141861,1818159,3960020,"credit union, under 100m",credit union
4461,35752277,1591235,3464874,0,3379028,5454724,0,1183418,NODA,LA,1183418,5056109,3379028,9618555,"credit union, under 100m",credit union
4472,29408049,610882,356861,555717,390882,5014543,6241734,4783049,MALDEN,MA,11024783,967743,390882,12939125,"credit union, under 100m",credit union
4480,212221897,26874087,10640426,3673437,23976134,19131764,57643667,33013432,PALISADES,NY,90657099,37514513,23976134,155821183,"credit union, 100m to 1bn",credit union
4487,2855273,1262420,77070,0,312248,827887,0,0,SOUTH BEND TRANSIT,IN,0,1339490,312248,1651738,"credit union, under 100m",credit union
4488,4038903,1646542,994498,0,147222,970651,0,0,T H P,IN,0,2641040,147222,2788262,"credit union, under 100m",credit union
4509,9424660,2409159,1337006,228237,93847,1463375,384709,76221,PUD,WA,460930,3746165,93847,4529179,"credit union, under 100m",credit union
4524,49017336,879124,636333,0,1581195,9352692,3471687,12621264,SOMERVILLE MUNICIPAL,MA,16092951,1515457,1581195,19189603,"credit union, under 100m",credit union
4531,8523285,2976838,1093667,0,1604499,2489825,852793,0,KC UNIDOS,MO,852793,4070505,1604499,6527797,"credit union, under 100m",credit union
4580,1495425938,381511306,404758773,27002168,13277209,169097866,130224615,231502897,THE SUMMIT,NY,361727512,786270079,13277209,1188276968,"credit union, 1 to 10bn",credit union
4584,2537309626,469752505,189502814,7240016,4737640,356275869,173242214,870917727,AUSTIN TELCO,TX,1044159941,659255319,4737640,1715392916,"credit union, 1 to 10bn",credit union
4611,5184742,207246,96160,0,2916176,1793704,0,0,NEWARK POLICE,NJ,0,303406,2916176,3219582,"credit union, under 100m",credit union
4616,292351552,80992290,28231002,7283624,2458922,30796607,10983401,50920178,BRONCO,VA,61903579,109223292,2458922,180869417,"credit union, 100m to 1bn",credit union
4633,178801111,16830224,7244962,3604784,7811982,21905357,15585854,82124554,CAMINO,CA,97710408,24075186,7811982,133202360,"credit union, 100m to 1bn",credit union
4684,99444194,19727529,8844633,766013,11165269,11624675,167847,17133038,CONCHO EDUCATORS,TX,17300885,28572162,11165269,57804329,"credit union, under 100m",credit union
4708,66662856,12913585,8969635,941642,2309227,9453344,0,25771263,EMBARRASS VERMILLION,MN,25771263,21883220,2309227,50905352,"credit union, under 100m",credit union
4714,256045756,48345274,17135425,9501769,14496197,34530284,81708,28640799,UNITED SOUTHEAST,TN,28722507,65480699,14496197,118201172,"credit union, 100m to 1bn",credit union
4726,107550141,11659939,1058326,1320337,946503,9454320,7105857,260712,RARITAN BAY,NJ,7366569,12718265,946503,22351674,"credit union, 100m to 1bn",credit union
4731,146994866,6442065,7792550,3492877,2961631,12852961,25575850,22528954,METROWEST COMMUNITY,MA,48104804,14234615,2961631,68793927,"credit union, 100m to 1bn",credit union
4735,14423897715,645079909,739545188,108123179,372512209,1297266007,2759146927,3995089169,FOURLEAF,NY,6754236096,1384625097,372512209,8619496581,"credit union, over 10bn",credit union
4746,331611044,80815326,36701447,1036500,584687,45805017,34652941,96671006,NEW HAMPSHIRE,NH,131323947,117516773,584687,250461907,"credit union, 100m to 1bn",credit union
4756,10798115,567513,652717,142988,291822,3379123,0,0,ALLEGHENY VALLEY,PA,0,1220230,291822,1655040,"credit union, under 100m",credit union
4787,22250282,2008497,832688,418912,616406,3669011,311906,2908418,TANDEM,MI,3220324,2841185,616406,7096827,"credit union, under 100m",credit union
4792,354030464,57478227,29263777,6817416,2798344,36231924,31423646,64964885,NET,PA,96388531,86742004,2798344,192746295,"credit union, 100m to 1bn",credit union
4799,13869888,6415166,1312096,0,251849,3775380,0,101563,PINE BELT,MS,101563,7727262,251849,8080674,"credit union, under 100m",credit union
4805,44546572,3510119,1024357,0,1397979,5557681,732248,4180309,NORTHERN NEW MEXICO SCHOOL EMPLOYEE,NM,4912557,4534476,1397979,10845012,"credit union, under 100m",credit union
4809,17058422,5581994,1887495,668969,609143,2750520,3468956,1251088,PARTHENON,TN,4720044,7469489,609143,13467645,"credit union, under 100m",credit union
4828,32027702,3397211,4611834,957592,3462571,8093162,2777442,1757023,STEEL STRONG COMMUNITY,PA,4534465,8009045,3462571,16963673,"credit union, under 100m",credit union
4845,45428288,6439573,3704813,353400,317222,8797051,2900861,4992975,ALL SAINTS,OH,7893836,10144386,317222,18708844,"credit union, under 100m",credit union
4853,193242156,28034099,8389319,3053346,6380474,20362503,5550380,13760895,DOWNRIVER COMMUNITY,MI,19311275,36423418,6380474,65168513,"credit union, 100m to 1bn",credit union
4871,1000206,102644,153125,0,94003,106277,0,0,E R R L,PA,0,255769,94003,349772,"credit union, under 100m",credit union
4878,317315765,37457563,120034660,7243228,5404656,31227747,11127647,48017823,PACIFIC N W,OR,59145470,157492223,5404656,229285577,"credit union, 100m to 1bn",credit union
4884,65092045,11160347,4333697,740181,384719,7337145,1895048,1216891,ST. JOSEPHS CANTON PARISH,OH,3111939,15494044,384719,19730883,"credit union, under 100m",credit union
4894,14444974,130944,232878,314881,399325,2502508,12217,4895789,FEDERAL EMPLOYEES NEWARK,NJ,4908006,363822,399325,5986034,"credit union, under 100m",credit union
4906,4408156,276454,398101,0,160054,802875,0,0,TRENTON NJ FIREMEN,NJ,0,674555,160054,834609,"credit union, under 100m",credit union
4915,400869237,57168016,13140051,0,15705092,51232018,2946011,31532720,AVENIR FINANCIAL,AZ,34478731,70308067,15705092,120491890,"credit union, 100m to 1bn",credit union
4936,40126249,6366082,4249972,537145,2089070,2843952,818327,2992945,PATENT AND TRADEMARK OFFICE,VA,3811272,10616054,2089070,17053541,"credit union, under 100m",credit union
4951,78569775,11699055,3735829,0,468217,11987525,391243,9100038,NORSTAR,SD,9491281,15434884,468217,25394382,"credit union, under 100m",credit union
4960,285519276,22135016,8475975,0,1986518,42567160,2955799,86570042,COTTONWOOD COMMUNITY,ID,89525841,30610991,1986518,122123350,"credit union, 100m to 1bn",credit union
4963,137630329,12715840,8917569,5244368,6810491,10767074,11666384,50673412,DEPT OF LABOR,DC,62339796,21633409,6810491,96028064,"credit union, 100m to 1bn",credit union
4966,98007845,17129308,5671652,4620696,2858446,8913496,13666072,12400415,UNITY CATHOLIC,OH,26066487,22800960,2858446,56346589,"credit union, under 100m",credit union
4968,643491083,184371721,4651349,18557910,2840933,53782784,44719064,207258525,INOVA,IN,251977589,189023070,2840933,462399502,"credit union, 100m to 1bn",credit union
4969,93638614,17019802,8780559,806966,1357447,20254620,705066,8878496,MEMBERS CHOICE WV,WV,9583562,25800361,1357447,37548336,"credit union, under 100m",credit union
4982,47255490,1838734,1095299,743204,662636,5543281,731087,1404456,BESSEMER SYSTEM,PA,2135543,2934033,662636,6475416,"credit union, under 100m",credit union
5028,27115350,382361,1042061,0,630749,4880644,0,0,EQT,PA,0,1424422,630749,2055171,"credit union, under 100m",credit union
5029,1582532161,255369240,185520503,16281845,43105074,219377854,13983425,279653436,RED RIVER EMPLOYEES,TX,293636861,440889743,43105074,793913523,"credit union, 1 to 10bn",credit union
5045,9442523,782319,823721,176478,569807,1934808,0,0,CHICAGO AREA OFFICE,IL,0,1606040,569807,2352325,"credit union, under 100m",credit union
5062,6568344,0,17710,0,28579,1295464,0,1799250,NORTHWOOD,PA,1799250,17710,28579,1845539,"credit union, under 100m",credit union
5063,92185083,5068978,6984573,723095,3334510,10990840,0,8525517,DANIELS-SHERIDAN,MT,8525517,12053551,3334510,24636673,"credit union, under 100m",credit union
5086,446199206,26877483,22017450,4690438,24752516,50250460,9352587,142536867,CSE,LA,151889454,48894933,24752516,230227341,"credit union, 100m to 1bn",credit union
5116,42093148,4584237,1096403,458512,217507,5105986,0,6633789,PORT CITY,MI,6633789,5680640,217507,12990448,"credit union, under 100m",credit union
5123,19504260,1145001,1386270,395305,363714,3074979,568593,3872616,INTERNATIONAL UAW,MI,4441209,2531271,363714,7731499,"credit union, under 100m",credit union
5127,899126,0,0,0,180226,547604,0,0,CHURCH OF THE MASTER,NY,0,0,180226,180226,"credit union, under 100m",credit union
5134,501705691,41965995,28738514,22516078,25376419,41637241,66104444,166805803,COMMONWEALTH ONE,VA,232910247,70704509,25376419,351507253,"credit union, 100m to 1bn",credit union
5144,35078753,3686873,1295003,184393,636287,3834468,3370153,13406891,MILESTONES,ME,16777044,4981876,636287,22579600,"credit union, under 100m",credit union
5163,2719430,322841,141707,0,1047669,712004,0,0,GREAT NECK SCHOOL EMPLOYEES,NY,0,464548,1047669,1512217,"credit union, under 100m",credit union
5168,319016460,83898076,15378623,0,8930781,27413938,28893366,55387951,ACFCU,TX,84281317,99276699,8930781,192488797,"credit union, 100m to 1bn",credit union
5170,39680032,6451346,3676061,461795,897109,8168309,425399,2942278,GRAND TRUNK BATTLE CREEK EMP,MI,3367677,10127407,897109,14853988,"credit union, under 100m",credit union
5234,905816475,107722269,89462902,17123592,8951761,83894703,25881547,186433923,CEDAR POINT,MD,212315470,197185171,8951761,435575994,"credit union, 100m to 1bn",credit union
5241,77109811,9877077,767855,0,653368,12623185,1541634,33122232,SYCAMORE,AL,34663866,10644932,653368,45962166,"credit union, under 100m",credit union
5252,57855229,10855068,1598987,3334380,1178706,4972298,14116247,15666061,SARATOGA'S COMMUNITY,NY,29782308,12454055,1178706,46749449,"credit union, under 100m",credit union
5256,39110713,1334395,1430719,508613,506187,5327250,6172696,10140763,600 ATLANTIC,MA,16313459,2765114,506187,20093373,"credit union, under 100m",credit union
5257,139946044,30723086,8186388,2810058,2084406,15392836,14943176,17654358,KANSAS STATE UNIVERSITY,KS,32597534,38909474,2084406,76401472,"credit union, 100m to 1bn",credit union
5272,12903729,1812656,377962,0,488370,1258594,0,0,NORTHERN LIGHTS COMMUNITY,MI,0,2190618,488370,2678988,"credit union, under 100m",credit union
5286,56424114,4240106,1614113,727626,206047,12121847,3507277,20038919,KELLOGG MIDWEST,NE,23546196,5854219,206047,30334088,"credit union, under 100m",credit union
5291,52029501,12266558,9683774,0,1801994,10812304,0,7640327,HASTINGS,NE,7640327,21950332,1801994,31392653,"credit union, under 100m",credit union
5318,97855985,14405356,3574612,0,2484356,11314887,2056708,10272513,TENNESSEE MEMBERS 1ST,TN,12329221,17979968,2484356,32793545,"credit union, under 100m",credit union
5325,12941574,3773460,3012732,0,218179,2522911,0,0,SWEMP,TX,0,6786192,218179,7004371,"credit union, under 100m",credit union
5337,24290992,6346587,2828576,719003,811926,4381372,1125814,4370365,TEXAS PEOPLE,TX,5496179,9175163,811926,16202271,"credit union, under 100m",credit union
5359,29908527,1781974,1216163,723342,2042031,6133979,3980284,580905,SUN PACIFIC,CA,4561189,2998137,2042031,10324699,"credit union, under 100m",credit union
5366,88844954,12698083,5730648,1696933,3972078,8356985,1709240,7956955,DESERT VALLEYS,CA,9666195,18428731,3972078,33763937,"credit union, under 100m",credit union
5370,391386429,58890499,14301615,12796223,18910636,49578619,46623173,76642191,FREMONT,OH,123265364,73192114,18910636,228164337,"credit union, 100m to 1bn",credit union
5373,88901660,12795459,2924832,444696,1800518,8274617,1038435,1418202,WESTEX,TX,2456637,15720291,1800518,20422142,"credit union, under 100m",credit union
5380,544414197,25507707,10770984,0,50274297,47220300,74135637,74965053,SPECTRA,VA,149100690,36278691,50274297,235653678,"credit union, 100m to 1bn",credit union
5387,131087831,43603667,12452622,0,1824691,9962180,20131223,16801641,RUSSELL COUNTRY,MT,36932864,56056289,1824691,94813844,"credit union, 100m to 1bn",credit union
5419,98032012,2857577,2251392,1171562,1597403,8910410,16737949,21173125,RIDGEDALE,NJ,37911074,5108969,1597403,45789008,"credit union, under 100m",credit union
5422,111833900,13669000,2518930,3728918,521142,18375982,3606136,13118139,CHIPHONE,IN,16724275,16187930,521142,37162265,"credit union, 100m to 1bn",credit union
5431,397338309,59275881,11064476,7859697,2202112,45227507,42150781,115698079,FORT FINANCIAL,IN,157848860,70340357,2202112,238251026,"credit union, 100m to 1bn",credit union
5439,43965476,5911091,3086670,1731501,485737,4505151,7715317,2683617,AMHERST,NY,10398934,8997761,485737,21613933,"credit union, under 100m",credit union
5465,87194864,9201030,5913715,1513709,1840630,9019873,7450248,5749661,FIRST EDUCATION,WY,13199909,15114745,1840630,31668993,"credit union, under 100m",credit union
5484,65950199,2567478,3071122,1307981,785831,6890779,7161882,10726610,SHELL WESTERN STATES,CA,17888492,5638600,785831,25620904,"credit union, under 100m",credit union
5487,192835199,2730465,1922192,2451454,35506671,16879213,23073788,62584654,KAUAI,HI,85658442,4652657,35506671,128269224,"credit union, 100m to 1bn",credit union
5495,326126135,76142148,71047849,8733069,803095,36719856,9257937,32424203,GLASS CITY,OH,41682140,147189997,803095,198408301,"credit union, 100m to 1bn",credit union
5500,4564468351,1071929611,666179918,69380658,31988026,540544970,345738709,756546363,NORTHWEST,VA,1102285072,1738109529,31988026,2941763285,"credit union, 1 to 10bn",credit union
5510,40974878,11647053,3023085,632147,515403,3021005,738696,9840264,CATHOLIC FAMILY,KS,10578960,14670138,515403,26396648,"credit union, under 100m",credit union
5524,3626282,971991,426218,0,73173,323219,0,0,CHRISTO REY,OH,0,1398209,73173,1471382,"credit union, under 100m",credit union
5530,98818677,12458418,7330648,1250375,4127644,20797954,21143128,14252703,VA DESERT PACIFIC,CA,35395831,19789066,4127644,60562916,"credit union, under 100m",credit union
5531,12376842,2496715,1060230,0,239890,4748767,0,0,MCALESTER AAP,OK,0,3556945,239890,3796835,"credit union, under 100m",credit union
5536,204364276193,18349852135,14422300768,33376239590,7548498982,23804146840,9178127847,59586637322,NAVY FEDERAL CREDIT UNION,VA,68764765169,32772152903,7548498982,142461656644,"credit union, over 10bn",credit union
5546,88310994,6741714,3393168,0,1118119,8404553,619115,24106103,ADIRONDACK REGIONAL,NY,24725218,10134882,1118119,35978219,"credit union, under 100m",credit union
5547,516647080,134608647,185761368,4137052,5165531,61333757,224611,54649555,SECURITY FIRST,TX,54874166,320370015,5165531,384546764,"credit union, 100m to 1bn",credit union
5549,140281864,6016624,12395454,1199464,2707009,17520743,3330603,37963290,CLINCHFIELD,TN,41293893,18412078,2707009,63612444,"credit union, 100m to 1bn",credit union
5554,74982258,3581784,1864649,1410374,366510,12427381,3798080,15073025,MICHIGAN COLUMBUS,MI,18871105,5446433,366510,26094422,"credit union, under 100m",credit union
5561,5301566799,926573380,636971649,147333107,107485174,678984071,107842719,1300331355,KEESLER,MS,1408174074,1563545029,107485174,3226537384,"credit union, 1 to 10bn",credit union
5569,47587589,4955151,1083390,140544,3142882,10819015,545651,18777194,DIXIES,SC,19322845,6038541,3142882,28644812,"credit union, under 100m",credit union
5571,363890681,9013641,4419950,9750282,6654914,34001420,26447987,122579315,SIGNAL FINANCIAL,MD,149027302,13433591,6654914,178866089,"credit union, 100m to 1bn",credit union
5579,320118422,17798429,32636472,1920971,1559802,30096713,12403594,52382180,ACCESS,NY,64785774,50434901,1559802,118701448,"credit union, 100m to 1bn",credit union
5582,7058719753,74950033,45094341,99824413,81806367,962986253,259305198,3256111793,BANK FUND STAFF,DC,3515416991,120044374,81806367,3817092145,"credit union, 1 to 10bn",credit union
5588,10694664155,29758852,13728343,168863477,521829253,1046451620,90958048,5385389598,UNITED NATIONS,NY,5476347646,43487195,521829253,6210527571,"credit union, over 10bn",credit union
5589,6765596,692665,465870,153635,268966,572700,238243,1058332,KC FAIRFAX,KS,1296575,1158535,268966,2877711,"credit union, under 100m",credit union
5602,440456520,45224899,6866228,0,3101405,52912626,33205303,112638790,TAUNTON,MA,145844093,52091127,3101405,201036625,"credit union, 100m to 1bn",credit union
5604,107449265,15389010,8682995,2387993,1029104,17523497,33249958,11479931,ROANOKE VALLEY COMMUNITY,VA,44729889,24072005,1029104,72218991,"credit union, 100m to 1bn",credit union
5612,967234091,141000236,75695872,28710559,51958379,88903673,89082720,263867495,ALTAONE,CA,352950215,216696108,51958379,650315261,"credit union, 100m to 1bn",credit union
5621,5356588187,768928393,223256088,128642037,307699542,451396195,547059644,785761515,AMERICAN HERITAGE,PA,1332821159,992184481,307699542,2761347219,"credit union, 1 to 10bn",credit union
5636,434391186,39023385,17378416,9695595,5267156,60090455,2389022,120587601,CHESSIE,MD,122976623,56401801,5267156,194341175,"credit union, 100m to 1bn",credit union
5641,48927077,3569753,3728583,0,655126,10086830,48033,3111452,CENSUS,MD,3159485,7298336,655126,11112947,"credit union, under 100m",credit union
5648,1268541490,222837800,63450238,32484064,51739430,199221422,24784262,464373293,GULF COAST EDUCATORS,TX,489157555,286288038,51739430,859669087,"credit union, 1 to 10bn",credit union
5652,465055013,63686176,41508547,3189470,2951712,82570462,29658114,99177700,CASCADE COMMUNITY,OR,128835814,105194723,2951712,240171719,"credit union, 100m to 1bn",credit union
5660,149442901,9607463,3206626,890478,2449657,26689597,0,14115840,IRON MOUNTAIN KINGSFORD COMMUNITY,MI,14115840,12814089,2449657,30270064,"credit union, 100m to 1bn",credit union
5665,84288422,9879416,2553866,359105,27499587,13696454,5124884,4878653,CITY,TX,10003537,12433282,27499587,50295511,"credit union, under 100m",credit union
5684,53986452,4967286,2404346,1034969,1012451,4672352,2691537,6842487,INLAND VALLEY,CA,9534024,7371632,1012451,18953076,"credit union, under 100m",credit union
5686,17354500,3006655,4648243,0,1150586,3105524,0,0,MARSHALL T & P EMPLOYEES,TX,0,7654898,1150586,8805484,"credit union, under 100m",credit union
5713,15007520,2467584,3883756,0,2107696,1960885,0,746767,NATIONAL EMPLOYEES,WV,746767,6351340,2107696,9205803,"credit union, under 100m",credit union
5718,331985191,79617085,12877015,14297401,12761009,34323841,8644061,12963744,TUCOEMAS,CA,21607805,92494100,12761009,141160315,"credit union, 100m to 1bn",credit union
5721,118417601,26378418,5474661,866517,2138153,16991623,5915347,30767970,TWO HARBORS,MN,36683317,31853079,2138153,71541066,"credit union, 100m to 1bn",credit union
5741,37671065,2696508,2242171,512307,825431,5227860,600773,7813908,CHIVAHO,OH,8414681,4938679,825431,14691098,"credit union, under 100m",credit union
5748,135441956,22338141,11263753,4281110,3766511,12228081,2847036,35558779,INTEGRA FIRST,MI,38405815,33601894,3766511,80055330,"credit union, 100m to 1bn",credit union
5754,2688294474,375475664,210395814,67705928,43526637,285546899,196900688,987242126,ANDREWS FEDERAL CREDIT UNION,MD,1184142814,585871478,43526637,1881246857,"credit union, 1 to 10bn",credit union
5773,42267645,12565217,11737839,379642,1158461,4900404,1204142,1274009,HAYNES COMMUNITY,IN,2478151,24303056,1158461,28319310,"credit union, under 100m",credit union
5780,9361914,819899,675660,0,102133,919418,0,0,TREASURY EMPLOYEES,MS,0,1495559,102133,1597692,"credit union, under 100m",credit union
5781,4330033,1310574,439746,0,45943,1164128,0,0,ZIEGLER,MN,0,1750320,45943,1796263,"credit union, under 100m",credit union
5785,45704182,7593449,3878833,1048516,429684,4938673,933591,10519456,AFFINITY ONE,NY,11453047,11472282,429684,24403529,"credit union, under 100m",credit union
5797,4972163437,1124156909,573402748,41538344,67981560,547316958,196396430,1709033308,ORNL,TN,1905429738,1697559657,67981560,3712509299,"credit union, 1 to 10bn",credit union
5811,24432985,3898458,2285497,386699,685735,3985017,0,0,KENNEDY VA EMPLOYEES,TN,0,6183955,685735,7256389,"credit union, under 100m",credit union
5816,134829761,2589969,2252659,4808755,2069321,16005817,10918703,31904412,INTERFAITH,CA,42823115,4842628,2069321,54543819,"credit union, 100m to 1bn",credit union
5822,10902249,4059068,948159,0,638382,1085886,0,0,TEXARKANA TERMINAL EMPLOYEES,TX,0,5007227,638382,5645609,"credit union, under 100m",credit union
5839,2989685,851178,1074054,0,402552,349734,0,0,SOUTHEAST LOUISIANA VETERANS HEALTH,LA,0,1925232,402552,2327784,"credit union, under 100m",credit union
5845,33198791,918743,2375393,618180,355113,4100253,4269677,11445815,ALLWEALTH,OH,15715492,3294136,355113,19982921,"credit union, under 100m",credit union
5851,4597205998,342457045,347658821,56649645,100292429,409781998,219914049,1300128549,SUNWARD,NM,1520042598,690115866,100292429,2367100538,"credit union, 1 to 10bn",credit union
5852,469882945,33034569,12369027,14557949,7918019,51192875,40160609,217606863,CENTURY,OH,257767472,45403596,7918019,325647036,"credit union, 100m to 1bn",credit union
5856,320246416,40655271,24851151,15853532,12156953,27029826,36744168,81813374,RIVERFRONT,PA,118557542,65506422,12156953,212074449,"credit union, 100m to 1bn",credit union
5866,235292830,27838288,21560002,2403261,6803209,28877337,4129036,72100928,SABINE,TX,76229964,49398290,6803209,134834724,"credit union, 100m to 1bn",credit union
5867,47689954,5862672,581640,794264,228686,3471523,963312,6122372,VANTAGE TRUST,PA,7085684,6444312,228686,14552946,"credit union, under 100m",credit union
5885,66501598,4760011,1971991,1278653,1764554,10057817,1512256,4357924,A.B.D.,MI,5870180,6732002,1764554,15645389,"credit union, under 100m",credit union
5892,236191539,64875161,31069500,5899965,4023056,23765742,19823593,26679849,TRUE NORTH,AK,46503442,95944661,4023056,152371124,"credit union, 100m to 1bn",credit union
5913,13003589671,2637969181,1544474239,177380702,168963643,1261222164,547780082,2947282119,GLOBAL,AK,3495062201,4182443420,168963643,8023849966,"credit union, over 10bn",credit union
5922,27113058,1940161,1550859,0,113420,4371692,0,191979,SUBIACO,AR,191979,3491020,113420,3796419,"credit union, under 100m",credit union
5924,977270369,175394679,63791335,5014036,18270513,103853193,5656360,133474481,MATANUSKA VALLEY,AK,139130841,239186014,18270513,401601404,"credit union, 100m to 1bn",credit union
5928,161219895,17642557,6656431,2147412,5538289,18157676,5507536,15780988,WAYNE-WESTLAND,MI,21288524,24298988,5538289,53273213,"credit union, 100m to 1bn",credit union
5930,10529682,4209125,1138606,166174,907735,875551,0,0,HEALTHPLUS,MS,0,5347731,907735,6421640,"credit union, under 100m",credit union
5935,16753924,2296036,6010647,0,376461,2490070,0,0,COWBOY COUNTRY,TX,0,8306683,376461,8683144,"credit union, under 100m",credit union
5960,3209438,84844,74747,0,42576,649206,0,0,U.S.B. EMPLOYEES,CA,0,159591,42576,202167,"credit union, under 100m",credit union
5970,12745375,1067769,1232091,0,150888,3434612,0,2179077,METROPOLITAN CHURCH,VA,2179077,2299860,150888,4629825,"credit union, under 100m",credit union
5974,251879858,18464147,8490268,2936237,2162580,25457763,12579488,106248373,SOUTHERN SECURITY,TN,118827861,26954415,2162580,150881093,"credit union, 100m to 1bn",credit union
5982,104634533,33219388,6768195,1589743,612244,13821178,6042112,8407777,ROUTE 31,MI,14449889,39987583,612244,56639459,"credit union, 100m to 1bn",credit union
5987,7124987,140573,106270,0,1252757,883813,0,0,OCNAC #1,NJ,0,246843,1252757,1499600,"credit union, under 100m",credit union
6008,15817173,2409280,3360784,0,321209,3422665,0,0,SEAGOVILLE,TX,0,5770064,321209,6091273,"credit union, under 100m",credit union
6011,1274371136,293613505,109117452,24580407,60012117,133818277,88713680,342628416,SIDNEY,NY,431342096,402730957,60012117,918665577,"credit union, 1 to 10bn",credit union
6012,55174573,7684020,2298695,2731942,3619225,10181405,0,8858220,LIFETIME,TX,8858220,9982715,3619225,25192102,"credit union, under 100m",credit union
6032,344539608,81008495,29034116,9983858,9660203,48937454,42435070,74915853,STRATA,CA,117350923,110042611,9660203,247037595,"credit union, 100m to 1bn",credit union
6039,60304819,6916114,10144483,658918,1074138,7477176,18967357,1606201,LM,MD,20573558,17060597,1074138,39367211,"credit union, under 100m",credit union
6048,8699434,2401654,1496757,0,426003,1493074,0,0,SHREVEPORT POLICE,LA,0,3898411,426003,4324414,"credit union, under 100m",credit union
6053,414363922,35167483,26516132,0,14180218,39819106,42994205,50582119,CDC,GA,93576324,61683615,14180218,169440157,"credit union, 100m to 1bn",credit union
6062,214671518,35970856,21326404,3032465,6731774,18045910,3723032,17688205,BEACON,TX,21411237,57297260,6731774,88472736,"credit union, 100m to 1bn",credit union
6070,19946560,2982864,1637610,333831,384528,3986138,235360,533855,TRI STATE RAIL,PA,769215,4620474,384528,6108048,"credit union, under 100m",credit union
6079,62351352,14990141,7910925,947202,1481809,8524442,4193750,15987752,SELECT SEVEN,TN,20181502,22901066,1481809,45511579,"credit union, under 100m",credit union
6084,87432123,4580748,2193846,574131,435932,14782899,2305707,9802745,FRONT ROYAL,VA,12108452,6774594,435932,19893109,"credit union, under 100m",credit union
6088,6550974,0,0,0,2962806,1650997,0,0,D C FIRE DEPARTMENT,DC,0,0,2962806,2962806,"credit union, under 100m",credit union
6095,125827540,14955849,9153609,1866837,2459522,11858712,12859778,49109427,HERSHEY,PA,61969205,24109458,2459522,90405022,"credit union, 100m to 1bn",credit union
6102,105405257,13268248,2922151,1002716,3158236,10872716,814236,14747734,GREAT LAKES FIRST,MI,15561970,16190399,3158236,35913321,"credit union, 100m to 1bn",credit union
6112,5656303,524768,1014544,0,397762,814294,0,0,WATERTOWN POSTAL,NY,0,1539312,397762,1937074,"credit union, under 100m",credit union
6116,41019177,11251708,5521109,1675339,1570621,3888004,13478,3038081,VALEX,LA,3051559,16772817,1570621,23070336,"credit union, under 100m",credit union
6144,7011551,1273733,1963193,0,6805,903210,6378,346796,RED LAKE CO OP,MN,353174,3236926,6805,3596905,"credit union, under 100m",credit union
6150,13422171,1314079,2397768,0,332121,2848108,1605754,2241045,DOW BUCKS COUNTY,PA,3846799,3711847,332121,7890767,"credit union, under 100m",credit union
6160,908579385,116834789,31632696,16320160,11391179,77694315,111960780,218468688,SUN EAST,PA,330429468,148467485,11391179,506608292,"credit union, 100m to 1bn",credit union
6175,41551131,8602833,2059541,558804,2683235,8525758,0,0,OLD OCEAN,TX,0,10662374,2683235,13904413,"credit union, under 100m",credit union
6178,2577534190,392793128,129942864,0,118186769,352477041,107918737,875117253,A+,TX,983035990,522735992,118186769,1623958751,"credit union, 1 to 10bn",credit union
6179,30642719,1602234,516053,570329,800985,4118141,3172766,3067301,COMMUNITY FINANCIAL SERVICES,NJ,6240067,2118287,800985,9729668,"credit union, under 100m",credit union
6184,3085677,30639,30374,0,13052,378959,170606,5416,ST. ANN'S ARLINGTON,VA,176022,61013,13052,250087,"credit union, under 100m",credit union
6187,139252080,31662634,18445294,8020598,3280541,11641500,15260151,15459966,THE ONE,PA,30720117,50107928,3280541,92129184,"credit union, 100m to 1bn",credit union
6196,13933809,2420458,1404719,0,348217,1605802,0,1181356,DERRY AREA,PA,1181356,3825177,348217,5354750,"credit union, under 100m",credit union
6208,42937988,4683122,1418913,608271,1364471,5664409,980717,1096093,OMAHA DOUGLAS,NE,2076810,6102035,1364471,10151587,"credit union, under 100m",credit union
6214,54526389,7546956,1422744,317084,103208,8655135,0,7947520,UNITED NORTHWEST,KS,7947520,8969700,103208,17337512,"credit union, under 100m",credit union
6225,35763954,3531112,997784,303677,2017125,4358862,23631,1406461,STEUBEN CITIZENS,NY,1430092,4528896,2017125,8279790,"credit union, under 100m",credit union
6233,375684351,53854808,34021555,6056566,5828124,46674345,29284987,67716092,WEST-AIRCOMM,PA,97001079,87876363,5828124,196762132,"credit union, 100m to 1bn",credit union
6237,12514781,1140085,655179,0,112466,1165614,219452,364856,ALASKA DIST ENGINEERS,AK,584308,1795264,112466,2492038,"credit union, under 100m",credit union
6240,3040769,286413,132758,0,52245,1127690,0,0,B I,PA,0,419171,52245,471416,"credit union, under 100m",credit union
6248,863339885,186611776,24669525,38839,42975278,66227030,83300659,139892151,SKYONE,CA,223192810,211281301,42975278,477488228,"credit union, 100m to 1bn",credit union
6269,215554850,22395710,4425059,7140948,5494156,22899421,24439334,28459824,TRI COUNTY AREA,PA,52899158,26820769,5494156,92355031,"credit union, 100m to 1bn",credit union
6275,668343278,85370083,112628420,5344633,12734148,75143911,65159850,134234564,ALTANA,MT,199394414,197998503,12734148,415471698,"credit union, 100m to 1bn",credit union
6277,8171457,849156,357964,182588,350872,1699333,0,0,PHB EMPLOYEES,PA,0,1207120,350872,1740580,"credit union, under 100m",credit union
6288,4432382368,448134889,66079230,88376750,27998218,529259455,364530705,1611079814,UNITED,MI,1975610519,514214119,27998218,2606199606,"credit union, 1 to 10bn",credit union
6304,9484647,839725,1510630,0,1847855,1510685,0,0,NEIMAN MARCUS GROUP EMPLOYEES,TX,0,2350355,1847855,4198210,"credit union, under 100m",credit union
6311,5051622,1386996,1496858,0,780575,1180452,0,0,TVH,AL,0,2883854,780575,3664429,"credit union, under 100m",credit union
6317,36062672,8942125,5126552,756052,3818009,4264857,410065,306312,WICHITA FALLS,TX,716377,14068677,3818009,19359115,"credit union, under 100m",credit union
6318,3840717,825634,1113030,0,430195,1554116,0,0,HOUSTON BELT & TERMINAL,TX,0,1938664,430195,2368859,"credit union, under 100m",credit union
6326,31827479,456507,221051,0,2152816,5843916,1753687,0,SAN MATEO CITY EMPLOYEES,CA,1753687,677558,2152816,4584061,"credit union, under 100m",credit union
6328,5797664048,1254843623,79237402,182681045,367602206,608068408,162699728,2155660054,NASA,MD,2318359782,1334081025,367602206,4202724058,"credit union, 1 to 10bn",credit union
6332,203475386,22109654,8306626,1993239,5928310,20351214,7495075,61218231,TRUNORTH,MI,68713306,30416280,5928310,107051135,"credit union, 100m to 1bn",credit union
6339,58194890,7776465,6410478,961147,1991012,12789798,0,786494,BATON ROUGE CITY PARISH EMP,LA,786494,14186943,1991012,17925596,"credit union, under 100m",credit union
6353,96492390,8926851,7149798,0,997140,14792279,3533002,9907939,WASHINGTON COUNTY TEACHERS,MD,13440941,16076649,997140,30514730,"credit union, under 100m",credit union
6368,20311458,2880586,3707178,172895,506313,2070165,0,0,WACO,TX,0,6587764,506313,7266972,"credit union, under 100m",credit union
6369,211354872,75252286,9778725,4231137,12944525,20103487,3170845,13944616,STATEWIDE,MS,17115461,85031011,12944525,119322134,"credit union, 100m to 1bn",credit union
6424,53005756,5390906,2440886,98188,68920,6850421,1761029,10694470,YUMA COUNTY,CO,12455499,7831792,68920,20454399,"credit union, under 100m",credit union
6434,98501883,37756769,32476537,2492050,3161702,8671963,251829,209644,HERITAGE USA,TX,461473,70233306,3161702,76348531,"credit union, under 100m",credit union
6443,3908046,621264,1190843,0,339714,1115898,0,0,BAYONNE CITY EMPLOYEES,NJ,0,1812107,339714,2151821,"credit union, under 100m",credit union
6464,325844209,1027960,1923163,4062773,6468215,46657054,5185614,130667260,PAHO/WHO,VA,135852874,2951123,6468215,149334985,"credit union, 100m to 1bn",credit union
6466,25241372,9194077,2839504,0,1873432,2644856,4414,1050532,MIDWEST LIBERTY,NE,1054946,12033581,1873432,14961959,"credit union, under 100m",credit union
6472,7989096,1382442,2068378,0,435844,1992927,0,0,YOAKUM COUNTY,TX,0,3450820,435844,3886664,"credit union, under 100m",credit union
6498,34707795,4300664,2663377,814549,2207385,4025853,10469776,1824166,CT FIREFIGHTERS,CT,12293942,6964041,2207385,22279917,"credit union, under 100m",credit union
6506,77683,0,0,0,22246,13584,0,0,MT GILEAD,DC,0,0,22246,22246,"credit union, under 100m",credit union
6527,37573497,12999873,5057013,764576,822401,6103982,0,0,BRIGHTVIEW,MS,0,18056886,822401,19643863,"credit union, under 100m",credit union
6574,1008163488,121507167,36527579,16303742,21279616,97222915,160496219,87806158,MERCK SHARP & DOHME,PA,248302377,158034746,21279616,443920481,"credit union, 1 to 10bn",credit union
6584,45063676,9246596,4217660,1434641,1494096,5274428,0,3576215,LES,LA,3576215,13464256,1494096,19969208,"credit union, under 100m",credit union
6613,138439546,5185932,1782887,1997086,5982683,20187294,1006075,12312807,WALLED LAKE SCHOOLS,MI,13318882,6968819,5982683,28267470,"credit union, 100m to 1bn",credit union
6627,147380465,18568625,11573461,0,4062854,22376522,8872373,29800975,SYRACUSE FIRE DEPARTMENT EMPLOYEES,NY,38673348,30142086,4062854,72878288,"credit union, 100m to 1bn",credit union
6628,45378698,6749814,2927132,2595197,4769109,4772812,3874463,3083628,POLICE CREDIT UNION OF CONNECTICUT,CT,6958091,9676946,4769109,23999343,"credit union, under 100m",credit union
6636,32661493,6576959,1276899,0,772324,4204383,118645,131885,CAREY POVERELLO,OH,250530,7853858,772324,8876712,"credit union, under 100m",credit union
6638,27719635,2748288,2040480,815617,841059,4161930,5494138,0,HARRISON POLICE & FIREMEN'S,NJ,5494138,4788768,841059,11939582,"credit union, under 100m",credit union
6665,658964318,32616339,7586590,6563605,30152383,58393540,66238752,261996220,FINANCIAL RESOURCES,NJ,328234972,40202929,30152383,405153889,"credit union, 100m to 1bn",credit union
6670,98053230,16418377,5373401,3747573,13280275,5251089,7625177,3376484,CONNECTS,VA,11001661,21791778,13280275,49821287,"credit union, under 100m",credit union
6672,526220,20844,64180,0,29361,40693,0,0,U S EMPLOYEES,WV,0,85024,29361,114385,"credit union, under 100m",credit union
6674,38362735,10004359,6949141,171908,749348,5497896,2470,6479755,HOME,WV,6482225,16953500,749348,24356981,"credit union, under 100m",credit union
6679,149669435,45582760,24627963,0,4206477,12072809,3105182,27341149,ACT 1ST,MD,30446331,70210723,4206477,104863531,"credit union, 100m to 1bn",credit union
6680,466655797,28454664,5983858,10857852,8473962,76367877,6669935,75800703,AOD,AL,82470638,34438522,8473962,136240974,"credit union, 100m to 1bn",credit union
6681,2096431841,29680748,17490897,7422350,12819939,211345618,86072669,513129254,CALTECH EMPLOYEES,CA,599201923,47171645,12819939,666615857,"credit union, 1 to 10bn",credit union
6685,399348275,133034174,55994990,0,16424851,61727376,5028627,31987667,WEPCO,MD,37016294,189029164,16424851,242470309,"credit union, 100m to 1bn",credit union
6687,11336148,2728005,3002348,0,1132068,2674038,0,107683,T & P LONGVIEW,TX,107683,5730353,1132068,6970104,"credit union, under 100m",credit union
6689,14076258,1014544,1243636,0,375457,1579296,93290,191669,LATROBE,PA,284959,2258180,375457,2918596,"credit union, under 100m",credit union
6694,8661031966,2334530818,751023033,327766257,194265643,1281561995,1148310730,939501286,MEMBERS 1ST,PA,2087812016,3085553851,194265643,5695397767,"credit union, 1 to 10bn",credit union
6700,11701018,1739247,1149949,0,1988246,5463672,0,0,JERSEY CITY FIREMEN,NJ,0,2889196,1988246,4877442,"credit union, under 100m",credit union
6711,64822927,4109304,1707918,566109,1237875,8746850,7289884,13058318,SANTA BARBARA COUNTY,CA,20348202,5817222,1237875,27969408,"credit union, under 100m",credit union
6722,152782957,19905168,5341134,2035897,3344590,23312249,0,3892256,GROVE CITY AREA,PA,3892256,25246302,3344590,34519045,"credit union, 100m to 1bn",credit union
6723,37317687,3034498,2955984,746522,1969629,5116895,2191236,7219,FRANKLIN JOHNSTOWN,PA,2198455,5990482,1969629,10905088,"credit union, under 100m",credit union
6725,18433360,3112852,2988704,0,2547747,3273386,0,0,L R F D,AR,0,6101556,2547747,8649303,"credit union, under 100m",credit union
6726,20080715,3589211,2725779,0,306940,3670523,0,0,TEMPLE-INLAND,TX,0,6314990,306940,6621930,"credit union, under 100m",credit union
6739,23374674,130440,515119,1043511,1720083,3635270,1128606,1302810,MID-STATE,NJ,2431416,645559,1720083,5840569,"credit union, under 100m",credit union
6743,690385547,173737067,98218495,9605684,39348925,129938458,11610895,67067504,ABILENE TEACHERS,TX,78678399,271955562,39348925,399588570,"credit union, 100m to 1bn",credit union
6747,83446168,18734546,2103662,2201768,804702,16522054,8822355,10104183,DYNAMIC,OH,18926538,20838208,804702,42771216,"credit union, under 100m",credit union
6772,11643904,4324572,1212858,175520,567872,583359,0,1996960,SORG BAY WEST,OH,1996960,5537430,567872,8277782,"credit union, under 100m",credit union
6774,420774376,92802584,20514782,4759206,10288252,68149023,7765649,88415376,COOSA PINES,AL,96181025,113317366,10288252,224545849,"credit union, 100m to 1bn",credit union
6775,2762633315,535206561,137978418,61374875,39927097,290923462,158649972,636808278,Y-12,TN,795458250,673184979,39927097,1569945201,"credit union, 1 to 10bn",credit union
6778,984414967,174429032,50030659,9850139,6914383,120018283,26815485,293168389,ENRICHMENT,TN,319983874,224459691,6914383,561208087,"credit union, 100m to 1bn",credit union
6785,134709541,9329898,6219277,2463590,1373159,20020215,756472,1816158,LESCO,PA,2572630,15549175,1373159,21958554,"credit union, 100m to 1bn",credit union
6832,259523605,46507362,17211194,11555650,1264485,26446263,12454223,36200284,GERBER,MI,48654507,63718556,1264485,125193198,"credit union, 100m to 1bn",credit union
6844,92235499,9998024,12027872,1460650,1850785,9612274,3793414,16646398,TRAVERSE CATHOLIC,MI,20439812,22025896,1850785,45777143,"credit union, under 100m",credit union
6853,318835491,48557951,7828786,0,5392932,41580589,2751685,37956121,GREAT PLAINS,MO,40707806,56386737,5392932,102487475,"credit union, 100m to 1bn",credit union
6859,29054772,10151776,3992586,0,1240604,2998888,79190,3653667,ARTESIAN,GA,3732857,14144362,1240604,19117823,"credit union, under 100m",credit union
6870,203358825,27606706,16758021,2168635,2713051,30553399,16552338,30131016,FINANCIAL TRUST,NY,46683354,44364727,2713051,95929767,"credit union, 100m to 1bn",credit union
6871,41656641,1787807,732170,991261,1131298,6236857,4166839,584542,CHIROPRACTIC,MI,4751381,2519977,1131298,9393917,"credit union, under 100m",credit union
6878,82715751,14478210,1976316,2708876,2311866,10074431,1284726,30632174,RVA FINANCIAL,VA,31916900,16454526,2311866,53392168,"credit union, under 100m",credit union
6885,1040779853,210393965,47935512,19762299,29851324,78984655,97883907,230835745,PEOPLE FIRST,PA,328719652,258329477,29851324,636662752,"credit union, 1 to 10bn",credit union
6898,20870944,3335652,3861899,295680,790179,2475938,0,1697464,ACADIAN,LA,1697464,7197551,790179,9980874,"credit union, under 100m",credit union
6918,315626686,25750125,120320335,4067605,45239729,34843262,0,19456305,VAPR,PR,19456305,146070460,45239729,214834099,"credit union, 100m to 1bn",credit union
6920,46402842,6402590,1665079,0,83640,15987086,0,15855331,NEPHI WESTERN EMPLOYEES,UT,15855331,8067669,83640,24006640,"credit union, under 100m",credit union
6930,17695273,3089252,879428,0,870966,1520190,1104228,901880,CADETS,NY,2006108,3968680,870966,6845754,"credit union, under 100m",credit union
6936,145484838,13508220,5077109,778647,305895,21326512,3236268,20413514,CENTRAL MAINE,ME,23649782,18585329,305895,43319653,"credit union, 100m to 1bn",credit union
6944,8026285,348352,330233,0,1117739,2245134,0,0,JERSEY CITY POLICE,NJ,0,678585,1117739,1796324,"credit union, under 100m",credit union
6949,16106300,3690908,1031507,148586,232204,1448447,8396,0,NORTHWESTERN,OH,8396,4722415,232204,5111601,"credit union, under 100m",credit union
6974,52188631,17976667,5277851,0,2484683,10723158,519752,2117807,CONSUMERS COOPERATIVE,NE,2637559,23254518,2484683,28376760,"credit union, under 100m",credit union
6986,204895685,62822445,11278442,0,3408401,19609304,18752085,39289395,NORTHERN HILLS,SD,58041480,74100887,3408401,135550768,"credit union, 100m to 1bn",credit union
6992,18828630,2970039,1136417,0,764823,1880173,119295,3175528,COTEAU VALLEY,SD,3294823,4106456,764823,8166102,"credit union, under 100m",credit union
7000,2760466663,476574779,313483863,46108190,91039954,437426439,183133381,698361216,ABOUND,KY,881494597,790058642,91039954,1808701383,"credit union, 1 to 10bn",credit union
7002,102397993,13100272,1089449,692946,891228,15483804,7583195,7850124,CROSSROADS FINANCIAL,IN,15433319,14189721,891228,31207214,"credit union, 100m to 1bn",credit union
7020,40862374,4237775,1421778,168608,415796,5769907,1768299,10562471,M O,SD,12330770,5659553,415796,18574727,"credit union, under 100m",credit union
7021,11129171,1606472,657427,1286582,334419,1120652,738003,238426,DACOTAH,SD,976429,2263899,334419,4861329,"credit union, under 100m",credit union
7023,20221499,4490933,3171726,452808,1344689,2462860,0,3018299,PORT ARTHUR COMMUNITY,TX,3018299,7662659,1344689,12478455,"credit union, under 100m",credit union
7024,5694478,707969,1569748,0,510324,880833,0,0,SOUTH TEXAS REGIONAL,TX,0,2277717,510324,2788041,"credit union, under 100m",credit union
7027,11727667,3321589,4806555,0,217100,2018014,0,0,INTERNATIONALITES,NM,0,8128144,217100,8345244,"credit union, under 100m",credit union
7039,23969077,5518574,8743820,0,759828,2250794,0,614614,MONROE COUNTY TEACHERS,FL,614614,14262394,759828,15636836,"credit union, under 100m",credit union
7045,1649289,61022,127350,0,318748,174604,0,0,JUDICIAL & JUSTICE,LA,0,188372,318748,507120,"credit union, under 100m",credit union
7063,372740891,144731036,33779405,5636855,4695028,39671282,20137862,42011322,GREAT BASIN,NV,62149184,178510441,4695028,250991508,"credit union, 100m to 1bn",credit union
7064,675917139,47591106,18228832,22299771,12233950,73300511,63469088,280217520,SUN,OH,343686608,65819938,12233950,444040267,"credit union, 100m to 1bn",credit union
7066,44380856,9782578,1812593,251531,382917,5985712,3037500,4638085,EASTERN INDIANA,IN,7675585,11595171,382917,19905204,"credit union, under 100m",credit union
7067,44173123,10914123,1575386,0,2369947,7739245,822598,6848802,FT RANDALL,SD,7671400,12489509,2369947,22530856,"credit union, under 100m",credit union
7069,9974426,3254423,1324370,0,1489956,1489327,0,0,BLOOMFIELD FIRE AND POLICE,NJ,0,4578793,1489956,6068749,"credit union, under 100m",credit union
7072,23122779,9213397,5895957,0,831692,2841933,0,27201,ASHLAND COMMUNITY,OH,27201,15109354,831692,15968247,"credit union, under 100m",credit union
7088,30767588,2925879,3934183,703710,2246146,5613078,2452395,0,CINCINNATI INTERAGENCY,OH,2452395,6860062,2246146,12262313,"credit union, under 100m",credit union
7091,646349729,148414720,53732022,7615124,21772376,82480086,86028987,142553148,METRO CU,NE,228582135,202146742,21772376,460116377,"credit union, 100m to 1bn",credit union
7101,147924251,11227090,7146888,4902583,283631,14809494,2215861,41949550,CHENEY,WA,44165411,18373978,283631,67725603,"credit union, 100m to 1bn",credit union
7118,14677960,1372607,1793576,0,150682,1977249,655743,1895781,DUNLOP EMPLOYEES,NY,2551524,3166183,150682,5868389,"credit union, under 100m",credit union
7129,184003402,47006005,36870643,92973,5323003,22277895,731992,7061631,CHEMCEL,TX,7793623,83876648,5323003,97086247,"credit union, 100m to 1bn",credit union
7149,42489329,1341663,992718,520006,466170,6485077,2005153,0,BISON,OK,2005153,2334381,466170,5325710,"credit union, under 100m",credit union
7151,198869868,61205352,29303540,2351888,1749834,40228210,2726162,21675145,OKLAHOMA,OK,24401307,90508892,1749834,119011921,"credit union, 100m to 1bn",credit union
7154,24423362,9883311,3291038,449853,284584,3631211,338265,2731314,OK MEMBERS FIRST,OK,3069579,13174349,284584,16978365,"credit union, under 100m",credit union
7172,1266721,0,0,0,93863,449020,0,0,ST. PHILIP'S CHURCH,NY,0,0,93863,93863,"credit union, under 100m",credit union
7182,59224276,9940529,1905444,0,1753285,9209674,4569125,11845836,SUMMIT,OH,16414961,11845973,1753285,30014219,"credit union, under 100m",credit union
7184,135095336,9943359,2404415,7891890,21499747,15781302,12022798,12879170,LIBERTY SAVINGS,NJ,24901968,12347774,21499747,66641379,"credit union, 100m to 1bn",credit union
7210,10029999,2753687,855255,0,45840,1017470,62343,1108822,HEMINGFORD COMMUNITY,NE,1171165,3608942,45840,4825947,"credit union, under 100m",credit union
7217,2041577923,23845747,5450171,3606459,938348,350351300,36436068,753641946,SELF RELIANCE FINANCIAL,NY,790078014,29295918,938348,823918739,"credit union, 1 to 10bn",credit union
7219,268765170,14914408,4965268,1495192,238857,37323362,8465748,109104237,ST. FRANCIS X,MI,117569985,19879676,238857,139183710,"credit union, 100m to 1bn",credit union
7238,2037181297,99504066,35751703,0,123469575,255147060,241018183,429153446,PHILADELPHIA,PA,670171629,135255769,123469575,928896973,"credit union, 1 to 10bn",credit union
7244,141373068,64398062,17450279,361766,2061563,16173199,23083922,7384344,UNITED BUSINESS & INDUSTRY,CT,30468266,81848341,2061563,114739936,"credit union, 100m to 1bn",credit union
7253,4759588,1023716,1005672,0,494839,416592,0,0,EAST BATON ROUGE TEACHERS,LA,0,2029388,494839,2524227,"credit union, under 100m",credit union
7256,115747,8983,0,0,1858,28922,0,0,COMMUNITY,IL,0,8983,1858,10841,"credit union, under 100m",credit union
7264,105468925,9471457,2665390,2426735,1822844,12317341,4376226,30589352,MONEY ONE,MD,34965578,12136847,1822844,51352004,"credit union, 100m to 1bn",credit union
7297,134019828,38115274,24228124,5144124,7484202,12804621,31457418,6254766,PHEPLE,PA,37712184,62343398,7484202,112683908,"credit union, 100m to 1bn",credit union
7301,611025,2022,0,0,6614,129656,0,0,UNION,LA,0,2022,6614,8636,"credit union, under 100m",credit union
7307,31931628,2655648,577501,481144,334106,4931502,0,0,CHEYENNE-LARAMIE COUNTY EMPLOYEES,WY,0,3233149,334106,4048399,"credit union, under 100m",credit union
7316,1703564884,158355459,33828606,21802695,31871060,160195143,69090281,352621749,PIMA,AZ,421712030,192184065,31871060,667569850,"credit union, 1 to 10bn",credit union
7331,26112706,4497765,2462097,911104,821051,3279282,2024026,1337279,LOUISIANA CATHOLIC,LA,3361305,6959862,821051,12053322,"credit union, under 100m",credit union
7345,799898181,158577101,139304359,20220816,211203826,96303444,1704780,41093332,CARIBE,PR,42798112,297881460,211203826,572104214,"credit union, 100m to 1bn",credit union
7346,1185426946,19731039,3318653,9685453,2444193,145422086,4710995,406622625,SELFRELIANCE,IL,411333620,23049692,2444193,446512958,"credit union, 1 to 10bn",credit union
7361,2309562069,666633289,198559063,36128956,41510676,190528836,176425006,436953366,BLUE,WY,613378372,865192352,41510676,1556210356,"credit union, 1 to 10bn",credit union
7376,16799495,1778038,1274322,674348,1226581,1998034,30773,877300,FLEUR-DE-LIS,LA,908073,3052360,1226581,5861362,"credit union, under 100m",credit union
7392,22343681,6916904,2988200,280897,1016520,3930150,28294,84892,FORTRESS,IN,113186,9905104,1016520,11315707,"credit union, under 100m",credit union
7397,4847148812,998392892,383494982,95163627,108005133,705082505,246027155,1314788248,ASCEND,TN,1560815403,1381887874,108005133,3145872037,"credit union, 1 to 10bn",credit union
7405,25573931,8468623,4527473,0,779955,3229184,1601474,173503,SEG,MT,1774977,12996096,779955,15551028,"credit union, under 100m",credit union
7415,129124600,18977238,14096911,0,608594,17103542,6188649,6065982,UNITED COMMUNITY,PA,12254631,33074149,608594,45937374,"credit union, 100m to 1bn",credit union
7423,33996712,834391,1400215,0,601290,5836505,13264188,4461019,SIGNIA,HI,17725207,2234606,601290,20561103,"credit union, under 100m",credit union
7428,132431362,22323301,7005881,3521485,4067142,15541489,55702,7874010,STRAITS AREA,MI,7929712,29329182,4067142,44847521,"credit union, 100m to 1bn",credit union
7448,1088170216,177189455,53618989,29374516,21261556,181247900,134295870,174055100,1ST ADVANTAGE,VA,308350970,230808444,21261556,589795486,"credit union, 1 to 10bn",credit union
7465,202746957,24791834,15475893,5149313,4035005,27460974,26236025,37579326,AWAKON,MI,63815351,40267727,4035005,113267396,"credit union, 100m to 1bn",credit union
7471,38282919,1609193,914398,0,3621596,7096589,524383,7421550,MOLOKAI COMMUNITY,HI,7945933,2523591,3621596,14091120,"credit union, under 100m",credit union
7473,6883800,2114222,1063125,0,393334,1712435,0,0,ALEXANDRIA T & P,LA,0,3177347,393334,3570681,"credit union, under 100m",credit union
7504,6875845,0,0,0,203698,766062,0,0,CONCORD,NY,0,0,203698,203698,"credit union, under 100m",credit union
7509,80780836,7629516,1838339,4778046,947934,8860704,535610,15368548,MUSKEGON,MI,15904158,9467855,947934,31097993,"credit union, under 100m",credit union
7520,44222661,4186529,2618654,509430,1091650,2623213,2645747,4059077,GULF COAST,AL,6704824,6805183,1091650,15111087,"credit union, under 100m",credit union
7524,365860050,55453876,22401577,276367,2397627,52360821,1392817,24858613,C-PLANT,KY,26251430,77855453,2397627,106780877,"credit union, 100m to 1bn",credit union
7531,2599376017,1674164045,105770049,35000785,27283752,230348727,116025624,0,HUGHES,AZ,116025624,1779934094,27283752,1958244255,"credit union, 1 to 10bn",credit union
7532,51892376,10043879,2889165,658562,7801763,6783999,172729,4514788,TUSCALOOSA V A,AL,4687517,12933044,7801763,26080886,"credit union, under 100m",credit union
7534,14225826,4280417,2350632,99287,1243747,3258005,0,0,HIALEAH MUNICIPAL EMPLOYEES,FL,0,6631049,1243747,7974083,"credit union, under 100m",credit union
7544,8590650023,853346306,108761582,259642832,190240837,1190950173,517195298,1065746475,REDSTONE,AL,1582941773,962107888,190240837,2994933330,"credit union, 1 to 10bn",credit union
7546,27630636,3220291,908852,398742,607705,2551562,1885536,4220403,RIDGELINE,UT,6105939,4129143,607705,11241529,"credit union, under 100m",credit union
7552,223287127,29476571,19922807,8298324,19449278,51148282,5786838,22271228,HARRIS COUNTY,TX,28058066,49399378,19449278,105205046,"credit union, 100m to 1bn",credit union
7557,102659855,18017219,2112930,1120599,4584448,12913376,8473183,28617820,GLENDALE,CA,37091003,20130149,4584448,62926199,"credit union, 100m to 1bn",credit union
7573,537765748,66524952,20795081,15027269,18529967,42735815,131179658,193945967,ARLINGTON COMMUNITY,VA,325125625,87320033,18529967,446002894,"credit union, 100m to 1bn",credit union
7590,995412135,192461439,169298863,5073221,5278917,70847962,45255825,338807137,GREATER TEXAS,TX,384062962,361760302,5278917,756175402,"credit union, 100m to 1bn",credit union
7599,18781503,2673448,675191,0,560910,2336491,151173,3940122,HURON AREA EDUCATION,SD,4091295,3348639,560910,8000844,"credit union, under 100m",credit union
7608,882452962,21575480,6785799,16797416,7010174,65622074,10561866,375030309,OCEANAIR,CA,385592175,28361279,7010174,437761044,"credit union, 100m to 1bn",credit union
7610,33140928,13276035,2116927,231201,382377,2729816,0,5857193,SUNFLOWER COMMUNITY,KS,5857193,15392962,382377,21863733,"credit union, under 100m",credit union
7628,51451658,2168534,1100583,1765695,1743590,6209045,376184,854861,SOUTHEAST MICHIGAN STATE EMPLOYEES,MI,1231045,3269117,1743590,8009447,"credit union, under 100m",credit union
7633,22109732,1739635,988627,0,823499,2119510,55503,4380265,WARREN MUNICIPAL,MI,4435768,2728262,823499,7987529,"credit union, under 100m",credit union
7641,142503610,51386104,6392238,0,4827105,16566218,5356832,34393718,OZARK,MO,39750550,57778342,4827105,102355997,"credit union, 100m to 1bn",credit union
7644,38548066,5053023,1797934,0,3403410,6635589,0,0,GOGEBIC COUNTY,MI,0,6850957,3403410,10254367,"credit union, under 100m",credit union
7652,82220786,6704762,1083562,496701,645798,8170857,5824968,24897526,WESTPORT,MA,30722494,7788324,645798,39653317,"credit union, under 100m",credit union
7656,27635600,4709146,1910711,0,927485,3064146,180241,3132344,OLEAN TEACHERS' AND POSTAL,NY,3312585,6619857,927485,10859927,"credit union, under 100m",credit union
7662,15733584,7170762,652043,0,1227028,1303368,0,4234,GARDEN CITY TEACHERS,KS,4234,7822805,1227028,9054067,"credit union, under 100m",credit union
7672,63064531,10073066,1445519,390323,1535319,6611175,1081039,2706242,BARAGA COUNTY,MI,3787281,11518585,1535319,17231508,"credit union, under 100m",credit union
7674,79140497,18656801,6355186,676564,1142563,8076932,6537670,2406110,YOUR LEGACY,OH,8943780,25011987,1142563,35774894,"credit union, under 100m",credit union
7677,2137565,423572,215340,0,240910,453101,0,0,W T N M ATLANTIC,TX,0,638912,240910,879822,"credit union, under 100m",credit union
7688,545832945,171012144,70535885,9422466,3187151,53533930,20343519,174699275,PARTNERS 1ST,IN,195042794,241548029,3187151,449200440,"credit union, 100m to 1bn",credit union
7715,11681558,4590296,1980220,0,292832,1828600,0,0,EM,AZ,0,6570516,292832,6863348,"credit union, under 100m",credit union
7716,28046143,2880284,3379124,0,465943,6030881,435140,9515292,GLENDIVE BN,MT,9950432,6259408,465943,16675783,"credit union, under 100m",credit union
7717,165893405,10807129,12927123,2671308,6546796,16316809,9507398,4385495,INNER LAKES,NY,13892893,23734252,6546796,46845249,"credit union, 100m to 1bn",credit union
7722,297836140,48395655,20004057,4034334,19853951,32376894,5468093,29997877,HOMEBASE,VA,35465970,68399712,19853951,127753967,"credit union, 100m to 1bn",credit union
7723,324395826,25512813,3289522,7016316,7195232,30900859,49313429,73295904,360,CT,122609333,28802335,7195232,165623216,"credit union, 100m to 1bn",credit union
7724,34063593,2215315,3302794,163025,471122,4712474,4939362,0,JESSOP COMMUNITY,PA,4939362,5518109,471122,11091618,"credit union, under 100m",credit union
7731,10700574,1908461,1341509,0,543525,1473973,0,0,METHODIST HOSPITAL EMPLOYEES,TX,0,3249970,543525,3793495,"credit union, under 100m",credit union
7748,392612368,8461224,5731646,8413870,30823425,52254388,23250092,59492335,CASCADE,WA,82742427,14192870,30823425,136172592,"credit union, 100m to 1bn",credit union
7770,122806508,19087628,11939564,3293876,4430892,10552400,8697530,6514413,THINKWISE,CA,15211943,31027192,4430892,53963903,"credit union, 100m to 1bn",credit union
7776,313660592,70696087,4503243,122171,3588124,22996414,20372909,57598495,LOOKOUT,ID,77971404,75199330,3588124,156881029,"credit union, 100m to 1bn",credit union
7790,21555712,3792659,4350417,0,1057827,2708718,0,0,RALEIGH COUNTY,WV,0,8143076,1057827,9200903,"credit union, under 100m",credit union
7817,118827940,17314558,6613728,1873466,823243,27797236,5278607,8268195,SEA AIR,CA,13546802,23928286,823243,40171797,"credit union, 100m to 1bn",credit union
7821,50778809,14249882,5968651,867182,3492857,4793276,254034,5565441,WEST BRANCH VALLEY,PA,5819475,20218533,3492857,30398047,"credit union, under 100m",credit union
7822,101743576,24976351,14856371,992486,3976949,13920671,0,323870,CANNON,NM,323870,39832722,3976949,45126027,"credit union, 100m to 1bn",credit union
7825,174016824,16340735,7714368,3108455,1079022,23661098,15979345,26094063,EXCEL,GA,42073408,24055103,1079022,70315988,"credit union, 100m to 1bn",credit union
7835,1293726752,124063105,159480434,37032976,117034329,134368906,136512953,135079905,RIZE,CA,271592858,283543539,117034329,709203702,"credit union, 1 to 10bn",credit union
7840,5615162397,836311650,310640371,152082183,300080765,571972663,752735685,937848876,TRULIANT,NC,1690584561,1146952021,300080765,3289699530,"credit union, 1 to 10bn",credit union
7842,38829669,4462265,1372441,0,1815874,4196172,4187444,4426472,NORWIN TEACHERS,PA,8613916,5834706,1815874,16264496,"credit union, under 100m",credit union
7846,43389104,2294366,5558064,6845,3008125,5443561,662362,2951563,SOLUTIONS,NY,3613925,7852430,3008125,14481325,"credit union, under 100m",credit union
7870,283781432,58128327,11532224,0,7116805,31375049,14361318,25531964,FIRST FLIGHT,NC,39893282,69660551,7116805,116670638,"credit union, 100m to 1bn",credit union
7873,116950682,31998529,9557517,1558563,2041100,17444314,5125778,1214741,MARQUETTE COMMUNITY,MI,6340519,41556046,2041100,51496228,"credit union, 100m to 1bn",credit union
7877,930126,84709,0,0,185466,140899,0,0,FOURTH WARD,LA,0,84709,185466,270175,"credit union, under 100m",credit union
7910,7067008,1672201,659303,378359,108859,965838,1236785,925060,WEST MICHIGAN POSTAL SERVICE,MI,2161845,2331504,108859,4980567,"credit union, under 100m",credit union
7916,1229440509,234838328,170464560,29337189,53414904,180199089,17535119,310444052,NECHES,TX,327979171,405302888,53414904,816034152,"credit union, 1 to 10bn",credit union
7925,149619066,21421140,11016458,2475835,3201328,18597575,17670440,32073457,GREAT ERIE,NY,49743897,32437598,3201328,87858658,"credit union, 100m to 1bn",credit union
7955,131137806,7868433,7444703,1313477,3524906,10833761,16571748,31511842,BRAGG MUTUAL,NC,48083590,15313136,3524906,68235109,"credit union, 100m to 1bn",credit union
7958,37931568,1280359,567154,710098,1639902,4756363,790313,3789979,LAKEHURST NAVAL,NJ,4580292,1847513,1639902,8777805,"credit union, under 100m",credit union
7960,413834106,59582741,66367721,0,10136635,54484693,3081357,64503115,WHITE SANDS,NM,67584472,125950462,10136635,203671569,"credit union, 100m to 1bn",credit union
7970,90018352,1301702,13885226,0,22723116,21145627,0,0,ST. THOMAS,VI,0,15186928,22723116,37910044,"credit union, under 100m",credit union
7989,34001717,1434616,6777559,0,3651235,7016024,0,0,CHRISTIANSTED,VI,0,8212175,3651235,11863410,"credit union, under 100m",credit union
7992,48378024,4532318,2558765,0,4020037,6022990,6440641,19790991,AFL CIO EMPLOYEES,DC,26231632,7091083,4020037,37342752,"credit union, under 100m",credit union
8000,140033754,1437219,1603125,904705,266502,18926890,149072,25737212,UKRAINIAN SELFRELIANCE MICHIGAN,MI,25886284,3040344,266502,30097835,"credit union, 100m to 1bn",credit union
8001,3667548,515089,202143,0,246274,350126,0,0,MVP POSTAL AND PRINTING,MD,0,717232,246274,963506,"credit union, under 100m",credit union
8006,8440010,1113369,1202737,51833,599259,3169319,0,534738,STATE AGENCIES,LA,534738,2316106,599259,3501936,"credit union, under 100m",credit union
8037,14260269,1998779,771521,0,342421,1770291,0,3104760,FORT PECK COMMUNITY,MT,3104760,2770300,342421,6217481,"credit union, under 100m",credit union
8039,44869719,6478084,6355144,587734,647985,4040221,6883661,2261972,DAKOTA STAR,SD,9145633,12833228,647985,23214580,"credit union, under 100m",credit union
8052,10461287,2423666,1010782,131963,431695,1382471,0,0,MISSISSIPPI DHS,MS,0,3434448,431695,3998106,"credit union, under 100m",credit union
8059,69523128,28132012,13523615,553305,783926,10311598,9871,15179,LATITUDE 32,SC,25050,41655627,783926,43017908,"credit union, under 100m",credit union
8069,24074726,2104822,2022047,0,1762129,4210902,0,20522,FREDERIKSTED,VI,20522,4126869,1762129,5909520,"credit union, under 100m",credit union
8074,12620567,1396062,799837,0,217905,2120329,0,0,RAPIDES GENERAL HOSPITAL EMPL,LA,0,2195899,217905,2413804,"credit union, under 100m",credit union
8077,25052288,5355863,2220207,963619,398525,4876869,1190785,1187564,NORTHWEST CONSUMERS,MI,2378349,7576070,398525,11316563,"credit union, under 100m",credit union
8097,1740475,186697,476194,0,55052,177038,0,0,TRICOUNTY,MT,0,662891,55052,717943,"credit union, under 100m",credit union
8100,135904201,10770491,5907367,0,2265349,19888721,17112315,17494886,ALASKA AIR GROUP,WA,34607201,16677858,2265349,53550408,"credit union, 100m to 1bn",credit union
8110,228613630,43151470,16836884,10361767,5161498,21680937,12074507,24945983,NEW CUMBERLAND,PA,37020490,59988354,5161498,112532109,"credit union, 100m to 1bn",credit union
8111,19565099575,2648440462,709626757,648531919,449946128,2625183950,1218676577,5443950556,RANDOLPH-BROOKS,TX,6662627133,3358067219,449946128,11119172399,"credit union, over 10bn",credit union
8113,79222756,9463036,3717736,2618916,4786447,13771997,1844256,11605132,WESTEDGE,WA,13449388,13180772,4786447,34035523,"credit union, under 100m",credit union
8116,9915449653,488908290,157354558,114854637,279171188,1093402916,963620769,2229776059,TEACHERS,NY,3193396828,646262848,279171188,4233685501,"credit union, 1 to 10bn",credit union
8118,14195282,2261403,3368808,0,3311347,3861697,830641,80007,PATH,NJ,910648,5630211,3311347,9852206,"credit union, under 100m",credit union
8119,30399548,8431762,3203079,653636,1091979,4887173,2483937,6405815,KENOWA COMMUNITY,MI,8889752,11634841,1091979,22270208,"credit union, under 100m",credit union
8129,24172635,5325835,2393821,165493,997694,3754960,1081486,1099996,MOUNTAIN WEST,MT,2181482,7719656,997694,11064325,"credit union, under 100m",credit union
8132,77021221,14873205,5774594,952029,379190,15417450,2253370,8266552,SAFEWAY,WA,10519922,20647799,379190,32498940,"credit union, under 100m",credit union
8141,12441348,1629718,1076356,0,530930,1375831,709850,3676823,MUSKEGON ST JOSEPH,MI,4386673,2706074,530930,7623677,"credit union, under 100m",credit union
8169,555569273,46269490,13569191,9049658,8114067,37962421,78747470,110635683,SOARION,TX,189383153,59838681,8114067,266385559,"credit union, 100m to 1bn",credit union
8187,382679453,38241621,17735735,20853559,30167075,43945840,45515038,39940352,AMERICAN UNITED,UT,85455390,55977356,30167075,192453380,"credit union, 100m to 1bn",credit union
8212,138207963,16962577,3430288,1488098,1526185,18483089,6393050,33943532,BREAKWATER,MI,40336582,20392865,1526185,63743730,"credit union, 100m to 1bn",credit union
8216,512512,0,0,0,0,287633,0,0,QUINDARO HOMES,KS,0,0,0,0,"credit union, under 100m",credit union
8218,872067858,51264993,10222242,15677346,5882349,84797579,193898297,309150423,CENTRAL ONE,MA,503048720,61487235,5882349,586095650,"credit union, 100m to 1bn",credit union
8229,94509755,24205904,14621126,877148,2500736,11878911,2852239,5290894,FIRST CHOICE,PA,8143133,38827030,2500736,50348047,"credit union, under 100m",credit union
8230,82699669,6761250,406542,869206,771424,6655313,4950638,45214982,TECHNICOLOR,CA,50165620,7167792,771424,58974042,"credit union, under 100m",credit union
8237,69194636,4559579,3475967,1651790,2085824,5930356,0,5555194,SOUTH TEXAS,TX,5555194,8035546,2085824,17328354,"credit union, under 100m",credit union
8255,1264031,451007,298621,0,154706,-440361,0,0,HOBART IND SCHOOL EMPLOYEES,IN,0,749628,154706,904334,"credit union, under 100m",credit union
8261,28136515,1039816,1290051,474515,171956,3205953,4426497,12160134,MATTEL,CA,16586631,2329867,171956,19562969,"credit union, under 100m",credit union
8290,229006059,84631522,24512882,2741458,2986184,20124815,10228594,9808748,THE PEOPLE'S,TX,20037342,109144404,2986184,134909388,"credit union, 100m to 1bn",credit union
8298,37949160,4930038,4274322,558352,1697642,7063431,0,888622,GOLDEN TRIANGLE,TX,888622,9204360,1697642,12348976,"credit union, under 100m",credit union
8299,120004451,42259033,22222383,1212424,3555419,16865540,1180120,494182,ESTACADO,NM,1674302,64481416,3555419,70923561,"credit union, 100m to 1bn",credit union
8317,53108852,6021868,2682016,1041463,1250922,4985491,2470079,3581739,CUTTING EDGE,OR,6051818,8703884,1250922,17048087,"credit union, under 100m",credit union
8333,5002789547,861694324,99267112,147840998,70533001,715827749,1553194366,1059818883,TOWER,MD,2613013249,960961436,70533001,3792348684,"credit union, 1 to 10bn",credit union
8339,4711497,613916,184986,0,848374,936886,0,0,PATERSON POLICE,NJ,0,798902,848374,1647276,"credit union, under 100m",credit union
8344,76438108,8009219,7021635,1854801,3093171,17300928,1637151,21106101,KBR HERITAGE,TX,22743252,15030854,3093171,42722078,"credit union, under 100m",credit union
8349,85050462,6650118,3104569,1758826,1732186,10234735,2126615,6032051,SHORE TO SHORE COMMUNITY,MI,8158666,9754687,1732186,21404365,"credit union, under 100m",credit union
8367,100714482,25125544,5918740,1123081,2553083,16031403,3722522,14181936,GARDINER,ME,17904458,31044284,2553083,52624906,"credit union, 100m to 1bn",credit union
8413,37972432,4201519,1913190,1001185,1496963,5664907,0,0,PORT ARTHUR TEACHERS,TX,0,6114709,1496963,8612857,"credit union, under 100m",credit union
8418,59934158,8096875,9551201,693990,1027361,11541985,0,2236649,STRIP STEEL COMMUNITY,WV,2236649,17648076,1027361,21606076,"credit union, under 100m",credit union
8428,292397874,39405471,7530985,4709635,1538526,28212620,42323485,131161783,ADVANTAGE PLUS,ID,173485268,46936456,1538526,226669885,"credit union, 100m to 1bn",credit union
8433,71201383,11502039,6676029,264419,1948596,8851793,0,10801898,MERIDIAN MUTUAL,MS,10801898,18178068,1948596,31192981,"credit union, under 100m",credit union
8435,103939055,6813064,7272381,2057714,2458284,9819171,25672187,10701274,KO`OLAU,HI,36373461,14085445,2458284,54974904,"credit union, 100m to 1bn",credit union
8442,89104367,13184634,3161097,2015322,2623382,15972444,354203,7835557,MY PENSACOLA,FL,8189760,16345731,2623382,29174195,"credit union, under 100m",credit union
8445,60869422,29650523,4066896,1696787,4780304,-88479698,0,206740,JACKSON AREA,MS,206740,33717419,4780304,40401250,"credit union, under 100m",credit union
8474,11963415,4885099,1613589,0,1166286,949353,0,0,WILLOW ISLAND,WV,0,6498688,1166286,7664974,"credit union, under 100m",credit union
8475,535324787,94248773,58620871,4094534,13379058,83179606,2949407,56937012,OTERO,NM,59886419,152869644,13379058,230229655,"credit union, 100m to 1bn",credit union
8486,621202378,82195396,29224264,25472112,12146771,52765126,98644001,225408622,TOWN & COUNTRY,ME,324052623,111419660,12146771,473091166,"credit union, 100m to 1bn",credit union
8512,119147351,18670123,25510439,4028746,3184169,10739960,7899366,8844362,SALT CITY,NY,16743728,44180562,3184169,68137205,"credit union, 100m to 1bn",credit union
8523,255746891,36213256,8550356,5723660,5168665,25705824,63019393,65545429,CACL,PA,128564822,44763612,5168665,184220759,"credit union, 100m to 1bn",credit union
8530,141817344,13290418,14411720,694895,1445635,20699432,0,9776832,KRAFTMAN,LA,9776832,27702138,1445635,39619500,"credit union, 100m to 1bn",credit union
8540,44502001,5869638,2948174,454682,580258,3192403,3523020,9074775,R-S BELLCO,PA,12597795,8817812,580258,22450547,"credit union, under 100m",credit union
8548,240698052,64184707,7532652,1042672,9822480,22522211,21982530,69839777,ENCOMPASS,IN,91822307,71717359,9822480,174404818,"credit union, 100m to 1bn",credit union
8550,557402880,66769397,77173372,16871824,16422195,48243264,45934951,122875569,FREEDOM OF MARYLAND,MD,168810520,143942769,16422195,346047308,"credit union, 100m to 1bn",credit union
8554,1432442116,207639795,77784336,50794964,58841867,239634067,129643436,391634604,FIRST FINANCIAL OF MARYLAND,MD,521278040,285424131,58841867,916339002,"credit union, 1 to 10bn",credit union
8585,494732071,124988053,52176738,2646822,16988319,70558085,2358689,33001426,GENCO,TX,35360115,177164791,16988319,232160047,"credit union, 100m to 1bn",credit union
8588,43150255,6065029,856838,147580,526126,4808255,2089983,11254338,COMMUNITY 1ST,MT,13344321,6921867,526126,20939894,"credit union, under 100m",credit union
8593,5034981,1731985,226133,0,471300,360438,0,0,WATER'S EDGE,MS,0,1958118,471300,2429418,"credit union, under 100m",credit union
8609,44218781,1929446,10540573,1750123,2913016,3012781,3182269,231261,EDU,DE,3413530,12470019,2913016,20546688,"credit union, under 100m",credit union
8611,31915044,1945554,1435271,1002932,289889,4068892,4152975,3465310,CAPSTONE,CA,7618285,3380825,289889,12291931,"credit union, under 100m",credit union
8616,38433334,489150,137882,0,233908,7551051,2242564,8313437,ST. ANTHONY OF PADUA,MA,10556001,627032,233908,11416941,"credit union, under 100m",credit union
8618,11130357,564661,840999,239757,456875,1317809,571500,2203062,WILLIAMSVILLE,NY,2774562,1405660,456875,4876854,"credit union, under 100m",credit union
8625,10032745,202712,1567934,0,585724,1398365,0,0,ERIE FIREFIGHTERS,PA,0,1770646,585724,2356370,"credit union, under 100m",credit union
8626,2528813,558798,452123,0,180151,663280,0,0,ERIE POLICE,PA,0,1010921,180151,1191072,"credit union, under 100m",credit union
8642,24987253,6074816,1874701,0,5697746,2783737,0,1513689,HOWARD COUNTY EDUCATION,MD,1513689,7949517,5697746,15160952,"credit union, under 100m",credit union
8654,15353493,2189275,1931751,683629,1040549,1981243,0,0,TIPPECANOE,IN,0,4121026,1040549,5845204,"credit union, under 100m",credit union
8687,25953595,4732526,1603515,0,1526222,4370703,1975690,3404127,NORTH EAST WELCH,PA,5379817,6336041,1526222,13242080,"credit union, under 100m",credit union
8693,265441776,39179178,14170469,9207229,3828022,28909704,23235212,54083100,NIAGARA'S CHOICE,NY,77318312,53349647,3828022,143703210,"credit union, 100m to 1bn",credit union
8694,397395387,141750247,40384710,4198540,21158235,45339957,9542082,58272200,SINGING RIVER,MS,67814282,182134957,21158235,275306014,"credit union, 100m to 1bn",credit union
8701,54309761,7439933,1207954,1011318,698504,7055928,4385286,9752926,ELECTRICAL,CO,14138212,8647887,698504,24495921,"credit union, under 100m",credit union
8709,45207983,3358937,1384919,1189160,53134,5365226,823117,5593936,LAKESHORE,MI,6417053,4743856,53134,12403203,"credit union, under 100m",credit union
8715,421751565,63258913,62967507,5214684,6937191,57476470,6396294,42102671,1ST COMMUNITY,TX,48498965,126226420,6937191,186877260,"credit union, 100m to 1bn",credit union
8725,196308752,37742857,11502627,1902078,877412,17924250,14007343,46119019,COLORAMO,CO,60126362,49245484,877412,112151336,"credit union, 100m to 1bn",credit union
8733,210613891,13173618,1996570,541229,1499121,21607115,3114777,51110386,SUNLIGHT,WY,54225163,15170188,1499121,71435701,"credit union, 100m to 1bn",credit union
8749,11963463,4164293,1262509,970470,1069178,1847270,0,0,SNAKE RIVER,ID,0,5426802,1069178,7466450,"credit union, under 100m",credit union
8752,40736685,10256262,5063757,0,3170904,8409268,0,440294,SIOUX VALLEY COOP,SD,440294,15320019,3170904,18931217,"credit union, under 100m",credit union
8774,92759847,9695484,4669570,3944063,3598603,12450774,12626125,14608692,MCKESSON & HEALTHCARE PROVIDERS,CA,27234817,14365054,3598603,49142537,"credit union, under 100m",credit union
8791,51704823,7127248,2904907,279899,1176473,4809339,2333892,9939601,METRO COMMUNITY,WV,12273493,10032155,1176473,23762020,"credit union, under 100m",credit union
8797,1290142974,37508302,13875859,50547729,59991428,142446358,163483888,473988996,WRIGHT PATMAN CONGRESSIONAL,DC,637472884,51384161,59991428,799396202,"credit union, 1 to 10bn",credit union
8801,31770018,8903171,1863025,705620,363777,3585640,960364,819128,AVANTI,SD,1779492,10766196,363777,13615085,"credit union, under 100m",credit union
8812,64274107,14196871,5397211,0,1593233,8941266,0,15357216,RIVER VALLEY COMMUNITY,AR,15357216,19594082,1593233,36544531,"credit union, under 100m",credit union
8822,812608258,63127936,9846660,0,20035279,107938126,33715379,143266517,DOVER-PHILA,OH,176981896,72974596,20035279,269991771,"credit union, 100m to 1bn",credit union
8825,19519026,2867787,2113112,509184,1449437,3710800,116330,322309,ALLEG-KISKI POSTAL,PA,438639,4980899,1449437,7378159,"credit union, under 100m",credit union
8828,33042513,4380086,1385606,359740,4127965,4185319,3442146,4935934,NORFOLK COMMUNITY,MA,8378080,5765692,4127965,18631477,"credit union, under 100m",credit union
8831,77990582,1511386,1754612,1117694,1740354,17745005,1676335,3246983,BLAIR COUNTY,PA,4923318,3265998,1740354,11047364,"credit union, under 100m",credit union
8840,16687528,3210213,2262097,0,870539,3530769,0,0,ONE SOUTH,MS,0,5472310,870539,6342849,"credit union, under 100m",credit union
8854,426872252,7511399,5741281,7586115,9358490,34250323,34259710,201496939,UKRAINIAN,NY,235756649,13252680,9358490,265953934,"credit union, 100m to 1bn",credit union
8881,117517600,3627960,34911155,661344,1074182,16536491,160646,13799744,FERGUS,MT,13960390,38539115,1074182,54235031,"credit union, 100m to 1bn",credit union
8890,25312860,5296221,5310199,0,1205639,4333549,0,0,DEPARTMENT OF PUBLIC SAFETY,OK,0,10606420,1205639,11812059,"credit union, under 100m",credit union
8903,14864069,4055959,2696972,63540,54031,1769580,297206,350927,NEW CASTLE BELLCO,PA,648133,6752931,54031,7518635,"credit union, under 100m",credit union
8905,366381703,114932272,14907277,2647011,41362215,59524094,3372667,29996611,SUNBELT,MS,33369278,129839549,41362215,207218053,"credit union, 100m to 1bn",credit union
8913,8168574,2168397,1859498,0,1199117,1860270,0,0,ERIE CITY EMPLOYEES,PA,0,4027895,1199117,5227012,"credit union, under 100m",credit union
8915,121406942,296457,717359,1166882,1996652,11229050,34721216,56343678,ST. MICHAELS FALL RIVER,MA,91064894,1013816,1996652,95242244,"credit union, 100m to 1bn",credit union
8920,7730916,1099706,1441029,0,405888,726012,23532,0,PAN AMOCO,LA,23532,2540735,405888,2970155,"credit union, under 100m",credit union
8921,46140203,16274374,6485526,899624,1881720,8551067,0,1849359,WILLIS KNIGHTON,LA,1849359,22759900,1881720,27390603,"credit union, under 100m",credit union
8922,35293504,5889702,1078419,893153,1095137,3868162,985971,4810926,OUTREACH,TN,5796897,6968121,1095137,14753308,"credit union, under 100m",credit union
8925,43899598,15262704,2276096,206719,2089160,9136315,3656304,0,ADVANTAGEPLUS OF INDIANA,IN,3656304,17538800,2089160,23490983,"credit union, under 100m",credit union
8936,186238681,34548818,9311506,1672154,8660378,28702277,27457966,66663176,SEBASTICOOK VALLEY,ME,94121142,43860324,8660378,148313998,"credit union, 100m to 1bn",credit union
8943,14784881,3047918,1193448,0,578464,1336814,0,0,MINOT AREA SCHOOLS,ND,0,4241366,578464,4819830,"credit union, under 100m",credit union
8944,16807989,937595,434198,0,36405,3271473,0,708808,HOLY FAMILY PARMA,OH,708808,1371793,36405,2117006,"credit union, under 100m",credit union
8962,3090122,1081334,867520,0,128996,468527,0,0,VELMA,OK,0,1948854,128996,2077850,"credit union, under 100m",credit union
8967,4289055,939550,1085004,0,614037,1016296,0,0,DAVISON EMPLOYEES,LA,0,2024554,614037,2638591,"credit union, under 100m",credit union
8975,61459974,14695405,3842295,1599875,3771175,8443511,0,5103813,ALCO,NY,5103813,18537700,3771175,29012563,"credit union, under 100m",credit union
8987,9816427,2784233,1576848,0,328341,1663475,0,0,ARKANSAS HEALTH CENTER,AR,0,4361081,328341,4689422,"credit union, under 100m",credit union
8988,88256396,14322303,4226357,231097,1599212,12545391,817208,14322918,OWENSBORO,KY,15140126,18548660,1599212,35519095,"credit union, under 100m",credit union
8993,13094630,966706,402925,0,718460,2646198,0,0,PUBLIC SERVICE PLAZA,NJ,0,1369631,718460,2088091,"credit union, under 100m",credit union
9000,5245156,933591,502677,0,473304,1737440,0,79478,NICKEL STEEL,OH,79478,1436268,473304,1989050,"credit union, under 100m",credit union
9003,142306969,46895635,3167130,6085186,4880008,27267599,8588036,9219044,MARKET USA,MD,17807080,50062765,4880008,78835039,"credit union, 100m to 1bn",credit union
9007,2180267771,353467637,200810931,69252673,67237979,243685267,316251659,342887635,CLEARVIEW,PA,659139294,554278568,67237979,1349908514,"credit union, 1 to 10bn",credit union
9042,23544251,955317,1510145,904808,540378,4446938,734330,1328512,WESTMORELAND WATER,PA,2062842,2465462,540378,5973490,"credit union, under 100m",credit union
9044,3054714,76945,26479,0,9469,811301,0,0,COLUMBUS CLUB,CA,0,103424,9469,112893,"credit union, under 100m",credit union
9071,794726297,70427535,27327366,18648542,1741437,90316410,215621114,339540630,DIRECT,MA,555161744,97754901,1741437,673306624,"credit union, 100m to 1bn",credit union
9075,10315744,141188,847510,0,1981598,2354103,3562196,0,HOBOKEN N J POLICE,NJ,3562196,988698,1981598,6532492,"credit union, under 100m",credit union
9082,7149579,0,0,0,712158,2821867,0,0,PUBLIC SERVICE H C EMPLOYEES,NJ,0,0,712158,712158,"credit union, under 100m",credit union
9089,825627982,207605033,61988366,7710051,9668488,104087434,71362261,125657639,UNIWYO,WY,197019900,269593399,9668488,483991838,"credit union, 100m to 1bn",credit union
9093,50263041,12552469,6798618,1257647,862025,8455466,0,7897559,ROSWELL COMMUNITY,NM,7897559,19351087,862025,29368318,"credit union, under 100m",credit union
9094,408978842,107173798,34768020,16920363,6279602,54925871,42075455,58520192,WYHY,WY,100595647,141941818,6279602,265737430,"credit union, 100m to 1bn",credit union
9095,2176313938,161469054,23315480,38081224,50426483,227773419,532539166,659125458,HANSCOM,MA,1191664624,184784534,50426483,1464956865,"credit union, 1 to 10bn",credit union
9097,65160667,3565851,1153704,370656,480352,8325131,5523442,9845633,ONE VISION,IN,15369075,4719555,480352,20939638,"credit union, under 100m",credit union
9099,338781611,52702906,29366671,5104832,5646880,33118398,14452270,22233648,PINAL COUNTY,AZ,36685918,82069577,5646880,129507207,"credit union, 100m to 1bn",credit union
9102,3751118,216973,380984,0,9025,505962,0,0,F.F.E.,ND,0,597957,9025,606982,"credit union, under 100m",credit union
9105,16050177,2510727,4501615,56462,2292482,3013017,0,0,SOUTHERNMOST,FL,0,7012342,2292482,9361286,"credit union, under 100m",credit union
9106,365006579,65713218,22962306,5397588,19120119,39602727,36299483,85482450,CLASS ACT,KY,121781933,88675524,19120119,234975164,"credit union, 100m to 1bn",credit union
9107,163109275,45145256,9173241,0,20249163,28669379,28102941,6102949,SOUTHERN CHAUTAUQUA,NY,34205890,54318497,20249163,108773550,"credit union, 100m to 1bn",credit union
9109,329576914,34078949,20196538,5701500,13941802,66036152,10077947,35058916,FAMILIES AND SCHOOLS TOGETHER,CA,45136863,54275487,13941802,119055652,"credit union, 100m to 1bn",credit union
9115,39978258,1376980,1802767,0,5771309,3571083,4337973,2508816,HOTEL AND TRAVEL INDUSTRY,HI,6846789,3179747,5771309,15797845,"credit union, under 100m",credit union
9119,899033429,94448266,37750731,19829024,23619795,105695457,19762870,105158651,MERCED SCHOOL EMPLOYEES,CA,124921521,132198997,23619795,300569337,"credit union, 100m to 1bn",credit union
9145,15586326,2940644,1567926,0,598405,2729054,3015488,0,PUGET SOUND REFINERY,WA,3015488,4508570,598405,8122463,"credit union, under 100m",credit union
9146,81729465,3136976,3035461,0,3037640,17240791,287055,14070718,B-M S,NJ,14357773,6172437,3037640,23567850,"credit union, under 100m",credit union
9148,68596905,13176500,2659359,734690,551432,7919975,8831038,7558333,PATHFINDER,WY,16389371,15835859,551432,33511352,"credit union, under 100m",credit union
9160,730535909,90508570,62488379,13365046,15486480,94381927,53782819,198866931,MERIDIAN TRUST,WY,252649750,152996949,15486480,434498225,"credit union, 100m to 1bn",credit union
9163,260265723,52802468,5219264,3036862,2301691,54476603,8621283,12394937,ELEVATE,UT,21016220,58021732,2301691,84376505,"credit union, 100m to 1bn",credit union
9164,762919060,85676301,35972896,6505596,55912345,65632624,33248060,273648275,CARTER,LA,306896335,121649197,55912345,490963473,"credit union, 100m to 1bn",credit union
9189,64145108,13676856,3311950,2220918,1385575,5643233,733030,5704916,TOLEDO METRO,OH,6437946,16988806,1385575,27033245,"credit union, under 100m",credit union
9208,314864388,48136170,17364069,5165387,138596,42515102,17161413,47772356,OC,OH,64933769,65500239,138596,135737991,"credit union, 100m to 1bn",credit union
9213,63767378,3637123,2612486,801355,1245099,12000451,2026587,15767708,CENTRAL KEYSTONE,PA,17794295,6249609,1245099,26090358,"credit union, under 100m",credit union
9214,76447237,15016744,8932439,1009243,2616797,33994461,0,0,SOUTHERN,TX,0,23949183,2616797,27575223,"credit union, under 100m",credit union
9219,179560721,33348342,18716157,1650342,5696746,17559504,14531772,3004062,TRAILNORTH,NY,17535834,52064499,5696746,76947421,"credit union, 100m to 1bn",credit union
9229,1409039072,252415471,331212548,19553359,98830864,155991602,120484974,213123028,NEIGHBORS,LA,333608002,583628019,98830864,1035620244,"credit union, 1 to 10bn",credit union
9230,925328421,85748370,60097603,60531879,33357959,191639591,44358037,285904791,CERTIFIED,CA,330262828,145845973,33357959,569998639,"credit union, 100m to 1bn",credit union
9237,77421644,3904737,1526225,1603601,1642908,9786136,5872452,5379486,RUTGERS,NJ,11251938,5430962,1642908,19929409,"credit union, under 100m",credit union
9246,12400858,901754,8368454,0,640287,2635786,0,0,PASADENA MUNICIPAL,TX,0,9270208,640287,9910495,"credit union, under 100m",credit union
9247,743989823,160080954,25597911,22255318,7881563,74256115,72920198,192863400,PIONEER,ID,265783598,185678865,7881563,481599344,"credit union, 100m to 1bn",credit union
9248,10407044,2126620,291763,0,217253,1937794,0,19449,UNITED MEMBERS,OK,19449,2418383,217253,2655085,"credit union, under 100m",credit union
9260,2647866979,76922192,17680864,14967614,16165565,279435374,196720595,912110732,L & N,KY,1108831327,94603056,16165565,1234567562,"credit union, 1 to 10bn",credit union
9287,45204139,3603436,4367428,1294595,607649,5387250,4658616,16606811,MIAMI,FL,21265427,7970864,607649,31138535,"credit union, under 100m",credit union
9289,95781399,7129240,4000742,2073076,1478230,11786149,1371251,28237018,LOWER COLUMBIA LONGSHOREMEN,WA,29608269,11129982,1478230,44289557,"credit union, under 100m",credit union
9292,833700137,23237061,16818850,9055574,12970911,127679248,203544159,170744585,CONSOLIDATED,OR,374288744,40055911,12970911,436371140,"credit union, 100m to 1bn",credit union
9293,412440621,37672231,108650753,8633255,4679122,53480650,44764552,85045378,YOLO,CA,129809930,146322984,4679122,289445291,"credit union, 100m to 1bn",credit union
9296,895649350,96030495,46804574,33736976,43754051,75207031,62248348,75623266,SUN COMMUNITY,CA,137871614,142835069,43754051,358197710,"credit union, 100m to 1bn",credit union
9300,245448729,33707847,30164555,5843684,15009053,26087450,6569524,25248239,BOSSIER,LA,31817763,63872402,15009053,116542902,"credit union, 100m to 1bn",credit union
9310,4618172,550716,319860,0,44755,986617,0,0,DELTA REFINING CO EMP,TN,0,870576,44755,915331,"credit union, under 100m",credit union
9327,121324490,17742096,5341248,3107391,629717,11707585,13085845,26437699,CASCO,ME,39523544,23083344,629717,66343996,"credit union, 100m to 1bn",credit union
9335,82670554,21710340,15242385,949063,1762619,6411758,18155343,5350343,OU,OK,23505686,36952725,1762619,63170093,"credit union, under 100m",credit union
9348,110937353,8706364,19266230,1655855,4372855,18208479,1407340,28115790,KATAHDIN,ME,29523130,27972594,4372855,63524434,"credit union, 100m to 1bn",credit union
9349,300277584,48058798,19499824,4625912,10787586,48419067,10172334,31015875,OTIS,ME,41188209,67558622,10787586,124160329,"credit union, 100m to 1bn",credit union
9358,73563031,2173527,3922408,2059644,1505425,12620779,2571594,16749326,NEW YORK TIMES EMPLOYEES,NY,19320920,6095935,1505425,28981924,"credit union, under 100m",credit union
9370,46514423,5759706,9306938,183617,1495645,6591875,0,0,EVERYONE'S,NM,0,15066644,1495645,16745906,"credit union, under 100m",credit union
9373,709505308,31538551,5917180,30008327,17686554,75358475,75459796,216073332,"AMERICA'S CREDIT UNION, A",WA,291533128,37455731,17686554,376683740,"credit union, 100m to 1bn",credit union
9376,18497017,2867069,2087166,581363,48272,3368036,0,2079567,SOUTH COAST ILWU,OR,2079567,4954235,48272,7663437,"credit union, under 100m",credit union
9381,934468975,69378223,49229948,14041681,57470906,119682458,67658863,212973374,GATHER,HI,280632237,118608171,57470906,470752995,"credit union, 100m to 1bn",credit union
9398,39782337,12911078,3009830,453713,205654,6664657,8541846,126662,LU 354 I B E W,UT,8668508,15920908,205654,25248783,"credit union, under 100m",credit union
9408,45409629,7081737,3852561,776576,1022975,5128041,166142,105088,SAVANNAH SCHOOLS,GA,271230,10934298,1022975,13005079,"credit union, under 100m",credit union
9411,19785490,1537486,497927,1055068,706986,1349731,3614055,5046083,HAMILTON HORIZONS,NJ,8660138,2035413,706986,12457605,"credit union, under 100m",credit union
9413,28263470,8706676,4295308,0,2802708,2642320,0,0,MERCER COUNTY W VA TEACHERS,WV,0,13001984,2802708,15804692,"credit union, under 100m",credit union
9441,21705710,1259575,697552,213510,257289,3633461,0,5156668,METRO NORTH,FL,5156668,1957127,257289,7584594,"credit union, under 100m",credit union
9457,9246514,1814454,514244,0,57379,3668110,0,0,E M O T,TX,0,2328698,57379,2386077,"credit union, under 100m",credit union
9469,49102845,6483565,1013252,891213,4376685,6738541,5608549,8046769,MARISOL,AZ,13655318,7496817,4376685,26420033,"credit union, under 100m",credit union
9475,723562419,155841278,69287661,8136160,2260677,83225973,81306587,168122513,APL,MD,249429100,225128939,2260677,484954876,"credit union, 100m to 1bn",credit union
9476,22788047,968661,1386279,186055,547676,3165661,311816,1051300,WEST PENN P&P,PA,1363116,2354940,547676,4451787,"credit union, under 100m",credit union
9479,26753586,1233865,1723382,895895,1041440,4717699,895716,0,VA PITTSBURGH EMPLOYEES,PA,895716,2957247,1041440,5790298,"credit union, under 100m",credit union
9483,112718198,15396075,23762089,3110405,2299143,12880491,13654328,2526941,IBEW & UNITED WORKERS,OR,16181269,39158164,2299143,60748981,"credit union, 100m to 1bn",credit union
9486,107615563,1209330,5631201,798921,2451421,10839788,15943213,10293907,NEXT STEP,NY,26237120,6840531,2451421,36327993,"credit union, 100m to 1bn",credit union
9496,2725791,78562,228968,0,154214,266718,0,0,SP TRAINMEN,TX,0,307530,154214,461744,"credit union, under 100m",credit union
9497,6551268,1480705,826877,0,56706,1477701,74377,22112,SHAWNEE TVA EMPLOYEES,KY,96489,2307582,56706,2460777,"credit union, under 100m",credit union
9500,493964425,67027050,19097592,3110062,9601134,49866006,55539880,113278571,CUMBERLAND COUNTY,ME,168818451,86124642,9601134,267654289,"credit union, 100m to 1bn",credit union
9501,1825285,662592,242120,0,95682,388602,0,462841,GUERNSEY COMMUNITY,WY,462841,904712,95682,1463235,"credit union, under 100m",credit union
9517,34879210,2750323,903447,659692,1583164,4510123,523977,1562184,CHEN-DEL-O,NY,2086161,3653770,1583164,7982787,"credit union, under 100m",credit union
9518,79604996,9726251,2249363,489792,1786819,14773224,868366,12968283,EASTMILL,ME,13836649,11975614,1786819,28088874,"credit union, under 100m",credit union
9522,267215608,52122759,11462414,4517602,5083105,21824703,22723644,40791347,MIDWEST COMMUNITY,OH,63514991,63585173,5083105,136700871,"credit union, 100m to 1bn",credit union
9527,488395,0,0,0,23295,72323,0,0,F A B CHURCH,GA,0,0,23295,23295,"credit union, under 100m",credit union
9532,40605290,5224393,6595987,206404,1712902,4466586,0,0,WESTCHESTER SCHOOLS',NY,0,11820380,1712902,13739686,"credit union, under 100m",credit union
9537,69504331,8547981,4597916,3745217,666764,9516233,2707342,9271442,GREATER TOGETHER,NY,11978784,13145897,666764,29536662,"credit union, under 100m",credit union
9554,2816451,168086,0,0,423465,443331,0,0,COUNCILL,AL,0,168086,423465,591551,"credit union, under 100m",credit union
9555,8810423,472941,38723,127600,296606,894056,551696,773790,NEW JERSEY COMMUNITY,NJ,1325486,511664,296606,2261356,"credit union, under 100m",credit union
9556,228634201,26544069,13258141,3834950,2756477,19352600,12936738,12898534,CLEARPATH,CA,25835272,39802210,2756477,72228909,"credit union, 100m to 1bn",credit union
9566,61773891,13824859,21796657,588324,2619630,11328479,0,0,EDDY,NM,0,35621516,2619630,38829470,"credit union, under 100m",credit union
9582,29557379,5141118,1060173,1789470,2561509,5524305,0,0,BRIDGEPORT POLICE,CT,0,6201291,2561509,10552270,"credit union, under 100m",credit union
9589,2461765407,464883806,184655833,79631717,111558406,220669233,74107675,359917870,BARKSDALE,LA,434025545,649539639,111558406,1274755307,"credit union, 1 to 10bn",credit union
9590,12026007,2121203,2689099,0,448568,845221,0,269430,ESPEECO,CA,269430,4810302,448568,5528300,"credit union, under 100m",credit union
9604,839661562,87327297,160017689,8841128,4325903,90403306,72955748,179868035,FIRST HERITAGE,NY,252823783,247344986,4325903,513335800,"credit union, 100m to 1bn",credit union
9607,678191779,32342464,16639814,7444083,4644436,61766739,43274376,196894122,APCI,PA,240168498,48982278,4644436,301239295,"credit union, 100m to 1bn",credit union
9613,258183,0,0,0,50523,42138,0,0,SARGENT,DC,0,0,50523,50523,"credit union, under 100m",credit union
9622,55885856,3199519,1339899,1362173,3619369,11466479,2214600,10528410,FORGE,PA,12743010,4539418,3619369,22263970,"credit union, under 100m",credit union
9639,131067278,8891107,8816680,2259666,1679784,24425770,2116881,16373444,F A A,TN,18490325,17707787,1679784,40137562,"credit union, 100m to 1bn",credit union
9643,246046521,28139602,37113187,7981354,7802048,32586047,13852032,57474903,MERITUS,LA,71326935,65252789,7802048,152363126,"credit union, 100m to 1bn",credit union
9644,32940315,11136696,5735377,0,800878,3426091,746226,0,CIT-CO,WY,746226,16872073,800878,18419177,"credit union, under 100m",credit union
9662,69112764,18804412,4034949,1850463,2671948,11920035,42394,555228,ROCKET CITY,AL,597622,22839361,2671948,27959394,"credit union, under 100m",credit union
9676,8238625,1211605,2229400,0,210795,1717880,155914,0,LINTON,NY,155914,3441005,210795,3807714,"credit union, under 100m",credit union
9681,61923570,5970295,2681333,904631,3657557,6609031,2963922,4096012,MORRISONS COVE 1ST,PA,7059934,8651628,3657557,20273750,"credit union, under 100m",credit union
9715,46767097,8534635,2248707,0,1511400,3994305,12209525,779766,EMPLOYEES,OK,12989291,10783342,1511400,25284033,"credit union, under 100m",credit union
9723,39524743,596770,505822,0,5880801,4438713,0,0,N.J.T. EMPLOYEES,NJ,0,1102592,5880801,6983393,"credit union, under 100m",credit union
9759,946701535,200321214,55603399,33885249,28457311,120174585,163086604,214451075,FORTERA,TN,377537679,255924613,28457311,695804852,"credit union, 100m to 1bn",credit union
9776,24225596,1277367,709206,576942,365733,3814100,643705,0,N.F.G. #2,PA,643705,1986573,365733,3572953,"credit union, under 100m",credit union
9777,34785223,3643665,1210129,773425,341573,4725774,895151,7798122,EWEB EMPLOYEES,OR,8693273,4853794,341573,14662065,"credit union, under 100m",credit union
9778,10152580,1818176,2441188,0,916049,2583743,0,0,REDLANDS CITY EMPLOYEES,CA,0,4259364,916049,5175413,"credit union, under 100m",credit union
9788,3094640579,339352930,103648662,65838632,24873002,404263114,52284511,305229668,EGLIN,FL,357514179,443001592,24873002,891227405,"credit union, 1 to 10bn",credit union
9799,28298555,3940224,4141380,168344,2671361,2790999,0,8208901,ROCKET,TX,8208901,8081604,2671361,19130210,"credit union, under 100m",credit union
9805,9783036,1382395,922031,0,907793,2846728,1050768,2524298,ARLINGTON MUNICIPAL,MA,3575066,2304426,907793,6787285,"credit union, under 100m",credit union
9810,151846437,13941614,805576,1107429,847597,12725873,40428628,19196068,FIDELIS CATHOLIC,CO,59624696,14747190,847597,76326912,"credit union, 100m to 1bn",credit union
9812,51717191,4750881,1212284,1230907,634376,4913466,5076742,6101228,NORTH TOWNS,NY,11177970,5963165,634376,19006418,"credit union, under 100m",credit union
9822,18542724,1999910,351663,320238,878750,1686793,1014117,6741360,SANTO CHRISTO,MA,7755477,2351573,878750,11306038,"credit union, under 100m",credit union
9843,14142823,3152472,380735,0,481255,2079635,0,435787,FRIONA TEXAS,TX,435787,3533207,481255,4450249,"credit union, under 100m",credit union
9871,272322635,17799748,20664259,1349917,7523408,31229893,25324933,86423489,SAINT LAWRENCE,NY,111748422,38464007,7523408,159085754,"credit union, 100m to 1bn",credit union
9873,36634466,2549019,7003516,266529,1090851,7403639,580568,5217271,KNOXVILLE FIREFIGHTERS,TN,5797839,9552535,1090851,16707754,"credit union, under 100m",credit union
9877,28823320,1683213,2538166,0,1000125,5810664,6495857,7693513,EMERALD EMPIRE,OR,14189370,4221379,1000125,19410874,"credit union, under 100m",credit union
9880,27319857,3927876,3279190,0,581033,4710129,0,0,ANDERSON COUNTY,TX,0,7207066,581033,7788099,"credit union, under 100m",credit union
9888,4945210,2597248,479385,0,191252,424590,0,0,HB TELCO,SD,0,3076633,191252,3267885,"credit union, under 100m",credit union
9893,7898736,1227910,734011,0,710968,1704988,0,0,BEE,MD,0,1961921,710968,2672889,"credit union, under 100m",credit union
9897,48285786,9290982,6675878,156352,3008931,7270610,0,59915,SOUTHEASTERN ARIZONA,AZ,59915,15966860,3008931,19192058,"credit union, under 100m",credit union
9907,5138103,1624106,1413168,0,74304,895880,0,0,DAKOTA RAIL LINE,SD,0,3037274,74304,3111578,"credit union, under 100m",credit union
9915,1021497099,170853626,281462944,17066996,20900978,106788188,50689422,82799359,MCCOY,FL,133488781,452316570,20900978,623773325,"credit union, 1 to 10bn",credit union
9919,71395432,14627127,3844731,723759,1889798,12602444,950572,20568003,CAPITAL AREA,ME,21518575,18471858,1889798,42603990,"credit union, under 100m",credit union
9923,351099035,74140109,34040211,0,9733169,43669223,19954113,28473572,SOLIDARITY COMMUNITY,IN,48427685,108180320,9733169,166341174,"credit union, 100m to 1bn",credit union
9924,135388610,9336321,4796592,0,3929749,17132342,35291666,39262966,WAILUKU,HI,74554632,14132913,3929749,92617294,"credit union, 100m to 1bn",credit union
9931,82468813,17897304,16350584,559367,861956,13116746,2820697,16226584,BAYOU,LA,19047281,34247888,861956,54716492,"credit union, under 100m",credit union
9943,122169723,42838619,9532889,1698975,4301227,17825426,10784875,18145478,KSW,ME,28930353,52371508,4301227,87302063,"credit union, 100m to 1bn",credit union
9952,2568976,0,0,0,279582,492547,0,0,I R E B,NY,0,0,279582,279582,"credit union, under 100m",credit union
9971,214755855,66032272,28652556,517354,7951451,27712819,21231346,2506983,SANTA FE,TX,23738329,94684828,7951451,126891962,"credit union, 100m to 1bn",credit union
9974,4506699,576129,179405,0,128217,912420,0,0,SHELBY/BOLIVAR COUNTY,MS,0,755534,128217,883751,"credit union, under 100m",credit union
9976,3916121689,805381468,785280891,116104160,34464213,439719494,89505090,920537776,GROW FINANCIAL,FL,1010042866,1590662359,34464213,2751273598,"credit union, 1 to 10bn",credit union
9986,1238002804,103009427,34013213,13697934,29367326,170200606,132039225,307309999,REV,SC,439349224,137022640,29367326,619437124,"credit union, 1 to 10bn",credit union
9988,1966056483,335912520,203756259,102699932,117254477,215730524,38997759,543394943,SAFE,SC,582392702,539668779,117254477,1342015890,"credit union, 1 to 10bn",credit union
9994,58069791,8799799,4438455,94617,801176,7689655,786581,19541,HEALTHNET,TN,806122,13238254,801176,14940169,"credit union, under 100m",credit union
10011,641997,0,0,0,44104,274595,0,0,MUNICIPAL EMPLOYEES,LA,0,0,44104,44104,"credit union, under 100m",credit union
10015,127687321,4893465,1515969,735256,2248213,21060173,21993924,41223734,ALLENTOWN,PA,63217658,6409434,2248213,72610561,"credit union, 100m to 1bn",credit union
10023,1335460691,91210230,59558079,16130373,12253171,138854134,226930541,316340715,ISLAND,NY,543271256,150768309,12253171,722423109,"credit union, 1 to 10bn",credit union
10047,12340875,583800,957180,0,64946,1177373,0,1257707,WABELLCO,PA,1257707,1540980,64946,2863633,"credit union, under 100m",credit union
10065,26731319,3966905,2965275,247353,772702,3440994,1619,7124,MYCOM,MA,8743,6932180,772702,7960978,"credit union, under 100m",credit union
10100,257415303,33540375,13091424,20640305,9335579,28555561,49903417,75393092,TRUCHOICE,ME,125296509,46631799,9335579,201904192,"credit union, 100m to 1bn",credit union
10141,12268475,2737692,1879089,0,570023,3732461,0,3183401,DERTOWN SCHOOL,PA,3183401,4616781,570023,8370205,"credit union, under 100m",credit union
10158,26418047,9001156,4627342,0,753262,4186008,261512,0,OK,OK,261512,13628498,753262,14643272,"credit union, under 100m",credit union
10164,143229385,11653067,7229268,6374818,4859584,23932232,1445936,9947269,HEART OF LOUISIANA,LA,11393205,18882335,4859584,41509942,"credit union, 100m to 1bn",credit union
10170,201916373,72723116,58100922,0,2432878,29488816,0,0,CITIZENS,TX,0,130824038,2432878,133256916,"credit union, 100m to 1bn",credit union
10174,1634824222,219901869,136049325,55768213,60440836,168896677,17586216,404642713,FIRSTLIGHT,TX,422228929,355951194,60440836,894389172,"credit union, 1 to 10bn",credit union
10177,1882368,184520,145853,0,112720,1050483,0,0,TAYCO EMPLOYEES,KY,0,330373,112720,443093,"credit union, under 100m",credit union
10180,5601938,1316122,382959,0,39559,810547,0,1617311,FORT MORGAN SCHOOLS,CO,1617311,1699081,39559,3355951,"credit union, under 100m",credit union
10181,464073845,153491743,35457514,6080964,14857497,60907763,5221936,25310195,OUACHITA VALLEY,LA,30532131,188949257,14857497,240419849,"credit union, 100m to 1bn",credit union
10184,69144797,5811609,2982964,1436981,3544242,11728733,3522194,10814596,FRIENDLY,PA,14336790,8794573,3544242,28112586,"credit union, under 100m",credit union
10221,65987783,11032492,2514124,0,1148257,8741916,1527637,5951486,GREAT FALLS REGIONAL,ME,7479123,13546616,1148257,22173996,"credit union, under 100m",credit union
10223,449817972,13621473,5610947,3666970,23216014,39068643,27821659,189228509,EVERENCE,PA,217050168,19232420,23216014,263165572,"credit union, 100m to 1bn",credit union
10225,989573,200134,230615,0,106045,244474,0,0,BECCO BUFFALO,NY,0,430749,106045,536794,"credit union, under 100m",credit union
10241,71618987,17790444,23696106,1263501,3443394,11052185,0,0,MAPLE,LA,0,41486550,3443394,46193445,"credit union, under 100m",credit union
10243,45096381,9020336,2037815,517790,1361719,7320921,1550404,1130768,OAHE,SD,2681172,11058151,1361719,15618832,"credit union, under 100m",credit union
10253,485908,199696,90909,0,0,68177,0,0,AKRON,CO,0,290605,0,290605,"credit union, under 100m",credit union
10257,199279903,19412476,11339286,2259043,1274721,21576988,12633370,20995984,SENTINEL,SD,33629354,30751762,1274721,67914880,"credit union, 100m to 1bn",credit union
10262,74083499,19693391,6291217,1108490,4303935,10412146,0,89696,ALTAMAHA,GA,89696,25984608,4303935,31486729,"credit union, under 100m",credit union
10269,13926698,4184086,4123456,0,683325,2787932,0,0,CHEROKEE COUNTY TEACHERS,TX,0,8307542,683325,8990867,"credit union, under 100m",credit union
10274,17553318,4678664,908623,0,981603,2277884,0,48384,W B H EMPLOYEES,KY,48384,5587287,981603,6617274,"credit union, under 100m",credit union
10283,163221868,45033696,28842429,2777595,5805949,14640804,9271859,32940233,THE FOCUS,OK,42212092,73876125,5805949,124671761,"credit union, 100m to 1bn",credit union
10301,14832512,6787192,2948783,0,1216479,1368908,0,0,ROMNEY,WV,0,9735975,1216479,10952454,"credit union, under 100m",credit union
10308,436426,114217,181478,0,52342,167763,0,0,ALTON MUNICIPAL EMPLOYEES,IL,0,295695,52342,348037,"credit union, under 100m",credit union
10319,24972762,391917,586595,0,753011,1838109,4489978,0,FIRST POINT,NJ,4489978,978512,753011,6221501,"credit union, under 100m",credit union
10323,29876162,10252137,4221582,531612,996310,2265910,1094105,580047,I B E W 26,MD,1674152,14473719,996310,17675793,"credit union, under 100m",credit union
10324,9031471,1682467,2875308,0,882382,874447,0,35033,JACKSON COUNTY,TX,35033,4557775,882382,5475190,"credit union, under 100m",credit union
10327,17958052,2355930,1345245,0,915295,5934687,0,951952,VICTORIA TEACHERS,TX,951952,3701175,915295,5568422,"credit union, under 100m",credit union
10335,126041325,20883620,12089819,1236930,5958948,13685842,10373266,2096871,COCONINO,AZ,12470137,32973439,5958948,52639454,"credit union, 100m to 1bn",credit union
10351,116641301,15163228,14875059,2907990,1465514,11106922,11324659,21835204,LA LOMA,CA,33159863,30038287,1465514,67571654,"credit union, 100m to 1bn",credit union
10353,44490414,5614915,5757577,0,2157679,4355779,287185,6761741,ACCESS OF LOUISIANA,LA,7048926,11372492,2157679,20579097,"credit union, under 100m",credit union
10362,23709815,7706810,1539152,192402,969579,1869781,348022,437038,NORTHERN REDWOOD,CA,785060,9245962,969579,11193003,"credit union, under 100m",credit union
10375,214206130,19905090,51086167,1430643,1663114,30916329,2900888,15286187,1ST LIBERTY,MT,18187075,70991257,1663114,92272089,"credit union, 100m to 1bn",credit union
10381,30114538,2321920,6691662,413201,1468711,5855543,0,0,FERKO MD,MD,0,9013582,1468711,10895494,"credit union, under 100m",credit union
10393,3313230,1297169,747319,0,136870,484055,0,0,ELECTRICAL WORKERS LOCAL 130,LA,0,2044488,136870,2181358,"credit union, under 100m",credit union
10395,162493911,24840121,43646151,1383462,1130669,25946420,6494514,8076947,KINGS,CA,14571461,68486272,1130669,85571864,"credit union, 100m to 1bn",credit union
10399,78784361,1666667,2100875,732345,2067614,10951711,8863662,11340710,KAHULUI,HI,20204372,3767542,2067614,26771873,"credit union, under 100m",credit union
10433,63275326,6679426,5557900,0,4906524,15660612,0,1127021,BOPTI,CA,1127021,12237326,4906524,18270871,"credit union, under 100m",credit union
10442,56249679,3502465,5577827,1972698,1393873,7322201,7767067,12103378,UNITED TRADES,OR,19870445,9080292,1393873,32317308,"credit union, under 100m",credit union
10461,21554342,3811836,1584753,180802,513792,5521797,0,0,MCLENNAN COUNTY EMPLOYEES,TX,0,5396589,513792,6091183,"credit union, under 100m",credit union
10465,975721715,10995062,6814801,10806021,18756338,108100509,79945846,234483369,UNIVERSITY OF HAWAII,HI,314429215,17809863,18756338,361801437,"credit union, 100m to 1bn",credit union
10481,21969216,2898355,2723074,203858,425358,3309322,0,3475603,MCMURREY,TX,3475603,5621429,425358,9726248,"credit union, under 100m",credit union
10502,26772449,1039250,1211613,0,151189,3597212,130774,10468210,YANTIS,TX,10598984,2250863,151189,13001036,"credit union, under 100m",credit union
10515,8151441,311700,571789,0,840973,1719909,0,1966829,NEW ORLEANS CLERK & CHECKERS,LA,1966829,883489,840973,3691291,"credit union, under 100m",credit union
10520,8463546,1627660,990792,0,2009203,2142958,0,0,ALDERSON FCI,WV,0,2618452,2009203,4627655,"credit union, under 100m",credit union
10551,13236334,1519751,4482427,0,723063,1838583,0,0,SCURRY COUNTY SCHOOL,TX,0,6002178,723063,6725241,"credit union, under 100m",credit union
10572,211350520,50426642,10503335,387858,2181989,30427885,22095316,50799431,FITZSIMONS,CO,72894747,60929977,2181989,136394571,"credit union, 100m to 1bn",credit union
10577,55283873,9690066,7815206,425221,2031559,10263004,0,0,BIG SPRING EDUCATION EMPLOYEES,TX,0,17505272,2031559,19962052,"credit union, under 100m",credit union
10580,9327593,2378477,1288486,321730,632210,1340889,0,0,U-1ST COMMUNITY,NM,0,3666963,632210,4620903,"credit union, under 100m",credit union
10585,183621245,30206351,13552123,3014214,3830433,23268869,23072465,11698899,LINCONE,NE,34771364,43758474,3830433,85374485,"credit union, 100m to 1bn",credit union
10600,810442107,110410532,24807328,1893674,50698770,68834567,60192067,300956218,AIR ACADEMY,CO,361148285,135217860,50698770,548958589,"credit union, 100m to 1bn",credit union
10613,22007450,1501732,1382021,0,1265853,2480550,1772800,2892708,NIAGARA FALLS A F,NY,4665508,2883753,1265853,8815114,"credit union, under 100m",credit union
10614,5554307,127835,4456,0,661843,1450469,0,0,KEARNY MUNICIPAL EMPLOYEES,NJ,0,132291,661843,794134,"credit union, under 100m",credit union
10636,461823,113074,0,0,216929,192225,0,0,BRUNSWICK COUNTY TEACHERS,VA,0,113074,216929,330003,"credit union, under 100m",credit union
10640,30550119,4761227,4529815,856099,1136057,3026652,904069,7962195,CUSA,LA,8866264,9291042,1136057,20149462,"credit union, under 100m",credit union
10648,1144440,68332,352978,0,55267,126134,0,0,MARYKNOLL OF L A,CA,0,421310,55267,476577,"credit union, under 100m",credit union
10666,21489114,1557386,5291187,280884,189987,2027387,190795,1500167,GRAND HERITAGE,IN,1690962,6848573,189987,9010406,"credit union, under 100m",credit union
10671,76713368,9244014,6881170,1198123,1038193,11779060,6150306,156581,GREATER PITTSBURGH,PA,6306887,16125184,1038193,24668387,"credit union, under 100m",credit union
10676,34419896,5908601,4137067,177741,657098,5323928,900509,6081797,KNOX COUNTY TEACHERS,TN,6982306,10045668,657098,17862813,"credit union, under 100m",credit union
10684,144067715,36170931,15957554,1106708,5734109,23566910,20969416,18347164,MERIDIA COMMUNITY,NY,39316580,52128485,5734109,98285882,"credit union, 100m to 1bn",credit union
10687,152419406,33386888,6471360,3906901,2690043,13740084,7154926,34303134,HORIZON,PA,41458060,39858248,2690043,87913252,"credit union, 100m to 1bn",credit union
10690,19844769,3068192,5001080,284268,942485,2832212,856900,173412,FAYETTE FEDERAL EMPLOYEES,PA,1030312,8069272,942485,10326337,"credit union, under 100m",credit union
10695,37712447,3820580,5547876,203085,1741991,3670761,1582217,6126451,MORGANTOWN A E S,WV,7708668,9368456,1741991,19022200,"credit union, under 100m",credit union
10696,1404588698,295626155,178033160,49010070,22703553,151611744,128449108,369202168,EDUCATIONAL SYSTEMS,MD,497651276,473659315,22703553,1043024214,"credit union, 1 to 10bn",credit union
10699,399868521,40683476,22390302,8069040,4393636,44084772,11656697,57419072,SAN ANTONIO CITIZENS,FL,69075769,63073778,4393636,144612223,"credit union, 100m to 1bn",credit union
10704,13541532,1987789,4875353,0,629166,1799129,213022,180706,P C,PA,393728,6863142,629166,7886036,"credit union, under 100m",credit union
10706,161064737,18964236,58050186,1560912,3672602,17496223,64671,13859081,COMMUNITIES OF ABILENE,TX,13923752,77014422,3672602,96171688,"credit union, 100m to 1bn",credit union
10709,4044796240,647137753,158820448,53471249,21870173,410213346,525002689,796976262,UTAH COMMUNITY,UT,1321978951,805958201,21870173,2203278574,"credit union, 1 to 10bn",credit union
10720,21232351,826148,1174573,249756,266130,2665214,2052717,611188,NORTH PENN,PA,2663905,2000721,266130,5180512,"credit union, under 100m",credit union
10729,5445350,494888,51243,0,1142585,1319633,0,0,THE NEW HAVEN POLICE AND MUNICIPAL,CT,0,546131,1142585,1688716,"credit union, under 100m",credit union
10739,6697358,964126,2132226,0,345663,1888644,0,0,ANDREWS SCHOOL,TX,0,3096352,345663,3442015,"credit union, under 100m",credit union
10741,2550238,223851,204825,0,187582,1273104,0,0,PUBLIC SERVICE E.D. TRENTON,NJ,0,428676,187582,616258,"credit union, under 100m",credit union
10746,4316215,41659,691512,0,320139,693041,0,0,UPSTATE TELCO,NY,0,733171,320139,1053310,"credit union, under 100m",credit union
10754,1921213329,188478413,132169529,75028769,18718320,261543371,115008439,427071367,TYNDALL,FL,542079806,320647942,18718320,956474837,"credit union, 1 to 10bn",credit union
10756,17890719,3602910,722830,8007,968719,1755537,176701,842887,FIRST LINCOLN,NE,1019588,4325740,968719,6322054,"credit union, under 100m",credit union
10763,14393366,2655713,844788,0,1314379,1068871,98918,0,ELECTRICAL WORKERS NO 22,NE,98918,3500501,1314379,4913798,"credit union, under 100m",credit union
10772,27990813,9341447,2419112,0,677207,4250641,89598,1313080,LAKES,IN,1402678,11760559,677207,13840444,"credit union, under 100m",credit union
10773,920245,207938,74302,0,108279,361687,0,0,STRATTON AIR NATIONAL GUARD,NY,0,282240,108279,390519,"credit union, under 100m",credit union
10778,398647,89240,25136,0,38360,100250,0,0,H A L E,IN,0,114376,38360,152736,"credit union, under 100m",credit union
10794,529820981,143494183,58416545,3143839,3797395,56849200,10784902,111300431,THE COUNTY,ME,122085333,201910728,3797395,330937295,"credit union, 100m to 1bn",credit union
10799,39310123,2027679,2587566,445515,506512,9371676,3460644,7996822,LONGSHOREMEN'S LOCAL 4,WA,11457466,4615245,506512,17024738,"credit union, under 100m",credit union
10800,125757117,12616847,4955518,1305561,995302,22202983,5616199,19114858,THE HEALTH & EDUCATION,KY,24731057,17572365,995302,44604285,"credit union, 100m to 1bn",credit union
10803,413338,65986,0,0,42709,170570,0,0,ISRAEL MEMORIAL A M E,NJ,0,65986,42709,108695,"credit union, under 100m",credit union
10832,394238465,78942295,44885667,6731197,8041876,45615409,170364,14263064,FORT SILL,OK,14433428,123827962,8041876,153034463,"credit union, 100m to 1bn",credit union
10857,9717031,1042874,1118273,0,458227,1326609,0,0,DEER LODGE COUNTY SCHOOL EMP,MT,0,2161147,458227,2619374,"credit union, under 100m",credit union
10859,4550664,911254,754158,0,324468,444478,0,0,W T COMMUNITY,OH,0,1665412,324468,1989880,"credit union, under 100m",credit union
10865,9250193,1261192,128819,0,457763,2519197,0,0,GREATER WATERBURY HEALTHCARE,CT,0,1390011,457763,1847774,"credit union, under 100m",credit union
10866,664591095,178288337,126796352,14451101,20563642,93592114,11763418,49279537,KINETIC,GA,61042955,305084689,20563642,401142387,"credit union, 100m to 1bn",credit union
10880,170370286,21286829,5073441,3285387,1105921,22342195,6450467,30617656,PINELLAS,FL,37068123,26360270,1105921,67819701,"credit union, 100m to 1bn",credit union
10882,12784304,351647,472795,0,788007,1906178,0,206820,LOCAL UNION 1186 IBEW,HI,206820,824442,788007,1819269,"credit union, under 100m",credit union
10898,267088092,47326257,10386693,4636475,6190433,29684181,27462150,110734230,MIDCOAST,ME,138196380,57712950,6190433,206736238,"credit union, 100m to 1bn",credit union
10904,98998300,14077007,3823280,0,3485787,11831443,2717361,21017376,GRANCO,WA,23734737,17900287,3485787,45120811,"credit union, under 100m",credit union
10913,87642882,12416253,6239319,1865139,6837988,10123302,1693890,11140262,SOUTHWEST RESEARCH CENTER,TX,12834152,18655572,6837988,40192851,"credit union, under 100m",credit union
10920,3160240649,958531446,369966806,57181832,34902716,301116135,223515544,735844148,ARKANSAS,AR,959359692,1328498252,34902716,2379942492,"credit union, 1 to 10bn",credit union
10933,529177227,134289190,32836969,7763303,28554730,78483042,28353845,125451932,SERVU,NY,153805777,167126159,28554730,357249969,"credit union, 100m to 1bn",credit union
10938,73396223,5157191,4929308,552599,2832429,7175954,40413,33717657,HAWAII FIRST,HI,33758070,10086499,2832429,47229597,"credit union, under 100m",credit union
10939,293237683,36729169,44389856,4774064,3857134,25497142,31915975,35616488,BANGOR,ME,67532463,81119025,3857134,157282686,"credit union, 100m to 1bn",credit union
10954,41752741,1857966,1288952,1077216,599392,3991061,7703434,4500549,METHUEN,MA,12203983,3146918,599392,17027509,"credit union, under 100m",credit union
10958,109474576,23178731,11634935,1595637,2538753,13611295,10298021,15404624,FIRST EAGLE,MD,25702645,34813666,2538753,64650701,"credit union, 100m to 1bn",credit union
10973,181353857,25256574,6705139,485498,4578296,27831623,639161,19645846,UFCW COMMUNITY,PA,20285007,31961713,4578296,57310514,"credit union, 100m to 1bn",credit union
10994,162312646,13982918,33417319,3848322,12184248,26681330,680560,2039491,NAFT,TX,2720051,47400237,12184248,66152858,"credit union, 100m to 1bn",credit union
11011,136604481,25191791,25703447,0,7782536,15456014,3329539,11899944,LAREDO,TX,15229483,50895238,7782536,73907257,"credit union, 100m to 1bn",credit union
11014,9921181,1631602,982939,0,1736786,2613534,0,0,EAST ORANGE FIREMENS,NJ,0,2614541,1736786,4351327,"credit union, under 100m",credit union
11030,141457801,6083112,1964121,318849,207479,19087117,23928,17938093,GRASSLANDS,MT,17962021,8047233,207479,26535582,"credit union, 100m to 1bn",credit union
11032,54639031,17141453,6490489,0,289083,4059927,1486550,13810311,HEART O' TEXAS,TX,15296861,23631942,289083,39217886,"credit union, under 100m",credit union
11045,11345344,3346271,2215643,0,469501,3323779,0,0,PBA,AR,0,5561914,469501,6031415,"credit union, under 100m",credit union
11056,15612481,2028258,834168,0,495474,2204664,404361,4970099,NORTHEAST ALABAMA POSTAL,AL,5374460,2862426,495474,8732360,"credit union, under 100m",credit union
11057,154392579,66914453,15380942,3668743,5519413,17962460,0,2314559,FIRST FAMILY,OK,2314559,82295395,5519413,93798110,"credit union, 100m to 1bn",credit union
11065,14359506885,2016242049,1573662701,307103783,294905415,1591579563,1184571400,4428306734,SECURITY SERVICE,TX,5612878134,3589904750,294905415,9804792082,"credit union, over 10bn",credit union
11067,156159832,24783394,30259679,825934,2235850,13917199,855842,40111835,4U,TX,40967677,55043073,2235850,99072534,"credit union, 100m to 1bn",credit union
11099,146710479,6913548,5158854,2201007,1680903,13783681,16038541,28248749,EAST COUNTY SCHOOLS,CA,44287290,12072402,1680903,60241602,"credit union, 100m to 1bn",credit union
11111,1256866574,133771365,40663983,14719669,9407515,132777171,55783378,243505974,FREEDOM FIRST,VA,299289352,174435348,9407515,497851884,"credit union, 1 to 10bn",credit union
11123,3691283,90043,112239,0,24090,1405121,65706,453340,S R I EMPLOYEES,AL,519046,202282,24090,745418,"credit union, under 100m",credit union
11144,498209961,98402997,47692240,4101105,5599479,50449750,22175598,151439151,DIRIGO,ME,173614749,146095237,5599479,329410570,"credit union, 100m to 1bn",credit union
11152,31458114,5524580,1818685,304360,466802,4118272,1653870,9285300,TENNESSEE MILITARY,TN,10939170,7343265,466802,19053597,"credit union, under 100m",credit union
11154,188523385,52933942,14567937,5780363,3568166,18245812,2537123,8294545,BLUE COAST,FL,10831668,67501879,3568166,87682076,"credit union, 100m to 1bn",credit union
11157,40346408,4013047,2385312,874273,1392389,12886602,312755,5518914,UTICA DISTRICT TELEPHONE EMPLOYEES,NY,5831669,6398359,1392389,14496690,"credit union, under 100m",credit union
11162,221958169,42218100,22379212,6552326,4017354,20003964,48780363,52041951,CANOPY,WA,100822314,64597312,4017354,175989306,"credit union, 100m to 1bn",credit union
11164,12489217,1136126,1756702,0,832468,3388866,0,0,COASTAL BEND P O,TX,0,2892828,832468,3725296,"credit union, under 100m",credit union
11168,34419959,9297341,3575538,256942,1003213,3087778,853378,2580034,AUDUBON,KY,3433412,12872879,1003213,17566446,"credit union, under 100m",credit union
11170,236302948,37173756,19249287,2527210,3293583,24007292,17466683,24041380,FIRST SERVICE,OH,41508063,56423043,3293583,103751899,"credit union, 100m to 1bn",credit union
11172,27378338,4564005,2146893,1086351,1180351,3482934,481612,1890248,COMMUNITY CONNECT,PA,2371860,6710898,1180351,11349460,"credit union, under 100m",credit union
11242,30211043,4872635,1835068,496119,1352704,2546229,237918,8592866,PINPOINT,PA,8830784,6707703,1352704,17387310,"credit union, under 100m",credit union
11253,244085135,37405446,7508437,0,7846543,19359820,46510851,71991397,NEW DIMENSIONS,ME,118502248,44913883,7846543,171262674,"credit union, 100m to 1bn",credit union
11254,143943527,10215319,7675922,1338027,5061279,30111979,0,35069865,CELCO COMMUNITY,VA,35069865,17891241,5061279,59360412,"credit union, 100m to 1bn",credit union
11273,101644084,32257327,6033396,1158013,1564153,10675820,3755355,21606642,STERLING UNITED,IN,25361997,38290723,1564153,66374886,"credit union, 100m to 1bn",credit union
11285,5213722,1082389,543243,0,269041,1172953,0,0,CORNING GLASS WORKS HARRODSBG,KY,0,1625632,269041,1894673,"credit union, under 100m",credit union
11293,326875805,45421844,17583059,6715684,4276148,41979216,23874241,28423098,VACATIONLAND,OH,52297339,63004903,4276148,126294074,"credit union, 100m to 1bn",credit union
11300,1165108481,103961058,29754404,23125600,55626930,149483014,81904976,292231132,CLEARWATER,MT,374136108,133715462,55626930,586604100,"credit union, 1 to 10bn",credit union
11304,153971925,14770662,3582340,1832454,4781509,20142070,3180291,37923954,ARC,PA,41104245,18353002,4781509,66071210,"credit union, 100m to 1bn",credit union
11307,5683855886,380657128,306527007,175142960,153576217,621100890,540080820,1150006802,APPLE,VA,1690087622,687184135,153576217,2705990934,"credit union, 1 to 10bn",credit union
11316,1425953327,459273001,327775054,13536818,74905040,163106390,92038988,96078061,SANDIA AREA,NM,188117049,787048055,74905040,1063606962,"credit union, 1 to 10bn",credit union
11323,8682152,1935760,1356816,225144,632083,1118395,0,0,PACE,WV,0,3292576,632083,4149803,"credit union, under 100m",credit union
11331,4040595,1283793,1251152,0,10298,696048,0,0,M D U EMPLOYEES,MT,0,2534945,10298,2545243,"credit union, under 100m",credit union
11340,1021996,259495,79841,0,0,127527,0,0,ST. MICHAELS,CO,0,339336,0,339336,"credit union, under 100m",credit union
11347,14291407,1668634,281435,0,716497,2094506,0,0,WILMINGTON POLICE & FIRE,DE,0,1950069,716497,2666566,"credit union, under 100m",credit union
11353,41865710,7478194,3688514,0,865322,4655207,692814,718998,EAST RIVER,SD,1411812,11166708,865322,13443842,"credit union, under 100m",credit union
11364,18840571,4361498,1851133,182925,351003,2075166,91446,518191,THE FAMILY FIRST,MT,609637,6212631,351003,7356196,"credit union, under 100m",credit union
11374,131752088,5768792,3628147,0,839892,39237706,952728,15652401,C-B-W SCHOOLS,PA,16605129,9396939,839892,26841960,"credit union, 100m to 1bn",credit union
11377,6614282,1391899,679807,0,392478,1290663,0,0,SWEETWATER REGIONAL,TX,0,2071706,392478,2464184,"credit union, under 100m",credit union
11380,725719,4643,0,0,262969,287077,0,0,FIDELIS,NY,0,4643,262969,267612,"credit union, under 100m",credit union
11391,16702151,2029121,410563,376955,445152,2460429,0,606191,KINZUA,PA,606191,2439684,445152,3867982,"credit union, under 100m",credit union
11400,50182751,1178369,239623,0,156639,5387794,5832807,9913343,GOLDMARK,MA,15746150,1417992,156639,17320781,"credit union, under 100m",credit union
11402,84148731,14488277,9675001,917873,2099987,8730843,9303736,10110773,GREAT MEADOW,NY,19414509,24163278,2099987,46595647,"credit union, under 100m",credit union
11409,16248036,3734606,1313879,390112,807673,2235345,6076816,0,LITHIUM,NC,6076816,5048485,807673,12323086,"credit union, under 100m",credit union
11445,32851857,9489495,1747732,0,910647,6048692,1039162,859916,BREWSTER,OH,1899078,11237227,910647,14046952,"credit union, under 100m",credit union
11452,383496132,47630343,31079009,8324077,23120056,36480905,26012229,94577979,CY-FAIR,TX,120590208,78709352,23120056,230743693,"credit union, 100m to 1bn",credit union
11458,5077767,1206144,1385629,0,253830,631823,0,0,MOORE COUNTY SCHOOLS,TX,0,2591773,253830,2845603,"credit union, under 100m",credit union
11459,5163120,625906,1376763,0,202388,954560,0,0,WINSLOW SCHOOL EMPLOYEES,AZ,0,2002669,202388,2205057,"credit union, under 100m",credit union
11470,45365068,6376956,1397372,351157,894137,6030248,6427589,4964964,SWEET HOME,NY,11392553,7774328,894137,20412175,"credit union, under 100m",credit union
11526,84407510,18750558,7188559,640206,1365379,7703648,520529,7081539,DAKOTA PLAINS,SD,7602068,25939117,1365379,35546770,"credit union, under 100m",credit union
11533,39052888,7402953,4429516,0,377764,5372381,491437,4749579,KNOXVILLE LAW ENFORCEMENT,TN,5241016,11832469,377764,17451249,"credit union, under 100m",credit union
11548,77857459,9756071,797369,1810796,393551,9282764,12877620,10895283,COLUMBINE,CO,23772903,10553440,393551,36530690,"credit union, under 100m",credit union
11550,10166638,1399231,823603,0,433319,2035550,812396,554507,MARYVALE SCHOOLS,NY,1366903,2222834,433319,4023056,"credit union, under 100m",credit union
11554,805423124,156496143,109420961,48927007,32299606,95402638,57183176,172987344,FAMILY TRUST,SC,230170520,265917104,32299606,577314237,"credit union, 100m to 1bn",credit union
11567,210142,0,0,0,40709,43011,0,0,BRISTOL VA SCHOOL SYSTEM,VA,0,0,40709,40709,"credit union, under 100m",credit union
11576,26726742,9031970,3243561,443116,6201424,2653615,50124,731815,TEXHILLCO SCHOOL EMPLOYEES,TX,781939,12275531,6201424,19702010,"credit union, under 100m",credit union
11604,20491260,1604645,1247172,0,4709277,2427842,0,0,EAST ORANGE VA HOSPITAL,NJ,0,2851817,4709277,7561094,"credit union, under 100m",credit union
11640,45211824,6008176,2212333,1035287,2764502,6358998,2914627,2560314,BOULEVARD,NY,5474941,8220509,2764502,17495239,"credit union, under 100m",credit union
11652,39722335,8918742,3041108,941438,1110185,4571558,1209432,5890081,GOLDEN VALLEY,CA,7099513,11959850,1110185,21110986,"credit union, under 100m",credit union
11658,601329,0,0,0,140273,147961,0,0,AVENUE BAPTIST BROTHERHOOD,LA,0,0,140273,140273,"credit union, under 100m",credit union
11663,91730391,20166806,1693490,957528,3395625,6983715,20185464,12120425,GOOD NEIGHBORS,NY,32305889,21860296,3395625,58519338,"credit union, under 100m",credit union
11670,128099905,15727403,22568525,2287074,5161865,18978296,0,0,TEXOMA EDUCATORS,TX,0,38295928,5161865,45744867,"credit union, 100m to 1bn",credit union
11674,579870392,123145204,31590097,8407436,18386125,55764886,32780119,85829578,FIRELANDS,OH,118609697,154735301,18386125,300138559,"credit union, 100m to 1bn",credit union
11678,80383227,14393826,6788527,0,2180675,15767156,0,15089843,TIMBERLINE,AR,15089843,21182353,2180675,38452871,"credit union, under 100m",credit union
11680,65157151,9984727,3058517,0,2232048,8782748,6735437,594163,BANNER,AZ,7329600,13043244,2232048,22604892,"credit union, under 100m",credit union
11685,90546668,24527685,8180783,0,3576870,21283972,105776,14879920,ARKANSAS SUPERIOR,AR,14985696,32708468,3576870,51271034,"credit union, under 100m",credit union
11689,43754258,8559011,2281510,568239,745106,6381271,1409341,66480,WYROPE WILLIAMSPORT,PA,1475821,10840521,745106,13629687,"credit union, under 100m",credit union
11718,114959686,15372837,5646483,870548,1227261,22682836,3655805,21356798,GRAND JUNCTION,CO,25012603,21019320,1227261,48129732,"credit union, 100m to 1bn",credit union
11721,29000592,8611935,9281538,0,636887,3911502,29228,763185,NSPIRE,TX,792413,17893473,636887,19322773,"credit union, under 100m",credit union
11723,730161907,40031774,8536038,15111744,16887596,55604081,109394423,165141826,CORNERSTONE COMMUNITY,NY,274536249,48567812,16887596,355103401,"credit union, 100m to 1bn",credit union
11744,25709877,5142055,2856205,0,1136278,6749981,0,0,AUGUSTA COUNTY,VA,0,7998260,1136278,9134538,"credit union, under 100m",credit union
11746,133744434,9648856,9333906,2609223,2305999,10345518,8361077,12184846,BROWARD HEALTHCARE,FL,20545923,18982762,2305999,44443907,"credit union, 100m to 1bn",credit union
11779,40370832,3491445,4818774,0,3033076,6423345,0,1577054,PUBLIC SERVICE,NJ,1577054,8310219,3033076,12920349,"credit union, under 100m",credit union
11780,223036346,33771288,13851641,10403694,6332561,30373309,2922100,15362951,SANTA ROSA COUNTY,FL,18285051,47622929,6332561,82644235,"credit union, 100m to 1bn",credit union
11782,17677812,4526648,3647781,205634,1862773,1749398,0,1402026,BAYOU COMMUNITY,LA,1402026,8174429,1862773,11644862,"credit union, under 100m",credit union
11783,190844,0,0,0,1340,76392,0,0,S I PHILADELPHIA,PA,0,0,1340,1340,"credit union, under 100m",credit union
11786,72432842,28438520,14926291,265162,930145,7067580,3156993,1958719,HURRICANE CREEK,AR,5115712,43364811,930145,49675830,"credit union, under 100m",credit union
11793,595668167,71694935,63660922,17791489,10218853,60175160,77175211,84562464,EMBOLD,OR,161737675,135355857,10218853,325103874,"credit union, 100m to 1bn",credit union
11824,76665571,18951070,4833115,0,14365,15935844,0,0,CHURCHILL COUNTY,NV,0,23784185,14365,23798550,"credit union, under 100m",credit union
11836,800733815,208719027,33244531,13561416,20390302,79275852,15991672,206242530,BAYER HERITAGE,WV,222234202,241963558,20390302,498149478,"credit union, 100m to 1bn",credit union
11867,78131195,22182500,8443585,406784,139248,9181915,422499,10721121,A.C.P.E.,WY,11143620,30626085,139248,42315737,"credit union, under 100m",credit union
11870,327912647,19459419,14615610,7727557,15156369,28854013,70964967,38912538,DOWNEY,CA,109877505,34075029,15156369,166836460,"credit union, 100m to 1bn",credit union
11872,236167752,4263937,4123636,3294102,1752620,30079604,20152850,153252293,SRI,CA,173405143,8387573,1752620,186839438,"credit union, 100m to 1bn",credit union
11891,114679578,21064476,9318510,1989187,3794699,12339480,3196082,3752497,MERCER COUNTY COMMUNITY,PA,6948579,30382986,3794699,43115451,"credit union, 100m to 1bn",credit union
11900,997392,360418,83797,0,128755,199297,0,0,MOJAVE PLANT EMPLOYEES,CA,0,444215,128755,572970,"credit union, under 100m",credit union
11902,38033817,14979899,5584244,879405,1339630,6671414,0,0,PATTERSON,AR,0,20564143,1339630,22783178,"credit union, under 100m",credit union
11905,79892797,5171827,4786325,3405951,1458619,12554243,8795766,22368412,CASTPARTS EMPLOYEES,OR,31164178,9958152,1458619,45986900,"credit union, under 100m",credit union
11913,69513668,26058816,10033205,1572418,1465018,5371413,10086936,3943833,ALCOA COMMUNITY,AR,14030769,36092021,1465018,53160226,"credit union, under 100m",credit union
11927,93302838,14673408,8049762,2236916,5371596,9282756,130161,13847852,COASTAL COMMUNITY,TX,13978013,22723170,5371596,44309695,"credit union, under 100m",credit union
11942,47228858,17392280,4625869,2515098,3768377,6642962,0,0,ST. TAMMANY,LA,0,22018149,3768377,28301624,"credit union, under 100m",credit union
11943,38187887,2608163,1110922,488534,5531916,3826514,1366199,7518677,BEFIT FINANCIAL,CA,8884876,3719085,5531916,18624411,"credit union, under 100m",credit union
11944,108436230,5296885,6217585,1072736,23618569,10096534,19833255,19932861,KAIPERM,CA,39766116,11514470,23618569,75971891,"credit union, 100m to 1bn",credit union
11949,29953389,4487735,4171213,1126325,605694,3805301,1256494,10388814,SPARK,WA,11645308,8658948,605694,22036275,"credit union, under 100m",credit union
11950,22370515,3175217,2050762,0,1170648,7073569,0,259489,COVINGTON SCHOOLS,AL,259489,5225979,1170648,6656116,"credit union, under 100m",credit union
11962,153592056,34171518,17990025,2430677,4089586,14586536,13320114,41876879,R G,MO,55196993,52161543,4089586,113878799,"credit union, 100m to 1bn",credit union
11972,13965713,601829,1269291,238449,443535,1752516,222636,310646,YOUR CHOICE,PA,533282,1871120,443535,3086386,"credit union, under 100m",credit union
11975,24363171,4273123,2371337,442840,750535,2467567,1197654,325433,ANG,AL,1523087,6644460,750535,9360922,"credit union, under 100m",credit union
11979,714406883,74930348,31116071,0,14819354,73805752,22739344,170626098,NORTHLAND AREA,MI,193365442,106046419,14819354,314231215,"credit union, 100m to 1bn",credit union
11986,2542809,259804,111491,0,37932,373041,0,144386,HIGH STREET BAPTIST CHURCH,VA,144386,371295,37932,553613,"credit union, under 100m",credit union
11992,5890937,87855,15605,0,12632,746159,0,0,ST. PASCHAL BAYLONS,OH,0,103460,12632,116092,"credit union, under 100m",credit union
11995,34173835,539691,554023,304505,148825,3861064,0,4552551,GREATER CENTRAL TEXAS,TX,4552551,1093714,148825,6099595,"credit union, under 100m",credit union
11996,10269315,2974148,903549,0,876256,2426674,0,0,COLQUITT COUNTY TEACHER,GA,0,3877697,876256,4753953,"credit union, under 100m",credit union
12000,61390078,21994191,4948283,413327,770221,7887013,0,0,MOHAVE COMMUNITY,AZ,0,26942474,770221,28126022,"credit union, under 100m",credit union
12004,107054917,20103186,6594766,657938,702832,11691134,5119905,14844788,NORTH CAROLINA COMMUNITY,NC,19964693,26697952,702832,48023415,"credit union, 100m to 1bn",credit union
12012,319010782,7880332,1416568,1213484,890525,38191850,6624727,29557565,OLD WEST,OR,36182292,9296900,890525,47583201,"credit union, 100m to 1bn",credit union
12028,6232123,1322308,1456180,0,313763,954886,0,0,DENOCOS,CA,0,2778488,313763,3092251,"credit union, under 100m",credit union
12029,49272607,3246341,3404360,693600,790226,4809106,5882988,7425635,UNITED CATHOLICS,CA,13308623,6650701,790226,21443150,"credit union, under 100m",credit union
12033,62452312,8132456,3912158,429502,332457,10325640,0,18952529,PANHANDLE,KS,18952529,12044614,332457,31759102,"credit union, under 100m",credit union
12067,1906182288,322491605,95419606,32565933,25886795,187825807,115502076,489395954,BAY,CA,604898030,417911211,25886795,1081261969,"credit union, 1 to 10bn",credit union
12068,54265417,5713189,6942579,522523,3113806,8942299,0,8487117,WALKER COUNTY,TX,8487117,12655768,3113806,24779214,"credit union, under 100m",credit union
12082,168429208,15273860,28482882,1524676,532483,20386992,737634,23906876,RED RIVER,OK,24644510,43756742,532483,70458411,"credit union, 100m to 1bn",credit union
12143,100919693,32581113,9155126,0,4414607,10989373,4368174,12122729,ONE COMMUNITY,WV,16490903,41736239,4414607,62641749,"credit union, 100m to 1bn",credit union
12152,16252743,4449015,1368229,0,532592,2755086,0,0,CLIFTY CREEK EMPLOYEES,IN,0,5817244,532592,6349836,"credit union, under 100m",credit union
12153,97613967,27334959,10134127,2007919,7685340,10898272,5449468,9559943,AFENA,IN,15009411,37469086,7685340,62171756,"credit union, under 100m",credit union
12164,364372159,111082217,39333937,7974896,1090984,43620260,63743668,64128604,AERO,AZ,127872272,150416154,1090984,287354306,"credit union, 100m to 1bn",credit union
12170,21074492,2280872,778962,0,411053,2410732,434710,1737581,LE ROY,NY,2172291,3059834,411053,5643178,"credit union, under 100m",credit union
12175,13455223,2900680,2927037,0,1138627,1857979,0,0,P S E,NJ,0,5827717,1138627,6966344,"credit union, under 100m",credit union
12181,91795016,24046799,16152595,3903803,5405279,8165127,0,3421676,WELLSPRING,TX,3421676,40199394,5405279,52930152,"credit union, under 100m",credit union
12185,23829807,2839429,1452928,373393,976999,4331772,3047553,436909,THIOKOL ELKTON,MD,3484462,4292357,976999,9127211,"credit union, under 100m",credit union
12199,1101050443,148343196,79546651,35951488,16557971,136494610,117443652,311085338,KIRTLAND,NM,428528990,227889847,16557971,708928296,"credit union, 1 to 10bn",credit union
12219,173717205,36445244,25016660,0,4071106,21681730,3285445,7291422,USSCO JOHNSTOWN,PA,10576867,61461904,4071106,76109877,"credit union, 100m to 1bn",credit union
12225,6237801,1700135,1146108,45243,262853,1838155,0,0,RAPIDES,LA,0,2846243,262853,3154339,"credit union, under 100m",credit union
12227,7433595,0,0,0,2053040,1143611,0,0,PASSAIC POLICE,NJ,0,0,2053040,2053040,"credit union, under 100m",credit union
12259,6647175,851940,2317156,0,304381,2289089,0,0,SHERWIN,TX,0,3169096,304381,3473477,"credit union, under 100m",credit union
12266,18508038,3615377,2031112,0,400011,3725041,0,0,ELLIS COUNTY TEACHERS AND EMPLOYEES,TX,0,5646489,400011,6046500,"credit union, under 100m",credit union
12271,116401706,22955256,19812988,663023,11422712,22492539,483095,15685096,SOUTHWEST OKLAHOMA,OK,16168191,42768244,11422712,71022170,"credit union, 100m to 1bn",credit union
12274,4009234,1229838,989042,0,52374,581357,0,0,PLAINS,TX,0,2218880,52374,2271254,"credit union, under 100m",credit union
12289,1038618,142191,0,0,139250,195879,0,0,LITTLEFIELD SCHOOL EMPLOYEES,TX,0,142191,139250,281441,"credit union, under 100m",credit union
12290,13199613,2485965,1301594,0,1060285,1769931,430919,289517,VALDOSTA TEACHERS,GA,720436,3787559,1060285,5568280,"credit union, under 100m",credit union
12291,22909790,4296618,2834670,0,1923309,3482524,629231,1613516,GEORGIA POWER VALDOSTA,GA,2242747,7131288,1923309,11297344,"credit union, under 100m",credit union
12292,15654629,2867883,1109834,450822,1179362,5170397,0,262937,BARTON PLANT EMPLOYEES,LA,262937,3977717,1179362,5870838,"credit union, under 100m",credit union
12305,97661106,13610515,7210772,812386,1746158,22727133,0,1351422,FAIRFIELD,AR,1351422,20821287,1746158,24731253,"credit union, under 100m",credit union
12310,8464558,1654876,601458,0,436017,2030841,30219,2186,FAYETTE,WV,32405,2256334,436017,2724756,"credit union, under 100m",credit union
12319,94832185,14964971,7783932,1054235,1924062,9412027,13370385,10027581,OMAHA POLICE,NE,23397966,22748903,1924062,49125166,"credit union, under 100m",credit union
12330,165414251,12841422,15837026,465646,4127803,27249529,16875299,54902186,WYMAR,LA,71777485,28678448,4127803,105049382,"credit union, 100m to 1bn",credit union
12333,49448025,1398659,950066,0,382531,5038483,1263620,2375195,EARNING TREE,PA,3638815,2348725,382531,6370071,"credit union, under 100m",credit union
12334,125908809,11656036,1997694,5044305,3660825,13355239,26496122,39100305,NESC,MA,65596427,13653730,3660825,87955287,"credit union, 100m to 1bn",credit union
12351,30679019,4688145,1966072,1037248,1110436,3954341,4061160,651090,PORT CONNEAUT,OH,4712250,6654217,1110436,13514151,"credit union, under 100m",credit union
12356,8894344,1669769,1435274,0,353189,1556283,0,0,IBERVILLE,LA,0,3105043,353189,3458232,"credit union, under 100m",credit union
12361,422018477,74062713,54885208,7405158,8970395,41569666,17187167,123764404,CAROLINA TRUST,SC,140951571,128947921,8970395,286275045,"credit union, 100m to 1bn",credit union
12365,14221398,1654807,2432812,0,382149,2326508,0,0,REFUGIO COUNTY,TX,0,4087619,382149,4469768,"credit union, under 100m",credit union
12383,20804307,3165833,1420026,298819,921422,2951224,0,0,EAST ALABAMA COMMUNITY,AL,0,4585859,921422,5806100,"credit union, under 100m",credit union
12425,778602530,55497356,33606544,18623947,18886933,95668750,111634248,211236075,FOOTHILL,CA,322870323,89103900,18886933,449485103,"credit union, 100m to 1bn",credit union
12438,82257407,9308439,8355749,3628657,2590467,10133621,3084202,9711358,ARMSTRONG ASSOCIATES,PA,12795560,17664188,2590467,36678872,"credit union, under 100m",credit union
12440,3972861,800152,333671,0,178746,408451,0,0,"MASTERS, MATES & PILOTS (MM&P)",MD,0,1133823,178746,1312569,"credit union, under 100m",credit union
12443,731943340,114068493,47701255,19538165,7706460,55819147,88957726,130714422,DOVER,DE,219672148,161769748,7706460,408686521,"credit union, 100m to 1bn",credit union
12470,46956134,16195100,4649265,765489,3559297,6816956,0,1870354,MOUNTAIN HERITAGE,WV,1870354,20844365,3559297,27039505,"credit union, under 100m",credit union
12472,14726333,2664708,2607728,385300,5575608,1840652,0,0,LAREDO FIRE DEPARTMENT,TX,0,5272436,5575608,11233344,"credit union, under 100m",credit union
12473,320312470,36122312,28528307,3290038,7732758,46614820,8037605,90498657,DANNEMORA,NY,98536262,64650619,7732758,174209677,"credit union, 100m to 1bn",credit union
12478,45894815,11342959,5381207,0,759965,9416348,1388046,817154,ELECTRICAL WORKERS NO 558,AL,2205200,16724166,759965,19689331,"credit union, under 100m",credit union
12505,3170031,487374,292896,0,121133,504044,0,0,FORT LIGONIER,PA,0,780270,121133,901403,"credit union, under 100m",credit union
12508,4766285,1411906,934329,0,334506,458377,0,0,SANTA MARIA ASSOCIATED EMPLOYEES,CA,0,2346235,334506,2680741,"credit union, under 100m",credit union
12543,162927927,9266152,7137793,1995505,2443424,16543136,40361972,8272762,TORRANCE COMMUNITY,CA,48634734,16403945,2443424,69477608,"credit union, 100m to 1bn",credit union
12546,2488270,451213,140667,0,504144,238096,0,0,MEDICAL EMPLOYEES OF STATEN ISLAND,NY,0,591880,504144,1096024,"credit union, under 100m",credit union
12570,61470949,8076258,8575737,1580950,3358216,6999110,1457917,16091423,UNIVERSITY OF LOUISIANA,LA,17549340,16651995,3358216,39140501,"credit union, under 100m",credit union
12601,62774409,12770735,4744646,741638,2609867,15405352,974906,4969393,PINE,AR,5944299,17515381,2609867,26811185,"credit union, under 100m",credit union
12608,1401443,670708,0,0,411311,71706,0,0,OLATHE,CO,0,670708,411311,1082019,"credit union, under 100m",credit union
12613,2550186,268420,356469,0,18115,878780,0,0,GLOVER,HI,0,624889,18115,643004,"credit union, under 100m",credit union
12616,39915541,3780229,825029,1099662,631349,3337552,3506364,6921714,ERIE COMMUNITY,OH,10428078,4605258,631349,16764347,"credit union, under 100m",credit union
12619,1650844,513102,196063,0,38611,238985,0,0,PUBLIC SERVICE EDWARDSPT PL E,IN,0,709165,38611,747776,"credit union, under 100m",credit union
12624,59216834,5333877,4466029,657370,506592,6270465,3148419,7659526,RT,NY,10807945,9799906,506592,21771813,"credit union, under 100m",credit union
12643,115936790,16104021,4178551,1019629,6817048,14441626,2300636,20954558,CORRY,PA,23255194,20282572,6817048,51374443,"credit union, 100m to 1bn",credit union
12648,12930525,4666381,1151201,0,409162,1236198,1235,120206,BLUEGRASS COMMUNITY,KY,121441,5817582,409162,6348185,"credit union, under 100m",credit union
12654,67114999,9633552,7645490,707513,1192024,8579629,4487567,13652743,SRU,PA,18140310,17279042,1192024,37318889,"credit union, under 100m",credit union
12666,31506360,3914680,746783,757092,826160,3752198,8617383,5027732,MILLS42,MA,13645115,4661463,826160,19889830,"credit union, under 100m",credit union
12671,21627151,2097255,1384169,0,165811,1787443,1107776,2818212,COOPERS CAVE,NY,3925988,3481424,165811,7573223,"credit union, under 100m",credit union
12673,13217801,2490178,2142739,0,753694,2955411,0,0,UNITED HOSPITAL CENTER,WV,0,4632917,753694,5386611,"credit union, under 100m",credit union
12679,262437782,26414097,5037386,9215146,7063873,24333791,40219432,29034175,EDIFI,NJ,69253607,31451483,7063873,116984109,"credit union, 100m to 1bn",credit union
12686,38336654,4544503,1689709,0,1111676,3817188,199692,5244995,PAHRANAGAT VALLEY,NV,5444687,6234212,1111676,12790575,"credit union, under 100m",credit union
12697,818240414,172977491,80144905,13256429,11779481,112872232,109595,183433488,COMPLEX COMMUNITY,TX,183543083,253122396,11779481,461701389,"credit union, 100m to 1bn",credit union
12729,274444647,8395531,5175797,3694969,7831673,37459359,13293415,56003410,PENN STATE,PA,69296825,13571328,7831673,94394795,"credit union, 100m to 1bn",credit union
12735,2418229,824901,255979,0,468231,593680,0,0,W B R T,LA,0,1080880,468231,1549111,"credit union, under 100m",credit union
12745,48980854,9926770,5624184,0,532582,7849315,1532477,2333212,LOCAL 697,IN,3865689,15550954,532582,19949225,"credit union, under 100m",credit union
12748,1694120,92160,92811,0,265643,237441,0,0,XAVIER UNIVERSITY,LA,0,184971,265643,450614,"credit union, under 100m",credit union
12752,90211477,17351956,2738824,958679,1387129,11616039,4884667,1690125,AMERICO,PA,6574792,20090780,1387129,29011380,"credit union, under 100m",credit union
12765,1468442993,98304233,37710598,40158770,64296063,147123047,143486660,429984724,FIRST COMMONWEALTH,PA,573471384,136014831,64296063,813941048,"credit union, 1 to 10bn",credit union
12771,3364766,0,0,0,1398602,480601,0,0,PUERTO RICO EMPLOYEE GROUPS,PR,0,0,1398602,1398602,"credit union, under 100m",credit union
12794,3874309,1680338,557700,0,26605,282752,0,0,POWELL SCHOOLS,WY,0,2238038,26605,2264643,"credit union, under 100m",credit union
12805,425533511,83638700,32065857,10253074,11903261,47041905,28621642,26924397,MOCSE,CA,55546039,115704557,11903261,193406931,"credit union, 100m to 1bn",credit union
12808,217706930,46910870,16577496,6790110,2264232,33010899,6934212,40009728,SUCCESS,AR,46943940,63488366,2264232,119486648,"credit union, 100m to 1bn",credit union
12813,45383239,13150834,3811591,0,1795424,10686145,1415817,1603721,BAPTIST HEALTH,AR,3019538,16962425,1795424,21777387,"credit union, under 100m",credit union
12814,377947297,13712387,39304300,5329754,1063229,76215931,825656,159054820,SEA WEST COAST GUARD,CA,159880476,53016687,1063229,219290146,"credit union, 100m to 1bn",credit union
12837,9022809,329910,1739055,0,602411,1641448,0,12851,MARVEL CITY,AL,12851,2068965,602411,2684227,"credit union, under 100m",credit union
12847,20492325,1283860,2802992,810815,809272,2588204,4974511,0,COMMUNITY HEALTHCARE,WA,4974511,4086852,809272,10681450,"credit union, under 100m",credit union
12852,60342707,10644305,9804036,0,676438,12516482,1085938,9826180,GREEN RIVER AREA,KY,10912118,20448341,676438,32036897,"credit union, under 100m",credit union
12858,450809175,88094660,106613128,2352672,16571534,48354568,42425509,77782108,TEXAS TECH,TX,120207617,194707788,16571534,333839611,"credit union, 100m to 1bn",credit union
12859,2293575,1116072,199226,0,63404,630476,0,0,FAITH COOPERATIVE,TX,0,1315298,63404,1378702,"credit union, under 100m",credit union
12873,9400955,1365942,2091415,0,1343491,1463474,673117,800050,PLATTSBURGH CITY SCHOOL DISTRICT,NY,1473167,3457357,1343491,6274015,"credit union, under 100m",credit union
12877,55718917,7077945,3939271,1423198,4019481,6787341,2919625,3231778,SECURED ADVANTAGE,SC,6151403,11017216,4019481,22611298,"credit union, under 100m",credit union
12890,136728713,15328107,836737,0,781672,11515943,6663252,75545247,RIVERWAYS,MO,82208499,16164844,781672,99155015,"credit union, 100m to 1bn",credit union
12892,42658594,4113066,3988130,1363172,3307877,5362022,896927,7930492,BCM,TX,8827419,8101196,3307877,21599664,"credit union, under 100m",credit union
12898,17482259,2666993,3098292,75506,657728,1504749,0,0,FONTANA,CA,0,5765285,657728,6498519,"credit union, under 100m",credit union
12900,3790834,1070823,314114,0,221154,1242909,0,0,KENNAFORD,PA,0,1384937,221154,1606091,"credit union, under 100m",credit union
12906,20418607,701134,1459942,176722,504826,2945343,699297,4164386,BLUE WATER,MI,4863683,2161076,504826,7706307,"credit union, under 100m",credit union
12912,11468050,1776611,1372855,63663,972659,1519433,1039503,1833967,CIRCUIT,NY,2873470,3149466,972659,7059258,"credit union, under 100m",credit union
12922,15520069,2900971,4157752,0,2010421,2297788,0,0,CHARLESTON,WV,0,7058723,2010421,9069144,"credit union, under 100m",credit union
12935,193213479,21887174,12589948,5085371,2800500,22173653,21309600,28977461,DISCOVERY,PA,50287061,34477122,2800500,92650054,"credit union, 100m to 1bn",credit union
12938,51577386,6409454,8097617,0,1631339,7636663,1310325,4691668,WV NATIONAL GUARD,WV,6001993,14507071,1631339,22140403,"credit union, under 100m",credit union
12944,15914410,1163437,4271662,0,1057775,5991483,723103,303295,ST. BERNARD PARISH SCHOOL BOARD EMP,LA,1026398,5435099,1057775,7519272,"credit union, under 100m",credit union
12956,11760879,3423365,745446,0,2460260,1180718,0,0,PEOPLES TRANSPORT,NJ,0,4168811,2460260,6629071,"credit union, under 100m",credit union
12957,295618825,36856645,15567658,11301571,14574612,27946602,23174496,90563504,TCT,NY,113738000,52424303,14574612,192038486,"credit union, 100m to 1bn",credit union
12977,1102780619,161959143,36577058,58999955,109671737,114951263,175016840,121637505,MARINE,NC,296654345,198536201,109671737,663862238,"credit union, 1 to 10bn",credit union
12980,70808330,5793028,4830979,723261,1546541,9792180,3774032,14044031,AFFINITY FIRST,ND,17818063,10624007,1546541,30711872,"credit union, under 100m",credit union
13028,72548252,2216402,1217083,276601,1354701,7790212,1784125,3152455,167TH TFR,WV,4936580,3433485,1354701,10001367,"credit union, under 100m",credit union
13035,82419098,3978976,4640172,1692588,925804,9591267,13869416,6681657,WASHINGTON AREA TEACHERS,PA,20551073,8619148,925804,31788613,"credit union, under 100m",credit union
13044,23182406,2093530,2966430,1084844,1249077,3587891,0,163420,ONTARIO PUBLIC EMPLOYEES,CA,163420,5059960,1249077,7557301,"credit union, under 100m",credit union
13062,2877254,293795,557610,0,145670,1776169,0,0,B. P. S.,TX,0,851405,145670,997075,"credit union, under 100m",credit union
13067,31215954,5265644,2529257,651012,163880,4342290,1834807,1684237,RIVERFORK,ND,3519044,7794901,163880,12128837,"credit union, under 100m",credit union
13102,13535229,2100834,777623,242288,627765,1694484,443403,383261,ONEIDA COUNTY,NY,826664,2878457,627765,4575174,"credit union, under 100m",credit union
13103,16499119,3336385,605269,0,163160,1636608,600164,910314,PALACE CITY,SD,1510478,3941654,163160,5615292,"credit union, under 100m",credit union
13115,14066368,2781434,1720943,0,236850,2897400,0,0,FASSON EMPLOYEES,OH,0,4502377,236850,4739227,"credit union, under 100m",credit union
13121,468504313,30493720,21500182,3896585,4288665,67345064,10719722,130709509,TIDEMARK,DE,141429231,51993902,4288665,201608383,"credit union, 100m to 1bn",credit union
13131,171686303,10655456,7501766,4099487,9878629,14227903,28348188,59291637,MISSION CITY,CA,87639825,18157222,9878629,119775163,"credit union, 100m to 1bn",credit union
13132,29443400,4556511,2944233,994749,2339511,5301351,0,9140107,U. S. I.,TX,9140107,7500744,2339511,19975111,"credit union, under 100m",credit union
13161,9004766,3462341,517050,129427,345045,1518349,0,0,RIO BLANCO SCHOOLS,CO,0,3979391,345045,4453863,"credit union, under 100m",credit union
13167,65881026,6507470,747685,630962,1302491,9258107,762916,14189741,FLORENCE,AL,14952657,7255155,1302491,24141265,"credit union, under 100m",credit union
13186,34727277,3535416,5667673,0,2041422,4345945,0,0,ED-MED,NY,0,9203089,2041422,11244511,"credit union, under 100m",credit union
13190,209714350,21279424,5507529,800704,4672528,24118012,12068323,46725556,LISBON COMMUNITY,ME,58793879,26786953,4672528,91054064,"credit union, 100m to 1bn",credit union
13224,1218817,514117,124289,0,16386,286065,0,0,NORTH SANPETE,UT,0,638406,16386,654792,"credit union, under 100m",credit union
13233,55258892,10532599,2381471,1023121,2043245,3962238,4160734,20547941,FEDTRUST,TN,24708675,12914070,2043245,40689111,"credit union, under 100m",credit union
13242,3228466783,595035396,425209159,111207764,319116131,270310050,246139614,677600571,CHARTWAY,VA,923740185,1020244555,319116131,2374308635,"credit union, 1 to 10bn",credit union
13248,4079281,782271,283274,0,692816,305543,0,0,S H P E,LA,0,1065545,692816,1758361,"credit union, under 100m",credit union
13254,36063710,15064329,6338308,320999,1965190,3081509,0,0,CORRECTIONS,CA,0,21402637,1965190,23688826,"credit union, under 100m",credit union
13261,33794044,1789791,1443017,778033,3648182,5146142,1153093,5456065,ANTIOCH COMMUNITY,CA,6609158,3232808,3648182,14268181,"credit union, under 100m",credit union
13265,56935070,9721428,13114489,0,2069913,9126591,446543,257640,MOKELUMNE,CA,704183,22835917,2069913,25610013,"credit union, under 100m",credit union
13271,166054373,32030373,23984814,7819067,13837877,22260588,7697741,32657277,JEFFERSON PARISH EMPLOYEES,LA,40355018,56015187,13837877,118027149,"credit union, 100m to 1bn",credit union
13274,2315301,595888,204277,0,173117,414932,0,0,NORTH ADAMS M E,MA,0,800165,173117,973282,"credit union, under 100m",credit union
13279,64342932,5093267,7618816,895610,1455253,15191889,4447655,17145218,SOUTH BEND FIREFIGHTERS,IN,21592873,12712083,1455253,36655819,"credit union, under 100m",credit union
13290,104715192,25054126,28085941,750836,1178216,9764724,291253,11248066,FIRST WATCH,TX,11539319,53140067,1178216,66608438,"credit union, 100m to 1bn",credit union
13300,35966568,1242791,296177,257380,60838,5646120,490174,13187189,SCHOOL DISTRICT 3,CO,13677363,1538968,60838,15534549,"credit union, under 100m",credit union
13305,37697372,4154091,684340,489252,780080,8838488,2140546,602400,LAWRENCE MEMORIAL HOSPITAL EMPLOYEE,CT,2742946,4838431,780080,8850709,"credit union, under 100m",credit union
13321,53569378,6668038,1813852,2075089,2980332,4527046,129743,2166965,RAVENSWOOD,WV,2296708,8481890,2980332,15834019,"credit union, under 100m",credit union
13329,32361926,4382060,1446194,0,1818908,3891741,706327,263782,BALDWIN COUNTY,AL,970109,5828254,1818908,8617271,"credit union, under 100m",credit union
13334,128960438,32636393,3676021,3018695,5489392,14191905,53638,15663476,TRIANGLE,MS,15717114,36312414,5489392,60537615,"credit union, 100m to 1bn",credit union
13345,666104332,59518310,41177596,5318676,9347565,90682084,69076555,198331586,FIRST PEOPLES COMMUNITY,MD,267408141,100695906,9347565,382770288,"credit union, 100m to 1bn",credit union
13355,19644255,4068581,1443405,0,679205,2824915,3333871,877498,FRANKFORT COMMUNITY,MI,4211369,5511986,679205,10402560,"credit union, under 100m",credit union
13367,1177111,171077,208663,0,78158,245504,0,0,AKRON SCHOOL EMPLOYEES,NY,0,379740,78158,457898,"credit union, under 100m",credit union
13391,34753508,3674790,591735,315420,187405,3897791,2433151,6443916,FLAGSHIP COMMUNITY,MI,8877067,4266525,187405,13646417,"credit union, under 100m",credit union
13392,4642934590,51066717,63066990,57325036,41008670,520582963,423267769,2394441674,STANFORD,CA,2817709443,114133707,41008670,3030176856,"credit union, 1 to 10bn",credit union
13402,66777302,7488742,4043895,1249744,666440,9131582,3979020,2324869,ESCONDIDO,CA,6303889,11532637,666440,19752710,"credit union, under 100m",credit union
13416,91795588,4279387,1924030,413586,470708,14898865,8434116,66056215,SUNSET,OR,74490331,6203417,470708,81578042,"credit union, under 100m",credit union
13426,8219892,559185,1297554,0,158163,1168958,0,0,CITY OF CLARKSBURG,WV,0,1856739,158163,2014902,"credit union, under 100m",credit union
13432,92189545,19259621,8055746,2092712,1914384,12460526,3877925,5802134,STATE HIGHWAY PATROL,OH,9680059,27315367,1914384,41002522,"credit union, under 100m",credit union
13439,156420102,775515,326062,675984,17515,21664464,4857093,69220194,NOVA UA,NJ,74077287,1101577,17515,75872363,"credit union, 100m to 1bn",credit union
13456,46241393,3013470,1405470,467141,2228352,8145926,103129,39210,METHODIST HEALTHCARE,TN,142339,4418940,2228352,7256772,"credit union, under 100m",credit union
13469,13887844,2314048,1948990,0,578785,1430522,0,0,PENNTECH EMPLOYEES,PA,0,4263038,578785,4841823,"credit union, under 100m",credit union
13472,16648249,2244293,1078649,0,900870,3280454,0,0,BERKELEY COMMUNITY,SC,0,3322942,900870,4223812,"credit union, under 100m",credit union
13476,224317083,20897283,20763224,3343164,5629025,26979539,9662847,43407276,CAROLINA FOOTHILLS,SC,53070123,41660507,5629025,103702819,"credit union, 100m to 1bn",credit union
13481,3927468,306332,927813,0,254297,714420,0,0,WESTERN SPRINGS,IL,0,1234145,254297,1488442,"credit union, under 100m",credit union
13492,59455260,5904798,5862520,2019114,775773,10001764,1191739,4035971,VISION FINANCIAL,NC,5227710,11767318,775773,19789915,"credit union, under 100m",credit union
13495,90951404,9602089,1022092,0,1612979,7737831,2738075,42776216,COUNTY SCHOOLS,CA,45514291,10624181,1612979,57751451,"credit union, under 100m",credit union
13503,19166063,724661,262190,151886,601804,2703721,0,2663498,CAL-ED,PA,2663498,986851,601804,4404039,"credit union, under 100m",credit union
13516,4471669,1460937,565573,0,593985,316518,0,0,LOCOGA,GA,0,2026510,593985,2620495,"credit union, under 100m",credit union
13526,24606993,2727584,1488241,550918,74383,2744268,835954,2512515,EMPLOYEES CHOICE,CA,3348469,4215825,74383,8189595,"credit union, under 100m",credit union
13534,135320376,9849647,29384150,2327937,5468506,12803214,2029576,2494634,OKALOOSA COUNTY TEACHERS,FL,4524210,39233797,5468506,51554450,"credit union, 100m to 1bn",credit union
13544,5489740,503924,1570653,0,443004,1441610,0,11146,POLY SCIENTIFIC EMPLOYEES,VA,11146,2074577,443004,2528727,"credit union, under 100m",credit union
13583,200543870,10693794,12406830,1115080,217600,29616361,3115594,42324379,SPIRIT OF ALASKA,AK,45439973,23100624,217600,69873277,"credit union, 100m to 1bn",credit union
13591,44842848,16865762,9086997,431006,634611,12234317,0,0,CHEROKEE COUNTY,TX,0,25952759,634611,27018376,"credit union, under 100m",credit union
13599,1899998,508235,376632,0,43750,377670,0,0,FLEXPAK,UT,0,884867,43750,928617,"credit union, under 100m",credit union
13601,249407218,12111410,6068772,3075560,8750207,21737658,40535545,29589290,SHREWSBURY,MA,70124835,18180182,8750207,100130784,"credit union, 100m to 1bn",credit union
13602,40050872,6234485,1934540,995146,2119416,3690590,8241580,3679608,MANCHESTER MUNICIPAL,CT,11921188,8169025,2119416,23204775,"credit union, under 100m",credit union
13605,914256943,116403528,22062341,40216832,27908792,72691078,96956597,300688991,ABNB,VA,397645588,138465869,27908792,604237081,"credit union, 100m to 1bn",credit union
13616,139903059,28577626,11008028,0,1051735,18929335,11390283,21372736,INDIANA STATE UNIVERSITY,IN,32763019,39585654,1051735,73400408,"credit union, 100m to 1bn",credit union
13634,3101612,1010473,553531,250603,223510,903620,0,0,KELLOGG MEMPHIS EMPLOYEES,TN,0,1564004,223510,2038117,"credit union, under 100m",credit union
13649,155852053,59660070,21156529,3166215,6797543,17307344,14009887,0,IRONWORKERS USA,OR,14009887,80816599,6797543,104790244,"credit union, 100m to 1bn",credit union
13654,2167334,209754,323280,0,11088,404301,0,0,MT TAYLOR,NM,0,533034,11088,544122,"credit union, under 100m",credit union
13655,22221954,9104892,2884242,0,104064,3742313,0,0,ALBA-GOLDEN,TX,0,11989134,104064,12093198,"credit union, under 100m",credit union
13659,56248226,11628921,6036347,892745,1246240,9252989,2125268,824688,UNIVERSITY OF SOUTH ALABAMA,AL,2949956,17665268,1246240,22754209,"credit union, under 100m",credit union
13672,6989979,1772067,1260520,0,309793,1030111,0,0,VICTORIA CITY-COUNTY EMPLOYEES,TX,0,3032587,309793,3342380,"credit union, under 100m",credit union
13682,117805965,27910047,11203282,811128,2643983,12177754,6934756,10102776,BREWER,ME,17037532,39113329,2643983,59605972,"credit union, 100m to 1bn",credit union
13687,22063033,4010143,2515831,458376,1922862,3552675,0,3164216,FELICIANA,LA,3164216,6525974,1922862,12071428,"credit union, under 100m",credit union
13690,689561997,60728481,42673035,7264967,10686383,88344804,36949026,161283729,FORT BRAGG,NC,198232755,103401516,10686383,319585621,"credit union, 100m to 1bn",credit union
13704,32440443,5038522,1668030,2835212,422325,3348440,3075971,4773405,FAITH CONNECTION,GA,7849376,6706552,422325,17813465,"credit union, under 100m",credit union
13729,18095472,2974448,3476280,0,1113830,3343978,976177,4577866,ENERGY PEOPLE,NJ,5554043,6450728,1113830,13118601,"credit union, under 100m",credit union
13733,45389563,6281066,6057304,1278870,701278,8295088,1101660,2823403,GLASS CAP,PA,3925063,12338370,701278,18243581,"credit union, under 100m",credit union
13737,143977835,23301579,14517739,6209637,6729925,23529274,0,0,ARKANSAS BEST,AR,0,37819318,6729925,50758880,"credit union, 100m to 1bn",credit union
13741,647680261,60566358,9984166,5980960,1871656,57835926,73731186,205989594,BEEHIVE,ID,279720780,70550524,1871656,358123920,"credit union, 100m to 1bn",credit union
13760,58655808,5296532,6520497,0,1969081,9142848,2070551,2056310,PENNSTAR,PA,4126861,11817029,1969081,17912971,"credit union, under 100m",credit union
13762,79640708,22597730,6601393,981598,2290506,17948437,0,17182912,CLEARWAY,AR,17182912,29199123,2290506,49654139,"credit union, under 100m",credit union
13763,42005672,2444064,1843655,0,915823,8244358,0,1868205,RIVER REGION,LA,1868205,4287719,915823,7071747,"credit union, under 100m",credit union
13766,73312736,1907880,1282507,123480,857503,10575473,875619,2017544,M. C. T.,NY,2893163,3190387,857503,7064533,"credit union, under 100m",credit union
13777,3040343,581501,545782,58918,164077,704330,0,84396,LEFORS,TX,84396,1127283,164077,1434674,"credit union, under 100m",credit union
13790,48344942,9060781,1138483,0,845283,6619449,880934,5199436,DESERTVIEW,UT,6080370,10199264,845283,17124917,"credit union, under 100m",credit union
13791,138089812,11515155,6486136,2077862,4610602,15637374,7866772,18931590,DELAWARE STATE POLICE,DE,26798362,18001291,4610602,51488117,"credit union, 100m to 1bn",credit union
13794,151323206,33870823,22236882,851764,279831,18657441,6972027,11652809,MEDINA COUNTY,OH,18624836,56107705,279831,75864136,"credit union, 100m to 1bn",credit union
13800,351340054,13464617,38830588,0,4117542,47760055,21242649,80656257,ELKO,NV,101898906,52295205,4117542,158311653,"credit union, 100m to 1bn",credit union
13821,1653683,26394,4875,0,1524,367723,53415,105586,B V M S N,PA,159001,31269,1524,191794,"credit union, under 100m",credit union
13823,11376705,2228447,2817400,84502,514400,1563332,0,0,BRADFORD AREA,PA,0,5045847,514400,5644749,"credit union, under 100m",credit union
13828,1513345719,328971653,132409265,0,34192280,296669916,25939149,269406954,ALLSOUTH,SC,295346103,461380918,34192280,790919301,"credit union, 1 to 10bn",credit union
13833,10331461,2863580,262123,0,1301701,1147762,1036823,1434209,C U P,UT,2471032,3125703,1301701,6898436,"credit union, under 100m",credit union
13842,54581813,6344581,625375,0,437968,5311747,9316877,9682117,WESTMINSTER,CO,18998994,6969956,437968,26406918,"credit union, under 100m",credit union
13852,62316774,26746428,3504290,1357069,4804007,10141852,1719030,1828177,THE BRIDGEWAY,AL,3547207,30250718,4804007,39959001,"credit union, under 100m",credit union
13857,8015222,662541,1239594,0,381871,735859,0,0,LONGSHORE,WA,0,1902135,381871,2284006,"credit union, under 100m",credit union
13873,11430058,2093417,1652697,0,1036975,3941312,0,0,BROWNFIELD,TX,0,3746114,1036975,4783089,"credit union, under 100m",credit union
13885,74267243,13846996,3323331,1608497,2127938,7681599,1788034,10443127,L C E,OH,12231161,17170327,2127938,33137923,"credit union, under 100m",credit union
13898,196453742,57886715,24771452,2793327,812519,26886949,0,3533072,ENDURANCE,OK,3533072,82658167,812519,89797085,"credit union, 100m to 1bn",credit union
13902,77429736,17997702,10985113,2794146,5469320,10120700,1034320,6975208,FICARE,FL,8009528,28982815,5469320,45255809,"credit union, under 100m",credit union
13919,983208339,172350816,93286248,15655227,28846936,106124986,87226974,243378331,DEL-ONE,DE,330605305,265637064,28846936,640744532,"credit union, 100m to 1bn",credit union
13926,100715771,10367282,2630792,1358309,3867028,10359387,18621714,18565828,TEWKSBURY,MA,37187542,12998074,3867028,55410953,"credit union, 100m to 1bn",credit union
13933,17879148,938662,419514,0,673643,2182580,834659,1479645,SAINT VINCENT ERIE,PA,2314304,1358176,673643,4346123,"credit union, under 100m",credit union
13938,6947913,909412,687947,278881,108238,842475,122210,98299,CROUSE HINDS EMPLOYEES,NY,220509,1597359,108238,2204987,"credit union, under 100m",credit union
13939,188020014,17793872,38150524,5612295,37770813,26347173,2312602,35352767,PUERTO RICO,PR,37665369,55944396,37770813,136992873,"credit union, 100m to 1bn",credit union
13940,44876596,11348693,4796301,190511,219228,8094716,907249,0,BUSINESS AND INDUSTRIAL,IN,907249,16144994,219228,17461982,"credit union, under 100m",credit union
13941,77197321,1268507,1428365,0,260889,15421225,3528650,40929347,SM,KS,44457997,2696872,260889,47415758,"credit union, under 100m",credit union
13944,167716319,4513432,5371547,1578054,1906832,17370782,10045819,14281612,RIEGEL,NJ,24327431,9884979,1906832,37697296,"credit union, 100m to 1bn",credit union
13965,2741659,1111059,108886,0,155268,392855,0,0,OREM CITY EMPLOYEES,UT,0,1219945,155268,1375213,"credit union, under 100m",credit union
13966,20470233,7049758,641247,0,1204857,2649539,1533894,2083534,CHADRON,NE,3617428,7691005,1204857,12513290,"credit union, under 100m",credit union
13974,11777920,4220807,1688856,0,262375,1307066,105310,693687,GESB SHEET METAL WORKERS,IN,798997,5909663,262375,6971035,"credit union, under 100m",credit union
14003,93598852,12318126,6579910,629864,2742795,8770015,6534998,3756897,TORRINGTON MUNICIPAL AND TEACHERS,CT,10291895,18898036,2742795,32562590,"credit union, under 100m",credit union
14011,1366117,195322,139827,0,86300,256359,0,0,BERRIEN TEACHERS,GA,0,335149,86300,421449,"credit union, under 100m",credit union
14015,37533243,3931939,429957,719466,2061446,4292219,7178647,10703084,GARDEN STATE,NJ,17881731,4361896,2061446,25024539,"credit union, under 100m",credit union
14018,40810195,2051803,2402074,434717,744876,5170264,5388671,4987821,VISIONARY,PA,10376492,4453877,744876,16009962,"credit union, under 100m",credit union
14026,13037987,1299519,1537403,0,671235,1743723,0,0,FEDMONT,AL,0,2836922,671235,3508157,"credit union, under 100m",credit union
14030,29647506,1655412,4280616,314017,452653,3298893,33249,5328225,IBEW 317,WV,5361474,5936028,452653,12064172,"credit union, under 100m",credit union
14040,21394582,2790563,1511432,533321,596646,2294320,1919954,1725611,NIAGARA-WHEATFIELD,NY,3645565,4301995,596646,9077527,"credit union, under 100m",credit union
14052,23775603,9435120,1514133,210324,743780,4072075,0,735993,LIBERTY COUNTY TEACHERS,TX,735993,10949253,743780,12639350,"credit union, under 100m",credit union
14058,383307,0,0,0,0,57331,0,0,ST. MARTIN DE PORRES PARISH,IL,0,0,0,0,"credit union, under 100m",credit union
14066,198136276,1476571,1959769,0,336253,35801919,137018,19489470,FIRESTONE,OH,19626488,3436340,336253,23399081,"credit union, 100m to 1bn",credit union
14074,152213623,31910476,12354524,1287447,5616498,24707339,12492994,28723072,CITYMARK,PA,41216066,44265000,5616498,92385011,"credit union, 100m to 1bn",credit union
14091,951994691,138274204,58734194,17937792,14581643,94017781,46164381,168312771,HOUSTON,TX,214477152,197008398,14581643,444004985,"credit union, 100m to 1bn",credit union
14098,68032520,13836701,2468836,1680923,1556926,9583829,1386165,10018283,COMMUNITY FOCUS,MI,11404448,16305537,1556926,30947834,"credit union, under 100m",credit union
14120,217671977,59081252,14495204,2553238,5634274,28902487,15831818,11264967,STARK,OH,27096785,73576456,5634274,108860753,"credit union, 100m to 1bn",credit union
14135,178806215,25542321,3135148,3161030,2120794,23114525,5709555,23146871,DIAMOND VALLEY,IN,28856426,28677469,2120794,62815719,"credit union, 100m to 1bn",credit union
14163,34956985,7284482,1899232,360084,430279,3559866,2379069,338878,FIRST COUNTY,IN,2717947,9183714,430279,12692024,"credit union, under 100m",credit union
14166,10175846,2337118,557331,0,595677,1491741,0,0,COCHRAN COUNTY SCHOOLS,TX,0,2894449,595677,3490126,"credit union, under 100m",credit union
14170,33089954,2191333,2497693,152144,416436,4781005,0,24803,NORTHEAST TEXAS TEACHERS,TX,24803,4689026,416436,5282409,"credit union, under 100m",credit union
14172,3647787,1254802,1056783,0,398941,1320975,0,0,METREX,NJ,0,2311585,398941,2710526,"credit union, under 100m",credit union
14176,842376131,3391031,23938410,3585755,11652753,103978765,27411573,487332779,IDB GLOBAL,DC,514744352,27329441,11652753,557312301,"credit union, 100m to 1bn",credit union
14180,37370541,1763105,2883216,599055,967167,4510597,910137,11380420,CENTRAL SUSQUEHANNA COMMUNITY,PA,12290557,4646321,967167,18503100,"credit union, under 100m",credit union
14185,4760148,748770,220701,0,0,1388654,0,0,KRAFTSMAN,VA,0,969471,0,969471,"credit union, under 100m",credit union
14186,30135985,4353561,5496172,348612,942023,3280754,0,906382,WALTON COUNTY TEACHERS,FL,906382,9849733,942023,12046750,"credit union, under 100m",credit union
14191,8173976,1632112,2120039,0,197843,3187429,0,0,DANVERS MUNICIPAL,MA,0,3752151,197843,3949994,"credit union, under 100m",credit union
14226,11127429,720285,2431526,0,586410,2143578,0,38813,3RD DISTRICT HIGHWAY,LA,38813,3151811,586410,3777034,"credit union, under 100m",credit union
14247,10844087,1709393,1183848,0,215347,1405022,622965,1037819,I B E W LOCAL 56,PA,1660784,2893241,215347,4769372,"credit union, under 100m",credit union
14257,28989458,2352772,713075,0,1159895,3816042,0,4255520,WEE,WV,4255520,3065847,1159895,8481262,"credit union, under 100m",credit union
14260,15228537,4554768,1683051,0,567090,2182192,798843,209796,MINUTEMAN,SD,1008639,6237819,567090,7813548,"credit union, under 100m",credit union
14329,6870094,143280,226802,0,967804,1553227,142256,0,UNION COUNTY EMPLOYEES,NJ,142256,370082,967804,1480142,"credit union, under 100m",credit union
14333,16263634,3200581,2864028,0,850725,5401889,0,1988119,TENNESSEE RIVER,TN,1988119,6064609,850725,8903453,"credit union, under 100m",credit union
14346,29931780,1595526,576880,243454,787562,3029058,1223593,0,FIRST AREA,PA,1223593,2172406,787562,4427015,"credit union, under 100m",credit union
14369,148327901,5327612,527887,1124914,1014101,11292804,30909538,29788777,THE DISTRICT,CO,60698315,5855499,1014101,68692829,"credit union, 100m to 1bn",credit union
14375,6638346,1266328,1536759,0,183862,1025801,0,0,DISTRICT 62 HIGHWAY,LA,0,2803087,183862,2986949,"credit union, under 100m",credit union
14376,3895366,817560,1381218,0,301013,872003,0,0,LOUISIANA MACHINERY EMPLOYEES,LA,0,2198778,301013,2499791,"credit union, under 100m",credit union
14384,7287344737,457519130,367185803,321683785,30236887,894438201,421695785,2502957859,MISSION,CA,2924653644,824704933,30236887,4101279249,"credit union, 1 to 10bn",credit union
14388,159643066,9421187,3536233,1863049,899659,20781888,22443884,33272269,HARTFORD,CT,55716153,12957420,899659,71436281,"credit union, 100m to 1bn",credit union
14391,140157481,44687921,16237175,3796036,14898626,15491597,18011645,109163,BAPTIST HEALTH SOUTH FLORIDA,FL,18120808,60925096,14898626,97740566,"credit union, 100m to 1bn",credit union
14402,22467506,3212336,4018485,672778,525566,3171241,14046,4323349,IBEW/SJ CASCADE,OR,4337395,7230821,525566,12766560,"credit union, under 100m",credit union
14408,9725955,928232,833962,33892,176936,2299530,71362,790688,MIDWAY,VA,862050,1762194,176936,2835072,"credit union, under 100m",credit union
14409,40052719,643060,538860,814620,923327,4363495,5550270,9013719,DIABLO VALLEY,CA,14563989,1181920,923327,17483856,"credit union, under 100m",credit union
14415,79967874,706805,95199,0,0,10793786,3358107,16444295,SONOMA,CA,19802402,802004,0,20604406,"credit union, under 100m",credit union
14425,124258738,11339461,10356916,912892,5799069,16811821,3387362,26247432,INGERSOLL-RAND,PA,29634794,21696377,5799069,58043132,"credit union, 100m to 1bn",credit union
14436,59109759,6213744,4645397,834428,777896,6934969,3880175,20304983,OSWEGO TEACHERS EMPLOYEES,NY,24185158,10859141,777896,36656623,"credit union, under 100m",credit union
14449,13470911,2541250,650822,281907,410497,1923566,0,767450,WAYNE COUNTY,IN,767450,3192072,410497,4651926,"credit union, under 100m",credit union
14462,208398568,12899275,6087524,1505578,1991872,22203477,19369449,48401905,ONTARIO SHORES,NY,67771354,18986799,1991872,90255603,"credit union, 100m to 1bn",credit union
14469,375767,79662,38190,0,11933,38223,0,0,MAHONING VALLEY,OH,0,117852,11933,129785,"credit union, under 100m",credit union
14499,80183239,4416540,2609057,1018058,4796965,7240255,8806487,32005708,CAL STATE L.A.,CA,40812195,7025597,4796965,53652815,"credit union, under 100m",credit union
14505,6545634,958589,750516,0,757498,586634,0,0,GRIFFITH INSTITUTE EMPLOYEES,NY,0,1709105,757498,2466603,"credit union, under 100m",credit union
14512,9115286,794395,3070525,0,1257674,3153751,0,0,PORT TERMINAL,TX,0,3864920,1257674,5122594,"credit union, under 100m",credit union
14522,22135248,4757792,2076302,434300,1270093,2601915,712656,1049414,SPECIAL METALS,NY,1762070,6834094,1270093,10300557,"credit union, under 100m",credit union
14537,1899119,153890,545373,0,345100,648094,0,700,"JAMES WARD, JR.",LA,700,699263,345100,1045063,"credit union, under 100m",credit union
14542,174609350,18725520,9624362,6017988,7668620,24013237,11106681,33400853,VIDA,CA,44507534,28349882,7668620,86544024,"credit union, 100m to 1bn",credit union
14545,139910020,15479179,20814791,0,1671165,14647363,9793536,14218580,PACIFIC CASCADE,OR,24012116,36293970,1671165,61977251,"credit union, 100m to 1bn",credit union
14562,90243294,9456735,2339190,1183769,771847,13098826,8398299,22215026,EVANSVILLE,IN,30613325,11795925,771847,44364866,"credit union, under 100m",credit union
14565,858100471,112643763,27151544,11660230,32604522,67867528,73218359,251497913,MAINE SAVINGS,ME,324716272,139795307,32604522,508776331,"credit union, 100m to 1bn",credit union
14568,798358960,75223395,282516545,30621649,12951350,104605807,29035564,126137827,LA CAPITOL,LA,155173391,357739940,12951350,556486330,"credit union, 100m to 1bn",credit union
14571,33204664,7467642,252641,0,374518,6103335,1425811,4530721,LOGAN MEDICAL,UT,5956532,7720283,374518,14051333,"credit union, under 100m",credit union
14584,155062428,3846028,2573784,818016,744419,20208355,13971771,30758100,LAKEVIEW,OH,44729871,6419812,744419,52712118,"credit union, 100m to 1bn",credit union
14610,1113294,366483,117245,0,4595,64359,0,0,MORNING STAR,OK,0,483728,4595,488323,"credit union, under 100m",credit union
14611,67822776,15907927,13034022,1047487,5867623,15491481,0,0,WVU EMPLOYEES,WV,0,28941949,5867623,35857059,"credit union, under 100m",credit union
14617,490338,147935,0,0,91708,124322,0,0,LONZA,PA,0,147935,91708,239643,"credit union, under 100m",credit union
14623,31446712,3599625,1363551,364991,1747870,3818694,0,4076984,LYNCHBURG MUNICIPAL EMPLOYEES,VA,4076984,4963176,1747870,11153021,"credit union, under 100m",credit union
14634,13815080,5720705,1334962,0,888441,2461430,0,0,I B E W 175,TN,0,7055667,888441,7944108,"credit union, under 100m",credit union
14650,69916579,13103369,2450396,0,1284401,6128930,33554584,1438239,PARISHIONERS,CA,34992823,15553765,1284401,51830989,"credit union, under 100m",credit union
14651,9011085,1791087,505164,78034,708851,1233950,22321,1263525,DISTRICT 08,LA,1285846,2296251,708851,4368982,"credit union, under 100m",credit union
14656,13623744,998900,1447707,0,1535547,2861982,0,0,LOCAL 24 EMPLOYEES,TX,0,2446607,1535547,3982154,"credit union, under 100m",credit union
14657,404428,70451,9457,0,1934,135635,0,0,VALLEY WIDE,UT,0,79908,1934,81842,"credit union, under 100m",credit union
14670,42909940,12687064,4598904,0,695294,5796667,128438,843613,H E A,GA,972051,17285968,695294,18953313,"credit union, under 100m",credit union
14676,1119945792,172793238,31614788,13758681,22927549,101358333,29234216,98250555,PEACH STATE,GA,127484771,204408026,22927549,368579027,"credit union, 1 to 10bn",credit union
14677,74071929,7671236,2295730,272493,901380,9542597,3286187,7960059,CLEVELAND-BRADLEY CTY TEACHER,TN,11246246,9966966,901380,22387085,"credit union, under 100m",credit union
14692,1473752333,227886999,60124110,43490637,95571702,147939167,50701904,536083913,ONPATH,LA,586785817,288011109,95571702,1013859265,"credit union, 1 to 10bn",credit union
14708,3215562,1312421,707309,0,185666,438062,0,0,MACHINISTS - BOILERMAKERS,OR,0,2019730,185666,2205396,"credit union, under 100m",credit union
14712,1337815,366635,215808,0,119549,261489,0,0,IBEW 141,OH,0,582443,119549,701992,"credit union, under 100m",credit union
14723,445696401,21434292,12196831,5935530,704231,42225517,46087386,67376778,AEROSPACE,CA,113464164,33631123,704231,153735048,"credit union, 100m to 1bn",credit union
14725,25498567,5219588,1202167,0,213767,5722853,197030,5889006,CHATTANOOGA FIRST,TN,6086036,6421755,213767,12721558,"credit union, under 100m",credit union
14733,91624610,16181366,6726203,1223799,6735343,12882959,831,0,SECURCOMMUNITY,TN,831,22907569,6735343,30867542,"credit union, under 100m",credit union
14734,62233008,3879674,8698264,459410,5396350,6732503,0,7788056,LA JOYA AREA,TX,7788056,12577938,5396350,26221754,"credit union, under 100m",credit union
14754,492092381,14407722,5562218,15931852,15494440,43422834,92448019,90424217,TOPSIDE,VA,182872236,19969940,15494440,234268468,"credit union, 100m to 1bn",credit union
14758,8590770,3009215,873990,0,523882,1666447,0,0,QUAY SCHOOLS,NM,0,3883205,523882,4407087,"credit union, under 100m",credit union
14762,2645696076,501858888,205848655,51313644,89040280,317802878,106984459,808890437,JSC,TX,915874896,707707543,89040280,1763936363,"credit union, 1 to 10bn",credit union
14775,174676267,16086271,5703890,1124231,2764244,22528379,5772117,30799759,FRICK FINANCIAL,PA,36571876,21790161,2764244,62250512,"credit union, 100m to 1bn",credit union
14786,33921014,6697139,2175898,526412,926394,5156685,1241910,12969237,NORTHWEST ADVENTIST,OR,14211147,8873037,926394,24536990,"credit union, under 100m",credit union
14805,43487881,19556655,2982387,1722734,2244022,3809374,0,0,MISSISSIPPI NATIONAL GUARD,MS,0,22539042,2244022,26505798,"credit union, under 100m",credit union
14815,5758162,178975,11169,0,213268,1118835,0,0,LOCAL 355 MD,MD,0,190144,213268,403412,"credit union, under 100m",credit union
14824,5879669,926718,430885,0,408046,2251920,0,0,MEMORIAL,MS,0,1357603,408046,1765649,"credit union, under 100m",credit union
14829,8144644,580109,443878,267741,495851,1098169,530183,2350084,TEAM FIRST,PA,2880267,1023987,495851,4667846,"credit union, under 100m",credit union
14830,276615825,19426978,9554769,6920012,12869222,24233110,22275485,56352781,EDWARDS,CA,78628266,28981747,12869222,127399247,"credit union, 100m to 1bn",credit union
14845,23922335,1577797,453372,747990,484854,2643094,6021044,7330492,RAH,MA,13351536,2031169,484854,16615549,"credit union, under 100m",credit union
14850,63347476,4022081,1687416,1336232,4372647,5186209,10894585,19890558,CRANBERRY,MA,30785143,5709497,4372647,42203519,"credit union, under 100m",credit union
14865,10950653,2339792,672446,305503,503995,1670590,1068039,0,BURLINGTON MUNICIPAL EMPLOYEES,MA,1068039,3012238,503995,4889775,"credit union, under 100m",credit union
14874,111499580,22514613,3913130,1741740,594568,10734748,8558380,26904331,EXPLORERS,SD,35462711,26427743,594568,64226762,"credit union, 100m to 1bn",credit union
14879,10522985,2289377,601470,0,1458047,1575625,0,966643,A.B.,PA,966643,2890847,1458047,5315537,"credit union, under 100m",credit union
14884,43101160,12884262,2487820,484080,862716,3993538,3813304,150786,SPENCERPORT,NY,3964090,15372082,862716,20682968,"credit union, under 100m",credit union
14898,1515473,215053,373257,0,420910,467386,0,0,INLAND MOTOR EMPLOYEES,VA,0,588310,420910,1009220,"credit union, under 100m",credit union
14917,6487428,881878,403273,0,62354,1144595,0,0,GIBBONS AND REED EMPLOYEES,UT,0,1285151,62354,1347505,"credit union, under 100m",credit union
14934,117924086,9914257,4326656,9752677,1042367,14914007,10953273,10892121,SMW 104,CA,21845394,14240913,1042367,46881351,"credit union, 100m to 1bn",credit union
14965,14211636,3511475,2217844,0,320017,1261127,0,739316,NORTHEAST NEBRASKA,NE,739316,5729319,320017,6788652,"credit union, under 100m",credit union
14972,4527014,1007807,1034477,0,778197,534941,0,0,NORMAL CITY EMPLOYEES,IL,0,2042284,778197,2820481,"credit union, under 100m",credit union
15000,282439278,13149737,1759350,4388114,6131648,21562572,7123089,120802656,O.A.S. STAFF,DC,127925745,14909087,6131648,153354594,"credit union, 100m to 1bn",credit union
15001,1477994,225193,147477,0,141142,660029,0,0,SALT EMPLOYEES,TX,0,372670,141142,513812,"credit union, under 100m",credit union
15007,39005315,8945168,2741437,1126809,616188,4149347,1495233,3769872,MIDWEST FAMILY,IN,5265105,11686605,616188,18694707,"credit union, under 100m",credit union
15009,4799425,70096,2081244,0,290019,800449,0,0,MORGAN CITY,LA,0,2151340,290019,2441359,"credit union, under 100m",credit union
15015,94571506,18582808,4504514,791388,3809871,9451054,648455,9388834,FOOTHILLS,TN,10037289,23087322,3809871,37725870,"credit union, under 100m",credit union
15016,12046141,1697472,1422142,0,707113,2928825,0,21503,WAKEFERN,NJ,21503,3119614,707113,3848230,"credit union, under 100m",credit union
15021,62828524,3874662,1479925,1112373,2500643,8044124,16916457,3220629,MORTON LANE,NY,20137086,5354587,2500643,29104689,"credit union, under 100m",credit union
15049,28152760,7817988,4512624,452337,1816886,5545133,0,2119951,UNION FIDELITY,TX,2119951,12330612,1816886,16719786,"credit union, under 100m",credit union
15051,232709310,1798912,6705400,1747586,33508826,29004607,11758974,99879514,COMMUNITY FIRST GUAM,GU,111638488,8504312,33508826,155399212,"credit union, 100m to 1bn",credit union
15063,3297861,361111,381770,0,176285,522344,740680,576147,NEW KENSINGTON MUNICIPAL,PA,1316827,742881,176285,2235993,"credit union, under 100m",credit union
15067,12889556,0,0,0,711766,855533,0,3563448,TRANSFIGURATION PARISH,NY,3563448,0,711766,4275214,"credit union, under 100m",credit union
15072,180086422,40108680,14330890,5154190,9731443,24393671,19658313,32882785,REGIONAL,IN,52541098,54439570,9731443,121866301,"credit union, 100m to 1bn",credit union
15073,9277704,875102,526118,0,554182,1286755,0,0,DEDHAM TOWN EMPLOYEES,MA,0,1401220,554182,1955402,"credit union, under 100m",credit union
15080,54917863,9358970,2820772,2896632,8926805,8695340,3973221,12748932,ROCKLAND EMPLOYEES,NY,16722153,12179742,8926805,40725332,"credit union, under 100m",credit union
15089,779471,206276,115504,0,64386,73415,0,0,S T S P,LA,0,321780,64386,386166,"credit union, under 100m",credit union
15143,158083780,30807035,9809095,1639295,1846377,20350699,3373141,27313068,CHOCOLATE BAYOU COMMUNITY,TX,30686209,40616130,1846377,74788011,"credit union, 100m to 1bn",credit union
15146,609372953,64138111,46201345,9785034,8652264,81490068,6010556,206053638,DUGOOD,TX,212064194,110339456,8652264,340840948,"credit union, 100m to 1bn",credit union
15159,149287948,31343505,10159744,0,2334782,19294996,2647822,12776623,FRANKLIN-SOMERSET,ME,15424445,41503249,2334782,59262476,"credit union, 100m to 1bn",credit union
15174,5455070,0,0,0,0,2764481,293134,908156,LEE,DC,1201290,0,0,1201290,"credit union, under 100m",credit union
15175,87445192,23509102,16554405,2530931,4391512,8809550,0,7250683,T M H,FL,7250683,40063507,4391512,54236633,"credit union, under 100m",credit union
15185,141773612,5521091,2521949,2468724,1444296,24411245,16475579,11965453,COMMUNITY POWERED,DE,28441032,8043040,1444296,40397092,"credit union, 100m to 1bn",credit union
15209,557104786,42706386,18710378,11941831,5402939,58310762,65904067,107195153,CALL,VA,173099220,61416764,5402939,251860754,"credit union, 100m to 1bn",credit union
15211,6143448,2080139,1124053,0,421687,993765,0,0,DISTRICT 58,LA,0,3204192,421687,3625879,"credit union, under 100m",credit union
15222,632966228,13285710,61463491,8721748,109120943,76743839,2025040,182616759,COAST360,GU,184641799,74749201,109120943,377233691,"credit union, 100m to 1bn",credit union
15230,5743758,988934,207891,0,190781,751783,0,0,MOFFAT COUNTY SCHOOLS,CO,0,1196825,190781,1387606,"credit union, under 100m",credit union
15234,4832028,601480,585239,0,125527,1639114,313238,0,CHESWICK ATOMIC DIVISION,PA,313238,1186719,125527,1625484,"credit union, under 100m",credit union
15248,89582683,25457348,23383090,0,2450254,8274842,3279151,12186634,LAMPCO,IN,15465785,48840438,2450254,66756477,"credit union, under 100m",credit union
15265,6269300,1940139,1266001,0,233923,882622,771683,263853,WARE COUNTY SCHOOL EMPLOYEES,GA,1035536,3206140,233923,4475599,"credit union, under 100m",credit union
15296,1248858,271897,132217,0,101768,212978,0,0,MANCHESTER,MA,0,404114,101768,505882,"credit union, under 100m",credit union
15297,11083493,1075118,3404572,90392,293469,1148663,0,82190,HALE COUNTY TEACHERS,TX,82190,4479690,293469,4945741,"credit union, under 100m",credit union
15304,38173278,10241693,1317144,125340,1044811,3701791,1730334,0,GRACO,MI,1730334,11558837,1044811,14459322,"credit union, under 100m",credit union
15307,167944166,16546071,17951423,3531402,1592392,13593039,14699553,34074123,HOPEWELL,OH,48773676,34497494,1592392,88394964,"credit union, 100m to 1bn",credit union
15317,335614886,20412989,9388386,10636707,6312892,44076534,15806804,71545875,SAG-AFTRA,CA,87352679,29801375,6312892,134103653,"credit union, 100m to 1bn",credit union
15324,25745951,3349338,1580057,0,103293,2823799,2051800,5799594,WESTSIDE COMMUNITY,NY,7851394,4929395,103293,12884082,"credit union, under 100m",credit union
15327,85281133,31168453,6248439,5265498,14271424,12962108,4343916,10722542,SOUTHWEST FINANCIAL,TX,15066458,37416892,14271424,72020272,"credit union, under 100m",credit union
15328,139603619,28022266,9051947,1037072,932928,17342223,5933706,32345987,K V,ME,38279693,37074213,932928,77323906,"credit union, 100m to 1bn",credit union
15358,331292989,4060860,1385513,5029481,16423502,31369184,15108601,141101474,ACTORS,NY,156210075,5446373,16423502,183109431,"credit union, 100m to 1bn",credit union
15370,7332943,0,0,0,803707,1870252,0,0,SAKER SHOP RITE,NJ,0,0,803707,803707,"credit union, under 100m",credit union
15375,23280161,5591998,3503705,0,985041,4001768,0,0,WOLF POINT,MT,0,9095703,985041,10080744,"credit union, under 100m",credit union
15377,31258932,9374280,6296297,0,870707,4568255,0,2411664,MERIDIAN MISSISSIPPI ANG,MS,2411664,15670577,870707,18952948,"credit union, under 100m",credit union
15393,69855641,2986477,1374413,594536,1030656,10666746,3497883,11473978,STONEHAM MUNICIPAL EMPLOYEES,MA,14971861,4360890,1030656,20957943,"credit union, under 100m",credit union
15394,534243095,68274851,33376318,13586870,18428368,46158507,59015085,139570877,PEAKE,MD,198585962,101651169,18428368,332252369,"credit union, 100m to 1bn",credit union
15426,67576076,1782761,719065,2105020,1700459,12918553,1555784,4889840,AMERICAN SPIRIT,DE,6445624,2501826,1700459,12752929,"credit union, under 100m",credit union
15433,14556601,2099131,1634531,288163,688814,2957312,0,0,MEMPHIS MUNICIPAL EMPLOYEES,TN,0,3733662,688814,4710639,"credit union, under 100m",credit union
15438,62614512,18527668,2185341,1578161,1577245,6359258,7357928,5141787,TOPMARK,OH,12499715,20713009,1577245,36368130,"credit union, under 100m",credit union
15451,9627110,307263,245854,0,113178,1905111,1987207,492738,SOLON/CHAGRIN FALLS,OH,2479945,553117,113178,3146240,"credit union, under 100m",credit union
15454,344014,0,0,0,30675,65108,0,0,SHILOH ENGLEWOOD,IL,0,0,30675,30675,"credit union, under 100m",credit union
15459,8067689,0,0,0,381727,1216743,0,0,PENN SOUTH COOPERATIVE,NY,0,0,381727,381727,"credit union, under 100m",credit union
15467,189426919,37321787,16667844,2739999,4931003,23934286,2081780,72838023,KELLY COMMUNITY,TX,74919803,53989631,4931003,136580436,"credit union, 100m to 1bn",credit union
15483,246300498,22908436,7207591,1472814,3774467,24030414,34268037,37306095,JERSEY SHORE,NJ,71574132,30116027,3774467,106937440,"credit union, 100m to 1bn",credit union
15513,7270618,698142,130820,0,752746,780486,0,0,FORT DIX,NJ,0,828962,752746,1581708,"credit union, under 100m",credit union
15522,4930800,2664242,642418,0,33536,447015,0,0,LOCAL 265 IBEW,NE,0,3306660,33536,3340196,"credit union, under 100m",credit union
15523,251897652,27727970,7487826,2745360,1852115,32073588,8079650,50184627,TONGASS,AK,58264277,35215796,1852115,98077548,"credit union, 100m to 1bn",credit union
15532,32621832,2512569,1479735,1285781,570617,3904501,2033071,1688225,PAGODA,PA,3721296,3992304,570617,9569998,"credit union, under 100m",credit union
15536,10044715,2536539,1033694,445011,443627,1310055,0,0,VA BEACH POSTAL,VA,0,3570233,443627,4458871,"credit union, under 100m",credit union
15539,149377529,2202483,1967587,2102643,4272364,11812071,11486886,19620657,TOWN OF HEMPSTEAD EMPLOYEES,NY,31107543,4170070,4272364,41652620,"credit union, 100m to 1bn",credit union
15563,92217308,10508626,11769938,1201020,2454411,20090394,108845,2685996,BAYCEL,TX,2794841,22278564,2454411,28728836,"credit union, under 100m",credit union
15565,4309350,989902,289145,0,279033,615022,0,0,BELTON,TX,0,1279047,279033,1558080,"credit union, under 100m",credit union
15588,959873,161844,26322,0,132669,256108,0,0,G G W,LA,0,188166,132669,320835,"credit union, under 100m",credit union
15589,17009191,3707167,1430299,190901,743300,3986610,0,0,CADDO PARISH TEACHERS,LA,0,5137466,743300,6071667,"credit union, under 100m",credit union
15591,13150198,367480,435054,196104,104333,1541307,5666,3453404,SCRANTON DOWNTOWN,PA,3459070,802534,104333,4562041,"credit union, under 100m",credit union
15602,132199471,14464035,5544963,2794286,4500207,28696672,1196371,4457298,CENLA,LA,5653669,20008998,4500207,32957160,"credit union, 100m to 1bn",credit union
15618,13364830,2718054,1363103,0,598848,3428030,1327639,1882108,AFGM ENTERPRISES,NY,3209747,4081157,598848,7889752,"credit union, under 100m",credit union
15619,412792066,54498203,19976880,4283936,4495989,45718903,17008773,148046992,ACADIA,ME,165055765,74475083,4495989,248310773,"credit union, 100m to 1bn",credit union
15650,218236000,22700135,8607069,988914,10320216,39966320,14515302,91798698,H E B,TX,106314000,31307204,10320216,148930334,"credit union, 100m to 1bn",credit union
15652,8393721,903253,715192,118091,733271,1177413,2254142,709812,U F C W LOCAL 1776,PA,2963954,1618445,733271,5433761,"credit union, under 100m",credit union
15659,103526466,3477794,1687415,2035333,1327276,12479681,14720253,3138833,MARIN COUNTY,CA,17859086,5165209,1327276,26386904,"credit union, 100m to 1bn",credit union
15669,257334060,7315197,6633194,1034430,1731162,68529010,5459593,74922683,MOOG EMPLOYEES,NY,80382276,13948391,1731162,97096259,"credit union, 100m to 1bn",credit union
15672,777307349,92742600,81588782,26744183,11721608,139626042,20233262,103486101,SEA COMM,NY,123719363,174331382,11721608,336516536,"credit union, 100m to 1bn",credit union
15673,1994648,196754,62207,0,41894,309822,0,0,ISRAEL METHCOMM,IL,0,258961,41894,300855,"credit union, under 100m",credit union
15732,9019614056,1123385341,478987024,223728968,215544451,896286356,1004071491,1852264344,COMMUNITYAMERICA,KS,2856335835,1602372365,215544451,4897981619,"credit union, 1 to 10bn",credit union
15741,470062417,145836253,34868150,0,13468526,66853966,20075757,79650783,TRONA VALLEY COMMUNITY,WY,99726540,180704403,13468526,293899469,"credit union, 100m to 1bn",credit union
15752,2246579,458987,343203,0,46556,689576,0,0,NUCOR EMPLOYEES,AL,0,802190,46556,848746,"credit union, under 100m",credit union
15757,1439077,102976,164847,0,21681,550719,0,0,MT ZION INDIANAPOLIS,IN,0,267823,21681,289504,"credit union, under 100m",credit union
15766,1701679739,248503893,92701032,31797749,48480415,167983298,133087720,329790874,MID-HUDSON VALLEY,NY,462878594,341204925,48480415,884361683,"credit union, 1 to 10bn",credit union
15784,21413243,7348229,3034745,0,2932903,2833439,0,0,NOVO,CA,0,10382974,2932903,13315877,"credit union, under 100m",credit union
15788,34228763,7880343,5991542,838978,2028164,4152554,170063,99711,COMMON CENTS,TX,269774,13871885,2028164,17008801,"credit union, under 100m",credit union
15797,5414590,162059,356580,271512,404908,327209,0,393998,IRON WORKERS,PA,393998,518639,404908,1589057,"credit union, under 100m",credit union
15815,89177689,25533713,3272235,10533,4341855,12847552,0,0,SOUTHLAND,TX,0,28805948,4341855,33158336,"credit union, under 100m",credit union
15817,1009919,282586,44840,0,182093,122162,0,0,PILGRIM CUCC,TX,0,327426,182093,509519,"credit union, under 100m",credit union
15847,6568898,822163,760692,0,383883,660933,0,0,U-HAUL,AZ,0,1582855,383883,1966738,"credit union, under 100m",credit union
15848,17420196,1406390,780252,611054,508170,1863754,379260,3170410,CBI,IL,3549670,2186642,508170,6855536,"credit union, under 100m",credit union
15874,23401419,4582086,2561827,913866,365625,4471953,559885,4178849,MEMBERS TRUST,OH,4738734,7143913,365625,13162138,"credit union, under 100m",credit union
15882,550656304,25015967,5697931,3597546,5922211,64795787,14436732,171134197,DESCO,OH,185570929,30713898,5922211,225804584,"credit union, 100m to 1bn",credit union
15928,3741717,760342,840550,0,655794,590864,0,0,TROY,NY,0,1600892,655794,2256686,"credit union, under 100m",credit union
15935,11540389,2573724,2109305,0,712258,1572303,0,0,CHA-TEL,WV,0,4683029,712258,5395287,"credit union, under 100m",credit union
15938,5198007,1804322,452322,0,367358,487181,100674,922551,SIXTH AVENUE BAPTIST,AL,1023225,2256644,367358,3647227,"credit union, under 100m",credit union
16009,222309513,43996532,10483701,1280964,2594273,30745075,9301003,55938487,GRAND ALTITUDE,WY,65239490,54480233,2594273,123594960,"credit union, 100m to 1bn",credit union
16011,24648454,1280570,556118,455013,443866,3381204,1282262,369806,ATTLEBORO M E,MA,1652068,1836688,443866,4387635,"credit union, under 100m",credit union
16014,3097329,1235595,366469,0,180355,614374,0,0,COFFEE COUNTY TEACHERS,GA,0,1602064,180355,1782419,"credit union, under 100m",credit union
16016,6156772,1672282,1422873,0,611870,823743,0,0,PAWTUCKET MUNICIPAL EMPLOYEES,RI,0,3095155,611870,3707025,"credit union, under 100m",credit union
16030,230381043,17731571,9273471,3646808,6736143,17823246,27695504,36145493,CHAFFEY,CA,63840997,27005042,6736143,101228990,"credit union, 100m to 1bn",credit union
16042,92557637,18779583,6466376,4551409,2050119,10617942,7495314,7332864,WESTERN NEW YORK,NY,14828178,25245959,2050119,46675665,"credit union, under 100m",credit union
16061,7333353,2472593,1258612,0,923325,1591404,0,0,CITY OF DEER PARK,TX,0,3731205,923325,4654530,"credit union, under 100m",credit union
16063,39713100,856680,1240809,667982,151079,3717401,4074236,1129813,BVA,PA,5204049,2097489,151079,8120599,"credit union, under 100m",credit union
16065,31368025,3443270,2125760,0,690485,5667144,1017901,24161,HOWARD COUNTY SCHOOL EM,IN,1042062,5569030,690485,7301577,"credit union, under 100m",credit union
16067,36883836,766844,515879,692836,667228,4870606,4846684,0,THE ANDOVERS,MA,4846684,1282723,667228,7489471,"credit union, under 100m",credit union
16085,2872236,657647,163979,0,79078,861956,0,0,FLINT,GA,0,821626,79078,900704,"credit union, under 100m",credit union
16096,133805512,1090634,1315899,0,1954619,51981131,0,0,AFLAC,GA,0,2406533,1954619,4361152,"credit union, 100m to 1bn",credit union
16113,167160738,22164843,28023928,2005560,1215209,19832971,20184174,20528523,HERITAGE GROVE,OR,40712697,50188771,1215209,94122237,"credit union, 100m to 1bn",credit union
16126,536527,0,0,0,149368,217621,0,0,GARY MUNICIPAL EMPLOYEES,IN,0,0,149368,149368,"credit union, under 100m",credit union
16168,247210313,39370532,16939297,5542831,11134038,21459431,3240299,19702172,GEOVISTA,GA,22942471,56309829,11134038,95929169,"credit union, 100m to 1bn",credit union
16174,99669134,6646183,2727676,2360955,2549971,11263147,6266241,9338832,UNIVERSITY OF TOLEDO,OH,15605073,9373859,2549971,29889858,"credit union, under 100m",credit union
16176,29474234,3155668,980530,695326,1667506,3272025,0,2591881,CANANDAIGUA,NY,2591881,4136198,1667506,9090911,"credit union, under 100m",credit union
16178,93233467,12571890,7239274,3846930,5429173,12578798,10105248,5660936,WATERFRONT,WA,15766184,19811164,5429173,44853451,"credit union, under 100m",credit union
16190,24577500,5928856,1381931,243483,239794,3163120,27469,4493106,RIM COUNTRY,AZ,4520575,7310787,239794,12314639,"credit union, under 100m",credit union
16207,49435233,16652536,5808734,0,2354893,4599847,3730660,2069599,STATE CS EMPLOYEES,NY,5800259,22461270,2354893,30616422,"credit union, under 100m",credit union
16213,151501712,24679678,9312674,2286419,5029761,18908199,19181171,28084671,FINANCIAL BUILDERS,IN,47265842,33992352,5029761,88574374,"credit union, 100m to 1bn",credit union
16218,185842392,11912695,4564580,7281215,17150179,20317938,47271098,35860354,XCEL,NJ,83131452,16477275,17150179,124040121,"credit union, 100m to 1bn",credit union
16236,30372688,5560975,2757951,1027443,415443,2334115,1463751,2412117,GATES CHILI,NY,3875868,8318926,415443,13637680,"credit union, under 100m",credit union
16248,50732486,8238391,1697176,1197358,2317756,6006730,8821722,7162479,NORTH MEMORIAL,MN,15984201,9935567,2317756,29434882,"credit union, under 100m",credit union
16256,908550,89086,100077,0,212666,99502,0,0,WASHINGTON EDUCATIONAL ASSOC,LA,0,189163,212666,401829,"credit union, under 100m",credit union
16264,20932379,8674211,1242440,0,75673,2666172,0,0,DEVILS SLIDE,UT,0,9916651,75673,9992324,"credit union, under 100m",credit union
16268,35366003,7191793,3077359,607548,4345704,3583624,477137,3773706,W S S C,MD,4250843,10269152,4345704,19473247,"credit union, under 100m",credit union
16271,11227661,397635,506925,138246,105455,1434243,79728,0,BAKER HUGHES,TX,79728,904560,105455,1227989,"credit union, under 100m",credit union
16278,5616609,2144831,552758,0,820321,398262,0,0,SCHENECTADY COUNTY EMPLOYEES,NY,0,2697589,820321,3517910,"credit union, under 100m",credit union
16327,13092769,4354946,978471,172435,569559,3721795,0,0,MISSISSIPPI HIGHWAY SAFTY PAT,MS,0,5333417,569559,6075411,"credit union, under 100m",credit union
16351,47805694,8227099,3081021,0,1621864,12562469,0,1047926,LUFKIN,TX,1047926,11308120,1621864,13977910,"credit union, under 100m",credit union
16360,468328456,6079069,5064797,3130247,455205,57347872,0,218781436,SUMA,NY,218781436,11143866,455205,233510754,"credit union, 100m to 1bn",credit union
16364,11929352,1648415,1209632,357443,1672779,1678574,0,38029,PROVIDENT,DE,38029,2858047,1672779,4926298,"credit union, under 100m",credit union
16367,36362268,3322249,1652362,131105,336525,6830073,0,666104,COMANCHE COUNTY,OK,666104,4974611,336525,6108345,"credit union, under 100m",credit union
16373,103555641,9587248,2388639,391532,982472,12626206,248737,29602966,WINDTHORST,TX,29851703,11975887,982472,43201594,"credit union, 100m to 1bn",credit union
16383,2771237,14205,0,0,62455,1527310,901591,0,NEW ENGLAND LEE,MA,901591,14205,62455,978251,"credit union, under 100m",credit union
16400,350690031,16549268,6357940,5806309,20814050,43430397,27179293,114420057,AGRICULTURE,VA,141599350,22907208,20814050,191126917,"credit union, 100m to 1bn",credit union
16401,175860498,17379836,14703066,2482374,5490794,25055971,9164513,62696520,POLICE,MD,71861033,32082902,5490794,111917103,"credit union, 100m to 1bn",credit union
16402,280261040,37482999,12084472,11797151,3622125,30019353,20194554,88134775,U S POSTAL SERVICE,MD,108329329,49567471,3622125,173316076,"credit union, 100m to 1bn",credit union
16408,409054035,26420583,6965624,9524866,19822714,45461153,27576560,164147231,NYMEO,MD,191723791,33386207,19822714,254457578,"credit union, 100m to 1bn",credit union
16410,739109064,45017760,5300299,9695318,101367885,40014685,163508655,283853478,DEPARTMENT OF COMMERCE,DC,447362133,50318059,101367885,608743395,"credit union, 100m to 1bn",credit union
16411,88874298,12075026,3044544,2718138,8460162,11479106,4610007,18164792,DC,DC,22774799,15119570,8460162,49072669,"credit union, under 100m",credit union
16416,103053890,4768150,1339370,3690913,4958804,12469200,9551266,30912970,ADVANTAGE FINANCIAL,DC,40464236,6107520,4958804,55221473,"credit union, 100m to 1bn",credit union
16429,9406079,1390709,1728045,207903,502517,561869,0,0,LOCAL 20 IBEW,TX,0,3118754,502517,3829174,"credit union, under 100m",credit union
16435,24565378,3765289,2458430,90864,1059429,3252293,0,0,FIRST NESHOBA,MS,0,6223719,1059429,7374012,"credit union, under 100m",credit union
16437,11118029,2883060,1505402,323257,1034479,1235935,0,0,JOLIET MUNICIPAL EMPLOYEES,IL,0,4388462,1034479,5746198,"credit union, under 100m",credit union
16444,29327174,3085863,1831711,651602,410854,2932196,0,0,RUSHMORE ELECTRIC,SD,0,4917574,410854,5980030,"credit union, under 100m",credit union
16449,6847730,3467334,377864,0,169449,1027066,0,400906,NORTHEAST MISSISSIPPI,MS,400906,3845198,169449,4415553,"credit union, under 100m",credit union
16476,172333638,7656646,586788,1222628,114594,24700682,8313832,26647350,NUVISTA,CO,34961182,8243434,114594,44541838,"credit union, 100m to 1bn",credit union
16479,103681046,35235890,5550338,2331696,6641589,8955753,6208534,226033,FOUR SEASONS,AL,6434567,40786228,6641589,56194080,"credit union, 100m to 1bn",credit union
16500,221498895,27742488,6007705,2227824,2872016,31822054,2828814,95193701,ACIPCO,AL,98022515,33750193,2872016,136872548,"credit union, 100m to 1bn",credit union
16520,3233457,179276,533103,0,7544,561726,0,0,TVA MID-SOUTH,TN,0,712379,7544,719923,"credit union, under 100m",credit union
16525,780117,0,0,0,47958,170546,0,0,MOUNT CARMEL BAPTIST,PA,0,0,47958,47958,"credit union, under 100m",credit union
16547,10708606,52000,58556,0,0,5705686,0,2411688,SAN FRANCISCO LEE,CA,2411688,110556,0,2522244,"credit union, under 100m",credit union
16556,45168199,9424043,1816986,415259,2081808,872617,29068,1569299,SOLUTIONS FIRST,AL,1598367,11241029,2081808,15336463,"credit union, under 100m",credit union
16570,644027,89328,192761,0,0,148983,0,0,LOS ANGELES LEE,CA,0,282089,0,282089,"credit union, under 100m",credit union
16571,14894352,1130607,1117717,228679,1148387,1238486,1251641,0,L.A. HEALTHCARE,CA,1251641,2248324,1148387,4877031,"credit union, under 100m",credit union
16574,1339537591,371767921,181031108,13905493,11655920,154012362,86273305,148645102,PATRIOT,PA,234918407,552799029,11655920,813278849,"credit union, 1 to 10bn",credit union
16577,72346968,8880478,3606919,970547,653428,4955439,6662836,36913870,UNITED POLES,NJ,43576706,12487397,653428,57688078,"credit union, under 100m",credit union
16584,10842369,1914383,771833,108625,503765,1536764,3134044,225641,MEMBERS CONNECT,NJ,3359685,2686216,503765,6658291,"credit union, under 100m",credit union
16605,55641678,9123552,4945290,1516506,1264396,6012794,2506751,1334383,HOPEWELL CHEMICAL,VA,3841134,14068842,1264396,20690878,"credit union, under 100m",credit union
16614,207909,0,0,0,40693,36266,0,0,NATCO EMPLOYEES,RI,0,0,40693,40693,"credit union, under 100m",credit union
16619,56746330,5153110,852239,465216,1203495,5732674,3245528,13409532,FINANCIAL PARTNERS,IN,16655060,6005349,1203495,24329120,"credit union, under 100m",credit union
16626,1032045966,164932310,47321445,20895908,12085079,127424387,72629875,251931348,HERITAGE,IN,324561223,212253755,12085079,569795965,"credit union, 1 to 10bn",credit union
16636,2282882,288711,148963,0,243395,626914,0,0,PENN HILLS MUNICIPAL,PA,0,437674,243395,681069,"credit union, under 100m",credit union
16655,23554608,4038313,2256130,584342,1178892,3353669,32535,0,S C I,SC,32535,6294443,1178892,8090212,"credit union, under 100m",credit union
16657,124603647,17987086,7257328,2136456,3166519,13942336,10492227,24946805,LANCO,PA,35439032,25244414,3166519,65986421,"credit union, 100m to 1bn",credit union
16672,24692346,4466240,2920611,0,678179,3666697,2437208,4068522,COBBLESTONE COUNTRY,NY,6505730,7386851,678179,14570760,"credit union, under 100m",credit union
16699,12141858,1659307,1563260,0,573274,1447293,0,0,BILOXI TEACHERS,MS,0,3222567,573274,3795841,"credit union, under 100m",credit union
16702,25629655,1663036,566873,70931,294174,2369551,12189,4321121,YOUR HOMETOWN,KY,4333310,2229909,294174,6928324,"credit union, under 100m",credit union
16706,125942743,50043703,23863547,2997523,1419482,20170891,70479,521638,N A E,VA,592117,73907250,1419482,78916372,"credit union, 100m to 1bn",credit union
16728,276080,0,0,0,4763,50084,0,0,PINN MEMORIAL,PA,0,0,4763,4763,"credit union, under 100m",credit union
16732,24954429,5954839,1170903,237283,445168,3415200,360253,0,WEATHERHEAD C C,IN,360253,7125742,445168,8168446,"credit union, under 100m",credit union
16746,33141119,1137285,592300,0,275318,5207657,1012105,7330720,LEHIGH COUNTY EMPLOYEES,PA,8342825,1729585,275318,10347728,"credit union, under 100m",credit union
16754,14829819,2058366,5621291,0,1331639,3098121,0,0,FOUR CORNERS,NM,0,7679657,1331639,9011296,"credit union, under 100m",credit union
16756,42244604,1730087,596309,345814,446637,5142638,4130846,532686,VALLEY ONE COMMUNITY,OH,4663532,2326396,446637,7782379,"credit union, under 100m",credit union
16769,4132921,0,0,0,433986,1066865,0,0,DELAWARE RIVER & BAY AUTH EMP,DE,0,0,433986,433986,"credit union, under 100m",credit union
16770,4424602,985666,853033,0,116821,420557,0,0,MUW,MS,0,1838699,116821,1955520,"credit union, under 100m",credit union
16773,68809703,19400168,6398877,786773,3431050,8413598,4720717,16522360,COPPER BASIN,TN,21243077,25799045,3431050,51259945,"credit union, under 100m",credit union
16785,106958599,2509941,1235911,1570349,1897803,16755265,6741683,23813727,ADVANCED FINANCIAL,NJ,30555410,3745852,1897803,37769414,"credit union, 100m to 1bn",credit union
16790,336976,0,0,0,88086,97972,0,0,UNION BAPTIST GREENBURGH,NY,0,0,88086,88086,"credit union, under 100m",credit union
16813,40437590,13978498,7777065,0,2578809,4667186,0,4034651,CAPROCK,TX,4034651,21755563,2578809,28369023,"credit union, under 100m",credit union
16893,18928770,2212574,387988,1376637,1795270,3823571,608159,9403220,NEWRIZONS,WA,10011379,2600562,1795270,15783848,"credit union, under 100m",credit union
16933,42311139,6663996,2985273,400664,2410330,7033490,5170745,4730934,PARKS HERITAGE,NY,9901679,9649269,2410330,22361942,"credit union, under 100m",credit union
16946,81946272,18991105,10582064,0,949501,10799649,4080191,15776335,UARK,AR,19856526,29573169,949501,50379196,"credit union, under 100m",credit union
16947,23115754,5167129,1088079,774382,943341,2740669,2343069,4831267,K I T,KY,7174336,6255208,943341,15147267,"credit union, under 100m",credit union
16951,105838694,1515733,1641953,186589,3838772,12262707,0,64600925,CONSUMERS,NY,64600925,3157686,3838772,71783972,"credit union, 100m to 1bn",credit union
16954,36590000,936597,906983,609060,468939,3434206,716609,21644939,FOX,CA,22361548,1843580,468939,25283127,"credit union, under 100m",credit union
16979,5549326,136387,677968,0,23252,1341734,0,109057,LOCAL 606 ELECTRICAL WORKERS,FL,109057,814355,23252,946664,"credit union, under 100m",credit union
16989,14234718,1365408,2209349,0,652054,8508822,24318,285726,SOUTH CHARLESTON EMPLOYEES,WV,310044,3574757,652054,4536855,"credit union, under 100m",credit union
16993,130639629,22814962,4796771,0,6233688,21595392,5959024,32484915,PEOPLES,WV,38443939,27611733,6233688,72289360,"credit union, 100m to 1bn",credit union
17012,763458520,114899865,40097182,10508769,5240171,99903501,57489452,275300175,PROFED,IN,332789627,154997047,5240171,503535614,"credit union, 100m to 1bn",credit union
17014,5340334,773736,752725,0,388015,1134348,289191,0,PENN-TRAFFORD SCHOOL EMP.,PA,289191,1526461,388015,2203667,"credit union, under 100m",credit union
17040,52835361,16652527,6433971,981426,1601185,9487986,7339124,5340133,BAR-CONS,IN,12679257,23086498,1601185,38348366,"credit union, under 100m",credit union
17057,141577876,20329000,7421610,0,1903005,26221433,12683459,14444556,WEST VIRGINIA,WV,27128015,27750610,1903005,56781630,"credit union, 100m to 1bn",credit union
17067,2850408,538291,404721,0,49285,445978,0,0,OUR MOTHER OF MERCY PARISH HOUSTON,TX,0,943012,49285,992297,"credit union, under 100m",credit union
17100,137642175,26255768,6155044,1325993,4310421,16396985,5281443,10964928,ALLIED,TX,16246371,32410812,4310421,54293597,"credit union, 100m to 1bn",credit union
17105,893305,190741,154082,0,22994,212895,0,0,PEAR ORCHARD,TX,0,344823,22994,367817,"credit union, under 100m",credit union
17107,155118814,428458,283954,572422,134050,19798707,1745729,92249654,UKRAINIAN NATIONAL,NY,93995383,712412,134050,95414267,"credit union, 100m to 1bn",credit union
17112,5805465,635209,1460479,0,987855,1571681,0,0,NORWOOD TOWN EMPLOYEES,MA,0,2095688,987855,3083543,"credit union, under 100m",credit union
17117,749123333,98360648,106735802,11993727,23663730,65357406,69637610,123101659,R.I.A.,IL,192739269,205096450,23663730,433493176,"credit union, 100m to 1bn",credit union
17126,454757,0,0,0,171910,146406,0,0,EAGLE CAN EMPLOYEES,WV,0,0,171910,171910,"credit union, under 100m",credit union
17127,320132713,38928421,12482495,4640961,14250083,51325445,24352995,53028707,TRUGROCER,ID,77381702,51410916,14250083,147683662,"credit union, 100m to 1bn",credit union
17136,2271563,140209,137641,0,32392,576932,0,0,MT PLEASANT AREA SCHOOL EMP,PA,0,277850,32392,310242,"credit union, under 100m",credit union
17154,7351274,738772,975553,0,535612,1636286,0,0,SEMINOLE PUBLIC SCHOOLS,TX,0,1714325,535612,2249937,"credit union, under 100m",credit union
17218,14385448,2056617,1234167,159355,110246,1654186,0,0,INTEGRIS,OK,0,3290784,110246,3560385,"credit union, under 100m",credit union
17224,172995509,36423862,11804980,3945088,961386,14603683,32948029,32745116,ASPEN,SD,65693145,48228842,961386,118828461,"credit union, 100m to 1bn",credit union
17232,107496855,10601709,6164529,192130,74974,14607737,1079417,2569680,LASSEN COUNTY,CA,3649097,16766238,74974,20682439,"credit union, 100m to 1bn",credit union
17250,4236475,670678,390458,0,187882,369760,0,809015,CO-NE,CO,809015,1061136,187882,2058033,"credit union, under 100m",credit union
17253,17290597,3157761,2951866,490111,1418197,2941983,0,0,ILA 1351,TX,0,6109627,1418197,8017935,"credit union, under 100m",credit union
17254,80924582,19145802,9729334,830721,1950713,16354976,0,0,FANNIN,TX,0,28875136,1950713,31656570,"credit union, under 100m",credit union
17269,29971,0,0,0,7456,9089,0,0,HOLY TRINITY BAPTIST,PA,0,0,7456,7456,"credit union, under 100m",credit union
17311,3260443,621416,234634,0,361137,1789794,0,0,DEMOPOLIS,AL,0,856050,361137,1217187,"credit union, under 100m",credit union
17327,72943394,975790,473348,0,714147,7293148,2749985,11683149,LAN-FAIR,OH,14433134,1449138,714147,16596419,"credit union, under 100m",credit union
17331,3066128,1135713,235487,0,451762,334774,0,0,S AND J SCHOOL EMPLOYEES,OH,0,1371200,451762,1822962,"credit union, under 100m",credit union
17335,126915362,8173260,3843441,1058550,1178500,13133503,1400178,7447955,ILLINOIS STATE POLICE,IL,8848133,12016701,1178500,23101884,"credit union, 100m to 1bn",credit union
17339,12206989,1698092,887145,0,769072,2432920,0,0,A H E PLANT 3,IN,0,2585237,769072,3354309,"credit union, under 100m",credit union
17361,643376,30542,73923,0,9129,112990,0,0,MUSICIANS,TX,0,104465,9129,113594,"credit union, under 100m",credit union
17362,162808320,30797125,13374203,1410013,3532863,19712018,1791572,49046362,LINCOLN MAINE,ME,50837934,44171328,3532863,99952138,"credit union, 100m to 1bn",credit union
17372,25947048,4149875,2277232,0,919548,2362115,2524229,4388632,LOCKPORT SCHOOLS & COMMUNITY,NY,6912861,6427107,919548,14259516,"credit union, under 100m",credit union
17389,176854880,10419020,3118694,1418473,15167311,25141025,1560240,9784988,ALLEGIUS,IN,11345228,13537714,15167311,41468726,"credit union, 100m to 1bn",credit union
17395,93737797,954017,460547,0,625854,9435761,10698136,25611430,IRCO COMMUNITY,NJ,36309566,1414564,625854,38349984,"credit union, under 100m",credit union
17396,3223554,286678,643654,0,560245,345438,0,0,CONCORDIA PARISH SCHOOL EMP,LA,0,930332,560245,1490577,"credit union, under 100m",credit union
17398,230116844,20598067,6797750,1531504,7756112,25150253,2538897,83644965,MAINE HIGHLANDS,ME,86183862,27395817,7756112,122867295,"credit union, 100m to 1bn",credit union
17411,20873935,10963288,2181315,0,850150,1719469,0,0,DIVERSIFIED GENERAL,IN,0,13144603,850150,13994753,"credit union, under 100m",credit union
17429,5532662351,204075651,130174788,94761008,204706247,553135655,415220578,1629403759,VISIONS,NY,2044624337,334250439,204706247,2678342031,"credit union, 1 to 10bn",credit union
17436,20927896,1679916,774989,0,412358,2097460,1952415,5874818,MAINE SOLUTIONS,ME,7827233,2454905,412358,10694496,"credit union, under 100m",credit union
17437,2419057,703612,311514,0,273755,400859,0,0,STOUGHTON TOWN EMPLOYEES,MA,0,1015126,273755,1288881,"credit union, under 100m",credit union
17449,54163718,5634641,2387794,910570,688863,6095064,4641947,4223865,WAYNE COUNTY COMMUNITY,OH,8865812,8022435,688863,18487680,"credit union, under 100m",credit union
17464,115319438,18972942,2425378,3113105,6307318,25541034,8464652,16043712,PEOPLES ADVANTAGE,VA,24508364,21398320,6307318,55327107,"credit union, 100m to 1bn",credit union
17550,12088516,2477758,2199856,0,357946,1818917,0,0,YTR COMMUNITY,OH,0,4677614,357946,5035560,"credit union, under 100m",credit union
17555,22281907,2879605,2488324,1628622,219886,2126655,766397,1748778,STEEL VALLEY,OH,2515175,5367929,219886,9731612,"credit union, under 100m",credit union
17569,46362281,2365780,332094,0,3165472,7021565,6071686,8993744,H. E. TELEPHONE,NJ,15065430,2697874,3165472,20928776,"credit union, under 100m",credit union
17587,3353377180,110162469,6247923,26396508,197261800,277370126,884992643,1082184493,USALLIANCE,NY,1967177136,116410392,197261800,2307245836,"credit union, 1 to 10bn",credit union
17588,846679,350654,0,0,56677,247767,0,0,BATTERY EMPLOYEES,IN,0,350654,56677,407331,"credit union, under 100m",credit union
17623,1197389105,193074904,57740026,57693284,29331325,111201410,129103228,435766924,HONDA,CA,564870152,250814930,29331325,902709691,"credit union, 1 to 10bn",credit union
17630,44950392,6344400,1956681,876869,1148551,7499894,735233,2571135,VANTAGE POINT,VA,3306368,8301081,1148551,13632869,"credit union, under 100m",credit union
17636,98268140,13734852,8241699,2268495,2717008,26148580,1628327,0,SOUTH CAROLINA NATIONAL GUARD,SC,1628327,21976551,2717008,28590381,"credit union, under 100m",credit union
17642,3734698959,464392187,56494120,79093347,178556376,377488169,610675455,328635598,ALL IN,AL,939311053,520886307,178556376,1717847083,"credit union, 1 to 10bn",credit union
17665,101494922,7260260,2644972,4239374,4184961,15507895,12015187,20136551,COMPASS,NY,32151738,9905232,4184961,50481305,"credit union, 100m to 1bn",credit union
17675,2059471,217737,578328,0,108404,497089,0,0,G E A EMPLOYEES,VA,0,796065,108404,904469,"credit union, under 100m",credit union
17679,5975616,1291368,601920,0,2110431,973114,0,0,HEALTH ALLIANCE,MA,0,1893288,2110431,4003719,"credit union, under 100m",credit union
17681,5492133,1066517,701162,0,195932,1063993,0,0,TOMBIGBEE,MS,0,1767679,195932,1963611,"credit union, under 100m",credit union
17687,33327049,2284680,1559440,271750,414284,3999288,1715559,0,NEW CASTLE COUNTY DELAWARE EM,DE,1715559,3844120,414284,6245713,"credit union, under 100m",credit union
17691,155455,0,0,0,30061,40714,0,0,PMI EMPLOYEES,DC,0,0,30061,30061,"credit union, under 100m",credit union
17715,678620,77368,39418,0,133488,-4608,0,0,CITIZENS CHOICE,MS,0,116786,133488,250274,"credit union, under 100m",credit union
17733,24230632,3546363,1797606,366090,153081,2372285,1442892,10995,SYLVANIA AREA,OH,1453887,5343969,153081,7317027,"credit union, under 100m",credit union
17752,41368592,6451010,4992026,581156,889831,5661149,4234272,0,NORTHWEST MUNICIPAL,IL,4234272,11443036,889831,17148295,"credit union, under 100m",credit union
17793,7547441,1723346,800420,0,407390,559279,0,0,N G M EMPLOYEES,NH,0,2523766,407390,2931156,"credit union, under 100m",credit union
17831,14006413,4766457,1770776,0,545398,1401007,0,0,SELF MEMORIAL HOSPITAL,SC,0,6537233,545398,7082631,"credit union, under 100m",credit union
17841,4638641,1206421,503126,0,283771,535897,0,0,VALLEY AGRICULTURAL,CA,0,1709547,283771,1993318,"credit union, under 100m",credit union
17847,100823999,5275358,6172719,1671049,1747183,9547741,6867055,20141840,COMMON TRUST,MA,27008895,11448077,1747183,41875204,"credit union, 100m to 1bn",credit union
17849,4408946,440894,1179518,0,181023,1268429,0,0,ARKANSAS KRAFT EMPLOYEES,AR,0,1620412,181023,1801435,"credit union, under 100m",credit union
17861,30871758,6009227,7455633,0,1775756,3992072,0,0,BEAUREGARD SCHOOL EMPLOYEES,LA,0,13464860,1775756,15240616,"credit union, under 100m",credit union
17885,14607845,1823275,372015,799767,1869943,1442523,0,0,TRANSIT WORKERS,PA,0,2195290,1869943,4865000,"credit union, under 100m",credit union
17914,2094846521,80053468,27673593,12235491,21341781,178932176,331801148,510817658,SUFFOLK,NY,842618806,107727061,21341781,983923139,"credit union, 1 to 10bn",credit union
17953,19972102,1702042,1517216,223355,620419,2714722,0,365386,TEXSTAR,TX,365386,3219258,620419,4428418,"credit union, under 100m",credit union
17955,38434906,6229752,6438520,352765,393484,3554714,1276811,1116953,AUSTIN,TX,2393764,12668272,393484,15808285,"credit union, under 100m",credit union
17969,942866,340067,228226,0,287724,366790,0,0,TERMINALS,NJ,0,568293,287724,856017,"credit union, under 100m",credit union
17990,398248404,48535082,23310695,12712872,7345465,36540869,48801077,100805004,WAUNA,OR,149606081,71845777,7345465,241510195,"credit union, 100m to 1bn",credit union
17999,152348211,51420431,10806897,11136525,12126771,16101944,17375353,14089812,TRIUS,NE,31465165,62227328,12126771,116955789,"credit union, 100m to 1bn",credit union
18022,259479381,27999611,11938814,6643505,4308515,37948282,25319066,60948463,FINGER LAKES,NY,86267529,39938425,4308515,137157974,"credit union, 100m to 1bn",credit union
18067,44194573,5637648,2427691,316574,1263864,6979075,0,6033364,MANISTIQUE,MI,6033364,8065339,1263864,15679141,"credit union, under 100m",credit union
18090,97534917,12585215,3266336,1255426,1950160,9629790,14710810,17530835,ST. PIUS X CHURCH,NY,32241645,15851551,1950160,51298782,"credit union, under 100m",credit union
18142,1382595,308931,397476,0,182069,150126,0,0,CITY OF FAIRMONT,WV,0,706407,182069,888476,"credit union, under 100m",credit union
18144,6151235,947376,451284,61524,192098,813238,42713,0,MONTOURSVILLE AREA,PA,42713,1398660,192098,1694995,"credit union, under 100m",credit union
18150,31754672,7460836,4040498,0,1871971,7586862,0,0,CAMP SHELBY,MS,0,11501334,1871971,13373305,"credit union, under 100m",credit union
18172,19811667,6334209,587430,326746,452364,2409739,2731937,2374372,OLD KENTUCKY HOME,KY,5106309,6921639,452364,12807058,"credit union, under 100m",credit union
18175,499712335,134277846,41251814,9881037,7599865,53371048,55801767,55267521,HENRICO,VA,111069288,175529660,7599865,304079850,"credit union, 100m to 1bn",credit union
18181,702682403,47160643,6761865,16966734,37993539,67854205,78465260,230070199,UMASSFIVE COLLEGE,MA,308535459,53922508,37993539,417418240,"credit union, 100m to 1bn",credit union
18192,40327588,2557400,2950847,0,1419882,9283425,0,1365039,MEAD COATED BOARD,AL,1365039,5508247,1419882,8293168,"credit union, under 100m",credit union
18195,327712550,41584371,12775250,3106958,10602365,29479094,128283028,17243939,UNITED TELETECH FINANCIAL,NJ,145526967,54359621,10602365,213595911,"credit union, 100m to 1bn",credit union
18204,231729581,55691240,9403923,5093953,4587615,30743194,31790080,7192759,NORTHERN SKIES,AK,38982839,65095163,4587615,113759570,"credit union, 100m to 1bn",credit union
18218,913788,145759,159603,0,106826,124064,0,0,TEXAS LEE,TX,0,305362,106826,412188,"credit union, under 100m",credit union
18234,743795,231163,151739,0,208931,115521,0,0,STEAMFITTERS PHILA,PA,0,382902,208931,591833,"credit union, under 100m",credit union
18238,19542201,222598,106373,152000,2805257,3201690,0,0,NYM,NY,0,328971,2805257,3286228,"credit union, under 100m",credit union
18242,86856446,17426353,1557313,2299795,904552,10447684,4328470,13837940,SUSQUEHANNA VALLEY,PA,18166410,18983666,904552,40354423,"credit union, under 100m",credit union
18254,15604618,1906717,2681341,0,272064,2865120,0,0,HARRISON COUNTY,WV,0,4588058,272064,4860122,"credit union, under 100m",credit union
18271,337015812,31080989,11225860,11552518,11938671,45601436,49603736,67418135,PRINCE GEORGE'S COMMUNITY,MD,117021871,42306849,11938671,182819909,"credit union, 100m to 1bn",credit union
18273,111481796,4576105,2329270,4290240,2327047,16609112,18676603,37668374,AMERICAN BROADCAST EMPLOYEES,NY,56344977,6905375,2327047,69867639,"credit union, 100m to 1bn",credit union
18297,6231885338,1456865277,340889711,93023046,124193132,614172902,550115655,1591039533,COASTAL,NC,2141155188,1797754988,124193132,4156126354,"credit union, 1 to 10bn",credit union
18301,36720565,1102540,1833291,0,467383,4244884,113598,1716356,VASCO,PA,1829954,2935831,467383,5233168,"credit union, under 100m",credit union
18336,873934143,438914479,20192383,1163808,20482094,114990116,1608,6247972,COMMUNITYWIDE,IN,6249580,459106862,20482094,487002344,"credit union, 100m to 1bn",credit union
18343,1788022,681247,210010,0,195233,579051,0,0,USEM MENA,AR,0,891257,195233,1086490,"credit union, under 100m",credit union
18353,7931070,3228873,1981091,0,301672,815942,0,0,PRIORITY,AR,0,5209964,301672,5511636,"credit union, under 100m",credit union
18393,95547566,15961854,5056924,1456240,599213,15656295,3213272,3340556,POLICEMEN'S,IN,6553828,21018778,599213,29628059,"credit union, under 100m",credit union
18405,3127315,412551,750202,0,576746,258269,0,0,CHULA VISTA CITY EMPLOYEES,CA,0,1162753,576746,1739499,"credit union, under 100m",credit union
18409,24086309,864378,1474459,556193,251662,1876403,1974396,2056328,ALLIANCE NIAGARA,NY,4030724,2338837,251662,7177416,"credit union, under 100m",credit union
18422,1813828,0,0,0,132013,457960,0,144336,LATVIAN,NY,144336,0,132013,276349,"credit union, under 100m",credit union
18423,4929970,1233399,245650,0,693745,872382,0,0,S. C. H. D. DIST #7,SC,0,1479049,693745,2172794,"credit union, under 100m",credit union
18446,4146006,96270,0,0,586518,638520,0,0,ASBESTOS WORKERS LOCAL 14,PA,0,96270,586518,682788,"credit union, under 100m",credit union
18462,2460909,382881,753390,0,352849,198879,0,0,T E A,LA,0,1136271,352849,1489120,"credit union, under 100m",credit union
18473,284783953,38404448,13840091,1317326,1560054,36375248,12958804,116622563,NORTH SHORE,MN,129581367,52244539,1560054,184703286,"credit union, 100m to 1bn",credit union
18474,8856869,3243264,823965,0,424117,1214641,567142,566142,COMBINED,AR,1133284,4067229,424117,5624630,"credit union, under 100m",credit union
18515,94235282,16494309,3577709,645222,3814302,9071200,0,17442311,FERGUSON,MS,17442311,20072018,3814302,41973853,"credit union, under 100m",credit union
18528,188704,47515,0,0,63118,29729,0,0,SAINT JOHN A M E,NY,0,47515,63118,110633,"credit union, under 100m",credit union
18550,142172719,19906611,13613888,3083048,1155752,11461194,17692727,14599942,R T P,NC,32292669,33520499,1155752,70051968,"credit union, 100m to 1bn",credit union
18559,47432598,1531670,2765133,273270,3129691,7994510,0,0,STARR COUNTY TEACHERS,TX,0,4296803,3129691,7699764,"credit union, under 100m",credit union
18562,142368,1202,0,0,6710,13657,0,0,MT ZION WOODLAWN,OH,0,1202,6710,7912,"credit union, under 100m",credit union
18574,139713492,17273993,722566,3647923,438668,24412241,21046273,18663808,AURORA,CO,39710081,17996559,438668,61793231,"credit union, 100m to 1bn",credit union
18582,2993172,497138,841497,198760,196633,378965,156386,0,FRANKLIN REGIONAL SCHOOLS,PA,156386,1338635,196633,1890414,"credit union, under 100m",credit union
18616,203210417,11919003,2435485,2816196,8961702,21703884,15599028,32172671,DUKE UNIVERSITY,NC,47771699,14354488,8961702,73904085,"credit union, 100m to 1bn",credit union
18623,83877745,4255267,5573772,792269,2666981,13698032,10905022,35734597,CALCOM,CA,46639619,9829039,2666981,59927908,"credit union, under 100m",credit union
18635,109899480,817392,166284,355107,1029449,16829515,30844617,66434698,PORT WASHINGTON,NY,97279315,983676,1029449,99647547,"credit union, 100m to 1bn",credit union
18649,72580627,5767960,1926218,643840,2735939,6913799,16954676,3633152,EVER $ GREEN,NY,20587828,7694178,2735939,31661785,"credit union, under 100m",credit union
18708,2766047844,247542713,174415600,127791579,133906349,324701614,320963551,1163787652,PARTNERS,CA,1484751203,421958313,133906349,2168407444,"credit union, 1 to 10bn",credit union
18710,495502810,90260669,5811785,4164952,21583582,41888062,101259415,102644697,GARDEN SAVINGS,NJ,203904112,96072454,21583582,325725100,"credit union, 100m to 1bn",credit union
18716,443437226,10347957,6060739,6357110,5903787,48609401,50331984,178924735,MID-ATLANTIC,MD,229256719,16408696,5903787,257926312,"credit union, 100m to 1bn",credit union
18749,43038777,5976395,8373929,1751585,2511587,3403451,0,7198498,705,LA,7198498,14350324,2511587,25811994,"credit union, under 100m",credit union
18759,1447814,0,0,0,319559,289436,0,0,OCEAN COUNTY EMPLOYEES,NJ,0,0,319559,319559,"credit union, under 100m",credit union
18800,168412387,6717745,2685825,1187324,3558245,40290334,4134854,52347349,GREATER WOODLAWN,NY,56482203,9403570,3558245,70631342,"credit union, 100m to 1bn",credit union
18814,5233785,1420929,339682,0,339041,944379,0,0,GARLAND COUNTY EDUCATORS,AR,0,1760611,339041,2099652,"credit union, under 100m",credit union
18816,5514542,1228488,1625638,0,273981,1704772,0,0,S.T.E.C.,TX,0,2854126,273981,3128107,"credit union, under 100m",credit union
18823,707385,0,0,0,0,298062,0,0,STS PETER & PAUL,NY,0,0,0,0,"credit union, under 100m",credit union
18858,393473,0,0,0,49419,50474,0,0,SPC BROOKLYN,NY,0,0,49419,49419,"credit union, under 100m",credit union
18861,2190143,180037,142486,0,171337,177209,0,237181,SYMPHONY,MA,237181,322523,171337,731041,"credit union, under 100m",credit union
18868,237695194,31747589,16106333,467931,13536227,29393833,6869039,606150,BULL DOG,MD,7475189,47853922,13536227,69333269,"credit union, 100m to 1bn",credit union
18882,756462,39252,106982,0,18335,124827,0,0,C T A F C,IL,0,146234,18335,164569,"credit union, under 100m",credit union
18917,242821208,29205232,14158473,15484684,12900836,30026984,37401646,76200318,SKYPOINT,MD,113601964,43363705,12900836,185351189,"credit union, 100m to 1bn",credit union
18935,225809500,41995377,68222918,821169,4196882,28168789,0,0,CAL-COM,TX,0,110218295,4196882,115236346,"credit union, 100m to 1bn",credit union
18948,16722617,1274168,4499780,0,1724676,1876425,1758565,0,MNCPPC,MD,1758565,5773948,1724676,9257189,"credit union, under 100m",credit union
18950,68127,0,0,0,6663,16078,0,0,MCDOWELL COUNTY,WV,0,0,6663,6663,"credit union, under 100m",credit union
18962,18558304,3898536,3490267,0,2644199,3054043,0,0,CALCASIEU PARISH EMPLOYEES,LA,0,7388803,2644199,10033002,"credit union, under 100m",credit union
18964,18890783,2116021,3828649,0,612860,1611202,0,0,BITTERROOT COMMUNITY,MT,0,5944670,612860,6557530,"credit union, under 100m",credit union
18965,214693169,42940937,39184253,0,977610,26478009,6266602,66485890,OKUNITY,OK,72752492,82125190,977610,155855292,"credit union, 100m to 1bn",credit union
19017,5415964,1067251,285401,0,147034,694628,0,0,ST. PATS EMPLOYEES,MT,0,1352652,147034,1499686,"credit union, under 100m",credit union
19045,5711155,478319,2246345,0,274128,609973,0,0,NEWELL,PA,0,2724664,274128,2998792,"credit union, under 100m",credit union
19047,10301026,4808646,1801447,0,102749,864603,0,0,EMERALD CREDIT ASSOCIATION,SC,0,6610093,102749,6712842,"credit union, under 100m",credit union
19085,542294262,25424196,5970093,4345180,2262677,64612744,70812301,243329716,PITTSFORD,NY,314142017,31394289,2262677,352144163,"credit union, 100m to 1bn",credit union
19116,512325315,27150743,23284977,18257150,9181507,56522749,29567487,110034300,GREENVILLE,SC,139601787,50435720,9181507,217476164,"credit union, 100m to 1bn",credit union
19171,21983120,7051027,4310513,0,432431,4708254,0,0,NORTHEAST PANHANDLE TEACHERS,TX,0,11361540,432431,11793971,"credit union, under 100m",credit union
19185,109628882,17296606,7355917,2348280,3629889,14384175,6515562,13585970,SEAPORT,NJ,20101532,24652523,3629889,50732224,"credit union, 100m to 1bn",credit union
19203,32551678,2956321,2039575,0,1790389,4728913,2276708,0,GREENWICH MUNICIPAL EMPLOYEES,CT,2276708,4995896,1790389,9062993,"credit union, under 100m",credit union
19216,43530380,5500946,1766524,1446568,4605008,3098156,4779884,9486070,N Y TEAM,NY,14265954,7267470,4605008,27585000,"credit union, under 100m",credit union
19228,299983312,37634818,13252128,0,11117513,24679204,19904473,39755092,CROSS VALLEY,PA,59659565,50886946,11117513,121664024,"credit union, 100m to 1bn",credit union
19249,13521877,718496,2080402,357559,539963,3444320,270405,1885092,ACADIANA MEDICAL,LA,2155497,2798898,539963,5851917,"credit union, under 100m",credit union
19253,869854,317893,0,0,4795,123223,0,0,ISSAQUENA COUNTY,MS,0,317893,4795,322688,"credit union, under 100m",credit union
19263,3232513257,199124097,82401044,45417036,103779601,398253240,200151711,1666065256,EASTRISE,VT,1866216967,281525141,103779601,2296938745,"credit union, 1 to 10bn",credit union
19269,403289871,25915781,5170070,3003002,13354991,32966063,102887096,87152762,OCEAN FINANCIAL,NY,190039858,31085851,13354991,237483702,"credit union, 100m to 1bn",credit union
19285,981745,256303,115382,0,86167,114756,0,0,NORTHERN MONTANA HOSPITAL,MT,0,371685,86167,457852,"credit union, under 100m",credit union
19295,11884998,1470295,1216623,0,1009809,2375641,66295,195301,LIVINGSTON PARISH,LA,261596,2686918,1009809,3958323,"credit union, under 100m",credit union
19304,345288049,9294075,4393022,3579513,3183215,41394459,48870535,162456514,FAMILY FIRST OF NY,NY,211327049,13687097,3183215,231776874,"credit union, 100m to 1bn",credit union
19307,2132310978,61026602,11533342,90110547,12427232,235864846,103005122,778493365,PURDUE,IN,881498487,72559944,12427232,1056596210,"credit union, 1 to 10bn",credit union
19319,17961620,3562175,6091856,99451,200786,1920028,0,1255702,JEFFERSON COMMUNITY,IN,1255702,9654031,200786,11209970,"credit union, under 100m",credit union
19320,66224109,13019816,11799843,1932143,3693677,11248572,1385167,389777,GP LOUISIANA,LA,1774944,24819659,3693677,32220423,"credit union, under 100m",credit union
19355,65537289,24772746,5061211,628110,454992,9929135,1860159,1433781,DFCU TULSA,OK,3293940,29833957,454992,34210999,"credit union, under 100m",credit union
19401,506545153,84044648,12134502,8620930,21210443,45552366,27508132,148553848,TEG,NY,176061980,96179150,21210443,302072503,"credit union, 100m to 1bn",credit union
19416,1994937,404381,59024,0,168089,458783,0,0,GLAMORGAN EMPLOYEES,VA,0,463405,168089,631494,"credit union, under 100m",credit union
19429,43481327,4776244,1066501,482293,1696419,4631544,9053929,1122794,YORK EDUCATIONAL,PA,10176723,5842745,1696419,18198180,"credit union, under 100m",credit union
19432,3803474,1693361,321329,0,141733,658776,0,0,FO ME BO CO,IN,0,2014690,141733,2156423,"credit union, under 100m",credit union
19433,37595990,5468302,2020360,0,531679,5893605,1454742,6432887,SOFTITE COMMUNITY,OH,7887629,7488662,531679,15907970,"credit union, under 100m",credit union
19440,328966996,47611668,13108830,1282471,1326998,37753189,38923270,54306759,MINNESOTA VALLEY,MN,93230029,60720498,1326998,156559996,"credit union, 100m to 1bn",credit union
19446,4642741,552004,401832,0,407039,1726514,0,0,MIDDLESEX-ESSEX POSTAL EMPLOYEES,MA,0,953836,407039,1360875,"credit union, under 100m",credit union
19448,553881162,13864769,150647448,4870840,5547191,53633462,30077806,116136325,U. T.,TN,146214131,164512217,5547191,321144379,"credit union, 100m to 1bn",credit union
19454,27723559,1024641,248955,366149,212762,2772159,1008444,1245371,NJ GATEWAY,NJ,2253815,1273596,212762,4106322,"credit union, under 100m",credit union
19501,6486411,528572,201332,197761,290187,1158553,0,500353,PACE RESOURCES,PA,500353,729904,290187,1718205,"credit union, under 100m",credit union
19508,237534824,34677967,2711178,3608715,4582869,21030812,7407186,68050672,QUEST,OH,75457858,37389145,4582869,121038587,"credit union, 100m to 1bn",credit union
19510,539670267,91614519,19923415,7105163,7412750,53263527,46648655,177060403,LEBANON,PA,223709058,111537934,7412750,349764905,"credit union, 100m to 1bn",credit union
19514,16652271,1927646,2636652,0,2188125,1627979,0,0,HEMA,MD,0,4564298,2188125,6752423,"credit union, under 100m",credit union
19538,15224670,3684166,2317903,0,394186,1705186,0,0,AMPOT,MS,0,6002069,394186,6396255,"credit union, under 100m",credit union
19541,409622824,20977658,4697817,0,5107428,41210901,46254180,160224880,PARK VIEW,VA,206479060,25675475,5107428,237261963,"credit union, 100m to 1bn",credit union
19552,71588528,35963928,6574250,1311323,2430629,6661740,1112508,8545616,LANIER,GA,9658124,42538178,2430629,55938254,"credit union, under 100m",credit union
19567,7089337,856316,694370,191123,394036,1072548,0,1161195,THE FLORIST,NM,1161195,1550686,394036,3297040,"credit union, under 100m",credit union
19593,44679783,9285270,3404528,118660,793033,7113959,1226164,0,SAINT FRANCIS EMPLOYEES,OK,1226164,12689798,793033,14827655,"credit union, under 100m",credit union
19605,23481210,2055070,471530,502754,722501,3680691,347021,7772435,FINANCIAL EDUCATORS,FL,8119456,2526600,722501,11871311,"credit union, under 100m",credit union
19608,75556133,5216138,1884882,398020,39925,11046056,8219358,27834492,TRI-CITIES COMMUNITY,WA,36053850,7101020,39925,43592815,"credit union, under 100m",credit union
19619,2313689,182788,225112,0,19664,389318,0,0,TRINITY BAPTIST CHURCH,SC,0,407900,19664,427564,"credit union, under 100m",credit union
19655,187324850,56336812,16862220,1760910,6180508,22695070,5742135,25427692,PRIORITY FIRST,PA,31169827,73199032,6180508,112310277,"credit union, 100m to 1bn",credit union
19668,62730271,2953037,2041287,1741126,1838021,7936608,3467528,9641443,FIVE STAR OF MARYLAND,MD,13108971,4994324,1838021,21682442,"credit union, under 100m",credit union
19678,77449765,2329854,2130176,1267558,579203,9855737,8696459,12651369,MIAMI UNIVERSITY COMMUNITY,OH,21347828,4460030,579203,27654619,"credit union, under 100m",credit union
19700,71287172,19912981,3447459,535490,2512780,11975774,463839,5898147,MIDDLE TENNESSEE,TN,6361986,23360440,2512780,32770696,"credit union, under 100m",credit union
19708,17997319,6862334,2525832,0,1233655,2636133,4376402,741885,NORTHERN ILLINOIS,IL,5118287,9388166,1233655,15740108,"credit union, under 100m",credit union
19723,11599907,2846849,1602577,0,639483,1784101,0,0,LOCAL 50 PLUMBERS & STEAMFTRS,OH,0,4449426,639483,5088909,"credit union, under 100m",credit union
19732,89379169,1583699,19014102,1258139,1794536,12398236,12536008,13997758,RAVALLI COUNTY,MT,26533766,20597801,1794536,50184242,"credit union, under 100m",credit union
19739,73159695,1325187,729865,260268,170130,7211220,7064160,23062098,POLAM,CA,30126258,2055052,170130,32611708,"credit union, under 100m",credit union
19741,9964128,2149498,3979115,94695,451358,2822614,0,0,FANNIN COUNTY TEACHERS,TX,0,6128613,451358,6674666,"credit union, under 100m",credit union
19745,17579835,576271,2031391,103684,542330,2715340,0,0,ARMSTRONG CO. FEDERAL EMP.,PA,0,2607662,542330,3253676,"credit union, under 100m",credit union
19775,256070,0,0,0,61461,29275,0,0,GREATER CENTENNIAL,NY,0,0,61461,61461,"credit union, under 100m",credit union
19788,85142691,33672420,5051576,1107378,1705954,9004196,7343946,5284029,CAROLINA,NC,12627975,38723996,1705954,54165303,"credit union, under 100m",credit union
19853,161584642,24670978,3572075,2124137,4443248,25255625,10495175,22772208,ADVANZ,KY,33267383,28243053,4443248,68077821,"credit union, 100m to 1bn",credit union
19867,224036865,100442576,36130194,2619115,20699637,32829158,954010,7190697,URW COMMUNITY,VA,8144707,136572770,20699637,168036229,"credit union, 100m to 1bn",credit union
19881,5692511,1345514,683085,41630,439706,688435,0,0,OHIO COUNTY PUBLIC SCHOOLS,WV,0,2028599,439706,2509935,"credit union, under 100m",credit union
19890,18785268,5033432,2952276,252578,1064063,2287957,1063258,654803,EASTERN PANHANDLE,WV,1718061,7985708,1064063,11020410,"credit union, under 100m",credit union
19896,37655250,5623410,6745098,508070,1195893,2957514,3330023,2821337,BUTTE COMMUNITY,MT,6151360,12368508,1195893,20223831,"credit union, under 100m",credit union
19926,108182971,8325541,9030832,215864,2774556,12598868,0,28735387,ROCKDALE,TX,28735387,17356373,2774556,49082180,"credit union, 100m to 1bn",credit union
19973,8248080,1826701,791228,774149,732523,1177018,0,148999,SUMMIT HAMPTON ROADS,VA,148999,2617929,732523,4273600,"credit union, under 100m",credit union
19983,10455278,2192240,2604283,0,500861,2253675,0,0,ILA 28,TX,0,4796523,500861,5297384,"credit union, under 100m",credit union
19985,2045578,31404,753520,0,457737,789479,0,0,ARABI SUGAR WORKERS,LA,0,784924,457737,1242661,"credit union, under 100m",credit union
20002,25393575,8308598,8779292,241881,1640067,1689332,0,0,LA TERRE,LA,0,17087890,1640067,18969838,"credit union, under 100m",credit union
20004,1790152,302317,5856,0,62217,238464,0,0,IBEW LOCAL UNION 80,VA,0,308173,62217,370390,"credit union, under 100m",credit union
20007,179280328,24106477,6694451,5379851,2339791,24042508,3942298,43543218,HEALTH ADVANTAGE,MI,47485516,30800928,2339791,86006086,"credit union, 100m to 1bn",credit union
20013,15380288,1807879,506354,64540,719880,677333,353059,1755742,BROCKPORT,NY,2108801,2314233,719880,5207454,"credit union, under 100m",credit union
20015,21399556,3636020,766254,192528,387189,3648121,199633,1197210,ENCENTUS,OK,1396843,4402274,387189,6378834,"credit union, under 100m",credit union
20041,240414671,33775266,15462866,5866655,896315,29777328,19924775,28461214,AMERICHOICE,PA,48385989,49238132,896315,104387091,"credit union, 100m to 1bn",credit union
20042,2204588751,61782084,171074653,0,103606693,178416079,350101853,645291717,FRANKLIN MINT,PA,995393570,232856737,103606693,1331857000,"credit union, 1 to 10bn",credit union
20053,174160497,32646991,14177754,1133945,9383885,34267038,2706912,20310119,MOUNTAIN LAUREL,PA,23017031,46824745,9383885,80359606,"credit union, 100m to 1bn",credit union
20060,351673,0,0,0,14081,38081,0,0,URBAN EMPOWERMENT,NY,0,0,14081,14081,"credit union, under 100m",credit union
20061,421445906,44489474,15237093,22184821,10181154,44440623,139189016,89193958,SIGNATURE,VA,228382974,59726567,10181154,320475516,"credit union, 100m to 1bn",credit union
20063,38857434,10649711,3614311,666058,463257,5695377,2714403,1798839,MATERION,OH,4513242,14264022,463257,19906579,"credit union, under 100m",credit union
20114,13806029,4083537,3101422,0,487271,1671305,692605,0,TWO RIVERS,AR,692605,7184959,487271,8364835,"credit union, under 100m",credit union
20186,46777336,5001603,3256730,610906,777132,9511396,0,6412714,CHILDREN'S MEDICAL CENTER,OH,6412714,8258333,777132,16059085,"credit union, under 100m",credit union
20194,857989925,278153608,122635417,11553928,11287254,79754069,43878291,96924682,MID MINNESOTA,MN,140802973,400789025,11287254,564433180,"credit union, 100m to 1bn",credit union
20207,54054939,1521177,729087,730919,4978943,13443353,3223016,6043291,PENN,PA,9266307,2250264,4978943,17226433,"credit union, under 100m",credit union
20222,25272974,4998344,1012191,272342,388770,3729697,726494,0,EIGHT,OH,726494,6010535,388770,7398141,"credit union, under 100m",credit union
20228,4516169,412895,2063959,0,691478,1101773,0,0,MONTELL,LA,0,2476854,691478,3168332,"credit union, under 100m",credit union
20258,788369192,126779338,23139089,45819100,39430669,75434684,70535170,164248433,RELIANT COMMUNITY,NY,234783603,149918427,39430669,469951799,"credit union, 100m to 1bn",credit union
20267,5339322,2464415,342899,0,220154,1994500,0,0,FRIO COUNTY,TX,0,2807314,220154,3027468,"credit union, under 100m",credit union
20279,8157460,1246308,1252322,0,444757,973939,0,0,SISTER'S HOSPITAL EMPLOYEES,NY,0,2498630,444757,2943387,"credit union, under 100m",credit union
20290,39173215,5402697,3974366,743538,879485,5121528,0,2980076,TWIN RIVERS,NY,2980076,9377063,879485,13980162,"credit union, under 100m",credit union
20292,1929581,128708,797958,0,357244,272213,0,0,SLOAN PUBLIC SCHOOLS,NY,0,926666,357244,1283910,"credit union, under 100m",credit union
20302,43854278,2946131,4083270,1577430,752580,5612831,4706878,2337808,HARVEST,OH,7044686,7029401,752580,16404097,"credit union, under 100m",credit union
20303,5201118,563530,341154,0,89898,1032537,756713,0,FARMERS BRANCH CITY EMPLOYEES,TX,756713,904684,89898,1751295,"credit union, under 100m",credit union
20324,29605578,10135989,2734545,0,1813250,4361235,20569,1576293,ALLOY,WV,1596862,12870534,1813250,16280646,"credit union, under 100m",credit union
20336,8734695,1321533,666500,607894,1402672,1295043,0,0,DIVISION 726,NY,0,1988033,1402672,3998599,"credit union, under 100m",credit union
20341,95246940,219993,141849,175082,237042,16614279,889538,3087466,LUFTHANSA EMP.,NY,3977004,361842,237042,4750970,"credit union, under 100m",credit union
20354,16518400,1718926,323330,0,1107045,4212155,0,0,HILL DISTRICT,PA,0,2042256,1107045,3149301,"credit union, under 100m",credit union
20382,76878763,1650531,1028370,1861993,1687915,9033033,3439609,7445193,GREATER METRO,NY,10884802,2678901,1687915,17113611,"credit union, under 100m",credit union
20392,6850146,741982,430500,0,935764,2187278,0,0,BROWNSVILLE CITY EMPLOYEES,TX,0,1172482,935764,2108246,"credit union, under 100m",credit union
20394,194690964,32764779,14740239,7697001,4496361,27517183,24367050,9443915,BEACH MUNICIPAL,VA,33810965,47505018,4496361,93509345,"credit union, 100m to 1bn",credit union
20410,20789028,4508185,5959961,0,1309775,3932605,0,0,NORTHSIDE,GA,0,10468146,1309775,11777921,"credit union, under 100m",credit union
20417,60639347,10847662,9316309,0,2878868,9866812,0,0,FIRST STREET,LA,0,20163971,2878868,23042839,"credit union, under 100m",credit union
20419,1580632,0,0,0,63338,96677,0,0,BYKOTA,NY,0,0,63338,63338,"credit union, under 100m",credit union
20438,19886947,3318891,963810,0,1522395,5356304,674679,3904995,ARH,KY,4579674,4282701,1522395,10384770,"credit union, under 100m",credit union
20448,508831989,33207499,8677508,23951166,9356712,73753266,96042001,229777141,PROPONENT,NJ,325819142,41885007,9356712,401012027,"credit union, 100m to 1bn",credit union
20463,4675947,78041,54922,0,156437,764849,0,0,N. J. LATVIAN,NJ,0,132963,156437,289400,"credit union, under 100m",credit union
20469,11515499,4622892,2843937,0,972956,1595096,0,0,I.B.E.W. LU 66,TX,0,7466829,972956,8439785,"credit union, under 100m",credit union
20496,322735030,16473699,7348693,7293893,3050384,23774175,20347920,102002986,SECNY,NY,122350906,23822392,3050384,156517575,"credit union, 100m to 1bn",credit union
20509,28139946,4227821,2725035,0,482405,5726301,0,0,COWETA CITIES & COUNTY EMPLOYEES,GA,0,6952856,482405,7435261,"credit union, under 100m",credit union
20513,4532163,1409901,645954,0,535083,856921,0,0,ALCOA MUNICIPAL EMPLOYEES,TN,0,2055855,535083,2590938,"credit union, under 100m",credit union
20529,4013046,322694,230263,0,149036,1206183,0,0,G. C. A.,LA,0,552957,149036,701993,"credit union, under 100m",credit union
20543,15733860,218720,311402,89869,0,2218901,3905750,4484473,CAPITAL AREA REALTORS,MD,8390223,530122,0,9010214,"credit union, under 100m",credit union
20547,2476698,377459,259644,0,202186,238285,0,0,UPSTATE MILK EMPLOYEES,NY,0,637103,202186,839289,"credit union, under 100m",credit union
20550,1039721,0,0,0,119701,155335,0,0,TEAMSTERS LOCAL UNION #270,LA,0,0,119701,119701,"credit union, under 100m",credit union
20558,223644345,24961951,13578597,9054941,2724991,34233202,22219140,47531225,CHROME,PA,69750365,38540548,2724991,120070845,"credit union, 100m to 1bn",credit union
20570,7804455,1602830,540338,0,149608,902167,0,0,CHAMPION,OH,0,2143168,149608,2292776,"credit union, under 100m",credit union
20581,10004251,907157,2680324,0,562115,1267530,0,34429,J.C.T.,TX,34429,3587481,562115,4184025,"credit union, under 100m",credit union
20585,1013188,0,0,0,897485,346526,0,0,B.S. AND C.P. HOSPITALS EMPLOYEES,NY,0,0,897485,897485,"credit union, under 100m",credit union
20595,7781689,2946622,927447,0,482680,956033,0,0,MSD,KY,0,3874069,482680,4356749,"credit union, under 100m",credit union
20600,244619558,5662632,1851058,1376666,779471,27084489,25204532,155414836,LUSO,MA,180619368,7513690,779471,190289195,"credit union, 100m to 1bn",credit union
20610,15139253,4568989,1238485,0,737023,3752571,966206,246051,WALKER COUNTY EDUCATORS,GA,1212257,5807474,737023,7756754,"credit union, under 100m",credit union
20613,128607223,37830442,16865011,1844950,6794274,19819482,8909361,17369289,UFIRST,NY,26278650,54695453,6794274,89613327,"credit union, 100m to 1bn",credit union
20622,17855795,5660479,433668,0,352614,2693244,0,0,MINERVA AREA,OH,0,6094147,352614,6446761,"credit union, under 100m",credit union
20623,637313224,66772516,29057603,12398355,21011930,80919922,69748250,141579352,JOHNS HOPKINS,MD,211327602,95830119,21011930,340568006,"credit union, 100m to 1bn",credit union
20629,21476111,1225147,417663,0,176565,1802709,1448122,374868,ST. VINCENT'S MEDICAL CENTER,CT,1822990,1642810,176565,3642365,"credit union, under 100m",credit union
20641,95919941,18042635,14124286,183882,1722806,9659620,0,29050662,LAKE CHEM COMMUNITY,KY,29050662,32166921,1722806,63124271,"credit union, under 100m",credit union
20656,2718421,0,0,0,713777,816687,0,0,CHOPTANK ELECTRIC COOP EMPLOY,MD,0,0,713777,713777,"credit union, under 100m",credit union
20661,70797575,510862,1591853,0,1084694,9996047,553981,22962872,DOY,OH,23516853,2102715,1084694,26704262,"credit union, under 100m",credit union
20662,16829423,1027042,1055362,352669,367989,2404322,0,0,ENLIGHTEN,TN,0,2082404,367989,2803062,"credit union, under 100m",credit union
20684,75316463,22022565,3604590,1721095,1663680,9392135,3091662,10743935,DAVIESS COUNTY TEACHERS,KY,13835597,25627155,1663680,42847527,"credit union, under 100m",credit union
20691,35026549,2522806,4326596,1025942,1385112,6358651,0,3014300,HIGHWAY,PA,3014300,6849402,1385112,12274756,"credit union, under 100m",credit union
20720,8587869,916668,830108,0,281431,1047833,0,0,L. A. MISSION,CA,0,1746776,281431,2028207,"credit union, under 100m",credit union
20727,227641622,96928763,16753047,927847,1994651,26176714,3967676,7602345,CAMPCO,WY,11570021,113681810,1994651,128174329,"credit union, 100m to 1bn",credit union
20749,92992989,12212720,7978190,1341311,1714645,13887701,0,8433360,WESLA,LA,8433360,20190910,1714645,31680226,"credit union, under 100m",credit union
20773,14110234,1949727,1205456,0,2440348,2521922,0,0,LOCAL 1233,NJ,0,3155183,2440348,5595531,"credit union, under 100m",credit union
20793,30229492,5850171,1752871,808686,1576287,3146649,2491463,0,FINANCIAL HEALTH,IN,2491463,7603042,1576287,12479478,"credit union, under 100m",credit union
20805,48943297,10912905,2298907,440325,912471,4986745,4059159,11982843,DUBOIS-PIKE,IN,16042002,13211812,912471,30606610,"credit union, under 100m",credit union
20823,61922859,7226534,9575148,919965,2889806,8019199,0,5271300,MOHAWK VALLEY,NY,5271300,16801682,2889806,25882753,"credit union, under 100m",credit union
20824,39359533,10075528,595403,874496,2789836,9995138,0,0,HOPESOUTH,SC,0,10670931,2789836,14335263,"credit union, under 100m",credit union
20842,36789872,13999917,4247177,2185512,1914131,7659949,551243,156891,UNO,LA,708134,18247094,1914131,23054871,"credit union, under 100m",credit union
20857,10625106,1442505,692962,0,619220,1020552,88804,4730081,METRO REALTORS,NY,4818885,2135467,619220,7573572,"credit union, under 100m",credit union
20861,195331147,33170974,428680,4092275,5867186,29009749,5758848,26475875,P & G MEHOOPANY EMPLOYEES,PA,32234723,33599654,5867186,75793838,"credit union, 100m to 1bn",credit union
20874,2217672,715573,286532,0,26537,776147,0,0,BULAB EMPLOYEES,TN,0,1002105,26537,1028642,"credit union, under 100m",credit union
20885,33296045,2484516,799630,0,3077338,3165493,0,1442534,MEDISYS EMPLOYEES,NY,1442534,3284146,3077338,7804018,"credit union, under 100m",credit union
20890,154559,0,0,0,10559,21592,0,0,STEPHENS COUNTY COMMUNITY,GA,0,0,10559,10559,"credit union, under 100m",credit union
20891,12413092,2731468,345565,116298,416545,982426,435912,1321841,KRAFTCOR,KY,1757753,3077033,416545,5367629,"credit union, under 100m",credit union
20921,60842474,2300543,3661484,904618,1237976,6897499,1501369,5686749,MERHO,PA,7188118,5962027,1237976,15292739,"credit union, under 100m",credit union
20943,186516494,40581500,12195100,5704333,3182550,19025296,4837782,19013002,JOURNEY,MI,23850784,52776600,3182550,85514267,"credit union, 100m to 1bn",credit union
20951,2765731,1178298,992041,0,96417,407910,0,0,OPC,OR,0,2170339,96417,2266756,"credit union, under 100m",credit union
20957,2893448,888815,247544,0,499280,338194,0,0,TEAMSTERS LOCAL 697,WV,0,1136359,499280,1635639,"credit union, under 100m",credit union
20974,44085017,9066931,2664236,1785603,356034,4789355,12869233,7772920,B.O.N.D. COMMUNITY,GA,20642153,11731167,356034,34514957,"credit union, under 100m",credit union
20990,29906098,4333536,4178179,311246,530727,6488232,969818,8609486,ALCON EMPLOYEES,TX,9579304,8511715,530727,18932992,"credit union, under 100m",credit union
21009,169166099,5242086,1574496,1704185,19194605,16947908,22626582,64383394,PRINCETON,NJ,87009976,6816582,19194605,114725348,"credit union, 100m to 1bn",credit union
21012,183683948,10078047,4457921,2486254,6290347,23969407,6435913,58629197,FIRST CHOICE FINANCIAL,NY,65065110,14535968,6290347,88377679,"credit union, 100m to 1bn",credit union
21020,9082347,1100435,1276299,0,200967,789669,0,2806,ROCK COMMUNITY,MI,2806,2376734,200967,2580507,"credit union, under 100m",credit union
21026,111681576,10114161,7229141,3133972,2160970,13064255,1977904,32227557,TRUNORTHERN,NY,34205461,17343302,2160970,56843705,"credit union, 100m to 1bn",credit union
21029,5373771,556319,867238,0,196064,1157784,0,0,PORT OF HOUSTON WAREHOUSE,TX,0,1423557,196064,1619621,"credit union, under 100m",credit union
21057,5458578,658038,1518502,0,1382814,619253,0,0,C C M H,WV,0,2176540,1382814,3559354,"credit union, under 100m",credit union
21070,26025100,5278638,1744853,118308,1050669,2900006,359467,2743325,DOWAGIAC AREA,MI,3102792,7023491,1050669,11295260,"credit union, under 100m",credit union
21073,82799102,24461542,6342421,0,6424382,23602472,220477,8907339,1ST MISSISSIPPI,MS,9127816,30803963,6424382,46356161,"credit union, under 100m",credit union
21083,430066480,67609067,30195508,2480428,8113588,61497553,12122034,68413600,HIGH POINT,NY,80535634,97804575,8113588,188934225,"credit union, 100m to 1bn",credit union
21100,34352459,4310446,1573869,732718,531027,6335484,544920,100739,UNION TRADES,WV,645659,5884315,531027,7793719,"credit union, under 100m",credit union
21107,14133191,1988311,1911615,0,665811,2968125,0,0,PUTNAM SCHOOL EMPLOYEES,WV,0,3899926,665811,4565737,"credit union, under 100m",credit union
21109,20043640,1259036,544163,0,937656,5322246,1129287,2616171,L'OREAL USA,NJ,3745458,1803199,937656,6486313,"credit union, under 100m",credit union
21115,24048671,2771857,1289820,285981,648688,2795618,0,0,HANCOCK SCHOOL EMP.,WV,0,4061677,648688,4996346,"credit union, under 100m",credit union
21126,9326846,2510047,1589435,0,185831,1300736,104492,0,REGIONAL MEDICAL CTR HOPKINS CO EMP,KY,104492,4099482,185831,4389805,"credit union, under 100m",credit union
21140,23595876,3692867,1118136,83658,523642,3163625,238072,4902681,WESTERN PA,PA,5140753,4811003,523642,10559056,"credit union, under 100m",credit union
21157,19216889,2208033,912905,437439,1235012,2938722,3461784,0,CINCINNATI HEALTHCARE ASSOCIATES,OH,3461784,3120938,1235012,8255173,"credit union, under 100m",credit union
21190,10828795,2306764,0,550980,662126,1103090,0,0,ASA,CT,0,2306764,662126,3519870,"credit union, under 100m",credit union
21202,17790149,4584576,960270,595533,853965,1623635,0,1810650,SOUTH ATLANTIC,FL,1810650,5544846,853965,8804994,"credit union, under 100m",credit union
21226,60173948,15717784,6359013,2108741,1314921,6126774,3206960,428305,PROMEDICA,OH,3635265,22076797,1314921,29135724,"credit union, under 100m",credit union
21231,1533849,73207,68982,0,307578,364490,0,0,SCF WESTCHESTER N. Y. EMPLOYEES,NY,0,142189,307578,449767,"credit union, under 100m",credit union
21240,3416110,431256,395132,0,552343,440591,0,0,POCONO MEDICAL CENTER,PA,0,826388,552343,1378731,"credit union, under 100m",credit union
21244,85840236,4827415,2119313,1231235,3336307,10967457,21232899,8090985,UNION BUILDING TRADES,NJ,29323884,6946728,3336307,40838154,"credit union, under 100m",credit union
21268,24831833,4623133,2341811,408090,135641,3243295,0,477356,DILLARD'S,AR,477356,6964944,135641,7986031,"credit union, under 100m",credit union
21294,35249683,1940386,1951516,1113239,223403,5476646,784963,1371631,FINGER LAKES HEALTH CARE,NY,2156594,3891902,223403,7385138,"credit union, under 100m",credit union
21305,109220477,4420267,3777599,0,1548966,30092447,2930931,31836432,THE UNITED,WV,34767363,8197866,1548966,44514195,"credit union, 100m to 1bn",credit union
21319,23078687,933631,1014409,353980,143268,2382554,7373092,5539311,STRATEGIC,VA,12912403,1948040,143268,15357691,"credit union, under 100m",credit union
21326,80021498,9895099,5006633,1125068,2384426,7717603,10256068,11944839,METRO,IL,22200907,14901732,2384426,40612133,"credit union, under 100m",credit union
21339,43066923,9943236,2972930,218088,937088,6025006,3337532,7775,NORTHERN KENTUCKY,KY,3345307,12916166,937088,17416649,"credit union, under 100m",credit union
21354,57137801,9848502,1709977,2594933,6323248,4567931,12484446,9922600,VERITAS,TN,22407046,11558479,6323248,42883706,"credit union, under 100m",credit union
21355,1147754,115009,0,0,99874,124300,0,0,ST. JOHN UNITED,NY,0,115009,99874,214883,"credit union, under 100m",credit union
21367,2401828,329458,27184,0,380470,521983,0,0,PLANTERS,VA,0,356642,380470,737112,"credit union, under 100m",credit union
21368,3320887,1211186,683342,0,164962,525118,0,0,VIDOR TEACHERS,TX,0,1894528,164962,2059490,"credit union, under 100m",credit union
21383,86608346,14409327,4258534,1167578,2632644,15185090,0,10177823,DOMINO,TX,10177823,18667861,2632644,32645906,"credit union, under 100m",credit union
21393,528019,0,0,0,1433,141219,0,0,DELANCEY STREET,CA,0,0,1433,1433,"credit union, under 100m",credit union
21413,101984780,26333920,7814168,1820709,6190326,10435432,3487539,11827565,TIMBERLAND,PA,15315104,34148088,6190326,57474227,"credit union, 100m to 1bn",credit union
21440,887631,211998,126848,0,119775,75912,107290,0,MESSIAH BAPTIST CHURCH,NJ,107290,338846,119775,565911,"credit union, under 100m",credit union
21458,6879270,1714417,566840,0,492290,1904260,0,345988,BACK MOUNTAIN,PA,345988,2281257,492290,3119535,"credit union, under 100m",credit union
21499,8020344,1498257,1338603,0,758825,810023,0,0,BERKELEY COUNTY PUBLIC SCHOOLS,WV,0,2836860,758825,3595685,"credit union, under 100m",credit union
21502,72801283,2478909,1741027,152099,28300,9922586,8522923,39817320,POLAM,CA,48340243,4219936,28300,52740578,"credit union, under 100m",credit union
21507,74810656,249638,779337,1018737,1057748,9649616,8905145,13723379,NEW ENGLAND TEAMSTERS,MA,22628524,1028975,1057748,25733984,"credit union, under 100m",credit union
21508,16532085,4791688,4050039,337505,635151,2362775,0,0,ANMED,SC,0,8841727,635151,9814383,"credit union, under 100m",credit union
21530,6737623,955018,342277,49652,768862,692089,7192,756850,UKRAINIAN SELFRELIANCE OF WEST. PA.,PA,764042,1297295,768862,2879851,"credit union, under 100m",credit union
21532,51790968,9366056,6015042,597540,3995937,3909375,0,15130983,U.P.S. EMPLOYEES,CA,15130983,15381098,3995937,35105558,"credit union, under 100m",credit union
21556,11963436,1386152,1255459,604029,346242,1536406,0,0,PENNSYLVANIA-AMERICAN WATER,PA,0,2641611,346242,3591882,"credit union, under 100m",credit union
21575,4571621,1616907,715220,0,179672,592967,180991,0,BEKA,GA,180991,2332127,179672,2692790,"credit union, under 100m",credit union
21586,25570680,2375696,3249437,0,2839151,2726494,554224,2978260,U. H. S. EMPLOYEES,NY,3532484,5625133,2839151,11996768,"credit union, under 100m",credit union
21593,206612929,27316389,25483192,5144603,3381558,26000922,18885160,65061319,SUMMIT CHOICE,IN,83946479,52799581,3381558,145272221,"credit union, 100m to 1bn",credit union
21606,12225914,2042592,1978434,0,347810,1984257,0,0,MORROW COUNTY,OH,0,4021026,347810,4368836,"credit union, under 100m",credit union
21609,35293695,11508551,4895412,413224,445908,3833387,5699351,0,NORTHWESTERN ENERGY EMPLOYEES,MT,5699351,16403963,445908,22962446,"credit union, under 100m",credit union
21614,320944,0,0,0,7806,27263,0,0,FIRST BAPTIST CHURCH (STRATFORD),CT,0,0,7806,7806,"credit union, under 100m",credit union
21615,5185071,177523,1160841,0,882901,1040724,0,0,SABINE SCHOOL EMPLOYEES,LA,0,1338364,882901,2221265,"credit union, under 100m",credit union
21628,63355753,16557149,4550043,1271000,5413822,6974984,1897346,4950477,TRU,SC,6847823,21107192,5413822,34639837,"credit union, under 100m",credit union
21630,88571006,87702,251688,1608694,840537,8698547,10038751,46951208,EASTERN OPERATING ENGINEERS,NY,56989959,339390,840537,59778580,"credit union, under 100m",credit union
21644,41464358,6861360,3488259,0,2591169,5997091,11041001,4820322,TORO EMPLOYEES,MN,15861323,10349619,2591169,28802111,"credit union, under 100m",credit union
21658,175860447,12207351,6095497,0,3628229,29189018,11224139,35526236,GENESEE VALLEY,NY,46750375,18302848,3628229,68681452,"credit union, 100m to 1bn",credit union
21669,293317656,71678523,36894402,2318412,3794436,30680089,25903369,32458489,HOME TOWN,MN,58361858,108572925,3794436,173047631,"credit union, 100m to 1bn",credit union
21683,398915,26402,0,0,0,56849,0,0,WEST SIDE BAPTIST CHURCH,MO,0,26402,0,26402,"credit union, under 100m",credit union
21686,217373740,26889785,4314882,0,11640655,29739724,21920403,38286734,PARDA,MI,60207137,31204667,11640655,103052459,"credit union, 100m to 1bn",credit union
21694,179008353,6310988,2723406,1101595,2619841,18493281,6000333,9196701,ULSTER,NY,15197034,9034394,2619841,27952864,"credit union, 100m to 1bn",credit union
21710,4060871,1449818,835017,0,372668,574376,0,0,GOODYEAR SAN ANGELO,TX,0,2284835,372668,2657503,"credit union, under 100m",credit union
21713,26846038,6923873,2491139,0,458851,4040599,0,0,MARSHALL COUNTY,WV,0,9415012,458851,9873863,"credit union, under 100m",credit union
21737,27921127,3564981,1712707,0,3718750,2994829,7222,0,ATLANTIC HEALTH EMPLOYEES,NJ,7222,5277688,3718750,9003660,"credit union, under 100m",credit union
21751,641106805,73463773,28935695,17622396,17504467,90736003,0,117357660,FEDEX EMPLOYEES CREDIT ASSOCIATION,TN,117357660,102399468,17504467,254883991,"credit union, 100m to 1bn",credit union
21774,29735514,3536854,1767152,862134,919091,5205506,0,0,GHA,CT,0,5304006,919091,7085231,"credit union, under 100m",credit union
21782,15368913,3019961,2542872,0,373753,2365932,971848,908699,I.B.E.W. - LOCAL NO. 5,PA,1880547,5562833,373753,7817133,"credit union, under 100m",credit union
21787,2083472,76345,156220,0,50759,770204,0,0,M G EMPLOYEES,OH,0,232565,50759,283324,"credit union, under 100m",credit union
21788,29721104,8283294,4610473,516794,864054,3009953,0,126442,VALWOOD PARK,TX,126442,12893767,864054,14401057,"credit union, under 100m",credit union
21794,32619383,5962136,3789484,444151,1699815,4563179,0,644516,THE INFIRMARY,AL,644516,9751620,1699815,12540102,"credit union, under 100m",credit union
21798,26352590,537428,291066,470098,236807,3576823,1173818,13064829,CONSTRUCTION,MI,14238647,828494,236807,15774046,"credit union, under 100m",credit union
21831,19020220,129103,88422,0,1793671,1901078,0,0,TRANSIT,NY,0,217525,1793671,2011196,"credit union, under 100m",credit union
21845,15054576,1256289,993220,235013,604874,2532052,2540681,0,BLACKHAWK,PA,2540681,2249509,604874,5630077,"credit union, under 100m",credit union
21851,48266350,8636009,4308988,0,2120685,9045658,12988,0,SUNY FREDONIA,NY,12988,12944997,2120685,15078670,"credit union, under 100m",credit union
21853,28406033,5171629,2095096,396637,1446260,4192118,413865,7245281,LABOR MANAGEMENT,KY,7659146,7266725,1446260,16768768,"credit union, under 100m",credit union
21873,102343639,21077676,4602830,1549125,1709189,10448043,10531142,20667810,COMMODORE PERRY,OH,31198952,25680506,1709189,60137772,"credit union, 100m to 1bn",credit union
21875,4993590,1550079,1235593,0,269343,1060072,0,41171,TRI-COUNTY,NY,41171,2785672,269343,3096186,"credit union, under 100m",credit union
21879,4889888,929647,944807,256766,376735,341027,0,0,P.H.I.,LA,0,1874454,376735,2507955,"credit union, under 100m",credit union
21904,12378669,944766,1027469,44148,311337,4053228,0,0,EMPLOYEES UNITED,TX,0,1972235,311337,2327720,"credit union, under 100m",credit union
21927,152532659,17274760,10431425,11368973,7934981,18404015,32944926,9022018,OSWEGO COUNTY,NY,41966944,27706185,7934981,88977083,"credit union, 100m to 1bn",credit union
21930,863232356,58007512,40829000,20897596,7963269,99781690,54337538,293458658,CINFED,OH,347796196,98836512,7963269,475493573,"credit union, 100m to 1bn",credit union
21956,8445327,737864,904155,0,225905,1384080,714533,924887,U.F.C.W. LOCAL 23,PA,1639420,1642019,225905,3507344,"credit union, under 100m",credit union
21968,6174430,1896180,1078576,0,370273,846077,0,0,LOUISIANA BAPTIST,LA,0,2974756,370273,3345029,"credit union, under 100m",credit union
21971,759347038,72322256,29402348,22543404,22811195,67560851,64934969,239200815,CPM,SC,304135784,101724604,22811195,451214987,"credit union, 100m to 1bn",credit union
22005,28455666,6262797,9934541,268022,1254946,6144020,0,0,ENGAGE,LA,0,16197338,1254946,17720306,"credit union, under 100m",credit union
22007,179529,0,0,0,0,28364,0,0,WAYLAND TEMPLE BAPTIST,PA,0,0,0,0,"credit union, under 100m",credit union
22028,26604143,1850336,1251804,0,1741507,4674265,0,0,VAH LYONS EMPLOYEES,NJ,0,3102140,1741507,4843647,"credit union, under 100m",credit union
22049,8353436,1623366,1046283,0,823380,639428,0,0,PORT OF HAMPTON ROADS ILA,VA,0,2669649,823380,3493029,"credit union, under 100m",credit union
22070,2167264,782047,112526,0,158120,552011,0,0,NORTH ALABAMA PAPERMAKERS,AL,0,894573,158120,1052693,"credit union, under 100m",credit union
22083,5319784,1803127,1003691,0,575198,1069408,0,0,E L C O,GA,0,2806818,575198,3382016,"credit union, under 100m",credit union
22114,117431809,14403979,2537050,1547167,518389,10739156,15307471,40145304,CIRCLE,MI,55452775,16941029,518389,74459360,"credit union, 100m to 1bn",credit union
22119,107706681,13579786,2422122,3573774,1681420,11367919,13553560,35609761,AMERICAN PARTNERS,NC,49163321,16001908,1681420,70420423,"credit union, 100m to 1bn",credit union
22128,837133888,156475440,136902427,12162607,15102217,92943724,224612070,89273958,SERVICE 1ST,PA,313886028,293377867,15102217,634528719,"credit union, 100m to 1bn",credit union
22131,2183803,142317,161737,0,118411,504072,0,0,FEDERATION OF GREENE COUNTY EMPL.,AL,0,304054,118411,422465,"credit union, under 100m",credit union
22132,17294648,3438850,3281288,0,643833,1893132,3755383,1493985,FARM CREDIT EMPLOYEES,MN,5249368,6720138,643833,12613339,"credit union, under 100m",credit union
22151,365418,0,0,0,86429,43453,0,0,CLEVELAND CHURCH OF CHRIST,OH,0,0,86429,86429,"credit union, under 100m",credit union
22157,860937586,119601009,51727109,33702567,56128565,98918436,58059619,219039155,SOUTHWEST AIRLINES,TX,277098774,171328118,56128565,538258024,"credit union, 100m to 1bn",credit union
22167,170663090,23737728,7834173,4593863,6315892,18920802,9453257,30635208,TONAWANDA VALLEY,NY,40088465,31571901,6315892,82570121,"credit union, 100m to 1bn",credit union
22174,10818926,1144745,1669368,1902700,724462,1267594,0,0,CMC-FCPI EMPLOYEES,PA,0,2814113,724462,5441275,"credit union, under 100m",credit union
22195,10426434,1534558,5177975,0,269760,1123430,0,0,CVPH EMPLOYEES,NY,0,6712533,269760,6982293,"credit union, under 100m",credit union
22213,41555296,9898837,3537343,1193193,861648,7734321,2757721,1192011,HEALTH CARE PROFESSIONALS,IN,3949732,13436180,861648,19440753,"credit union, under 100m",credit union
22219,833900,310630,34148,0,150255,309388,0,0,U B C SOUTHERN COUNCIL INDUSTRIA WO,LA,0,344778,150255,495033,"credit union, under 100m",credit union
22220,19757268,4463208,3630295,0,846456,3494104,2190797,485681,KALEIDA HEALTH,NY,2676478,8093503,846456,11616437,"credit union, under 100m",credit union
22241,193219437,45858174,10989308,3225380,10793879,19155539,0,31286016,LONG REACH,WV,31286016,56847482,10793879,102152757,"credit union, 100m to 1bn",credit union
22280,195091834,6559411,1262470,1988496,413327,24944133,6399636,100727302,POLISH-AMERICAN,MI,107126938,7821881,413327,117350642,"credit union, 100m to 1bn",credit union
22307,197763455,28529178,7310193,5894501,3367919,24912114,22064525,31714648,CENTRAL VIRGINIA,VA,53779173,35839371,3367919,98880964,"credit union, 100m to 1bn",credit union
22314,2820140,563358,169575,0,946456,731067,0,0,CHOCTAW,MS,0,732933,946456,1679389,"credit union, under 100m",credit union
22322,5023784,1274138,695130,0,291561,416350,0,226,FIRST CARE,VA,226,1969268,291561,2261055,"credit union, under 100m",credit union
22323,79647,0,0,0,284,9284,0,0,JOHN WESLEY AME ZION CHURCH,DC,0,0,284,284,"credit union, under 100m",credit union
22337,17111128,1614484,951390,176325,494199,2374551,422540,290883,MARTINSBURG V.A. CENTER,WV,713423,2565874,494199,3949821,"credit union, under 100m",credit union
22362,12442503,4766593,2193021,0,529409,2407970,0,0,MERCY,GA,0,6959614,529409,7489023,"credit union, under 100m",credit union
22369,54250803,5919251,5198375,2381745,1688083,4090531,816063,2039028,TOTAL CHOICE,LA,2855091,11117626,1688083,18042545,"credit union, under 100m",credit union
22400,6162481,2369976,1120164,0,327289,985665,0,0,BROSNAN YARD,GA,0,3490140,327289,3817429,"credit union, under 100m",credit union
22417,455068,0,0,0,62492,103104,0,0,ST. MARY PARISH SCHOOL EMP.,LA,0,0,62492,62492,"credit union, under 100m",credit union
22426,58957362,3496609,460980,535223,608789,7308226,15357173,15888266,SOUTHCOAST,MA,31245439,3957589,608789,36347040,"credit union, under 100m",credit union
22428,9938581,1335570,697299,0,560700,2059298,0,0,MARION COUNTY SCHOOL EMPLOYEES,WV,0,2032869,560700,2593569,"credit union, under 100m",credit union
22447,19378923,3744283,1377640,257540,520956,2404804,1084121,2268530,LOCAL 41 I.B.E.W.,NY,3352651,5121923,520956,9253070,"credit union, under 100m",credit union
22456,20437995,3819909,1640183,0,2637646,3206921,1076222,1291215,THE HEART CENTER,NY,2367437,5460092,2637646,10465175,"credit union, under 100m",credit union
22458,1328183770,148166608,33185545,0,75290072,101371506,207830704,404052049,SHARONVIEW,SC,611882753,181352153,75290072,868524978,"credit union, 1 to 10bn",credit union
22464,49301005,2614219,905674,1267227,1410481,5487420,3711100,3883806,TONAWANDA COMMUNITY,NY,7594906,3519893,1410481,13792507,"credit union, under 100m",credit union
22468,2504056666,220247033,28263005,25815066,33177846,298564988,242048659,733040617,ELEMENTS FINANCIAL,IN,975089276,248510038,33177846,1282592226,"credit union, 1 to 10bn",credit union
22478,56072712,4446005,2073614,1980727,245922,8227709,5145002,8534075,KUE,KY,13679077,6519619,245922,22425345,"credit union, under 100m",credit union
22520,302579460,59570014,7633893,17385043,6687256,38519182,16478710,46942550,MTC,SC,63421260,67203907,6687256,154697466,"credit union, 100m to 1bn",credit union
22530,40826870,12777486,3322200,450040,608445,10144679,29396,403551,PEE DEE,SC,432947,16099686,608445,17591118,"credit union, under 100m",credit union
22566,51283456,4196454,2212403,0,1922882,7065446,6173570,5617287,MONEY,NY,11790857,6408857,1922882,20122596,"credit union, under 100m",credit union
22592,2735843167,99441718,100905181,46582502,6129034,309768002,42286681,952379889,POLISH & SLAVIC,NY,994666570,200346899,6129034,1247725005,"credit union, 1 to 10bn",credit union
22625,107660341,27390403,11906882,1400708,8896252,12980223,4264389,5263217,LEATHERSTOCKING REGION,NY,9527606,39297285,8896252,59121851,"credit union, 100m to 1bn",credit union
22637,869278294,70732578,19842410,18210112,33519890,87896797,147789426,246506501,ARDENT,PA,394295927,90574988,33519890,536600917,"credit union, 100m to 1bn",credit union
22652,12568614,24734,21327,0,36779,1406787,0,7969977,CAPITAL AREA TAIWANESE,MD,7969977,46061,36779,8052817,"credit union, under 100m",credit union
22657,80282797,5930677,6888819,0,562469,22676994,1710979,19826549,CAMC,WV,21537528,12819496,562469,34919493,"credit union, under 100m",credit union
22681,6626339,1800362,1269186,0,748058,820715,0,0,TWIN OAKS,WV,0,3069548,748058,3817606,"credit union, under 100m",credit union
22688,25654809,1789700,737901,348280,84407,2473307,4183753,899051,OHIO VALLEY,OH,5082804,2527601,84407,8043092,"credit union, under 100m",credit union
22695,3627959,820137,285692,117770,111768,888090,435121,0,GREAT HORIZONS,IN,435121,1105829,111768,1770488,"credit union, under 100m",credit union
22700,1735582,194375,421055,0,101020,192086,0,0,KOREAN CATHOLIC,MD,0,615430,101020,716450,"credit union, under 100m",credit union
22719,21371807,3342228,2594456,168395,347752,2061857,0,176265,CONSUMER'S,SD,176265,5936684,347752,6629096,"credit union, under 100m",credit union
22723,7186845,391426,1648172,0,896500,1124900,7174,0,PAR-DEL EMP.,PA,7174,2039598,896500,2943272,"credit union, under 100m",credit union
22740,5459715,2293618,442693,152699,958656,771497,0,0,HSM,NC,0,2736311,958656,3847666,"credit union, under 100m",credit union
22747,25812995,5997153,5938014,39151,2987813,5467746,0,1887623,THE LOCAL,TX,1887623,11935167,2987813,16849754,"credit union, under 100m",credit union
22754,61079591,10849924,4285900,0,3404918,6683309,951780,7317578,C C S E,NY,8269358,15135824,3404918,26810100,"credit union, under 100m",credit union
22769,1366746062,13700695,26618,12052241,134305314,134658866,327140047,430923780,QUORUM,NY,758063827,13727313,134305314,918148695,"credit union, 1 to 10bn",credit union
22785,619181,0,29898,0,152572,182964,0,0,RICHLAND PARISH SCHOOLS,LA,0,29898,152572,182470,"credit union, under 100m",credit union
22883,27103204,3305843,1246640,0,1226906,3770023,113961,887112,ALLEGANY FIRST,NY,1001073,4552483,1226906,6780462,"credit union, under 100m",credit union
22931,629772518,19782601,73589524,29457322,15828595,73700723,30938571,141230330,G.P.O.,NY,172168901,93372125,15828595,310826943,"credit union, 100m to 1bn",credit union
22953,4442084,464908,520386,0,454607,1673946,0,0,AVH,PA,0,985294,454607,1439901,"credit union, under 100m",credit union
22962,12093455,960020,1081436,0,913069,1234584,0,0,TOMPKINS EMPLOYEES,NY,0,2041456,913069,2954525,"credit union, under 100m",credit union
22972,20232280,3244445,1794211,365974,783298,2023796,0,0,CROUSE,NY,0,5038656,783298,6187928,"credit union, under 100m",credit union
22978,23282202,5384312,1700064,0,164794,2437062,6541130,0,MAIN IMPACT,KY,6541130,7084376,164794,13790300,"credit union, under 100m",credit union
23004,404544635,45083125,30080672,17736030,26764959,47964745,62540937,55514287,POPA,CA,118055224,75163797,26764959,237720010,"credit union, 100m to 1bn",credit union
23015,31246519,4856676,3090772,0,609749,4257561,0,1340311,PRESTON,WV,1340311,7947448,609749,9897508,"credit union, under 100m",credit union
23017,147111098,9450284,8204657,5034742,6838987,17641179,7062466,55660156,XPLORE,LA,62722622,17654941,6838987,92251292,"credit union, 100m to 1bn",credit union
23020,1800244588,205471178,130035696,78735220,63204391,203325856,62727942,289356155,PUBLIX EMPLOYEES,FL,352084097,335506874,63204391,829530582,"credit union, 1 to 10bn",credit union
23052,8876155,562656,725899,0,342514,1003634,0,0,HMC (NJ),NJ,0,1288555,342514,1631069,"credit union, under 100m",credit union
23060,13851175,1790250,3319267,0,258534,3019265,0,0,SEVIER COUNTY SCHOOLS,TN,0,5109517,258534,5368051,"credit union, under 100m",credit union
23070,65061757,11445170,2962202,0,1804190,8774550,4817550,4111984,MOREHEAD COMMUNITY,KY,8929534,14407372,1804190,25141096,"credit union, under 100m",credit union
23109,6529651,1309403,2842366,0,41635,1198805,0,0,MOLEX EMPLOYEES,IL,0,4151769,41635,4193404,"credit union, under 100m",credit union
23125,3558170,0,0,0,349922,1048373,0,0,1897,MD,0,0,349922,349922,"credit union, under 100m",credit union
23144,22478228,2284724,2385864,911305,3940007,6907724,0,2247936,LOCAL 804,NY,2247936,4670588,3940007,11769836,"credit union, under 100m",credit union
23156,12173427,3453870,2551027,184522,268566,1749813,0,0,GENERATIONS,IN,0,6004897,268566,6457985,"credit union, under 100m",credit union
23162,47250057,12136976,4312495,946557,1921600,10302841,6173504,0,ELEMENT,WV,6173504,16449471,1921600,25491132,"credit union, under 100m",credit union
23170,8207831,2645887,1364792,37174,426766,1035345,0,0,ARKANSAS EDUCATION ASSOCIATION,AR,0,4010679,426766,4474619,"credit union, under 100m",credit union
23174,6915974,1244741,1652024,0,679756,811673,0,0,U.A.L.U. 354,PA,0,2896765,679756,3576521,"credit union, under 100m",credit union
23177,77278,0,0,0,33619,14368,0,0,SOUTHERN BAPTIST CHURCH OF NEW YORK,NY,0,0,33619,33619,"credit union, under 100m",credit union
23184,29617380,402730,113512,0,342380,4660210,0,22119561,TEXAS ASSOCIATIONS OF PROFESSIONALS,TX,22119561,516242,342380,22978183,"credit union, under 100m",credit union
23198,28674356,4585419,2650823,154013,1073609,3882667,1096779,786076,TRI-LAKES,NY,1882855,7236242,1073609,10346719,"credit union, under 100m",credit union
23245,4173236,0,0,0,1768,688556,0,0,TRINITY U.C.C.,IL,0,0,1768,1768,"credit union, under 100m",credit union
23276,13513310,2394731,3495453,0,779427,2085909,40828,0,MARBLEHEAD MUNICIPAL,MA,40828,5890184,779427,6710439,"credit union, under 100m",credit union
23279,8868387451,989438220,258254200,501963259,481011252,794649804,345969453,2368698771,MICHIGAN STATE UNIVERSITY,MI,2714668224,1247692420,481011252,4945335155,"credit union, 1 to 10bn",credit union
23283,161448425,11586219,1799989,834679,3967898,14249692,13987815,47243536,ALTERNATIVES,NY,61231351,13386208,3967898,79420136,"credit union, 100m to 1bn",credit union
23287,6439215,2928052,723407,0,365610,887221,0,0,VULCRAFT EMPLOYEES,IN,0,3651459,365610,4017069,"credit union, under 100m",credit union
23292,16434226,1251538,1527119,0,767953,2967602,809414,2961693,GALLUP,NE,3771107,2778657,767953,7317717,"credit union, under 100m",credit union
23294,1595064,0,0,0,168659,81919,0,0,VITELCO EMPLOYEES,VI,0,0,168659,168659,"credit union, under 100m",credit union
23309,4863271,892364,848118,0,1048711,2008371,0,0,SISSETON-WAHPETON,SD,0,1740482,1048711,2789193,"credit union, under 100m",credit union
23327,5685360,1264100,637421,0,666828,1484136,0,0,SOUTHERN GAS,AR,0,1901521,666828,2568349,"credit union, under 100m",credit union
23355,40951860,5625756,1602241,0,175292,5705798,0,0,SHELTER INSURANCE,MO,0,7227997,175292,7403289,"credit union, under 100m",credit union
23361,18632691,6717607,1343400,291042,860820,2823952,0,0,ELECTRIC COOPERATIVES,AR,0,8061007,860820,9212869,"credit union, under 100m",credit union
23371,70373679,18417368,5307527,552122,2509459,6010113,6181224,17058979,HEALTHCARE PLUS,SD,23240203,23724895,2509459,50026679,"credit union, under 100m",credit union
23376,12158053,3189455,909570,30059,224478,1377596,0,438222,DOE RUN,KY,438222,4099025,224478,4791784,"credit union, under 100m",credit union
23386,60393354,14207140,1898099,2964673,2499993,7777353,8065634,7804191,ACCLAIM,NC,15869825,16105239,2499993,37439730,"credit union, under 100m",credit union
23394,122705364,3690347,9059294,1808881,4289453,13376323,8276953,27485266,GUTHRIE COMMUNITY,PA,35762219,12749641,4289453,54610194,"credit union, 100m to 1bn",credit union
23425,33715524,893072,736669,1182359,1114378,3856208,0,6336996,ACADEMIC,NY,6336996,1629741,1114378,10263474,"credit union, under 100m",credit union
23467,6296414,527758,221227,289470,652320,1102937,0,0,VALLEY PRIDE,PA,0,748985,652320,1690775,"credit union, under 100m",credit union
23494,506317895,30931897,14532975,15489827,24398597,76258451,38855181,145603723,CAROLINAS TELCO,NC,184458904,45464872,24398597,269812200,"credit union, 100m to 1bn",credit union
23503,30294796,20061,7950,398350,276257,3695209,0,23340178,KOREAN AMERICAN CATHOLICS,NY,23340178,28011,276257,24042796,"credit union, under 100m",credit union
23521,27875912054,3127284728,1323106071,1046149466,1347589482,2996763959,2701587743,8499149073,FIRST TECHNOLOGY,CA,11200736816,4450390799,1347589482,18044866563,"credit union, over 10bn",credit union
23525,1899033,310589,192247,0,68539,222826,0,0,ST. LUKE'S COMMUNITY,TX,0,502836,68539,571375,"credit union, under 100m",credit union
23540,15284027,4269193,3813580,438624,1686344,1020870,227247,1181603,TULANE/LOYOLA,LA,1408850,8082773,1686344,11616591,"credit union, under 100m",credit union
23545,33605392,6906357,3493278,0,4235317,3144724,73470,0,CHHE,WV,73470,10399635,4235317,14708422,"credit union, under 100m",credit union
23556,1818590,10098,0,0,794149,137504,0,0,PAPER CONVERTERS LOCAL 286/1034,PA,0,10098,794149,804247,"credit union, under 100m",credit union
23582,23833618,5267260,1026102,111553,1442390,2415324,0,0,BAYOU CITY,TX,0,6293362,1442390,7847305,"credit union, under 100m",credit union
23605,334177469,57335212,49841515,4256248,5437475,52726030,13649336,115353036,SYNERGY,TX,129002372,107176727,5437475,245872822,"credit union, 100m to 1bn",credit union
23615,164885,0,0,0,39081,15459,0,0,HEARD A.M.E.,NJ,0,0,39081,39081,"credit union, under 100m",credit union
23620,44585285,7691509,7589006,719174,1235276,5844831,76263,5826343,GEISMAR COMPLEX,LA,5902606,15280515,1235276,23137571,"credit union, under 100m",credit union
23627,1492931,0,40913,0,316666,327534,0,0,M.O.S.E.S.,MA,0,40913,316666,357579,"credit union, under 100m",credit union
23630,3684828,699663,672307,0,63609,780915,0,0,B. M. H.,TN,0,1371970,63609,1435579,"credit union, under 100m",credit union
23658,358044,0,0,0,32424,93438,0,0,PAUL QUINN,NY,0,0,32424,32424,"credit union, under 100m",credit union
23678,11213961,0,0,0,1193133,2517215,0,0,GOYA FOODS EMPLOYEES,NJ,0,0,1193133,1193133,"credit union, under 100m",credit union
23700,34675005,1867258,5405766,0,4024261,4113807,10275667,3880271,O AND R UTILITIES EMPLOYEES,NY,14155938,7273024,4024261,25453223,"credit union, under 100m",credit union
23709,151169890,17418813,11634386,7539359,14771356,23382547,34733273,9580842,JM ASSOCIATES,FL,44314115,29053199,14771356,95678029,"credit union, 100m to 1bn",credit union
23717,38139442,2163330,1423128,305278,387632,6544344,3938082,3027577,TOWN OF CHEEKTOWAGA,NY,6965659,3586458,387632,11245027,"credit union, under 100m",credit union
23722,21274468,4396826,3915349,0,910081,5603903,0,0,RALEIGH CO. EDUCATORS,WV,0,8312175,910081,9222256,"credit union, under 100m",credit union
23725,1933703,99556,130487,0,49289,485619,0,0,B. BRAUN,PA,0,230043,49289,279332,"credit union, under 100m",credit union
23753,19395630,2241019,740136,169352,1001822,2231358,1393791,0,ALTOONA AREA EMPLOYEES,PA,1393791,2981155,1001822,5546120,"credit union, under 100m",credit union
23760,7131731,434629,0,0,1211972,445286,0,254241,HALIFAX COUNTY COMMUNITY,VA,254241,434629,1211972,1900842,"credit union, under 100m",credit union
23780,15179080,21426,55580,0,425232,4952532,1325118,2536436,NORTHEAST COMMUNITY,CA,3861554,77006,425232,4363792,"credit union, under 100m",credit union
23803,32067823,376317,91211,650680,13920,2921254,3240600,21055115,TAUPA LITHUANIAN,MA,24295715,467528,13920,25427843,"credit union, under 100m",credit union
23807,7465277,1448167,1586801,0,2266364,894875,0,0,I.L.A. LOCAL 1235,NJ,0,3034968,2266364,5301332,"credit union, under 100m",credit union
23811,17927407,894235,1986773,0,1523313,1802219,0,12223,MID-ISLAND,VI,12223,2881008,1523313,4416544,"credit union, under 100m",credit union
23848,47506326,3146428,1150886,0,803467,11110009,4660379,16831913,GENESEE CO-OP,NY,21492292,4297314,803467,26593073,"credit union, under 100m",credit union
23865,47187723,2132952,875790,402300,1281474,6662159,3231961,27579551,SYRACUSE COOPERATIVE,NY,30811512,3008742,1281474,35504028,"credit union, under 100m",credit union
23888,96748,0,0,0,1984,12540,0,0,BEREA,NY,0,0,1984,1984,"credit union, under 100m",credit union
23896,140145,0,0,0,6786,20799,0,0,EAST END BAPTIST TABERNACLE,CT,0,0,6786,6786,"credit union, under 100m",credit union
23900,14017717,2319135,3733746,0,578198,2936162,0,0,N. MISSISSIPPI HEALTH SERVICES EMP.,MS,0,6052881,578198,6631079,"credit union, under 100m",credit union
23908,1719445,445298,324048,0,276022,654351,0,0,FLINT RIVER EMPLOYEES,GA,0,769346,276022,1045368,"credit union, under 100m",credit union
23949,398222969,90265204,29567193,1174043,4214398,66263229,8978019,79185266,SIGNET,KY,88163285,119832397,4214398,213384123,"credit union, 100m to 1bn",credit union
23957,9496033096,513762324,414462573,227562078,313101494,1109208510,371236384,3538303406,AMERICAN AIRLINES,TX,3909539790,928224897,313101494,5378428259,"credit union, 1 to 10bn",credit union
23958,77650894,2795693,2414559,4712915,5065750,14433159,9459303,27326240,NEW YORK UNIVERSITY,NY,36785543,5210252,5065750,51774460,"credit union, under 100m",credit union
23964,109671871,19788585,15826339,1553413,1114686,11603180,7061369,7463365,FIRST CALIFORNIA,CA,14524734,35614924,1114686,52807757,"credit union, 100m to 1bn",credit union
23974,3923757,145396,63822,0,148844,1268830,87461,1475511,YOGAVILLE,VA,1562972,209218,148844,1921034,"credit union, under 100m",credit union
23979,13687014,438929,481920,0,919667,1946514,0,0,GEORGETOWN UNIVERSITY ALUMNI AND ST,DC,0,920849,919667,1840516,"credit union, under 100m",credit union
23986,47744318,11470008,5874426,0,1037068,9054783,0,4354463,UMATILLA COUNTY,OR,4354463,17344434,1037068,22735965,"credit union, under 100m",credit union
23990,3215971,97785,407246,0,187525,659328,0,0,ANDALUSIA MILLS EMPLOYEES CREDIT AS,AL,0,505031,187525,692556,"credit union, under 100m",credit union
24003,3070961269,218339801,80876825,109688418,249175376,180252363,295814960,1571250514,CIVIC,NC,1867065474,299216626,249175376,2525145894,"credit union, 1 to 10bn",credit union
24026,356106985,119771326,21918551,13602934,7713075,32831413,25810862,50118776,INDUSTRIAL,IN,75929638,141689877,7713075,238935524,"credit union, 100m to 1bn",credit union
24034,1388383249,119019198,24717605,45801157,5238733,152762207,170467123,494394421,NOTRE DAME,IN,664861544,143736803,5238733,859638237,"credit union, 1 to 10bn",credit union
24036,47326195,9391060,2407148,0,2360097,4198541,2181619,1710756,STEWART'S,NY,3892375,11798208,2360097,18050680,"credit union, under 100m",credit union
24039,2640605,522116,636556,0,396031,194723,0,0,N.I.C.E.,IL,0,1158672,396031,1554703,"credit union, under 100m",credit union
24043,1139512,154753,0,0,76299,252984,0,0,MESSIAH BAPTIST-JUBILEE,MA,0,154753,76299,231052,"credit union, under 100m",credit union
24047,318269973,42577040,4845787,10648637,9512159,40606740,28578911,63999340,FOREST AREA,MI,92578251,47422827,9512159,160161874,"credit union, 100m to 1bn",credit union
24063,5204640083,776022965,350383358,217166411,390884962,708686407,233218925,2121847067,FOUNDERS,SC,2355065992,1126406323,390884962,4089523688,"credit union, 1 to 10bn",credit union
24073,173997,0,0,0,112170,71959,0,0,PARAMOUNT BAPTIST CHURCH,DC,0,0,112170,112170,"credit union, under 100m",credit union
24077,3141431760,492084037,155407179,97530675,64926788,398325308,247620720,1240145192,ALTRA,WI,1487765912,647491216,64926788,2297714591,"credit union, 1 to 10bn",credit union
24078,122906349,16989468,15864259,0,445408,16067024,3856164,23724463,ADVANCE FINANCIAL,IN,27580627,32853727,445408,60879762,"credit union, 100m to 1bn",credit union
24090,11979820,3129460,2199408,165489,838780,1487041,0,0,NATRIUM EMPLOYEES,WV,0,5328868,838780,6333137,"credit union, under 100m",credit union
24108,49711149,20392517,6888411,371639,2597892,5750837,0,1702323,INDIANA HEARTLAND,IN,1702323,27280928,2597892,31952782,"credit union, under 100m",credit union
24110,152577410,8113280,3208753,1313534,1417291,11716806,10958296,30529723,SAN DIEGO FIREFIGHTERS,CA,41488019,11322033,1417291,55540877,"credit union, 100m to 1bn",credit union
24123,417502,0,0,0,0,77425,0,0,M.W.P.H. GRAND LODGE OF ILLINOIS,IL,0,0,0,0,"credit union, under 100m",credit union
24131,89043304,7095914,10279057,395972,411427,7675042,780531,16816342,UNION YES,CA,17596873,17374971,411427,35779243,"credit union, under 100m",credit union
24140,11994038,696280,130378,275531,278732,2258099,0,1360187,NORTH CAROLINA PRESS ASSOCIATION,NC,1360187,826658,278732,2741108,"credit union, under 100m",credit union
24150,137166996,14237060,3604446,722390,5915450,18629890,39842659,9216577,HEALTHCARE EMPLOYEES,NJ,49059236,17841506,5915450,73538582,"credit union, 100m to 1bn",credit union
24165,1794262815,386919430,89371762,32287943,14419198,195679406,444385055,317355643,UNIVERSITY OF KENTUCKY,KY,761740698,476291192,14419198,1284739031,"credit union, 1 to 10bn",credit union
24167,3124106,0,0,0,41254,416626,0,966313,NEW COMMUNITY,NJ,966313,0,41254,1007567,"credit union, under 100m",credit union
24171,93562330,24213511,7980084,0,1118357,10242081,3016886,15462851,INDEPENDENT,IN,18479737,32193595,1118357,51791689,"credit union, under 100m",credit union
24181,497516912,75369430,52214237,35735400,13640084,50101433,106603677,69079504,ADVANTAGE,NY,175683181,127583667,13640084,352642332,"credit union, 100m to 1bn",credit union
24187,175859366,24380437,9925875,2814461,9756784,13760609,21537196,25202221,ARIZE,PA,46739417,34306312,9756784,93616974,"credit union, 100m to 1bn",credit union
24189,11803800,2372828,1641435,307706,141444,1254853,0,131574,CENTRAL NEBRASKA,NE,131574,4014263,141444,4594987,"credit union, under 100m",credit union
24192,25791096,2717556,1153073,0,3326989,2265874,6058386,5981941,BEVERLY MUNICIPAL,MA,12040327,3870629,3326989,19237945,"credit union, under 100m",credit union
24197,189598298,37328626,11873361,1159982,1886270,19531609,1563030,18480140,MIL-WAY,AR,20043170,49201987,1886270,72291409,"credit union, 100m to 1bn",credit union
24199,148798030,16504245,3220299,1341131,6520120,12548323,10410478,64805059,COMMUNITY FIRST,MI,75215537,19724544,6520120,102801332,"credit union, 100m to 1bn",credit union
24200,1288256,0,0,0,175189,248309,0,0,LOGAN COUNTY SCHOOL EMPLOYEES,WV,0,0,175189,175189,"credit union, under 100m",credit union
24202,503385439,20433124,23884946,493420,2925185,101751283,18375707,80130685,TELCOE,AR,98506392,44318070,2925185,146243067,"credit union, 100m to 1bn",credit union
24204,55407184,7883415,12098346,737837,3211061,5739251,157258,6178632,EVERGLADES,FL,6335890,19981761,3211061,30266549,"credit union, under 100m",credit union
24212,37231194377,3432535203,2494138863,1467605294,2492390125,3538862481,3194245971,9673477463,SCHOOLSFIRST,CA,12867723434,5926674066,2492390125,22754392919,"credit union, over 10bn",credit union
24219,1074529,0,0,0,318759,450904,0,0,MT. AIRY BAPTIST CHURCH,DC,0,0,318759,318759,"credit union, under 100m",credit union
24220,31217484,5924389,1837492,8918,1879478,9192044,0,0,KEMBA DELTA,TN,0,7761881,1879478,9650277,"credit union, under 100m",credit union
24221,23411070,7942471,3724810,0,1669823,3514774,396416,16160,CHATTAHOOCHEE,AL,412576,11667281,1669823,13749680,"credit union, under 100m",credit union
24223,1404267280,406038185,131539298,49045472,45714088,149148166,153349543,336599360,USF FEDERAL CREDIT UNION,FL,489948903,537577483,45714088,1122285946,"credit union, 1 to 10bn",credit union
24224,3828044315,746279812,232056838,9843804,23765366,392228622,328176941,1243172755,ROCKLAND,MA,1571349696,978336650,23765366,2583295516,"credit union, 1 to 10bn",credit union
24226,10029913,1017122,751025,0,451537,1297322,277204,0,P.S.E. & G. NUCLEAR EMPLOYEES,NJ,277204,1768147,451537,2496888,"credit union, under 100m",credit union
24232,84825855,1436522,633625,1517170,1966155,18108563,381098,33017723,LOWER EAST SIDE PEOPLE'S,NY,33398821,2070147,1966155,38952293,"credit union, under 100m",credit union
24234,5527533,508594,425708,0,157229,492443,0,606429,OMEGA PSI PHI FRATERNITY,GA,606429,934302,157229,1697960,"credit union, under 100m",credit union
24235,1689444940,208798653,83137815,46883431,34686223,261555412,65529233,346416344,OPERATING ENGINEERS LOCAL UNION #3,CA,411945577,291936468,34686223,785451699,"credit union, 1 to 10bn",credit union
24236,30658641,5101962,2951072,338725,974502,4688347,0,1926350,HUNTINGTON C & O RAILWAY EMPLOYEES,WV,1926350,8053034,974502,11292611,"credit union, under 100m",credit union
24238,44712012,467472,365899,449222,308149,8990899,243982,24710107,CALIFORNIA ADVENTIST,CA,24954089,833371,308149,26544831,"credit union, under 100m",credit union
24239,263304434,6716396,1767782,0,2917063,32951876,15767424,105496390,SOMERSET,MA,121263814,8484178,2917063,132665055,"credit union, 100m to 1bn",credit union
24246,190661,0,0,0,1437,38392,0,0,MT. JEZREEL,MD,0,0,1437,1437,"credit union, under 100m",credit union
24250,582962652,56545595,61874385,2157741,11696014,48006704,53539781,201924501,I-C,MA,255464282,118419980,11696014,387738017,"credit union, 100m to 1bn",credit union
24254,705879902,36403438,16526278,0,3909080,142510824,47864151,262143945,FIRST CITIZENS',MA,310008096,52929716,3909080,366846892,"credit union, 100m to 1bn",credit union
24257,15166914,5173294,1817076,103370,508562,2254785,0,147373,RIVER TOWN,AR,147373,6990370,508562,7749675,"credit union, under 100m",credit union
24262,991158,59298,90545,0,302828,100386,0,0,PHI BETA SIGMA,DC,0,149843,302828,452671,"credit union, under 100m",credit union
24266,167060,0,0,0,24790,37320,0,0,M.A.B.C.,PA,0,0,24790,24790,"credit union, under 100m",credit union
24270,469923,0,0,0,286266,89071,0,0,FIRST FRONTIER,NY,0,0,286266,286266,"credit union, under 100m",credit union
24274,12959865,1784461,1173928,0,657384,1591867,2474558,338077,GREECE COMMUNITY,NY,2812635,2958389,657384,6428408,"credit union, under 100m",credit union
24279,747299421,46751178,4901159,1719702,31498326,68461877,110600617,157960120,GFA,MA,268560737,51652337,31498326,353431102,"credit union, 100m to 1bn",credit union
24281,8761994,3795545,1145410,672614,870142,738042,0,0,MOSAIC,VA,0,4940955,870142,6483711,"credit union, under 100m",credit union
24284,2337276,0,224331,0,78730,468510,0,0,PLUMBERS & FITTERS LOCAL 675,HI,0,224331,78730,303061,"credit union, under 100m",credit union
24286,327653212,30142405,20393835,4072925,6725055,63307310,55769,187474668,NEBRASKA ENERGY,NE,187530437,50536240,6725055,248864657,"credit union, 100m to 1bn",credit union
24290,4425587,10421,7384,0,39865,807579,0,0,UNIVERSITY OF PENNSYLVANIA STUDENTS,PA,0,17805,39865,57670,"credit union, under 100m",credit union
24292,1645408833,123701804,63468008,26933340,75231313,148191539,213883509,236293950,NORTHROP GRUMMAN,CA,450177459,187169812,75231313,739511924,"credit union, 1 to 10bn",credit union
24299,1038474570,158887107,29979810,21138451,33888102,102467658,137316835,273456608,MIRASTAR,CA,410773443,188866917,33888102,654666913,"credit union, 1 to 10bn",credit union
24304,269838808,33241666,52185060,2294829,16354944,48109748,2461141,50818481,BORDER,TX,53279622,85426726,16354944,157356121,"credit union, 100m to 1bn",credit union
24312,1135850757,226898036,30561273,47431720,34942307,110452611,84282255,356810828,NORTH COUNTRY,VT,441093083,257459309,34942307,780926419,"credit union, 1 to 10bn",credit union
24313,571826165,132750464,38332992,18804098,9148608,52405254,19645319,63055820,ARGENT,VA,82701139,171083456,9148608,281737301,"credit union, 100m to 1bn",credit union
24324,11240905,3188179,1319508,118409,1363889,1639286,0,0,MET TRAN,TX,0,4507687,1363889,5989985,"credit union, under 100m",credit union
24326,5364861081,67367086,90509386,0,80568930,664420416,178773217,3216435563,CHEVRON,CA,3395208780,157876472,80568930,3633654182,"credit union, 1 to 10bn",credit union
24327,351910262,88975465,15879562,1346770,1253056,42966966,14652817,119316207,SIOUXLAND,NE,133969024,104855027,1253056,241423877,"credit union, 100m to 1bn",credit union
24358,252138625,70835415,27392121,11256934,3775629,32596453,18978762,49704349,ST. PAUL,MN,68683111,98227536,3775629,181943210,"credit union, 100m to 1bn",credit union
24362,5045935907,815987704,226906801,269010650,157112885,443210519,653662896,1281127740,AFFINITY PLUS,MN,1934790636,1042894505,157112885,3403808676,"credit union, 1 to 10bn",credit union
24373,17521603,5399827,1153414,0,1308611,2781150,0,0,LOCAL UNION 392,OH,0,6553241,1308611,7861852,"credit union, under 100m",credit union
24381,72813196,3130225,1076457,166275,222836,7401828,1749309,13631940,DELTA COUNTY,CO,15381249,4206682,222836,19977042,"credit union, under 100m",credit union
24382,4342949569,649296277,401390772,44923107,75806432,319340237,19638649,292968281,CREDIT HUMAN,TX,312606930,1050687049,75806432,1484023518,"credit union, 1 to 10bn",credit union
24384,504811396,47548708,38641782,415849,48423669,46281453,4413670,134462551,NIZARI PROGRESSIVE,TX,138876221,86190490,48423669,273906229,"credit union, 100m to 1bn",credit union
24387,18592779,830680,845018,0,1183689,1414880,0,0,SYRACUSE POSTAL,NY,0,1675698,1183689,2859387,"credit union, under 100m",credit union
24390,52509465,11409504,4428282,2151230,1090736,4646328,6794039,9370864,TRUSERVICE COMMUNITY,AR,16164903,15837786,1090736,35244655,"credit union, under 100m",credit union
24396,30970211,1568934,1867836,0,706225,4384287,763838,495802,NEIGHBORHOOD COMMUNITY,NE,1259640,3436770,706225,5402635,"credit union, under 100m",credit union
24402,106520731,35599347,9615031,218656,5338471,11421412,3951432,28388966,ONENEBRASKA,NE,32340398,45214378,5338471,83111903,"credit union, 100m to 1bn",credit union
24404,174943921,25989561,8483239,2454928,5980656,26959501,14046683,18562798,CARO,SC,32609481,34472800,5980656,75517865,"credit union, 100m to 1bn",credit union
24405,1140173609,107521452,37225704,24428767,25304043,123256402,94205303,440336022,VERMONT,VT,534541325,144747156,25304043,729021291,"credit union, 1 to 10bn",credit union
24410,2087224947,211587723,133908035,69931977,102690300,287842699,81027943,367271083,SRP,SC,448299026,345495758,102690300,966417061,"credit union, 1 to 10bn",credit union
24414,249863693,59650734,12292857,2357750,2643114,27274083,18402041,26814975,BUILDING TRADES,MN,45217016,71943591,2643114,122161471,"credit union, 100m to 1bn",credit union
24421,727223762,88503433,53363006,10553955,25602451,96580560,12358794,186211899,LEGACY COMMUNITY,AL,198570693,141866439,25602451,376593538,"credit union, 100m to 1bn",credit union
24422,32205320,6307138,2098846,297260,870584,7227281,917877,2398238,UP,AR,3316115,8405984,870584,12889943,"credit union, under 100m",credit union
24428,16995537,6525889,1491213,0,665017,3004138,0,136523,WHITE COUNTY,AR,136523,8017102,665017,8818642,"credit union, under 100m",credit union
24429,8558199,2240937,1472311,0,387574,958917,0,0,VA HOSPITAL,AR,0,3713248,387574,4100822,"credit union, under 100m",credit union
24430,6876285,1205371,820399,0,264540,917060,0,0,FORT ROOTS,AR,0,2025770,264540,2290310,"credit union, under 100m",credit union
24431,4955386,996401,1099345,780049,138778,1183666,0,0,COOPERATIVE EXTENSION SERVICE,AR,0,2095746,138778,3014573,"credit union, under 100m",credit union
24432,8814736,2102088,1973343,167566,288103,1534007,0,0,NATURAL STATE,AR,0,4075431,288103,4531100,"credit union, under 100m",credit union
24433,2440822,620654,768565,0,321090,275784,0,0,ARKANSAS TEACHERS,AR,0,1389219,321090,1710309,"credit union, under 100m",credit union
24434,552762,51819,161941,0,35135,66311,0,0,NORTH LITTLE ROCK EDUCATORS,AR,0,213760,35135,248895,"credit union, under 100m",credit union
24435,2624776,1127883,364509,0,84936,253212,0,0,U.P. EMPLOYEES,AR,0,1492392,84936,1577328,"credit union, under 100m",credit union
24437,17954079,4618376,3270640,0,617668,3361116,0,0,LION,AR,0,7889016,617668,8506684,"credit union, under 100m",credit union
24438,2591151117,410424823,153625881,40121156,30373649,296399635,478900810,394550655,ALLEGACY FINANCIAL,NC,873451465,564050704,30373649,1507996974,"credit union, 1 to 10bn",credit union
24439,7416222,1774962,1209712,0,116697,2180137,0,0,ARKANSAS FARM BUREAU,AR,0,2984674,116697,3101371,"credit union, under 100m",credit union
24443,167213030,13024054,2133524,0,14744942,19425624,21024758,58228004,PIONEER VALLEY,MA,79252762,15157578,14744942,109155282,"credit union, 100m to 1bn",credit union
24445,124368861,4097538,5433395,2210682,2475512,17384472,12158500,72596439,BP,TX,84754939,9530933,2475512,98972066,"credit union, 100m to 1bn",credit union
24451,16571836,2987356,621890,566572,263237,1603768,1988985,1791422,SPOKANE MEDIA,WA,3780407,3609246,263237,8219462,"credit union, under 100m",credit union
24454,36352777,8664106,3279470,180921,381602,3345836,0,6294860,MID-TEX,TX,6294860,11943576,381602,18800959,"credit union, under 100m",credit union
24463,1265504,391992,483801,0,56959,98701,0,0,BRENTWOOD BAPTIST CHURCH,TX,0,875793,56959,932752,"credit union, under 100m",credit union
24464,259279322,15836040,4551867,0,6285853,27500317,6504677,156729988,KNOXVILLE TEACHERS,TN,163234665,20387907,6285853,189908425,"credit union, 100m to 1bn",credit union
24465,189361297,17589835,18414373,1798927,755075,20318897,16920853,36288603,GOVERNMENT EMPLOYEES,TX,53209456,36004208,755075,91767666,"credit union, 100m to 1bn",credit union
24470,583129416,89558909,59285329,17317255,25675557,53135162,11694576,108268403,EDUCATION FIRST,TX,119962979,148844238,25675557,311800029,"credit union, 100m to 1bn",credit union
24481,85763508,21299844,6890026,714482,1149145,10281556,0,7581904,IRVING CITY EMPLOYEES,TX,7581904,28189870,1149145,37635401,"credit union, under 100m",credit union
24482,184827814,29108450,17082932,1238810,3573656,14953555,15106122,39420705,SOUTH METRO,MN,54526827,46191382,3573656,105530675,"credit union, 100m to 1bn",credit union
24483,1963202,433468,243903,0,184600,208759,0,0,EAST END FOOD COOPERATIVE,PA,0,677371,184600,861971,"credit union, under 100m",credit union
24484,148516586,51436711,5622365,0,8579840,14011174,11742035,10737254,UPSTATE,SC,22479289,57059076,8579840,88118205,"credit union, 100m to 1bn",credit union
24486,9162764,1681067,1249680,0,307806,1764807,0,0,CUMBERLAND MUNICIPAL EMPLOYEES,RI,0,2930747,307806,3238553,"credit union, under 100m",credit union
24490,368450023,48113764,19196800,2944989,12258361,43750915,35274249,58440015,FIRST CAPITAL,PA,93714264,67310564,12258361,176228178,"credit union, 100m to 1bn",credit union
24491,64108352,17388609,7327475,0,8046303,13469649,2793402,1462160,PALMETTO FIRST,SC,4255562,24716084,8046303,37017949,"credit union, under 100m",credit union
24492,66499543,3525730,2610514,1494860,511704,7144627,6050252,12515454,DELTA SCHOOLS,CA,18565706,6136244,511704,26708514,"credit union, under 100m",credit union
24495,182784443,17122008,6407964,2101902,3858804,20093859,17888743,85344371,APPALACHIAN COMMUNITY,TN,103233114,23529972,3858804,132723792,"credit union, 100m to 1bn",credit union
24501,156822356,6382084,1757619,1172395,794361,19289219,30400121,39198810,WAVE,RI,69598931,8139703,794361,79705390,"credit union, 100m to 1bn",credit union
24506,6728585,967418,446460,0,374148,512221,0,0,EPISCOPAL COMMUNITY,CA,0,1413878,374148,1788026,"credit union, under 100m",credit union
24508,1535328817,207581548,247752885,40280292,55714268,196871531,121350820,95286702,DADE COUNTY,FL,216637522,455334433,55714268,767966515,"credit union, 1 to 10bn",credit union
24511,10085173,1772268,938033,0,949169,1221301,1157887,1211240,MORTON,MA,2369127,2710301,949169,6028597,"credit union, under 100m",credit union
24516,113703589,25145,471507,218234,3990,19667023,39171,23389021,CLEVELAND SELFRELIANCE,OH,23428192,496652,3990,24147068,"credit union, 100m to 1bn",credit union
24520,111644748,8427935,6909185,977816,2365820,15038230,13131159,22702819,SANTA ANA,CA,35833978,15337120,2365820,54514734,"credit union, 100m to 1bn",credit union
24523,75071265,13833898,4691132,0,1834283,8556751,5897739,4401618,BLACKSTONE RIVER,RI,10299357,18525030,1834283,30658670,"credit union, under 100m",credit union
24524,6119185977,1353672310,629531196,182899444,151883900,900905474,73007949,359070177,TINKER,OK,432078126,1983203506,151883900,2750064976,"credit union, 1 to 10bn",credit union
24526,50675513,13399893,9260745,1611150,2185584,5295733,1805825,875072,BRECO,LA,2680897,22660638,2185584,29138269,"credit union, under 100m",credit union
24530,15139212,1725326,564977,480169,370495,2080702,47219,1432616,PRESIDENTS,OH,1479835,2290303,370495,4620802,"credit union, under 100m",credit union
24532,4158144,346192,1793798,0,133453,518835,0,0,COVENANT SAVINGS,TX,0,2139990,133453,2273443,"credit union, under 100m",credit union
24534,2785512283,816435839,481938419,44578731,38862457,341205872,231805449,395123527,AMERICA'S FIRST,AL,626928976,1298374258,38862457,2008744422,"credit union, 1 to 10bn",credit union
24535,1051312,0,0,0,0,150925,0,0,FIRST BAPTIST CHURCH OF VIENNA (VA),VA,0,0,0,0,"credit union, under 100m",credit union
24539,4121116,722160,237399,0,166359,676248,0,0,TRANSIT OPERATIONS,MN,0,959559,166359,1125918,"credit union, under 100m",credit union
24540,124763000,29002519,20956226,3198651,2622367,9954992,19167362,9809214,MUTUAL FIRST,NE,28976576,49958745,2622367,84756339,"credit union, 100m to 1bn",credit union
24542,1627949494,19912857,14007771,17183603,23799330,216305916,30038239,457354786,SAN FRANCISCO,CA,487393025,33920628,23799330,562296586,"credit union, 1 to 10bn",credit union
24543,468158101,65479940,25818538,0,1765017,45537124,21320355,180160185,MILLBURY,MA,201480540,91298478,1765017,294544035,"credit union, 100m to 1bn",credit union
24545,38441098,5586477,2410273,1518934,1086591,3326623,2264211,4890219,THEORY,OH,7154430,7996750,1086591,17756705,"credit union, under 100m",credit union
24547,10016805,1421012,1656617,0,654049,1946984,0,0,EVERGREEN PARK SCHOOLS,IL,0,3077629,654049,3731678,"credit union, under 100m",credit union
24549,32374401,23510615,1822947,74858,134973,4469496,0,668130,HANIN,CA,668130,25333562,134973,26211523,"credit union, under 100m",credit union
24552,1506746489,224949235,189596616,59494187,45439900,147381943,80921018,122544004,NOBLE,CA,203465022,414545851,45439900,722944960,"credit union, 1 to 10bn",credit union
24553,1387365004,94878655,73648484,35305230,53006968,157069984,155840646,331568543,LOS ANGELES POLICE,CA,487409189,168527139,53006968,744248526,"credit union, 1 to 10bn",credit union
24557,1527838663,127516622,45656135,618135,32075683,300441493,86041459,568731742,WEBSTER FIRST,MA,654773201,173172757,32075683,860639776,"credit union, 1 to 10bn",credit union
24560,1789070299,217092057,77314250,21396985,19153360,229107014,195227198,744758154,GREYLOCK,MA,939985352,294406307,19153360,1274942004,"credit union, 1 to 10bn",credit union
24563,10803235183,1115595866,448106095,186488008,189310182,1771794428,532168326,1075320135,ESL,NY,1607488461,1563701961,189310182,3546988612,"credit union, over 10bn",credit union
24564,135496160,14244230,10029194,5497804,5073529,15467053,16177048,7497189,HEALTHCARE SYSTEMS,VA,23674237,24273424,5073529,58518994,"credit union, 100m to 1bn",credit union
24566,344483199,31494105,10660992,5318253,3370352,38585613,76108021,93637018,MASSMUTUAL,MA,169745039,42155097,3370352,220588741,"credit union, 100m to 1bn",credit union
24567,440509136,54417545,12295630,5081303,9404348,72314556,31895304,80471749,TEXAR,TX,112367053,66713175,9404348,193565879,"credit union, 100m to 1bn",credit union
24575,54654429,6237615,2459470,204297,920760,5680602,454354,850696,RESOURCE,TN,1305050,8697085,920760,11127192,"credit union, under 100m",credit union
24578,17984108,2248323,1381179,105199,543218,1768299,896142,8222206,TOLEDO URBAN,OH,9118348,3629502,543218,13396267,"credit union, under 100m",credit union
24579,44833067,5710463,12984765,0,1767398,4909051,3967008,1259197,WAKOTA,MN,5226205,18695228,1767398,25688831,"credit union, under 100m",credit union
24583,1101107,319797,14816,0,49733,78140,0,0,NRS COMMUNITY DEVELOPMENT,AL,0,334613,49733,384346,"credit union, under 100m",credit union
24589,20274345,120217,17538,65550,529297,5662906,22372,12593419,NEIGHBORHOOD TRUST,NY,12615791,137755,529297,13348393,"credit union, under 100m",credit union
24603,93429942,16286770,6827869,2006937,1007616,8576500,2828262,3549591,FAMILY ADVANTAGE,TN,6377853,23114639,1007616,32507045,"credit union, under 100m",credit union
24605,10692047,2159045,3312246,0,123036,1810664,0,0,MOUNT OLIVE BAPTIST CHURCH,TX,0,5471291,123036,5594327,"credit union, under 100m",credit union
24606,374835224,62981214,13577975,7699116,8502055,64216038,9606248,42847402,GREAT NORTHWEST,WA,52453650,76559189,8502055,145214010,"credit union, 100m to 1bn",credit union
24612,4251903,2056343,423656,0,115527,444278,0,0,FAIRMONT SCHOOL EMPLOYEES,MN,0,2479999,115527,2595526,"credit union, under 100m",credit union
24613,155398255,24133839,12086440,1415802,2879152,13163596,6009411,19911217,GREEN COUNTRY,OK,25920628,36220279,2879152,66435861,"credit union, 100m to 1bn",credit union
24614,268850,0,0,0,24804,50074,0,0,GIDEON,IL,0,0,24804,24804,"credit union, under 100m",credit union
24615,7196437,549857,690548,0,1074133,1850467,0,0,MEDFORD MUNICIPAL EMPLOYEES,MA,0,1240405,1074133,2314538,"credit union, under 100m",credit union
24623,5128208,1455937,968127,0,233135,576880,0,0,BROOKLAND,SC,0,2424064,233135,2657199,"credit union, under 100m",credit union
24626,376736285,35549511,9433322,1774616,6200887,58086461,21932527,123972385,TRUSTAR,MN,145904912,44982833,6200887,198863248,"credit union, 100m to 1bn",credit union
24629,141815162,11915172,6092445,0,3684992,16516875,42202731,40347629,TRUST,TN,82550360,18007617,3684992,104242969,"credit union, 100m to 1bn",credit union
24630,460272681,25943308,12941981,4342001,13456367,50510012,55034803,75419353,CU HAWAII,HI,130454156,38885289,13456367,187137813,"credit union, 100m to 1bn",credit union
24631,412551235,70037971,39136045,1124645,10004529,38708399,15050873,58231995,PLATINUM,GA,73282868,109174016,10004529,193586058,"credit union, 100m to 1bn",credit union
24637,283280026,64712074,60329531,1918926,1975393,38179515,8196944,534584,LORMET COMMUNITY,OH,8731528,125041605,1975393,137667452,"credit union, 100m to 1bn",credit union
24640,369804,0,0,0,17606,64439,0,0,MOUNT PLEASANT BAPTIST CHURCH,VA,0,0,17606,17606,"credit union, under 100m",credit union
24642,55864617,0,0,258933,3227753,5599414,1690027,22969650,BROOKLYN COOPERATIVE,NY,24659677,0,3227753,28146363,"credit union, under 100m",credit union
24648,2930656,535564,60105,0,322763,401606,0,0,LCO,WI,0,595669,322763,918432,"credit union, under 100m",credit union
24649,74846220,9380457,9475377,1071856,712135,9351166,0,6116807,FIRST PRIORITY,WV,6116807,18855834,712135,26756632,"credit union, under 100m",credit union
24657,27936936,664263,472410,0,856220,5626570,0,131858,NONE SUFFER LACK,MD,131858,1136673,856220,2124751,"credit union, under 100m",credit union
24661,126422847,44990864,18123235,9995455,7451509,15052069,0,9558145,EAGLE LOUISIANA,LA,9558145,63114099,7451509,90119208,"credit union, 100m to 1bn",credit union
24668,144864324,46025591,7488666,805762,4234360,19534639,4558072,37120523,CENTURYFIRST,MS,41678595,53514257,4234360,100232974,"credit union, 100m to 1bn",credit union
24670,103161914,4267923,1614451,0,20478360,12136444,0,6414885,I AM,NY,6414885,5882374,20478360,32775619,"credit union, 100m to 1bn",credit union
24673,174539867,17997685,4357989,1963211,1075545,12729020,15538378,93038115,FIRST,IA,108576493,22355674,1075545,133970923,"credit union, 100m to 1bn",credit union
24674,22978805,6784121,1653051,392941,1845216,3509926,1163059,1846654,TRADES & LABOR,MN,3009713,8437172,1845216,13685042,"credit union, under 100m",credit union
24676,44274096,10060445,2431756,0,184859,7095623,0,559252,CARPENTERS,MN,559252,12492201,184859,13236312,"credit union, under 100m",credit union
24682,5093991,2648918,871515,0,67429,815618,135015,19134,PIONEER COMMUNITY,NE,154149,3520433,67429,3742011,"credit union, under 100m",credit union
24683,2952982,1010786,455176,0,145612,250965,0,0,UNITED NEIGHBORHOOD,GA,0,1465962,145612,1611574,"credit union, under 100m",credit union
24688,2084252071,543789293,172677621,69825211,19221117,258897005,268862778,361353549,CYPRUS,UT,630216327,716466914,19221117,1435729569,"credit union, 1 to 10bn",credit union
24690,17947138,1040741,1895148,0,1019233,2086863,2436039,422311,FASNY,NY,2858350,2935889,1019233,6813472,"credit union, under 100m",credit union
24692,22854430381,5622604751,786629712,1126353867,814656697,2181927021,2394609476,3965274148,MOUNTAIN AMERICA,UT,6359883624,6409234463,814656697,14710128651,"credit union, over 10bn",credit union
24693,4332589730,680336811,185848920,114006509,19548952,571862915,705991985,632104349,GOLDENWEST,UT,1338096334,866185731,19548952,2337837526,"credit union, 1 to 10bn",credit union
24694,25985751122,6172144880,1451525452,1016215533,291790603,2886033749,3198647730,1455655724,AMERICA FIRST,UT,4654303454,7623670332,291790603,13585979922,"credit union, over 10bn",credit union
24695,3663452,1161982,329347,0,393950,367318,0,946042,NEBRASKA RURAL COMMUNITY,NE,946042,1491329,393950,2831321,"credit union, under 100m",credit union
24698,424505641,52003348,14343404,12374586,3006602,39078729,18604026,66023651,JORDAN,UT,84627677,66346752,3006602,166355617,"credit union, 100m to 1bn",credit union
24703,485064849,71280032,29689591,5841391,7719176,62941536,50115160,35679713,TRAX,FL,85794873,100969623,7719176,200325063,"credit union, 100m to 1bn",credit union
24704,5692446,857364,155128,0,105204,1055238,0,89893,SOUTH SIDE COMMUNITY,IL,89893,1012492,105204,1207589,"credit union, under 100m",credit union
24705,115538645,13977469,2971206,4154890,2486758,8784216,40905273,19939319,SOUND,CT,60844592,16948675,2486758,84434915,"credit union, 100m to 1bn",credit union
24708,1274027806,174153999,32039129,33043747,9944184,107101483,179208272,345775593,DESERET FIRST,UT,524983865,206193128,9944184,774164924,"credit union, 1 to 10bn",credit union
24709,219180385,40764157,8986404,2165114,788368,30918232,7855938,28010197,EASTERN UTAH COMMUNITY,UT,35866135,49750561,788368,88570178,"credit union, 100m to 1bn",credit union
24710,2146764475,413889396,209188754,53772785,10117251,210284372,205687614,244427654,CANYON VIEW,UT,450115268,623078150,10117251,1137083454,"credit union, 1 to 10bn",credit union
24712,60431646,11412023,4892712,842040,2297746,7099116,3421580,4890342,POST OFFICE EMPLOYEES,LA,8311922,16304735,2297746,27756443,"credit union, under 100m",credit union
24713,269068574,5192206,2249534,740730,510495,41724280,2980156,23540920,PEOPLE'S COMMUNITY,WA,26521076,7441740,510495,35214041,"credit union, 100m to 1bn",credit union
24715,87231077,8751351,4939753,1078230,2759810,13819734,6214210,24563914,RADIUS,NY,30778124,13691104,2759810,48307268,"credit union, under 100m",credit union
24718,307040020,33518365,18114779,3396127,9525174,30618230,50606692,66773163,JETSTREAM,FL,117379855,51633144,9525174,181934300,"credit union, 100m to 1bn",credit union
24720,19752504,3838730,1897738,1082584,304803,2011934,3264880,3930099,DN COMMUNITY,OH,7194979,5736468,304803,14318834,"credit union, under 100m",credit union
24724,53183264,5823003,3031264,296428,267929,6844615,8959318,11906,SPIRIT OF AMERICA,NE,8971224,8854267,267929,18389848,"credit union, under 100m",credit union
24725,108234604,12885969,8995233,4598296,1456872,10458895,15518735,6710738,OHIO HEALTHCARE,OH,22229473,21881202,1456872,50165843,"credit union, 100m to 1bn",credit union
24726,918364710,154122348,13695896,7512209,3467344,92258939,42616684,192785156,GRANITE,UT,235401840,167818244,3467344,414199637,"credit union, 100m to 1bn",credit union
24730,30334475,1117251,486057,0,230373,3523992,2615726,13995530,COMMUNITY & TEACHERS,RI,16611256,1603308,230373,18444937,"credit union, under 100m",credit union
24731,223894452,43161823,7003083,6142086,3340756,33143392,41411310,64948249,WESTERN DIVISION,NY,106359559,50164906,3340756,166007307,"credit union, 100m to 1bn",credit union
24733,129351,0,0,0,20684,108735,0,0,SERVICE STATION DEALERS,PA,0,0,20684,20684,"credit union, under 100m",credit union
24742,869836437,153356867,19374796,27919770,35182452,105065794,62164465,186474150,HERITAGE FAMILY,VT,248638615,172731663,35182452,484472500,"credit union, 100m to 1bn",credit union
24743,4939887,1046339,612192,60507,704557,413784,0,0,CHARLESTON POSTAL,WV,0,1658531,704557,2423595,"credit union, under 100m",credit union
24746,185226575,32489957,2692663,4408846,2441667,21382111,29286739,15169559,HORIZON UTAH,UT,44456298,35182620,2441667,86489431,"credit union, 100m to 1bn",credit union
24748,1500036203,67870072,45561033,14906804,9782876,223470372,85105323,455954672,MAYO EMPLOYEES,MN,541059995,113431105,9782876,679180780,"credit union, 1 to 10bn",credit union
24751,28084778,13143359,1425501,315750,703551,5152317,919537,4173475,COMMUNITY PLUS,IL,5093012,14568860,703551,20681173,"credit union, under 100m",credit union
24753,165464564,13011119,6142503,461613,913716,5902809,18562267,55568507,FOUR POINTS,NE,74130774,19153622,913716,94659725,"credit union, 100m to 1bn",credit union
24759,6295666,756330,480727,0,167342,968185,0,1411879,MEADOW GROVE,NE,1411879,1237057,167342,2816278,"credit union, under 100m",credit union
24763,27685674,5014449,495352,0,187131,4128703,1081308,3719908,NEW HEIGHTS,UT,4801216,5509801,187131,10498148,"credit union, under 100m",credit union
24767,459504,0,0,0,40314,33017,0,0,UNIFIED HOMEOWNERS OF ILLINOIS,IL,0,0,40314,40314,"credit union, under 100m",credit union
24769,684877,257374,120438,0,30066,40583,0,0,EMPOWERMENT COMMUNITY DEVELOPMENT,TX,0,377812,30066,407878,"credit union, under 100m",credit union
24770,35901895,3953370,436852,355373,787678,4810723,1462509,12907045,COMMUNITY LINK,IN,14369554,4390222,787678,19902827,"credit union, under 100m",credit union
24771,43957953,10940629,3484241,1098487,1634641,5805395,6126533,5366279,FAMILY FOCUS,NE,11492812,14424870,1634641,28650810,"credit union, under 100m",credit union
24773,16493300,3200512,1220317,229239,344720,3142287,641164,1877382,VAREX,UT,2518546,4420829,344720,7513334,"credit union, under 100m",credit union
24774,400622976,187679284,54998087,5271937,9002090,37760405,28804404,28168931,ALLTRU,MO,56973335,242677371,9002090,313924733,"credit union, 100m to 1bn",credit union
24776,10987957,4846287,488323,0,1035047,2877847,0,0,COMUNIDAD LATINA,CA,0,5334610,1035047,6369657,"credit union, under 100m",credit union
24780,658384192,61006680,21065676,5052904,1937487,69595792,39312590,137420208,WASATCH PEAKS,UT,176732798,82072356,1937487,265795545,"credit union, 100m to 1bn",credit union
24781,1829369,199279,34351,0,143287,178812,0,0,URBAN BEGINNINGS CHOICE,IN,0,233630,143287,376917,"credit union, under 100m",credit union
24783,60858316,14224132,8772015,2201449,2357805,6726780,1401935,11368809,FIRST PIONEERS,LA,12770744,22996147,2357805,40326145,"credit union, under 100m",credit union
24784,4369156,339212,79854,0,1803665,1378317,0,0,NEW COVENANT DOMINION,NY,0,419066,1803665,2222731,"credit union, under 100m",credit union
24793,37818131,8219405,2191343,1561039,3835541,7443620,152803,1508537,SETTLERS,MI,1661340,10410748,3835541,17468668,"credit union, under 100m",credit union
24796,126227314,11629062,11816586,2399532,7596569,17319827,9167887,18788991,GARDEN ISLAND,HI,27956878,23445648,7596569,61398627,"credit union, 100m to 1bn",credit union
24801,46267031,7972542,7997228,1128384,2247958,6580518,366216,8385843,CAROLINA COOPERATIVE,NC,8752059,15969770,2247958,28098171,"credit union, under 100m",credit union
24802,2409490172,60845061,18249690,10043114,53398848,606626748,43281801,1284017035,SELF-HELP,NC,1327298836,79094751,53398848,1469835549,"credit union, 1 to 10bn",credit union
24804,7761081,4390090,1591930,0,207552,560674,0,0,OAK CLIFF CHRISTIAN,TX,0,5982020,207552,6189572,"credit union, under 100m",credit union
24807,92046911,9861147,3530914,729672,1817738,11997559,6577876,11784607,WELCOME,NC,18362483,13392061,1817738,34301954,"credit union, under 100m",credit union
24808,1665102119,174874921,91571317,75270913,39351850,159954547,206184233,441973474,SKYLA,NC,648157707,266446238,39351850,1029226708,"credit union, 1 to 10bn",credit union
24810,11192246,1390403,968706,0,881654,3097133,0,0,1ST BERGEN,NJ,0,2359109,881654,3240763,"credit union, under 100m",credit union
24811,36099133,8868725,706532,204054,297847,4950326,8310539,8754040,SHUFORD,NC,17064579,9575257,297847,27141737,"credit union, under 100m",credit union
24812,966834773,144373534,35928150,6218943,8906875,92372805,74441035,191400746,WESTREET,OK,265841781,180301684,8906875,461269283,"credit union, 100m to 1bn",credit union
24813,64678242,20347576,5119237,2411905,4370988,2089873,9646112,9423811,LION'S SHARE,NC,19069923,25466813,4370988,51319629,"credit union, under 100m",credit union
24816,28359747,3074692,1616955,0,759459,3410138,1523139,3288709,PRECISION,NH,4811848,4691647,759459,10262954,"credit union, under 100m",credit union
24818,363071519,9009855,24789087,279108,42156256,42730338,0,90952700,PIONEER MUTUAL,TX,90952700,33798942,42156256,167187006,"credit union, 100m to 1bn",credit union
24819,68186560,14715735,11180487,2104689,2273175,8640902,9632812,0,ELECTEL COOPERATIVE,NC,9632812,25896222,2273175,39906898,"credit union, under 100m",credit union
24823,2216909,0,0,1287,111439,216958,0,0,URBAN UPBOUND,NY,0,0,111439,112726,"credit union, under 100m",credit union
24824,1470234325,62982521,271983627,91437918,73393717,228858850,150150920,202320604,S. C. STATE,SC,352471524,334966148,73393717,852269307,"credit union, 1 to 10bn",credit union
24826,247854968,40847398,13261473,7427543,4434654,26188488,17298075,46839636,PYRAMID,AZ,64137711,54108871,4434654,130108779,"credit union, 100m to 1bn",credit union
24829,881350725,23210700,8559671,1672169,6697239,142640715,3191520,284041792,HOPE,MS,287233312,31770371,6697239,327373091,"credit union, 100m to 1bn",credit union
24831,1300982270,187513788,37232401,2152225,28414951,239655793,68656843,290630234,ORION,TN,359287077,224746189,28414951,614600442,"credit union, 1 to 10bn",credit union
24839,307624900,4015903,3020900,3360478,12965644,30936625,64574625,77563712,HAWAII CENTRAL,HI,142138337,7036803,12965644,165501262,"credit union, 100m to 1bn",credit union
24840,82955261,11236691,1876549,3183631,3687971,6524506,14853506,11115510,REVITY,NC,25969016,13113240,3687971,45953858,"credit union, under 100m",credit union
24841,15512373,1244254,641827,227609,232666,938098,3452,1838437,CAPE,WV,1841889,1886081,232666,4188245,"credit union, under 100m",credit union
24843,10334155,4735885,1261319,0,300677,864804,0,112860,ARBUCKLE,OK,112860,5997204,300677,6410741,"credit union, under 100m",credit union
24845,8265755,197628,20534,0,289216,3884766,0,952194,STEPPING STONES COMMUNITY,DE,952194,218162,289216,1459572,"credit union, under 100m",credit union
24847,19685521,1636150,1372931,75269,1206082,4345451,15701,2794420,LAKOTA,SD,2810121,3009081,1206082,7100553,"credit union, under 100m",credit union
24850,8328088,101573,53717,0,34530,1826449,466713,2083317,CRAYOLA LLC EMPLOYEES CREDIT UNION,PA,2550030,155290,34530,2739850,"credit union, under 100m",credit union
24851,63998518,20034666,1936795,1344308,2094446,8046325,2667458,7719795,NEIGHBORS UNITED,SC,10387253,21971461,2094446,35797468,"credit union, under 100m",credit union
24853,843179,0,0,0,90693,195084,0,0,NEW LIFE,PA,0,0,90693,90693,"credit union, under 100m",credit union
24854,2632606521,631970355,25575275,108630752,33924250,274842096,453351605,425764683,"CREDIT UNION OF COLORADO, A",CO,879116288,657545630,33924250,1679216920,"credit union, 1 to 10bn",credit union
24857,1091774,25888,742120,0,143361,249657,0,0,BRADFORD AREA SCHOOL EMPLOYEES,PA,0,768008,143361,911369,"credit union, under 100m",credit union
24858,702662463,139816444,58227782,9835599,9116115,69329898,64177144,92029946,MAINSTREET,KS,156207090,198044226,9116115,373203030,"credit union, 100m to 1bn",credit union
24859,11654174,6399791,109079,0,558357,1632103,0,0,FIRST UNITY,MS,0,6508870,558357,7067227,"credit union, under 100m",credit union
24860,319741156,54083778,56438352,7463358,48489612,49908303,39160350,37772877,RIVERLAND,LA,76933227,110522130,48489612,243408327,"credit union, 100m to 1bn",credit union
24861,38615677,8352133,1544674,717143,623222,3482086,1332429,5170330,LUTHERAN,MO,6502759,9896807,623222,17739931,"credit union, under 100m",credit union
24862,36021045,1421013,418711,36373,24821853,8634921,0,0,THE FINEST,NY,0,1839724,24821853,26697950,"credit union, under 100m",credit union
24863,9530137,1740326,2029017,0,1070645,1284185,0,0,SENECA NATION OF INDIANS,NY,0,3769343,1070645,4839988,"credit union, under 100m",credit union
24866,30077125,1232362,994968,762784,1656408,3285434,810326,5266897,ELCA,IL,6077223,2227330,1656408,10723745,"credit union, under 100m",credit union
24867,5432957,933718,385930,0,324727,1495806,0,0,REDEEMER,TX,0,1319648,324727,1644375,"credit union, under 100m",credit union
24868,25465414,5234844,2471781,0,1914882,2972832,4027894,5081800,WORCESTER POLICE DEPARTMENT,MA,9109694,7706625,1914882,18731201,"credit union, under 100m",credit union
24873,23219326,3889293,1291799,494405,963351,2770712,1113346,4273407,ENCOMPASS NIAGARA,NY,5386753,5181092,963351,12025601,"credit union, under 100m",credit union
24875,748274748,61215830,32900209,96464811,4495742,52448022,103208063,97790016,THE FIRST FINANCIAL,CA,200998079,94116039,4495742,396074671,"credit union, 100m to 1bn",credit union
24876,11472271,1770107,2211136,0,391194,2961479,0,0,VICKSWOOD,MS,0,3981243,391194,4372437,"credit union, under 100m",credit union
24877,2479205488,290021776,109998313,81619580,35689285,232832110,312902304,927708163,FIREFIGHTERS FIRST,CA,1240610467,400020089,35689285,1757939421,"credit union, 1 to 10bn",credit union
24878,42825545,9152940,7211444,0,161520,6142622,1414227,5742024,NORTHERN LIGHTS,VT,7156251,16364384,161520,23682155,"credit union, under 100m",credit union
24880,1970220,710046,108774,0,496687,520055,0,0,PEARL MUNICIPAL,MS,0,818820,496687,1315507,"credit union, under 100m",credit union
24881,16481992,3351344,2030216,0,796203,2565003,0,0,CM MEMBERS,MS,0,5381560,796203,6177763,"credit union, under 100m",credit union
24883,28868607,9514711,1370339,153669,1020339,4291902,0,0,ECM,MS,0,10885050,1020339,12059058,"credit union, under 100m",credit union
24885,14038315,3369446,3637305,0,1357191,2556136,0,0,SOUTHERN COASTAL,MS,0,7006751,1357191,8363942,"credit union, under 100m",credit union
24887,2706170768,300321391,98540231,54596622,22029553,363907624,165901882,215805443,TTCU,OK,381707325,398861622,22029553,857195122,"credit union, 1 to 10bn",credit union
24888,341319414,78317730,26631624,0,6359207,45160569,10425832,73688349,WEST VIRGINIA CENTRAL,WV,84114181,104949354,6359207,195422742,"credit union, 100m to 1bn",credit union
24889,130208770,3857785,2415732,0,2135847,12769392,0,0,CLEAN ENERGY,CO,0,6273517,2135847,8409364,"credit union, 100m to 1bn",credit union
24892,11959310,3573252,1941418,0,477779,3926079,0,577763,VICKSBURG RAILROAD,MS,577763,5514670,477779,6570212,"credit union, under 100m",credit union
24893,8863466,1344547,734328,0,370994,2587380,0,0,DELTA,MS,0,2078875,370994,2449869,"credit union, under 100m",credit union
24894,4437525,437917,151463,0,77844,1022234,0,0,MERIDIAN POSTAL,MS,0,589380,77844,667224,"credit union, under 100m",credit union
24895,2057193,218465,228687,0,100910,522379,0,0,MISSISSIPPI COLLEGE EMPLOYEES,MS,0,447152,100910,548062,"credit union, under 100m",credit union
24896,1306990,211579,82813,0,240105,660841,0,0,NATCHEZ EDUCATORS,MS,0,294392,240105,534497,"credit union, under 100m",credit union
24899,1499012306,241912543,73457273,0,31171601,201565319,88012521,334206606,WEOKIE,OK,422219127,315369816,31171601,768760544,"credit union, 1 to 10bn",credit union
24901,56720334,7296915,5811367,363156,757748,7026981,3837485,0,FRATERNAL ORDER OF POLICE,OK,3837485,13108282,757748,18066671,"credit union, under 100m",credit union
24902,176263446,47117240,981287,2335608,1221130,15866462,19120423,63794640,HERCULES FIRST,UT,82915063,48098527,1221130,134570328,"credit union, 100m to 1bn",credit union
24903,519888,78318,0,0,123311,104875,0,0,CAMDEN FIREMEN'S,NJ,0,78318,123311,201629,"credit union, under 100m",credit union
24904,113422104,13130190,7983424,0,2874050,10288569,6918421,29300222,RIVERVIEW,OH,36218643,21113614,2874050,60206307,"credit union, 100m to 1bn",credit union
24905,5268656,2066811,48291,0,327755,486810,0,0,COMMUNITY PARTNERS,MS,0,2115102,327755,2442857,"credit union, under 100m",credit union
24906,7620054,270360,139742,0,3922937,659220,172910,0,EVEREST,NY,172910,410102,3922937,4505949,"credit union, under 100m",credit union
24908,25539185,3399398,627414,0,2353560,5553803,2057994,6489566,GULF TRUST,MS,8547560,4026812,2353560,14927932,"credit union, under 100m",credit union
24909,243598605,74401489,24376305,108925,2537221,32627172,16005039,47490037,OHIO VALLEY COMMUNITY,OH,63495076,98777794,2537221,164919016,"credit union, 100m to 1bn",credit union
24910,3460770,1374405,266435,0,231279,317359,0,0,OTOE-MISSOURIA,OK,0,1640840,231279,1872119,"credit union, under 100m",credit union
24911,11714243,466156,602253,0,85622,2449882,987597,2616524,NORTHAMPTON AREA SCHOOL DIST. EMPS,PA,3604121,1068409,85622,4758152,"credit union, under 100m",credit union
24916,607535358,64013204,55412753,23105986,27195105,58102955,82100155,124661184,I.L.W.U.,CA,206761339,119425957,27195105,376488387,"credit union, 100m to 1bn",credit union
24917,1330801329,287152614,102672979,0,136141174,121765834,158236872,170987004,COBALT,NE,329223876,389825593,136141174,855190643,"credit union, 1 to 10bn",credit union
24918,116692946,34820816,2420839,1927408,1223682,9853359,27662516,523941,DESERT RIVERS,UT,28186457,37241655,1223682,68579202,"credit union, 100m to 1bn",credit union
24919,4077633,923568,406203,0,137738,388911,0,1420504,GROWING OAKS,OK,1420504,1329771,137738,2888013,"credit union, under 100m",credit union
24920,163444710,12955471,3170870,1747329,1207313,25323425,5806283,1626134,BEST REWARD,OH,7432417,16126341,1207313,26513400,"credit union, 100m to 1bn",credit union
24921,6700576159,1505811784,510151125,149446540,450833621,796929767,464846867,1605684902,SERVICE,NH,2070531769,2015962909,450833621,4686774839,"credit union, 1 to 10bn",credit union
24923,2489511521,160271693,26956216,0,40052117,250313449,121204416,1195560113,WORKERS,MA,1316764529,187227909,40052117,1544044555,"credit union, 1 to 10bn",credit union
24924,29646570,2486174,777507,0,1807305,4839968,3051144,14149613,MASSACHUSETTS FAMILY,MA,17200757,3263681,1807305,22271743,"credit union, under 100m",credit union
24925,3017112,951054,658277,0,791401,426686,0,0,MAUN,NJ,0,1609331,791401,2400732,"credit union, under 100m",credit union
24927,512808443,82270650,20996545,10891015,46036085,52668029,66715497,121300565,"CREDIT UNION OF NEW JERSEY, A",NJ,188016062,103267195,46036085,348210357,"credit union, 100m to 1bn",credit union
24928,50856734,901225,83879,0,1161375,6324354,4241309,1352674,FINANTA,PA,5593983,985104,1161375,7740462,"credit union, under 100m",credit union
24929,247164959,24609972,12792173,3229419,5591786,30645167,30376386,81649030,MC,PA,112025416,37402145,5591786,158248766,"credit union, 100m to 1bn",credit union
24931,1429845675,203062223,24804317,13529552,85230228,255373324,117336565,419385866,PARK,KY,536722431,227866540,85230228,863348751,"credit union, 1 to 10bn",credit union
24934,778387126,102634172,47345384,21861072,58175636,49465240,51011770,186008396,TRUE SKY,OK,237020166,149979556,58175636,467036430,"credit union, 100m to 1bn",credit union
24935,3146273,515215,226895,0,166842,98779,0,323745,UNITY OF EATONVILLE,FL,323745,742110,166842,1232697,"credit union, under 100m",credit union
24936,372470170,73258312,25781602,0,2727672,36012673,36929179,101111874,ALLEGIANCE,OK,138041053,99039914,2727672,239808639,"credit union, 100m to 1bn",credit union
24937,2403756,1112560,107748,0,266607,-280341,0,0,WEDEVELOPMENT,MO,0,1220308,266607,1486915,"credit union, under 100m",credit union
24941,4735159889,1242111312,792777519,305474601,207290739,625978180,122144234,566369307,GECU,TX,688513541,2034888831,207290739,3236167712,"credit union, 1 to 10bn",credit union
24942,1366780,0,0,0,145356,220211,0,0,NEW YORK EPISCOPAL,NY,0,0,145356,145356,"credit union, under 100m",credit union
24943,2198157,0,0,0,312875,217264,0,0,THE MORNING STAR,MT,0,0,312875,312875,"credit union, under 100m",credit union
24944,13974552,3191136,1226674,473903,89261,2591567,294222,0,CCE,ND,294222,4417810,89261,5275196,"credit union, under 100m",credit union
24945,693417958,240260523,62049018,20412352,5285425,74673386,54581162,105070231,ENVISTA,KS,159651393,302309541,5285425,487658711,"credit union, 100m to 1bn",credit union
24946,6315718,0,0,0,0,937082,0,0,FOR MEMBERS ONLY,IL,0,0,0,0,"credit union, under 100m",credit union
24947,7035188,537702,0,124256,1682015,3126560,0,0,GENERATIONS UNITED,NY,0,537702,1682015,2343973,"credit union, under 100m",credit union
24948,528524660,107786759,36429306,13354664,36078734,71012320,12173232,57539726,MUTUAL,MS,69712958,144216065,36078734,263362421,"credit union, 100m to 1bn",credit union
24950,868655,203498,0,0,11120,65808,0,0,YOUNG COMMUNITY,KY,0,203498,11120,214618,"credit union, under 100m",credit union
24951,52939606,15288829,11994889,2675759,5190789,7073304,1686354,252470,INSTEP,LA,1938824,27283718,5190789,37089090,"credit union, under 100m",credit union
24952,143553289,21082645,8043944,1066866,6492189,30448110,3862738,2612312,MEMBERS EXCHANGE,MS,6475050,29126589,6492189,43160694,"credit union, 100m to 1bn",credit union
24953,954487254,279651768,105911196,17220513,15415882,120552182,33402276,122780368,OKLAHOMA'S,OK,156182644,385562964,15415882,574382003,"credit union, 100m to 1bn",credit union
24954,406698190,98253567,28180788,10632444,25606909,73120271,7429628,72797410,NAVIGATOR,MS,80227038,126434355,25606909,242900746,"credit union, 100m to 1bn",credit union
24955,1469220835,328612707,156376794,11233335,19520839,155644549,90344346,246569565,MULTIPLI,MO,336913911,484989501,19520839,852657586,"credit union, 1 to 10bn",credit union
24956,4801729,471370,511892,0,476809,780899,51993,0,REVERE FIREFIGHTERS,MA,51993,983262,476809,1512064,"credit union, under 100m",credit union
24957,1766208987,369322213,106580461,94150128,35337081,141246768,94014495,302903496,COASTHILLS,CA,396917991,475902674,35337081,1002307874,"credit union, 1 to 10bn",credit union
24958,7238025,1020083,0,0,1191397,1121012,0,0,NEW JERSEY STATE PBA,NJ,0,1020083,1191397,2211480,"credit union, under 100m",credit union
24959,1236294893,7585513,1476856,50325217,31052246,108922914,99512331,555441004,HARVARD,MA,654953335,9062369,31052246,745393167,"credit union, 1 to 10bn",credit union
24960,2737465,178917,0,0,334636,775999,0,0,TRIBE,MN,0,178917,334636,513553,"credit union, under 100m",credit union
24961,22,0,0,0,0,22,0,0,FAIR BREAK,AR,0,0,0,0,"credit union, under 100m",credit union
24962,7373457463,1164147562,691015790,370106388,363269996,792989587,470420679,1162575925,VIRGINIA,VA,1632996604,1855163352,363269996,4221536340,"credit union, 1 to 10bn",credit union
24963,844792334,133268321,88389549,16863231,8082012,255372983,81641334,144351151,FIRST SOUTH FINANCIAL,TN,225992485,221657870,8082012,472595598,"credit union, 100m to 1bn",credit union
24964,2220684877,569217856,170519867,54025134,95048622,225416882,234389430,598179627,LIGHTHOUSE,NH,832569057,739737723,95048622,1721380536,"credit union, 1 to 10bn",credit union
24965,141291282,37305257,12937155,2907944,4647627,11736436,3011386,7187634,TENDTO,PA,10199020,50242412,4647627,67997003,"credit union, 100m to 1bn",credit union
24967,316767455,94915498,42386821,5574162,3954938,29902691,9681525,51835176,HARVESTERS,FL,61516701,137302319,3954938,208348120,"credit union, 100m to 1bn",credit union
24969,2645892363,441343928,263996534,57086832,54675705,295645043,70132331,555630000,ALTURA,CA,625762331,705340462,54675705,1442865330,"credit union, 1 to 10bn",credit union
24970,2917913092,342735631,136129882,100286348,356155618,328646922,262150585,678055797,COMMONWEALTH,KY,940206382,478865513,356155618,1875513861,"credit union, 1 to 10bn",credit union
24971,86337705,7526040,3665671,2629522,6471009,12051764,5781049,1004631,PWC EMPLOYEES,VA,6785680,11191711,6471009,27077922,"credit union, under 100m",credit union
24972,149232,3839,0,0,84133,-23605,0,0,HERITAGE HUB,TX,0,3839,84133,87972,"credit union, under 100m",credit union
24973,2925641838,601402269,261580882,103775254,91425889,332246806,146287530,150150813,ARROWHEAD,CA,296438343,862983151,91425889,1354622637,"credit union, 1 to 10bn",credit union
24974,456912683,101509765,32233976,11289689,12427974,47939523,30351885,111845250,INFUZE,MO,142197135,133743741,12427974,299658539,"credit union, 100m to 1bn",credit union
24975,547479,0,0,0,34754,-12458,0,0,AFRICAN DIASPORA,MO,0,0,34754,34754,"credit union, under 100m",credit union
24976,29200204,3836791,2102246,269022,1295791,5298649,0,0,MISSISSIPPI PUBLIC EMPLOYEES,MS,0,5939037,1295791,7503850,"credit union, under 100m",credit union
24977,68290225,4781511,1301564,0,1171192,7222572,13499548,17849760,CORNERSTONE,CT,31349308,6083075,1171192,38603575,"credit union, under 100m",credit union
24978,53648232,14158512,7206307,757268,2189656,9625202,9258297,2983766,MOONLIGHT,PA,12242063,21364819,2189656,36553806,"credit union, under 100m",credit union
24979,2780782512,499477044,127177598,128421431,127082870,313079760,344725301,680004664,BAYPORT,VA,1024729965,626654642,127082870,1906888908,"credit union, 1 to 10bn",credit union
24980,5426161864,349349391,112272119,44210041,68754950,510615256,348633646,2056345278,CALIFORNIA,CA,2404978924,461621510,68754950,2979565425,"credit union, 1 to 10bn",credit union
24981,3079796470,624540419,169084506,36902671,90255328,328450466,356366861,759288587,ORANGE COUNTY'S,CA,1115655448,793624925,90255328,2036438372,"credit union, 1 to 10bn",credit union
24982,2501250,0,0,0,0,2501250,0,0,HAVEN,CA,0,0,0,0,"credit union, under 100m",credit union
24983,4006096229,274812549,125445151,77427094,70218525,452761617,309075720,793719093,"CREDIT UNION OF SOUTHERN CA, A",CA,1102794813,400257700,70218525,1650698132,"credit union, 1 to 10bn",credit union
24984,8052059769,789445314,388888370,125334293,226299760,849947213,824245661,1486203572,HUDSON VALLEY,NY,2310449233,1178333684,226299760,3840416970,"credit union, 1 to 10bn",credit union
24985,807961572,127250073,56562542,0,42498273,82931312,101776957,279107175,HERITAGE FINANCIAL,NY,380884132,183812615,42498273,607195020,"credit union, 100m to 1bn",credit union
24986,1107626913,253789949,71440782,20706714,32207989,108650999,84290093,179666419,VALLEY FIRST,CA,263956512,325230731,32207989,642101946,"credit union, 1 to 10bn",credit union
24987,364172665,57379656,33075218,7415193,11806536,55686903,24385610,142335443,HUDSON RIVER COMMUNITY,NY,166721053,90454874,11806536,276397656,"credit union, 100m to 1bn",credit union
24988,362855201,89103798,14524393,5719835,4458497,37488682,52305828,58352160,ALPINE,UT,110657988,103628191,4458497,224464511,"credit union, 100m to 1bn",credit union
24989,698197125,49944167,14300458,6023718,25224895,71177728,63222929,306175035,NORTHERN,NY,369397964,64244625,25224895,464891202,"credit union, 100m to 1bn",credit union
24990,31492410,2800392,1716682,636588,962949,4312299,0,1434308,ERIE COUNTY EMPLOYEES,NY,1434308,4517074,962949,7550919,"credit union, under 100m",credit union
60002,477083365,115336420,10264232,0,51524688,70764717,16460,1693639,MEMBERS,NC,1710099,125600652,51524688,178835439,"credit union, 100m to 1bn",credit union
60013,58725738,6331095,1696609,0,1080323,11047430,10921557,6907372,METCO,IA,17828929,8027704,1080323,26936956,"credit union, under 100m",credit union
60024,205885251,18654815,13480841,3885582,8799255,28717825,12681311,37338533,PRIORITY ONE,CA,50019844,32135656,8799255,94840337,"credit union, 100m to 1bn",credit union
60037,71946627,17023863,2999851,564077,308540,7959599,1671519,6986287,MIDWEST REGIONAL,KS,8657806,20023714,308540,29554137,"credit union, under 100m",credit union
60039,6732814,1962295,237438,0,336646,1772144,0,0,PEOPLES CHOICE,KS,0,2199733,336646,2536379,"credit union, under 100m",credit union
60041,203927617,16040064,9478090,1869171,2669416,16698853,3862377,51878442,VICINITY,IL,55740819,25518154,2669416,85797560,"credit union, 100m to 1bn",credit union
60042,5088771078,528057333,289082890,264397578,186049145,503259585,424043558,1225677499,WASHINGTON STATE EMPLOYEES,WA,1649721057,817140223,186049145,2917308003,"credit union, 1 to 10bn",credit union
60048,84032565,1846663,987679,664413,585870,12692811,4106489,11921060,STATE POLICE CREDIT UNION INC.,CT,16027549,2834342,585870,20112174,"credit union, under 100m",credit union
60051,123696756,38526707,12345975,2837720,9721010,11865328,4514727,15287589,TARRANT COUNTY'S CREDIT UNION,TX,19802316,50872682,9721010,83233728,"credit union, 100m to 1bn",credit union
60056,660498748,25517556,19325616,727670,794742,70722227,14179599,302399007,CONSUMER,TN,316578606,44843172,794742,362944190,"credit union, 100m to 1bn",credit union
60057,1203482017,151135361,35452471,30144450,34890102,131836910,25429263,308766013,WILDFIRE,MI,334195276,186587832,34890102,585817660,"credit union, 1 to 10bn",credit union
60059,676613295,119781451,28506147,18723418,15581489,57355694,180416145,118104024,O BEE,WA,298520169,148287598,15581489,481112674,"credit union, 100m to 1bn",credit union
60060,5779012743,1110381851,309219094,83716463,43728863,526553732,339412530,1132798714,EVERWISE,IN,1472211244,1419600945,43728863,3019257515,"credit union, 1 to 10bn",credit union
60062,1850493708,672308909,124291629,70208763,36115139,234837538,95580184,485966334,CREDIT UNION OF AMERICA,KS,581546518,796600538,36115139,1484470958,"credit union, 1 to 10bn",credit union
60082,33041124,5493236,1575152,0,494205,3555131,440113,8724758,PATRIOT EQUITY,TN,9164871,7068388,494205,16727464,"credit union, under 100m",credit union
60087,3247344321,879981123,557840748,107840984,52090726,322727960,247483432,412986176,ACHIEVA CREDIT UNION,FL,660469608,1437821871,52090726,2258223189,"credit union, 1 to 10bn",credit union
60095,134130939,38852186,7877100,1591974,3110103,20674615,2891711,41963390,UNITED COMMUNITY,IL,44855101,46729286,3110103,96286464,"credit union, 100m to 1bn",credit union
60103,1526917027,94112413,21933664,18453769,3853135,188346920,35129907,158512045,FIRST COMMUNITY,ND,193641952,116046077,3853135,331994933,"credit union, 1 to 10bn",credit union
60105,661998528,94010437,8825606,31481402,32590251,108043558,25558433,60676123,OMNI COMMUNITY,MI,86234556,102836043,32590251,253142252,"credit union, 100m to 1bn",credit union
60110,61301672,5646981,507691,278095,339950,6724575,942363,24876034,SAN JUAN MOUNTAINS,CO,25818397,6154672,339950,32591114,"credit union, under 100m",credit union
60113,54785505,613425,3797835,978169,540999,8164999,17314534,498770,LANCASTER RED ROSE,PA,17813304,4411260,540999,23743732,"credit union, under 100m",credit union
60125,366430510,23439598,1795111,14503841,686772,34598511,9372761,146379147,MY,MN,155751908,25234709,686772,196177230,"credit union, 100m to 1bn",credit union
60137,2624925709,347189406,72912398,41500744,29074986,264443801,72715194,532790955,DOW,MI,605506149,420101804,29074986,1096183683,"credit union, 1 to 10bn",credit union
60149,38268568,2780325,1272198,0,624457,6781478,1194386,15290669,MCDOWELL CORNERSTONE,NC,16485055,4052523,624457,21162035,"credit union, under 100m",credit union
60151,74480138,24715015,8067926,932980,1912837,13205791,1892008,3865280,COCHISE,AZ,5757288,32782941,1912837,41386046,"credit union, under 100m",credit union
60153,5178242951,377509315,104387341,207922134,633010917,585867082,268339742,1725148837,MUNICIPAL,NY,1993488579,481896656,633010917,3316318286,"credit union, 1 to 10bn",credit union
60160,367909023,46708358,18446159,0,7870768,31470436,21451985,137751822,PIEDMONT ADVANTAGE CREDIT UNION,NC,159203807,65154517,7870768,232229092,"credit union, 100m to 1bn",credit union
60164,108912821,8601710,7158505,483703,501568,20777005,3011513,6199654,HIBBING COOPERATIVE,MN,9211167,15760215,501568,25956653,"credit union, 100m to 1bn",credit union
60165,33819513,10775753,2902381,685733,804463,3110663,4228181,1363901,ALHAMBRA,AZ,5592082,13678134,804463,20760412,"credit union, under 100m",credit union
60167,24395928,6709111,4074680,0,842674,3561845,267113,1583870,HIGHWAY CROSSROADS,MO,1850983,10783791,842674,13477448,"credit union, under 100m",credit union
60175,21447570,2317551,1854925,0,6129912,3243410,840488,0,CHICAGO FIREMANS ASSOC,IL,840488,4172476,6129912,11142876,"credit union, under 100m",credit union
60184,10227906,2040413,1224983,258921,278377,490887,0,458138,ANCO COMMUNITY,IL,458138,3265396,278377,4260832,"credit union, under 100m",credit union
60186,66027885,9913964,4680513,1378157,2505106,9142152,2119659,17797726,MOLINE MUNICIPAL,IL,19917385,14594477,2505106,38395125,"credit union, under 100m",credit union
60189,176597107,37511096,17750775,0,2521522,17598513,2247169,32730719,CORNERSTONE,IL,34977888,55261871,2521522,92761281,"credit union, 100m to 1bn",credit union
60190,4586970,1594883,1000496,0,392874,1294860,0,0,PEORIA FIRE FIGHTERS,IL,0,2595379,392874,2988253,"credit union, under 100m",credit union
60198,10555015,4269642,2499002,0,489603,1325748,0,0,KANKAKEE FEDERATION OF TEACHERS,IL,0,6768644,489603,7258247,"credit union, under 100m",credit union
60201,21138495,10223438,699005,0,1480037,1366238,111032,2919863,HARVARD COMMUNITY,IL,3030895,10922443,1480037,15433375,"credit union, under 100m",credit union
60205,348604188,69020907,39569684,15069,12812636,34779633,2629727,32791280,GULF,TX,35421007,108590591,12812636,156839303,"credit union, 100m to 1bn",credit union
60207,158490503,14912710,2056052,1817301,558978,21604593,14635479,63422850,HARBOR POINTE,MN,78058329,16968762,558978,97403370,"credit union, 100m to 1bn",credit union
60212,11337891,3140684,3124665,0,350571,1448838,0,0,MATERNITY B.V.M.,IL,0,6265349,350571,6615920,"credit union, under 100m",credit union
60215,65380605,4283375,1991436,566414,2501833,4553707,12270193,16122471,SUPERIOR CREDIT UNION,PA,28392664,6274811,2501833,37735722,"credit union, under 100m",credit union
60216,1163556627,129774934,32898396,5081,17116365,125645162,67171744,319879036,MEMBERS COOPERATIVE,MN,387050780,162673330,17116365,566845556,"credit union, 1 to 10bn",credit union
60238,1432043991,48963186,22448965,7987,58857953,129855255,93020229,639798452,GREAT LAKES,IL,732818681,71412151,58857953,863096772,"credit union, 1 to 10bn",credit union
60239,502510399,61075104,22346751,14665308,25999969,72739711,14990054,120444979,MEMPHIS CITY EMPLOYEES,TN,135435033,83421855,25999969,259522165,"credit union, 100m to 1bn",credit union
60242,57499563,5221304,1346829,358783,434980,7721704,1775950,25626988,SHARE ADVANTAGE,MN,27402938,6568133,434980,34764834,"credit union, under 100m",credit union
60247,18014383,3134298,1805725,638853,1795715,2095272,3559899,0,COMMUNITY HEALTHCARE,CT,3559899,4940023,1795715,10934490,"credit union, under 100m",credit union
60255,1172542776,88688894,24605405,19530699,21284024,141638061,82072329,337609120,CITY & COUNTY,MN,419681449,113294299,21284024,573790471,"credit union, 1 to 10bn",credit union
60263,66383313,19642293,2838871,156797,244151,9418309,5187188,0,UNITED EMPLOYEES,MN,5187188,22481164,244151,28069300,"credit union, under 100m",credit union
60269,10946944457,739823738,376172833,291276220,110928782,988006734,1141330930,3928071793,GREENSTATE,IA,5069402723,1115996571,110928782,6587604296,"credit union, over 10bn",credit union
60275,1499776160,157038029,65496231,46878053,45360315,200448462,106430804,340193334,FREEDOM,PA,446624138,222534260,45360315,761396766,"credit union, 1 to 10bn",credit union
60279,591324297,193393070,65375364,17449056,19491218,68342797,10860605,48911599,SIU,IL,59772204,258768434,19491218,355480912,"credit union, 100m to 1bn",credit union
60293,5265686,2147810,1184594,0,453547,789147,0,0,DECATUR POLICEMEN,IL,0,3332404,453547,3785951,"credit union, under 100m",credit union
60295,55076878,11230938,4623268,1102384,856998,9962343,1906257,7658234,EMPOWER BLUE,KS,9564491,15854206,856998,27378079,"credit union, under 100m",credit union
60299,8333230,1302397,1272906,0,100705,900777,0,0,PONTIAC DWIGHT PRISON EMPLOYS,IL,0,2575303,100705,2676008,"credit union, under 100m",credit union
60302,13445039,5629457,630520,0,747509,2681100,0,0,BLAW-KNOX,IL,0,6259977,747509,7007486,"credit union, under 100m",credit union
60304,26492632,6285662,4826801,489615,312121,2323104,591068,307023,ELITE COMMUNITY,IL,898091,11112463,312121,12812290,"credit union, under 100m",credit union
60307,25191535,3195083,2143768,337690,676990,2925315,0,1245701,GRAND PRAIRIE,TX,1245701,5338851,676990,7599232,"credit union, under 100m",credit union
60325,61671111,8514000,9653475,1145214,928599,8640602,2665239,6927314,FIELDSTONE,IL,9592553,18167475,928599,29833841,"credit union, under 100m",credit union
60327,73730620,13225330,4202705,1154357,505573,7826915,2930463,21305096,GALE,IL,24235559,17428035,505573,43323524,"credit union, under 100m",credit union
60335,90796896,14460497,2890802,731971,1999794,11400911,156195,37454142,TAYLORVILLE COMMUNITY,IL,37610337,17351299,1999794,57693401,"credit union, under 100m",credit union
60337,2296283708,670514409,266278470,55672345,13460766,208636868,29936271,623794857,I. H. MISSISSIPPI VALLEY,IL,653731128,936792879,13460766,1659657118,"credit union, 1 to 10bn",credit union
60345,180716881,46345208,10768374,838304,3028708,29617673,816320,11020918,JOHNSONVILLE TVA EMPLOYEES,TN,11837238,57113582,3028708,72817832,"credit union, 100m to 1bn",credit union
60363,258228439,16130364,11963401,5657887,1778273,23268092,5652790,25389640,CENTRAL STATE,CA,31042430,28093765,1778273,66572355,"credit union, 100m to 1bn",credit union
60369,67733579,3384527,1629092,0,1887416,9105131,7536865,15603521,SPIRIT FINANCIAL,PA,23140386,5013619,1887416,30041421,"credit union, under 100m",credit union
60377,161939549,8631178,2976494,1774726,1386858,23744744,9691659,42066401,MINNESOTA POWER EMPLOYEES,MN,51758060,11607672,1386858,66527316,"credit union, 100m to 1bn",credit union
60378,51163405,7347958,7898040,1235394,3050112,9610392,1743867,2308367,LUBRIZOL EMPLOYEES',TX,4052234,15245998,3050112,23583738,"credit union, under 100m",credit union
60383,140227189,28963380,25294227,4134605,2927952,11460092,6614596,17589747,CENTRAL MISSOURI COMMUNITY,MO,24204343,54257607,2927952,85524507,"credit union, 100m to 1bn",credit union
60388,31413227,2637107,1357853,108948,216550,3307187,533692,18412987,DEER RIVER COOPERATIVE,MN,18946679,3994960,216550,23267137,"credit union, under 100m",credit union
60389,22549227,191053,1347942,507712,429035,2888067,392529,3559648,AMERICAN PRIDE,PA,3952177,1538995,429035,6427919,"credit union, under 100m",credit union
60390,23782033,6642317,3154881,34569,1299810,3871952,0,727229,TEE-PAK,IL,727229,9797198,1299810,11858806,"credit union, under 100m",credit union
60392,13177090,287785,162383,0,333702,2187719,1250482,3527860,READING BERKS SCHOOL EMPLOYEES,PA,4778342,450168,333702,5562212,"credit union, under 100m",credit union
60396,6175637,1360480,1004439,0,22160,1326006,0,0,SKEL-TEX,TX,0,2364919,22160,2387079,"credit union, under 100m",credit union
60400,445048132,42057041,32352443,0,9575327,66878141,6867901,29966371,ST. LOUIS COMMUNITY,MO,36834272,74409484,9575327,120819083,"credit union, 100m to 1bn",credit union
60406,350049471,50571167,20546759,11149409,8743836,33701093,35093706,61002235,FREESTAR FINANCIAL,MI,96095941,71117926,8743836,187107112,"credit union, 100m to 1bn",credit union
60408,119275348,17744483,31155885,1224013,857920,24021783,0,24977624,UNITED LOCAL,CA,24977624,48900368,857920,75959925,"credit union, 100m to 1bn",credit union
60409,6521139,785764,1021969,0,295718,1453107,0,0,COBURN,TX,0,1807733,295718,2103451,"credit union, under 100m",credit union
60423,69587948,7618030,4430897,614253,3767420,8239980,0,6669090,TAHQUAMENON AREA,MI,6669090,12048927,3767420,23099690,"credit union, under 100m",credit union
60428,345385596,42563449,7978211,25849449,18736245,60464334,30141991,50464167,EXTRA,MI,80606158,50541660,18736245,175733512,"credit union, 100m to 1bn",credit union
60429,22437588,3384389,1736888,490920,451393,3675008,646536,2896574,GENERATIONS,IL,3543110,5121277,451393,9606700,"credit union, under 100m",credit union
60435,181993352,36581682,15605293,2965567,2573937,31931186,17811405,34763966,CENTURY,MO,52575371,52186975,2573937,110301850,"credit union, 100m to 1bn",credit union
60436,127789220,9105757,1772764,0,206846,13749387,7924906,39639976,BRAINERD B. N.,MN,47564882,10878521,206846,58650249,"credit union, 100m to 1bn",credit union
60438,2190904027,331439937,123257266,76845667,9953366,247558487,363006876,426266674,IQ,WA,789273550,454697203,9953366,1330769786,"credit union, 1 to 10bn",credit union
60457,565376189,43837704,9933442,14435771,9330632,59658227,60281050,167986814,DUTCH POINT,CT,228267864,53771146,9330632,305805413,"credit union, 100m to 1bn",credit union
60466,175849500,42870892,12195034,5524107,2728724,23401582,25391557,32714133,ASSOCIATED HEALTHCARE,MN,58105690,55065926,2728724,121424447,"credit union, 100m to 1bn",credit union
60467,308109143,51865883,78999065,3320191,12047290,31874843,0,46538516,ZIA,NM,46538516,130864948,12047290,192770945,"credit union, 100m to 1bn",credit union
60475,32768951,526229,4783344,0,1071448,11718857,0,9050930,TANGIPAHOA PARISH TEACHERS,LA,9050930,5309573,1071448,15431951,"credit union, under 100m",credit union
60483,39235083,15909263,5734348,388673,1513464,7142359,0,0,NASHVILLE FIREMEN'S,TN,0,21643611,1513464,23545748,"credit union, under 100m",credit union
60484,2547823933,612951115,285939208,50412561,26521682,331857756,148640813,633117712,ASSOCIATED CREDIT UNION,GA,781758525,898890323,26521682,1757583091,"credit union, 1 to 10bn",credit union
60491,7141618,3865283,699049,107963,199890,1478147,0,0,HIGHWAY DISTRICT 19 EMPLOYEES,TX,0,4564332,199890,4872185,"credit union, under 100m",credit union
60494,64963732,15526782,1267273,223114,267239,7673660,809674,11879301,MILLARD COUNTY,UT,12688975,16794055,267239,29973383,"credit union, under 100m",credit union
60497,2811130849,694820457,693284104,103929206,92398957,356911804,110497236,214543727,FLORIDA,FL,325040963,1388104561,92398957,1909473687,"credit union, 1 to 10bn",credit union
60500,142916044,26559997,6326245,0,3345587,11302991,2154986,7926648,NORTH ALABAMA EDUCATORS,AL,10081634,32886242,3345587,46313463,"credit union, 100m to 1bn",credit union
60501,242812460,17249123,13217509,1373127,3951048,21988394,14803497,80287570,MUTUAL SAVINGS,AL,95091067,30466632,3951048,130881874,"credit union, 100m to 1bn",credit union
60509,950226511,66349560,31200483,10899150,6882686,137597426,59725336,196781153,TLC COMMUNITY,MI,256506489,97550043,6882686,371838368,"credit union, 100m to 1bn",credit union
60520,5365284872,183242697,811515799,228804627,183416181,782491579,206124440,640797769,EDUCATIONAL EMPLOYEES,CA,846922209,994758496,183416181,2253901513,"credit union, 1 to 10bn",credit union
60522,1489820551,89727234,12234653,54967080,58224566,235367860,124219512,403784528,MICHIGAN FIRST,MI,528004040,101961887,58224566,743157573,"credit union, 1 to 10bn",credit union
60531,78568196,17261777,11853542,913688,3617769,9926641,2608,11385860,SELECT EMPLOYEES,IL,11388468,29115319,3617769,45035244,"credit union, under 100m",credit union
60532,119148672,23855023,12743947,997163,1598571,11825510,103282,4746412,LANDMARK,IL,4849694,36598970,1598571,44044398,"credit union, 100m to 1bn",credit union
60533,260901822,44490893,33206386,1385676,4638473,34618846,750091,34230477,SOUTHWEST HERITAGE,TX,34980568,77697279,4638473,118701996,"credit union, 100m to 1bn",credit union
60543,336390144,15379189,9827546,7811239,750085,39670559,21478026,82488479,COMMUNITY TRUST,IL,103966505,25206735,750085,137734564,"credit union, 100m to 1bn",credit union
60545,12727332,2668723,839911,644178,695498,905586,13025,0,FINANCIAL PARTNERS,IL,13025,3508634,695498,4861335,"credit union, under 100m",credit union
60582,5874903,1492370,562447,0,213920,2574637,0,0,RIG EMPLOYEES,GA,0,2054817,213920,2268737,"credit union, under 100m",credit union
60583,765468458,146448598,88122669,75719252,17827147,76010545,48094555,179860871,UNIVERSITY OF ILLINOIS COMMUNITY,IL,227955426,234571267,17827147,556073092,"credit union, 100m to 1bn",credit union
60605,1088158869,231839440,17519228,8565650,10885882,216834652,18801543,50851437,FAMILY SECURITY,AL,69652980,249358668,10885882,338463180,"credit union, 1 to 10bn",credit union
60608,587932047,190847254,24797733,38215543,48116706,65058928,22396365,81685281,OPENLAND,TX,104081646,215644987,48116706,406058882,"credit union, 100m to 1bn",credit union
60619,43331977,3980383,1981434,158874,896017,5040383,2415332,5317090,EPB EMPLOYEES,TN,7732422,5961817,896017,14749130,"credit union, under 100m",credit union
60627,1170626,387441,242529,0,62473,650151,0,0,CLIFFORD-JACOBS EMPLOYEES,IL,0,629970,62473,692443,"credit union, under 100m",credit union
60645,90296524,4983078,15947295,376546,2832801,13467019,679563,4761608,NEW SOUTH CREDIT UNION,TN,5441171,20930373,2832801,29580891,"credit union, under 100m",credit union
60646,89188769,7972447,2618220,0,707131,17000278,10006005,14654499,COAST LINE,ME,24660504,10590667,707131,35958302,"credit union, under 100m",credit union
60648,118850724,5497092,4582799,807016,4047553,15490924,9611111,26165255,A.A.E.C.,IL,35776366,10079891,4047553,50710826,"credit union, 100m to 1bn",credit union
60660,9475086,3437257,1020036,0,680675,1666998,0,0,ALLVAC SAVINGS AND,NC,0,4457293,680675,5137968,"credit union, under 100m",credit union
60666,591951234,25104968,10458170,4816248,4825284,95274635,9686879,26504577,SOVITA,MI,36191456,35563138,4825284,81396126,"credit union, 100m to 1bn",credit union
60680,682648,113430,22851,0,16597,157620,0,0,ST. GREGORY PARISH,IL,0,136281,16597,152878,"credit union, under 100m",credit union
60683,467586489,75838946,27100038,0,24961915,54305989,50884248,28003880,PUBLIC SERVICE,MI,78888128,102938984,24961915,206789027,"credit union, 100m to 1bn",credit union
60686,265784143,32122657,22723653,5882653,11776544,30339938,10518224,33137417,SPC,SC,43655641,54846310,11776544,116161148,"credit union, 100m to 1bn",credit union
60688,1402199,40120,0,0,91944,157546,0,0,COLLEGE AND UNIVERSITY,IL,0,40120,91944,132064,"credit union, under 100m",credit union
60689,115955365,8981411,3413920,565930,2452753,10683254,7220283,45246953,NORTH STAR,MN,52467236,12395331,2452753,67881250,"credit union, 100m to 1bn",credit union
60696,45388681,11194007,11610865,0,3434131,9403215,0,0,FIRE FIGHTERS,OK,0,22804872,3434131,26239003,"credit union, under 100m",credit union
60705,5018855847,529856819,532757116,207239062,323546049,510662232,192231389,2036585945,TEXAS DOW EMPLOYEES,TX,2228817334,1062613935,323546049,3822216380,"credit union, 1 to 10bn",credit union
60707,22957182,6910860,4990651,0,796261,5673211,782973,1104695,ROME KRAFT EMPLOYEES,GA,1887668,11901511,796261,14585440,"credit union, under 100m",credit union
60712,213962689,30362423,7279362,4067403,1178576,20633398,8503747,59584496,ALABAMA CENTRAL,AL,68088243,37641785,1178576,110976007,"credit union, 100m to 1bn",credit union
60715,5626817,2768399,749720,0,208401,482847,12964,138532,SOUTH CAROLINA METHODIST CONF,SC,151496,3518119,208401,3878016,"credit union, under 100m",credit union
60716,114379471,13214399,2721923,1747923,2527639,15050095,15934687,4573930,ONE CREDIT UNION OF NY,NY,20508617,15936322,2527639,40720501,"credit union, 100m to 1bn",credit union
60718,30257029,3330052,1617659,0,445117,5155740,828727,4460120,IOWA HEARTLAND,IA,5288847,4947711,445117,10681675,"credit union, under 100m",credit union
60721,551948872,77051210,41179369,10016414,8192603,67340927,6614962,274065229,CHAMPION,NC,280680191,118230579,8192603,417119787,"credit union, 100m to 1bn",credit union
60726,17875724,6019160,2106814,403521,481533,2059742,0,111890,THE WEST TENNESSEE,TN,111890,8125974,481533,9122918,"credit union, under 100m",credit union
60728,253331879,38973897,10478200,3585385,5453086,35451774,14956349,49893740,THE FAMILY,IA,64850089,49452097,5453086,123340657,"credit union, 100m to 1bn",credit union
60731,41101183,17135367,2746329,455753,1005584,3750627,1561355,1522202,CAMPUS,KS,3083557,19881696,1005584,24426590,"credit union, under 100m",credit union
60735,181789830,35792994,19984717,1843812,8252421,23072855,0,28964486,MID CAROLINA,SC,28964486,55777711,8252421,94838430,"credit union, 100m to 1bn",credit union
60745,95917642,34497419,11763701,1870856,1668388,14394984,2090242,1252022,SANTEE COOPER CREDIT UNION,SC,3342264,46261120,1668388,53142628,"credit union, under 100m",credit union
60747,674743160,90297498,21632360,9679583,10223255,63431841,113236538,174999466,BELLWETHER COMMUNITY,NH,288236004,111929858,10223255,420068700,"credit union, 100m to 1bn",credit union
60750,7508599,1405354,582745,0,113571,1333286,0,0,DULUTH FIRE DEPARTMENT,MN,0,1988099,113571,2101670,"credit union, under 100m",credit union
60755,54798686,4274550,1679763,0,2749870,10826640,2210113,345544,L. A. ELECTRICAL WORKERS CREDIT UN.,CA,2555657,5954313,2749870,11259840,"credit union, under 100m",credit union
60768,937558585,61910482,8822758,14164418,10790410,90873083,52567398,359701829,HOOSIER HILLS,IN,412269227,70733240,10790410,507957295,"credit union, 100m to 1bn",credit union
60780,79837517,7869843,2250100,0,2455601,14794290,9091039,27165829,CRANSTON MUNICIPAL EMPLOYEES,RI,36256868,10119943,2455601,48832412,"credit union, under 100m",credit union
60782,7875421,2048515,1864658,0,803309,2594169,0,0,PORT OF HOUSTON,TX,0,3913173,803309,4716482,"credit union, under 100m",credit union
60787,211643939,27366426,3715614,712514,910518,25642497,5120130,53276580,RAILWAY,ND,58396710,31082040,910518,91101782,"credit union, 100m to 1bn",credit union
60790,771146347,36466464,7224412,9450747,2110438,100692769,35377725,53713304,TOWN AND COUNTRY,ND,89091029,43690876,2110438,144343090,"credit union, 100m to 1bn",credit union
60791,191939684,52670056,7766903,3766368,7254190,35844486,7673445,13625135,GEORGETOWN KRAFT,SC,21298580,60436959,7254190,92756097,"credit union, 100m to 1bn",credit union
60793,10704191628,1508110373,874870832,525418364,332017200,1328869356,736003450,3531503965,REDWOOD,CA,4267507415,2382981205,332017200,7507924184,"credit union, over 10bn",credit union
60798,208188679,52974623,10248029,3236559,3338945,22218788,11325726,42229074,ACCENTRA,MN,53554800,63222652,3338945,123352956,"credit union, 100m to 1bn",credit union
60799,304071383,48525371,31939729,3156537,3245101,31217034,16082010,79248210,NEW HORIZONS,AL,95330220,80465100,3245101,182196958,"credit union, 100m to 1bn",credit union
60801,1093206594,26434552,11104360,63194,8910940,105954419,36302987,356327285,BLUPEAK,CA,392630272,37538912,8910940,439143318,"credit union, 1 to 10bn",credit union
60806,2576702782,787723363,362794071,25061534,81939137,285217606,115495174,432748600,TEXANS,TX,548243774,1150517434,81939137,1805761879,"credit union, 1 to 10bn",credit union
60816,1446311830,165754881,146230089,33514498,20827654,162732565,172588506,374657464,COMMUNITY CREDIT UNION OF FLORIDA,FL,547245970,311984970,20827654,913573092,"credit union, 1 to 10bn",credit union
60823,2075691570,178164137,52801525,15735905,67574215,205838446,40082287,233372440,ALABAMA,AL,273454727,230965662,67574215,587730509,"credit union, 1 to 10bn",credit union
60825,18314793,7872937,2088477,0,2666864,1536972,0,0,COMBINED EMPLOYEES,GA,0,9961414,2666864,12628278,"credit union, under 100m",credit union
60852,122681950,16688641,12510361,4610540,6803509,17520164,8943439,19681858,CENTRAL CREDIT UNION OF ILLINOIS,IL,28625297,29199002,6803509,69238348,"credit union, 100m to 1bn",credit union
60855,20728870,5651848,1567284,1019776,1196787,3625095,0,0,KONE EMPLOYEES,IL,0,7219132,1196787,9435695,"credit union, under 100m",credit union
60863,14112235,3635757,1868727,0,697775,2747152,0,0,PEORIA POSTAL EMPLOYEES,IL,0,5504484,697775,6202259,"credit union, under 100m",credit union
60873,6408708,1643556,929898,179144,246827,1360062,0,0,PEORIA CITY EMPLOYEES,IL,0,2573454,246827,2999425,"credit union, under 100m",credit union
60883,72053298,8550473,4884023,679604,2372019,8854339,3351609,8906643,BEACON COMMUNITY,KY,12258252,13434496,2372019,28744371,"credit union, under 100m",credit union
60906,84023967,10408156,720389,668966,1676121,7857263,3804928,13386741,MID-KANSAS,KS,17191669,11128545,1676121,30665301,"credit union, under 100m",credit union
60923,1482263,74105,61010,0,88586,227242,0,0,PARK MANOR CHRISTIAN CHURCH,IL,0,135115,88586,223701,"credit union, under 100m",credit union
60928,144733276,24006794,23211904,5001668,4426236,32330190,2751724,17689749,KIMBERLY CLARK,TN,20441473,47218698,4426236,77088075,"credit union, 100m to 1bn",credit union
60930,112852300,12001167,2661655,971344,2225902,15756686,86589,17632693,VALLEY,AL,17719282,14662822,2225902,35579350,"credit union, 100m to 1bn",credit union
60931,1111725453,138983000,36460606,8492329,16474963,130076544,82020108,188639255,MICHIGAN EDUCATIONAL,MI,270659363,175443606,16474963,471070261,"credit union, 1 to 10bn",credit union
60934,223956793,23632450,8867494,4297019,4651457,31294909,8053480,42458538,ALATRUST,AL,50512018,32499944,4651457,91960438,"credit union, 100m to 1bn",credit union
60936,645909068,109582912,30944778,8380064,11857570,74245936,62045355,151707156,ADVENTURE,MI,213752511,140527690,11857570,374517835,"credit union, 100m to 1bn",credit union
60942,193905452,40421329,8220702,658308,2985014,23193845,5854369,24338306,RIVERFALL,AL,30192675,48642031,2985014,82478028,"credit union, 100m to 1bn",credit union
60947,149667958,9968997,1875142,2446694,983513,25143366,6378465,33696452,CONSUMERS PROFESSIONAL,MI,40074917,11844139,983513,55349263,"credit union, 100m to 1bn",credit union
60967,56355409,2375772,2374938,887604,259642,7353268,8555461,2620264,HUNTINGTON BEACH,CA,11175725,4750710,259642,17073681,"credit union, under 100m",credit union
60968,1046599051,49814462,22954941,32335222,29166351,129140866,116062129,275440108,THE POLICE,CA,391502237,72769403,29166351,525773213,"credit union, 1 to 10bn",credit union
60978,1400088720,274949358,153971191,42122631,23004559,132449625,77917141,482419449,DIRECTIONS,OH,560336590,428920549,23004559,1054384329,"credit union, 1 to 10bn",credit union
60991,145006381,16001233,11374939,2001069,587577,17607569,8403243,35856472,LENCO,MI,44259715,27376172,587577,74224533,"credit union, 100m to 1bn",credit union
60994,25384675,9636554,6025799,0,785495,3510732,0,196300,ENERGIZE,OK,196300,15662353,785495,16644148,"credit union, under 100m",credit union
61003,459695872,14089405,7047913,5288423,1858287,38749882,26881406,121665996,WHEELHOUSE,CA,148547402,21137318,1858287,176831430,"credit union, 100m to 1bn",credit union
61004,9546194500,551274276,393045024,87693258,2821981,1892464736,227075572,3436784223,SAN DIEGO COUNTY,CA,3663859795,944319300,2821981,4698694334,"credit union, 1 to 10bn",credit union
61028,68221255,21837767,13941590,961919,1159101,13468654,0,111173,NUCOR EMPLOYEE'S,SC,111173,35779357,1159101,38011550,"credit union, under 100m",credit union
61048,526765697,34889990,15288119,28276617,14296814,60516467,25800139,177927526,"OUCU FINANCIAL CREDIT UNION, INC. ",OH,203727665,50178109,14296814,296479205,"credit union, 100m to 1bn",credit union
61055,4059552,164002,59435,0,14863,1142900,411562,498076,CHEM FAMILY,AL,909638,223437,14863,1147938,"credit union, under 100m",credit union
61056,849758,82028,274654,0,13009,120748,0,0,REAVIS - STICKNEY,IL,0,356682,13009,369691,"credit union, under 100m",credit union
61065,25155915,1839652,1000714,0,566884,6115917,0,0,COLUMBIA POST OFFICE,SC,0,2840366,566884,3407250,"credit union, under 100m",credit union
61068,519970585,47345266,20289920,18944910,16394213,52307604,54107361,82489762,PEOPLE DRIVEN,MI,136597123,67635186,16394213,239571432,"credit union, 100m to 1bn",credit union
61077,2159318547,518098764,182588023,39081741,45449308,270098889,198701646,516223230,SEVEN SEVENTEEN,OH,714924876,700686787,45449308,1500142712,"credit union, 1 to 10bn",credit union
61085,34161451,2873565,3604913,0,1205472,3192352,97982,592628,UTILITY DISTRICT,CA,690610,6478478,1205472,8374560,"credit union, under 100m",credit union
61088,305185684,51153491,4607661,1737777,448725,34354334,18944861,76929986,OKLAHOMA EDUCATORS,OK,95874847,55761152,448725,153822501,"credit union, 100m to 1bn",credit union
61089,624156938,42355573,40995055,14441070,11184940,98563224,10485428,39804731,HOMELAND,OH,50290159,83350628,11184940,159266797,"credit union, 100m to 1bn",credit union
61090,720785098,116935826,121435840,9578674,7476794,70785543,49854946,177593100,SHAREFAX,OH,227448046,238371666,7476794,482875180,"credit union, 100m to 1bn",credit union
61093,1193064232,148984013,31087601,0,48393092,95877082,200005845,254567512,VIBRANT,IL,454573357,180071614,48393092,683038063,"credit union, 1 to 10bn",credit union
61094,99829157,7791555,3086428,1026089,1555181,13933588,6671175,7964017,COMMUNITY FIRST,OH,14635192,10877983,1555181,28094445,"credit union, under 100m",credit union
61101,70333324,1937554,1442409,1794854,1599462,8262592,1305673,22549945,ACCESS,PA,23855618,3379963,1599462,30629897,"credit union, under 100m",credit union
61123,50424422,8050332,1796774,1333235,471332,7803331,2472235,7453572,LOUISVILLE GAS AND ELECTRIC COMPANY,KY,9925807,9847106,471332,21577480,"credit union, under 100m",credit union
61128,63883003,9104752,3904256,0,3162506,7649147,2221056,12243101,ROLLING F,CA,14464157,13009008,3162506,30635671,"credit union, under 100m",credit union
61136,17071934,2797852,2231947,0,424285,4579905,0,488713,OHIO TEAMSTERS,OH,488713,5029799,424285,5942797,"credit union, under 100m",credit union
61150,35985815,7585918,4183263,0,409061,3239502,3200,3378075,WCU CREDIT UNION,AL,3381275,11769181,409061,15559517,"credit union, under 100m",credit union
61152,29711072,7892315,2826350,0,1704804,4353338,0,0,RIVER TO RIVER,IL,0,10718665,1704804,12423469,"credit union, under 100m",credit union
61157,76610407,12496674,8613323,0,179406,10966023,0,33013243,FOUNDATION,MO,33013243,21109997,179406,54302646,"credit union, under 100m",credit union
61159,653171340,166700634,64549219,12806415,10044922,63796892,28256706,81483900,SECURITY,MI,109740606,231249853,10044922,363841796,"credit union, 100m to 1bn",credit union
61160,315777921,45189002,15942722,13871807,3197128,48600485,6564151,48485420,MEMBERS FIRST CREDIT UNION OF FLORI,FL,55049571,61131724,3197128,133250230,"credit union, 100m to 1bn",credit union
61165,32350832,4166569,2825425,821937,728376,3778085,870348,8333396,LOS ALAMOS SCHOOLS,NM,9203744,6991994,728376,17746051,"credit union, under 100m",credit union
61170,1469691525,239470476,107494585,22158159,74934450,190462044,68272199,366998004,FIRST FLORIDA,FL,435270203,346965061,74934450,879327873,"credit union, 1 to 10bn",credit union
61185,1405565071,532072061,206527346,28947347,21826201,150526177,89513544,216806027,LEADERS CREDIT UNION,TN,306319571,738599407,21826201,1095692526,"credit union, 1 to 10bn",credit union
61186,301747519,85274171,23680478,4911518,10512705,22617419,12953716,99495542,UNITED BAY COMMUNITY,MI,112449258,108954649,10512705,236828130,"credit union, 100m to 1bn",credit union
61209,92903888,19295614,19727097,3549257,8955084,13111820,3696093,0,CHICAGO FIREFIGHTER'S,IL,3696093,39022711,8955084,55223145,"credit union, under 100m",credit union
61219,291533028,77730971,21556014,13417324,4541790,30933214,21504545,53015436,KALSEE,MI,74519981,99286985,4541790,191766080,"credit union, 100m to 1bn",credit union
61230,62494117,7041882,2057691,5598513,2947247,10679300,1556447,7095905,ACME CONTINENTAL,IL,8652352,9099573,2947247,26297685,"credit union, under 100m",credit union
61231,607372301,137067839,34273369,12916428,30686734,80417352,10529443,150047820,FINANCIAL PLUS,IL,160577263,171341208,30686734,375521633,"credit union, 100m to 1bn",credit union
61232,6588802,2019117,1890721,0,482304,903096,0,0,PEORIA HIWAY,IL,0,3909838,482304,4392142,"credit union, under 100m",credit union
61233,14292914,1603680,788909,344672,216621,1458467,22560,0,WES,OH,22560,2392589,216621,2976442,"credit union, under 100m",credit union
61239,107284696,9573382,4662689,1867798,6287825,16771313,2217223,2369139,GOLDEN CIRCLE,OH,4586362,14236071,6287825,26978056,"credit union, 100m to 1bn",credit union
61256,176011547,23975395,6851338,9881325,11600791,14740732,27873107,22480153,ACHIEVE FINANCIAL,CT,50353260,30826733,11600791,102662109,"credit union, 100m to 1bn",credit union
61257,112976052,10130529,2184416,634721,12486120,17621173,2407166,52593135,NORTHRIDGE COMMUNITY,MN,55000301,12314945,12486120,80436087,"credit union, 100m to 1bn",credit union
61260,84281895,16557999,7499501,0,8091272,19798167,6806998,1983096,CURIS FINANCIAL,SC,8790094,24057500,8091272,40938866,"credit union, under 100m",credit union
61261,16281299,2059646,783116,0,316993,1567333,1763701,0,"COMMUNITY CU OF NEW MILFORD, INC.",CT,1763701,2842762,316993,4923456,"credit union, under 100m",credit union
61265,605426,71808,0,0,119060,134464,0,0,KIEF PROTECTIVE MUTUAL BENEFIT ASS.,CT,0,71808,119060,190868,"credit union, under 100m",credit union
61267,8750960,1696028,1040424,0,1473483,451861,210388,1468152,ALAMO CITY,TX,1678540,2736452,1473483,5888475,"credit union, under 100m",credit union
61268,1457314,485351,310732,0,95153,51721,0,0,BOTHWELL HOSPITAL EMPLOYEES,MO,0,796083,95153,891236,"credit union, under 100m",credit union
61277,5327248,983177,667666,0,301553,1064800,0,0,CHEMCO,AL,0,1650843,301553,1952396,"credit union, under 100m",credit union
61286,113237695,5471224,5048494,471789,1032204,14951183,6276,222496,MOBILE EDUCATORS,AL,228772,10519718,1032204,12252483,"credit union, 100m to 1bn",credit union
61290,17919324,3524697,4434036,0,1132483,2833693,0,0,DUPAGE COUNTY EMPLOYEES,IL,0,7958733,1132483,9091216,"credit union, under 100m",credit union
61306,99247323,14059759,24977260,538244,5135210,8138187,0,12218322,TEXAS BRIDGE,TX,12218322,39037019,5135210,56928795,"credit union, under 100m",credit union
61315,4476326478,519837992,184228862,87302244,65025915,441722350,282337196,1021883462,ONEAZ,AZ,1304220658,704066854,65025915,2160615671,"credit union, 1 to 10bn",credit union
61318,222155072,29933162,4064803,4149787,3821143,22375665,12704234,48344165,ISABELLA COMMUNITY,MI,61048399,33997965,3821143,103017294,"credit union, 100m to 1bn",credit union
61324,134848238,45128983,21173957,106195,840051,15701978,1706554,4580232,PILLAR,OH,6286786,66302940,840051,73535972,"credit union, 100m to 1bn",credit union
61336,171597582,1440092,457090,455306,90861,30333222,44445,2819644,COMMUNITY,ND,2864089,1897182,90861,5307438,"credit union, 100m to 1bn",credit union
61339,14973566,703506,969830,0,121737,3300899,0,1628392,MOBILE GOVERNMENT EMP.,AL,1628392,1673336,121737,3423465,"credit union, under 100m",credit union
61365,1037838266,185996043,15942303,0,40472171,105380122,45490788,232165396,4FRONT,MI,277656184,201938346,40472171,520066701,"credit union, 1 to 10bn",credit union
61368,36984923,6161800,2346401,645536,675805,5044020,99869,5387917,SHERWIN WILLIAMS EMP.,IL,5487786,8508201,675805,15317328,"credit union, under 100m",credit union
61383,43205497,7673736,1984058,1018600,300655,4075234,1613268,7690574,ADVANTAGE,OH,9303842,9657794,300655,20280891,"credit union, under 100m",credit union
61387,276200389,5508140,1648929,2615158,2637935,32805566,37111999,103402659,BHCU,PA,140514658,7157069,2637935,152924820,"credit union, 100m to 1bn",credit union
61391,37364452,6669085,1784233,940154,1665533,8456011,8580,2735262,SOCIAL SECURITY,AL,2743842,8453318,1665533,13802847,"credit union, under 100m",credit union
61393,3204529,1377285,136755,0,69208,1019542,0,0,LEE COUNTY,IA,0,1514040,69208,1583248,"credit union, under 100m",credit union
61404,485029975,50379982,16446923,3960222,4117359,49291626,71553590,89463067,LOC,MI,161016657,66826905,4117359,235921143,"credit union, 100m to 1bn",credit union
61405,51624713,8508769,1614314,1305702,1882632,8162183,1890468,12766131,AEROQUIP,MI,14656599,10123083,1882632,27968016,"credit union, under 100m",credit union
61425,2692393,382883,234810,134159,97995,432138,0,0,AURORA FIREFIGHTERS',IL,0,617693,97995,849847,"credit union, under 100m",credit union
61447,932193787,190225679,50896263,0,20678879,95483718,74364272,69870209,NUMARK,IL,144234481,241121942,20678879,406035302,"credit union, 100m to 1bn",credit union
61448,1233975,364063,64616,303498,102308,139891,0,0,ETHICON SUTURE,IL,0,428679,102308,834485,"credit union, under 100m",credit union
61453,37875347,3201472,2390997,513917,84101,10155022,2018396,19943475,HI-LAND,UT,21961871,5592469,84101,28152358,"credit union, under 100m",credit union
61457,191364042,57658159,30538134,1610179,10371099,18001833,8216217,29223767,PRIORITY TRUST,TX,37439984,88196293,10371099,137617555,"credit union, 100m to 1bn",credit union
61474,21073783,936741,1074155,0,325740,4639146,198510,2664072,RAILWAY EMPLOYEES,AL,2862582,2010896,325740,5199218,"credit union, under 100m",credit union
61495,61777427,5636607,175810,1832484,11406693,13850028,5856338,7741035,ONE DETROIT,MI,13597373,5812417,11406693,32648967,"credit union, under 100m",credit union
61503,4061354967,138277242,597933988,72865563,106086213,395302841,414501053,1095791853,ADVIA,MI,1510292906,736211230,106086213,2425455912,"credit union, 1 to 10bn",credit union
61515,22163413,3918270,1706714,0,1330201,4433476,131309,496950,FAYETTE COUNTY SCHOOL EMPLOYEES,PA,628259,5624984,1330201,7583444,"credit union, under 100m",credit union
61518,3285144,1144911,259538,0,239461,821361,0,0,HERSHEY ROBINSON EMPLOYEES,IL,0,1404449,239461,1643910,"credit union, under 100m",credit union
61522,1578072113,168706702,58919126,37480082,37880285,165058800,119959718,355486744,VIBE,MI,475446462,227625828,37880285,778432657,"credit union, 1 to 10bn",credit union
61525,700488878,61370201,26533949,14111993,7179979,75157207,60287969,58315463,WE FLORIDA FINANCIAL,FL,118603432,87904150,7179979,227799554,"credit union, 100m to 1bn",credit union
61527,325489792,48703244,48108964,0,17390755,36512791,3536891,94936118,TEXOMA COMMUNITY,TX,98473009,96812208,17390755,212675972,"credit union, 100m to 1bn",credit union
61532,11483938,1724319,4725182,0,1178930,1385539,0,85687,REEVES COUNTY TEACHERS,TX,85687,6449501,1178930,7714118,"credit union, under 100m",credit union
61540,14619425,3175436,3380370,364530,1894374,2275477,0,0,VERMILION EMPLOYEES,LA,0,6555806,1894374,8814710,"credit union, under 100m",credit union
61552,1454036819,230296974,115899365,124853450,59485039,161062494,91263489,479137822,UNIVERSITY OF MICHIGAN,MI,570401311,346196339,59485039,1100936139,"credit union, 1 to 10bn",credit union
61559,5385932,623400,335021,0,578614,1333530,0,0,DEMING SCHOOLS EMPLOYEES,NM,0,958421,578614,1537035,"credit union, under 100m",credit union
61560,10582122,1649324,1133464,0,3219270,2254399,0,0,CHICAGO'S BRAVEST,IL,0,2782788,3219270,6002058,"credit union, under 100m",credit union
61566,471642,38120,31781,0,18380,109536,0,0,ST. MARK,IL,0,69901,18380,88281,"credit union, under 100m",credit union
61598,1161361378,413340738,255083562,20687289,17423313,186149577,87127372,93516478,SAFE 1,CA,180643850,668424300,17423313,887178752,"credit union, 1 to 10bn",credit union
61604,175548914,50153537,11848845,2760762,6851803,19575119,12404536,40599256,LIBERTYONE,TX,53003792,62002382,6851803,124618739,"credit union, 100m to 1bn",credit union
61619,147177960,20898748,2729099,3584203,3928640,18084675,6682497,38863105,FINANCIALEDGE ,MI,45545602,23627847,3928640,76686292,"credit union, 100m to 1bn",credit union
61620,47158196,9846351,4766983,0,300548,7764863,5380360,4996256,FIRSTENERGY FAMILY,OH,10376616,14613334,300548,25290498,"credit union, under 100m",credit union
61623,2473978703,549995124,197467123,142506050,87442478,311076120,301027283,326575312,KEMBA FINANCIAL,OH,627602595,747462247,87442478,1605013370,"credit union, 1 to 10bn",credit union
61624,296536707,14286058,3523776,820198,1524382,61436412,800961,21095444,GREATER COMMUNITY,MN,21896405,17809834,1524382,42050819,"credit union, 100m to 1bn",credit union
61631,25739847,3314454,170981,614179,1822359,2230020,2832478,11470113,MICHIGAN COASTAL,MI,14302591,3485435,1822359,20224564,"credit union, under 100m",credit union
61633,175625543,41771870,5990646,4020778,1602075,19425636,4804667,25744447,FAMILY FINANCIAL,MI,30549114,47762516,1602075,83934483,"credit union, 100m to 1bn",credit union
61636,45442706,2804116,1080507,1445660,816020,7007508,6654896,1159973,NORTH DISTRICTS,PA,7814869,3884623,816020,13961172,"credit union, under 100m",credit union
61637,921483543,58926640,16939728,8865603,6363383,120597830,59988837,175868021,CAPITAL,ND,235856858,75866368,6363383,326952212,"credit union, 100m to 1bn",credit union
61638,81528554,14600151,3650304,1722763,1856081,12067252,3190218,34583443,LAKE HURON,MI,37773661,18250455,1856081,59602960,"credit union, under 100m",credit union
61643,39803494,3494013,968590,464897,303060,4491002,1749732,7407375,PLANITES,IL,9157107,4462603,303060,14387667,"credit union, under 100m",credit union
61648,223136566,3947729,409814,303626,59319,34722590,2199315,19234560,HOMETOWN,ND,21433875,4357543,59319,26154363,"credit union, 100m to 1bn",credit union
61650,22150941430,2411333521,2125998042,781932186,624565985,2194293162,905225388,7545990544,THE GOLDEN 1,CA,8451215932,4537331563,624565985,14395045666,"credit union, over 10bn",credit union
61657,360074039,54821062,11321632,502609,7758054,38630935,14257458,96217206,UNITED FINANCIAL,MI,110474664,66142694,7758054,184878021,"credit union, 100m to 1bn",credit union
61664,119330389,23933561,16070039,708044,200154,13636973,5313688,14649410,RIVER VALLEY,IA,19963098,40003600,200154,60874896,"credit union, 100m to 1bn",credit union
61667,920961114,152665671,94732833,10082415,18314728,94365920,55075988,315844277,COMMUNITY FIRST,CA,370920265,247398504,18314728,646715912,"credit union, 100m to 1bn",credit union
61677,252408523,44847518,18747804,5324096,4528619,23411466,24787473,41837024,COMMUNITY WEST,MI,66624497,63595322,4528619,140072534,"credit union, 100m to 1bn",credit union
61682,144272940,56538499,32650751,2193622,3861225,13931542,7953560,2505133,SISKIYOU,CA,10458693,89189250,3861225,105702790,"credit union, 100m to 1bn",credit union
61698,349254814,96094712,37451688,5883202,4129646,41851899,23025822,33511472,MICHIGAN UNITED,MI,56537294,133546400,4129646,200096542,"credit union, 100m to 1bn",credit union
61701,63392761,635321,962365,740870,810430,11407874,68101,3804983,LINCOLN PARK COMMUNITY,MI,3873084,1597686,810430,7022070,"credit union, under 100m",credit union
61708,898992233,37899327,9214614,29467261,26997398,95376061,83140671,378453908,ARBOR FINANCIAL,MI,461594579,47113941,26997398,565173179,"credit union, 100m to 1bn",credit union
61724,9120906,1490563,2208186,1225540,774284,-10172,408202,0,LOUISIANA CENTRAL,LA,408202,3698749,774284,6106775,"credit union, under 100m",credit union
61734,180127825,27227856,12505205,7597605,4237085,18981552,0,7640917,RIO GRANDE VALLEY CREDIT UNION,TX,7640917,39733061,4237085,59208668,"credit union, 100m to 1bn",credit union
61741,624874271,53953830,17777032,13716222,8965906,88904971,106860956,141325452,COMMONWEALTH CENTRAL,CA,248186408,71730862,8965906,342599398,"credit union, 100m to 1bn",credit union
61748,406436728,61319592,44871215,7977423,7396560,46454706,33244802,39554583,MONROE COMMUNITY,MI,72799385,106190807,7396560,194364175,"credit union, 100m to 1bn",credit union
61755,1586655281,197485022,63959649,86344071,67016960,158958193,88364739,338291199,FRANKENMUTH,MI,426655938,261444671,67016960,841461640,"credit union, 1 to 10bn",credit union
61758,522154575,46014838,19973200,0,2102811,74164896,10698286,21900457,WESTERN COOPERATIVE,ND,32598743,65988038,2102811,100689592,"credit union, 100m to 1bn",credit union
61759,718511833,41288341,42989122,22982220,7810593,89024414,31348035,157650161,ALLIANCE CATHOLIC,MI,188998196,84277463,7810593,304068472,"credit union, 100m to 1bn",credit union
61760,11295700,5301954,1149362,219265,220403,1183885,623807,0,WHITEWATER COMMUNITY,OH,623807,6451316,220403,7514791,"credit union, under 100m",credit union
61765,5988036,3268331,876365,0,344714,809395,0,0,CENTRAL KANSAS EDUCATION,KS,0,4144696,344714,4489410,"credit union, under 100m",credit union
61778,208026442,21721434,3551512,1746414,1944797,26013220,18526898,39317728,RED WING,MN,57844626,25272946,1944797,86808783,"credit union, 100m to 1bn",credit union
61779,29088099,2995910,974591,48963,351256,4207653,5152828,3590125,SLO,CA,8742953,3970501,351256,13113673,"credit union, under 100m",credit union
61783,21205004,3176504,1722412,159941,682355,2885905,732338,3660288,CO-OPERATIVE,KS,4392626,4898916,682355,10133838,"credit union, under 100m",credit union
61790,406148595,73084033,12699088,7252809,1909490,41283947,79855523,109144604,BLUCURRENT,MO,189000127,85783121,1909490,283945547,"credit union, 100m to 1bn",credit union
61792,411822731,82873443,29647405,5965968,11899611,50509875,59922581,81050219,ASHLAND,KY,140972800,112520848,11899611,271359227,"credit union, 100m to 1bn",credit union
61795,389887104,76915912,11961183,3541427,15277602,57678097,26662307,63691015,TBA,MI,90353322,88877095,15277602,198049446,"credit union, 100m to 1bn",credit union
61797,2498921108,353252502,95902900,66743073,46821161,444865802,105540199,429108354,ELGA,MI,534648553,449155402,46821161,1097368189,"credit union, 1 to 10bn",credit union
61800,224120206,37518132,6111984,3041541,3992289,28522459,3005342,37224050,FORT MCCLELLAN,AL,40229392,43630116,3992289,90893338,"credit union, 100m to 1bn",credit union
61808,40086537,2275231,1751125,0,561274,4184694,7654927,2132927,AFFILIATED TRADES,PA,9787854,4026356,561274,14375484,"credit union, under 100m",credit union
61810,1739561321,355131768,104753279,61979927,25030162,203196529,96060728,497449668,KEMBA,OH,593510396,459885047,25030162,1140405532,"credit union, 1 to 10bn",credit union
61823,851874246,270778008,49242007,22537912,15726286,87576603,33205146,131053981,AZURA,KS,164259127,320020015,15726286,522543340,"credit union, 100m to 1bn",credit union
61824,13452327,2896239,1944840,0,174883,1293158,1441173,0,TEAMSTERS,MN,1441173,4841079,174883,6457135,"credit union, under 100m",credit union
61831,136341413,24526256,10212128,2068922,3219506,18376301,23833951,19411901,FAMILY FIRST,GA,43245852,34738384,3219506,83272664,"credit union, 100m to 1bn",credit union
61838,3125708,387284,82961,0,102209,426815,541451,0,TRUMBULL,CT,541451,470245,102209,1113905,"credit union, under 100m",credit union
61840,123041701,20653547,16700130,2207091,1380481,15949406,12476677,10173493,METRO,MO,22650170,37353677,1380481,63591419,"credit union, 100m to 1bn",credit union
61844,8040188023,219436216,57416249,44221252,19885947,1015688568,370872217,1186039072,DFCU FINANCIAL,MI,1556911289,276852465,19885947,1897870953,"credit union, 1 to 10bn",credit union
61847,77130106,17676355,3980532,2491642,2456139,11934303,11271130,14201586,MIDWEST COALITION OF LABOR,IL,25472716,21656887,2456139,52077384,"credit union, under 100m",credit union
61872,21861514,629525,185376,86425,245001,4512138,1331455,0,MONMOUTH COUNTY POSTAL EMPLOYEES,NJ,1331455,814901,245001,2477782,"credit union, under 100m",credit union
61908,400104470,64474690,6695672,18071655,6342424,43893289,4839305,85357215,CASE,MI,90196520,71170362,6342424,185780961,"credit union, 100m to 1bn",credit union
61909,96758805,12771638,4276243,2897302,2720553,9654133,2662801,13665714,FAMILY FIRST,MI,16328515,17047881,2720553,38994251,"credit union, under 100m",credit union
61918,101155164,20540924,8208383,2113760,1451758,11985435,10223456,19480472,MIDLAND,IA,29703928,28749307,1451758,62018753,"credit union, 100m to 1bn",credit union
61920,85571762,20973837,17308658,0,1907400,11693816,2334204,5765852,POWER CO-OP EMPLOYEES,IA,8100056,38282495,1907400,48289951,"credit union, under 100m",credit union
61926,16135701,1853782,856543,280013,615587,2649606,0,449441,ALCOSE,PA,449441,2710325,615587,4055366,"credit union, under 100m",credit union
61933,178934632,8319493,6939360,1281350,4464940,21333284,29300618,79534247,COMPASS COMMUNITY,CA,108834865,15258853,4464940,129840008,"credit union, 100m to 1bn",credit union
61936,261396902,57279374,54715577,4463190,9663310,25057357,29258868,36004471,ENERGY CAPITAL,TX,65263339,111994951,9663310,191384790,"credit union, 100m to 1bn",credit union
61942,39161244,4322616,1179434,571014,882825,4086713,3436731,4331458,ORGANIZED LABOR,CA,7768189,5502050,882825,14724078,"credit union, under 100m",credit union
61944,38461814,2956772,2175816,0,435101,4924952,231500,6060360,LAUDERDALE COUNTY TEACHERS,AL,6291860,5132588,435101,11859549,"credit union, under 100m",credit union
61946,6546844,2656655,1289762,0,91931,676299,0,0,RINCONES PRESBYTERIAN,NM,0,3946417,91931,4038348,"credit union, under 100m",credit union
61949,2059764754,48923740,13499276,7516506,5623591,261569864,142547902,983564635,WHITEFISH CREDIT UNION ASSOCIATION,MT,1126112537,62423016,5623591,1201675650,"credit union, 1 to 10bn",credit union
61953,271742694,90680780,16002994,8078728,3901124,31377134,29103743,35151335,NORTH CENTRAL AREA,MI,64255078,106683774,3901124,182918704,"credit union, 100m to 1bn",credit union
61963,5503192,614314,1399872,0,1364176,1679050,0,0,OLD SPANISH TRAIL,LA,0,2014186,1364176,3378362,"credit union, under 100m",credit union
61986,59732308,21322801,2419893,1128664,1512514,5451729,1370332,10767045,GRATIOT COMMUNITY,MI,12137377,23742694,1512514,38521249,"credit union, under 100m",credit union
61988,183809559,17377314,1635805,1608853,3902583,17365985,37412821,61548337,SAFE HARBOR,MI,98961158,19013119,3902583,123485713,"credit union, 100m to 1bn",credit union
61995,133488355,13046451,3782046,3046230,3509446,12297959,3455810,20754711,SUNRISE FAMILY,MI,24210521,16828497,3509446,47594694,"credit union, 100m to 1bn",credit union
61999,26873820,2690001,1779410,0,736909,4536802,0,0,MONTCALM PUBLIC EMPLOYEES,MI,0,4469411,736909,5206320,"credit union, under 100m",credit union
62010,262403515,35866678,4473477,2762084,6028147,33475174,11993263,73990059,FILER,MI,85983322,40340155,6028147,135113708,"credit union, 100m to 1bn",credit union
62018,108132707,32356435,18518718,2115110,1687220,12140536,3989354,13420226,ASCENSION,LA,17409580,50875153,1687220,72087063,"credit union, 100m to 1bn",credit union
62026,430780359,36948939,12766752,10699206,10025700,36080241,8276330,130450889,MEMBERS CHOICE,KY,138727219,49715691,10025700,209167816,"credit union, 100m to 1bn",credit union
62027,154258864,42271581,3861995,4713642,3094185,22753492,10215327,26463332,BEST FINANCIAL,MI,36678659,46133576,3094185,90620062,"credit union, 100m to 1bn",credit union
62028,375116995,73862390,22108845,6148647,9080397,37444378,14957928,64807476,OUR,MI,79765404,95971235,9080397,190965683,"credit union, 100m to 1bn",credit union
62031,726387972,227874468,47976503,13341441,10433517,71121651,40283962,177970360,HEARTLAND,KS,218254322,275850971,10433517,517880251,"credit union, 100m to 1bn",credit union
62035,975702928,112765183,65307085,42875629,34565710,118836177,0,205936373,ALPENA-ALCONA AREA,MI,205936373,178072268,34565710,461449980,"credit union, 100m to 1bn",credit union
62038,621762583,91950026,16145948,13779238,12020845,75038071,31999644,61346624,EMBERS,MI,93346268,108095974,12020845,227242325,"credit union, 100m to 1bn",credit union
62040,101051860,17563552,3830562,3624480,813280,10906643,6197488,9631363,COMPASS,MI,15828851,21394114,813280,41660725,"credit union, 100m to 1bn",credit union
62047,2883605365,417129999,62170749,32225524,73969874,312583085,69162790,835248100,LAKE TRUST,MI,904410890,479300748,73969874,1489907036,"credit union, 1 to 10bn",credit union
62049,4410506964,734154351,151043561,110769065,73230927,556911059,319463827,1679564047,MICHIGAN SCHOOLS AND GOVERNMENT,MI,1999027874,885197912,73230927,3068225778,"credit union, 1 to 10bn",credit union
62062,21275194,5873091,2757630,0,1367974,5101097,0,88378,CITY,AL,88378,8630721,1367974,10087073,"credit union, under 100m",credit union
62066,170124456,15501278,18130144,4515845,4642264,19260289,16123539,37811057,HARBORLIGHT,MI,53934596,33631422,4642264,96724127,"credit union, 100m to 1bn",credit union
62072,379933713,76696364,35983275,9393312,7790899,38252541,30218429,87164997,IGNITE,MI,117383426,112679639,7790899,247247276,"credit union, 100m to 1bn",credit union
62076,905439582,254361088,32304487,52031959,49879447,83423574,32608196,130818303,MEMBERS FIRST,MI,163426499,286665575,49879447,552003480,"credit union, 100m to 1bn",credit union
62079,51381661,645476,190294,0,54285,11539159,1690645,22335379,COUNTRY HERITAGE,MI,24026024,835770,54285,24916079,"credit union, under 100m",credit union
62085,210320274,50474478,17956236,5302747,5565175,27693539,6622977,39243540,U.P. STATE,MI,45866517,68430714,5565175,125165153,"credit union, 100m to 1bn",credit union
62114,7836977,1030858,1273024,0,121756,1129839,661770,257030,ARCADE,NC,918800,2303882,121756,3344438,"credit union, under 100m",credit union
62121,36289991,19047250,1915350,492161,453098,3671028,320420,3726969,ILLINOIS VALLEY,IL,4047389,20962600,453098,25955248,"credit union, under 100m",credit union
62123,124017043,29235274,6787660,2984606,5283744,15042195,6410269,17464146,RIVER VALLEY,MI,23874415,36022934,5283744,68165699,"credit union, 100m to 1bn",credit union
62141,765923389,112070542,18660553,28955630,17115436,75641966,28995270,134131426,TEAM ONE,MI,163126696,130731095,17115436,339928857,"credit union, 100m to 1bn",credit union
62143,84604325,23851381,6858490,1680094,1878819,12013766,988397,2236133,SOUTH CENTRAL,MI,3224530,30709871,1878819,37493314,"credit union, under 100m",credit union
62144,21905038,1166043,420289,147594,426452,2252577,232594,2374345,UNITED CHURCHES,MI,2606939,1586332,426452,4767317,"credit union, under 100m",credit union
62160,371767362,27505204,3485828,8604657,9659950,63843207,41243816,121344908,MARSHALL COMMUNITY,MI,162588724,30991032,9659950,211844363,"credit union, 100m to 1bn",credit union
62167,1913348,30410,0,0,0,537203,0,0,I.M. DETROIT DISTRICT,MI,0,30410,0,30410,"credit union, under 100m",credit union
62169,240188871,64205905,8086556,1636413,2990950,24449317,20023606,61966953,MICHIGAN ONE COMMUNITY,MI,81990559,72292461,2990950,158910383,"credit union, 100m to 1bn",credit union
62172,2892576166,749666719,196667119,51579319,7364984,270735450,193542116,966821088,CONSUMERS,MI,1160363204,946333838,7364984,2165641345,"credit union, 1 to 10bn",credit union
62196,79225060,24698573,5332483,1766839,3071851,7775153,9555510,13154404,THORNAPPLE,MI,22709914,30031056,3071851,57579660,"credit union, under 100m",credit union
62203,172923690,19754731,12708295,4138045,4401912,16672492,3793834,50160135,WOLVERINE STATE,MI,53953969,32463026,4401912,94956952,"credit union, 100m to 1bn",credit union
62217,212427636,23989449,6744656,4641402,1505668,51318956,19168785,57100319,AAC,MI,76269104,30734105,1505668,113150279,"credit union, 100m to 1bn",credit union
62218,38787209,2551823,1157067,55609,231645,7342674,0,96196,LAMOURE,ND,96196,3708890,231645,4092340,"credit union, under 100m",credit union
62219,171863793,26117288,7763492,688247,1860351,23432417,1525319,34248892,H.P.C.,MI,35774211,33880780,1860351,72203589,"credit union, 100m to 1bn",credit union
62228,86525225,33342826,13716645,81890,368557,10157055,6185368,7363124,"GREATER KENTUCKY CU, INC.",KY,13548492,47059471,368557,61058410,"credit union, under 100m",credit union
62245,111301443,12539437,3742809,2976006,2332125,17020029,6366136,14546504,TOTAL COMMUNITY,MI,20912640,16282246,2332125,42503017,"credit union, 100m to 1bn",credit union
62249,75785885,10522346,2142670,1727167,2140558,9024667,11814282,13055942,INTANDEM,MI,24870224,12665016,2140558,41402965,"credit union, under 100m",credit union
62258,3659608,451647,221756,0,244890,467876,0,0,COAST GUARD EMPLOYEES,LA,0,673403,244890,918293,"credit union, under 100m",credit union
62264,35561731,4116554,1596678,293339,369704,4994358,309536,8047308,ALPENA COMMUNITY,MI,8356844,5713232,369704,14733119,"credit union, under 100m",credit union
62316,7079753,369109,270460,0,5626,953988,0,181931,WESTACRES,MI,181931,639569,5626,827126,"credit union, under 100m",credit union
62322,760211613,95268542,26475463,0,23892570,105959414,40244649,74891745,OKLAHOMA CENTRAL,OK,115136394,121744005,23892570,260772969,"credit union, 100m to 1bn",credit union
62323,173533869,2634899,2054778,1474861,2165990,40632555,9795786,23520065,E-CENTRAL,CA,33315851,4689677,2165990,41646379,"credit union, 100m to 1bn",credit union
62325,324358762,65005014,31609216,6750009,8825663,44350705,4361478,38377863,SOO CO-OP,MI,42739341,96614230,8825663,154929243,"credit union, 100m to 1bn",credit union
62330,26553605,6649640,3024312,652027,1663937,3307965,77844,0,FARM BUREAU FAMILY,MI,77844,9673952,1663937,12067760,"credit union, under 100m",credit union
62337,72620196,12131134,13220174,0,2504311,14043727,0,4460669,PROFESSIONAL FIRE FIGHTERS,LA,4460669,25351308,2504311,32316288,"credit union, under 100m",credit union
62338,1990292,0,0,0,239246,313943,0,0,EVANSTON FIREMENS,IL,0,0,239246,239246,"credit union, under 100m",credit union
62339,588520768,35294590,15344906,8399825,25673233,86554627,46487382,47507552,DIVERSIFIED MEMBERS,MI,93994934,50639496,25673233,178707488,"credit union, 100m to 1bn",credit union
62340,318132369,51814952,10587116,10878215,11005075,45348063,16928690,33883598,PREFERRED,MI,50812288,62402068,11005075,135097646,"credit union, 100m to 1bn",credit union
62344,38544700,1897236,964810,86471,941632,6958491,0,12796657,DETOUR DRUMMOND COMMUNITY,MI,12796657,2862046,941632,16686806,"credit union, under 100m",credit union
62347,455349662,33455196,11440217,11428915,7776720,78861669,10491754,74198280,WMCU,MI,84690034,44895413,7776720,148791082,"credit union, 100m to 1bn",credit union
62352,244284483,47519360,22043252,5399113,3540263,32010482,7004336,47750906,C E S,OH,54755242,69562612,3540263,133257230,"credit union, 100m to 1bn",credit union
62356,8257954,1091287,1084017,249860,202820,1501821,65651,1015970,L&N EMPLOYEES,AL,1081621,2175304,202820,3709605,"credit union, under 100m",credit union
62358,59324248,6193873,1317858,0,2262222,12338651,889033,741993,KEMBA LOUISVILLE,KY,1631026,7511731,2262222,11404979,"credit union, under 100m",credit union
62367,2308313259,163283818,71307398,15227449,12998356,276730447,39618825,447425120,COAST CENTRAL,CA,487043945,234591216,12998356,749860966,"credit union, 1 to 10bn",credit union
62370,27151643,5999650,2181594,538390,566383,2588110,77314,2842144,LEXINGTON POSTAL COMMUNITY,KY,2919458,8181244,566383,12205475,"credit union, under 100m",credit union
62380,326536979,11022320,3563059,828083,2688716,46265918,15429778,40609417,DAKOTA WEST,ND,56039195,14585379,2688716,74141373,"credit union, 100m to 1bn",credit union
62393,128129819,12339550,3442114,2229657,3970941,12107088,12584663,39454255,MEIJER,MI,52038918,15781664,3970941,74021180,"credit union, 100m to 1bn",credit union
62406,256804220,40742338,10387825,10815000,22518655,26269688,30965501,30674453,BRIDGE,OH,61639954,51130163,22518655,146103772,"credit union, 100m to 1bn",credit union
62417,300298326,44695464,12076872,12712965,10848201,34876053,15196420,41351801,LOYALTY,FL,56548221,56772336,10848201,136881723,"credit union, 100m to 1bn",credit union
62419,422818575,31260661,9157075,1215994,1286619,66796900,10976099,67669298,CO-OP CREDIT UNION OF MONTEVIDEO,MN,78645397,40417736,1286619,121565746,"credit union, 100m to 1bn",credit union
62422,111582010,40451851,10423233,1343257,742849,14518923,9383493,18373002,METRUM COMMUNITY,CO,27756495,50875084,742849,80717685,"credit union, 100m to 1bn",credit union
62426,1060108213,92829073,15637841,35541242,36887662,210060832,99886924,290916678,ZEAL,MI,390803602,108466914,36887662,571699420,"credit union, 1 to 10bn",credit union
62429,6777571,2676213,993534,0,505673,801597,0,0,DU PONT EMPLOYEES,IA,0,3669747,505673,4175420,"credit union, under 100m",credit union
62431,119096514,20989824,6372276,2960246,3633764,12935966,11972209,33158241,EXPREE,KY,45130450,27362100,3633764,79086560,"credit union, 100m to 1bn",credit union
62432,39457374,5638975,1387189,240221,813154,4892923,137824,5326465,WHITESVILLE COMMUNITY,KY,5464289,7026164,813154,13543828,"credit union, under 100m",credit union
62433,37181372,3183135,1560288,0,598297,7455618,1086777,3115893,LOUISVILLE FEDERAL,KY,4202670,4743423,598297,9544390,"credit union, under 100m",credit union
62438,31851299,4229604,5311172,547812,2171759,4447349,30596,1474471,ALEXANDRIA MUNICIPAL EMPLOYEES,LA,1505067,9540776,2171759,13765414,"credit union, under 100m",credit union
62441,1251020,60468,247148,0,118843,337462,0,0,CABOT EMPLOYEES,LA,0,307616,118843,426459,"credit union, under 100m",credit union
62446,64502283,26890867,10802806,352964,2091789,8733504,0,4270495,DOCHES,TX,4270495,37693673,2091789,44408921,"credit union, under 100m",credit union
62452,63557354,20683801,14600707,760774,4398111,10565529,0,0,FINANCIAL SECURITY,NM,0,35284508,4398111,40443393,"credit union, under 100m",credit union
62471,16690977,3226648,1387262,0,1475977,2202121,1699922,0,MOBILE POSTAL,AL,1699922,4613910,1475977,7789809,"credit union, under 100m",credit union
62474,2100438888,103195790,21021898,111154568,44839483,229094797,165295925,541844761,DUPONT COMMUNITY,VA,707140686,124217688,44839483,987352425,"credit union, 1 to 10bn",credit union
62482,14373368,3173962,1209191,0,1161942,2819589,2430071,0,BROWN-FORMAN EMPLOYEES,KY,2430071,4383153,1161942,7975166,"credit union, under 100m",credit union
62484,269103022,29496225,3887438,6471398,24920530,25599233,25202076,72862635,SERVICE ONE,KY,98064711,33383663,24920530,162840302,"credit union, 100m to 1bn",credit union
62486,10444382,1109733,0,0,8868,2629324,0,1130358,OPP-MICOLAS,AL,1130358,1109733,8868,2248959,"credit union, under 100m",credit union
62497,51931431,3520406,1846585,310557,2733109,7203964,1736093,20675893,MAROON FINANCIAL,IL,22411986,5366991,2733109,30822643,"credit union, under 100m",credit union
62500,33746197,7019846,4128872,0,844010,6868781,0,0,AREA EDUCATIONAL,IL,0,11148718,844010,11992728,"credit union, under 100m",credit union
62502,10043220,1940015,2538964,0,134201,1041580,0,0,COOPERATIVE EMPLOYEES,OK,0,4478979,134201,4613180,"credit union, under 100m",credit union
62504,1617145817,209339068,147936855,38317705,41532133,167268966,102432716,365316169,UNIVERSITY OF VA COMMUNITY CU,VA,467748885,357275923,41532133,904874646,"credit union, 1 to 10bn",credit union
62508,51262966,7969405,1203952,933880,456253,7138023,2290591,16780706,TRI-CITIES,MI,19071297,9173357,456253,29634787,"credit union, under 100m",credit union
62509,1290509302,234341739,39921679,34342802,72381712,124110440,30442181,262351259,FIRSTMARK,TX,292793440,274263418,72381712,673781372,"credit union, 1 to 10bn",credit union
62514,17260743113,948923663,135281318,242929320,167721036,1944932368,1023652384,8295789358,LAKE MICHIGAN,MI,9319441742,1084204981,167721036,10814297079,"credit union, over 10bn",credit union
62536,15014123,2577593,1063421,1163654,2357310,1528401,1896109,789766,VIRGINIA UNITED METHODIST,VA,2685875,3641014,2357310,9847853,"credit union, under 100m",credit union
62537,76025603,12146281,1285960,295660,1815515,12818396,3020985,19743312,CHATTANOOGA FEDERAL EMPLOYEES,TN,22764297,13432241,1815515,38307713,"credit union, under 100m",credit union
62542,1001333063,525937456,109657838,14021223,4608906,132281701,48901710,30656988,GOLDEN PLAINS,KS,79558698,635595294,4608906,733784121,"credit union, 1 to 10bn",credit union
62543,43796555,3492680,1679358,337401,292479,8154793,0,0,AUTO-OWNERS ASSOCIATES,MI,0,5172038,292479,5801918,"credit union, under 100m",credit union
62562,1813137085,208182798,47270415,26084171,55299672,204658988,249303330,540286256,CREDIT UNION ONE,MI,789589586,255453213,55299672,1126426642,"credit union, 1 to 10bn",credit union
62563,464823878,80329841,13616600,6682587,5904076,66503977,11689967,19951193,NORTH STAR COMMUNITY,ND,31641160,93946441,5904076,138174264,"credit union, 100m to 1bn",credit union
62564,24915531,4116622,3427854,0,831868,4902115,0,310453,PEOPLE'S,LA,310453,7544476,831868,8686797,"credit union, under 100m",credit union
62571,84187209,25824415,9399329,1550619,4993797,9375471,0,23757871,MEMORIAL,TX,23757871,35223744,4993797,65526031,"credit union, under 100m",credit union
62573,665954899,102172357,132081338,17127333,25940164,60321890,27836359,94287696,RIO GRANDE,NM,122124055,234253695,25940164,399445247,"credit union, 100m to 1bn",credit union
62574,4142018140,873741853,244626237,50511028,26853032,336581051,287877796,1316370122,MERITRUST,CO,1604247918,1118368090,26853032,2799980068,"credit union, 1 to 10bn",credit union
62588,42217520,6903140,2557913,538179,1306994,5691279,1745005,4422199,CLEVELAND POLICE,OH,6167204,9461053,1306994,17473430,"credit union, under 100m",credit union
62589,77656106,22317765,6089936,1091742,310531,7441860,2743283,7510327,EDUCATIONAL COMMUNITY,MO,10253610,28407701,310531,40063584,"credit union, under 100m",credit union
62593,18117314,3822510,2322685,1053579,133829,2995662,3442863,0,MED PARK,ND,3442863,6145195,133829,10775466,"credit union, under 100m",credit union
62598,105021453,25496425,8537671,525526,1098700,14530387,2648158,3289513,CIVIC CENTRAL,MO,5937671,34034096,1098700,41595993,"credit union, 100m to 1bn",credit union
62599,19668775,5141709,1024449,0,1792691,3269046,0,1588286,FEDERAL EMPLOYEES,AL,1588286,6166158,1792691,9547135,"credit union, under 100m",credit union
62604,29622756789,1141818833,1417850572,1647167788,943020455,3724543227,3487943836,8393098427,BOEING EMPLOYEES,WA,11881042263,2559669405,943020455,17030899911,"credit union, over 10bn",credit union
62611,11213553,4442332,1088552,64049,425747,1309953,0,0,NORTHWEST MISSOURI REGIONAL,MO,0,5530884,425747,6020680,"credit union, under 100m",credit union
62620,16474233,2527691,1686063,0,149284,2557125,0,0,INDEPENDENCE TEACHERS,MO,0,4213754,149284,4363038,"credit union, under 100m",credit union
62624,5886468,1445180,1057645,0,104495,1285162,1315244,0,ST. JAMES PARISH,OH,1315244,2502825,104495,3922564,"credit union, under 100m",credit union
62628,129255910,32828893,3516229,1573421,3187125,16767220,9423559,23940015,COMMUNITY ONE CREDIT UNION OF OHIO,OH,33363574,36345122,3187125,74469242,"credit union, 100m to 1bn",credit union
62637,27267329,1115264,2626464,0,930926,3447794,375531,5002030,JEMEZ VALLEY,NM,5377561,3741728,930926,10050215,"credit union, under 100m",credit union
62638,149357134,69260593,8473001,0,6286866,14674358,5880520,12540353,NORTH STAR COMMUNITY,IA,18420873,77733594,6286866,102441333,"credit union, 100m to 1bn",credit union
62641,858275447,93222620,63313940,9179365,25819978,129989319,62154972,197783338,SACRAMENTO,CA,259938310,156536560,25819978,451474213,"credit union, 100m to 1bn",credit union
62642,226785385,23966449,4978884,5303499,3751651,28226724,5672575,79596259,MICHIGAN LEGACY,MI,85268834,28945333,3751651,123269317,"credit union, 100m to 1bn",credit union
62656,1674852,76878,49375,0,93448,1023303,0,0,BERYLCO EMPLOYEES',PA,0,126253,93448,219701,"credit union, under 100m",credit union
62661,219596766,10173988,2877808,763288,5976805,39527788,5455253,65679841,NAHEOLA,AL,71135094,13051796,5976805,90926983,"credit union, 100m to 1bn",credit union
62664,27553792,9017059,3811284,1862226,1737249,6152440,0,2668623,HEALTH,AL,2668623,12828343,1737249,19096441,"credit union, under 100m",credit union
62665,617624155,120020788,69359990,13321863,10819632,88850889,37130176,65383380,CENTRAL WILLAMETTE,OR,102513556,189380778,10819632,316035829,"credit union, 100m to 1bn",credit union
62673,33285002,3306649,940046,557961,2374663,2866612,2425007,17620710,FIRST CAROLINA PEOPLE'S,NC,20045717,4246695,2374663,27225036,"credit union, under 100m",credit union
62683,99150578,17023132,4182748,0,2008784,12378775,9093451,20488278,MEMBERS COMMUNITY,IA,29581729,21205880,2008784,52796393,"credit union, under 100m",credit union
62701,90526640,13250291,3597983,936091,535925,10162088,11345046,7409692,CSD,MO,18754738,16848274,535925,37075028,"credit union, under 100m",credit union
62702,31366771,3521186,1876271,69550,319629,4330548,3205417,495568,K.U.M.C.,KS,3700985,5397457,319629,9487621,"credit union, under 100m",credit union
62710,885234807,227666996,107379136,68887962,126431899,72891433,34664553,106357644,PELICAN,LA,141022197,335046132,126431899,671388190,"credit union, 100m to 1bn",credit union
62715,2730153511,511909827,346082109,110965168,70538380,263811231,191332750,742088747,TOGETHER,MO,933421497,857991936,70538380,1972916981,"credit union, 1 to 10bn",credit union
62716,125146273,37300941,8380677,1580010,2326092,11797660,27020162,11934030,FIRST MISSOURI,MO,38954192,45681618,2326092,88541912,"credit union, 100m to 1bn",credit union
62717,4793026,721932,970043,0,703160,656366,0,0,OAK LAWN MUNICIPAL EMPLOYEES,IL,0,1691975,703160,2395135,"credit union, under 100m",credit union
62726,43579085,6005876,1388722,907785,2139210,7778957,7718680,905198,WEST METRO SCHOOLS,MN,8623878,7394598,2139210,19065471,"credit union, under 100m",credit union
62728,3598084924,101529453,98825691,37008093,24223215,524879549,61072831,607092485,SOUTHERN ENERGY,AL,668165316,200355144,24223215,929751768,"credit union, 1 to 10bn",credit union
62733,35096317,6147927,4034791,1794631,1348534,7345498,1553185,2187941,NSP,MN,3741126,10182718,1348534,17067009,"credit union, under 100m",credit union
62736,1943193530,161157344,128640920,60279850,39522117,252842409,170949185,880006390,MONTERRA,CA,1050955575,289798264,39522117,1440555806,"credit union, 1 to 10bn",credit union
62745,9532758137,452239714,1251067838,264010398,119433320,1430340624,945655069,2483168714,ONPOINT COMMUNITY,OR,3428823783,1703307552,119433320,5515575053,"credit union, 1 to 10bn",credit union
62756,182577595,37299563,20050727,5900174,11138334,28923334,7296945,49079842,SOUTHWEST LOUISIANA,LA,56376787,57350290,11138334,130765585,"credit union, 100m to 1bn",credit union
62776,822831822,203983275,25507743,7728809,7018347,95712866,206500258,139162833,SOOPER CU DBA CLIMB CU,CO,345663091,229491018,7018347,589901265,"credit union, 100m to 1bn",credit union
62783,172724377,39355492,24582406,433227,4131231,27847486,909800,35551176,ARTESIA,NM,36460976,63937898,4131231,104963332,"credit union, 100m to 1bn",credit union
62801,656235246,116716948,32635180,13913585,9306610,53880564,186205873,118541948,WEST COMMUNITY,MO,304747821,149352128,9306610,477320144,"credit union, 100m to 1bn",credit union
62808,126276073,23882557,8431114,2618514,7714810,29527682,0,21720722,DEPARTMENT OF CORRECTIONS,LA,21720722,32313671,7714810,64367717,"credit union, 100m to 1bn",credit union
62812,191397992,47137792,8736730,8528417,3755382,24345327,23963174,35104262,PUBLIC SAFETY,MO,59067436,55874522,3755382,127225757,"credit union, 100m to 1bn",credit union
62815,60103667,9083867,12291566,747564,628003,5219202,4778040,347866,RAYTOWN-LEE'S SUMMIT COMMUNITY,MO,5125906,21375433,628003,27876906,"credit union, under 100m",credit union
62822,28104445,403520,248020,0,9024,5708759,245541,15397361,LATVIAN CLEVELAND,OH,15642902,651540,9024,16303466,"credit union, under 100m",credit union
62826,23641122,4935596,2643220,272409,639788,3583177,1031779,0,ROCKFORD MUNICIPAL EMPLOYEES,IL,1031779,7578816,639788,9522792,"credit union, under 100m",credit union
62827,27735898,5377815,8969757,895390,915760,2962763,0,0,2 RIVERS AREA,IL,0,14347572,915760,16158722,"credit union, under 100m",credit union
62829,154291218,22243808,11541126,4702456,4533128,18752612,16837222,33813102,AFFINITY,IA,50650324,33784934,4533128,93670842,"credit union, 100m to 1bn",credit union
62841,79905859,25864565,8761615,0,4735812,8625589,1086281,4619555,RAILROAD EMPLOYEES,NM,5705836,34626180,4735812,45067828,"credit union, under 100m",credit union
62847,175164825,40073668,8976965,4869563,11945567,17398186,14382105,36628507,NORTHWOODS,MN,51010612,49050633,11945567,116876375,"credit union, 100m to 1bn",credit union
62848,1352617534,102169434,54221511,0,30379363,130462872,96035876,365115938,TELHIO,OH,461151814,156390945,30379363,647922122,"credit union, 1 to 10bn",credit union
62854,402898152,32491560,12498868,5509497,2315231,49571879,56084280,51510270,PARTNERSHIP FINANCIAL,IL,107594550,44990428,2315231,160409706,"credit union, 100m to 1bn",credit union
62855,16705332,1752104,410752,0,3646235,2991748,0,0,DIVISION 819 TRANSIT EMPLOYEES,NJ,0,2162856,3646235,5809091,"credit union, under 100m",credit union
62872,358467461,73409131,19846029,8556834,13711459,35676014,37683874,56389036,FIRST ALLIANCE,MN,94072910,93255160,13711459,209596363,"credit union, 100m to 1bn",credit union
62877,11304908,3586078,1528337,138756,772030,1720022,0,0,MIDDLETOWN AREA SCHOOLS,OH,0,5114415,772030,6025201,"credit union, under 100m",credit union
62878,46100802,4426633,1410261,839474,901562,8635424,5801734,9757938,CAPITOL VIEW,IA,15559672,5836894,901562,23137602,"credit union, under 100m",credit union
62881,733393551,146075227,98846748,9586553,7344292,64493608,104569040,135307046,ARIZONA CENTRAL,AZ,239876086,244921975,7344292,501728906,"credit union, 100m to 1bn",credit union
62882,4284102386,651163847,279150413,3941706,36711177,423528213,258616796,1958096854,NAVIGANT,RI,2216713650,930314260,36711177,3187680793,"credit union, 1 to 10bn",credit union
62894,57286583,12508893,4414547,612671,1083323,8686176,8779450,2792171,ARK VALLEY,KS,11571621,16923440,1083323,30191055,"credit union, under 100m",credit union
62895,16171317,3534870,1248145,0,146667,3316527,2796876,611555,BURLINGTON NORTHTOWN COMMUNITY,MO,3408431,4783015,146667,8338113,"credit union, under 100m",credit union
62897,450464825,12201514,3843664,0,1378653,39823170,28387921,199701771,ASSEMBLIES OF GOD,MO,228089692,16045178,1378653,245513523,"credit union, 100m to 1bn",credit union
62903,643645213,168566255,75458566,24364,6369679,60452080,36596328,69298231,PARTNER COLORADO,CO,105894559,244024821,6369679,356313423,"credit union, 100m to 1bn",credit union
62905,573316381,84299381,18107835,20327452,6327499,69055821,91543682,138993494,NEIGHBORS,MO,230537176,102407216,6327499,359599343,"credit union, 100m to 1bn",credit union
62918,311109658,55227971,25792645,2838581,6503016,29679441,17877119,82499121,MEMBERS1ST COMMUNITY,IA,100376240,81020616,6503016,190738453,"credit union, 100m to 1bn",credit union
62929,22400478,4733808,5930929,0,1225355,7433355,0,32645,FEDERAL EMPLOYEES,LA,32645,10664737,1225355,11922737,"credit union, under 100m",credit union
62930,34449986,6113582,3017825,339441,416853,3401848,7662227,977239,COLUMBIA,MO,8639466,9131407,416853,18527167,"credit union, under 100m",credit union
62936,3520235,211512,107194,0,1643121,498523,45414,0,N.O. PORT COMMISSION EMPLOYEES,LA,45414,318706,1643121,2007241,"credit union, under 100m",credit union
62937,263249442,39335476,50076484,6793448,2962468,28257049,16962210,20110039,LANDINGS,AZ,37072249,89411960,2962468,136240125,"credit union, 100m to 1bn",credit union
62939,42279612,3280877,2640555,618126,530928,4639995,0,2072038,STREATOR COMMUNITY,IL,2072038,5921432,530928,9142524,"credit union, under 100m",credit union
62950,1869118,522990,611583,0,181147,271919,51200,0,DANFOSS EMPLOYEES,MN,51200,1134573,181147,1366920,"credit union, under 100m",credit union
62960,43723446,5457033,953840,763212,687857,5756670,48014,10395410,SHOW-ME,MO,10443424,6410873,687857,18305366,"credit union, under 100m",credit union
62964,223496165,24678754,6013591,2791735,1805184,22246931,22191445,5470487,EXPEDITION,MN,27661932,30692345,1805184,62951196,"credit union, 100m to 1bn",credit union
62965,241691544,49778299,6404676,3440277,5128040,34519992,24717400,59563049,FINANCIAL PLUS,IA,84280449,56182975,5128040,149031741,"credit union, 100m to 1bn",credit union
62969,1527322740,151095772,34956442,17319880,9265038,118799356,107693542,455190325,COLLINS COMMUNITY,IA,562883867,186052214,9265038,775520999,"credit union, 1 to 10bn",credit union
62976,133890866,17040079,5020923,777819,1254158,14830647,4242728,14574353,CONNECTED,ME,18817081,22061002,1254158,42910060,"credit union, 100m to 1bn",credit union
62978,1068601626,124862661,22246283,17247049,18057988,115641780,121833420,292768391,IDEAL,MN,414601811,147108944,18057988,597015792,"credit union, 1 to 10bn",credit union
62983,507705142,58050681,19035290,6962580,11989934,63667368,66235613,217287023,802,VT,283522636,77085971,11989934,379561121,"credit union, 100m to 1bn",credit union
62985,10244933,3113025,2061683,0,870466,1825199,0,0,GUCO,NC,0,5174708,870466,6045174,"credit union, under 100m",credit union
62998,14314921,548408,377024,0,334775,2217574,1212197,2896326,SPOJNIA,PA,4108523,925432,334775,5368730,"credit union, under 100m",credit union
63004,1883528208,213758933,35110712,67159271,18661516,229010700,125488986,604911919,HONOR,MI,730400905,248869645,18661516,1065091337,"credit union, 1 to 10bn",credit union
63008,22030610,0,0,0,7866266,9120151,0,0,NEW ORLEANS POLICE DEPARTMENT EMP.,LA,0,0,7866266,7866266,"credit union, under 100m",credit union
63020,368798234,63300719,6272015,12493309,12358422,56948612,29768246,78147413,SUMMIT,NC,107915659,69572734,12358422,202340124,"credit union, 100m to 1bn",credit union
63042,11727110,3676587,910772,0,293802,3023111,0,0,TOPEKA FIREMEN'S,KS,0,4587359,293802,4881161,"credit union, under 100m",credit union
63055,20118748,1427944,374382,0,168471,1314826,0,15220840,ST. LOUIS NEWSPAPER CARRIERS,MO,15220840,1802326,168471,17191637,"credit union, under 100m",credit union
63057,1473625729,215377062,26961846,43452497,49494270,162952456,28715927,377364231,LISTERHILL,AL,406080158,242338908,49494270,741365833,"credit union, 1 to 10bn",credit union
63058,50905504,7881210,2129439,827021,1206485,6679031,3835052,5832574,METRO PLUS,KY,9667626,10010649,1206485,21711781,"credit union, under 100m",credit union
63069,54680189,7368075,3977231,1561935,2632128,6782737,4874910,8649342,POST OFFICE EMPLOYEES',LA,13524252,11345306,2632128,29063621,"credit union, under 100m",credit union
63090,20097896,5178709,795933,336612,502253,2635724,618156,1010064,HUTCHINSON GOVERNMENT EMPLOYEES,KS,1628220,5974642,502253,8441727,"credit union, under 100m",credit union
63098,360143278,39647417,12816798,8863928,2359659,42483900,30859995,105967994,SHAREPOINT,MN,136827989,52464215,2359659,200515791,"credit union, 100m to 1bn",credit union
63100,74111442,10605989,3438943,785846,565135,8583011,1661577,6735386,CHAMPION,OH,8396963,14044932,565135,23792876,"credit union, under 100m",credit union
63103,45710229,6472270,4729666,300617,1162776,6171039,0,0,BLOOMINGTON MUNICIPAL,IL,0,11201936,1162776,12665329,"credit union, under 100m",credit union
63116,337867050,144911776,37597693,3692869,4977947,44541301,20412392,27375050,TELCOMM,MO,47787442,182509469,4977947,238967727,"credit union, 100m to 1bn",credit union
63122,109550107,15767418,6686771,463284,2243376,12377276,17900876,10991889,WELD COMMUNITY,CO,28892765,22454189,2243376,54053614,"credit union, 100m to 1bn",credit union
63124,170894578,28763513,11862500,0,2925142,24064187,7669589,62684042,1ST GATEWAY,IA,70353631,40626013,2925142,113904786,"credit union, 100m to 1bn",credit union
63133,538454521,61207057,15493811,11147639,14430903,50439149,37399393,239780308,UNIVERSITY,ME,277179701,76700868,14430903,379459111,"credit union, 100m to 1bn",credit union
63137,92019291,0,0,0,0,14773879,0,37596,VISION ONE,CA,37596,0,0,37596,"credit union, under 100m",credit union
63142,62920117,6487053,5816768,0,2015424,10248260,5694789,2598601,CALCASIEU TEACHERS AND EMPLOYEES,LA,8293390,12303821,2015424,22612635,"credit union, under 100m",credit union
63143,622207,49346,82140,0,7571,194529,0,0,IMMACULATE HEART OF MARY,LA,0,131486,7571,139057,"credit union, under 100m",credit union
63157,51597285,4652193,7404338,2748438,3275475,6931809,3930496,791866,PIPEFITTERS-STEAMFITTERS,MN,4722362,12056531,3275475,22802806,"credit union, under 100m",credit union
63159,41548280,11141641,3303503,0,4188371,5355308,1877797,3515561,FORT DODGE FAMILY,IA,5393358,14445144,4188371,24026873,"credit union, under 100m",credit union
63169,25113113,6745132,1725134,240632,611786,4128803,2142599,1600353,RELIANCE,KS,3742952,8470266,611786,13065636,"credit union, under 100m",credit union
63177,11272928,1973582,1324595,186163,81800,1475478,1077976,0,THE CATHOLIC,OH,1077976,3298177,81800,4644116,"credit union, under 100m",credit union
63183,63956827,8580810,2752291,653957,1846914,9603537,1318116,2171,RIMROCK,MT,1320287,11333101,1846914,15154259,"credit union, under 100m",credit union
63189,198514157,55923403,5176713,1322483,4832531,27814133,12596617,16361108,WHITE EAGLE,KS,28957725,61100116,4832531,96212855,"credit union, 100m to 1bn",credit union
63194,15517399383,2500352029,2481312792,309128574,270371231,1292008299,1420044815,4364899328,IDAHO CENTRAL,ID,5784944143,4981664821,270371231,11346108769,"credit union, over 10bn",credit union
63196,3006504811,246776361,561942677,41191896,8278733,358696297,184068911,475404695,SELCO COMMUNITY,OR,659473606,808719038,8278733,1517663273,"credit union, 1 to 10bn",credit union
63199,186571965,7177727,2136418,1089160,610682,40323434,4200937,43172239,LINCOLN COUNTY,MT,47373176,9314145,610682,58387163,"credit union, 100m to 1bn",credit union
63201,210263839,66335133,13688856,2209134,13092861,19245142,19740443,35001920,FRONTIER COMMUNITY,KS,54742363,80023989,13092861,150068347,"credit union, 100m to 1bn",credit union
63211,22093798,12153661,1217972,431432,1953467,1909613,1245545,769899,WHEAT STATE,KS,2015444,13371633,1953467,17771976,"credit union, under 100m",credit union
63213,16276069,3627754,1341108,285596,928111,2716715,407706,0,OTTAWA HIWAY,IL,407706,4968862,928111,6590275,"credit union, under 100m",credit union
63217,12151124,2856916,1401321,0,397983,2418388,25505,111583,1ST KANSAS,KS,137088,4258237,397983,4793308,"credit union, under 100m",credit union
63218,160488401,76597902,14709496,2626751,2476715,19597716,3271680,14412453,TELCO TRIAD COMMUNITY,IA,17684133,91307398,2476715,114094997,"credit union, 100m to 1bn",credit union
63249,75238766,10720276,5690983,2256813,3405071,11889331,10872471,19354589,HEALTH CARE FAMILY,MO,30227060,16411259,3405071,52300203,"credit union, under 100m",credit union
63258,6721263,3243596,209615,0,799716,1277649,0,0,MOWER COUNTY CATHOLIC PARISHES,MN,0,3453211,799716,4252927,"credit union, under 100m",credit union
63262,159903916,22033032,24078771,4408285,2683905,22941121,4598810,3633946,HELLO,FL,8232756,46111803,2683905,61436749,"credit union, 100m to 1bn",credit union
63268,595988616,75303783,15723237,15850558,12820847,60546192,42684268,189849170,ASCENTRA,IA,232533438,91027020,12820847,352231863,"credit union, 100m to 1bn",credit union
63272,749451322,125246537,20424441,0,48087704,74013936,116831897,134313035,GRANITE STATE,NH,251144932,145670978,48087704,444903614,"credit union, 100m to 1bn",credit union
63286,45512463,3189199,2155671,1301903,1326585,7194476,590848,6352902,FOX VALLEY,IL,6943750,5344870,1326585,14917108,"credit union, under 100m",credit union
63299,203353072,38207259,11092447,0,10711237,38559755,9453317,14885328,EMPLOYEES,IA,24338645,49299706,10711237,84349588,"credit union, 100m to 1bn",credit union
63300,467417707,95386089,21643115,8236110,5980832,46444895,47606993,28918546,SKYWARD,KS,76525539,117029204,5980832,207771685,"credit union, 100m to 1bn",credit union
63306,90882020,22906455,22302984,609191,848265,11321041,7153332,11977436,MULTI-STATES,MO,19130768,45209439,848265,65797663,"credit union, under 100m",credit union
63315,247672158,7126469,7578032,4195987,1467259,42394705,6275579,24442152,NW PRIORITY,OR,30717731,14704501,1467259,51085478,"credit union, 100m to 1bn",credit union
63319,42113971,6631210,1081633,222878,599574,6446081,263036,2251263,CREDIT UNION OF EMPORIA,KS,2514299,7712843,599574,11049594,"credit union, under 100m",credit union
63342,106622022,16747005,5899891,1773481,2322786,17137047,3814538,7039310,THE LOCAL,MI,10853848,22646896,2322786,37597011,"credit union, 100m to 1bn",credit union
63368,111606739,25268711,3561320,3810053,6596507,28368833,4395702,32639094,"MEMBERS ""FIRST"" COMMUNITY",IL,37034796,28830031,6596507,76271387,"credit union, 100m to 1bn",credit union
63374,106771616,10166119,2716448,0,915856,23434996,88614,8291657,FARMWAY,KS,8380271,12882567,915856,22178694,"credit union, 100m to 1bn",credit union
63375,107858796,16752297,5397806,3036771,2015717,12508790,6966944,10842670,BAY AREA,OH,17809614,22150103,2015717,45012205,"credit union, 100m to 1bn",credit union
63377,805906272,134427433,54184281,13713753,12097288,78843233,30254490,215094128,MAINE STATE,ME,245348618,188611714,12097288,459771373,"credit union, 100m to 1bn",credit union
63378,2210724,110137,213983,111752,36358,371839,0,0,QUINCY POSTAL EMPLOYEES,IL,0,324120,36358,472230,"credit union, under 100m",credit union
63386,15074626,6176853,2677772,514732,775702,1744564,0,0,SCOTT ASSOCIATES,OH,0,8854625,775702,10145059,"credit union, under 100m",credit union
63388,46397995,3379460,3264336,389968,1096013,4006983,1601382,18261843,KANSAS CITY,MO,19863225,6643796,1096013,27993002,"credit union, under 100m",credit union
63389,85753892,18271786,4578794,2662115,2489157,7193514,9064391,16535714,VOLT,MO,25600105,22850580,2489157,53601957,"credit union, under 100m",credit union
63398,74348553,5808747,2687180,370709,942202,12620389,1653376,12103101,ELY AREA,MN,13756477,8495927,942202,23565315,"credit union, under 100m",credit union
63405,59014367,9728858,7456074,843563,2506177,12936552,5623879,5767716,SIMPLOT,ID,11391595,17184932,2506177,31926267,"credit union, under 100m",credit union
63420,30456572,4196054,1082972,0,370878,5719883,426063,0,DISTRICT ONE HIGHWAY,MO,426063,5279026,370878,6075967,"credit union, under 100m",credit union
63425,120698026,24955548,6586230,2570633,1918903,21302573,3388147,35395389,NOVA,NC,38783536,31541778,1918903,74814850,"credit union, 100m to 1bn",credit union
63440,1809623273,211523777,247559238,43130830,22166518,178355607,93457190,376814888,UNITUS COMMUNITY,OR,470272078,459083015,22166518,994652441,"credit union, 1 to 10bn",credit union
63445,15634252,3016637,1210351,0,366839,5360825,711589,3339716,GREENSBORO POSTAL,NC,4051305,4226988,366839,8645132,"credit union, under 100m",credit union
63447,120160869,40228502,6095181,1102990,4852199,12600177,3113652,19251262,COMMUNITY,ME,22364914,46323683,4852199,74643786,"credit union, 100m to 1bn",credit union
63459,2846026,1417832,319972,0,67946,249375,0,0,WILLIAMSON COUNTY CATHOLIC,IL,0,1737804,67946,1805750,"credit union, under 100m",credit union
63468,6148782,2856294,253639,0,73006,1350370,1248474,0,VALLEY EDUCATORS,CO,1248474,3109933,73006,4431413,"credit union, under 100m",credit union
63476,31406645,1093358,1314681,316034,281131,6861798,1774889,13140378,GATEWAY,OR,14915267,2408039,281131,17920471,"credit union, under 100m",credit union
63507,30519573,12092493,3448859,0,807367,2972466,1492290,0,DE SOTO MO PAC,MO,1492290,15541352,807367,17841009,"credit union, under 100m",credit union
63519,30266203,11485587,4045534,2373107,1573528,3341709,2865712,547535,BLUE FLAME,NC,3413247,15531121,1573528,22891003,"credit union, under 100m",credit union
63532,855420252,203783707,97341589,12398264,18485311,70755280,25477517,250425704,ATOMIC,OH,275903221,301125296,18485311,607912092,"credit union, 100m to 1bn",credit union
63541,89569616,28276478,10741826,1339391,2591246,6989719,5367372,5174142,THE CREDIT UNION FOR ALL,IL,10541514,39018304,2591246,53490455,"credit union, under 100m",credit union
63545,429290480,54671007,26403886,3877754,1329589,53347877,7537659,112333112,TELCO COMMUNITY CREDIT UNION,NC,119870771,81074893,1329589,206153007,"credit union, 100m to 1bn",credit union
63566,55963595,8461866,4684920,151592,3584056,7834482,928799,678992,CHARLOTTE FIRE DEPARTMENT,NC,1607791,13146786,3584056,18490225,"credit union, under 100m",credit union
63589,54060207,826234,2664213,233282,110684,8960543,0,18595962,JACOM,CA,18595962,3490447,110684,22430375,"credit union, under 100m",credit union
63595,152604,0,0,0,6702,57580,0,0,MOUNT VERNON BAPTIST CHURCH,NC,0,0,6702,6702,"credit union, under 100m",credit union
63597,302106361,65415878,28757313,8306003,8782226,45834076,4200086,41428012,UNITED,MO,45628098,94173191,8782226,156889518,"credit union, 100m to 1bn",credit union
63598,42572638,3586638,3020787,706447,350686,8068699,5572093,0,B&V,KS,5572093,6607425,350686,13236651,"credit union, under 100m",credit union
63602,776342412,120090955,70230247,14207542,3591467,74035849,48442219,211097038,CORDA,IA,259539257,190321202,3591467,467659468,"credit union, 100m to 1bn",credit union
63606,89597913,31603435,7060651,247695,3488154,14075866,0,5017283,GOETZ,MO,5017283,38664086,3488154,47417218,"credit union, under 100m",credit union
63613,93337614,15581682,3474888,2486292,542924,11450138,2213806,19167707,DAKOTA PLAINS,ND,21381513,19056570,542924,43467299,"credit union, under 100m",credit union
63614,50984273,4728031,1475465,711119,808147,7522616,1986887,9546811,CHAMPION COMMUNITY,AL,11533698,6203496,808147,19256460,"credit union, under 100m",credit union
63627,15031688,4801049,3533787,0,888093,2187881,0,654948,WINSLOW SANTA FE,AZ,654948,8334836,888093,9877877,"credit union, under 100m",credit union
63630,13250844,2074120,1559570,0,1659774,1493587,0,0,ATCHISON VILLAGE,CA,0,3633690,1659774,5293464,"credit union, under 100m",credit union
63639,604675671,80405310,19181467,6998746,18656490,60144631,53221964,122898783,MINNCO,MN,176120747,99586777,18656490,301362760,"credit union, 100m to 1bn",credit union
63676,6038604,643591,920492,0,420730,1533436,0,0,COLUMBIANA COUNTY SCHOOL EMPL,OH,0,1564083,420730,1984813,"credit union, under 100m",credit union
63679,48723646,14323723,5383828,550455,901203,7494877,1599008,1617951,PAINESVILLE CREDIT UNION,OH,3216959,19707551,901203,24376168,"credit union, under 100m",credit union
63715,4741182,90236,115826,0,252411,676070,0,0,GREENSBURG TEACHERS,PA,0,206062,252411,458473,"credit union, under 100m",credit union
63716,498907997,102347789,23292519,0,6946113,48943346,21571849,72592414,LAND OF LINCOLN,IL,94164263,125640308,6946113,226750684,"credit union, 100m to 1bn",credit union
63757,523363059,119644190,26537229,13514147,18035505,78908366,57052293,136978777,LIBERTY FIRST,NE,194031070,146181419,18035505,371762141,"credit union, 100m to 1bn",credit union
63783,205932895,45688187,24793546,4809672,8948915,26190230,10504954,7412260,COOPERATIVE CHOICE NETWORK,IL,17917214,70481733,8948915,102157534,"credit union, 100m to 1bn",credit union
63789,423113688,55658805,21050914,0,2895659,47302482,24746858,185538885,ALLIANCE,MO,210285743,76709719,2895659,289891121,"credit union, 100m to 1bn",credit union
63791,51979670,6231720,7196067,814811,1219263,5648708,110459,2640838,RIVERSIDE COMMUNITY,IL,2751297,13427787,1219263,18213158,"credit union, under 100m",credit union
63802,7069154,1507820,1024934,267923,183321,972235,0,0,MEMORIAL,TN,0,2532754,183321,2983998,"credit union, under 100m",credit union
63805,1118587507,110043943,30695050,32986718,13279078,111033265,53321742,311880295,CHRISTIAN FINANCIAL,MI,365202037,140738993,13279078,552206826,"credit union, 1 to 10bn",credit union
63828,434923062,53631474,6416820,0,11269682,46381353,48256623,125099803,CPORT,ME,173356426,60048294,11269682,244674402,"credit union, 100m to 1bn",credit union
63829,1798426928,453313352,198111755,18809385,10993804,179135348,195722939,524347600,ST. MARY'S BANK,NH,720070539,651425107,10993804,1401298835,"credit union, 1 to 10bn",credit union
63830,5497697,1155150,951417,0,112998,1039596,0,0,SIKESTON PUBLIC SCHOOLS,MO,0,2106567,112998,2219565,"credit union, under 100m",credit union
63832,1711613205,248352716,225482167,28066461,4248872,188691357,295905545,469585871,TRUWEST,AZ,765491416,473834883,4248872,1271641632,"credit union, 1 to 10bn",credit union
63834,91372316,16137452,2116175,740050,3842083,9437460,1924629,15003333,JEFFERSON CREDIT UNION,AL,16927962,18253627,3842083,39763722,"credit union, under 100m",credit union
63844,58755600,25033684,4617315,338541,2008354,6950496,0,287270,HORIZON,MO,287270,29650999,2008354,32285164,"credit union, under 100m",credit union
63851,6800931,484339,1553410,0,194375,1381717,0,0,C-F LA.,LA,0,2037749,194375,2232124,"credit union, under 100m",credit union
63859,151978942,7843585,1321743,979169,7405890,20828057,3071428,85364003,GREEN MOUNTAIN,VT,88435431,9165328,7405890,105985818,"credit union, 100m to 1bn",credit union
63868,8084055,1046430,2618088,46117,58082,1371178,0,0,GALLATIN STEAM PLANT,TN,0,3664518,58082,3768717,"credit union, under 100m",credit union
63891,5824234,2475616,541994,0,83874,641482,726677,402867,LATVIAN,MN,1129544,3017610,83874,4231028,"credit union, under 100m",credit union
63899,22944654,2246491,1895819,1265500,489418,2162530,2218169,6504253,MEMBERS 1ST,VT,8722422,4142310,489418,14619650,"credit union, under 100m",credit union
63903,3688079,54435,120386,0,3570,919371,0,0,RADIO CAB,OR,0,174821,3570,178391,"credit union, under 100m",credit union
63923,263585530,41973273,9486623,5933700,9675064,20542140,29511874,57378464,ONE,VT,86890338,51459896,9675064,153958998,"credit union, 100m to 1bn",credit union
63932,1014101134,313234753,97795256,35225515,19883071,135229738,36762089,231665416,1ST MIDAMERICA,IL,268427505,411030009,19883071,734566100,"credit union, 1 to 10bn",credit union
63940,40143887,2121267,3655907,2509476,741018,2343152,3967479,1203343,RED OAK,AL,5170822,5777174,741018,14198490,"credit union, under 100m",credit union
63943,54131711,3132558,1650828,397454,689392,8777796,975660,1492449,GLATCO,PA,2468109,4783386,689392,8338341,"credit union, under 100m",credit union
63958,1257858122,160676843,103602828,41362015,25908361,152905255,171425029,307716405,1ST UNITED,CA,479141434,264279671,25908361,810691481,"credit union, 1 to 10bn",credit union
63965,45678790,5364140,2215063,329097,982183,5058576,689055,10716478,VIRGINIA COOP,MN,11405533,7579203,982183,20296016,"credit union, under 100m",credit union
63971,97519751,5672451,9763437,5494090,1090926,12324320,34227890,11147536,POINT WEST,OR,45375426,15435888,1090926,67396330,"credit union, under 100m",credit union
63977,38560041,4597842,5475609,617633,289848,4866498,7573573,4003883,MINNESOTA CATHOLIC,MN,11577456,10073451,289848,22558388,"credit union, under 100m",credit union
63988,8434350,1316508,1067338,215499,91634,2074697,439431,76640,ELECTRIC MACHINERY EMPLOYEES,MN,516071,2383846,91634,3207050,"credit union, under 100m",credit union
64029,172120941,27086218,6411727,5565199,2746134,18169554,9117190,64307694,SANTA CRUZ COMMUNITY,CA,73424884,33497945,2746134,115234162,"credit union, 100m to 1bn",credit union
64030,106494724,23999597,3413874,1913053,1316015,16306627,4255817,17728876,ADVANTAGE,IA,21984693,27413471,1316015,52627232,"credit union, 100m to 1bn",credit union
64034,14329852,1257493,164831,0,866795,1775936,0,7271264,GREATER KINSTON,NC,7271264,1422324,866795,9560383,"credit union, under 100m",credit union
64036,123276154,28993577,17712676,900686,1555116,11423016,10308501,11495620,MISSOURI CENTRAL,MO,21804121,46706253,1555116,70966176,"credit union, 100m to 1bn",credit union
64037,155989001,22507554,3880109,2775736,4980477,17766545,11919130,20237418,POWER,CO,32156548,26387663,4980477,66300424,"credit union, 100m to 1bn",credit union
64038,20417061,1681466,1855004,402417,544940,3989012,0,0,BLOOMINGTON POSTAL EMPLOYEES,IL,0,3536470,544940,4483827,"credit union, under 100m",credit union
64049,3545329241,528700220,161763125,91321272,43995900,472430890,227403383,622729064,DUPACO COMMUNITY,IA,850132447,690463345,43995900,1675912964,"credit union, 1 to 10bn",credit union
64056,25934020,4298007,2795636,421772,1893585,3011201,1037485,31523,COUNTY,MO,1069008,7093643,1893585,10478008,"credit union, under 100m",credit union
64059,69395684,1701422,2841790,764770,1066534,7339156,3810612,22772396,BENTON COUNTY SCHOOLS,OR,26583008,4543212,1066534,32957524,"credit union, under 100m",credit union
64062,85166247,13680345,5195197,0,871490,8764683,2528437,14599909,SABATTUS REGIONAL,ME,17128346,18875542,871490,36875378,"credit union, under 100m",credit union
64067,26296783,3836200,2184392,0,9365,3181865,253206,1573371,FAMILY COMMUNITY,IA,1826577,6020592,9365,7856534,"credit union, under 100m",credit union
64084,1070248385,286459494,75652350,24806268,19837368,113890701,46728162,242497212,MAZUMA,KS,289225374,362111844,19837368,695980854,"credit union, 1 to 10bn",credit union
64089,8664693,1953645,940990,0,419032,1639303,1049906,0,FIRST PACE,MN,1049906,2894635,419032,4363573,"credit union, under 100m",credit union
64103,82047262,10412040,3947401,1326113,6083503,8444944,17375086,19513301,FORRIT,OR,36888387,14359441,6083503,58657444,"credit union, under 100m",credit union
64108,1972981,174035,187985,0,162800,453984,0,0,FOUNTAIN VALLEY,CA,0,362020,162800,524820,"credit union, under 100m",credit union
64110,154010521,34231014,2730826,3038695,1148197,10815124,19817317,28379280,ARAPAHOE,CO,48196597,36961840,1148197,89345329,"credit union, 100m to 1bn",credit union
64122,82223457,16282618,8529358,3154635,8979922,5636149,7947880,11688302,VALLEY OAK,CA,19636182,24811976,8979922,56582715,"credit union, under 100m",credit union
64131,9653748817,2122502159,575664417,784475425,312337961,1144149215,825457003,2272102932,PENNSYLVANIA STATE EMPLOYEES,PA,3097559935,2698166576,312337961,6892539897,"credit union, 1 to 10bn",credit union
64140,91436601,25218172,4705101,644982,345719,9666602,1164170,23683874,PEOPLES,IA,24848044,29923273,345719,55762018,"credit union, under 100m",credit union
64144,107331725,2847373,989704,788481,1980342,12608437,35008012,31416714,WORCESTER,MA,66424726,3837077,1980342,73030626,"credit union, 100m to 1bn",credit union
64145,94657379,19080252,26796869,316533,2113440,9328757,6575394,12526373,POSTAL & COMMUNITY,MO,19101767,45877121,2113440,67408861,"credit union, under 100m",credit union
64166,1851244111,194487582,118972813,34855932,45846096,175492803,179305721,229848225,MARION AND POLK SCHOOLS,OR,409153946,313460395,45846096,803316369,"credit union, 1 to 10bn",credit union
64168,172007628,26163488,4400206,6432031,3172638,17326205,21304678,37583695,HEARTLAND,MN,58888373,30563694,3172638,99056736,"credit union, 100m to 1bn",credit union
64169,118596047,16585950,3677295,2161920,4996387,15163444,19087720,14502677,VALLEY,OR,33590397,20263245,4996387,61011949,"credit union, 100m to 1bn",credit union
64171,1170094815,40154297,64858696,26330839,28097803,102198590,158024846,441782434,UNIVERSITY,CA,599807280,105012993,28097803,759248915,"credit union, 1 to 10bn",credit union
64186,11580507,2427091,589882,216857,460548,2210812,1143430,872331,AUSTIN CITY EMPLOYEES,MN,2015761,3016973,460548,5710139,"credit union, under 100m",credit union
64191,127820584,54266411,19435132,852761,1211685,12467972,4018833,22941925,NORTH IOWA COMMUNITY,IA,26960758,73701543,1211685,102726747,"credit union, 100m to 1bn",credit union
64199,194910506,33313341,11801163,2478558,2245559,19008404,17944739,45215513,CONSERVATION EMPLOYEES,MO,63160252,45114504,2245559,112998873,"credit union, 100m to 1bn",credit union
64203,715097483,177273714,113963394,17601740,13352319,67419980,11888433,221421187,GREATER IOWA,IA,233309620,291237108,13352319,555500787,"credit union, 100m to 1bn",credit union
64208,7795483,4507938,882315,0,783072,1079382,0,0,LOVERS LANE,MO,0,5390253,783072,6173325,"credit union, under 100m",credit union
64212,34358482,3162574,1129995,142843,1291566,5752806,0,2610294,MERIDIAN,IA,2610294,4292569,1291566,8337272,"credit union, under 100m",credit union
64222,9205213,1098593,920996,0,72828,1454887,0,0,SOUTH CENTRAL MISSOURI,MO,0,2019589,72828,2092417,"credit union, under 100m",credit union
64231,95786833,12001102,2043125,0,1052307,10334954,6543493,10584489,FIRST CLASS COMMUNITY,IA,17127982,14044227,1052307,32224516,"credit union, under 100m",credit union
64234,73373861,21364324,10577463,596098,2704483,6270175,4125545,1198781,LENNOX EMPLOYEES,IA,5324326,31941787,2704483,40566694,"credit union, under 100m",credit union
64242,11299619,2933719,1541807,0,1061442,1784263,0,0,PARIS HI-WAY,IL,0,4475526,1061442,5536968,"credit union, under 100m",credit union
64252,1044007,61870,0,22709,27380,276079,0,0,FELLOWSHIP BAPTIST CHURCH,IL,0,61870,27380,111959,"credit union, under 100m",credit union
64267,21373090,2404580,1308184,202832,186685,2616289,0,0,ELECTRICAL WORKERS LOCAL 58,MI,0,3712764,186685,4102281,"credit union, under 100m",credit union
64269,1809238,806499,192198,0,87089,639599,0,0,S E C U,IA,0,998697,87089,1085786,"credit union, under 100m",credit union
64271,382882865,48461144,27077286,9810980,2224766,32895560,119452131,122724475,PREMIER,IA,242176606,75538430,2224766,329750782,"credit union, 100m to 1bn",credit union
64275,86886425,20118981,3936682,3668206,1936889,10200957,4982931,14081478,PUBLIC SERVICE #3,IN,19064409,24055663,1936889,48725167,"credit union, under 100m",credit union
64281,106018515,15338909,3123327,397433,520846,10449770,2631588,19205145,CHEROKEE STRIP,OK,21836733,18462236,520846,41217248,"credit union, 100m to 1bn",credit union
64282,10374866,1701100,2187049,0,324293,2214615,0,0,NORTH WESTERN EMPLOYEES,IA,0,3888149,324293,4212442,"credit union, under 100m",credit union
64294,27714115,3918092,3617328,0,401764,5223553,4486836,2047712,AREA COMMUNITY,ND,6534548,7535420,401764,14471732,"credit union, under 100m",credit union
64304,9261247,3605648,792861,0,43962,1384805,1334055,353192,ALEXANDRIA SCHOOLS EMPLOYEES,MN,1687247,4398509,43962,6129718,"credit union, under 100m",credit union
64323,7518823,607490,575957,0,87375,1574330,342986,0,ACE,IA,342986,1183447,87375,1613808,"credit union, under 100m",credit union
64340,8534297,2230818,1363630,407105,266754,800431,0,0,ONE THIRTEEN,CO,0,3594448,266754,4268307,"credit union, under 100m",credit union
64342,1180509852,242042305,19392214,22493246,16064916,149196129,236100436,130931257,CREDIT UNION OF DENVER,CO,367031693,261434519,16064916,667024374,"credit union, 1 to 10bn",credit union
64359,7840043,2208220,1157383,0,64543,1790297,0,0,DULUTH POLICE DEPARTMENT EMPLOYEES,MN,0,3365603,64543,3430146,"credit union, under 100m",credit union
64361,97647734,18225139,4730697,1153395,965975,16465817,9081346,12185849,JOURNEY,IA,21267195,22955836,965975,46342401,"credit union, under 100m",credit union
64380,77739045,12891371,1606108,1149136,1137126,9781844,3957082,12148468,DES MOINES METRO,IA,16105550,14497479,1137126,32889291,"credit union, under 100m",credit union
64394,19133521,5048964,1297762,133327,1331634,1599196,0,0,SUMMIT RIDGE,MO,0,6346726,1331634,7811687,"credit union, under 100m",credit union
64397,7147699,669009,1155335,0,98795,775997,0,0,FEDCO,MO,0,1824344,98795,1923139,"credit union, under 100m",credit union
64408,106269994,5450257,1886482,488140,373405,9143335,7629200,17887751,VUE COMMUNITY,ND,25516951,7336739,373405,33715235,"credit union, 100m to 1bn",credit union
64412,119964199,22037727,13897977,1091906,1686549,15212040,4898737,3625215,FIRST AMERICAN,AZ,8523952,35935704,1686549,47238111,"credit union, 100m to 1bn",credit union
64417,43600637,11770571,2924241,412484,292061,4552725,1663321,10042064,SIOUX VALLEY COMMUNITY,IA,11705385,14694812,292061,27104742,"credit union, under 100m",credit union
64418,9152920868,2937114293,639528517,148495061,111345031,1059109097,767607368,2385901552,VERIDIAN,IA,3153508920,3576642810,111345031,6989991822,"credit union, 1 to 10bn",credit union
64425,20080195,4393020,2625354,0,718119,3751504,21139,0,ST. LOUIS POLICEMEN`S,MO,21139,7018374,718119,7757632,"credit union, under 100m",credit union
64441,573660649,203716306,127385571,0,2421812,78845663,21309086,29162687,HEARTLAND,IL,50471773,331101877,2421812,383995462,"credit union, 100m to 1bn",credit union
64462,5640650,751260,476990,0,1569851,500259,0,0,NORTHEAST SCHOOLS AND HOSPITAL,VT,0,1228250,1569851,2798101,"credit union, under 100m",credit union
64471,1256415318,281371455,108147520,11447346,4242600,146216169,34848708,369717496,DUTRAC COMMUNITY,IA,404566204,389518975,4242600,809775125,"credit union, 1 to 10bn",credit union
64482,716088387,59215065,107916638,15305596,31406464,59289282,148810549,236328283,UNCLE,CA,385138832,167131703,31406464,598982595,"credit union, 100m to 1bn",credit union
64503,48190037,3890980,938351,439945,721697,3775998,1300239,8883933,DOW GREAT WESTERN,CA,10184172,4829331,721697,16175145,"credit union, under 100m",credit union
64518,13365685,3336304,1613175,0,916760,1961412,848786,3911229,MOWER COUNTY EMPLOYEES,MN,4760015,4949479,916760,10626254,"credit union, under 100m",credit union
64528,9670547,4740624,548654,0,1174979,1849451,0,53647,BIRMINGHAM CITY,AL,53647,5289278,1174979,6517904,"credit union, under 100m",credit union
64531,208554158,11782181,7117424,3464485,4889645,18542786,21448339,76389747,ALTA VISTA,CA,97838086,18899605,4889645,125091821,"credit union, 100m to 1bn",credit union
64568,4903463,1652011,881359,0,718515,750401,0,0,URBANA MUNICIPAL EMPLOYEES,IL,0,2533370,718515,3251885,"credit union, under 100m",credit union
64594,7419485,819154,1676971,0,1161590,2660976,0,0,FIREMAN'S,AL,0,2496125,1161590,3657715,"credit union, under 100m",credit union
64598,471172853,122741370,20717271,9199484,18522930,56576707,13913138,24086642,ALABAMA STATE EMPLOYEES,AL,37999780,143458641,18522930,209180835,"credit union, 100m to 1bn",credit union
64606,485185366,18031334,3142649,17564845,7522591,75020475,36777100,36458285,LEHIGH VALLEY EDUCATORS,PA,73235385,21173983,7522591,119496804,"credit union, 100m to 1bn",credit union
64644,10662388,1964050,583611,0,409295,1637862,964,42315,BLUE FLAME,AL,43279,2547661,409295,3000235,"credit union, under 100m",credit union
64645,6398440,1398619,109734,0,717942,2845762,0,0,ALABAMA POSTAL,AL,0,1508353,717942,2226295,"credit union, under 100m",credit union
64655,124335194,15783780,13869212,6496565,2950256,13412540,14882254,38655337,NORTHERN COMMUNITIES,MN,53537591,29652992,2950256,92637404,"credit union, 100m to 1bn",credit union
64660,34430465,4920355,3388778,231932,230261,4964208,2099115,117171,GREATER VALLEY,CA,2216286,8309133,230261,10987612,"credit union, under 100m",credit union
64688,4294405,453593,14055,0,0,2728232,0,1034346,LISBON FARMERS UNION,ND,1034346,467648,0,1501994,"credit union, under 100m",credit union
64690,45410782,8491492,1210064,436779,1658443,5345549,7812864,7895548,HOLY ROSARY,MO,15708412,9701556,1658443,27505190,"credit union, under 100m",credit union
64691,57801398,24542945,5944277,2779563,2402067,10245549,2809497,1002496,JOPLIN METRO,MO,3811993,30487222,2402067,39480845,"credit union, under 100m",credit union
64703,66730140,15287359,8333886,0,1264312,8791559,8244448,1480070,FEDERATED EMPLOYEES,MN,9724518,23621245,1264312,34610075,"credit union, under 100m",credit union
64708,25395183,7688959,2084956,0,1068753,4436846,0,2041826,LEGACY,MO,2041826,9773915,1068753,12884494,"credit union, under 100m",credit union
64709,1797225,671013,476301,0,146707,239354,0,0,NORTHEAST REGIONAL,MO,0,1147314,146707,1294021,"credit union, under 100m",credit union
64718,10441347,3104653,606756,0,213141,726790,1653801,0,MISSOURI BAPTIST,MO,1653801,3711409,213141,5578351,"credit union, under 100m",credit union
64723,1368069,434202,326288,0,46907,211499,0,0,CO - LIB,MO,0,760490,46907,807397,"credit union, under 100m",credit union
64731,787118,254873,93309,0,107682,238237,0,0,SMARTCHOICE,IL,0,348182,107682,455864,"credit union, under 100m",credit union
64746,8531068,3130142,590158,0,877745,982838,6624,955672,COMMUNITY FIRST,MO,962296,3720300,877745,5560341,"credit union, under 100m",credit union
64755,15678999,3225834,1751389,138192,147020,2803035,586702,1775087,DIVISION #6 HIGHWAY,MO,2361789,4977223,147020,7624224,"credit union, under 100m",credit union
64759,1505178654,230714812,283426964,30070720,38258770,141870223,60381475,336026082,DEL NORTE,NM,396407557,514141776,38258770,978878823,"credit union, 1 to 10bn",credit union
64762,16540701,3287609,298733,0,146556,1485831,2336221,0,CATHOLIC FAMILY,MO,2336221,3586342,146556,6069119,"credit union, under 100m",credit union
64766,207303783,86326536,8845991,4589809,5432631,25873106,2087633,12827810,MERCO,CA,14915443,95172527,5432631,120110410,"credit union, 100m to 1bn",credit union
64778,5291563542,1685490033,688256015,63957885,75751508,504406224,738559827,816543207,CANVAS,CO,1555103034,2373746048,75751508,4068558475,"credit union, 1 to 10bn",credit union
64782,6930781,2664946,1102614,0,1089323,694550,0,0,ORLEX GOVERNMENT EMPLOYEES,VT,0,3767560,1089323,4856883,"credit union, under 100m",credit union
64825,7570662,3251375,1715118,0,52039,1432671,0,0,DECA,OH,0,4966493,52039,5018532,"credit union, under 100m",credit union
64833,35385933,1374121,731519,0,688485,7696891,946637,5887453,HAZLETON SCHOOL EMPLOYEES,PA,6834090,2105640,688485,9628215,"credit union, under 100m",credit union
64834,175125246,364522,213608,24586,140725,30469304,2914153,55165036,CALIFORNIA LITHUANIAN,CA,58079189,578130,140725,58822630,"credit union, 100m to 1bn",credit union
64835,236797528,28388904,9810318,4306501,7842428,43731320,7081541,44099182,F3,CA,51180723,38199222,7842428,101528874,"credit union, 100m to 1bn",credit union
64850,39879813,14132033,5891198,815851,1258424,5930258,5958819,0,CREDIT UNION ONE OF OKLAHOMA,OK,5958819,20023231,1258424,28056325,"credit union, under 100m",credit union
64852,64622569,13644693,1067225,213559,1035918,7175564,711541,33917572,FELLOWSHIP,CO,34629113,14711918,1035918,50590508,"credit union, under 100m",credit union
64856,16356109,3998459,2060265,0,260537,1367308,5263166,233973,PATRIOT,MO,5497139,6058724,260537,11816400,"credit union, under 100m",credit union
64868,29123454,3055374,1378370,420667,547559,6559364,1168383,393659,CASEBINE COMMUNITY,IA,1562042,4433744,547559,6964012,"credit union, under 100m",credit union
64878,54488260,10958054,2944734,0,574163,4548447,1141097,17545427,5 STAR COMMUNITY,IA,18686524,13902788,574163,33163475,"credit union, under 100m",credit union
64880,2115854254,349354848,47679077,59098004,45143646,201339095,142230392,314884405,COMMUNITY CHOICE,MI,457114797,397033925,45143646,958390372,"credit union, 1 to 10bn",credit union
64882,35702872,1691665,1030584,474195,2436560,5471420,4922843,263860,POSTAL EMPLOYEES,NJ,5186703,2722249,2436560,10819707,"credit union, under 100m",credit union
64886,201233344,25347418,6465457,2815984,2686527,26410759,12539547,66828241,AIM,IA,79367788,31812875,2686527,116683174,"credit union, 100m to 1bn",credit union
64893,71562852,6711435,6732323,3119136,1204926,5711672,11504505,17485240,UNIVERSAL CITY STUDIOS,CA,28989745,13443758,1204926,46757565,"credit union, under 100m",credit union
64896,1508239932,44666952,10858457,24000790,28450009,237186050,133783159,296045360,UTILITIES EMPLOYEES,PA,429828519,55525409,28450009,537804727,"credit union, 1 to 10bn",credit union
64913,473993726,50416235,13543606,11754828,5700277,43662962,55177130,137093839,ON TAP,CO,192270969,63959841,5700277,273685915,"credit union, 100m to 1bn",credit union
64917,4316222,805553,414362,0,51253,659681,0,0,DUBUQUE POSTAL EMPLOYEES,IA,0,1219915,51253,1271168,"credit union, under 100m",credit union
64920,248624601,81697919,14383461,5676428,12678043,26713357,13848479,64986000,ILLINOIS STATE,IL,78834479,96081380,12678043,193270330,"credit union, 100m to 1bn",credit union
64932,258802253,29779386,20615336,1017362,4065591,23938129,18380096,30021548,HIDDEN RIVER,PA,48401644,50394722,4065591,103879319,"credit union, 100m to 1bn",credit union
64938,628508,372729,59271,0,69153,59631,0,0,OUR FAMILY SOCIAL,NE,0,432000,69153,501153,"credit union, under 100m",credit union
64939,11395418,1991349,923476,0,858658,1960039,0,0,K.C. AREA,MO,0,2914825,858658,3773483,"credit union, under 100m",credit union
64942,93217230,33130898,9054076,590612,8806104,10319502,78506,11956712,FAMILY HORIZONS,IN,12035218,42184974,8806104,63616908,"credit union, under 100m",credit union
64943,3359263,1016485,559739,0,39136,810823,255289,0,DES MOINES FIRE DEPARTMENT,IA,255289,1576224,39136,1870649,"credit union, under 100m",credit union
64948,17459729,2785646,2315453,0,759749,2822761,0,0,LINXUS,IL,0,5101099,759749,5860848,"credit union, under 100m",credit union
64967,5584973,1467804,881865,301408,1261583,1107420,0,0,A.S.H. EMPLOYEES,IL,0,2349669,1261583,3912660,"credit union, under 100m",credit union
64970,424748617,63894638,25285433,8961880,9426677,52763325,36255006,36883337,UNIVERSAL 1,OH,73138343,89180071,9426677,180706971,"credit union, 100m to 1bn",credit union
64986,30378645,9774751,3698421,286691,647816,4808839,17845,3259976,RIVER COMMUNITY,IA,3277821,13473172,647816,17685500,"credit union, under 100m",credit union
64991,13295904,1882102,1860773,203101,137488,2244544,673904,275988,QUAKER OATS,IA,949892,3742875,137488,5033356,"credit union, under 100m",credit union
64999,12299750,2404599,785973,0,700134,1179806,1074665,1030800,METROPOLITAN SERVICES,MN,2105465,3190572,700134,5996171,"credit union, under 100m",credit union
65003,132133711,14677677,7367786,3286391,2918846,13639760,7860513,45334427,GAS AND ELECTRIC,IL,53194940,22045463,2918846,81445640,"credit union, 100m to 1bn",credit union
65013,100597713,8122519,4891034,1835580,3730851,13573395,0,3627557,HEALTHCARE FIRST CREDIT UNION,PA,3627557,13013553,3730851,22207541,"credit union, 100m to 1bn",credit union
65039,5514143,2530715,1245147,0,178152,1304268,0,0,POLK COUNTY,IA,0,3775862,178152,3954014,"credit union, under 100m",credit union
65040,4515211,1391901,697906,0,3231,2171137,0,0,GAS & ELECTRIC EMPLOYEES,IA,0,2089807,3231,2093038,"credit union, under 100m",credit union
65046,30730136,6745669,2267120,237620,567414,3243876,1240140,995996,SIUE,IL,2236136,9012789,567414,12053959,"credit union, under 100m",credit union
65059,81532667,2324529,2052104,230564,194787,11605757,16346409,36054915,NIKKEI,CA,52401324,4376633,194787,57203308,"credit union, under 100m",credit union
65062,372447,153045,20748,0,2608,110310,0,0,ST. LUDMILA S,IA,0,173793,2608,176401,"credit union, under 100m",credit union
65063,244031960,34462609,19685622,8209313,3885920,26837170,35633222,55243322,NOVATION,MN,90876544,54148231,3885920,157120008,"credit union, 100m to 1bn",credit union
65071,23631511,1426699,994799,205622,470186,2794074,1385493,5217102,UNITE,IA,6602595,2421498,470186,9699901,"credit union, under 100m",credit union
65078,922947624,172858716,36957984,29108299,11079399,117573264,118840073,240937466,COMMUNITY CHOICE,IA,359777539,209816700,11079399,609781937,"credit union, 100m to 1bn",credit union
65082,233321220,43735042,28135161,3541009,5129142,27230714,36699745,47650498,SUNWEST,CO,84350243,71870203,5129142,164890597,"credit union, 100m to 1bn",credit union
65085,11158532,2151642,2211634,0,544166,1597675,0,0,LAKE SUPERIOR,MI,0,4363276,544166,4907442,"credit union, under 100m",credit union
65088,508006146,55943021,14196416,9004569,7236036,47285131,59781324,149218473,HOLY ROSARY,NH,208999797,70139437,7236036,295379839,"credit union, 100m to 1bn",credit union
65090,12651289,2115513,964466,0,649260,3275164,0,0,"CENTRAL VERMONT MEDICAL CENTER,INC.",VT,0,3079979,649260,3729239,"credit union, under 100m",credit union
65111,5450802,859185,1227306,400797,379153,382778,774628,1153856,OPTIONS,CO,1928484,2086491,379153,4794925,"credit union, under 100m",credit union
65136,441461,172794,117642,0,12483,111497,0,0,ST. ATHANASIUS,IA,0,290436,12483,302919,"credit union, under 100m",credit union
65150,101318831,16686022,6671646,2686473,1578068,18315603,13194693,23798727,SERVE,IA,36993420,23357668,1578068,64615629,"credit union, 100m to 1bn",credit union
65155,14265552,2865099,3188991,0,1228629,2467964,48536,0,UNITED ASSOCIATION,CA,48536,6054090,1228629,7331255,"credit union, under 100m",credit union
65186,26079089,7416069,2820987,244693,759416,3197491,0,0,CENTRAL ILLINOIS,IL,0,10237056,759416,11241165,"credit union, under 100m",credit union
65193,2930174,1184592,581352,0,17727,389362,0,0,WATERLOO FIREMEN'S,IA,0,1765944,17727,1783671,"credit union, under 100m",credit union
65205,35507171,4397539,2584985,0,695425,3660113,7668351,135434,CINCINNATI EMPLOYEES,OH,7803785,6982524,695425,15481734,"credit union, under 100m",credit union
65208,153667330,55708474,7360250,6095238,16605707,26529671,14312896,10142588,NATCO,IN,24455484,63068724,16605707,110225153,"credit union, 100m to 1bn",credit union
65211,15569267,1244570,1546998,0,361952,3039690,1445352,1839883,WILLIAMSPORT TEACHERS,PA,3285235,2791568,361952,6438755,"credit union, under 100m",credit union
65231,262563,0,0,0,3148,67665,0,0,PILGRIM BAPTIST,IL,0,0,3148,3148,"credit union, under 100m",credit union
65238,165988142,26446259,10755736,4594,414222,21137978,23881072,65676593,CENT,IA,89557665,37201995,414222,127178476,"credit union, 100m to 1bn",credit union
65239,4695370,2175602,1209352,0,184251,731156,0,0,BURLINGTON MUNICIPAL EMPLOYEES,IA,0,3384954,184251,3569205,"credit union, under 100m",credit union
65242,9217020,1282705,1945702,196805,179283,2042210,0,15922,INDUSTRIAL EMPLOYEES,IA,15922,3228407,179283,3620417,"credit union, under 100m",credit union
65243,34888284,294783,250156,0,9169,3401969,0,0,HOLY GHOST PARISH,IA,0,544939,9169,554108,"credit union, under 100m",credit union
65256,3365658,0,0,0,721941,558390,0,0,SPRINGFIELD FIREFIGHTERS,IL,0,0,721941,721941,"credit union, under 100m",credit union
65259,6672204,1367142,1058698,0,1009792,1335892,0,0,STATE EMPLOYEES COMMUNITY,IL,0,2425840,1009792,3435632,"credit union, under 100m",credit union
65291,719462461,135985317,39701396,6572655,7734901,98250119,68509976,164721199,ARMCO,PA,233231175,175686713,7734901,423225444,"credit union, 100m to 1bn",credit union
65299,1654274819,114359821,69127068,11431731,133683127,149949628,144930038,582160036,KEYPOINT,CA,727090074,183486889,133683127,1055691821,"credit union, 1 to 10bn",credit union
65305,120349787,40197289,27764648,2449366,3521528,12758364,3499457,11322204,ILLINOIS EDUCATORS,IL,14821661,67961937,3521528,88754492,"credit union, 100m to 1bn",credit union
65323,92704059,6424703,2455050,1745785,1574601,10601306,21355694,11362255,UPWARD,CA,32717949,8879753,1574601,44918088,"credit union, under 100m",credit union
65346,2235012,1077655,249521,0,236268,689557,0,0,SALEM SCHOOL SYSTEM,IL,0,1327176,236268,1563444,"credit union, under 100m",credit union
65356,40745069,10138911,3882330,1122841,3408294,5923430,1221348,4904940,NEW DIRECTIONS COMMUNITY,PA,6126288,14021241,3408294,24678664,"credit union, under 100m",credit union
65371,43977178,9161223,2214120,408689,2106989,4283802,8912067,13182120,MCPHERSON CO-OP,KS,22094187,11375343,2106989,35985208,"credit union, under 100m",credit union
65378,531894594,250288697,100237318,4946460,5527370,47557229,13283635,49238734,MID AMERICAN,KS,62522369,350526015,5527370,423522214,"credit union, 100m to 1bn",credit union
65384,15933037,6476102,417688,187539,2252987,2715665,0,352320,TCP,NC,352320,6893790,2252987,9686636,"credit union, under 100m",credit union
65398,184161333,54920696,11767591,1716515,2337172,28923881,18512795,32466643,FIRST NEBRASKA,NE,50979438,66688287,2337172,121721412,"credit union, 100m to 1bn",credit union
65411,39170492,0,0,0,1947110,4785384,0,0,BUCKS COUNTY EMPLOYEES,PA,0,0,1947110,1947110,"credit union, under 100m",credit union
65412,138153300,7878464,1268526,2929626,587307,21931067,10578938,18497511,1ST ED CREDIT UNION,PA,29076449,9146990,587307,41740372,"credit union, 100m to 1bn",credit union
65421,481628963,83670653,41963961,13276267,10852830,69981727,56906774,105923700,HEALTHCARE ASSOCIATES,IL,162830474,125634614,10852830,312594185,"credit union, 100m to 1bn",credit union
65424,12777660,2568479,3656649,359795,438930,2192700,0,0,SPRINGFIELD CITY EMPLOYEES,IL,0,6225128,438930,7023853,"credit union, under 100m",credit union
65426,24020335,9805248,4435857,0,1497727,3863039,0,0,WESTERN ILLINOIS SCHOOL EMPLOYEES,IL,0,14241105,1497727,15738832,"credit union, under 100m",credit union
65427,5621871,1519338,518173,106749,192167,876230,0,0,CARBONDALE HIGHWAY,IL,0,2037511,192167,2336427,"credit union, under 100m",credit union
65448,7885642,1161789,351389,0,83670,1293380,1197217,3056107,RIVERVIEW,MN,4253324,1513178,83670,5850172,"credit union, under 100m",credit union
65458,43663807,9486694,5697661,1674614,1917715,7094173,8196903,4116422,ORIGINS,IN,12313325,15184355,1917715,31090009,"credit union, under 100m",credit union
65464,195141861,15673453,8346566,7401896,5247439,22995024,6378646,53902684,ECO,AL,60281330,24020019,5247439,96950684,"credit union, 100m to 1bn",credit union
65466,5454792,2130410,724442,0,617047,740551,0,0,MORTON,KS,0,2854852,617047,3471899,"credit union, under 100m",credit union
65471,41966069,1707340,1260427,0,308356,10479466,0,18961950,GUADALUPE PARISH,CO,18961950,2967767,308356,22238073,"credit union, under 100m",credit union
65491,277149796,28015536,4243435,0,1704794,26316080,23742263,68993912,MEMBERS FIRST CREDIT UNION OF N.H.,NH,92736175,32258971,1704794,126699940,"credit union, 100m to 1bn",credit union
65493,21468127,4992217,2141066,190537,448576,2232277,374546,447233,COMMUNITY SPIRIT CREDIT UNION,IN,821779,7133283,448576,8594175,"credit union, under 100m",credit union
65503,190488580,43013260,27913197,5321227,2146459,16749012,16371645,49888812,MUNICIPAL EMPS CU OF OKLAHOMA CITY,OK,66260457,70926457,2146459,144654600,"credit union, 100m to 1bn",credit union
65513,1288284749,255714354,177311173,7990836,26615824,146628831,51885820,188791450,STATE EMPLOYEES,NM,240677270,433025527,26615824,708309457,"credit union, 1 to 10bn",credit union
65521,27339944,13967718,3008456,305841,808441,4714404,0,0,AEGIS,IA,0,16976174,808441,18090456,"credit union, under 100m",credit union
65528,43381817,11734648,1620467,0,217355,7151305,0,0,NORTH PLATTE UNION PACIFIC EMPLOYEE,NE,0,13355115,217355,13572470,"credit union, under 100m",credit union
65555,8307043,2782677,1719611,0,525777,960042,0,0,JOLIET FIREFIGHTERS,IL,0,4502288,525777,5028065,"credit union, under 100m",credit union
65561,9890367,1034963,370048,499602,320643,1076952,175117,1486476,LINCOLN S.D.A.,NE,1661593,1405011,320643,3886849,"credit union, under 100m",credit union
65565,251709858,23172130,8056743,3556434,1450869,39954489,31484185,77253193,CEDAR FALLS COMMUNITY,IA,108737378,31228873,1450869,144973554,"credit union, 100m to 1bn",credit union
65578,125153863,20081578,2841729,1871524,979416,15896463,13000783,33130169,UNITED SAVINGS,ND,46130952,22923307,979416,71905199,"credit union, 100m to 1bn",credit union
65595,661295464,259752767,15427714,106114440,25194539,103046884,12766732,6296499,AMERICAN 1,MI,19063231,275180481,25194539,425552691,"credit union, 100m to 1bn",credit union
65606,7591980,2239446,211585,0,99757,445427,0,0,TEAMSTERS LOCAL #238,IA,0,2451031,99757,2550788,"credit union, under 100m",credit union
65639,88761532,8254406,2632916,2992538,4826731,7610724,2101337,8882992,WEXFORD COMMUNITY,MI,10984329,10887322,4826731,29690920,"credit union, under 100m",credit union
65644,3258868505,489652760,148898496,128361493,51362893,351139428,233740375,702201799,RIVERMARK COMMUNITY,OR,935942174,638551256,51362893,1754217816,"credit union, 1 to 10bn",credit union
65680,50345,0,0,0,0,8375,0,0,BETHEL A.M.E. CHURCH,IL,0,0,0,0,"credit union, under 100m",credit union
65712,56786612,12280026,8015351,368439,3007523,16190558,0,624773,GALESBURG BURLINGTON,IL,624773,20295377,3007523,24296112,"credit union, under 100m",credit union
65722,693060188,13267826,2273158,884817,1400753,92890261,17147241,446675492,FREEDOM NORTHWEST,ID,463822733,15540984,1400753,481649287,"credit union, 100m to 1bn",credit union
65728,2713727960,45654221,54859732,4504737,13693930,235142586,35139717,269996537,CONNECTICUT STATE EMPLOYEES,CT,305136254,100513953,13693930,423848874,"credit union, 1 to 10bn",credit union
65735,222688005,65539481,29081243,2362766,493421,22548733,7981044,1995924,CATHOLIC & COMMUNITY,IL,9976968,94620724,493421,107453879,"credit union, 100m to 1bn",credit union
65759,2373397,1030007,291112,0,290447,634868,0,0,B.E.A.,IL,0,1321119,290447,1611566,"credit union, under 100m",credit union
65770,34732168,2560642,1407779,729090,246030,4269863,1676251,11270365,SERVICE PLUS,IL,12946616,3968421,246030,17890157,"credit union, under 100m",credit union
65774,6342482,1256503,350537,0,1044851,1998874,0,0,TEACHERS,OK,0,1607040,1044851,2651891,"credit union, under 100m",credit union
65775,76295043,6806411,4145994,776478,338038,8279859,9087132,10623221,NORTHERN COLORADO,CO,19710353,10952405,338038,31777274,"credit union, under 100m",credit union
65780,340631,9191,88540,0,40650,14916,0,0,COGIC,LA,0,97731,40650,138381,"credit union, under 100m",credit union
65788,2059529855,168235900,13850463,27486640,15182663,212173809,226750597,483105209,WESTERRA,CO,709855806,182086363,15182663,934611472,"credit union, 1 to 10bn",credit union
65803,56997856,9654672,2035207,760070,1338585,5293860,7721942,7329855,NORTHWEST HILLS,CT,15051797,11689879,1338585,28840331,"credit union, under 100m",credit union
65809,34958017,2820363,1716330,0,1239502,3662471,9677462,2086984,NEW HAVEN COUNTY,CT,11764446,4536693,1239502,17540641,"credit union, under 100m",credit union
65816,36751535,4764642,1409049,119232,367625,5150092,3932292,1101791,NEBRASKA STATE EMPLOYEES,NE,5034083,6173691,367625,11694631,"credit union, under 100m",credit union
65817,34681911,3545281,1222829,679304,966889,3618604,3929943,7979947,METROPOLITAN DISTRICT EMPLOYEES,CT,11909890,4768110,966889,18324193,"credit union, under 100m",credit union
65840,5017571,1084915,203050,0,170298,677691,0,0,I.B.E.W. LOCAL #146,IL,0,1287965,170298,1458263,"credit union, under 100m",credit union
65841,6436917,1498906,686446,0,379275,1460042,0,0,DECATUR POSTAL,IL,0,2185352,379275,2564627,"credit union, under 100m",credit union
65856,3703591212,1233416569,475760902,71333237,132243872,384707717,288022055,580099412,OREGON COMMUNITY,OR,868121467,1709177471,132243872,2780876047,"credit union, 1 to 10bn",credit union
65861,811196629,84296271,30631811,482635,2650923,80844888,42858787,382389022,THE PEOPLES,RI,425247809,114928082,2650923,543309449,"credit union, 100m to 1bn",credit union
65862,5937265,400233,82591,0,1573466,1558900,0,0,NEW HAVEN FIREFIGHTERS,CT,0,482824,1573466,2056290,"credit union, under 100m",credit union
65874,1753139,608608,197840,0,129176,396954,0,0,TAYLORVILLE SCHOOL EMPLOYEES,IL,0,806448,129176,935624,"credit union, under 100m",credit union
65896,805956,312020,145569,0,8033,73598,0,0,MEA,IL,0,457589,8033,465622,"credit union, under 100m",credit union
65905,6003684,1091707,1648699,0,423782,2555304,0,0,PEORIA BELL,IL,0,2740406,423782,3164188,"credit union, under 100m",credit union
65906,1930818,930605,182324,0,157939,402024,0,0,AURORA POSTAL EMPLOYEES,IL,0,1112929,157939,1270868,"credit union, under 100m",credit union
65954,32968704,747845,1109329,0,553745,2932874,2636706,0,NORWALK HOSPITAL,CT,2636706,1857174,553745,5047625,"credit union, under 100m",credit union
65988,29366330,8229175,3986077,701379,1696769,2321894,575900,0,KASKASKIA VALLEY COMMUNITY,IL,575900,12215252,1696769,15189300,"credit union, under 100m",credit union
65995,2625596,925174,587561,0,137919,391334,0,0,MERCER,IL,0,1512735,137919,1650654,"credit union, under 100m",credit union
66002,23372569,1574867,481727,0,1228905,2907459,450632,0,STAMFORD HEALTHCARE,CT,450632,2056594,1228905,3736131,"credit union, under 100m",credit union
66036,1490751,240533,73532,0,78445,194250,0,0,KAN COLO,KS,0,314065,78445,392510,"credit union, under 100m",credit union
66044,5682283,481323,422642,0,117462,713992,169635,0,REGIONAL WATER AUTHORITY EMPLOYEES,CT,169635,903965,117462,1191062,"credit union, under 100m",credit union
66066,15388161,0,0,0,0,1385897,0,0,THE WAY,OH,0,0,0,0,"credit union, under 100m",credit union
66089,190272,0,0,0,6654,35304,0,0,BEREAN,IL,0,0,6654,6654,"credit union, under 100m",credit union
66097,23453277,1012852,745653,0,387738,4313727,0,2935166,CUBA,NM,2935166,1758505,387738,5081409,"credit union, under 100m",credit union
66117,60775116,16864691,2404744,927221,2079342,7871211,17935,0,LOCO,NM,17935,19269435,2079342,22293933,"credit union, under 100m",credit union
66126,75959105,7252623,3001803,324343,698328,13323636,9454822,59568,OMAHA FIREFIGHTERS,NE,9514390,10254426,698328,20791487,"credit union, under 100m",credit union
66130,63875102,6936450,7289144,3966303,2574325,12551523,18575110,80438,NEW JERSEY LAW AND PUBLIC SAFETY,NJ,18655548,14225594,2574325,39421770,"credit union, under 100m",credit union
66143,40086174,6786254,3722893,0,592875,8368107,0,0,CHAVES COUNTY SCHOOL EMPLOYEES,NM,0,10509147,592875,11102022,"credit union, under 100m",credit union
66149,348196999,73450702,13155954,3394765,13383159,43571152,6892353,73310165,GUADALUPE,NM,80202518,86606656,13383159,183587098,"credit union, 100m to 1bn",credit union
66155,74962565,7020615,806317,121387,1196460,14558789,66739,23824998,PEOPLES,CO,23891737,7826932,1196460,33036516,"credit union, under 100m",credit union
66157,1700572787,422992181,113219825,72637109,31552122,242298260,110850374,461126657,CREDIT UNION 1,AK,571977031,536212006,31552122,1212378268,"credit union, 1 to 10bn",credit union
66158,3632304179,357114662,230493038,100680553,91623570,387473547,786533869,1024424553,TRUMARK FINANCIAL,PA,1810958422,587607700,91623570,2590870245,"credit union, 1 to 10bn",credit union
66159,2017946,0,0,0,493657,669172,0,0,NEWARK POST OFFICE EMPLOYEES,NJ,0,0,493657,493657,"credit union, under 100m",credit union
66185,18301776,2545122,585036,0,149930,2370899,0,1954813,HIGH DESERT COMMUNITY,NM,1954813,3130158,149930,5234901,"credit union, under 100m",credit union
66207,68494587,4581991,1771684,0,946816,15472817,5991713,0,NEW HAMPSHIRE POSTAL,NH,5991713,6353675,946816,13292204,"credit union, under 100m",credit union
66252,32622693,3931795,3708939,0,959448,7593185,0,6940602,QUESTA,NM,6940602,7640734,959448,15540784,"credit union, under 100m",credit union
66253,10708137,939078,432001,76793,66703,1913427,0,0,FUNERAL SERVICE,IL,0,1371079,66703,1514575,"credit union, under 100m",credit union
66258,2171190273,28589886,6909663,4951399,17092076,532224898,26883021,1397495456,SELF-HELP,NC,1424378477,35499549,17092076,1481921501,"credit union, 1 to 10bn",credit union
66259,5005055,0,0,0,1507104,2343100,0,0,ORLEANS PARISH SHERIFF'S,LA,0,0,1507104,1507104,"credit union, under 100m",credit union
66268,109317397,34090824,5128342,3839239,4943651,15419911,14875779,3685114,MEMBERSOWN,NE,18560893,39219166,4943651,66562949,"credit union, 100m to 1bn",credit union
66270,102739043,6992870,1898145,0,647557,10933405,1594902,12014482,ARCHER COOPERATIVE,NE,13609384,8891015,647557,23147956,"credit union, 100m to 1bn",credit union
66274,2158991,180127,0,0,0,394694,0,0,EDDYVILLE COOPERATIVE,NE,0,180127,0,180127,"credit union, under 100m",credit union
66296,324139,22544,0,0,110127,30804,0,0,ST. HELENA PARISH,IL,0,22544,110127,132671,"credit union, under 100m",credit union
66299,16221541,682513,6527889,0,1450285,2834201,0,0,K C K FIREMEN & POLICE,KS,0,7210402,1450285,8660687,"credit union, under 100m",credit union
66300,76085,0,0,0,8180,7125,0,0,IMPERIAL,IL,0,0,8180,8180,"credit union, under 100m",credit union
66310,59971279455,2872445640,1105216616,1254302827,2893098613,6070950451,2692795337,27793731958,STATE EMPLOYEES',NC,30486527295,3977662256,2893098613,38611590991,"credit union, over 10bn",credit union
66317,50524886,5057251,4338496,735187,2210752,6722617,9084331,17332915,HEALTHSHARE,NC,26417246,9395747,2210752,38758932,"credit union, under 100m",credit union
66319,51306316,13243278,2491643,1417823,4777236,6435153,11438728,4501932,TELCO,NC,15940660,15734921,4777236,37870640,"credit union, under 100m",credit union
66320,1141057,203582,40004,0,468555,413877,0,0,TEXAS GULF CAROLINA EMP,NC,0,243586,468555,712141,"credit union, under 100m",credit union
66324,115468571,10933678,3253952,785645,3471817,11480312,565356,49826114,WEYCO COMMUNITY,NC,50391470,14187630,3471817,68836562,"credit union, 100m to 1bn",credit union
66327,2643180162,649486908,100449338,32745555,36053509,214903178,281930498,494354503,CREDIT UNION OF TEXAS,TX,776285001,749936246,36053509,1595020311,"credit union, 1 to 10bn",credit union
66328,9548735239,1503682150,428512883,252130075,246544954,1081177602,633708127,2524740775,"WRIGHT-PATT CREDIT UNION, INC.",OH,3158448902,1932195033,246544954,5589318964,"credit union, 1 to 10bn",credit union
66329,10377030,1900328,659671,581967,246242,2543825,0,0,L. E. O.,OH,0,2559999,246242,3388208,"credit union, under 100m",credit union
66330,5833968558,235424541,97227167,187637694,107813061,608298746,801935287,2794479747,"STATE EMPLOYEES CU OF MARYLAND, INC",MD,3596415034,332651708,107813061,4224517497,"credit union, 1 to 10bn",credit union
66331,3403158551,650276812,428440188,66365548,27810226,374615178,180676855,450522788,SOUND,WA,631199643,1078717000,27810226,1804092417,"credit union, 1 to 10bn",credit union
66333,65357172,7939277,2591282,2337338,1234142,8990997,4085491,8351551,DESTINATIONS CREDIT UNION,MD,12437042,10530559,1234142,26539081,"credit union, under 100m",credit union
66336,23561043,1061909,2066736,0,481508,4184733,0,2277752,BILLERICA MUNICIPAL EMPLOYEES,MA,2277752,3128645,481508,5887905,"credit union, under 100m",credit union
66337,391603931,96993140,10518731,10340977,6073187,47240629,40873874,88142956,INDUSTRIAL CU OF WHATCOM COUNTY,WA,129016830,107511871,6073187,252942865,"credit union, 100m to 1bn",credit union
66343,3588964254,231475863,58384538,40026587,8010311,389839532,142549462,2064331722,PROVIDENT,CA,2206881184,289860401,8010311,2544778483,"credit union, 1 to 10bn",credit union
66346,192924293,2525129,981682,0,334618,17662492,21345081,109121394,RIVER WORKS,MA,130466475,3506811,334618,134307904,"credit union, 100m to 1bn",credit union
66349,1161348958,9781205,2726801,14078326,57120502,106669929,93225074,357726828,SALAL,WA,450951902,12508006,57120502,534658736,"credit union, 1 to 10bn",credit union
66350,125229582,2846703,987035,0,499796,54688200,13028054,45006862,BROTHERHOOD,MA,58034916,3833738,499796,62368450,"credit union, 100m to 1bn",credit union
66351,124272732,39112716,11344721,852416,3452514,11537535,717511,42751941,TELCO PLUS,TX,43469452,50457437,3452514,98231819,"credit union, 100m to 1bn",credit union
66353,1047375850,93126533,63696264,13818124,58355073,111339850,37301710,160711485,BRAZOS VALLEY SCHOOLS,TX,198013195,156822797,58355073,427009189,"credit union, 1 to 10bn",credit union
66354,30158610,10303246,3602065,653601,2681141,2449700,4790566,25751,EMERGENCY RESPONDERS,NC,4816317,13905311,2681141,22056370,"credit union, under 100m",credit union
66357,9121292575,1353337630,480532158,251757364,136081953,1147895906,577375114,2855899206,DELTA COMMUNITY,GA,3433274320,1833869788,136081953,5654983425,"credit union, 1 to 10bn",credit union
66359,333247853,56267017,15821992,13971026,1228306,37695875,46154562,99343285,FIRST NORTHERN,IL,145497847,72089009,1228306,232786188,"credit union, 100m to 1bn",credit union
66364,3303317074,389025096,479077327,10612976,62345350,303350998,197363164,1092388889,METRO,MA,1289752053,868102423,62345350,2230812802,"credit union, 1 to 10bn",credit union
66365,650940741,18393737,3643061,8860237,17260424,56449216,75815000,216966520,ALIGN,MA,292781520,22036798,17260424,340938979,"credit union, 100m to 1bn",credit union
66366,97952728,9935954,4407685,405632,4870578,22125694,0,0,EDINBURG TEACHERS,TX,0,14343639,4870578,19619849,"credit union, under 100m",credit union
66369,128768164,7291927,5224862,0,6386532,21781814,15092234,55770906,ENERGY,MA,70863140,12516789,6386532,89766461,"credit union, 100m to 1bn",credit union
66370,1852143638,347643017,225970490,34530524,9144929,187780894,78594270,512936953,SCOTT,IL,591531223,573613507,9144929,1208820183,"credit union, 1 to 10bn",credit union
66372,86389259,17528040,11182834,1555003,1448712,8962350,0,5072841,U. S. EMPLOYEES,TX,5072841,28710874,1448712,36787430,"credit union, under 100m",credit union
66373,3397531520,399438816,62618374,57742793,185683229,381004038,346948417,935841943,WHATCOM EDUCATIONAL,WA,1282790360,462057190,185683229,1988273572,"credit union, 1 to 10bn",credit union
66374,242378589,7859968,1585666,0,3398408,25732243,17374417,90724455,SOUTHBRIDGE,MA,108098872,9445634,3398408,120942914,"credit union, 100m to 1bn",credit union
66376,771867596,84346114,24246399,11821732,77903675,83692846,44823600,141512457,PATHWAYS FINANCIAL,OH,186336057,108592513,77903675,384653977,"credit union, 100m to 1bn",credit union
66388,89069609,13560642,4102589,0,1648555,9153251,109852,22896378,TAYLOR,WI,23006230,17663231,1648555,42318016,"credit union, under 100m",credit union
66395,65258692,8278863,2189613,802060,297567,9129532,6559303,28516720,EVERGREEN,WI,35076023,10468476,297567,46644126,"credit union, under 100m",credit union
66399,3134126432,617567217,135816139,2257358,63807099,292759654,190035367,539104868,HARBORSTONE,WA,729140235,753383356,63807099,1548588048,"credit union, 1 to 10bn",credit union
66410,9260632,1394116,1236987,0,391727,3510450,0,0,KENOSHA POLICE AND FIREMEN'S,WI,0,2631103,391727,3022830,"credit union, under 100m",credit union
66423,132960703,7621957,1157523,249143,1513719,21431546,9509491,68409708,FIREFIGHTERS,WI,77919199,8779480,1513719,88461541,"credit union, 100m to 1bn",credit union
66424,514588911,43732345,10403266,8249392,6909468,54155470,24221410,258722004,PCM,WI,282943414,54135611,6909468,352237885,"credit union, 100m to 1bn",credit union
66430,306880084,29284575,6798322,108391,3312219,39811458,6028714,98838692,VALLEY COMMUNITIES,WI,104867406,36082897,3312219,144370913,"credit union, 100m to 1bn",credit union
66431,65134605,11968419,4720636,182886,610353,7188298,1176847,6893002,MADISON,WI,8069849,16689055,610353,25552143,"credit union, under 100m",credit union
66434,101181077,23161716,5926395,0,295280,15156138,3956636,28862205,INDIANHEAD,WI,32818841,29088111,295280,62202232,"credit union, 100m to 1bn",credit union
66437,176055317,9845580,2122384,1794721,633270,24215810,12445217,94106501,WINNEBAGO COMMUNITY,WI,106551718,11967964,633270,120947673,"credit union, 100m to 1bn",credit union
66439,172510295,16991852,10707811,2258788,3668026,21410974,5574277,64527334,SENTRY,WI,70101611,27699663,3668026,103728088,"credit union, 100m to 1bn",credit union
66447,160036835,16866433,6463872,1860606,658492,16201150,10076687,61036848,SHORELINE,WI,71113535,23330305,658492,96962938,"credit union, 100m to 1bn",credit union
66448,3985562700,305056172,136212892,132831999,42720907,554601830,273302614,1413297221,EDUCATORS,WI,1686599835,441269064,42720907,2303421805,"credit union, 1 to 10bn",credit union
66449,161279071,41711523,7038427,9803355,3159516,16265960,4877932,60036303,PRIME FINANCIAL,WI,64914235,48749950,3159516,126627056,"credit union, 100m to 1bn",credit union
66451,61713248,25523355,9524686,2452437,1465502,8645208,4457214,2485222,FOCUS,WI,6942436,35048041,1465502,45908416,"credit union, under 100m",credit union
66456,43625993,4914494,598040,599178,253966,4931744,1919754,8153506,COUNTY - CITY,WI,10073260,5512534,253966,16438938,"credit union, under 100m",credit union
66461,13917212,2290822,852179,0,115841,2690237,714590,6613475,PUBLIC SERVICE,WI,7328065,3143001,115841,10586907,"credit union, under 100m",credit union
66466,46525974,6937230,3109761,1090345,623765,7573776,1716191,18471241,MARATHON COUNTY EMPLOYEES,WI,20187432,10046991,623765,31948533,"credit union, under 100m",credit union
66476,19730713,2768320,1015379,0,221156,2189013,679602,5560144,HOLY FAMILY MEMORIAL,WI,6239746,3783699,221156,10244601,"credit union, under 100m",credit union
66477,85296338,13884141,4647854,2168001,544209,11770123,8494799,29573977,GUNDERSEN,WI,38068776,18531995,544209,59312981,"credit union, under 100m",credit union
66492,6716051700,801580111,472020522,288547002,128895979,618561054,1039625739,1648904611,UNIVERSITY OF WISCONSIN,WI,2688530350,1273600633,128895979,4379573964,"credit union, 1 to 10bn",credit union
66499,5472806,2647924,926489,0,323336,1086805,0,0,MADISON FIRE DEPARTMENT,WI,0,3574413,323336,3897749,"credit union, under 100m",credit union
66503,47382107,12306526,3295159,186775,535233,8804637,1860161,10988838,IRON COUNTY COMMUNITY,WI,12848999,15601685,535233,29172692,"credit union, under 100m",credit union
66513,56332448,3540130,1369885,568704,302771,6086821,2301305,19005209,CENTRAL WISCONSIN,WI,21306514,4910015,302771,27088004,"credit union, under 100m",credit union
66529,121827126,27137750,12696758,1767022,2152386,11453790,9641768,38579166,GOVERNMENTAL EMPLOYEES,WI,48220934,39834508,2152386,91974850,"credit union, 100m to 1bn",credit union
66530,13283727,3575862,1573369,0,57567,2937694,1560796,2180340,SERVICE,WI,3741136,5149231,57567,8947934,"credit union, under 100m",credit union
66532,144200596,14258672,2221081,582865,408039,18585778,960350,80048345,ARCADIA,WI,81008695,16479753,408039,98479352,"credit union, 100m to 1bn",credit union
66537,68194183,12770474,3927299,1155623,2646645,8114383,3946222,25202558,AVESTAR,WI,29148780,16697773,2646645,49648821,"credit union, under 100m",credit union
66538,4135662509,503995884,108184888,0,465412645,297823627,197231780,357595166,CONNEXUS,WI,554826946,612180772,465412645,1632420363,"credit union, 1 to 10bn",credit union
66545,50957301,7761594,7257341,231681,1107444,8326205,794329,11258015,FIRST CHOICE,WI,12052344,15018935,1107444,28410404,"credit union, under 100m",credit union
66546,2143826,604383,217946,0,107300,592180,0,0,AIR TECH,WI,0,822329,107300,929629,"credit union, under 100m",credit union
66549,48237729,9367863,3108049,589635,441971,8993815,219157,3212356,BAY SHORE,WI,3431513,12475912,441971,16939031,"credit union, under 100m",credit union
66555,285588410,4586255,11205817,0,698936,31619201,21944906,80488276,NORTHWESTERN MUTUAL,WI,102433182,15792072,698936,118924190,"credit union, 100m to 1bn",credit union
66565,1789937,683031,410840,0,90947,378679,0,0,STOPPENBACH,WI,0,1093871,90947,1184818,"credit union, under 100m",credit union
66582,11848336,2460931,2252780,443075,500041,2829446,300011,913029,P.I.E.,TX,1213040,4713711,500041,6869867,"credit union, under 100m",credit union
66584,3476078206,450976035,365386867,77660898,90413351,483696211,503876527,560069271,CALIFORNIA COAST,CA,1063945798,816362902,90413351,2048382949,"credit union, 1 to 10bn",credit union
66585,1062135947,101997978,32090468,10620951,14099658,139953495,99242452,350375779,POINT BREEZE,MD,449618231,134088446,14099658,608427286,"credit union, 1 to 10bn",credit union
66592,253618524,141298972,4356259,342954,4991107,48553990,115194,3936464,CITIZENS COMMUNITY,IA,4051658,145655231,4991107,155040950,"credit union, 100m to 1bn",credit union
66593,139425162,1693982,1181265,0,603704,18307408,13656782,59576303,FIRST PRIORITY,MA,73233085,2875247,603704,76712036,"credit union, 100m to 1bn",credit union
66594,957343871,312632165,78940585,2075119,3190128,92633886,56263952,118677092,GREENWOOD,RI,174941044,391572750,3190128,571779041,"credit union, 100m to 1bn",credit union
66595,350715547,155251,64844,331826,1763681,39891038,23298368,93182590,OCEAN STATE,RI,116480958,220095,1763681,118796560,"credit union, 100m to 1bn",credit union
66597,776896967,8405791,3308932,0,2310439,105508430,62526503,390848183,POLISH NATIONAL,MA,453374686,11714723,2310439,467399848,"credit union, 100m to 1bn",credit union
66615,125871171,4833528,2106483,671619,348068,15666548,7436777,40563051,TOMAH AREA,WI,47999828,6940011,348068,55959526,"credit union, 100m to 1bn",credit union
66616,93421452,19081443,4295506,0,640407,14253127,5848539,19324636,SHEBOYGAN AREA,WI,25173175,23376949,640407,49190531,"credit union, under 100m",credit union
66618,35873000,7017265,1231200,8345,1386945,2906239,3759446,15626221,MEADOWLAND,WI,19385667,8248465,1386945,29029422,"credit union, under 100m",credit union
66622,25912616,5634173,2185597,368284,309645,3331545,1728526,4081757,RACINE MUNICIPAL EMPLOYEES,WI,5810283,7819770,309645,14307982,"credit union, under 100m",credit union
66625,15860124,2672787,732527,0,346111,1964910,892596,3987582,WISCONSIN MEDICAL,WI,4880178,3405314,346111,8631603,"credit union, under 100m",credit union
66633,185161630,30164593,4503723,1485326,1100598,35612460,10075053,41695593,MEMBERS' ADVANTAGE,WI,51770646,34668316,1100598,89024886,"credit union, 100m to 1bn",credit union
66637,58816545,7239931,1576939,2174133,1739481,13859892,6087084,15364137,BREWERY,WI,21451221,8816870,1739481,34181705,"credit union, under 100m",credit union
66638,294205899,64422961,12822677,3228519,601987,30137409,30039460,11896390,GUARDIAN,WI,41935850,77245638,601987,123011994,"credit union, 100m to 1bn",credit union
66640,43339552,10806486,3551003,11853,2272250,4809508,632355,13887362,TRI-COUNTY,WI,14519717,14357489,2272250,31161309,"credit union, under 100m",credit union
66642,6839334549,393462672,78730115,122049267,107283200,878704747,276763932,2114400732,COMMUNITY FIRST,WI,2391164664,472192787,107283200,3092689918,"credit union, 1 to 10bn",credit union
66652,378916533,59771097,7903842,5500906,5337854,34453880,18378582,150049539,PROSPERA,WI,168428121,67674939,5337854,246941820,"credit union, 100m to 1bn",credit union
66662,2361585,1066961,397957,0,145934,388925,0,0,SCHOOL EMPLOYEES,WI,0,1464918,145934,1610852,"credit union, under 100m",credit union
66663,905102,703483,76848,0,54119,175380,0,0,POLICE,WI,0,780331,54119,834450,"credit union, under 100m",credit union
66677,43247521,10531375,3075086,447752,1071624,5074517,2327591,7753789,WEA,WI,10081380,13606461,1071624,25207217,"credit union, under 100m",credit union
66678,546716262,90104218,20689336,5573397,10644569,53668006,24631212,212865139,SIMPLICITY,WI,237496351,110793554,10644569,364507871,"credit union, 100m to 1bn",credit union
66683,38873242,6320131,1048195,87539,1064191,5767592,992265,18523977,RIPPLE,WI,19516242,7368326,1064191,28036298,"credit union, under 100m",credit union
66686,3159076,49171,362676,0,37831,308537,390001,562542,"WISCONSIN LATVIAN, INC.",WI,952543,411847,37831,1402221,"credit union, under 100m",credit union
66699,880800538,132215857,14251407,0,3454084,76382506,151389120,236558439,ALL ONE,MA,387947559,146467264,3454084,537868907,"credit union, 100m to 1bn",credit union
66700,76286186,1819566,565347,1485980,337011,18434192,11840,3203655,VIRGINIA EDUCATORS CREDIT UNION,VA,3215495,2384913,337011,7423399,"credit union, under 100m",credit union
66703,6600264904,306779458,144926679,236067434,130808327,521723816,918770224,1769106248,WESCOM CENTRAL,CA,2687876472,451706137,130808327,3506458370,"credit union, 1 to 10bn",credit union
66706,348982599,9241005,5094270,2007268,9415455,38459912,31857916,108336478,MEMBERS PLUS,MA,140194394,14335275,9415455,165952392,"credit union, 100m to 1bn",credit union
66707,112601506,38353544,10815696,0,1053437,10953143,6030869,8457072,SOUTHERN LAKES,WI,14487941,49169240,1053437,64710618,"credit union, 100m to 1bn",credit union
66710,666769825,57169936,17579927,9052010,8942217,77941898,46652325,245862723,HEARTLAND,WI,292515048,74749863,8942217,385259138,"credit union, 100m to 1bn",credit union
66731,3387970811,351356902,113118380,51004288,53556415,361478770,188543555,958657383,FOX COMMUNITIES,WI,1147200938,464475282,53556415,1716236923,"credit union, 1 to 10bn",credit union
66733,168744374,7763321,3839914,2397796,475610,18574867,34201721,52919925,NEW BEDFORD,MA,87121646,11603235,475610,101598287,"credit union, 100m to 1bn",credit union
66734,426681778,41525490,5756090,3724895,3339579,58876276,12603706,97866498,NORTH COAST,WA,110470204,47281580,3339579,164816258,"credit union, 100m to 1bn",credit union
66742,2245897626,307346974,61631662,35995080,31827030,290860740,149644271,411176106,WESTCONSIN,WI,560820377,368978636,31827030,997621123,"credit union, 1 to 10bn",credit union
66750,51552340,5562230,1833315,587917,548088,7032320,1990307,19204657,BADGER-GLOBE,WI,21194964,7395545,548088,29726514,"credit union, under 100m",credit union
66751,7905062411,1203846615,585632233,95670163,24478870,843392549,684361373,1369685245,LANDMARK,WI,2054046618,1789478848,24478870,3963674499,"credit union, 1 to 10bn",credit union
66752,1140424245,130761521,6611774,71740,26645758,139034293,46989818,571348441,MARINE,WI,618338259,137373295,26645758,782429052,"credit union, 1 to 10bn",credit union
66755,6896137,2396980,760815,0,378778,722007,0,4139,COMPASSIONATE CARE,WI,4139,3157795,378778,3540712,"credit union, under 100m",credit union
66760,132416887,19428971,6529764,599491,1062764,17937462,5132939,40643333,PREMIER FINANCIAL,WI,45776272,25958735,1062764,73397262,"credit union, 100m to 1bn",credit union
66777,1577595499,129313586,24549374,26420820,25294610,155205876,89117625,306610025,"VERVE, A CREDIT UNION",WI,395727650,153862960,25294610,601306040,"credit union, 1 to 10bn",credit union
66779,20286606,8463487,1570917,411450,495312,2278001,738881,2125509,OSHKOSH COMMUNITY,WI,2864390,10034404,495312,13805556,"credit union, under 100m",credit union
66787,1268004644,162042475,37702311,33717492,42204225,162828486,81053636,256907106,MUNICIPAL EMPL.CREDIT UNION OF BALT,MD,337960742,199744786,42204225,613627245,"credit union, 1 to 10bn",credit union
66788,174851758,19976661,18377690,0,2548020,26906294,5324087,38882379,SAN JOAQUIN POWER EMPLOYEES,CA,44206466,38354351,2548020,85108837,"credit union, 100m to 1bn",credit union
66798,85940665,11097136,2743642,836252,1610498,11628306,10831,24163747,FORWARD FINANCIAL,WI,24174578,13840778,1610498,40462106,"credit union, under 100m",credit union
66818,3074860378,678917288,564850973,87994397,42128059,245434136,48921114,630875922,FIRST COMMUNITY,TX,679797036,1243768261,42128059,2053687753,"credit union, 1 to 10bn",credit union
66819,99176984,10553242,1368033,0,4883302,8498546,17827693,46819329,ATHOL,MA,64647022,11921275,4883302,81451599,"credit union, under 100m",credit union
66824,763980905,26641556,2558878,363985,4536876,108948461,88581672,272967141,FREEDOM,MA,361548813,29200434,4536876,395650108,"credit union, 100m to 1bn",credit union
66834,5913397393,1378370097,149869335,110743616,66693445,640408918,369251791,1223945512,ROYAL,WI,1593197303,1528239432,66693445,3298873796,"credit union, 1 to 10bn",credit union
66835,908755539,191349018,135014509,13786303,6715868,132314465,63950668,194981417,DAY AIR,OH,258932085,326363527,6715868,605797783,"credit union, 100m to 1bn",credit union
66840,175700663,25794687,21958458,4457411,3889230,21283846,15013297,2845701,CODE,OH,17858998,47753145,3889230,73958784,"credit union, 100m to 1bn",credit union
66841,4321682065,476811134,196949956,77977155,29445608,520005584,426295853,582291819,NUMERICA,WA,1008587672,673761090,29445608,1789771525,"credit union, 1 to 10bn",credit union
66844,354206484,33600006,12005728,0,2693407,43818997,9267642,168955611,CLOVERBELT,WI,178223253,45605734,2693407,226522394,"credit union, 100m to 1bn",credit union
66847,409216214,66857607,23713666,5833671,5456307,40566392,33036429,3315754,EAGLE COMMUNITY,CA,36352183,90571273,5456307,138213434,"credit union, 100m to 1bn",credit union
66848,4206508951,606514952,156423700,52221973,72972326,410881151,206159537,1325577001,COVANTAGE,WI,1531736538,762938652,72972326,2419869489,"credit union, 1 to 10bn",credit union
66851,393619388,37607998,7643625,2775848,3060297,37165278,23838359,110100075,UNISON,WI,133938434,45251623,3060297,185026202,"credit union, 100m to 1bn",credit union
66854,95971524,3969465,578112,0,1414174,16342696,2324809,56608596,WNC COMMUNITY  CU,NC,58933405,4547577,1414174,64895156,"credit union, under 100m",credit union
66856,30488983,5686824,2915562,196362,1375512,5698015,2156282,2618253,CS,NC,4774535,8602386,1375512,14948795,"credit union, under 100m",credit union
66857,19484838,1069181,5816796,0,176193,2450573,71162,1290636,GERMANIA,TX,1361798,6885977,176193,8423968,"credit union, under 100m",credit union
66860,8874228,2069800,818967,589467,1968369,1817691,1403,197230,GREATER CLEVELAND COMMUNITY,OH,198633,2888767,1968369,5645236,"credit union, under 100m",credit union
66862,19041732,2504762,773000,212043,491324,1867005,1047867,10874545,M.E. EMPLOYEES,WI,11922412,3277762,491324,15903541,"credit union, under 100m",credit union
66865,2788151425,596649103,184371603,0,42643543,344160308,150041933,869581662,CAPITAL,WI,1019623595,781020706,42643543,1843287844,"credit union, 1 to 10bn",credit union
66867,143207398,36561899,2481425,1952060,3359637,12831222,5859014,47522461,LEADING EDGE,MN,53381475,39043324,3359637,97736496,"credit union, 100m to 1bn",credit union
66872,776402267,118716183,29490200,0,5360624,83856544,16974334,319170706,KOHLER,WI,336145040,148206383,5360624,489712047,"credit union, 100m to 1bn",credit union
66877,37637765,4313969,1743356,545441,906843,4603631,1945755,8034096,TEACHERS,WI,9979851,6057325,906843,17489460,"credit union, under 100m",credit union
66878,31187665,13887115,4479425,413675,438275,3293292,1560259,2768181,MCU FINANCIAL CENTER,WI,4328440,18366540,438275,23546930,"credit union, under 100m",credit union
66886,391983291,21314622,11856787,4487026,1983230,33826708,55013118,134394330,TEN,TN,189407448,33171409,1983230,229049113,"credit union, 100m to 1bn",credit union
66899,21180965,3789328,445508,755229,819256,3267735,2559457,2261703,RICHMOND VIRGINIA FIRE POLICE CREDI,VA,4821160,4234836,819256,10630481,"credit union, under 100m",credit union
66913,46924466,5417570,4254927,3144696,2481235,3948954,1219188,0,HAMPTON ROADS EDUC CREDIT UNION INC,VA,1219188,9672497,2481235,16517616,"credit union, under 100m",credit union
66924,503372016,40802063,6013827,9999944,15468380,51618328,19028979,113081896,VALLEYSTAR,VA,132110875,46815890,15468380,204395089,"credit union, 100m to 1bn",credit union
66929,64613439,7267470,2254738,1758917,1428736,11938370,1806438,2300105,CREDIT UNION OF RICHMOND INCORPORAT,VA,4106543,9522208,1428736,16816404,"credit union, under 100m",credit union
66933,15161048,3343813,1509467,0,809872,3198504,0,0,AUGUSTA HEALTH CARE CREDIT UNION,VA,0,4853280,809872,5663152,"credit union, under 100m",credit union
66942,34447167,8895976,6992884,0,1988953,5133279,943156,8288347,PFD FIREFIGHTERS CREDIT UNION INC.,VA,9231503,15888860,1988953,27109316,"credit union, under 100m",credit union
66954,59538667,4889904,1366544,1303628,4154864,4840499,5100848,0,LOUDOUN CREDIT UNION,VA,5100848,6256448,4154864,16815788,"credit union, under 100m",credit union
66956,73718473,3217430,1338186,5400298,7570506,12387732,3932044,3266936,"NORTHERN STAR CREDIT UNION, INC.",VA,7198980,4555616,7570506,24725400,"credit union, under 100m",credit union
66965,391583845,164278001,26346296,24745170,2102461,43155498,47473523,54110836,"BEACON CREDIT UNION, INCORPORATED",VA,101584359,190624297,2102461,319056287,"credit union, 100m to 1bn",credit union
66967,132588408,33860346,10589504,350291,2776864,21085505,356860,3446666,JACKSON RIVER COMMUNITY,VA,3803526,44449850,2776864,51380531,"credit union, 100m to 1bn",credit union
66970,54378947,9469517,4475187,1596085,1758467,5583945,1103865,3902889,NEWPORT NEWS MUN. EMP CREDIT UNION,VA,5006754,13944704,1758467,22306010,"credit union, under 100m",credit union
66973,336420986,37269321,9887951,12458204,4877155,48279634,22868165,74835730,DOMINION ENERGY CREDIT UNION,VA,97703895,47157272,4877155,162196526,"credit union, 100m to 1bn",credit union
66980,18076043,4502940,588497,248452,874019,2133887,0,851668,SOUTHERN,TN,851668,5091437,874019,7065576,"credit union, under 100m",credit union
66983,626753158,50167318,13717140,2194199,3455038,72363029,27205292,298597517,CO-OP,WI,325802809,63884458,3455038,395336504,"credit union, 100m to 1bn",credit union
66998,947326434,55578389,21447603,12735397,7864506,102026043,60830690,287328431,BLACKHAWK COMMUNITY,WI,348159121,77025992,7864506,445785016,"credit union, 100m to 1bn",credit union
66999,16010133,2496984,440602,0,316092,1748082,0,7513307,LAKEWOOD,WI,7513307,2937586,316092,10766985,"credit union, under 100m",credit union
67000,73948179,20475606,6149183,0,903671,8949319,4480145,7953044,BROKAW,WI,12433189,26624789,903671,39961649,"credit union, under 100m",credit union
67003,7255472,3590385,605636,0,0,686757,0,0,BRANTWOOD,WI,0,4196021,0,4196021,"credit union, under 100m",credit union
67005,38554174,6531640,2151332,942605,323643,3735161,4724344,6116867,NATIONAL J. A. C. L.,UT,10841211,8682972,323643,20790431,"credit union, under 100m",credit union
67009,22993564,6523671,1051534,569374,1792901,1689596,212781,0,UNITED LABOR,MO,212781,7575205,1792901,10150261,"credit union, under 100m",credit union
67012,287561312,38331240,17814469,5823746,4652005,29235439,22654671,90592329,1ST COMMUNITY,WI,113247000,56145709,4652005,179868460,"credit union, 100m to 1bn",credit union
67017,178225440,27422455,5944391,1474879,931289,19765490,2326002,71874863,N.E.W.,WI,74200865,33366846,931289,109973879,"credit union, 100m to 1bn",credit union
67021,194160257,10927409,9337768,0,748357,32383306,590276,76892711,NORTHEAST COMMUNITY,TN,77482987,20265177,748357,98496521,"credit union, 100m to 1bn",credit union
67022,2133507,748608,195788,0,343596,488305,0,12586,1ST CLASS EXPRESS,WI,12586,944396,343596,1300578,"credit union, under 100m",credit union
67024,427558,41331,0,0,972,80864,0,0,MT. ZION,IL,0,41331,972,42303,"credit union, under 100m",credit union
67056,24894559,4768855,1620032,311564,200480,3009942,1955090,1950060,P & S,UT,3905150,6388887,200480,10806081,"credit union, under 100m",credit union
67066,90996109,6606716,2159444,0,947121,7061577,2968805,37683691,MARSHFIELD MEDICAL CENTER,WI,40652496,8766160,947121,50365777,"credit union, under 100m",credit union
67076,166728395,19589539,5585552,1279539,1265809,20605732,26126611,32842552,UTAH HERITAGE,UT,58969163,25175091,1265809,86689602,"credit union, 100m to 1bn",credit union
67078,6043550,3281792,427916,0,257341,1939248,0,0,HOLLYFRONTIER EMPLOYEE'S,UT,0,3709708,257341,3967049,"credit union, under 100m",credit union
67079,69621137,12648097,3887457,886084,768932,7285617,7447974,13614768,FIREFIGHTERS,UT,21062742,16535554,768932,39253312,"credit union, under 100m",credit union
67096,42565550,3757204,437435,323323,185372,5107484,1091912,4783460,GOLDEN RULE COMMUNITY,WI,5875372,4194639,185372,10578706,"credit union, under 100m",credit union
67108,341645,160557,0,0,8075,90690,0,0,PRESTO LEWISTON EMPLOYEES,UT,0,160557,8075,168632,"credit union, under 100m",credit union
67127,61948958,8761588,2696242,1867702,1240582,6157093,7646508,28256543,EDUCATION 1ST,UT,35903051,11457830,1240582,50469165,"credit union, under 100m",credit union
67129,70024108,17559383,1441662,685677,436016,8186194,12528000,14133935,FREEDOM,UT,26661935,19001045,436016,46784673,"credit union, under 100m",credit union
67130,1074878,454497,73303,0,15711,138957,0,0,SOUTH SANPETE,UT,0,527800,15711,543511,"credit union, under 100m",credit union
67132,1102249773,101967752,18440235,11923950,5906669,151238760,109447761,273406035,UTAH POWER,UT,382853796,120407987,5906669,521092402,"credit union, 1 to 10bn",credit union
67140,166378,0,0,0,0,166263,0,0,BECKSTRAND AND ASSOCIATES,UT,0,0,0,0,"credit union, under 100m",credit union
67147,141443096,41937278,6014142,1414963,1213249,13158126,12605975,34691652,PACIFIC HORIZON,UT,47297627,47951420,1213249,97877259,"credit union, 100m to 1bn",credit union
67149,7388552,2480386,817784,0,72461,1409676,0,0,S E A,UT,0,3298170,72461,3370631,"credit union, under 100m",credit union
67153,209136755,51194894,9619969,4718912,1191542,31184809,9607257,8377153,MEMBERS FIRST,UT,17984410,60814863,1191542,84709727,"credit union, 100m to 1bn",credit union
67156,3916919,668904,173184,0,130537,832591,0,0,UINTAH,UT,0,842088,130537,972625,"credit union, under 100m",credit union
67160,68439698,23838860,2303505,514640,1439074,6348764,2126190,16976458,KINGS PEAK,UT,19102648,26142365,1439074,47198727,"credit union, under 100m",credit union
67163,29855500,12088554,1466163,0,2467644,4159678,23962,0,SAN JUAN,UT,23962,13554717,2467644,16046323,"credit union, under 100m",credit union
67173,730338513,52418902,23048163,267684,10274163,55037816,32137264,325112308,SUPERIOR CHOICE,WI,357249572,75467065,10274163,443258484,"credit union, 100m to 1bn",credit union
67176,84879489,13773553,2241099,1211079,662643,11563965,2787198,19982603,FOND DU LAC,WI,22769801,16014652,662643,40658175,"credit union, under 100m",credit union
67178,210927560,38901119,10686842,3509765,5055754,22261505,6064146,94264006,ACCESS COMMUNITY,TX,100328152,49587961,5055754,158481632,"credit union, 100m to 1bn",credit union
67181,165626985,19174058,2117446,1163827,2040284,12225495,32649621,45679890,FOOTHILLS,CO,78329511,21291504,2040284,102825126,"credit union, 100m to 1bn",credit union
67183,188760845,40361968,9738969,2208425,7155302,18851689,7023283,43769635,RIPCO,WI,50792918,50100937,7155302,110257582,"credit union, 100m to 1bn",credit union
67184,449822751,50697144,13460987,5635919,17447698,52748647,52186642,125915064,FORT COMMUNITY,WI,178101706,64158131,17447698,265343454,"credit union, 100m to 1bn",credit union
67185,48948343,6690435,1873501,601793,653468,8033540,1182112,7297414,FIRST CHOICE COMMUNITY,TN,8479526,8563936,653468,18298723,"credit union, under 100m",credit union
67187,143026948,52025970,11719894,3556980,2235135,16290196,16282030,17248649,QUANTUM,KS,33530679,63745864,2235135,103068658,"credit union, 100m to 1bn",credit union
67190,8522236354,720547785,191284844,212434853,73699243,881548303,1163072809,3385039123,SUMMIT,WI,4548111932,911832629,73699243,5746078657,"credit union, 1 to 10bn",credit union
67195,387475523,71819985,21527171,8177666,8743229,34257340,42268329,49396853,ARSENAL,MO,91665182,93347156,8743229,201933233,"credit union, 100m to 1bn",credit union
67196,397407132,75053447,47382270,2812508,2528744,39403465,5131950,105983054,PARK CITY,WI,111115004,122435717,2528744,238891973,"credit union, 100m to 1bn",credit union
67197,56684717,10000463,4013455,906010,3430858,6418749,2340488,14542373,JACK DANIEL EMPLOYEES,TN,16882861,14013918,3430858,35233647,"credit union, under 100m",credit union
67200,132405021,24084038,11758180,761607,487584,17673731,2798297,20484829,OAKDALE,WI,23283126,35842218,487584,60374535,"credit union, 100m to 1bn",credit union
67201,114222214,17596371,6667305,2426495,13525173,19746280,11605423,9776161,WHITE RIVER,WA,21381584,24263676,13525173,61596928,"credit union, 100m to 1bn",credit union
67208,1023854719,74995762,22892216,8508733,12386459,160081260,28324517,157776227,WESTBY CO-OP,WI,186100744,97887978,12386459,304883914,"credit union, 1 to 10bn",credit union
67214,410236669,183808789,69923295,1691018,2097104,43927621,19175678,51228623,FIRST COMMUNITY CU OF BELOIT,WI,70404301,253732084,2097104,327924507,"credit union, 100m to 1bn",credit union
67222,95329561,15265612,14276922,717316,2034554,18226912,0,20654396,THE STATE,WV,20654396,29542534,2034554,52948800,"credit union, under 100m",credit union
67226,113296539,15814047,1750100,2180010,866963,12534323,27523929,19681025,CREDIT UNION OF THE ROCKIES,CO,47204954,17564147,866963,67816074,"credit union, 100m to 1bn",credit union
67237,3043240,1043773,241734,0,119225,502190,0,0,SUPERIOR MUNICIPAL EMPLOYEES,WI,0,1285507,119225,1404732,"credit union, under 100m",credit union
67238,285778856,60283914,13042488,5122235,6719429,31378000,25548680,79792257,GLACIER HILLS,WI,105340937,73326402,6719429,190509003,"credit union, 100m to 1bn",credit union
67240,93141596,25437098,2895976,931476,435090,10111203,1443037,13604523,NORTHWOODS COMMUNITY,WI,15047560,28333074,435090,44747200,"credit union, under 100m",credit union
67243,49881499,4117232,1616498,122820,52612,6659365,756919,9082595,ATHENS AREA,WI,9839514,5733730,52612,15748676,"credit union, under 100m",credit union
67248,348321544,44188136,11871672,0,5584363,41186413,29474160,145975097,UNITEDONE,WI,175449257,56059808,5584363,237093428,"credit union, 100m to 1bn",credit union
67252,627597799,100581303,23086117,11640901,12503736,70874175,19486394,192890436,EMBLEM,AL,212376830,123667420,12503736,360188887,"credit union, 100m to 1bn",credit union
67262,315236789,19211255,29423290,0,5239650,42737339,32002534,75677182,NORTHWEST PLUS,WA,107679716,48634545,5239650,161553911,"credit union, 100m to 1bn",credit union
67263,28394182,11379636,3032056,467142,1159905,2677243,0,0,BELL,KS,0,14411692,1159905,16038739,"credit union, under 100m",credit union
67264,1969420903,363056135,103132096,20702248,8455324,257518661,100754301,319165370,HORIZON,WA,419919671,466188231,8455324,915265474,"credit union, 1 to 10bn",credit union
67269,425105242,137145181,31730431,10829591,7763550,44219569,60530483,75214992,RHODE ISLAND,RI,135745475,168875612,7763550,323214228,"credit union, 100m to 1bn",credit union
67270,519854633,33949870,6795867,0,7972005,48533930,64453345,147460289,WESTERLY COMMUNITY,RI,211913634,40745737,7972005,260631376,"credit union, 100m to 1bn",credit union
67278,3491726116,551148741,201149707,0,5941918,371212601,277807361,1461232211,COASTAL1 ,RI,1739039572,752298448,5941918,2497279938,"credit union, 1 to 10bn",credit union
67290,3212709287,427086375,531493701,112570260,141739755,393827474,172339837,736439322,COMMUNITY FIRST CREDIT UNION OF FLO,FL,908779159,958580076,141739755,2121669250,"credit union, 1 to 10bn",credit union
67297,9151014136,1757504152,1582425399,231544704,57157950,1044526285,1060369731,2510764501,SPACE COAST,FL,3571134232,3339929551,57157950,7199766437,"credit union, 1 to 10bn",credit union
67309,34503092,2924520,4128595,745570,404628,5057924,3582526,0,1ST STREET,FL,3582526,7053115,404628,11785839,"credit union, under 100m",credit union
67316,295503038,40615862,39963629,0,15082827,34661861,13662707,42165956,ALIVE,FL,55828663,80579491,15082827,151490981,"credit union, 100m to 1bn",credit union
67318,31038541,2400623,12224956,0,5015718,5992909,0,2888120,POMPANO BEACH CITY EMP.,FL,2888120,14625579,5015718,22529417,"credit union, under 100m",credit union
67319,56056826,11441214,5334244,1707119,5336749,4836506,6359657,10329113,PRIORITY,FL,16688770,16775458,5336749,40508096,"credit union, under 100m",credit union
67323,42459259,10538702,5894860,333994,2693474,3518998,5507765,0,CITY-COUNTY EMPLOYEES,FL,5507765,16433562,2693474,24968795,"credit union, under 100m",credit union
67327,6827328,0,0,0,347591,1016740,0,0,SHAW-ROSS EMPLOYEES,FL,0,0,347591,347591,"credit union, under 100m",credit union
67330,184268638,36490729,22524710,3720258,2643060,17042010,39432164,20704,MIAMI POSTAL SERVICE,FL,39452868,59015439,2643060,104831625,"credit union, 100m to 1bn",credit union
67332,128840357,25620299,14165334,2741421,1855784,14168857,15215704,5670713,SUN,FL,20886417,39785633,1855784,65269255,"credit union, 100m to 1bn",credit union
67334,48856195,3285555,2684485,273334,4885895,8824696,0,7443217,JACKSON COUNTY 1ST,FL,7443217,5970040,4885895,18572486,"credit union, under 100m",credit union
67336,34114577,5379166,5112685,1776113,181801,5948729,1273680,1022661,ECU,FL,2296341,10491851,181801,14746106,"credit union, under 100m",credit union
67337,144248961,29758422,17014229,4248354,3495089,17357842,12539917,4339274,FLORIDA WEST COAST,FL,16879191,46772651,3495089,71395285,"credit union, 100m to 1bn",credit union
67340,50956569,1554995,1625598,0,530283,6843881,3771065,7001970,BROOKLINE MUNICIPAL,MA,10773035,3180593,530283,14483911,"credit union, under 100m",credit union
67341,16365000,4132150,1835361,0,1100939,2276949,0,0,JEFFERSON COUNTY TEACHERS,FL,0,5967511,1100939,7068450,"credit union, under 100m",credit union
67342,103162427,29852197,25491209,2336712,1936012,13386957,5179286,4947481,CONNECT CREDIT UNION,FL,10126767,55343406,1936012,69742897,"credit union, 100m to 1bn",credit union
67344,629129283,109523148,11745748,0,5121728,63845345,42278653,52571875,INSIGHT,FL,94850528,121268896,5121728,221241152,"credit union, 100m to 1bn",credit union
67347,1053533026,79401649,32131113,45818966,6199530,93555576,150164563,107574859,BRIGHTSTAR,FL,257739422,111532762,6199530,421290680,"credit union, 1 to 10bn",credit union
67348,228661219,4471972,3911746,7911002,3242723,24578234,9589701,38091517,UNIVERSITY,FL,47681218,8383718,3242723,67218661,"credit union, 100m to 1bn",credit union
67349,125181521,29038883,18031285,2201184,2364177,12254720,14476355,29199768,ADVENTHEALTH,FL,43676123,47070168,2364177,95311652,"credit union, 100m to 1bn",credit union
67352,2191922801,96440443,33922744,28276890,17561493,199923040,120261588,1247803792,JEANNE D'ARC,MA,1368065380,130363187,17561493,1544266950,"credit union, 1 to 10bn",credit union
67354,22954954,6028687,3792821,0,1538636,4414702,0,0,GLYNN COUNTY FEDERAL EMPLOYEES,GA,0,9821508,1538636,11360144,"credit union, under 100m",credit union
67364,24605148,5588590,2426819,440210,1263244,3702811,356873,1415490,SAVANNAH POSTAL,GA,1772363,8015409,1263244,11491226,"credit union, under 100m",credit union
67367,120017960,21123593,9312379,1801890,3337510,26640004,5476668,4916513,CGR,GA,10393181,30435972,3337510,45968553,"credit union, 100m to 1bn",credit union
67371,151584516,42933644,9022863,3624356,4066357,19334110,8403505,18699707,CORE,GA,27103212,51956507,4066357,86750432,"credit union, 100m to 1bn",credit union
67382,19458314,870016,545172,0,860107,15411542,0,0,GENUINE PARTS,GA,0,1415188,860107,2275295,"credit union, under 100m",credit union
67383,79116732,18258382,6582095,2905324,2918341,11161291,5600507,9833451,CREDIT UNION OF ATLANTA,GA,15433958,24840477,2918341,46098100,"credit union, under 100m",credit union
67389,2418346593,427794904,155638172,0,250382915,334494303,188417221,498973714,CENTER PARC,GA,687390935,583433076,250382915,1521206926,"credit union, 1 to 10bn",credit union
67390,4217468869,514946944,233812724,85898895,104722833,421155432,403467153,748743312,GEORGIA'S OWN,GA,1152210465,748759668,104722833,2091591861,"credit union, 1 to 10bn",credit union
67395,121743962,18234480,5064224,0,5750325,13578151,6227157,51042044,NORTH GEORGIA,GA,57269201,23298704,5750325,86318230,"credit union, 100m to 1bn",credit union
67403,27560663,3194558,2101354,0,1082548,6535215,209914,8805088,SOUTHERN PINE,GA,9015002,5295912,1082548,15393462,"credit union, under 100m",credit union
67407,2675970,871830,259572,0,164348,1143373,0,0,NAVARRO,TX,0,1131402,164348,1295750,"credit union, under 100m",credit union
67408,35508099,5882483,2990878,1189821,1423014,5352617,1024837,2115225,BRAZOS STAR,TX,3140062,8873361,1423014,14626258,"credit union, under 100m",credit union
67414,2851806,557187,271439,175241,104927,653858,0,0,FEDERAL EMPLOYEES,TX,0,828626,104927,1108794,"credit union, under 100m",credit union
67416,118855864,23018298,17697410,1237948,3220409,20395640,0,13184792,CENTEX CITIZENS,TX,13184792,40715708,3220409,58358857,"credit union, 100m to 1bn",credit union
67417,3836833,1012999,497759,0,440622,907840,0,0,UNION PACIFIC EMPLOYEES,TX,0,1510758,440622,1951380,"credit union, under 100m",credit union
67425,13744151,3140862,4473405,0,768876,2186790,0,0,CENTRAL TEXAS TEACHERS,TX,0,7614267,768876,8383143,"credit union, under 100m",credit union
67427,6837725,2205782,1932053,0,232795,633994,0,0,GALVESTON GOVERNMENT EMPLOYEES,TX,0,4137835,232795,4370630,"credit union, under 100m",credit union
67428,431392527,38774092,61140978,2508930,684457,63746387,105854396,13400694,PECU,TX,119255090,99915070,684457,222363547,"credit union, 100m to 1bn",credit union
67431,179822139,17882504,11452378,1696344,9579798,19167988,949529,69392984,CALHOUN LIBERTY,FL,70342513,29334882,9579798,110953537,"credit union, 100m to 1bn",credit union
67434,244608648,31074888,16864563,6230142,16167208,31930819,5472573,62312751,COMMUNITY SOUTH,FL,67785324,47939451,16167208,138122125,"credit union, 100m to 1bn",credit union
67436,40769359,7827108,5470558,0,1238752,4469359,842381,8211665,MESQUITE,TX,9054046,13297666,1238752,23590464,"credit union, under 100m",credit union
67439,18234481,3317546,5253069,0,1962306,3134550,0,0,TXDOT,TX,0,8570615,1962306,10532921,"credit union, under 100m",credit union
67440,12868307,1143892,1429075,0,872372,2365429,0,0,ANGELINA COUNTY TEACHERS,TX,0,2572967,872372,3445339,"credit union, under 100m",credit union
67441,51506531,6965891,3234769,75515,3496568,21493151,0,0,CAPROCK SANTA FE,TX,0,10200660,3496568,13772743,"credit union, under 100m",credit union
67444,162156759,26715293,15547390,3369264,8744655,17725364,23396129,50762780,PRIORITYONE CREDIT UNION OF FLORIDA,FL,74158909,42262683,8744655,128535511,"credit union, 100m to 1bn",credit union
67452,134342994,13887725,3686173,2791148,3232838,18503128,5005090,39267281,TEXAS HEALTH,TX,44272371,17573898,3232838,67870255,"credit union, 100m to 1bn",credit union
67458,7440590,919990,1775710,0,174633,2109217,0,0,WHARTON COUNTY TEACHERS,TX,0,2695700,174633,2870333,"credit union, under 100m",credit union
67465,905016311,190445962,104854881,31576091,63679025,67768030,30668978,277485482,TEXAS BAY,TX,308154460,295300843,63679025,698710419,"credit union, 100m to 1bn",credit union
67468,3592500,1126048,1115645,0,203980,1363164,0,0,HIGHWAY DISTRICT 2,TX,0,2241693,203980,2445673,"credit union, under 100m",credit union
67469,4209942,953919,498194,0,151780,1109701,0,11992,HIGHWAY DISTRICT 9,TX,11992,1452113,151780,1615885,"credit union, under 100m",credit union
67470,427647379,77846016,19007592,10758761,10067518,62997495,21382704,94408368,AMERICA'S,TX,115791072,96853608,10067518,233470959,"credit union, 100m to 1bn",credit union
67473,25682035,1928514,2892219,194552,380335,2938543,0,7353266,CONCHO VALLEY,TX,7353266,4820733,380335,12748886,"credit union, under 100m",credit union
67474,1756311,232703,247568,0,148739,512701,0,0,HIGHWAY EMPLOYEES,TX,0,480271,148739,629010,"credit union, under 100m",credit union
67475,17101444,1714929,876949,0,451348,2552017,0,0,MIDLAND MUNICIPAL EMPLOYEES,TX,0,2591878,451348,3043226,"credit union, under 100m",credit union
67477,25449452,6259943,6102276,0,1795801,3233122,443468,2936806,SHARED RESOURCES,TX,3380274,12362219,1795801,17538294,"credit union, under 100m",credit union
67480,4274449,404751,737402,0,56897,838083,0,0,THD DISTRICT 17,TX,0,1142153,56897,1199050,"credit union, under 100m",credit union
67481,280160767,2625028,591126,0,3382091,23712429,17269182,140740222,ALLTRUST,MA,158009404,3216154,3382091,164607649,"credit union, 100m to 1bn",credit union
67483,18464743,2854355,1470429,75696,1077844,1850693,333207,4688820,1ST UNIVERSITY,TX,5022027,4324784,1077844,10500351,"credit union, under 100m",credit union
67485,5031196,987358,1810589,0,539917,692109,0,0,CORPUS CHRISTI S.P.,TX,0,2797947,539917,3337864,"credit union, under 100m",credit union
67486,15688454,730811,897893,0,4231,2746882,0,0,REED,TX,0,1628704,4231,1632935,"credit union, under 100m",credit union
67489,37987445,8670365,4448210,1016109,1231807,7794233,532890,2395689,ASPIRE,TX,2928579,13118575,1231807,18295070,"credit union, under 100m",credit union
67493,29994268,8490545,9990072,417883,1783185,4936276,0,0,UNITED ENERGY,TX,0,18480617,1783185,20681685,"credit union, under 100m",credit union
67494,469232914,51361171,87175092,23077526,25901383,59284852,19732188,157633810,EDUCATION,TX,177365998,138536263,25901383,364881170,"credit union, 100m to 1bn",credit union
67499,427912,70993,50676,0,55304,87067,0,0,PARIS DISTRICT,TX,0,121669,55304,176973,"credit union, under 100m",credit union
67507,118808827,24711569,5830351,2552569,7000650,10575273,3285399,436712,PRESTIGE COMMUNITY,TX,3722111,30541920,7000650,43817250,"credit union, 100m to 1bn",credit union
67508,720911022,100780703,54680940,8181319,54567258,56459512,43076950,241099577,MEMBERS CHOICE,TX,284176527,155461643,54567258,502386747,"credit union, 100m to 1bn",credit union
67510,19957143,6431124,4234616,425861,1580213,3391316,0,612746,BRAZOS COMMUNITY,TX,612746,10665740,1580213,13284560,"credit union, under 100m",credit union
67511,98098427,18227791,7691669,1288812,2956534,12244815,4860060,17952064,TEXAS DPS,TX,22812124,25919460,2956534,52976930,"credit union, under 100m",credit union
67512,71582502,6211915,3620039,780563,538999,15977320,845073,41281707,STAR OF TEXAS,TX,42126780,9831954,538999,53278296,"credit union, under 100m",credit union
67516,45425135,7287129,10579810,366585,2579556,4278384,0,0,HOCKLEY COUNTY,TX,0,17866939,2579556,20813080,"credit union, under 100m",credit union
67517,82715740,8438623,4483602,580738,1921570,14764451,5349389,5788586,METRO MEDICAL,TX,11137975,12922225,1921570,26562508,"credit union, under 100m",credit union
67519,18179699,3406087,3710457,552394,495713,3257467,0,0,LINKAGE,TX,0,7116544,495713,8164651,"credit union, under 100m",credit union
67520,9442627,604611,1686394,0,27020,3722550,0,157367,SWEETEX,TX,157367,2291005,27020,2475392,"credit union, under 100m",credit union
67521,309546267,54057063,18589429,10950384,12707573,45434854,35438884,58647068,GUARDIANS,FL,94085952,72646492,12707573,190390401,"credit union, 100m to 1bn",credit union
67531,3242644,623527,87455,0,489610,1206955,0,0,DEL RIO S.P.,TX,0,710982,489610,1200592,"credit union, under 100m",credit union
67532,336763217,38689998,20452699,6511871,2220386,44106190,18953318,77262296,FORT WORTH CITY,TX,96215614,59142697,2220386,164090568,"credit union, 100m to 1bn",credit union
67534,20971200,4096821,4507485,90362,441613,3387340,0,870660,ODESSA EMPLOYEES,TX,870660,8604306,441613,10006941,"credit union, under 100m",credit union
67535,1785119982,499832158,385398950,40493696,12677947,306941570,28478227,315201472,DATCU,TX,343679699,885231108,12677947,1282082450,"credit union, 1 to 10bn",credit union
67537,20233542,3401445,1688304,445847,131471,3229832,0,981655,LCRA,TX,981655,5089749,131471,6648722,"credit union, under 100m",credit union
67538,429023122,77043717,33750727,9292678,7537892,50307101,16100704,18698872,MEMBERSFIRST,GA,34799576,110794444,7537892,162424590,"credit union, 100m to 1bn",credit union
67541,827374750,39215675,8241819,0,14302872,124627955,102884864,351576726,LIBERTY BAY,MA,454461590,47457494,14302872,516221956,"credit union, 100m to 1bn",credit union
67542,23005423,2710586,3005212,191836,615095,2696430,0,710287,FIRST PRIORITY,TX,710287,5715798,615095,7233016,"credit union, under 100m",credit union
67544,80589660,12056946,5001522,1021272,3560880,17659085,2037582,9047862,BAYLOR HEALTH CARE SYSTEM,TX,11085444,17058468,3560880,32726064,"credit union, under 100m",credit union
67545,36241720,6948178,2957042,438097,482076,6302642,112670,4033056,MATAGORDA COUNTY,TX,4145726,9905220,482076,14971119,"credit union, under 100m",credit union
67547,27152478,6552302,8378568,0,1057690,6604303,0,0,DALLAS U.P. EMPLOYEES,TX,0,14930870,1057690,15988560,"credit union, under 100m",credit union
67549,4325803,586642,587967,32744,204086,703174,0,557539,MIDWESTERN STATE UNIVERSITY,TX,557539,1174609,204086,1968978,"credit union, under 100m",credit union
67550,112180682,29490681,6955662,1042930,909619,12580118,3944396,26035575,SOUTHWEST 66,TX,29979971,36446343,909619,68378863,"credit union, 100m to 1bn",credit union
67554,85206568,10926407,3323637,0,3208373,9411824,0,15733561,POSTEL FAMILY,TX,15733561,14250044,3208373,33191978,"credit union, under 100m",credit union
67563,625584,133663,24937,0,32693,214363,0,0,HARRIS EMPLOYEES,GA,0,158600,32693,191293,"credit union, under 100m",credit union
67564,16179864,4501586,813141,0,769676,2794362,0,3876110,THE WRIGHT,GA,3876110,5314727,769676,9960513,"credit union, under 100m",credit union
67573,23974113,4381997,2636698,424641,817581,1941736,0,4105794,TEMPLE SANTA FE COMMUNITY,TX,4105794,7018695,817581,12366711,"credit union, under 100m",credit union
67574,35751730,3347706,5005909,522409,1179804,4895306,0,530483,BEAUMONT COMMUNITY,TX,530483,8353615,1179804,10586311,"credit union, under 100m",credit union
67576,93807724,5232549,1405256,224123,6930287,7395342,3194183,42827399,COOPERATIVE TEACHERS,TX,46021582,6637805,6930287,59813797,"credit union, under 100m",credit union
67578,5904486,914650,1122382,0,250066,1228832,0,0,NCE,TX,0,2037032,250066,2287098,"credit union, under 100m",credit union
67579,8443101,1731851,215876,115451,1191011,2020895,0,0,TEX MEX,TX,0,1947727,1191011,3254189,"credit union, under 100m",credit union
67581,45310086,9232069,5311512,267177,3661633,7225905,0,5001494,CABOT COMMUNITY,TX,5001494,14543581,3661633,23473885,"credit union, under 100m",credit union
67587,29644052,5770465,3736341,314636,1311389,2096676,0,5016210,UNITED,TX,5016210,9506806,1311389,16149041,"credit union, under 100m",credit union
67592,70317866,11984012,17077497,469249,1015380,6536056,22050,6882447,WEST TEXAS,TX,6904497,29061509,1015380,37450635,"credit union, under 100m",credit union
67599,81809959,4095743,496510,1373030,864247,13579351,7691929,32290293,ALLCOM,MA,39982222,4592253,864247,46811752,"credit union, under 100m",credit union
67602,14974582,3768908,3140816,0,822488,3350075,0,0,CEN TEX MANUFACTURING,TX,0,6909724,822488,7732212,"credit union, under 100m",credit union
67604,42665347,7028381,3327966,768684,1237826,4030980,2305378,7353552,TRAVIS COUNTY,TX,9658930,10356347,1237826,22021787,"credit union, under 100m",credit union
67605,1350611495,136894801,38360744,344775,5832178,131485860,103197642,469572853,ST. ANNE'S,MA,572770495,175255545,5832178,754202993,"credit union, 1 to 10bn",credit union
67608,44889644,15841433,8361228,439746,3139134,10752534,0,0,UPS EMPLOYEES,TN,0,24202661,3139134,27781541,"credit union, under 100m",credit union
67609,343227148,29091102,32941101,2839323,3464273,39324941,0,55929277,FIRST BASIN,TX,55929277,62032203,3464273,124265076,"credit union, 100m to 1bn",credit union
67611,609522501,56312854,23946495,908773,1629942,123883760,9792287,38859775,EDUCATORS,TX,48652062,80259349,1629942,131450126,"credit union, 100m to 1bn",credit union
67612,71675472,10007250,10705009,704028,1437718,13255684,2591016,12654285,SCOTT AND WHITE EMPLOYEES,TX,15245301,20712259,1437718,38099306,"credit union, under 100m",credit union
67615,9652853,201216,702418,0,360199,3558198,0,1852347,WATERTOWN MUNICIPAL,MA,1852347,903634,360199,3116180,"credit union, under 100m",credit union
67619,5035431693,1369808231,429687171,50029009,56172866,434078406,314603805,1048478994,FIRST COMMUNITY,MO,1363082799,1799495402,56172866,3268780076,"credit union, 1 to 10bn",credit union
67621,5396223,2671302,848215,0,277043,759644,0,0,PAMPA MUNICIPAL,TX,0,3519517,277043,3796560,"credit union, under 100m",credit union
67622,1774816,626227,279024,0,68108,149851,0,0,AMERICAN BAPTIST ASSOCIATION,TX,0,905251,68108,973359,"credit union, under 100m",credit union
67624,4232837,1005560,850013,0,668969,1136211,0,0,OAK FARMS EMPLOYEES,TX,0,1855573,668969,2524542,"credit union, under 100m",credit union
67625,935849025,51882795,20264396,10845128,3726025,231406044,0,187299601,SCHLUMBERGER EMPLOYEES,TX,187299601,72147191,3726025,274017945,"credit union, 100m to 1bn",credit union
67627,48397569,8473622,5088157,635590,2493230,5282738,0,4610925,HOUSTON HIGHWAY,TX,4610925,13561779,2493230,21301524,"credit union, under 100m",credit union
67630,7260871,1136278,1521720,0,223651,1043726,0,0,MADISON EDUCATION ASSOC.,FL,0,2657998,223651,2881649,"credit union, under 100m",credit union
67634,31571439,2191578,1069298,0,1386132,9891329,0,0,TRINITY VALLEY TEACHERS,TX,0,3260876,1386132,4647008,"credit union, under 100m",credit union
67638,28385199,10200522,2940009,0,1595123,4545568,0,0,TYLER CITY EMPLOYEES,TX,0,13140531,1595123,14735654,"credit union, under 100m",credit union
67639,19520332,3266718,1790288,198621,671574,2488204,0,738578,AMARILLO POSTAL EMPLOYEES,TX,738578,5057006,671574,6665779,"credit union, under 100m",credit union
67641,2341592,61926,191382,0,7975,501604,0,0,LEHRER INTERESTS,TX,0,253308,7975,261283,"credit union, under 100m",credit union
67642,137285544,20897459,16002416,617819,10340789,17120497,9014543,28883398,MTCU,TX,37897941,36899875,10340789,85756424,"credit union, 100m to 1bn",credit union
67644,191743660,37258624,5697735,2633801,9869547,30191602,3665074,33879748,FIRST CENTRAL,TX,37544822,42956359,9869547,93004529,"credit union, 100m to 1bn",credit union
67645,71337981,6000955,15115553,1867848,839613,11973525,0,8276057,SERVICE 1ST,TX,8276057,21116508,839613,32100026,"credit union, under 100m",credit union
67648,37458529,5123654,3087510,670701,1548456,4956780,42740,718206,HOOSIER UNITED,IN,760946,8211164,1548456,11191267,"credit union, under 100m",credit union
67649,117487887,38883609,2803787,1043052,4528023,13238396,0,7519326,MEMBERS,TX,7519326,41687396,4528023,54777797,"credit union, 100m to 1bn",credit union
67651,4200370,921452,372897,282121,460031,780365,0,0,INTERCORP,TX,0,1294349,460031,2036501,"credit union, under 100m",credit union
67658,183237014,19212017,6944677,4056542,4608528,44002475,125342,32283229,MEMBERS FIRST,TX,32408571,26156694,4608528,67230335,"credit union, 100m to 1bn",credit union
67660,17717457,2854942,1231214,833542,649003,2345786,0,2270931,SOUTHERN STAR,TX,2270931,4086156,649003,7839632,"credit union, under 100m",credit union
67661,10964705,2469803,1807653,0,975233,1962726,0,0,VATAT,TX,0,4277456,975233,5252689,"credit union, under 100m",credit union
67666,90617297,23877348,14624551,1334998,541883,6508591,5429028,7298877,TNCONNECT,TN,12727905,38501899,541883,53106685,"credit union, under 100m",credit union
67668,621766385,130762351,53899186,7766125,8418624,48690988,49450157,91136426,FLORIDACENTRAL,FL,140586583,184661537,8418624,341432869,"credit union, 100m to 1bn",credit union
67669,629798249,122513096,20174882,8186126,21990919,77291194,40633137,84269770,CITY,TX,124902907,142687978,21990919,297767930,"credit union, 100m to 1bn",credit union
67681,1124151586,235667804,85305156,29092217,92781420,120920432,151158320,147397554,NEIGHBORHOOD,TX,298555874,320972960,92781420,741402471,"credit union, 1 to 10bn",credit union
67683,47139153,1119789,3384711,780781,616556,6215261,2703373,1276800,WORCESTER FIRE DEPT.,MA,3980173,4504500,616556,9882010,"credit union, under 100m",credit union
67687,5871948,1511338,818543,0,1264355,1591517,0,0,MACON FIREMEN'S,GA,0,2329881,1264355,3594236,"credit union, under 100m",credit union
67688,2675476,924576,237982,0,330388,287925,0,0,MACON-BIBB EMPLOYEES CREDIT UNION,GA,0,1162558,330388,1492946,"credit union, under 100m",credit union
67691,2731103,1175713,434373,0,178002,676928,0,0,J C FEDERAL EMPLOYEES,MO,0,1610086,178002,1788088,"credit union, under 100m",credit union
67695,17173318,3355212,2744364,355413,858499,1278895,903987,0,ACADEMIC EMPLOYEES,MO,903987,6099576,858499,8217475,"credit union, under 100m",credit union
67700,29507043,7763214,4560317,119068,566088,3383275,0,2263373,HIGHWAY ALLIANCE,MO,2263373,12323531,566088,15272060,"credit union, under 100m",credit union
67701,56444378,9799357,6000377,1276826,2939496,7901496,3591629,11147410,GREATER EXPERIENCE,TN,14739039,15799734,2939496,34755095,"credit union, under 100m",credit union
67703,5922776,2461466,1752064,0,33536,690696,0,0,DEXTER PUBLIC SCHOOLS,MO,0,4213530,33536,4247066,"credit union, under 100m",credit union
67708,8692160,1539578,630053,65832,78327,947541,0,0,ST. JOSEPH TEACHERS',MO,0,2169631,78327,2313790,"credit union, under 100m",credit union
67709,729403829,79312154,25084089,15571487,10820928,106302714,84026411,203955773,QUINCY,MA,287982184,104396243,10820928,418770842,"credit union, 100m to 1bn",credit union
67710,27678726,1374129,2433959,0,679505,2650336,576693,10266443,HAVERHILL FIRE DEPARTMENT,MA,10843136,3808088,679505,15330729,"credit union, under 100m",credit union
67713,44669414,5747793,10593025,331877,1537536,7557001,209435,806487,LAKESIDE,TN,1015922,16340818,1537536,19226153,"credit union, under 100m",credit union
67715,4559604,1082974,675730,0,58197,696155,0,0,OUR LADY OF SNOWS,MO,0,1758704,58197,1816901,"credit union, under 100m",credit union
67716,6406992,2270216,664851,0,379375,556421,0,0,SOUTHEAST MISSOURI COMMUNITY,MO,0,2935067,379375,3314442,"credit union, under 100m",credit union
67717,40351018,6922045,5118021,684342,1292485,5351994,0,1592665,JAX FIRE,FL,1592665,12040066,1292485,15609558,"credit union, under 100m",credit union
67720,345720073,50478424,23324324,8833921,10279196,39841826,49805765,60774081,US COMMUNITY,TN,110579846,73802748,10279196,203495711,"credit union, 100m to 1bn",credit union
67725,161261381,28917581,17770029,1476327,830984,16834566,13748429,15590043,FIRST CHOICE,FL,29338472,46687610,830984,78333393,"credit union, 100m to 1bn",credit union
67730,79753287,11039469,3160183,0,2332967,11162395,14426908,14100274,DILLON,KS,28527182,14199652,2332967,45059801,"credit union, under 100m",credit union
67738,8344004,201261,1109335,0,597892,2139466,0,0,BCBST EMPLOYEES,TN,0,1310596,597892,1908488,"credit union, under 100m",credit union
67739,396754156,46902532,20176551,2551012,5783798,44920515,31537024,105007024,MISSOURI ELECTRIC COOPERATIVES EMPL,MO,136544048,67079083,5783798,211957941,"credit union, 100m to 1bn",credit union
67741,85287674,33926243,3735999,328924,1637840,11189915,219123,14833978,CREDIT UNION FOR ROBERTSON COUNTY,TN,15053101,37662242,1637840,54682107,"credit union, under 100m",credit union
67747,163784725,74120068,42235428,671526,2304059,15354493,2843975,11427145,SCENIC COMMUNITY,TN,14271120,116355496,2304059,133602201,"credit union, 100m to 1bn",credit union
67748,361872908,70936080,7554925,4125824,11967930,61579208,18981201,107398887,HERITAGE SOUTH COMMUNITY CU,TN,126380088,78491005,11967930,220964847,"credit union, 100m to 1bn",credit union
67749,29619884,2486420,1966935,579759,628424,4085858,4389531,5919504,HTM,MA,10309035,4453355,628424,15970573,"credit union, under 100m",credit union
67750,1532769,390347,547348,0,8221,220975,0,0,ST. AUGUSTINE,MO,0,937695,8221,945916,"credit union, under 100m",credit union
67757,15977340,3839907,6167939,660876,492329,2434310,0,0,YOUR BEST CREDIT UNION,TN,0,10007846,492329,11161051,"credit union, under 100m",credit union
67761,1446433282,336105861,303468323,6998676,25798811,280484923,18383659,238178087,EAST TEXAS PROFESSIONAL,TX,256561746,639574184,25798811,928933417,"credit union, 1 to 10bn",credit union
67762,24621967,2433158,182140,0,32663,4091786,0,16461475,MARTIN COUNTY COOPERATIVE,IN,16461475,2615298,32663,19109436,"credit union, under 100m",credit union
67767,28287136,3782053,1693258,0,1254684,3189195,2857982,4210131,LOWELL FIREFIGHTERS,MA,7068113,5475311,1254684,13798108,"credit union, under 100m",credit union
67770,76457722,8251323,3700956,0,761927,7461237,14266224,17053644,MEMBERS 1ST,MO,31319868,11952279,761927,44034074,"credit union, under 100m",credit union
67776,27877315,1716893,2000309,0,411823,2146984,1489911,12286435,BEACON FINANCIAL,TN,13776346,3717202,411823,17905371,"credit union, under 100m",credit union
67778,115344469,8939992,6301350,1142367,1509774,26623811,14573805,12459917,CITY EMPLOYEES,TN,27033722,15241342,1509774,44927205,"credit union, 100m to 1bn",credit union
67779,4234498,1277551,435713,0,81331,737450,0,104091,P.I.A.S.,TN,104091,1713264,81331,1898686,"credit union, under 100m",credit union
67783,4305503,1916955,425212,0,278538,528593,0,0,C & R,KS,0,2342167,278538,2620705,"credit union, under 100m",credit union
67785,6340331,3301806,1077893,0,240303,992756,0,0,TOPEKA POLICE,KS,0,4379699,240303,4620002,"credit union, under 100m",credit union
67789,185511237,74777805,20869153,6473070,6006422,17555958,52774,33416078,EMPLOYEE RESOURCES,TN,33468852,95646958,6006422,141595302,"credit union, 100m to 1bn",credit union
67793,12503613,3489167,1742376,0,661546,2353066,0,0,KNOX CO. EMPLOYEES,TN,0,5231543,661546,5893089,"credit union, under 100m",credit union
67797,5607635,1186832,521116,0,28990,957175,0,0,ELLIS,KS,0,1707948,28990,1736938,"credit union, under 100m",credit union
67799,21821606,11780049,1818149,0,1115826,6331675,0,0,SALINA INTERPAROCHIAL,KS,0,13598198,1115826,14714024,"credit union, under 100m",credit union
67800,1315298,549310,226254,0,65801,94656,0,0,SALINA MUNICIPAL,KS,0,775564,65801,841365,"credit union, under 100m",credit union
67801,16989311,3114508,484465,0,848260,2341839,0,0,STATIONERY,MO,0,3598973,848260,4447233,"credit union, under 100m",credit union
67804,1163941543,174617546,39189127,36149490,28762876,91106923,114055686,322021867,VANTAGE,MO,436077553,213806673,28762876,714796592,"credit union, 1 to 10bn",credit union
67812,1165402,518631,0,0,54693,216469,0,0,MID PLAINS,KS,0,518631,54693,573324,"credit union, under 100m",credit union
67829,5169476,2004027,403452,77090,659703,909792,0,0,HUTCHINSON POSTAL & COMMUNITY,KS,0,2407479,659703,3144272,"credit union, under 100m",credit union
67831,6028393,2110622,725417,0,337157,1117439,0,0,ALLEN HOSPITAL PERSONNEL,IA,0,2836039,337157,3173196,"credit union, under 100m",credit union
67835,51043247,5206372,2632331,157713,500359,6802517,364782,22272598,TRANS TEXAS SOUTHWEST,TX,22637380,7838703,500359,31134155,"credit union, under 100m",credit union
67836,1401684022,42996844,9597934,4777622,13423383,179883220,140365774,602715261,SHARON & CRESCENT UNITED,MA,743081035,52594778,13423383,813876818,"credit union, 1 to 10bn",credit union
67837,452551866,16197182,5992939,8008045,19964003,58501882,49241155,244202507,BOSTON FIREFIGHTERS,MA,293443662,22190121,19964003,343605831,"credit union, 100m to 1bn",credit union
67840,11690152,1277057,459588,0,712752,3021830,1262665,0,LYNN POLICE,MA,1262665,1736645,712752,3712062,"credit union, under 100m",credit union
67841,544478548,16123288,12998609,4029072,34247086,49363742,48961145,246043575,CITY OF BOSTON,MA,295004720,29121897,34247086,362402775,"credit union, 100m to 1bn",credit union
67855,5925951,540391,108545,0,15268,979449,0,0,TRI-COUNTY,KS,0,648936,15268,664204,"credit union, under 100m",credit union
67856,102648332,32071914,15862905,902575,357267,14695724,1349587,970613,CREDIT UNION OF DODGE CITY,KS,2320200,47934819,357267,51514861,"credit union, 100m to 1bn",credit union
67864,1025753352,145500200,76249259,0,18400502,119900341,108600746,332724953,ST. MARY'S,MA,441325699,221749459,18400502,681475660,"credit union, 1 to 10bn",credit union
67865,233880844,69845380,14827345,3198491,7567958,28056876,40907659,34258099,CAPITOL,TX,75165758,84672725,7567958,170604932,"credit union, 100m to 1bn",credit union
67869,40171840,2220894,1845387,255027,345673,10998773,0,20330265,KEYSTONE,TX,20330265,4066281,345673,24997246,"credit union, under 100m",credit union
67872,35080925,6118590,1887563,0,2234554,6586512,3339715,5732323,ALPHA,MA,9072038,8006153,2234554,19312745,"credit union, under 100m",credit union
67874,540675201,141371230,59401478,7432597,28478230,57014158,28136097,56140313,CHAMPIONS FIRST,FL,84276410,200772708,28478230,320959945,"credit union, 100m to 1bn",credit union
67875,296360784,26568678,807987,3118987,26771218,27156597,52991854,60655580,HOLYOKE,MA,113647434,27376665,26771218,170914304,"credit union, 100m to 1bn",credit union
67882,5247790,121403,116352,0,1580676,1072641,0,0,LYNN TEACHERS,MA,0,237755,1580676,1818431,"credit union, under 100m",credit union
67890,123020022,2510127,625177,1636968,1004784,19938153,17877927,31022135,LUSO-AMERICAN,MA,48900062,3135304,1004784,54677118,"credit union, 100m to 1bn",credit union
67892,134957780,284086,238359,0,65835,28114030,8260802,70408715,WORKMEN'S CIRCLE INCORPORATED,GA,78669517,522445,65835,79257797,"credit union, 100m to 1bn",credit union
67894,316453721,17786869,3835815,0,3590286,30045682,23024510,72073469,FALL RIVER MUNICIPAL,MA,95097979,21622684,3590286,120310949,"credit union, 100m to 1bn",credit union
67902,230293129,7896295,1652391,751147,2088154,45450287,29985971,73186450,GREATER SPRINGFIELD,MA,103172421,9548686,2088154,115560408,"credit union, 100m to 1bn",credit union
67911,83880848,19300407,7910757,1482387,1283670,10367854,5358017,5815373,PRIMESOURCE,WA,11173390,27211164,1283670,41150611,"credit union, under 100m",credit union
67915,231407499,37539573,18484674,4255232,7673809,35735067,0,33445617,WESTEX COMMUNITY,TX,33445617,56024247,7673809,101398905,"credit union, 100m to 1bn",credit union
67921,201478655,3374429,2729940,442581,901668,59301881,13492696,110174158,LONG BEACH FIREMEN S,CA,123666854,6104369,901668,131115472,"credit union, 100m to 1bn",credit union
67922,81344419,10061372,4430646,2253924,2569965,13157240,10237095,9450422,NASHVILLE POST OFFICE,TN,19687517,14492018,2569965,39003424,"credit union, under 100m",credit union
67924,65529914,20580554,5712980,0,2907246,7816961,5492583,452030,CITY,MO,5944613,26293534,2907246,35145393,"credit union, under 100m",credit union
67927,807525578,129820114,43618316,0,79431226,95607338,20600605,178793271,SMART FINANCIAL,TX,199393876,173438430,79431226,452263532,"credit union, 100m to 1bn",credit union
67928,4875032498,1531939045,1030591753,35470390,74072642,618953716,188311341,549053617,EECU,TX,737364958,2562530798,74072642,3409438788,"credit union, 1 to 10bn",credit union
67933,5540724,551195,489158,0,455857,2658730,0,32041,CONTAINER MUTUAL,FL,32041,1040353,455857,1528251,"credit union, under 100m",credit union
67936,23842852,7323051,1828302,0,229173,2769139,29442,21618,LEADCO COMMUNITY,MO,51060,9151353,229173,9431586,"credit union, under 100m",credit union
67937,14533672,4204862,951669,783431,594259,2295283,0,0,DIXIE LINE,TN,0,5156531,594259,6534221,"credit union, under 100m",credit union
67938,49264276,4915712,1974039,1800084,314999,4992220,0,2576341,OCALA COMMUNITY,FL,2576341,6889751,314999,11581175,"credit union, under 100m",credit union
67946,27504062,2375058,1813996,290898,311238,3009073,766895,4629802,HIWASSEE RIVER,TN,5396697,4189054,311238,10187887,"credit union, under 100m",credit union
67951,185366735,12937488,973332,298529,40248,17016675,14904995,102252754,ALDEN,MA,117157749,13910820,40248,131407346,"credit union, 100m to 1bn",credit union
67955,20006668906,320574302,216422711,159194580,1381290579,1834457193,1526197325,6893670334,ALLIANT,IL,8419867659,536997013,1381290579,10497349831,"credit union, over 10bn",credit union
67959,372540599,29804165,8698978,0,3856920,36648035,69186736,136251555,ST. JEAN'S,MA,205438291,38503143,3856920,247798354,"credit union, 100m to 1bn",credit union
67963,17145135,3041445,4615835,0,342144,3471536,0,0,CORPUS CHRISTI POSTAL EMPLOYEES,TX,0,7657280,342144,7999424,"credit union, under 100m",credit union
67970,302602859,50628945,21306501,2425867,16488755,32604515,74865735,35031370,BOWATER EMPLOYEES,TN,109897105,71935446,16488755,200747173,"credit union, 100m to 1bn",credit union
67971,11951107,6906920,1902763,0,699794,3175027,0,0,TENNESSEE DEPARTMENT OF SAFETY,TN,0,8809683,699794,9509477,"credit union, under 100m",credit union
67972,704380936,257316744,122142380,20611775,9794189,74760342,48778816,101652288,RESOUND,TN,150431104,379459124,9794189,560296192,"credit union, 100m to 1bn",credit union
67974,163806741,47831404,30723080,2202690,11706926,15478482,0,13177866,COMMUNITY SERVICE,TX,13177866,78554484,11706926,105641966,"credit union, 100m to 1bn",credit union
67976,18668990,2310637,731969,96025,844517,1792476,0,353192,APPLIANCE,TN,353192,3042606,844517,4336340,"credit union, under 100m",credit union
67979,41016473,9741064,3699512,2633655,944599,4613899,2178680,3158840,M.P.D. COMMUNITY,TN,5337520,13440576,944599,22356350,"credit union, under 100m",credit union
67982,347272074,65178558,26999131,3756185,4405319,36528511,27492100,69826923,OLD HICKORY,TN,97319023,92177689,4405319,197658216,"credit union, 100m to 1bn",credit union
67993,401760222,49177509,24729285,14380079,12118894,37943509,19043592,104304808,ANCORUM,ME,123348400,73906794,12118894,223754167,"credit union, 100m to 1bn",credit union
67995,125331746,27628567,13754378,0,863572,19133119,9881451,10305815,KANSAS TEACHERS COMMUNITY,KS,20187266,41382945,863572,62433783,"credit union, 100m to 1bn",credit union
68005,77331700,7741717,5490429,469797,1364133,7979642,0,14596182,FREESTONE,TX,14596182,13232146,1364133,29662258,"credit union, under 100m",credit union
68008,49454910,4676518,10339031,1042746,1362996,6787812,3080825,5263046,CENTRAL VALLEY FIREFIGHTERS,CA,8343871,15015549,1362996,25765162,"credit union, under 100m",credit union
68010,14454537,2026910,1141998,0,276645,2400113,0,0,ALPINE COMMUNITY,TX,0,3168908,276645,3445553,"credit union, under 100m",credit union
68011,19950708,6459151,1678266,875457,1610192,1874165,0,837195,CORNER STONE,TX,837195,8137417,1610192,11460261,"credit union, under 100m",credit union
68016,35818581,7043831,4605292,0,1727631,6650787,2308391,7367834,TRANSPORT,FL,9676225,11649123,1727631,23052979,"credit union, under 100m",credit union
68021,929511235,179536639,79282139,24038981,55438337,102446577,30996709,210223822,COMMUNITY RESOURCE,TX,241220531,258818778,55438337,579516627,"credit union, 100m to 1bn",credit union
68038,644521211,59981961,26240070,8385781,5388285,50656161,40000692,220726809,EVERGREEN,ME,260727501,86222031,5388285,360723598,"credit union, 100m to 1bn",credit union
68042,125322192,6879610,4376656,1422139,575883,12600835,6162104,13809886,POWERNET,FL,19971990,11256266,575883,33226278,"credit union, 100m to 1bn",credit union
68044,747523,102583,40251,0,5840,230331,0,0,HOLY REDEEMER COMMUNITY OF SE WIS.,WI,0,142834,5840,148674,"credit union, under 100m",credit union
68046,176265936,214639,234983,0,4704163,15099011,21405747,62096200,NAVEO,MA,83501947,449622,4704163,88655732,"credit union, 100m to 1bn",credit union
68052,26172572,5500206,2751119,1953325,1634254,2266921,35564,1049533,CENTER CITY COMMUNITY,CA,1085097,8251325,1634254,12924001,"credit union, under 100m",credit union
68053,1504297699,409431757,127138307,23862314,46680891,150502269,61803192,220200764,SIERRA CENTRAL,CA,282003956,536570064,46680891,889117225,"credit union, 1 to 10bn",credit union
68057,170367379,9116003,4008908,0,4825628,17245444,24845141,75417938,HOMEFIELD,MA,100263079,13124911,4825628,118213618,"credit union, 100m to 1bn",credit union
68061,803519517,36186910,3986818,8693772,1281064,141450029,73984587,169183376,SOLARITY,WA,243167963,40173728,1281064,293316527,"credit union, 100m to 1bn",credit union
68062,819754825,57914825,22707041,4697283,73521480,71354629,69712276,35267901,AMERICA'S CHRISTIAN,CA,104980177,80621866,73521480,263820806,"credit union, 100m to 1bn",credit union
68069,10367451,4027838,1654780,220597,769382,1412458,0,0,CN/IC EMPLOYEES,TN,0,5682618,769382,6672597,"credit union, under 100m",credit union
68071,38271745,8031967,1493567,706252,647631,4692803,7137829,10825875,ST. THOMAS,TN,17963704,9525534,647631,28843121,"credit union, under 100m",credit union
68073,105265168,55069732,13117920,176508,2508241,14578755,0,0,HOLLEY,TN,0,68187652,2508241,70872401,"credit union, 100m to 1bn",credit union
68077,23161330,1388642,297787,197949,318523,3881650,153909,1382215,MARYVILLE MUNICIPAL,TN,1536124,1686429,318523,3739025,"credit union, under 100m",credit union
68085,5319975598,207588045,2218545136,122330591,46449022,576409601,231082808,833954366,KNOXVILLE TVA EMPLOYEES,TN,1065037174,2426133181,46449022,3659949968,"credit union, 1 to 10bn",credit union
68095,10171443341,1042830642,966059770,178813061,217452019,1512814609,335284428,3968254649,EASTMAN,TN,4303539077,2008890412,217452019,6708694569,"credit union, over 10bn",credit union
68097,36906773,5233052,1290226,262133,1068039,6734888,118101,142234,HAPPY VALLEY,TN,260335,6523278,1068039,8113785,"credit union, under 100m",credit union
68100,16772864,3815271,1639445,0,149680,4070147,0,638261,SKYLINE,TN,638261,5454716,149680,6242657,"credit union, under 100m",credit union
68101,30989995,7341616,2982058,1078465,1140566,6225512,0,1362775,TENNESSEE EMPLOYEES,TN,1362775,10323674,1140566,13905480,"credit union, under 100m",credit union
68104,95565104,8776239,5279580,691265,3233126,15652727,12971510,26772283,KINGSPORT PRESS CU,TN,39743793,14055819,3233126,57724003,"credit union, under 100m",credit union
68112,381654,6020,0,0,44394,37735,0,0,W. VIRGINIA STATE CONVENTION,WV,0,6020,44394,50414,"credit union, under 100m",credit union
68113,10149028,2020148,2808134,0,968747,874516,0,0,LOCAL NO. 317 I.A.F.F.,WV,0,4828282,968747,5797029,"credit union, under 100m",credit union
68119,53217663,6610786,1600974,1406334,1576209,5208968,7605199,13582967,VANDERBILT,TN,21188166,8211760,1576209,32382469,"credit union, under 100m",credit union
68120,1034796,203418,114258,0,94771,89757,0,0,HARDIN COUNTY HOSPITAL EMPLOYEES,TN,0,317676,94771,412447,"credit union, under 100m",credit union
68124,6654662,2307662,1194939,0,505037,484531,602881,263449,CHURCH OF GOD,TN,866330,3502601,505037,4873968,"credit union, under 100m",credit union
68126,1798714,334818,324829,0,137558,938117,0,0,GREENEVILLE WORKS EMPLS. SAV. ASSN.,TN,0,659647,137558,797205,"credit union, under 100m",credit union
68127,13917751,5536068,1832331,0,682302,4110592,0,0,GREENEVILLE CITY EMPLOYEES',TN,0,7368399,682302,8050701,"credit union, under 100m",credit union
68135,2457106,378871,65421,0,250802,329278,0,0,METROPOLITAN TEACHERS,TN,0,444292,250802,695094,"credit union, under 100m",credit union
68137,366732974,8846720,15090332,0,14997909,42025847,111220495,154160324,MASS BAY,MA,265380819,23937052,14997909,304315780,"credit union, 100m to 1bn",credit union
68138,60197572,6887305,2196342,678905,1084867,7154627,5550887,23987209,HORIZON,TN,29538096,9083647,1084867,40385515,"credit union, under 100m",credit union
68144,4311618,1753979,459125,0,64589,1554624,0,0,HURD EMPLOYEES,TN,0,2213104,64589,2277693,"credit union, under 100m",credit union
68148,79295681,27269705,5305221,2164390,2262295,8610534,5243784,381816,ENBRIGHT,TN,5625600,32574926,2262295,42627211,"credit union, under 100m",credit union
68150,205662323,37004301,8750564,5299488,1669951,18212630,11472970,22160075,"IMPACT CREDIT UNION, INC.",OH,33633045,45754865,1669951,86357349,"credit union, 100m to 1bn",credit union
68153,1030318,417706,159961,0,31374,224648,0,0,WCG EMPLOYEES,TN,0,577667,31374,609041,"credit union, under 100m",credit union
68161,1440178,565939,326502,0,185039,363056,0,0,A.U.B. EMPLOYEES',TN,0,892441,185039,1077480,"credit union, under 100m",credit union
68165,610852,75531,68546,0,23363,91783,0,0,OLIVET BAPTIST,TN,0,144077,23363,167440,"credit union, under 100m",credit union
68167,44617520,1667492,567731,214787,525948,4201399,1098784,20086300,COLLEGEDALE,TN,21185084,2235223,525948,24161042,"credit union, under 100m",credit union
68171,16312549,4393751,1297698,941755,484479,1372367,0,2225573,GATEWAY,TN,2225573,5691449,484479,9343256,"credit union, under 100m",credit union
68172,34880364,3102505,1136295,582655,1010821,3198405,4993932,9690366,KOIN,TN,14684298,4238800,1010821,20516574,"credit union, under 100m",credit union
68173,26105781,6483954,5085613,530227,1804528,3917250,0,0,HEALTHCARE SERVICES,TN,0,11569567,1804528,13904322,"credit union, under 100m",credit union
68180,8197353,792660,994211,369483,726743,1578099,0,0,BURLINGTON NORTHERN SANTA FE RAILWY,IL,0,1786871,726743,2883097,"credit union, under 100m",credit union
68181,68934104,15175784,5627171,0,1443469,7813405,9269214,8242106,EDUCATIONAL COMMUNITY ALLIANCE,OH,17511320,20802955,1443469,39757744,"credit union, under 100m",credit union
68186,2592325204,338817084,417825641,41661594,32680414,344392889,220990081,394238528,COLUMBIA COMMUNITY,WA,615228609,756642725,32680414,1446213342,"credit union, 1 to 10bn",credit union
68187,6402324439,791569927,529047664,380139674,343395710,649569596,572519302,2289625210,BAXTER,IL,2862144512,1320617591,343395710,4906297487,"credit union, 1 to 10bn",credit union
68190,35344847,2479656,596766,214567,455744,3536322,4391028,12294050,MONTANA EDUCATORS',MT,16685078,3076422,455744,20431811,"credit union, under 100m",credit union
68196,1211837176,140622343,75636814,35294222,10033224,148845473,121637793,310177452,RED CANOE,WA,431815245,216259157,10033224,693401848,"credit union, 1 to 10bn",credit union
68203,6380961800,1226073493,163167879,211983114,89307692,662425922,425059702,1535313703,SPOKANE TEACHERS,WA,1960373405,1389241372,89307692,3650905583,"credit union, 1 to 10bn",credit union
68204,273755941,1108813,1532255,2227514,327771,30736995,19265561,4839875,PUGET SOUND COOPERATIVE,WA,24105436,2641068,327771,29301789,"credit union, 100m to 1bn",credit union
68205,86383299,4269091,6474962,1985840,177921,12530788,10347023,22338871,SPOKANE FIREFIGHTERS,WA,32685894,10744053,177921,45593708,"credit union, under 100m",credit union
68210,865738092,91660648,27446901,2956653,14750924,76774118,81625146,222479911,TRIANGLE,NH,304105057,119107549,14750924,440920183,"credit union, 100m to 1bn",credit union
68215,953519503,175495857,66772692,14115779,87541354,113948131,82614959,175298676,ALERO FINANCIAL,IL,257913635,242268549,87541354,601839317,"credit union, 100m to 1bn",credit union
68222,59861028,20422988,11614279,686887,572194,13444378,7576471,1643403,MILL TOWN,WA,9219874,32037267,572194,42516222,"credit union, under 100m",credit union
68223,939346207,72209101,50793335,71347576,27710674,150556685,148393297,110102296,QUALSTAR,WA,258495593,123002436,27710674,480556279,"credit union, 100m to 1bn",credit union
68224,47159301,9036520,1981818,451692,1104421,7174695,435496,2966043,AZALEA CITY,AL,3401539,11018338,1104421,15975990,"credit union, under 100m",credit union
68225,599001466,115994722,41783165,0,3146958,54491106,94331614,147944556,TECH,IN,242276170,157777887,3146958,403201015,"credit union, 100m to 1bn",credit union
68226,423349111,186521511,26557449,25312980,19020697,65965673,7120560,47129536,STREATOR ONIZED,IL,54250096,213078960,19020697,311662733,"credit union, 100m to 1bn",credit union
68227,272714591,44473094,23143989,4271006,7636905,29550978,37324037,54696977,WESTSTAR,NV,92021014,67617083,7636905,171546008,"credit union, 100m to 1bn",credit union
68228,1681595901,259124372,117487938,0,11872252,58890085,98142755,339686267,GREATER NEVADA,NV,437829022,376612310,11872252,826313584,"credit union, 1 to 10bn",credit union
68229,116920449,3407960,7580864,0,1695568,15867221,1028959,13687844,TACOMA LONGSHOREMEN,WA,14716803,10988824,1695568,27401195,"credit union, 100m to 1bn",credit union
68239,2985482890,721256998,272851052,113528854,12101634,334323751,85426580,350869471,HAPO COMMUNITY,WA,436296051,994108050,12101634,1556034589,"credit union, 1 to 10bn",credit union
68240,273969398,36763295,1569679,3423204,6694121,34689751,3060476,36400574,MINNEQUA WORKS,CO,39461050,38332974,6694121,87911349,"credit union, 100m to 1bn",credit union
68241,1219217909,107603843,17017542,50246087,43121596,125023654,139643575,254077661,DIAMOND,PA,393721236,124621385,43121596,611710304,"credit union, 1 to 10bn",credit union
68242,132187253,14881794,1312146,0,273458,12522014,4023773,16849935,MEMBERS ADVANTAGE,IN,20873708,16193940,273458,37341106,"credit union, 100m to 1bn",credit union
68244,1126590592,179533426,247232205,24671754,39726578,90192510,44014021,102958901,FIRST FINANCIAL,NM,146972922,426765631,39726578,638136885,"credit union, 1 to 10bn",credit union
68248,2314660482,790024185,264277507,61593650,91878523,307048562,135947059,282466128,FORUM,IN,418413187,1054301692,91878523,1626187052,"credit union, 1 to 10bn",credit union
68251,1708127194,353084775,83546080,0,39935249,168650940,87699027,356230667,UNITED HERITAGE,TX,443929694,436630855,39935249,920495798,"credit union, 1 to 10bn",credit union
68253,152914170,29955419,18187644,3676837,977185,22050384,16253213,7824500,MOUNTAINCREST,WA,24077713,48143063,977185,76874798,"credit union, 100m to 1bn",credit union
68254,40380275,4914909,851392,906372,582940,5251850,7184617,4068572,CONNECTION,WA,11253189,5766301,582940,18508802,"credit union, under 100m",credit union
68255,93103121,22158545,21982666,1418211,1025168,9672760,3941194,14746225,PROGRESSIONS,WA,18687419,44141211,1025168,65272009,"credit union, under 100m",credit union
68256,974427376,104610534,34834166,29960213,30047584,104643415,195967194,95581567,BELCO COMMUNITY CREDIT UNION,PA,291548761,139444700,30047584,491001258,"credit union, 100m to 1bn",credit union
68257,256057753,48996140,8191503,4155422,1944026,21647369,19784606,107691834,CONNECTIONS,ID,127476440,57187643,1944026,190763531,"credit union, 100m to 1bn",credit union
68259,3599516677,432237901,115237263,54116239,7506121,380276042,271644081,702964150,INDIANA MEMBERS,IN,974608231,547475164,7506121,1583705755,"credit union, 1 to 10bn",credit union
68266,131964609,68552559,4235594,0,827790,15590848,9347544,7356421,PIKES PEAK,CO,16703965,72788153,827790,90319908,"credit union, 100m to 1bn",credit union
68271,4247213730,713435911,241363445,200331627,112566329,480556968,261157869,654450348,PEAK,WA,915608217,954799356,112566329,2183305529,"credit union, 1 to 10bn",credit union
68273,22614457,6546878,6762870,652463,1255811,2940255,0,206713,EXPRESS,WA,206713,13309748,1255811,15424735,"credit union, under 100m",credit union
68274,136188761,17188540,2983829,1317796,425438,11319425,40926157,8662710,HORIZONS NORTH,CO,49588867,20172369,425438,71504470,"credit union, 100m to 1bn",credit union
68278,6821694066,1411446048,430200229,197958575,50631269,635472355,404641001,1464621772,GESA,WA,1869262773,1841646277,50631269,3959498894,"credit union, 1 to 10bn",credit union
68280,56083275,10651907,896501,333273,479336,7319950,563931,23989839,BLUE MOUNTAIN,WA,24553770,11548408,479336,36914787,"credit union, under 100m",credit union
68283,65916110,7535828,2482010,2703596,1614424,6997996,12151303,19375838,SPOKANE CITY,WA,31527141,10017838,1614424,45862999,"credit union, under 100m",credit union
68284,72497582,5212965,1788720,198977,1085642,13077898,6446920,23650718,AVISTA CORP.,WA,30097638,7001685,1085642,38383942,"credit union, under 100m",credit union
68286,59379470,8033435,3251418,1090813,744667,9504141,1673637,3926577,TLCU FINANCIAL,IN,5600214,11284853,744667,18720547,"credit union, under 100m",credit union
68287,2376301880,303883671,47604808,55954444,39036203,293190601,203606643,722337925,CENTRA,IN,925944568,351488479,39036203,1372423694,"credit union, 1 to 10bn",credit union
68293,98998945,6825351,2077068,1758256,1313929,8162429,9624545,29961759,SNO FALLS,WA,39586304,8902419,1313929,51560908,"credit union, under 100m",credit union
68295,235631200,64263661,7396729,7417622,7760376,22099709,55738013,4170286,CLARITY,ID,59908299,71660390,7760376,146746687,"credit union, 100m to 1bn",credit union
68296,115462541,11410266,10380298,2872525,5109687,10288734,10359242,12668671,WHITE ROSE,PA,23027913,21790564,5109687,52800689,"credit union, 100m to 1bn",credit union
68297,50041758,4545412,1479834,0,1115281,6020036,4023361,14992795,3HILL,PA,19016156,6025246,1115281,26156683,"credit union, under 100m",credit union
68298,735681359,111859437,125342934,14567921,8262248,74955176,62948210,125079110,TAPCO,WA,188027320,237202371,8262248,448059860,"credit union, 100m to 1bn",credit union
68300,48841385,11292163,6742127,647788,1610003,5367719,2720,484077,STAR FINANCIAL,TX,486797,18034290,1610003,20778878,"credit union, under 100m",credit union
68301,1237808239,308404518,159172029,9248577,14025486,125408367,87776141,214417878,FIRST COMMERCE,FL,302194019,467576547,14025486,793044629,"credit union, 1 to 10bn",credit union
68302,1261225403,152297172,28005776,26232887,26139463,174331539,20819893,296522355,FIVE STAR,AL,317342248,180302948,26139463,550017546,"credit union, 1 to 10bn",credit union
68305,56222630,8508170,6698983,1051261,228440,9737914,1184237,6102756,RESPONDERS EMERGENCY SERVICES,WA,7286993,15207153,228440,23773847,"credit union, under 100m",credit union
68315,1169727053,87971281,24144055,28039824,64183846,134489152,80384472,304350758,SEATTLE METROPOLITAN,WA,384735230,112115336,64183846,589074236,"credit union, 1 to 10bn",credit union
68316,77580219,10510423,4187268,2617310,2074408,9855817,9885475,853233,BAY CITIES,CA,10738708,14697691,2074408,30128117,"credit union, under 100m",credit union
68321,82532982,8109429,4161954,1116003,892896,10067733,4937823,7092560,CALIFORNIA COMMUNITY,CA,12030383,12271383,892896,26310665,"credit union, under 100m",credit union
68322,1538769700,192818977,87128296,13858697,16337921,215577576,78633027,512569696,BEGINNINGS,NY,591202723,279947273,16337921,901346614,"credit union, 1 to 10bn",credit union
68324,195520720,17353081,6538121,2187744,1000706,21316014,16948973,101499337,SACO VALLEY,ME,118448310,23891202,1000706,145527962,"credit union, 100m to 1bn",credit union
68328,141944054,965851,267492,310844,0,24843172,0,0,WCLA,WA,0,1233343,0,1544187,"credit union, 100m to 1bn",credit union
68331,56337157,21011293,12123968,912349,1113334,4559086,3040598,3249920,OLYMPIA,WA,6290518,33135261,1113334,41451462,"credit union, under 100m",credit union
68332,52045079,8501673,1083063,1435863,606498,8658565,2505249,7727859,GR CONSUMERS,MI,10233108,9584736,606498,21860205,"credit union, under 100m",credit union
68343,23536446,6597015,3587739,917234,386834,2785999,1063459,1467360,ADVANTAGE ONE,IL,2530819,10184754,386834,14019641,"credit union, under 100m",credit union
68349,256495090,7617315,3415711,0,9657363,27260777,49902998,87157247,TREMONT,MA,137060245,11033026,9657363,157750634,"credit union, 100m to 1bn",credit union
68353,1655922204,403997581,194391558,42985242,15217421,131866615,109431855,350178178,WESTMARK,ID,459610033,598389139,15217421,1116201835,"credit union, 1 to 10bn",credit union
68354,77576199,8080848,1965744,1122826,1371337,8234929,4327697,24103936,EATON FAMILY,OH,28431633,10046592,1371337,40972388,"credit union, under 100m",credit union
68356,243625524,82667323,60946490,5704713,13443678,34141301,5874498,6359037,CORAZO,CA,12233535,143613813,13443678,174995739,"credit union, 100m to 1bn",credit union
68358,54702471,13408616,5407691,652903,1529345,4770805,1460108,9598000,BAPTIST,TX,11058108,18816307,1529345,32056663,"credit union, under 100m",credit union
68359,1089910478,214734187,116790167,33423625,31879542,152208051,66720269,77928394,VELOCITY,TX,144648663,331524354,31879542,541476184,"credit union, 1 to 10bn",credit union
68361,77310260,15326155,2875990,1062498,604052,6881416,3793763,24606838,IDAHO UNITED,ID,28400601,18202145,604052,48269296,"credit union, under 100m",credit union
68366,4417704889,564443684,279327776,107097556,15124546,477860729,174412398,1618926281,SAFE,CA,1793338679,843771460,15124546,2759332241,"credit union, 1 to 10bn",credit union
68369,127910923,44515528,11077962,4762799,7889630,15391488,1052765,18343301,UNITED COMMUNITY,TX,19396066,55593490,7889630,87641985,"credit union, 100m to 1bn",credit union
68371,59575961,6002049,5671325,1729522,292973,8230570,6271002,3063881,AMERICAN LAKE,WA,9334883,11673374,292973,23030752,"credit union, under 100m",credit union
68373,2114980873,74553790,32445777,62104225,42571849,214478331,182944882,785043863,FIRST ENTERTAINMENT,CA,967988745,106999567,42571849,1179664386,"credit union, 1 to 10bn",credit union
68374,1274487513,403431082,142069075,31302410,57384662,120566855,32184586,245949010,GUARDIAN,AL,278133596,545500157,57384662,912320825,"credit union, 1 to 10bn",credit union
68376,821620488,184774538,63500120,19275864,8315751,66253607,43724951,155016307,FRONTIER,ID,198741258,248274658,8315751,474607531,"credit union, 100m to 1bn",credit union
68377,704501023,31491819,11091095,10735528,51927717,60212301,102922231,223892361,MYPOINT,CA,326814592,42582914,51927717,432060751,"credit union, 100m to 1bn",credit union
68383,4538276919,131399441,85808012,3015769,283503848,513797425,345937006,1082382865,TECHNOLOGY,CA,1428319871,217207453,283503848,1932046941,"credit union, 1 to 10bn",credit union
68386,270362089,108875314,26778650,4114640,4200119,29652838,15594230,8624595,LEWIS CLARK,ID,24218825,135653964,4200119,168187548,"credit union, 100m to 1bn",credit union
68389,126268492,16724547,6256907,0,275372,11911621,13040435,56076643,CROW WING POWER,MN,69117078,22981454,275372,92373904,"credit union, 100m to 1bn",credit union
68391,4043825914,933074183,599462103,52702645,78104024,495369668,100966634,989343843,CAMPUS USA,FL,1090310477,1532536286,78104024,2753653432,"credit union, 1 to 10bn",credit union
68394,2111395910,88853234,41884723,0,25274323,192620258,308901700,755411808,MERIWEST,CA,1064313508,130737957,25274323,1220325788,"credit union, 1 to 10bn",credit union
68395,283433509,52172077,14306982,1443785,2079727,27818111,63327747,77031429,HERITAGE COMMUNITY,CA,140359176,66479059,2079727,210361747,"credit union, 100m to 1bn",credit union
68409,573505378,49671997,38901043,26269473,33504767,54442162,54435735,191184637,CABRILLO,CA,245620372,88573040,33504767,393967652,"credit union, 100m to 1bn",credit union
68410,217200457,67274365,17124210,5081335,3402138,25995491,15697790,28482184,UNITED CONSUMERS,MO,44179974,84398575,3402138,137062022,"credit union, 100m to 1bn",credit union
68413,1326726661,166350733,97250929,94870941,18367329,206228944,181648760,423003828,PACIFIC SERVICE,CA,604652588,263601662,18367329,981492520,"credit union, 1 to 10bn",credit union
68415,1308174025,124825440,60525054,36818559,33219099,111341691,168893318,308587265,SOUTHLAND,CA,477480583,185350494,33219099,732868735,"credit union, 1 to 10bn",credit union
68417,5341628882,442771450,193131561,104066930,20738714,580168096,222543071,1447087273,FAIRWINDS,FL,1669630344,635903011,20738714,2430338999,"credit union, 1 to 10bn",credit union
68420,11930774,365193,727186,0,237362,2815541,0,0,DIRECTORS CHOICE,NY,0,1092379,237362,1329741,"credit union, under 100m",credit union
68421,1452789480,380110485,190020483,44811928,108842683,152517976,211923611,135690975,CREDIT UNION WEST,AZ,347614586,570130968,108842683,1071400165,"credit union, 1 to 10bn",credit union
68423,414952942,34077130,19001193,8205627,5443736,58278043,31107865,124047728,IAA,IL,155155593,53078323,5443736,221883279,"credit union, 100m to 1bn",credit union
68425,264236574,36973262,7008645,8610882,7909373,45874739,8565907,34879857,ILLIANA FINANCIAL,IL,43445764,43981907,7909373,103947926,"credit union, 100m to 1bn",credit union
68428,3319448016,202315654,71314090,39929269,124852532,313115083,118799652,1674999315,PREMIER AMERICA,CA,1793798967,273629744,124852532,2232210512,"credit union, 1 to 10bn",credit union
68429,5853615481,879331424,599403994,158110578,258388447,611071774,201048744,1906091017,TRAVIS,CA,2107139761,1478735418,258388447,4002374204,"credit union, 1 to 10bn",credit union
68430,1041998055,131260155,38247747,9034540,9469552,252485193,14269409,666978281,LATINO COMMUNITY,NC,681247690,169507902,9469552,869259684,"credit union, 1 to 10bn",credit union
68433,3026929328,278987030,79369388,112966839,334545476,289468445,270991201,949900687,AMERICU,NY,1220891888,358356418,334545476,2026760621,"credit union, 1 to 10bn",credit union
68434,2112654492,462801446,163611642,63593091,59456723,222858721,47912338,497450972,TEXAS TRUST,TX,545363310,626413088,59456723,1294826212,"credit union, 1 to 10bn",credit union
68437,8548972614,989659025,371399027,79329302,292742207,876109567,1469623338,1167336799,BELLCO,CO,2636960137,1361058052,292742207,4370089698,"credit union, 1 to 10bn",credit union
68439,555214105,119700347,33830627,10565933,24695911,57886609,4030636,132861283,RESOURCE ONE,TX,136891919,153530974,24695911,325684737,"credit union, 100m to 1bn",credit union
68440,196476383,36828094,25559084,8311794,8465952,24460376,34002758,22929195,MEMBERSOURCE,TX,56931953,62387178,8465952,136096877,"credit union, 100m to 1bn",credit union
68441,613816662,133602698,48102139,21190779,15522164,42320038,44445610,196249198,EXCITE,CA,240694808,181704837,15522164,459112588,"credit union, 100m to 1bn",credit union
68442,366909712,53224259,14135471,11847081,4044219,32225292,17117872,159599573,PEOPLESCHOICE,ME,176717445,67359730,4044219,259968475,"credit union, 100m to 1bn",credit union
68443,442172589,90919545,15522084,3228615,1837345,45480556,132942616,64099569,COLORADO,CO,197042185,106441629,1837345,308549774,"credit union, 100m to 1bn",credit union
68444,811605413,196294476,64511055,18612481,9963673,73882290,32675375,83498546,FIRST,AZ,116173921,260805531,9963673,405555606,"credit union, 100m to 1bn",credit union
68445,1031658581,46093623,7919380,8663952,7137945,140156556,60415784,360662904,POWER FINANCIAL,FL,421078688,54013003,7137945,490893588,"credit union, 1 to 10bn",credit union
68447,145690688,25451116,8011065,6187785,2995178,14569711,20432910,23951295,"EDUCATION FIRST CREDIT UNION, INC.",OH,44384205,33462181,2995178,87029349,"credit union, 100m to 1bn",credit union
68448,8499986192,1618228793,827609618,150515395,68717161,989857383,217247216,2698365821,CITIZENS EQUITY FIRST,IL,2915613037,2445838411,68717161,5580684004,"credit union, 1 to 10bn",credit union
68449,188332287,34538781,10341244,5354028,4462305,16814245,24642649,38481296,LONE STAR,TX,63123945,44880025,4462305,117820303,"credit union, 100m to 1bn",credit union
68451,22168736,6771088,2864636,0,888276,3194474,0,0,GENESIS EMPLOYEES,OH,0,9635724,888276,10524000,"credit union, under 100m",credit union
68453,1453028207,109618701,33910406,0,16024603,187835002,191401371,610687924,SIKORSKY FINANCIAL,CT,802089295,143529107,16024603,961643005,"credit union, 1 to 10bn",credit union
68457,2190465885,89409892,62989610,67451311,10980235,208018702,329102493,709555027,FINANCIAL PARTNERS,CA,1038657520,152399502,10980235,1269488568,"credit union, 1 to 10bn",credit union
68458,1473219602,146958992,17843626,42346410,48085988,149341295,114203325,363471810,VENTURA COUNTY,CA,477675135,164802618,48085988,732910151,"credit union, 1 to 10bn",credit union
68459,741133548,116562670,47423790,13317022,27379064,74101760,94508601,263287546,USC,CA,357796147,163986460,27379064,562478693,"credit union, 100m to 1bn",credit union
68460,2208240582,377826576,382073256,17784849,15042000,289595881,52261492,290548278,LBS FINANCIAL,CA,342809770,759899832,15042000,1135536451,"credit union, 1 to 10bn",credit union
68465,9697340927,209758731,157130891,58060022,19118485,1363581718,609208340,5526574346,STAR ONE,CA,6135782686,366889622,19118485,6579850815,"credit union, 1 to 10bn",credit union
68471,1281654027,65448639,266601106,34250123,42637815,138574592,97602238,108568264,WORTH,TX,206170502,332049745,42637815,615108185,"credit union, 1 to 10bn",credit union
68474,547915290,70278866,26659613,5869262,33638950,65463848,32256485,155459323,FIRST U.S. COMMUNITY,CA,187715808,96938479,33638950,324162499,"credit union, 100m to 1bn",credit union
68476,1002835220,340157518,93128533,13339154,14298037,94982443,107037561,190148182,TROPICAL FINANCIAL,FL,297185743,433286051,14298037,758108985,"credit union, 1 to 10bn",credit union
68479,385435246,54466558,23034920,12444616,31109690,33460965,17495483,169264159,MUTUAL SECURITY,CT,186759642,77501478,31109690,307815426,"credit union, 100m to 1bn",credit union
68482,519739776,127023817,83393093,0,9447012,60596692,5302044,52005125,COASTLIFE,TX,57307169,210416910,9447012,277171091,"credit union, 100m to 1bn",credit union
68483,356093644,106143809,2773537,0,783810,41570629,35484604,70524680,MATADORS COMMUNITY,CA,106009284,108917346,783810,215710440,"credit union, 100m to 1bn",credit union
68485,1369215512,77895944,28701177,7619113,425401136,138109567,30846102,124308313,AMERICAN FIRST,CA,155154415,106597121,425401136,694771785,"credit union, 1 to 10bn",credit union
68487,44176097,10623708,1592705,1543552,1038956,5326279,7952607,14275278,MEMBERS,CT,22227885,12216413,1038956,37026806,"credit union, under 100m",credit union
68490,14273970203,1461952023,1117152451,654163789,356475246,1243113162,897260696,3952108586,VYSTAR,FL,4849369282,2579104474,356475246,8439112791,"credit union, over 10bn",credit union
68491,47889860,1014158,299381,378350,45936,5614111,3785195,31578021,SILVERADO,CA,35363216,1313539,45936,37101041,"credit union, under 100m",credit union
68493,1020424333,54432143,24896906,0,41398650,103939612,29109138,373421299,WATER AND POWER COMMUNITY,CA,402530437,79329049,41398650,523258136,"credit union, 1 to 10bn",credit union
68494,1742071566,92848996,71837919,61903361,15376085,159081866,96383611,473691927,FRONTWAVE,CA,570075538,164686915,15376085,812041899,"credit union, 1 to 10bn",credit union
68495,310787638,50756889,15636812,2293435,2937653,34368071,23091372,39504893,INTREPID,MT,62596265,66393701,2937653,134221054,"credit union, 100m to 1bn",credit union
68502,700837689,74842772,21239061,0,26693574,68100577,202608480,101852588,COPPER STATE,AZ,304461068,96081833,26693574,427236475,"credit union, 100m to 1bn",credit union
68503,948508356,82020668,37075532,20486038,35090645,128253929,82978144,204439812,FIRST CITY,CA,287417956,119096200,35090645,462090839,"credit union, 100m to 1bn",credit union
68505,837352975,63975135,23900715,15866057,60733796,74610130,103425529,305825784,INTOUCH,TX,409251313,87875850,60733796,573727016,"credit union, 100m to 1bn",credit union
68508,34239862,2149902,968406,336021,184614,3812790,3103307,908355,CANALS & TRAILS,IL,4011662,3118308,184614,7650605,"credit union, under 100m",credit union
68510,1104817228,141221288,27940915,3689129,22884764,116022198,54117608,363048296,COMMUNITY 1ST,IA,417165904,169162203,22884764,612902000,"credit union, 1 to 10bn",credit union
68511,1057827068,145659164,246348175,0,13219162,99749176,63227644,369775607,CONNEX,CT,433003251,392007339,13219162,838229752,"credit union, 1 to 10bn",credit union
68513,3441843,617788,454657,0,243855,322264,0,3014,SMART CHOICE,TN,3014,1072445,243855,1319314,"credit union, under 100m",credit union
68517,786471913,32704674,17596915,27210858,8978397,72144117,112018278,141580153,VERITY,WA,253598431,50301589,8978397,340089275,"credit union, 100m to 1bn",credit union
68529,5018288,1113033,688329,0,62759,1345405,0,0,LIGHT COMMERCE,TX,0,1801362,62759,1864121,"credit union, under 100m",credit union
68530,1893768613,167128616,112292464,8802507,4961005,237611902,64514185,655871602,FIRST COMMUNITY,OR,720385787,279421080,4961005,1013570379,"credit union, 1 to 10bn",credit union
68531,372427762,78459446,19969644,6796085,13930101,41769909,11593375,67576311,MOUNTAIN,NC,79169686,98429090,13930101,198324962,"credit union, 100m to 1bn",credit union
68536,6556444987,1069576620,254262936,109879817,404464699,1014347897,489918111,1998728126,GENISYS,MI,2488646237,1323839556,404464699,4326830309,"credit union, 1 to 10bn",credit union
68540,655682876,69185126,25865081,18657072,20140414,63676353,109301093,218631650,PREMIER ONE,CA,327932743,95050207,20140414,461780436,"credit union, 100m to 1bn",credit union
68545,58215588,9680779,8093526,185476,193227,7443373,1201886,6720551,MY,TX,7922437,17774305,193227,26075445,"credit union, under 100m",credit union
68546,75624220,13228313,1952049,4221128,3698248,8677204,10924803,1838520,EVERGREENDIRECT,WA,12763323,15180362,3698248,35863061,"credit union, under 100m",credit union
68547,208249,16884,0,0,2789,36494,0,0,CATHOLICS UNITED,KS,0,16884,2789,19673,"credit union, under 100m",credit union
68549,39394671,3700670,2165381,566671,626897,6222063,4616131,4962378,MEDIA CITY,CA,9578509,5866051,626897,16638128,"credit union, under 100m",credit union
68557,12544890,2864632,161831,0,122758,2610072,0,1426157,CROSSROADS,KS,1426157,3026463,122758,4575378,"credit union, under 100m",credit union
68558,3336309495,652716245,252038411,130830436,300307552,344403397,316062136,582962164,VANTAGE WEST,AZ,899024300,904754656,300307552,2234916944,"credit union, 1 to 10bn",credit union
68559,428955542,41482566,10601930,3201334,7698783,78851974,8235130,72132104,TVA COMMUNITY CREDIT UNION,AL,80367234,52084496,7698783,143351847,"credit union, 100m to 1bn",credit union
68560,343985153,32904510,3766940,3318077,29302830,32016633,128362965,86921872,RED ROCKS,CO,215284837,36671450,29302830,284577194,"credit union, 100m to 1bn",credit union
68561,205446300,23917141,4221553,11032453,5479835,22025285,19380185,22457278,CREDIT UNION OF OHIO,OH,41837463,28138694,5479835,86488445,"credit union, 100m to 1bn",credit union
68562,92004583,7106289,2838196,1438574,269674,12840294,4620227,28968479,MEMBERS SOURCE,IN,33588706,9944485,269674,45241439,"credit union, under 100m",credit union
68563,330396264,146335873,47261793,10124879,8361400,29242737,3717848,41793116,DOWNEAST,ME,45510964,193597666,8361400,257594909,"credit union, 100m to 1bn",credit union
68565,3524095583,53040274,6242834,94392006,7556850,413238879,377373921,1826887969,ELEVATIONS,CO,2204261890,59283108,7556850,2365493854,"credit union, 1 to 10bn",credit union
68567,439977000,45313486,10878467,2608145,9604211,49754407,15851840,60048407,AMERICAN SOUTHWEST,AZ,75900247,56191953,9604211,144304556,"credit union, 100m to 1bn",credit union
68571,766139739,115411005,49571812,2835260,4107940,77731687,171469045,151996970,CREDIT UNION OF GEORGIA,GA,323466015,164982817,4107940,495392032,"credit union, 100m to 1bn",credit union
68572,604445025,215603290,59193673,5842251,12762534,79677782,18018783,106002415,VIA CREDIT UNION,IN,124021198,274796963,12762534,417422946,"credit union, 100m to 1bn",credit union
68574,4213032916,1041244689,513228597,61970294,27810241,358916400,118590945,1136981112,GENERAL ELECTRIC,OH,1255572057,1554473286,27810241,2899825878,"credit union, 1 to 10bn",credit union
68575,2379288569,360135005,67727132,26667382,16285119,345452161,89360769,216261118,MAX,AL,305621887,427862137,16285119,776436525,"credit union, 1 to 10bn",credit union
68576,2506976489,569513795,227499245,90618508,42950285,209280086,351576454,384736420,KITSAP,WA,736312874,797013040,42950285,1666894707,"credit union, 1 to 10bn",credit union
68577,2092345712,197162958,103249800,17023475,11170535,246966935,58277538,625625600,INDIANA UNIVERSITY,IN,683903138,300412758,11170535,1012509906,"credit union, 1 to 10bn",credit union
68579,9769967823,947494185,838423474,328860017,297803367,1025092016,856214150,3571446398,PATELCO,CA,4427660548,1785917659,297803367,6840241591,"credit union, 1 to 10bn",credit union
68581,2408657733,351174127,191418691,53084825,55678104,286800216,99056815,684337456,LGE COMMUNITY,GA,783394271,542592818,55678104,1434750018,"credit union, 1 to 10bn",credit union
68583,1426849665,291351423,115223293,27379772,20538520,147107883,174789524,398580783,AVADIAN,AL,573370307,406574716,20538520,1027863315,"credit union, 1 to 10bn",credit union
68584,79504204,12706157,2184859,1867028,3536321,7433792,5634126,9904321,HARVESTER FINANCIAL,IN,15538447,14891016,3536321,35832812,"credit union, under 100m",credit union
68586,183668052,37746654,11656307,3162923,7983223,18704236,78588,58890066,HERITAGE SOUTH,AL,58968654,49402961,7983223,119517761,"credit union, 100m to 1bn",credit union
68587,222127625,75595987,82646377,0,518616,22800686,813443,34019568,ASSOCIATED SCHOOL EMPLOYEES,OH,34833011,158242364,518616,193593991,"credit union, 100m to 1bn",credit union
68588,4641180763,1285611074,332264792,111694019,47846376,405743055,346221433,694114140,CONSUMERS,IL,1040335573,1617875866,47846376,2817751834,"credit union, 1 to 10bn",credit union
68589,275917319,51358647,9571544,7448325,4581167,23147362,69674844,4430047,UNITY ONE,TX,74104891,60930191,4581167,147064574,"credit union, 100m to 1bn",credit union
68595,1520960142,172145986,43934681,17377313,17319113,138064341,67135054,337397840,ALABAMA ONE,AL,404532894,216080667,17319113,655309987,"credit union, 1 to 10bn",credit union
68596,191592373,19353711,3137080,0,1913674,25746418,1469235,14552625,FIRST TRUST,IN,16021860,22490791,1913674,40426325,"credit union, 100m to 1bn",credit union
68597,310256050,74733840,30195937,7038677,2741179,36099097,5258578,29102742,DECATUR EARTHMOVER,IL,34361320,104929777,2741179,149070953,"credit union, 100m to 1bn",credit union
68598,2262449386,161440946,127115839,96719731,39282320,187431489,274519605,1083892355,EMPEOPLE,IL,1358411960,288556785,39282320,1782970796,"credit union, 1 to 10bn",credit union
68599,466848376,152943652,16623237,10887770,13910973,37262361,31943804,50675511,SOUTHEAST FINANCIAL,TN,82619315,169566889,13910973,276984947,"credit union, 100m to 1bn",credit union
68600,9790681748,1246448081,1306727299,160146296,64374210,1046525647,587768941,2373326704,MIDFLORIDA,FL,2961095645,2553175380,64374210,5738791531,"credit union, 1 to 10bn",credit union
68602,258457228,88645455,19320065,6036726,6583897,28477460,9831807,20159565,MYGEORGIA,GA,29991372,107965520,6583897,150577515,"credit union, 100m to 1bn",credit union
68603,4461171,1718548,439972,0,330969,2132302,0,13512,NUEVA ESPERANZA COMMUNITY,OH,13512,2158520,330969,2503001,"credit union, under 100m",credit union
68604,2753068370,171072706,44207403,12667772,4686494,303992064,68289270,241626157,MAGNIFI FINANCIAL,MN,309915427,215280109,4686494,542549802,"credit union, 1 to 10bn",credit union
68605,1497847585,212779841,310538514,32960420,87410555,163795493,85774196,367364425,FIRST SERVICE,TX,453138621,523318355,87410555,1096827951,"credit union, 1 to 10bn",credit union
68606,357580596,150314777,51294658,1933965,2970656,28662615,76092074,23337806,MOBILITY CREDIT UNION,TX,99429880,201609435,2970656,305943936,"credit union, 100m to 1bn",credit union
68607,2528056677,207382501,218078632,97154653,83302524,272578357,448915913,573203081,GEORGIA UNITED,GA,1022118994,425461133,83302524,1628037304,"credit union, 1 to 10bn",credit union
68608,801027456,191118372,47535991,49297780,29186925,83957135,42206524,125311741,TEXELL,TX,167518265,238654363,29186925,484657333,"credit union, 100m to 1bn",credit union
68609,638320711,50510910,22956015,15415724,8725898,80850549,18865267,28388115,OUR COMMUNITY,WA,47253382,73466925,8725898,144861929,"credit union, 100m to 1bn",credit union
68613,1502671585,186871412,51564977,30311013,12346086,251431871,29668117,143817318,ONE NEVADA,NV,173485435,238436389,12346086,454578923,"credit union, 1 to 10bn",credit union
68615,4779524878,1267475399,1052034260,0,112456294,670185613,27770623,1472273003,RALLY,TX,1500043626,2319509659,112456294,3932009579,"credit union, 1 to 10bn",credit union
68616,405575421,96506022,38645668,10530259,3543195,54557927,40376133,45804884,DENVER COMMUNITY CU D.B.A. ZING CU,CO,86181017,135151690,3543195,235406161,"credit union, 100m to 1bn",credit union
68617,220357286,27757374,13794142,1475058,5155802,28748703,4194377,28917113,AUTOTRUCK FINANCIAL,KY,33111490,41551516,5155802,81293866,"credit union, 100m to 1bn",credit union
68620,73949123,5118137,2170828,1732324,1836661,8786611,20498949,8584974,ALBRIGHT,CT,29083923,7288965,1836661,39941873,"credit union, under 100m",credit union
68622,88711324,20341699,5782653,1683600,554447,8507241,4292757,15470515,SNOCOPE,WA,19763272,26124352,554447,48125671,"credit union, under 100m",credit union
68623,526502974,106139929,32237098,14605702,12618353,54753690,17738592,62225307,REVITY,IL,79963899,138377027,12618353,245564981,"credit union, 100m to 1bn",credit union
68628,1176397278,260532267,90488996,9201345,24872123,104232642,98143233,197153277,FAMILY SAVINGS,AL,295296510,351021263,24872123,680391241,"credit union, 1 to 10bn",credit union
68629,280773177,76909258,13417838,11182171,10950861,36143909,28574377,65629436,BLUE EAGLE,VA,94203813,90327096,10950861,206663941,"credit union, 100m to 1bn",credit union
68631,1473327943,192019094,46518876,41540694,56252043,144589811,349941364,349861524,ORSA,MI,699802888,238537970,56252043,1036133595,"credit union, 1 to 10bn",credit union
68632,1125801872,249677090,61673928,38869772,54033370,232658055,22867354,177220087,LAFCU,MI,200087441,311351018,54033370,604341601,"credit union, 1 to 10bn",credit union
68638,560171355,53154800,42730417,8969851,8197814,64963903,33724451,52920586,THE SOUTHERN,GA,86645037,95885217,8197814,199697919,"credit union, 100m to 1bn",credit union
68639,286350225,24967700,6431455,6855221,2010272,26983131,27701367,98897585,HAR-CO,MD,126598952,31399155,2010272,166863600,"credit union, 100m to 1bn",credit union
68641,470076202,132191636,33550572,27892960,22162885,56643895,29245828,60049217,CORNERSTONE COMMUNITY FINANCIAL,MI,89295045,165742208,22162885,305093098,"credit union, 100m to 1bn",credit union
68643,1116547729,240963234,142141951,31192346,62967159,98070079,7193407,257241984,FIVEPOINT,TX,264435391,383105185,62967159,741700081,"credit union, 1 to 10bn",credit union
68645,20779030012,4734018462,2299575685,1006012798,837966559,2102726507,1001912269,5108918019,SUNCOAST,FL,6110830288,7033594147,837966559,14988403792,"credit union, over 10bn",credit union
68646,1669995828,238042750,64349944,36094324,46098026,195488117,84235995,190240610,FINANCIAL PLUS,MI,274476605,302392694,46098026,659061649,"credit union, 1 to 10bn",credit union
68647,390449249,56647980,17110638,11526807,2623801,36573288,17001803,145437503,PARK SIDE FINANCIAL,MT,162439306,73758618,2623801,250348532,"credit union, 100m to 1bn",credit union
68651,4847116515,435743714,75591395,101759547,80128078,424455766,420160273,1089332184,BLAZE,MN,1509492457,511335109,80128078,2202715191,"credit union, 1 to 10bn",credit union
68656,2783407485,492640609,187250020,49086022,66954708,327105241,130923252,508045647,OREGON STATE,OR,638968899,679890629,66954708,1434900258,"credit union, 1 to 10bn",credit union
68657,916459788,198857764,18241317,0,31326459,109346752,138029687,291556560,NUTMEG STATE FINANCIAL,CT,429586247,217099081,31326459,678011787,"credit union, 100m to 1bn",credit union
68658,961788405,170417256,80798426,10728586,8747266,107034105,60254679,278116819,FINANCIAL CENTER FIRST,IN,338371498,251215682,8747266,609063032,"credit union, 100m to 1bn",credit union
68659,2765767615,423212435,173644758,46190422,36223879,274566145,237374705,890281605,AMERICAN EAGLE FINANCIAL,CT,1127656310,596857193,36223879,1806927804,"credit union, 1 to 10bn",credit union
68660,4334040926,581893130,460583023,88113867,49587100,449535822,285156494,564150440,ROGUE,OR,849306934,1042476153,49587100,2029484054,"credit union, 1 to 10bn",credit union
68661,590835550,131187875,40841076,9454966,8740360,73199657,52901322,101431280,MEMBERS HERITAGE,KY,154332602,172028951,8740360,344556879,"credit union, 100m to 1bn",credit union
68662,133981572,20899256,4182290,0,4176692,11960067,25621864,40956801,FINEX,CT,66578665,25081546,4176692,95836903,"credit union, 100m to 1bn",credit union
68663,2378844359,279566439,55550443,84730801,12790519,250202967,221961903,958591613,ITHINK FINANCIAL,FL,1180553516,335116882,12790519,1613191718,"credit union, 1 to 10bn",credit union
68664,601295452,63645778,61827818,4213558,13450729,50284731,28408602,204570617,UNION SQUARE,TX,232979219,125473596,13450729,376117102,"credit union, 100m to 1bn",credit union
68665,1964103971,79101637,52227666,9739663,2252642,298610450,124049879,801155986,"SUPERIOR CREDIT UNION, INC",OH,925205865,131329303,2252642,1068527473,"credit union, 1 to 10bn",credit union
68666,588292824,163499084,118421510,12061079,3285426,78640812,22057999,110288033,TRANSCEND,KY,132346032,281920594,3285426,429613131,"credit union, 100m to 1bn",credit union
68667,608911502,99160683,17844370,4649205,2610512,68007437,48765868,218849052,SOUTHPOINT FINANCIAL,MN,267614920,117005053,2610512,391879690,"credit union, 100m to 1bn",credit union
68668,829004618,83178857,85667272,4799975,4009770,97890199,8440342,232839738,1ST NORTHERN CALIFORNIA,CA,241280080,168846129,4009770,418935954,"credit union, 100m to 1bn",credit union
68669,339197055,55808953,21896276,4254763,993810,55791828,66418974,59190137,OREGONIANS,OR,125609111,77705229,993810,208562913,"credit union, 100m to 1bn",credit union
68670,4972204248,718438854,804253517,120127241,39834664,875503929,150493103,625204106,ROBINS FINANCIAL,GA,775697209,1522692371,39834664,2458351485,"credit union, 1 to 10bn",credit union
68671,19383957291,998041321,1277381507,481089372,360693864,2294463553,2110399133,7626050885,WINGS,CO,9736450018,2275422828,360693864,12853656082,"credit union, over 10bn",credit union
68672,1214909463,124666363,41925215,13526370,17747721,155293375,27640217,313821652,CRANE,IN,341461869,166591578,17747721,539327538,"credit union, 1 to 10bn",credit union
68673,440679473,36922900,26527561,2078518,2625378,47626124,25107861,125611294,SOUTHEASTERN,GA,150719155,63450461,2625378,218873512,"credit union, 100m to 1bn",credit union
68675,2739883,753028,387634,0,85728,576203,0,0,JAFARI NO-INTEREST,TX,0,1140662,85728,1226390,"credit union, under 100m",credit union
68676,87478639,2275220,16783342,1056289,916782,10072211,15405747,17292812,SMW FINANCIAL,MN,32698559,19058562,916782,53730192,"credit union, under 100m",credit union
68677,52601210,8413098,1224471,604863,521615,6935682,615285,10647429,VOCAL,MT,11262714,9637569,521615,22026761,"credit union, under 100m",credit union
68678,1020238170,104974722,84456807,20192181,11075015,170626281,78251089,281992627,KELLOGG COMMUNITY,MI,360243716,189431529,11075015,580942441,"credit union, 1 to 10bn",credit union
68679,268111204,71902683,11824456,15277502,20787842,31577328,32169917,33220141,ADVANTAGE ONE,MI,65390058,83727139,20787842,185182541,"credit union, 100m to 1bn",credit union
68680,105462255,12922621,4310829,516118,8635103,11455594,15790921,20782559,AMERICA'S FIRST NETWORK,CT,36573480,17233450,8635103,62958151,"credit union, 100m to 1bn",credit union
68681,1260131156,24111300,6214980,0,18766941,136627104,115015155,652796081,AMPLIFY,TX,767811236,30326280,18766941,816904457,"credit union, 1 to 10bn",credit union
68682,555291491,166873070,117268168,6576948,20044119,57141626,2301351,122928132,MY COMMUNITY,TX,125229483,284141238,20044119,435991788,"credit union, 100m to 1bn",credit union
68683,765886041,219281456,120947216,0,17238639,70510423,43996120,115307234,COOSA VALLEY,GA,159303354,340228672,17238639,516770665,"credit union, 100m to 1bn",credit union
68684,226640774,83955020,42914266,3708024,3596233,30773493,4099893,17620711,MIDWEST MEMBERS,IL,21720604,126869286,3596233,155894147,"credit union, 100m to 1bn",credit union
68685,340522796,72555285,16976746,0,6631829,47562030,51202642,59493304,CENTRICITY,MN,110695946,89532031,6631829,206859806,"credit union, 100m to 1bn",credit union
68686,95010200,16364040,5560826,1822158,3691984,9141507,3538323,13634226,BAYLANDS FAMILY,VA,17172549,21924866,3691984,44611557,"credit union, under 100m",credit union
68687,174420919,48833475,15834033,0,5366583,20061110,9799904,50712709,ROCK VALLEY,IL,60512613,64667508,5366583,130546704,"credit union, 100m to 1bn",credit union
68688,100604638,3982419,3097965,452147,1121795,14487816,7224,8936,RAILROAD,AL,16160,7080384,1121795,8670486,"credit union, 100m to 1bn",credit union
68689,600897274,183837166,30622925,7683046,5935904,64154661,36146426,103871049,VALLEY FINANCIAL,MT,140017475,214460091,5935904,368096516,"credit union, 100m to 1bn",credit union
68690,873216075,226709614,49658204,11863877,19589104,98558052,22226677,191768002,PFCU,MI,213994679,276367818,19589104,521815478,"credit union, 100m to 1bn",credit union
68691,146351817,16130930,9262779,2362352,5536515,18449691,4344436,27711977,TRU FI,FL,32056413,25393709,5536515,65348989,"credit union, 100m to 1bn",credit union
68693,2364331977,178185556,58280988,24611931,27722981,249586912,202252368,1023942505,BRIGHTBRIDGE ,MA,1226194873,236466544,27722981,1514996329,"credit union, 1 to 10bn",credit union
68694,1362709179,384428646,107810024,34620557,78715870,134844958,45566324,215588693,GULF WINDS,FL,261155017,492238670,78715870,866730114,"credit union, 1 to 10bn",credit union
68697,456353320,81764325,39019371,4808672,4395489,32273716,37628436,99214517,ST. CLOUD FINANCIAL,MN,136842953,120783696,4395489,266830810,"credit union, 100m to 1bn",credit union
68698,152649175,36745943,10994766,1515189,7063331,18041779,20802951,17208479,GO ENERGY FINANCIAL,GA,38011430,47740709,7063331,94330659,"credit union, 100m to 1bn",credit union
68700,2157360382,492398988,222628427,7427301,67731620,190108375,87213591,415200267,POTLATCH NO. 1 FINANCIAL,ID,502413858,715027415,67731620,1292600194,"credit union, 1 to 10bn",credit union
68701,267947822,26618568,18706460,1920208,7193150,26174329,8260487,42489911,AUBURN UNIVERSITY,AL,50750398,45325028,7193150,105188784,"credit union, 100m to 1bn",credit union
68702,3806510238,366363050,278081189,92398822,407066927,381033764,191945172,487799215,ADDITION FINANCIAL,FL,679744387,644444239,407066927,1823654375,"credit union, 1 to 10bn",credit union
68703,483786295,47929441,12479346,12134304,8104560,49715688,18811824,135662148,JOLT,MI,154473972,60408787,8104560,235121623,"credit union, 100m to 1bn",credit union
68706,379162530,55206227,23709053,11100756,9457406,32636260,30762099,73980044,ORLANDO,FL,104742143,78915280,9457406,204215585,"credit union, 100m to 1bn",credit union
68707,365676306,60703802,35079124,10252606,1768352,36564601,18382084,84846316,"CARDINAL CREDIT UNION, INC.",OH,103228400,95782926,1768352,211032284,"credit union, 100m to 1bn",credit union
68708,2444951051,216810421,114977860,93612638,42059617,254435406,92446535,438842644,DORT FINANCIAL,MI,531289179,331788281,42059617,998749715,"credit union, 1 to 10bn",credit union
68710,1209610768,115882437,82027174,33379325,28033019,113143410,183536848,341096605,SUNMARK,NY,524633453,197909611,28033019,783955408,"credit union, 1 to 10bn",credit union
68712,4084648286,399938619,97455650,0,123609566,378683825,534684583,1203400146,VALLEY STRONG,CA,1738084729,497394269,123609566,2359088564,"credit union, 1 to 10bn",credit union
68713,9887845027,1104190947,476328947,0,104416155,1161628104,2105240976,624050506,DESERT FINANCIAL,AZ,2729291482,1580519894,104416155,4414227531,"credit union, 1 to 10bn",credit union
68714,272897433,29253425,54244459,4637133,3574550,23641920,24489404,43511978,MARSHLAND,GA,68001382,83497884,3574550,159710949,"credit union, 100m to 1bn",credit union
68716,1440630816,151391673,100628663,47812826,53840726,134287640,72846980,327011988,LAUNCH CREDIT UNION,FL,399858968,252020336,53840726,753532856,"credit union, 1 to 10bn",credit union
68717,410921083,150124094,71907859,3303981,20928637,63890321,1764512,59389825,INTERSTATE ,GA,61154337,222031953,20928637,307418908,"credit union, 100m to 1bn",credit union
68718,954993947,179829601,29667550,32051522,77898690,110647798,61403111,234983045,TRUE COMMUNITY,MI,296386156,209497151,77898690,615833519,"credit union, 100m to 1bn",credit union
68719,63178922,6991648,1524537,457632,1984802,8069395,4516846,4996525,PERFECT CIRCLE,IN,9513371,8516185,1984802,20471990,"credit union, under 100m",credit union
68720,367933235,32937657,13955302,4511236,4172260,49588138,10622943,66026413,PANHANDLE,FL,76649356,46892959,4172260,132225811,"credit union, 100m to 1bn",credit union
68722,6091348113,377587141,80448292,125829217,20431336,669231568,987103141,1154767573,TRUSTONE FINANCIAL,MN,2141870714,458035433,20431336,2746166700,"credit union, 1 to 10bn",credit union
68723,1121430901,106946094,73998836,44177337,25045775,106547547,44760467,92217968,RADIANT,FL,136978435,180944930,25045775,387146477,"credit union, 1 to 10bn",credit union
68727,2869898466,498273067,42752417,7847107,26511575,274654811,97245919,338438185,CREDIT UNION 1,IL,435684104,541025484,26511575,1011068270,"credit union, 1 to 10bn",credit union
68730,3931782997,321289657,135549333,100980031,30786825,464740800,260756732,454717448,ARIZONA FINANCIAL,AZ,715474180,456838990,30786825,1304080026,"credit union, 1 to 10bn",credit union
68731,1122983552,190052872,46986804,17429021,13183591,114097509,125276594,330360790,TOPLINE FINANCIAL,MN,455637384,237039676,13183591,723289672,"credit union, 1 to 10bn",credit union
68732,696082654,104809237,28556957,16375501,6170352,63320587,20993561,187118109,INNOVATIONS FINANCIAL,FL,208111670,133366194,6170352,364023717,"credit union, 100m to 1bn",credit union
68734,2823572366,606753876,454677520,51689167,50835405,324138230,102465904,221937115,PENAIR,FL,324403019,1061431396,50835405,1488358987,"credit union, 1 to 10bn",credit union
68735,1225850336,297071353,237873616,36898301,32385644,157137781,18526456,194478398,RAVE FINANCIAL ,TX,213004854,534944969,32385644,817233768,"credit union, 1 to 10bn",credit union
68736,434236435,76682039,72869718,0,26886215,39347757,20880022,100313542,ESSENTIAL,LA,121193564,149551757,26886215,297631536,"credit union, 100m to 1bn",credit union
68737,167671123,16306227,6056356,4445898,483861,13534298,8484566,32470275,SPACE AGE,CO,40954841,22362583,483861,68247183,"credit union, 100m to 1bn",credit union
68738,92462682,20331401,9710888,1340129,1626321,10248704,2721742,5550148,MEMORIAL EMPLOYEES FINANCIAL,FL,8271890,30042289,1626321,41280629,"credit union, under 100m",credit union
68739,157615994,25999925,9813894,1248970,800865,20212621,45313296,3798169,44 NORTH,OR,49111465,35813819,800865,86975119,"credit union, 100m to 1bn",credit union
68740,908010,16031,0,0,16,729668,0,0,ARISE COMMUNITY,MN,0,16031,16,16047,"credit union, under 100m",credit union
68741,1256577045,125807156,62275286,31360870,26303128,118184312,139662890,400304241,SESLOC,CA,539967131,188082442,26303128,785713571,"credit union, 1 to 10bn",credit union
68742,76055628,7801347,3880293,422987,337939,11741826,5972425,2397089,TEAMSTERS COUNCIL #37,OR,8369514,11681640,337939,20812080,"credit union, under 100m",credit union
68743,83102711,15085886,6612287,1368518,3156671,8913745,3860905,25415806,LIMESTONE FINANCIAL,MI,29276711,21698173,3156671,55500073,"credit union, under 100m",credit union
68744,479381864,92053857,48562219,5959719,9225137,49898225,14152929,90221600,WINSOUTH,AL,104374529,140616076,9225137,260175461,"credit union, 100m to 1bn",credit union
68745,63926293,6644878,2185577,821610,1967627,8403958,13758578,19179755,UNITY FINANCIAL,CT,32938333,8830455,1967627,44558025,"credit union, under 100m",credit union
68746,93209711,4036302,814004,2331918,1381944,12552871,2580153,4625850,CHRISTIAN FAMILY,OH,7206003,4850306,1381944,15770171,"credit union, under 100m",credit union
68747,26334096,3199107,847399,116782,1327556,3519375,0,236579,MT. RAINIER,WA,236579,4046506,1327556,5727423,"credit union, under 100m",credit union
68748,917436806,181825517,46872974,17802176,6758138,103910806,138679476,172001054,MID OREGON,OR,310680530,228698491,6758138,563939335,"credit union, 100m to 1bn",credit union
68749,491652716,99422391,51980532,19560258,7747560,61727593,61248632,61803949,VELOCITY COMMUNITY,FL,123052581,151402923,7747560,301763322,"credit union, 100m to 1bn",credit union
81402,303587717,60001027,22292608,14007607,2598639,28466100,14425949,86216531,MEMBERSALLIANCE,IL,100642480,82293635,2598639,199542361,"credit union, 100m to 1bn",credit union
81416,228484479,47983908,25959973,8642422,3230814,27028597,8823934,64655910,STALEY,IL,73479844,73943881,3230814,159296961,"credit union, 100m to 1bn",credit union
81553,5889933,2989830,1120088,0,732303,1167794,0,0,EFFINGHAM HIGHWAY,IL,0,4109918,732303,4842221,"credit union, under 100m",credit union
81688,66188638,13973017,5662544,1412185,3518127,12351773,2584202,8614305,UNITED EQUITY,IL,11198507,19635561,3518127,35764380,"credit union, under 100m",credit union
82504,8565947,5631278,1242428,0,520168,1421831,0,0,BOISE FIRE DEPARTMENT,ID,0,6873706,520168,7393874,"credit union, under 100m",credit union
82527,573686,212875,22974,0,5342,88531,0,0,MINI-CASSIA EMPL.,ID,0,235849,5342,241191,"credit union, under 100m",credit union
82547,62935690,25898177,2401211,1110645,6117530,13050711,675295,2361663,MEMBERS PREFERRED,ID,3036958,28299388,6117530,38564521,"credit union, under 100m",credit union
82762,1333505,0,0,0,368549,385825,0,0,HAMMOND FIREFIGHTERS ASSN.,IN,0,0,368549,368549,"credit union, under 100m",credit union
82769,58738905,5902253,3810994,367639,478015,8684354,7556248,2573893,PROFESSIONAL POLICE OFFICERS,IN,10130141,9713247,478015,20689042,"credit union, under 100m",credit union
82789,48729933,1302404,864232,0,230811,6120485,0,13543017,WESTERN INDIANA CREDIT UNION,IN,13543017,2166636,230811,15940464,"credit union, under 100m",credit union
82791,1764368858,44868789,4223925,0,3367741,238502807,36659544,259175296,BEACON,IN,295834840,49092714,3367741,348295295,"credit union, 1 to 10bn",credit union
82793,82256898,9655504,2660310,1652053,1700242,13175910,6443814,6191935,KEMBA INDIANAPOLIS,IN,12635749,12315814,1700242,28303858,"credit union, under 100m",credit union
82794,2069302319,149659169,32403395,26739523,14992435,188969096,152156259,398184203,INTERRA,IN,550340462,182062564,14992435,774134984,"credit union, 1 to 10bn",credit union
86063,78821547,9296146,4917260,1140225,781291,9762656,7614735,11196643,POSTCITY FINANCIAL,CA,18811378,14213406,781291,34946300,"credit union, under 100m",credit union
86752,1641755739,238640764,59935570,30561014,10261488,191002074,140209634,236982119,CREATE,NV,377191753,298576334,10261488,716590589,"credit union, 1 to 10bn",credit union
86755,313022204,46445277,49207547,0,7945454,40639774,1230017,33842810,FINANCIAL HORIZONS,NV,35072827,95652824,7945454,138671105,"credit union, 100m to 1bn",credit union
86756,126061729,11855689,7209196,936164,261194,15811625,2920992,30269584,PLUS,NV,33190576,19064885,261194,53452819,"credit union, 100m to 1bn",credit union
95008,102710949,19496238,6851460,506061,1896310,9996660,6276736,22116549,COMMUNITY STAR,OH,28393285,26347698,1896310,57143354,"credit union, 100m to 1bn",credit union
95042,39138181,10199432,4674684,493349,200471,5254231,2086556,12885481,BLACKHAWK AREA,IL,14972037,14874116,200471,30539973,"credit union, under 100m",credit union
95052,160574104,19609365,12113443,4149342,3180075,14939312,23721289,58602203,SOUTH BAY,CA,82323492,31722808,3180075,121375717,"credit union, 100m to 1bn",credit union
95071,406659425,78312646,75767088,20149131,16417381,36169673,53769970,0,CAHP,CA,53769970,154079734,16417381,244416216,"credit union, 100m to 1bn",credit union
95072,34442116,4334309,3139057,486100,956182,3597244,46585,8201195,EL MONTE COMMUNITY,CA,8247780,7473366,956182,17163428,"credit union, under 100m",credit union
95073,15962095,761764,456295,394668,284211,1135100,530346,2764322,MID-CITIES,CA,3294668,1218059,284211,5191606,"credit union, under 100m",credit union
95107,156519149,18527691,46506122,2254521,2305619,13077912,18773695,15947642,OHIO EDUCATIONAL,OH,34721337,65033813,2305619,104315290,"credit union, 100m to 1bn",credit union
95742,28197282,14283470,6623589,0,3233592,7105248,0,0,"POST OFFICE CU OF MD, INC.",MD,0,20907059,3233592,24140651,"credit union, under 100m",credit union
95786,16733036,2207607,1110118,123616,66964,6935202,1692019,2018584,NORTH COAST CREDIT UNION,OH,3710603,3317725,66964,7218908,"credit union, under 100m",credit union
95802,162744579,14310938,3811352,3690607,3964162,18261177,16552842,12337412,TRUPARTNER,OH,28890254,18122290,3964162,54667313,"credit union, 100m to 1bn",credit union
95826,27911586,3997121,3599486,1588038,2400650,6250716,0,0,CHICAGO POST OFFICE EMPLOYEES,IL,0,7596607,2400650,11585295,"credit union, under 100m",credit union
96066,406778,0,0,26555,0,281568,0,0,SERVICES,IL,0,0,0,26555,"credit union, under 100m",credit union
96071,1141254192,71068730,53519620,32689760,9688719,165376218,65687716,351528775,ABBOTT LABORATORIES,IL,417216491,124588350,9688719,584183320,"credit union, 1 to 10bn",credit union
96084,871540403,13927530,13069756,1832674,4575663,129037024,17165956,294261962,BOULDER DAM,NV,311427918,26997286,4575663,344833541,"credit union, 100m to 1bn",credit union
96652,1495533,586143,283201,0,56654,173076,0,0,540 I.B.E.W.,OH,0,869344,56654,925998,"credit union, under 100m",credit union
96658,214949840,57280579,18919356,13295773,6882450,24574359,27070642,19468384,TOWPATH,OH,46539026,76199935,6882450,142917184,"credit union, 100m to 1bn",credit union
96660,2701742,23397,185763,0,77530,907544,0,0,ANTIOCH,OH,0,209160,77530,286690,"credit union, under 100m",credit union
96672,166526890,24200075,6256978,3197751,7120342,17185023,16526194,42032789,BUCKEYE STATE,OH,58558983,30457053,7120342,99334129,"credit union, 100m to 1bn",credit union
96674,65438645,20617285,3955326,0,3655489,7903289,0,0,SOUTHEASTERN OHIO,OH,0,24572611,3655489,28228100,"credit union, under 100m",credit union
96691,359849,39327,0,0,72796,66476,0,0,WRIGHT-DUNBAR AREA,OH,0,39327,72796,112123,"credit union, under 100m",credit union
96706,14186360,1239717,198599,161561,1395063,4064402,0,2309934,FAITH COMMUNITY UNITED,OH,2309934,1438316,1395063,5304874,"credit union, under 100m",credit union
96707,60222294,12830188,3597707,2186410,1052770,10505425,6231121,4800553,FALLS CATHOLIC,OH,11031674,16427895,1052770,30698749,"credit union, under 100m",credit union
96711,38851810,7586026,1971635,173875,22411,6972849,0,8897506,MEMBERS CHOICE,OH,8897506,9557661,22411,18651453,"credit union, under 100m",credit union
96719,16650699,6715671,1772163,0,762416,1530985,0,0,GORMAN-RUPP & ASSOCIATES,OH,0,8487834,762416,9250250,"credit union, under 100m",credit union
96722,135050640,2472346,2320614,3007298,2116597,18071248,3940074,57789761,GREATER CINCINNATI SCHOOL,OH,61729835,4792960,2116597,71646690,"credit union, 100m to 1bn",credit union
96723,358641709,76084218,31675337,6691094,4861028,35279416,66288318,63207892,FIREFIGHTERS COMMUNITY CU,OH,129496210,107759555,4861028,248807887,"credit union, 100m to 1bn",credit union
96737,20939530,4771256,2346758,0,438496,3962758,0,1490092,KYGER CREEK,OH,1490092,7118014,438496,9046602,"credit union, under 100m",credit union
96750,110964419,32479736,12771576,2971155,1537365,8966422,13003733,15561402,FRIENDS AND FAMILY CREDIT UNION INC,OH,28565135,45251312,1537365,78324967,"credit union, 100m to 1bn",credit union
96755,351167494,9519575,22795181,8376964,11264497,49873111,36117930,23294877,MYUSA,OH,59412807,32314756,11264497,111369024,"credit union, 100m to 1bn",credit union
96756,70764938,10406778,4037681,1406627,2117155,8942278,9026859,5943261,MILLSTREAM AREA,OH,14970120,14444459,2117155,32938361,"credit union, under 100m",credit union
96761,203849759,26448197,21035013,0,4272597,18209336,25082779,30440659,AURGROUP,OH,55523438,47483210,4272597,107279245,"credit union, 100m to 1bn",credit union
96768,352468401,82221942,21658389,8007993,3881669,39036306,62545831,50611743,"PSE CREDIT UNION, INC.",OH,113157574,103880331,3881669,228927567,"credit union, 100m to 1bn",credit union
96799,3139077,450404,1494828,0,244792,414702,0,0,U.P.S.,OH,0,1945232,244792,2190024,"credit union, under 100m",credit union
96808,40623994,5913203,3248508,288169,644708,6911863,3478981,2564489,WIREMEN'S,OH,6043470,9161711,644708,16138058,"credit union, under 100m",credit union
96821,279335,13432,0,0,17044,210228,0,0,HEEKIN CAN EMPL,OH,0,13432,17044,30476,"credit union, under 100m",credit union
97052,88094344,11550269,4537300,2027626,603442,11086311,5035090,2467474,FIREFIGHTERS,IN,7502564,16087569,603442,26221201,"credit union, under 100m",credit union
97059,471667405,79825068,28716340,18431689,4683355,91221297,46870147,65582855,EARTHMOVER,IL,112453002,108541408,4683355,244109454,"credit union, 100m to 1bn",credit union
97063,31253199,535414,519189,0,5018,5746812,0,1155661,JACKSON COUNTY CO-OP,IN,1155661,1054603,5018,2215282,"credit union, under 100m",credit union
97066,14010346,1001983,597476,0,347009,1628658,56554,3864797,ST JOE VALLEY,ID,3921351,1599459,347009,5867819,"credit union, under 100m",credit union
97068,1421349449,62156133,26996848,24524177,22349202,182664364,39210877,256983070,ADELFI,CA,296193947,89152981,22349202,432220307,"credit union, 1 to 10bn",credit union
97069,1617674714,26181765,10602943,44079153,11315304,172001071,205416748,667098016,SAN FRANCISCO FIRE,CA,872514764,36784708,11315304,964693929,"credit union, 1 to 10bn",credit union
97071,360507136,9852547,121056317,0,9098573,31550416,75283274,37527629,MONTEREY,CA,112810903,130908864,9098573,252818340,"credit union, 100m to 1bn",credit union
97073,105642586,13019698,1522855,0,262813,8799202,1757074,3319270,NORTHWEST CHRISTIAN,ID,5076344,14542553,262813,19881710,"credit union, 100m to 1bn",credit union
97077,32699607,3986716,2472706,1881693,431411,2895658,3054415,7028572,"EMERALD CREDIT UNION, INC.",OH,10082987,6459422,431411,18855513,"credit union, under 100m",credit union
97078,17337823,1159561,773328,669110,503205,1721471,2215536,0,BSE,OH,2215536,1932889,503205,5320740,"credit union, under 100m",credit union
97079,66231229,4406895,2065697,1032661,660622,11988185,1233128,20643823,"POSTAL FAMILY CREDIT UNION, INC.",OH,21876951,6472592,660622,30042826,"credit union, under 100m",credit union
97084,600221579,153920564,68075660,34574120,33403279,57744593,120855862,36978129,DUPAGE,IL,157833991,221996224,33403279,447807614,"credit union, 100m to 1bn",credit union
97085,1313249118,281564880,276190576,24853708,43915308,133284437,74921950,305476000,SILVER STATE SCHOOLS,NV,380397950,557755456,43915308,1006922422,"credit union, 1 to 10bn",credit union
97086,380760307,44160337,16811586,8851037,12467238,44780061,37759438,85518008,ABRI,IL,123277446,60971923,12467238,205567644,"credit union, 100m to 1bn",credit union
97089,415206826,36124370,28084264,9595835,6926582,41916225,11221856,123320678,MCT,TX,134542534,64208634,6926582,215273585,"credit union, 100m to 1bn",credit union
97094,210084433,29168120,14557961,6024846,1614637,23632660,17490151,5419600,ACHIEVE,OH,22909751,43726081,1614637,74275315,"credit union, 100m to 1bn",credit union
97095,128116552,33130569,18950603,0,2055319,16947490,3217412,24898555,COMMONWEALTH,IL,28115967,52081172,2055319,82252458,"credit union, 100m to 1bn",credit union
97096,49539542,3566507,3988751,1586471,612718,11540289,33768,1334598,FRESNO POLICE DEPARTMENT,CA,1368366,7555258,612718,11122813,"credit union, under 100m",credit union
97097,57931991,10189394,2592743,1438220,2841894,8089246,4821421,7490023,ACCESS,IL,12311444,12782137,2841894,29373695,"credit union, under 100m",credit union
97098,131733644,23152130,13624823,1877462,5303036,15204653,0,4752460,EASTEX,TX,4752460,36776953,5303036,48709911,"credit union, 100m to 1bn",credit union
97100,26322475,1952416,1869489,203676,849121,4034812,0,230668,AURORA POLICEMEN,IL,230668,3821905,849121,5105370,"credit union, under 100m",credit union
97101,422090233,7395067,2674420,4533393,3215689,55259184,7564706,30377589,GLENDALE AREA SCHOOLS,CA,37942295,10069487,3215689,55760864,"credit union, 100m to 1bn",credit union
97102,170359007,10990222,2532132,1280844,2683951,19838640,7305462,33297300,LATAH,ID,40602762,13522354,2683951,58089911,"credit union, 100m to 1bn",credit union
97103,1116819510,208471645,65566672,11061981,9689087,121690595,89791407,336139912,ALLIANCE,TX,425931319,274038317,9689087,720720704,"credit union, 1 to 10bn",credit union
97104,362683252,40410573,7141734,2961252,2989536,58309010,11091599,35312883,"IH CREDIT UNION, INC.",OH,46404482,47552307,2989536,99907577,"credit union, 100m to 1bn",credit union
97105,134205593,34891440,14355158,3110546,2850919,12100795,8410162,27844956,TREADWELL,OH,36255118,49246598,2850919,91463181,"credit union, 100m to 1bn",credit union
97106,335941657,54355655,15338071,6461882,4223748,56373383,24486691,72357327,GENFED FINANCIAL,OH,96844018,69693726,4223748,177223374,"credit union, 100m to 1bn",credit union
97108,66597904,5657855,2044623,776447,1737008,6289819,2939056,27923472,NORTHWEST COMMUNITY,IL,30862528,7702478,1737008,41078461,"credit union, under 100m",credit union
97109,502275905,130653916,83294175,10380590,1849282,60339259,19870825,106297462,RIVER VALLEY,OH,126168287,213948091,1849282,352346250,"credit union, 100m to 1bn",credit union
97110,426502613,38825800,45065045,7498280,13484758,37263384,40252625,81873308,ROCKY MOUNTAIN,MT,122125933,83890845,13484758,226999816,"credit union, 100m to 1bn",credit union
97111,200135767,41996418,9590569,2550626,4174119,16127122,14995955,25389801,ABBEY,OH,40385756,51586987,4174119,98697488,"credit union, 100m to 1bn",credit union
97112,245434595,65341928,9184019,10388714,5950128,27948279,6496961,31407530,INVESTEX,TX,37904491,74525947,5950128,128769280,"credit union, 100m to 1bn",credit union
97113,71107646,10325199,5433174,2657483,1896213,9206477,3183632,15978030,"KH CREDIT UNION, INC.",OH,19161662,15758373,1896213,39473731,"credit union, under 100m",credit union
