county_fips,wage_total,median_home_value,mean_wage,num_cognitive_AIOE,num_cognitive_GPT,num_embodied,num_robot_reachable,num_placebo_random20,rate_cognitive_AIOE,rate_cognitive_GPT,rate_embodied,rate_robot_reachable,rate_placebo_random20
01001,776920966.3885466,150000.0,40568.368755820266,95523423.44490474,67398895.51768094,130275931.10320283,96843661.38709332,173407772.72915238,0.12295127506847646,0.08675128929906369,0.16768234703303198,0.12465059584794466,0.2231987296407049
01003,7020824578.11936,284348.83720930235,59297.377957214725,1143073172.32122,646847662.06042,987700566.2054199,905984822.1561201,1385278340.5958,0.16281181214577653,0.09213271957774631,0.14068156171906396,0.12904250947668636,0.19730992067699102
01005,424630007.0610723,166674.52830188678,40953.649765071656,54227244.853800006,59578547.10972245,101345083.79787552,70337553.85410613,81830725.9135347,0.12770469338498913,0.14030696398983783,0.23866679724143847,0.1656443319701376,0.19271065292793926
01007,334880461.4108255,100000.0,39444.69928202013,44061962.76144681,45065168.47344681,64521953.67165956,38384514.306791484,46216807.329497874,0.1315751972384927,0.13457091011995964,0.1926715980975228,0.11462154031047525,0.13800986517633795
01009,1445551266.01852,200000.0,51024.739008927514,274405349.51672006,197110673.90816,277948215.34744,211910241.88048002,279681885.31608003,0.18982747687151513,0.13635675091002594,0.19227835212859132,0.14659476067157695,0.19347766619609935
01011,209466791.636384,120000.0,42578.0127726612,22576797.912440002,19814866.557432,41363996.44298,38458604.63212,36701269.611664,0.1077822299948688,0.0945966967013505,0.1974728123720168,0.18360239507024467,0.17521283123185552
01013,424630007.0610723,166674.52830188678,40953.649765071656,54227244.853800006,59578547.10972245,101345083.79787552,70337553.85410613,81830725.9135347,0.12770469338498913,0.14030696398983783,0.23866679724143847,0.1656443319701376,0.19271065292793926
01015,2395073666.40808,150000.0,45713.61949894223,525745144.1918,209919265.95900002,523653908.8702,355364213.598,545071127.3998,0.21951105369559096,0.08764626696172498,0.21863791340311042,0.14837297849420383,0.22758010955765276
01017,471300281.181864,120000.0,42578.0127726612,50797795.302990004,44583449.754222,93068991.996705,86531860.42227,82577856.626244,0.1077822299948688,0.0945966967013505,0.1974728123720168,0.18360239507024467,0.17521283123185552
01019,457922549.2251669,200000.0,45820.865023604594,67873858.81830245,45604641.52924878,102457767.38769172,83575319.26901855,99352001.24975221,0.14822126347162679,0.09959029448629389,0.22374475238456057,0.18250972661301157,0.21696245668151065
01021,1225140928.3489623,210000.0,54129.75034808602,125145702.56237647,126789387.47347058,272742037.08497643,210666711.78722116,269242511.56415296,0.10214800572455503,0.10348963497965566,0.22262094978128927,0.1719530438601232,0.2197645228675794
01023,203765353.3592,128150.68493150688,45740.54145595675,18057173.534314893,17950805.26910638,74745901.43275744,59077597.40042554,38843245.34629787,0.08861748691144511,0.08809547341182426,0.36682340839855376,0.28992955095895445,0.19062733043641886
01025,458472045.0581999,128150.68493150688,45740.54145595675,40628640.452208504,40389311.85548935,168178278.2237042,132924594.15095742,87397302.02917019,0.08861748691144512,0.08809547341182428,0.36682340839855376,0.28992955095895445,0.19062733043641886
01027,316120261.3723577,150000.0,50287.04760611855,31740546.576315776,29649890.770210512,81263772.93930523,68257653.03208418,53286868.28002103,0.10040655552580548,0.09379307305862922,0.2570660057869075,0.2159230564208713,0.1685651784820413
01029,316120261.3723577,150000.0,50287.04760611855,31740546.576315776,29649890.770210512,81263772.93930523,68257653.03208418,53286868.28002103,0.10040655552580548,0.09379307305862922,0.2570660057869075,0.2159230564208713,0.1685651784820413
01031,1197934568.9255574,175000.0,48895.820726983045,142258756.78218666,165676079.31775996,280450316.42304,225014582.50954667,201522022.264288,0.11875336138749241,0.13830144284621232,0.23411154807443232,0.18783545307600988,0.16822456542433337
01033,1230739513.9459035,200000.0,50377.410479688755,179375722.25815383,110257445.53133652,208356697.7750769,173414394.64794227,250563596.01732686,0.14574629336719108,0.08958633754907037,0.16929390452985416,0.1409025977332557,0.2035878373759114
01035,254706691.69899988,128150.68493150688,45740.54145595675,22571466.917893607,22438506.586382966,93432376.79094675,73846996.75053188,48554056.68287232,0.08861748691144511,0.08809547341182428,0.36682340839855376,0.28992955095895445,0.19062733043641886
01037,157100093.727288,120000.0,42578.0127726612,16932598.43433,14861149.918074,31022997.332234997,28843953.47409,27525952.208747998,0.1077822299948688,0.0945966967013505,0.1974728123720168,0.18360239507024467,0.17521283123185552
01039,660535566.5394458,166674.52830188678,40953.649765071656,84353491.9948,92677739.94845715,157647908.13002858,109413972.66194285,127292240.30994286,0.12770469338498913,0.14030696398983783,0.23866679724143844,0.1656443319701376,0.19271065292793926
01041,283086671.3740481,166674.52830188678,40953.649765071656,36151496.569199994,39719031.40648162,67563389.19858366,46891702.56940407,54553817.27568979,0.12770469338498913,0.14030696398983783,0.23866679724143847,0.1656443319701376,0.19271065292793926
01043,1493362621.4352627,180000.0,46328.38189206599,176030002.7462927,158798137.85786638,375648383.08974934,316204247.2235444,244963682.35444978,0.11787492215193604,0.10633595322296627,0.25154532308349575,0.21173976279093035,0.16403496300116077
01045,1048192747.8098627,175000.0,48895.820726983045,124476412.18441333,144966569.40303996,245394026.87015998,196887759.69585332,176331769.481252,0.11875336138749241,0.13830144284621232,0.23411154807443232,0.18783545307600988,0.16822456542433337
01047,776920966.3885466,150000.0,40568.368755820266,95523423.44490474,67398895.51768094,130275931.10320283,96843661.38709332,173407772.72915238,0.12295127506847646,0.08675128929906369,0.16768234703303198,0.12465059584794466,0.2231987296407049
01049,1167030744.7928708,150081.30081300813,41628.47768028141,119246261.88229622,149047220.78358,256484146.93474054,245106416.98472434,189509072.2007189,0.10217919486213752,0.12771490506878933,0.21977497000754884,0.2100256724840842,0.1623856723966203
01051,1972700559.4134464,240000.0,54717.73336258172,298690776.4672308,446560098.698,348585516.84046155,297397745.3151693,501922121.9829232,0.1514121213389031,0.22636993565347704,0.1767047285392915,0.15075665888369602,0.2544340141172578
01053,509413383.398,128150.68493150688,45740.54145595675,45142933.83578724,44877013.172765955,186864753.5818936,147693993.50106385,97108113.36574468,0.08861748691144511,0.08809547341182428,0.36682340839855376,0.28992955095895445,0.19062733043641886
01055,1888930515.5538135,200000.0,45820.865023604594,279979667.6254976,188119146.30815122,422638290.4742283,344748191.9847015,409827005.15522784,0.14822126347162679,0.09959029448629389,0.22374475238456057,0.18250972661301157,0.21696245668151065
01057,209300288.38176584,100000.0,39444.69928202013,27538726.725904245,28165730.295904245,40326221.044787206,23990321.441744667,28885504.580936156,0.1315751972384927,0.13457091011995964,0.1926715980975228,0.11462154031047524,0.13800986517633795
01059,902542310.2269961,200000.0,50377.410479688755,131542196.32264616,80855460.05631346,152794911.70172307,127170556.0751577,183746637.07937306,0.14574629336719108,0.08958633754907037,0.16929390452985413,0.1409025977332557,0.2035878373759114
01061,475683743.78897345,175000.0,43259.91457135164,66430843.11849471,60439470.66366945,97751538.76769996,77072832.24787891,86943936.98804207,0.13965338102444233,0.12705809574708124,0.20549690849024527,0.16202536507547874,0.18277676738646934
01063,167440230.70541275,100000.0,39444.69928202013,22030981.380723406,22532584.236723404,32260976.83582978,19192257.153395742,23108403.664748937,0.1315751972384927,0.13457091011995964,0.1926715980975228,0.11462154031047525,0.13800986517633795
01065,293020403.7344722,100000.0,39444.69928202013,38554217.41626594,39432022.414265946,56456709.462702096,33586450.01844254,40439706.413310625,0.1315751972384927,0.13457091011995964,0.1926715980975228,0.11462154031047525,0.13800986517633795
01067,475683743.78897345,175000.0,43259.91457135164,66430843.11849471,60439470.66366945,97751538.76769996,77072832.24787891,86943936.98804207,0.13965338102444233,0.12705809574708124,0.20549690849024527,0.16202536507547874,0.18277676738646934
01069,2061296223.0855525,175000.0,43259.91457135164,287866986.8468105,261904372.87590104,423590001.3267,333982273.0741421,376757060.2815158,0.13965338102444233,0.12705809574708124,0.20549690849024527,0.16202536507547874,0.1827767673864693
01071,889166281.7469491,150081.30081300813,41628.47768028141,90854294.76746377,113559787.26367998,195416492.90265945,186747746.2740757,144387864.53388107,0.10217919486213752,0.12771490506878933,0.21977497000754884,0.21002567248408424,0.1623856723966203
01073,19934704082.390755,228000.0,59618.42633900853,4201426383.194237,2849023649.263515,2340993192.910284,1955029791.3646576,4129639257.8223267,0.21075940559887976,0.1429177798420489,0.11743305459839715,0.09807167356407491,0.20715829243084816
01075,167440230.70541275,100000.0,39444.69928202013,22030981.380723406,22532584.236723404,32260976.83582978,19192257.153395742,23108403.664748937,0.1315751972384927,0.13457091011995964,0.1926715980975228,0.11462154031047525,0.13800986517633795
01077,2133281824.1729,200000.0,50377.410479688755,310917918.5808,191112905.58765,361151609.4768,300584950.7231,434310233.0967,0.14574629336719108,0.08958633754907037,0.16929390452985416,0.1409025977332557,0.2035878373759114
01079,1156752788.6043906,200000.0,57242.18442132249,151055173.13621432,162949188.1167333,195074464.8859286,189251526.6677095,220224373.05992618,0.13058552754254493,0.14086777202701167,0.16863971870885547,0.16360585298094624,0.19038153633986432
01081,4635843869.245695,241268.51090086385,50395.84653117534,789698923.3486193,602789810.636509,479140058.61705935,378790145.6890193,868241335.4037259,0.17034631571341344,0.13002806557732277,0.10335552105101868,0.08170899546508084,0.18728873531821483
01083,3634471643.61744,287965.1162790697,68524.51297380117,699205223.0492,565406739.2832,544561572.3034,337919546.9554,677584916.534,0.19238153206590197,0.15556779491624892,0.14983238987700295,0.09297625077054225,0.18643285268820817
01085,182804933.26789328,150000.0,40568.368755820266,22476099.63409523,15858563.651219042,30653160.259577133,22786743.85578666,40801828.87744761,0.12295127506847645,0.08675128929906369,0.16768234703303198,0.12465059584794466,0.2231987296407049
01087,628400374.909152,120000.0,42578.0127726612,67730393.73732,59444599.672296,124091989.32893999,115375813.89636,110103808.83499199,0.1077822299948688,0.0945966967013505,0.1974728123720168,0.18360239507024467,0.17521283123185552
01089,13909783398.760607,272500.0,61027.69235465862,2699211760.7580137,3272982998.3646207,978698243.3588958,805325472.5074365,3090593825.123057,0.19405131506206771,0.235300788267936,0.07036042297007299,0.05789633450217441,0.2221884939918213
01091,334880461.4108255,100000.0,39444.69928202013,44061962.76144681,45065168.47344681,64521953.67165956,38384514.306791484,46216807.329497874,0.1315751972384927,0.13457091011995964,0.1926715980975228,0.11462154031047525,0.13800986517633795
01093,746681310.7176313,180000.0,46328.38189206599,88015001.37314636,79399068.92893319,187824191.54487467,158102123.6117722,122481841.17722489,0.11787492215193604,0.10633595322296627,0.25154532308349575,0.21173976279093035,0.16403496300116077
01095,2209779037.372113,200000.0,47607.848676587346,258803287.28638622,287491131.63697934,451105333.5328441,445025726.9204635,556819529.0104828,0.11711726960454705,0.13009949265283377,0.20414047101709418,0.20138924272251746,0.2519797317258729
01097,9527831013.60046,178769.9530516432,49367.43776480548,1356463907.2654,1268763949.3874,1768919232.5599198,1393143126.74176,2006787463.0191202,0.14236859420881012,0.13316398533688395,0.18565812408247837,0.14621828669642903,0.21062374638619644
01099,458472045.0581999,128150.68493150688,45740.54145595675,40628640.452208504,40389311.85548935,168178278.2237042,132924594.15095742,87397302.02917019,0.08861748691144512,0.08809547341182428,0.36682340839855376,0.28992955095895445,0.19062733043641886
01101,5782335890.976574,203861.42322097378,50504.265076281175,1361397519.5587692,732693137.0867801,745638684.1275384,644691267.7749507,1446484437.117877,0.23544075356868346,0.1267123098521757,0.1289511190955059,0.11149322348793358,0.25015572674965814
01103,3259939676.97601,200000.0,57242.18442132249,425700942.47478575,459220439.2380666,549755310.1330714,533345211.5180904,620632324.0779737,0.13058552754254493,0.14086777202701167,0.16863971870885547,0.16360585298094624,0.1903815363398643
01105,182804933.26789328,150000.0,40568.368755820266,22476099.63409523,15858563.651219042,30653160.259577133,22786743.85578666,40801828.87744761,0.12295127506847645,0.08675128929906369,0.16768234703303198,0.12465059584794466,0.2231987296407049
01107,251160346.05811912,100000.0,39444.69928202013,33046472.071085107,33798876.355085105,48391465.25374467,28788385.730093613,34662605.497123405,0.1315751972384927,0.13457091011995964,0.1926715980975228,0.11462154031047525,0.13800986517633795
01109,518992230.8524215,166674.52830188678,40953.649765071656,66277743.71019999,72818224.24521631,123866213.53073671,85968121.37724079,100015331.67209794,0.12770469338498913,0.14030696398983783,0.23866679724143847,0.1656443319701376,0.19271065292793926
01111,474180392.0585366,150000.0,50287.04760611855,47610819.86447366,44474836.155315764,121895659.40895784,102386479.54812628,79930302.42003155,0.10040655552580548,0.0937930730586292,0.2570660057869075,0.2159230564208713,0.1685651784820413
01113,1408548059.5078452,202316.43356643358,50228.440640061286,155676057.42658064,220700641.18335098,222723353.71354064,194652985.00990063,256944393.6074942,0.11052236121852652,0.15668662470804515,0.15812265134308692,0.138194067072098,0.18241791032481494
01115,2168326899.02778,200000.0,51024.739008927514,411608024.27508,295666010.86223996,416922323.02116,317865362.82072,419522827.97412,0.18982747687151513,0.13635675091002594,0.19227835212859135,0.14659476067157695,0.19347766619609932
01117,7713277030.892158,280000.0,64064.31569351365,1718327578.0992236,1081379458.6080294,885165998.9217236,663575233.9256588,1807749847.915627,0.22277529657202952,0.14019715022253665,0.11475874591001702,0.08603026071383128,0.23436858817276698
01119,209300288.38176584,100000.0,39444.69928202013,27538726.725904245,28165730.295904245,40326221.044787206,23990321.441744667,28885504.580936156,0.1315751972384927,0.13457091011995964,0.1926715980975228,0.11462154031047524,0.13800986517633795
01121,1896721568.234147,150000.0,50287.04760611855,190443279.45789474,177899344.62126315,487582637.6358316,409545918.19250524,319721209.6801263,0.10040655552580548,0.09379307305862922,0.2570660057869075,0.2159230564208713,0.1685651784820413
01123,628400374.909152,120000.0,42578.0127726612,67730393.73732,59444599.672296,124091989.32893999,115375813.89636,110103808.83499199,0.1077822299948688,0.0945966967013505,0.1974728123720168,0.18360239507024467,0.17521283123185552
01125,6010209977.83746,222500.0,50012.442407625975,644565787.0680001,535903346.27394,886900403.5430399,673965311.58342,992677078.24774,0.10724513610087247,0.08916549475809896,0.1475656269603673,0.11213673300411382,0.16516512433146574
01127,1574318026.2083273,160000.0,51790.90723430378,221589703.95224243,225188108.18048486,324034270.9855758,286404541.2842424,315984651.16933334,0.14075282138891027,0.14303851218856972,0.20582516720970126,0.18192292568359558,0.20071208352378958
01129,254706691.69899988,128150.68493150688,45740.54145595675,22571466.917893607,22438506.586382966,93432376.79094675,73846996.75053188,48554056.68287232,0.08861748691144511,0.08809547341182428,0.36682340839855376,0.28992955095895445,0.19062733043641886
01131,254706691.69899988,128150.68493150688,45740.54145595675,22571466.917893607,22438506.586382966,93432376.79094675,73846996.75053188,48554056.68287232,0.08861748691144511,0.08809547341182428,0.36682340839855376,0.28992955095895445,0.19062733043641886
01133,543040953.2491864,180000.0,46328.38189206599,64010910.08956098,57744777.4028605,136599412.0326361,114983362.62674342,89077702.67434537,0.11787492215193603,0.10633595322296627,0.25154532308349575,0.21173976279093035,0.16403496300116077
02013,81514138.49798101,222292.4901185771,53764.42812316702,7968676.683432425,6216227.744323238,22046959.092111874,21948343.04478971,14531573.888749715,0.09775821508105367,0.07625950367465645,0.270467915117056,0.26925811214128625,0.17827059399161338
02016,163028276.99596202,222292.4901185771,53764.42812316702,15937353.36686485,12432455.488646476,44093918.18422375,43896686.08957942,29063147.77749943,0.09775821508105367,0.07625950367465645,0.270467915117056,0.26925811214128625,0.17827059399161338
02020,11548599983.3487,365494.97847919655,72312.88058066252,2534113624.74942,1456787017.06522,1085453838.15372,811343261.8763399,2294444589.0612803,0.219430374972137,0.1261440364343455,0.09399008015852804,0.0702546856801839,0.19867729355675282
02050,244542415.493943,222292.4901185771,53764.42812316702,23906030.05029727,18648683.23296971,66140877.27633561,65845029.13436912,43594721.66624914,0.09775821508105367,0.07625950367465643,0.270467915117056,0.26925811214128625,0.17827059399161338
02060,81514138.49798101,222292.4901185771,53764.42812316702,7968676.683432425,6216227.744323238,22046959.092111874,21948343.04478971,14531573.888749715,0.09775821508105367,0.07625950367465645,0.270467915117056,0.26925811214128625,0.17827059399161338
02063,258531654.1817129,350000.0,60957.615369952146,37536111.42488776,42230469.62274142,44100703.281492636,26515130.299427293,56896245.99925848,0.14518961534398778,0.16334738489337594,0.1705814455141953,0.10256047903824857,0.22007458304996608
02066,129265827.09085645,350000.0,60957.615369952146,18768055.71244388,21115234.81137071,22050351.640746318,13257565.149713647,28448122.99962924,0.14518961534398778,0.16334738489337594,0.1705814455141953,0.10256047903824857,0.22007458304996608
02068,129265827.09085645,350000.0,60957.615369952146,18768055.71244388,21115234.81137071,22050351.640746318,13257565.149713647,28448122.99962924,0.14518961534398778,0.16334738489337594,0.1705814455141953,0.10256047903824857,0.22007458304996608
02070,163028276.99596202,222292.4901185771,53764.42812316702,15937353.36686485,12432455.488646476,44093918.18422375,43896686.08957942,29063147.77749943,0.09775821508105367,0.07625950367465645,0.270467915117056,0.26925811214128625,0.17827059399161338
02090,2843848195.9988446,350000.0,60957.615369952146,412897225.67376584,464535165.85015607,485107736.0964195,291666433.2937005,625858705.9918439,0.14518961534398778,0.16334738489337594,0.1705814455141953,0.10256047903824857,0.22007458304996608
02100,129265827.09085645,350000.0,60957.615369952146,18768055.71244388,21115234.81137071,22050351.640746318,13257565.149713647,28448122.99962924,0.14518961534398778,0.16334738489337594,0.1705814455141953,0.10256047903824857,0.22007458304996608
02105,81514138.49798101,222292.4901185771,53764.42812316702,7968676.683432425,6216227.744323238,22046959.092111874,21948343.04478971,14531573.888749715,0.09775821508105367,0.07625950367465645,0.270467915117056,0.26925811214128625,0.17827059399161338
02110,775594962.5451393,350000.0,60957.615369952146,112608334.27466339,126691408.86822437,132302109.84447803,79545390.89828195,170688737.99777558,0.14518961534398778,0.16334738489337594,0.1705814455141953,0.10256047903824857,0.22007458304996608
02122,1731677602.4179208,325000.0,55573.82950437471,152020162.63758945,173668854.68026316,366792756.5716768,229834120.08085787,470934906.75029474,0.08778779746606731,0.10028936935938387,0.21181353622610147,0.13272338901880074,0.27195299292012204
02130,646329135.4542828,350000.0,60957.615369952146,93840278.56221949,105576174.05685364,110251758.20373169,66287825.74856829,142240614.99814633,0.14518961534398778,0.16334738489337594,0.1705814455141953,0.10256047903824857,0.22007458304996608
02150,407570692.4899053,222292.4901185771,53764.42812316702,39843383.41716215,31081138.721616205,110234795.46055943,109741715.22394861,72657869.44374862,0.09775821508105367,0.07625950367465645,0.270467915117056,0.26925811214128625,0.1782705939916134
02158,81514138.49798101,222292.4901185771,53764.42812316702,7968676.683432425,6216227.744323238,22046959.092111874,21948343.04478971,14531573.888749715,0.09775821508105367,0.07625950367465645,0.270467915117056,0.26925811214128625,0.17827059399161338
02164,81514138.49798101,222292.4901185771,53764.42812316702,7968676.683432425,6216227.744323238,22046959.092111874,21948343.04478971,14531573.888749715,0.09775821508105367,0.07625950367465645,0.270467915117056,0.26925811214128625,0.17827059399161338
02170,2968590175.573579,325000.0,55573.82950437471,260605993.09301054,297718036.5947369,628787582.6943032,394001348.71004206,807316983.0005053,0.08778779746606731,0.10028936935938387,0.21181353622610147,0.13272338901880074,0.27195299292012204
02180,163028276.99596202,222292.4901185771,53764.42812316702,15937353.36686485,12432455.488646476,44093918.18422375,43896686.08957942,29063147.77749943,0.09775821508105367,0.07625950367465645,0.270467915117056,0.26925811214128625,0.17827059399161338
02185,244542415.493943,222292.4901185771,53764.42812316702,23906030.05029727,18648683.23296971,66140877.27633561,65845029.13436912,43594721.66624914,0.09775821508105367,0.07625950367465643,0.270467915117056,0.26925811214128625,0.17827059399161338
02188,163028276.99596202,222292.4901185771,53764.42812316702,15937353.36686485,12432455.488646476,44093918.18422375,43896686.08957942,29063147.77749943,0.09775821508105367,0.07625950367465645,0.270467915117056,0.26925811214128625,0.17827059399161338
02195,81514138.49798101,222292.4901185771,53764.42812316702,7968676.683432425,6216227.744323238,22046959.092111874,21948343.04478971,14531573.888749715,0.09775821508105367,0.07625950367465645,0.270467915117056,0.26925811214128625,0.17827059399161338
02198,326056553.9919243,222292.4901185771,53764.42812316702,31874706.733729724,24864910.97729297,88187836.36844756,87793372.17915891,58126295.554998904,0.09775821508105367,0.07625950367465645,0.270467915117056,0.26925811214128625,0.17827059399161338
02220,163028276.99596202,222292.4901185771,53764.42812316702,15937353.36686485,12432455.488646476,44093918.18422375,43896686.08957942,29063147.77749943,0.09775821508105367,0.07625950367465645,0.270467915117056,0.26925811214128625,0.17827059399161338
02230,129265827.09085645,350000.0,60957.615369952146,18768055.71244388,21115234.81137071,22050351.640746318,13257565.149713647,28448122.99962924,0.14518961534398778,0.16334738489337594,0.1705814455141953,0.10256047903824857,0.22007458304996608
02240,258531654.1817129,350000.0,60957.615369952146,37536111.42488776,42230469.62274142,44100703.281492636,26515130.299427293,56896245.99925848,0.14518961534398778,0.16334738489337594,0.1705814455141953,0.10256047903824857,0.22007458304996608
02275,81514138.49798101,222292.4901185771,53764.42812316702,7968676.683432425,6216227.744323238,22046959.092111874,21948343.04478971,14531573.888749715,0.09775821508105367,0.07625950367465645,0.270467915117056,0.26925811214128625,0.17827059399161338
02282,81514138.49798101,222292.4901185771,53764.42812316702,7968676.683432425,6216227.744323238,22046959.092111874,21948343.04478971,14531573.888749715,0.09775821508105367,0.07625950367465645,0.270467915117056,0.26925811214128625,0.17827059399161338
02290,326056553.9919243,222292.4901185771,53764.42812316702,31874706.733729724,24864910.97729297,88187836.36844756,87793372.17915891,58126295.554998904,0.09775821508105367,0.07625950367465645,0.270467915117056,0.26925811214128625,0.17827059399161338
04001,895071233.7925133,200000.0,46578.33133560434,63994870.51697452,97746875.86310181,195721461.62760434,206553981.2564552,129823648.90014759,0.07149695812010555,0.10920569466738168,0.21866579355735902,0.23076820420343946,0.1450428122352573
04003,2158513077.1860037,250000.0,43893.285243883554,247179021.72765383,377527503.6363307,324401002.5658353,292574604.85530156,433158520.4715969,0.11451356229441731,0.17490165226541196,0.1502891068831273,0.13554451346513188,0.20067449442386245
04005,4271837941.20556,400000.0,54980.02446916987,481839438.39892,488969182.65242,418181448.14152,366264594.1986,531495633.519,0.11279440957981181,0.11446342051881009,0.09789262933122987,0.08573934667925068,0.12441849172045277
04007,1193897051.99224,275000.0,50634.22051199428,159629253.97577143,118440202.45222858,238240208.88377142,167258930.53220573,191281215.62958857,0.13370437066529334,0.09920470299728859,0.1995483685014744,0.1400949355332631,0.16021583712800042
04009,671567091.7456349,275000.0,50634.22051199428,89791455.36137143,66622613.87937857,134010117.49712142,94083148.42436571,107595683.79164356,0.13370437066529334,0.09920470299728859,0.1995483685014744,0.1400949355332631,0.16021583712800042
04011,223855697.2485449,275000.0,50634.22051199428,29930485.120457135,22207537.95979285,44670039.165707126,31361049.47478856,35865227.93054784,0.13370437066529334,0.09920470299728859,0.1995483685014744,0.1400949355332631,0.16021583712800042
04012,529928929.3335412,235000.0,49346.51448935413,46412238.37338666,57589950.97906131,152467005.6435893,135199480.93316796,125339825.6663253,0.08758200544317604,0.10867485768608373,0.28771217649003916,0.2551275717353268,0.2365219536588754
04013,156720510139.74222,440690.60424377304,65377.66504631709,32978783774.3306,27853141073.8739,16773390493.25482,13952801832.80352,31480939768.27774,0.21043055401570968,0.17772492604215126,0.10702741127053869,0.08902983930030788,0.20087313230544798
04015,3732242216.7862,308875.0,44968.009949079584,366911192.90455997,498403159.92807996,791560646.75132,572269380.01588,670492109.41764,0.0983085157909456,0.13353987522204558,0.21208715854270727,0.15333125418335147,0.17964860544206443
04017,1839868647.2401667,200000.0,46578.33133560434,131545011.61822544,200924133.71859822,402316337.79007566,424583183.6938247,266859722.73919237,0.07149695812010555,0.10920569466738168,0.218665793557359,0.23076820420343946,0.1450428122352573
04019,28246318915.11136,339548.53949469334,55415.71768005701,4742104365.2065935,4323118802.828114,3607449804.997687,2864672638.4819813,4853466737.747367,0.1678839773585378,0.15305069718360043,0.1277139798583721,0.10141755628728755,0.1718265219738362
04021,11020187646.851881,375000.0,54083.95131216424,1567379901.5987067,1765758499.0675666,2115907935.8682535,1536317618.6696186,2270146165.086173,0.14222805925146453,0.160229440337342,0.19200289538379153,0.13940938828827437,0.20599886661046848
04023,795241660.0158961,250000.0,43893.285243883554,91065955.37334615,139089080.28706923,119516158.84004459,107790643.89405845,159584718.06848305,0.11451356229441731,0.174901652265412,0.1502891068831273,0.13554451346513188,0.20067449442386245
04025,5489090223.68878,402500.0,54993.46431877745,961097477.6122,852068550.6826799,770727275.59478,644814151.84798,984324748.3989999,0.1750923082780598,0.1552294671720795,0.14041075008543685,0.11747195356075817,0.1793238420733252
04027,3957855841.5650787,247500.0,48769.84674760502,394466392.36601335,479246488.7540188,762217965.1221507,654491339.220612,721040711.7521946,0.09966669028804928,0.12108740387181648,0.19258355928919893,0.16536512834732317,0.18217962973281746
05001,345015819.1585625,100000.0,42312.46249185216,27869340.1444,38591292.351025,85976010.2878875,82019655.9931125,49479629.89524999,0.08077699223290338,0.11185368962253062,0.2491944007018838,0.2377272328936833,0.143412641240401
05003,301888841.76374215,100000.0,42312.46249185216,24385672.626349997,33767380.80714687,75229009.00190155,71767198.99397343,43294676.15834374,0.08077699223290338,0.1118536896225306,0.24919440070188378,0.2377272328936833,0.143412641240401
05005,682386388.8379743,165000.0,38431.53472256383,76605275.44564101,105589466.36548717,116050811.14550255,90850242.35651281,151212347.8942564,0.11226084912990572,0.15473559861780642,0.17006612828711862,0.13313607047646472,0.22159344085358104
05007,11226746031.62284,312500.0,72220.75659675954,2245697905.949,2741021040.828,1060604218.5687,915219422.4916999,2734589890.69846,0.20003105972322252,0.24415097955429405,0.0944712043526461,0.08152134375479445,0.24357813768974798
05009,477670472.1865821,165000.0,38431.53472256383,53623692.81194872,73912626.45584103,81235567.8018518,63595169.64955898,105848643.5259795,0.11226084912990572,0.15473559861780642,0.17006612828711862,0.13313607047646472,0.22159344085358104
05011,215634886.97410154,100000.0,42312.46249185216,17418337.59025,24119557.719390623,53735006.42992969,51262284.995695315,30924768.684531245,0.08077699223290338,0.11185368962253062,0.2491944007018838,0.2377272328936833,0.143412641240401
05013,108735045.65515012,100000.0,45999.6714782251,11797132.7742311,14581382.057937764,22096609.9187502,19529442.751271095,21926089.416142195,0.10849430101538143,0.13410011436590713,0.2032151620079227,0.17960578057977855,0.20164694173836206
05015,545909111.0703794,165000.0,38431.53472256383,61284220.35651281,84471573.09238973,92840648.91640203,72680193.88521023,120969878.31540512,0.11226084912990572,0.15473559861780642,0.17006612828711862,0.13313607047646472,0.22159344085358104
05017,172507909.57928124,100000.0,42312.46249185216,13934670.0722,19295646.1755125,42988005.14394375,41009827.99655625,24739814.947624996,0.08077699223290338,0.11185368962253062,0.2491944007018838,0.2377272328936833,0.143412641240401
05019,404027284.23995054,170000.0,45748.28043959583,64983273.6999294,46936407.760552935,93638566.26769412,67667232.79807058,74693193.11775294,0.16083882508621877,0.11617138146709308,0.2317629772054762,0.16748183956280344,0.1848716560275491
05021,311526048.25100225,132142.85714285722,39719.253397975604,35503728.03915771,42384530.75678057,79719567.1295657,65362819.51827428,55003689.37224,0.11396712486318866,0.1360545321803414,0.25590016493687934,0.20981494127133232,0.1765620874435595
05023,503571341.3543999,150000.0,40713.44051366202,50547134.816464856,79596130.03085189,103747052.71347566,101332479.73808432,97100971.93235675,0.10037730638227711,0.1580632643167719,0.20602255170923495,0.20122765419005298,0.19282465851054
05025,86253954.78964062,100000.0,42312.46249185216,6967335.0361,9647823.08775625,21494002.571971875,20504913.998278126,12369907.473812498,0.08077699223290338,0.11185368962253062,0.2491944007018838,0.2377272328936833,0.143412641240401
05027,380572659.7930257,100000.0,45999.6714782251,41289964.70980888,51034837.202782206,77338134.71562576,68353049.62944888,76741312.95649774,0.10849430101538143,0.13410011436590713,0.2032151620079227,0.17960578057977855,0.2016469417383621
05029,450127189.44156337,170000.0,46038.993887909106,56287250.8826057,38815275.139566846,104573901.25710855,90212434.73393142,82851002.10202284,0.12504743593124595,0.08623179414627638,0.23232078334758002,0.20041543112703486,0.18406131432497874
05031,2266162084.4896293,180149.5327102804,47805.8975619814,466637677.37238663,200284936.40437335,350508373.0655173,297725335.27044,439063755.4823813,0.20591540232987343,0.08838067575800972,0.15467047810238896,0.13137865879416644,0.19374772814684368
05033,1366708875.726788,189317.2323759791,49140.87390648449,228059039.97399998,175565017.70035294,237411828.23358822,220371214.56588235,210427660.60402936,0.16686731463035448,0.1284582406820114,0.17371060688205264,0.1612422502551565,0.15396670376646834
05035,907494307.8508345,130000.0,43378.55400233101,65273620.432000004,90160603.24237242,236212687.9126897,230093558.45458627,111383431.32958624,0.07192730562308836,0.09935115015310067,0.2602910958991008,0.2535482112273556,0.12273733329894827
05037,272248292.3552501,130000.0,43378.55400233101,19582086.129599985,27048180.972711705,70863806.37380685,69028067.53637582,33415029.39887584,0.07192730562308836,0.09935115015310067,0.2602910958991008,0.2535482112273556,0.12273733329894826
05039,163102568.48272517,100000.0,45999.6714782251,17695699.161346648,21872073.086906645,33144914.878125302,29294164.12690664,32889134.124213297,0.10849430101538142,0.13410011436590713,0.2032151620079227,0.17960578057977855,0.2016469417383621
05041,215634886.97410154,100000.0,42312.46249185216,17418337.59025,24119557.719390623,53735006.42992969,51262284.995695315,30924768.684531245,0.08077699223290338,0.11185368962253062,0.2491944007018838,0.2377272328936833,0.143412641240401
05043,215634886.97410154,100000.0,42312.46249185216,17418337.59025,24119557.719390623,53735006.42992969,51262284.995695315,30924768.684531245,0.08077699223290338,0.11185368962253062,0.2491944007018838,0.2377272328936833,0.143412641240401
05045,3584849691.8906364,200000.0,56235.16082033229,584650212.4561913,464396717.705894,565860872.4945827,457921452.1459565,947440533.1085738,0.1630891844025541,0.12954426478644712,0.1578478656370526,0.12773797829845704,0.2642901696134705
05047,455569625.24226266,189317.2323759791,49140.87390648449,76019679.99133332,58521672.56678431,79137276.07786274,73457071.52196078,70142553.53467645,0.16686731463035448,0.1284582406820114,0.17371060688205264,0.1612422502551565,0.15396670376646832
05049,223809485.04639998,150000.0,40713.44051366202,22465393.25176216,35376057.79148973,46109801.20598918,45036657.66137081,43155987.52549189,0.10037730638227711,0.1580632643167719,0.20602255170923492,0.20122765419005298,0.19282465851054004
05051,2020136421.199753,170000.0,45748.28043959583,324916368.4996471,234682038.8027647,468192831.33847064,338336163.9903529,373465965.5887647,0.16083882508621877,0.11617138146709308,0.2317629772054762,0.16748183956280344,0.18487165602754907
05053,577077913.0529891,200038.23529411765,56552.19191008368,123773241.31894732,71798039.28771049,98802414.99502628,68923964.38686839,105126565.63728942,0.21448272151698528,0.12441654352679715,0.1712115691143319,0.11943615034966616,0.1821704890438882
05055,623052096.5020045,132142.85714285722,39719.253397975604,71007456.07831542,84769061.51356114,159439134.2591314,130725639.03654855,110007378.74448,0.11396712486318866,0.1360545321803414,0.25590016493687934,0.20981494127133232,0.1765620874435595
05057,380572659.7930257,100000.0,45999.6714782251,41289964.70980888,51034837.202782206,77338134.71562576,68353049.62944888,76741312.95649774,0.10849430101538143,0.13410011436590713,0.2032151620079227,0.17960578057977855,0.2016469417383621
05059,606040926.3599257,170000.0,45748.28043959583,97474910.5498941,70404611.6408294,140457849.40154114,101500849.19710585,112039789.6766294,0.16083882508621877,0.11617138146709308,0.2317629772054762,0.16748183956280344,0.18487165602754907
05061,162071025.97130367,140000.0,43119.46465682927,18961311.340385575,19240671.12724604,46044883.82988138,37356722.6180665,24994265.005304642,0.11699383789760712,0.11871752530679233,0.2841031180862278,0.23049599639531426,0.15421797237052187
05063,559523712.616,150000.0,40713.44051366202,56163483.12940541,88440144.47872433,115274503.01497298,112591644.15342705,107889968.81372975,0.10037730638227711,0.1580632643167719,0.20602255170923495,0.20122765419005298,0.19282465851054004
05065,223809485.04639998,150000.0,40713.44051366202,22465393.25176216,35376057.79148973,46109801.20598918,45036657.66137081,43155987.52549189,0.10037730638227711,0.1580632643167719,0.20602255170923492,0.20122765419005298,0.19282465851054004
05067,420951052.203629,150000.0,45780.88244720319,54224681.229447275,36106878.75418181,118356623.16101816,82776316.1854909,82167586.08538908,0.12881469459593337,0.0857745302337803,0.2811648113039158,0.19664119082769047,0.19519510797098968
05069,1035047457.4756875,100000.0,42312.46249185216,83608020.4332,115773877.053075,257928030.8636625,246058967.97933754,148438889.68575,0.08077699223290338,0.11185368962253062,0.2491944007018838,0.2377272328936833,0.143412641240401
05071,450127189.44156337,170000.0,46038.993887909106,56287250.8826057,38815275.139566846,104573901.25710855,90212434.73393142,82851002.10202284,0.12504743593124595,0.08623179414627638,0.23232078334758002,0.20041543112703486,0.18406131432497874
05073,163102568.48272517,100000.0,45999.6714782251,17695699.161346648,21872073.086906645,33144914.878125302,29294164.12690664,32889134.124213297,0.10849430101538142,0.13410011436590713,0.2032151620079227,0.17960578057977855,0.2016469417383621
05075,311526048.25100225,132142.85714285722,39719.253397975604,35503728.03915771,42384530.75678057,79719567.1295657,65362819.51827428,55003689.37224,0.11396712486318866,0.1360545321803414,0.25590016493687934,0.20981494127133232,0.1765620874435595
05077,181498861.57016686,130000.0,43378.55400233101,13054724.086399997,18032120.64847448,47242537.58253793,46018711.69091724,22276686.26591724,0.07192730562308836,0.09935115015310067,0.2602910958991008,0.2535482112273556,0.12273733329894826
05079,172507909.57928124,100000.0,42312.46249185216,13934670.0722,19295646.1755125,42988005.14394375,41009827.99655625,24739814.947624996,0.08077699223290338,0.11185368962253062,0.2491944007018838,0.2377272328936833,0.143412641240401
05081,324142051.94260734,140000.0,43119.46465682927,37922622.68077115,38481342.25449208,92089767.65976276,74713445.236133,49988530.010609284,0.11699383789760712,0.11871752530679233,0.2841031180862278,0.23049599639531426,0.15421797237052187
05083,324142051.94260734,140000.0,43119.46465682927,37922622.68077115,38481342.25449208,92089767.65976276,74713445.236133,49988530.010609284,0.11699383789760712,0.11871752530679233,0.2841031180862278,0.23049599639531426,0.15421797237052187
05085,2304546230.5011234,200000.0,56235.16082033229,375846565.15040874,298540747.09664613,363767703.7465174,294378076.3795435,609068914.141226,0.16308918440255413,0.12954426478644712,0.1578478656370526,0.12773797829845704,0.2642901696134705
05087,272954555.53518957,165000.0,38431.53472256383,30642110.17825639,42235786.546194844,46420324.45820099,36340096.9426051,60484939.15770253,0.11226084912990572,0.15473559861780642,0.17006612828711862,0.13313607047646472,0.22159344085358104
05089,341193194.41898715,165000.0,38431.53472256383,38302637.722820505,52794733.18274359,58025405.572751276,45425121.17825641,75606173.9471282,0.11226084912990572,0.15473559861780642,0.17006612828711862,0.13313607047646472,0.22159344085358104
05091,756331454.5327506,140000.0,43119.46465682927,88486119.58846603,89789798.59381488,214876124.53944647,174331372.2176437,116639903.35808836,0.11699383789760712,0.11871752530679235,0.2841031180862278,0.2304959963953143,0.15421797237052187
05093,635246015.4955841,130000.0,43378.55400233101,45691534.3024,63112422.2696607,165348881.53888276,161065490.9182104,77968401.93071036,0.07192730562308836,0.09935115015310067,0.2602910958991008,0.2535482112273556,0.12273733329894826
05095,210475526.1018145,150000.0,45780.88244720319,27112340.614723638,18053439.377090905,59178311.58050908,41388158.09274545,41083793.04269454,0.12881469459593337,0.0857745302337803,0.2811648113039158,0.19664119082769047,0.19519510797098968
05097,202013642.11997527,170000.0,45748.28043959583,32491636.8499647,23468203.880276468,46819283.13384706,33833616.39903529,37346596.55887647,0.16083882508621877,0.11617138146709308,0.2317629772054762,0.16748183956280344,0.1848716560275491
05099,163102568.48272517,100000.0,45999.6714782251,17695699.161346648,21872073.086906645,33144914.878125302,29294164.12690664,32889134.124213297,0.10849430101538142,0.13410011436590713,0.2032151620079227,0.17960578057977855,0.2016469417383621
05101,136477277.76759464,165000.0,38431.53472256383,15321055.089128178,21117893.2730974,23210162.22910047,18170048.47130253,30242469.578851234,0.11226084912990572,0.15473559861780642,0.17006612828711862,0.13313607047646472,0.22159344085358104
05103,434940182.6206007,100000.0,45999.6714782251,47188531.096924424,58325528.231751084,88386439.67500086,78117771.00508443,87704357.66456884,0.10849430101538143,0.13410011436590713,0.20321516200792272,0.17960578057977855,0.2016469417383621
05105,346246747.83179355,200038.23529411765,56552.19191008368,74263944.7913684,43078823.5726263,59281448.997015774,41354378.63212104,63075939.38237366,0.21448272151698525,0.12441654352679715,0.1712115691143319,0.11943615034966616,0.1821704890438882
05107,317623007.74779207,130000.0,43378.55400233101,22845767.1512,31556211.13483035,82674440.76944138,80532745.4591052,38984200.96535518,0.07192730562308836,0.09935115015310067,0.2602910958991008,0.2535482112273556,0.12273733329894826
05109,202013642.11997527,170000.0,45748.28043959583,32491636.8499647,23468203.880276468,46819283.13384706,33833616.39903529,37346596.55887647,0.16083882508621877,0.11617138146709308,0.2317629772054762,0.16748183956280344,0.1848716560275491
05111,824058939.8144104,180149.5327102804,47805.8975619814,169686428.1354133,72830885.96522665,127457590.20564263,108263758.28015997,159659547.44813862,0.20591540232987343,0.08838067575800972,0.15467047810238896,0.13137865879416644,0.19374772814684368
05113,378165727.2663753,140000.0,43119.46465682927,44243059.79423302,44894899.29690744,107438062.26972324,87165686.10882185,58319951.67904418,0.11699383789760712,0.11871752530679235,0.2841031180862278,0.2304959963953143,0.15421797237052187
05115,1275360370.0844297,170000.0,46038.993887909106,159480544.16738287,109976612.89543943,296292720.22847426,255601898.4128057,234744505.95573145,0.12504743593124595,0.0862317941462764,0.23232078334758,0.20041543112703486,0.18406131432497874
05117,210475526.1018145,150000.0,45780.88244720319,27112340.614723638,18053439.377090905,59178311.58050908,41388158.09274545,41083793.04269454,0.12881469459593337,0.0857745302337803,0.2811648113039158,0.19664119082769047,0.19519510797098968
05119,11286120190.75748,211971.6692189893,59078.2200935938,2589966603.2012,1761234370.9506,1206534956.33952,1169964132.01692,1865682532.1398597,0.22948245804808956,0.1560531290808797,0.10690431573886526,0.10366397949359395,0.1653076965871513
05121,259605040.20916846,132142.85714285722,39719.253397975604,29586440.032631416,35320442.29731713,66432972.6079714,54469016.26522855,45836407.81019998,0.11396712486318866,0.1360545321803414,0.25590016493687934,0.20981494127133232,0.1765620874435595
05123,317623007.74779207,130000.0,43378.55400233101,22845767.1512,31556211.13483035,82674440.76944138,80532745.4591052,38984200.96535518,0.07192730562308836,0.09935115015310067,0.2602910958991008,0.2535482112273556,0.12273733329894826
05125,3462467478.3179364,200038.23529411765,56552.19191008368,742639447.9136842,430788235.7262631,592814489.9701579,413543786.3212105,630759393.8237368,0.21448272151698528,0.12441654352679715,0.1712115691143319,0.11943615034966616,0.1821704890438882
05127,162071025.97130367,140000.0,43119.46465682927,18961311.340385575,19240671.12724604,46044883.82988138,37356722.6180665,24994265.005304642,0.11699383789760712,0.11871752530679233,0.2841031180862278,0.23049599639531426,0.15421797237052187
05129,204715916.65139225,165000.0,38431.53472256383,22981582.633692298,31676839.909646146,34815243.34365076,27255072.70695384,45363704.36827692,0.11226084912990571,0.15473559861780642,0.17006612828711862,0.13313607047646472,0.22159344085358104
05131,2824531676.5020285,189317.2323759791,49140.87390648449,471322015.9462666,362834369.91406274,490651111.682749,455433843.43615687,434883831.914994,0.16686731463035448,0.1284582406820114,0.17371060688205264,0.1612422502551565,0.15396670376646834
05133,216094701.29507142,140000.0,43119.46465682927,25281748.453847416,25654228.169661373,61393178.4398418,49808963.4907553,33325686.6737395,0.11699383789760712,0.11871752530679235,0.2841031180862278,0.23049599639531426,0.15421797237052187
05135,311526048.25100225,132142.85714285722,39719.253397975604,35503728.03915771,42384530.75678057,79719567.1295657,65362819.51827428,55003689.37224,0.11396712486318866,0.1360545321803414,0.25590016493687934,0.20981494127133232,0.1765620874435595
05137,223809485.04639998,150000.0,40713.44051366202,22465393.25176216,35376057.79148973,46109801.20598918,45036657.66137081,43155987.52549189,0.10037730638227711,0.1580632643167719,0.20602255170923492,0.20122765419005298,0.19282465851054004
05139,652410273.9309012,100000.0,45999.6714782251,70782796.64538665,87488292.34762664,132579659.5125013,117176656.50762665,131556536.49685328,0.10849430101538143,0.13410011436590713,0.2032151620079227,0.17960578057977855,0.2016469417383621
05141,335714227.5695998,150000.0,40713.44051366202,33698089.87764322,53064086.687234566,69164701.80898374,67554986.49205618,64733981.28823781,0.10037730638227711,0.1580632643167719,0.20602255170923495,0.20122765419005298,0.19282465851054004
05143,7752545604.79314,290000.0,56195.14907876381,1662197831.6957002,824053766.1004,917791360.5503,815125694.0467,1339565161.92626,0.21440671444332024,0.10629460413504888,0.11838580607418293,0.10514297310843744,0.17279036205837364
05145,1333011665.3114922,150000.0,45780.88244720319,171711490.5599164,114338449.38824244,374795973.3432243,262125001.2540546,260197355.93706548,0.12881469459593337,0.08577453023378032,0.2811648113039158,0.19664119082769047,0.19519510797098968
05147,140317017.40120968,150000.0,45780.88244720319,18074893.743149094,12035626.251393938,39452207.72033939,27592105.395163637,27389195.36179636,0.12881469459593337,0.08577453023378032,0.2811648113039158,0.19664119082769047,0.19519510797098968
05149,450127189.44156337,170000.0,46038.993887909106,56287250.8826057,38815275.139566846,104573901.25710855,90212434.73393142,82851002.10202284,0.12504743593124595,0.08623179414627638,0.23232078334758002,0.20041543112703486,0.18406131432497874
06001,84667752556.0715,985762.271062271,96669.49818117778,17500721455.03024,22941861983.41288,5567988397.20774,4834147884.36858,16943195029.152142,0.2066987835001328,0.2709633985881408,0.06576279904820104,0.05709550257835354,0.20011391016823618
06003,87591741.91748805,498655.737704918,63192.09563507196,11226496.760854185,8432326.24221013,22398813.743193455,13475051.831438242,19246756.291420247,0.12816843820082505,0.09626850725441025,0.25571832746851036,0.15383929508025793,0.21973254407419832
06005,875917419.1748847,498655.737704918,63192.09563507196,112264967.60854237,84323262.42210169,223988137.4319356,134750518.31438306,192467562.91420338,0.12816843820082505,0.09626850725441025,0.25571832746851036,0.15383929508025793,0.2197325440741983
06007,5198168621.40098,450000.0,53533.626032697706,891532563.1856799,569224365.21492,703015916.2585201,478698405.3927199,833664507.4069,0.1715089732786312,0.1095047903739425,0.1352429994987441,0.09208981859917117,0.1603765803161298
06009,1226284386.8448384,498655.737704918,63192.09563507196,157170954.6519593,118052567.39094236,313583392.4047098,188650725.64013624,269454588.0798847,0.12816843820082505,0.09626850725441026,0.25571832746851036,0.15383929508025793,0.21973254407419832
06011,486462967.82169,396206.18556701037,50075.643429304204,48283442.169824995,57435715.789706245,134347041.79788747,97533578.563275,132492133.93468125,0.09925409612581855,0.11806801254963965,0.27617115933711023,0.2004953820020794,0.27235810883603667
06013,53407792406.922745,874578.4313725489,93426.99181138232,11942322399.44618,10956447259.829401,5004679336.5999,3943446534.2083,11026106234.9866,0.2236063664353633,0.20514697885938496,0.09370691262556644,0.07383653876128286,0.20645126372153497
06015,536749578.83851606,400000.0,54711.18778041262,98931824.56111999,70863352.16096002,80161825.29924,71555076.77263601,118318532.30023599,0.1843165387762403,0.13202311646765097,0.14934678751440084,0.13331184521369457,0.22043525875934175
06017,7290186198.77202,700000.0,81074.13477282051,1885176664.4516,983734447.477,853303380.6891,475101658.03569996,1482734372.0712,0.2585910171634772,0.13493955032900298,0.1170482285943304,0.06517003065240329,0.20338772311754613
06019,24076300511.15598,402857.14285714284,51137.09437095463,3320436161.3348,2938211216.7498,4394007925.00572,3966684530.32446,4396474261.38988,0.13791305519700772,0.12203748725383921,0.18250345076768398,0.16475473582357306,0.1826058891129363
06021,648617290.42892,396206.18556701037,50075.643429304204,64377922.89309999,76580954.386275,179129389.06385,130044771.4177,176656178.579575,0.09925409612581855,0.11806801254963965,0.27617115933711023,0.2004953820020794,0.27235810883603667
06023,3170242370.2180605,500000.0,50357.27694731253,407955437.9172,379331144.6938,567249569.0441,509728924.219,525428277.9973999,0.12868272840891323,0.11965367325139505,0.17892940122590142,0.16078547463988976,0.16573757354749477
06025,3269019462.53232,350000.0,48988.75262299296,306769499.83879995,195247994.1318,862962997.6885201,794177239.69832,645731605.901,0.09384144186194701,0.059726776291675145,0.26398221472197436,0.24294050518840193,0.1975306703744092
06027,525550451.50493085,498655.737704918,63192.09563507196,67358980.56512544,50593957.453261025,134392882.45916137,80850310.98862985,115480537.74852204,0.12816843820082505,0.09626850725441026,0.25571832746851036,0.15383929508025793,0.21973254407419832
06029,20368331086.98269,368459.1535257098,51288.41773355459,2190324875.7909,2437048027.8873,4755331751.46308,4061087941.39462,4757107819.107268,0.10753580479604082,0.11964888126964937,0.2334669311469604,0.19938245917408734,0.23355412865158673
06031,2856839213.38938,375000.0,44517.081892812974,185862923.1346,323067922.394,949656110.1752602,659603218.7849,713705317.8041999,0.06505893725607699,0.11308579106582245,0.33241496606614396,0.2308856640210916,0.249823411292879
06033,1459604868.3028493,450000.0,47816.49443964807,163294947.45125335,132539943.16929331,341502607.6231093,282465535.1232027,341115973.77293336,0.11187613236801822,0.09080535838675552,0.2339692166279154,0.19352191901883592,0.23370432723314005
06035,536749578.83851606,400000.0,54711.18778041262,98931824.56111999,70863352.16096002,80161825.29924,71555076.77263601,118318532.30023599,0.1843165387762403,0.13202311646765097,0.14934678751440084,0.13331184521369457,0.22043525875934175
06037,332789948015.3443,833149.8711028899,68145.14480763825,77165706204.33835,53454596184.38724,35591328143.98634,32029141305.30618,66255425900.4451,0.2318751112061245,0.16062563338578528,0.10694832688379546,0.09624431716257661,0.19909082679802032
06039,3291743020.0608597,440715.1898734178,50793.01649607079,367902653.7692,436210665.6246,750286745.114,693730727.43978,823103921.9605201,0.11176530231159966,0.1325166220346493,0.22792992665026696,0.2107487501946473,0.25005108750722044
06041,14119017430.8517,1200000.0,114878.72176495893,5324962302.84438,2496321213.95922,703738917.6434,468588722.17219996,2814110418.7853403,0.37714822075427973,0.1768055904870878,0.04984333513928868,0.033188479613905635,0.19931347436657884
06043,525550451.50493085,498655.737704918,63192.09563507196,67358980.56512544,50593957.453261025,134392882.45916137,80850310.98862985,115480537.74852204,0.12816843820082505,0.09626850725441026,0.25571832746851036,0.15383929508025793,0.21973254407419832
06045,1668119849.4889708,450000.0,47816.49443964807,186622797.0871467,151474220.76490667,390288694.4264107,322817754.42651737,389846827.1690667,0.1118761323680182,0.09080535838675552,0.23396921662791542,0.19352191901883592,0.23370432723314002
06047,6090701158.4265995,425000.0,49820.03174197286,687583329.5600001,550623626.3314,1714163632.6978002,1476042296.69992,1368775606.6334,0.11289066918161231,0.09040398010163442,0.281439457972129,0.24234357560915423,0.22473202526767763
06049,238555368.37267354,400000.0,54711.18778041262,43969699.80494217,31494823.18264886,35627477.91077329,31802256.343393747,52586014.35566039,0.1843165387762403,0.13202311646765097,0.14934678751440084,0.13331184521369457,0.22043525875934175
06051,350366967.66995376,498655.737704918,63192.09563507196,44905987.04341694,33729304.968840666,89595254.97277422,53900207.325753205,76987025.16568133,0.12816843820082505,0.09626850725441025,0.25571832746851036,0.15383929508025793,0.21973254407419832
06053,12898700840.208887,726042.7574171029,60722.55613722899,2250594895.58732,1459880326.43384,2605523232.6157436,1881080993.5318837,2540440151.9418,0.17448229271056362,0.11318041595964312,0.2019988884844583,0.14583491910038132,0.1969531802786318
06055,5222963064.67184,800000.0,78089.87298414927,1007685881.8992001,709737251.7964,904514697.5904801,853847161.00476,945912776.5202,0.19293375607329002,0.13588785580297666,0.1731803741268293,0.16347945609268968,0.18110654140335797
06057,2889133574.683565,644409.4488188977,68201.54342449091,504972370.541985,638293840.715748,332952156.9559851,212843285.11891848,643073529.8993776,0.1747833243041705,0.22092915547722908,0.11524290876459459,0.07367028197795608,0.2225835231483926
06059,124913099177.68336,877407.6315028362,77208.94930624226,32362279231.28014,23843850998.47642,10424912915.21194,8193412123.6587,23676122547.86322,0.25907834682130676,0.19088351146071236,0.08345732340195132,0.06559289760318839,0.18954075035945575
06061,17149921470.590542,700000.0,82753.11083854554,4068179718.7978,2984609837.7611,1578751659.745,1088229618.6412401,3313873472.9929,0.23721273160195502,0.17403052503063896,0.09205591188579577,0.06345391263204239,0.1932296587290898
06063,417471894.652179,400000.0,54711.18778041262,76946974.65864885,55115940.56963555,62348086.34385331,55653948.600939095,92025525.12240574,0.18431653877624027,0.13202311646765097,0.14934678751440084,0.13331184521369457,0.22043525875934175
06065,68097481790.090096,573185.7487946816,58365.67244971503,10357656872.614481,8977094210.57588,12422432684.3412,10673646138.80196,13696587002.790731,0.1521004389639821,0.1318271098224703,0.18242132245995882,0.1567406878818718,0.2011320630770216
06067,50452618551.64074,548864.2696299247,64959.502730010165,9930701738.03,9136787737.87928,5750513622.31394,5008547897.6509,10505744390.51912,0.19683223632615696,0.18109640292559498,0.11397849680345147,0.09927230818603408,0.20822991337438657
06069,1751285286.283512,628128.2722513089,59401.04219071419,227002941.66815996,161175926.86576,550032277.344896,352431765.818456,372266394.7128,0.12962076678545845,0.09203293611162536,0.3140734874282798,0.20124177858329903,0.21256753404398473
06071,57414893934.00552,535223.2153898035,54522.407425657075,7581258903.8226,6964612790.50266,12711772259.767681,10495321327.85576,11073281229.15008,0.13204341912634615,0.12130324229995101,0.2214019984845568,0.18279788759898105,0.1928642634414348
06073,130504776083.77724,819987.3443372847,75430.85086238658,26523714386.35648,22575013358.32798,11157116347.217781,9086349766.16162,24650813493.45856,0.20323941530944156,0.17298227724505655,0.08549201555700534,0.06962465312632435,0.18888820955973312
06075,59152153258.49704,1176403.06122449,121659.99966434484,16496818780.135078,15053737683.888401,1703257797.6759,1727780569.9853,11999857602.988321,0.2788878827122892,0.2544917953891387,0.028794518945618127,0.02920909002982253,0.20286425669998032
06077,22895158536.71476,553036.3636363636,60486.30069113603,2882440941.59818,4212124904.4828997,4093976399.23856,4154981297.8045597,4724698538.8014,0.12589740040349084,0.1839744807937591,0.1788140664181663,0.18147859911699746,0.20636234211808827
06079,9154364952.05706,775000.0,62866.173671937504,1601172287.8902001,1416061575.33118,838784373.8752,771193837.61712,1823966985.5001202,0.17490806803921485,0.15468703539211417,0.09162671340590571,0.08424329176911682,0.19924560524433318
06081,47245753820.46518,1379402.5157232704,123587.87079837466,12323520169.451,9873977265.39664,2195673573.0743003,2002816644.31272,8740876294.29364,0.26083868227144025,0.2089918451278808,0.04647345836448931,0.042391463409039126,0.18500871692108348
06083,13188950105.039299,803333.3333333334,58377.86155048869,2899390112.2976,1674142759.4632,1914164283.3046598,1579865350.62266,2535276537.95612,0.21983479270194423,0.12693525611439954,0.14513393924913603,0.11978704430908546,0.19222732042844176
06085,123736734540.20894,1269578.197597966,119753.82012686567,19436530543.86764,40752422615.223305,5341605128.77516,4651433579.4541,20637550743.83192,0.15707971134111054,0.3293478106291918,0.04316911342960465,0.03759137168714106,0.16678596554627545
06087,9850642690.34034,862934.7826086957,73439.00248707744,2279365081.83652,1704229653.2094002,1196511932.1490002,784751214.66306,1773377391.0655,0.23139252467980526,0.17300695059019738,0.12146536726200761,0.07966497611699962,0.18002656748523582
06089,4807694348.87078,400000.0,59792.73124979206,838250656.2021999,545601633.5911,1003321937.052,665956436.9585199,1068117240.4191201,0.17435606246455462,0.113485091605137,0.20869087430394945,0.1385188800770869,0.22216829168226906
06091,111120522.10321397,644409.4488188977,68201.54342449091,19422014.251614794,24549763.104451828,12805852.190614803,8186280.196881474,24733597.303822197,0.1747833243041705,0.22092915547722908,0.11524290876459459,0.07367028197795608,0.2225835231483926
06093,954221473.4906951,400000.0,54711.18778041262,175878799.21976885,125979292.73059556,142509911.64309332,127209025.3735751,210344057.42264175,0.1843165387762403,0.13202311646765097,0.14934678751440084,0.13331184521369457,0.22043525875934175
06095,14962478558.08686,609571.3651169678,67107.31000139123,2075548405.9412,2219406351.47104,2476347724.67424,1900419518.8503199,3113407126.954,0.13871688423034806,0.14833146412574164,0.1655038445041469,0.12701234701674402,0.208080975011408
06097,18320396633.965923,750031.4349112426,72576.5852697877,3795893845.25128,2575646310.6406803,2502588823.20638,1947501492.19148,3387548482.4798,0.20719495986313483,0.140589003726341,0.13660123594521925,0.10630236512351604,0.18490584839191213
06099,14556592231.95066,474150.73529411765,57549.63805119539,1591231681.5348,1290187437.9527,3958673657.4442797,3123852802.5266,2801539282.67188,0.10931347503450446,0.08863251902604184,0.27195057705575343,0.21460055710497752,0.19245845717397406
06101,2253702361.473129,450000.0,52613.87918624782,279141293.542965,306076140.430011,523390250.5555815,427041303.4812015,433422597.90614396,0.12385898791023352,0.13581036505190722,0.2322357466109537,0.1894843395389916,0.19231581122488509
06103,1135080258.25061,396206.18556701037,50075.643429304204,112661365.062925,134016670.17598125,313476430.8617375,227578349.980975,309148312.5142563,0.09925409612581855,0.11806801254963965,0.27617115933711023,0.2004953820020794,0.27235810883603667
06105,324308645.21446,396206.18556701037,50075.643429304204,32188961.446549997,38290477.1931375,89564694.531925,65022385.70885,88328089.2897875,0.09925409612581855,0.11806801254963965,0.27617115933711023,0.2004953820020794,0.27235810883603667
06107,10119180224.39842,365895.75530586764,48467.512828754865,1215395546.4968,930008479.2334399,2486546085.5704,2179161000.7632,2394054260.55506,0.12010810357605371,0.0919055159222375,0.24572604009710916,0.21534955919739535,0.2365857912860115
06109,1576651354.5147924,498655.737704918,63192.09563507196,202076941.69537628,151781872.35978305,403178647.37748414,242550932.9658895,346441613.2455661,0.12816843820082505,0.09626850725441026,0.25571832746851036,0.15383929508025793,0.21973254407419834
06111,30018194239.432602,761277.8618379916,72964.65802857728,5701264265.851761,4594836148.95872,3672017229.09984,3031991467.83282,7086717627.10262,0.18992695631113102,0.15306837287776745,0.12232638645119408,0.10100512521335894,0.236080743917412
06113,7474642431.75094,585544.5544554456,64762.34276697021,1543883328.5306,986871810.2184,725867229.58764,481797831.86933994,1228553802.6361,0.20654945606126396,0.13202930029486704,0.09711062919936962,0.06445764279275075,0.16436288609839367
06115,2039064041.3328307,450000.0,52613.87918624782,252556408.443635,276926031.817629,473543560.02647847,386370703.1496585,392144255.24841595,0.12385898791023353,0.13581036505190722,0.2322357466109537,0.1894843395389916,0.19231581122488509
08001,19364810162.106644,493382.1029082774,63131.59576567788,3455876870.130657,3295393821.2912703,3078615746.385171,2776012333.5838594,4437393897.028683,0.17846169630380213,0.17017434169015233,0.15897990843253673,0.14335344939327124,0.2291472965591908
08003,292197097.11112094,250000.0,46973.05055513411,40882376.67636841,34724434.29752629,48030418.595026284,39328943.80712365,71996118.22039996,0.13991369894007216,0.11883908033597193,0.16437678221272878,0.13459731186914248,0.24639573401723508
08005,27173311914.282276,537113.8578559543,71151.7489805247,6599845321.264723,5294353821.261957,2878600384.433137,2183848682.343222,5627691511.570768,0.24287968069861401,0.1948365307093556,0.10593483759041335,0.08036740936224976,0.20710362908000393
08007,559313835.8399527,500000.0,62188.66025232481,69597591.1778529,58368350.053441145,76450785.17668818,70757871.62924702,129661963.3987764,0.12443388079848645,0.1043570645195754,0.13668674057003755,0.1265083520113283,0.23182327182029355
08009,116878838.84444839,250000.0,46973.05055513411,16352950.670547364,13889773.719010519,19212167.438010518,15731577.522849463,28798447.288159985,0.13991369894007216,0.11883908033597193,0.16437678221272878,0.13459731186914248,0.24639573401723505
08011,116878838.84444839,250000.0,46973.05055513411,16352950.670547364,13889773.719010519,19212167.438010518,15731577.522849463,28798447.288159985,0.13991369894007216,0.11883908033597193,0.16437678221272878,0.13459731186914248,0.24639573401723505
08013,13906244596.856655,703735.0,79845.30708683407,3268453478.304386,2837693151.28676,833495114.3071479,751552936.7890391,3066724234.1528773,0.23503494818746262,0.20405891263613954,0.05993675060882719,0.0540442771270483,0.22052856993800288
08014,4131758190.121899,650000.0,87567.88118081752,968310604.3383828,1083294705.970182,180378573.5583319,152957582.72333616,1023481452.146553,0.23435800445761681,0.262187344012555,0.04365661426885444,0.037019974472132275,0.24771087877152784
08015,507185528.3716924,400000.0,59170.24357619172,106074113.71531574,83163467.65812628,63883998.08081682,45525647.455443144,119519484.90401047,0.20914262687238783,0.16397050587212278,0.12595784876968974,0.08976132974772012,0.23565239585546743
08017,88046874.50322261,378969.69696969696,59004.09977213721,14492445.614545934,9967743.444651343,15898929.937808093,12106171.70338053,14865511.498741606,0.1645992057789115,0.11320950914943054,0.18057347324948114,0.1374968932365388,0.16883633385756938
08019,690133465.3806423,750000.0,97396.43999778132,219755535.46016967,112427951.74612361,25286283.160703026,27839082.08593939,190272117.89797813,0.3184246909964926,0.16290754960580575,0.036639700042304726,0.04033869314044172,0.2757033638312754
08021,116878838.84444839,250000.0,46973.05055513411,16352950.670547364,13889773.719010519,19212167.438010518,15731577.522849463,28798447.288159985,0.13991369894007216,0.11883908033597193,0.16437678221272878,0.13459731186914248,0.24639573401723505
08023,116878838.84444839,250000.0,46973.05055513411,16352950.670547364,13889773.719010519,19212167.438010518,15731577.522849463,28798447.288159985,0.13991369894007216,0.11883908033597193,0.16437678221272878,0.13459731186914248,0.24639573401723505
08025,176093749.00644523,378969.69696969696,59004.09977213721,28984891.229091868,19935486.889302686,31797859.875616185,24212343.40676106,29731022.997483213,0.1645992057789115,0.11320950914943054,0.18057347324948114,0.1374968932365388,0.16883633385756938
08027,169061842.79056412,400000.0,59170.24357619172,35358037.90510525,27721155.886042092,21294666.026938938,15175215.818481047,39839828.30133682,0.20914262687238785,0.16397050587212278,0.12595784876968974,0.08976132974772012,0.23565239585546743
08029,725447458.34391,400000.0,53870.927519152116,105445637.2101,69699368.46036,154064793.91335,118085662.15482001,148287063.06519002,0.14535254896449276,0.0960777622951129,0.212372091377999,0.1627763124629208,0.20440772292966275
08031,38013205851.72023,581724.6376811594,82933.13639753562,10939061609.260626,7288771046.61694,2544985527.026286,2078938586.207445,7152259518.40355,0.2877700358115309,0.19174312934953622,0.06695003670444483,0.054689904195843186,0.1881519687211513
08033,111862767.1679904,500000.0,62188.66025232481,13919518.235570563,11673670.010688215,15290157.035337618,14151574.325849386,25932392.679755248,0.12443388079848647,0.10435706451957541,0.13668674057003755,0.1265083520113283,0.23182327182029355
08035,21340837207.937714,683333.3333333334,95097.03531359434,6313416220.49891,4185232683.8736477,1102289331.6095097,734046629.1220968,4663864529.211546,0.2958373262952701,0.19611380018010505,0.05165164425693261,0.034396337030726636,0.21854177902059174
08037,2031228867.348277,675000.0,77410.7879739431,340690450.16827315,363202919.47886837,218570853.43430245,156507690.21104392,378055377.0610731,0.16772627429868933,0.1788094514199286,0.1076052319597258,0.07705074141416725,0.18612150661024024
08039,616328121.5225589,378969.69696969696,59004.09977213721,101447119.30182165,69774204.11255947,111292509.56465676,84743201.9236638,104058580.49119136,0.1645992057789115,0.11320950914943054,0.18057347324948114,0.1374968932365388,0.16883633385756938
08041,26041196101.194145,465252.306805075,62811.16599110779,4615640377.017451,5004411723.6716385,2614906243.4131565,1817152967.3386497,6230321368.054923,0.1772437932221476,0.19217288269804766,0.10041421420321194,0.06977993484927993,0.2392486636882714
08043,1267963820.9292314,400000.0,59170.24357619172,265185284.28828946,207908669.14531577,159709995.2020421,113814118.63860789,298798712.2600263,0.20914262687238785,0.16397050587212278,0.12595784876968974,0.08976132974772012,0.23565239585546743
08045,1858758637.3092854,475000.0,69224.19496360909,527896589.33357126,203241424.51545423,268253515.27718568,236703241.80514282,414944461.0140685,0.2840049152899956,0.10934255821921228,0.1443186381990434,0.1273447972501644,0.22323740838925524
08047,345066732.69032115,750000.0,97396.43999778132,109877767.73008484,56213975.873061806,12643141.580351513,13919541.042969694,95136058.94898906,0.3184246909964926,0.16290754960580575,0.036639700042304726,0.04033869314044172,0.2757033638312754
08049,761710825.2556037,675000.0,77410.7879739431,127758918.8131024,136201094.8045756,81964070.03786339,58690383.82914145,141770766.3979024,0.16772627429868933,0.1788094514199286,0.10760523195972578,0.07705074141416725,0.18612150661024027
08051,671176603.0079435,500000.0,62188.66025232481,83517109.41342352,70042020.0641294,91740942.21202585,84909445.95509645,155594356.07853174,0.12443388079848648,0.10435706451957538,0.13668674057003755,0.1265083520113283,0.23182327182029355
08053,111862767.1679904,500000.0,62188.66025232481,13919518.235570563,11673670.010688215,15290157.035337618,14151574.325849386,25932392.679755248,0.12443388079848647,0.10435706451957541,0.13668674057003755,0.1265083520113283,0.23182327182029355
08055,253592764.1858462,400000.0,59170.24357619172,53037056.85765787,41581733.82906314,31941999.04040841,22762823.727721572,59759742.45200524,0.20914262687238783,0.16397050587212278,0.12595784876968974,0.08976132974772012,0.23565239585546743
08057,126951804.2092672,675000.0,77410.7879739431,21293153.135517053,22700182.46742925,13660678.33964389,9781730.638190236,23628461.066317048,0.16772627429868933,0.1788094514199286,0.1076052319597258,0.07705074141416725,0.18612150661024024
08059,25185231674.26948,605374.503968254,80590.90911724721,6782545570.876339,5139880444.075618,2076635123.8767822,1631951405.7308323,5554079565.253216,0.26930645938054776,0.20408311150565203,0.08245447771673185,0.06479795091176856,0.22052922272410727
08061,88046874.50322261,378969.69696969696,59004.09977213721,14492445.614545934,9967743.444651343,15898929.937808093,12106171.70338053,14865511.498741606,0.1645992057789115,0.11320950914943054,0.18057347324948114,0.1374968932365388,0.16883633385756938
08063,176093749.00644523,378969.69696969696,59004.09977213721,28984891.229091868,19935486.889302686,31797859.875616185,24212343.40676106,29731022.997483213,0.1645992057789115,0.11320950914943054,0.18057347324948114,0.1374968932365388,0.16883633385756938
08065,253592764.1858462,400000.0,59170.24357619172,53037056.85765787,41581733.82906314,31941999.04040841,22762823.727721572,59759742.45200524,0.20914262687238783,0.16397050587212278,0.12595784876968974,0.08976132974772012,0.23565239585546743
08067,1342353206.015887,500000.0,62188.66025232481,167034218.82684705,140084040.1282588,183481884.4240517,169818891.9101929,311188712.1570635,0.12443388079848648,0.10435706451957538,0.13668674057003755,0.1265083520113283,0.23182327182029355
08069,13436942944.46254,538194.4724405921,63492.89477815992,2494701515.9077997,2187006344.7009,1343696789.2068,1094126164.11712,2481469293.7376,0.18565990242117417,0.1627607078291704,0.10000018566429554,0.08142671801460742,0.18467513808713693
08071,350636516.53334516,250000.0,46973.05055513411,49058852.01164209,41669321.15703156,57636502.31403155,47194732.56854839,86395341.86447996,0.13991369894007216,0.11883908033597194,0.16437678221272878,0.13459731186914248,0.24639573401723505
08073,176093749.00644523,378969.69696969696,59004.09977213721,28984891.229091868,19935486.889302686,31797859.875616185,24212343.40676106,29731022.997483213,0.1645992057789115,0.11320950914943054,0.18057347324948114,0.1374968932365388,0.16883633385756938
08075,616328121.5225589,378969.69696969696,59004.09977213721,101447119.30182165,69774204.11255947,111292509.56465676,84743201.9236638,104058580.49119136,0.1645992057789115,0.11320950914943054,0.18057347324948114,0.1374968932365388,0.16883633385756938
08077,3987224764.56805,397500.0,52779.41607334107,739576555.5963001,522192674.50152004,705073808.24393,484242707.3996,731306047.1646501,0.18548654747744603,0.13096645043487812,0.17683322357682865,0.12144856033769637,0.1834122956055313
08079,58439419.422224194,250000.0,46973.05055513411,8176475.335273682,6944886.859505259,9606083.719005259,7865788.761424731,14399223.644079993,0.13991369894007216,0.11883908033597193,0.16437678221272878,0.13459731186914248,0.24639573401723505
08081,619586212.4364283,475000.0,69224.19496360909,175965529.77785704,67747141.50515139,89417838.42572853,78901080.60171425,138314820.3380228,0.2840049152899956,0.10934255821921228,0.1443186381990434,0.1273447972501644,0.22323740838925524
08083,894902137.3439246,500000.0,62188.66025232481,111356145.88456468,93389360.08550587,122321256.28270113,113212594.60679528,207459141.4380423,0.12443388079848647,0.10435706451957541,0.13668674057003755,0.1265083520113283,0.23182327182029355
08085,967263277.7918801,400000.0,53870.927519152116,140594182.94680002,92932491.28048001,205419725.21780002,157447549.53976002,197716084.08692005,0.14535254896449276,0.09607776229511289,0.21237209137799903,0.1627763124629208,0.20440772292966275
08087,704374996.0257815,378969.69696969696,59004.09977213721,115939564.91636758,79741947.5572108,127191439.50246485,96849373.62704432,118924091.98993295,0.1645992057789115,0.11320950914943052,0.18057347324948114,0.1374968932365388,0.16883633385756938
08089,409075935.9555694,250000.0,46973.05055513411,57235327.346915774,48614208.01653682,67242586.03303681,55060521.329973124,100794565.50855996,0.13991369894007216,0.11883908033597193,0.16437678221272878,0.13459731186914248,0.24639573401723505
08091,161210546.2986465,400000.0,53870.927519152116,23432363.824466646,15488748.546746653,34236620.8696333,26241258.256626643,32952680.681153305,0.14535254896449276,0.0960777622951129,0.21237209137799903,0.1627763124629208,0.20440772292966275
08093,507185528.3716924,400000.0,59170.24357619172,106074113.71531574,83163467.65812628,63883998.08081682,45525647.455443144,119519484.90401047,0.20914262687238783,0.16397050587212278,0.12595784876968974,0.08976132974772012,0.23565239585546743
08095,176093749.00644523,378969.69696969696,59004.09977213721,28984891.229091868,19935486.889302686,31797859.875616185,24212343.40676106,29731022.997483213,0.1645992057789115,0.11320950914943054,0.18057347324948114,0.1374968932365388,0.16883633385756938
08097,761710825.2556037,675000.0,77410.7879739431,127758918.8131024,136201094.8045756,81964070.03786339,58690383.82914145,141770766.3979024,0.16772627429868933,0.1788094514199286,0.10760523195972578,0.07705074141416725,0.18612150661024027
08099,292197097.11112094,250000.0,46973.05055513411,40882376.67636841,34724434.29752629,48030418.595026284,39328943.80712365,71996118.22039996,0.13991369894007216,0.11883908033597193,0.16437678221272878,0.13459731186914248,0.24639573401723508
08101,4007412182.2662067,364392.6056338028,54921.03395235093,606101205.377458,529946964.2134632,829678600.3706883,562086234.8892816,799188875.7455052,0.15124503739835055,0.13224169117382284,0.20703600294529773,0.1402616474982665,0.19942767037593845
08103,309793106.21821415,475000.0,69224.19496360909,87982764.88892852,33873570.752575696,44708919.212864265,39450540.30085713,69157410.1690114,0.2840049152899956,0.10934255821921228,0.1443186381990434,0.1273447972501644,0.22323740838925524
08105,233757677.68889678,250000.0,46973.05055513411,32705901.34109473,27779547.438021038,38424334.876021035,31463155.045698926,57596894.57631997,0.13991369894007216,0.11883908033597193,0.16437678221272878,0.13459731186914248,0.24639573401723505
08107,1548965531.0910714,475000.0,69224.19496360909,439913824.4446428,169367853.76287854,223544596.06432143,197252701.5042857,345787050.84505713,0.2840049152899956,0.10934255821921228,0.1443186381990434,0.1273447972501644,0.22323740838925524
08109,116878838.84444839,250000.0,46973.05055513411,16352950.670547364,13889773.719010519,19212167.438010518,15731577.522849463,28798447.288159985,0.13991369894007216,0.11883908033597193,0.16437678221272878,0.13459731186914248,0.24639573401723505
08111,111862767.1679904,500000.0,62188.66025232481,13919518.235570563,11673670.010688215,15290157.035337618,14151574.325849386,25932392.679755248,0.12443388079848647,0.10435706451957541,0.13668674057003755,0.1265083520113283,0.23182327182029355
08113,322421092.59729326,400000.0,53870.927519152116,46864727.64893332,30977497.093493327,68473241.73926665,52482516.513253324,65905361.362306654,0.14535254896449276,0.0960777622951129,0.21237209137799903,0.1627763124629208,0.20440772292966275
08115,88046874.50322261,378969.69696969696,59004.09977213721,14492445.614545934,9967743.444651343,15898929.937808093,12106171.70338053,14865511.498741606,0.1645992057789115,0.11320950914943054,0.18057347324948114,0.1374968932365388,0.16883633385756938
08117,1523421650.5112076,675000.0,77410.7879739431,255517837.62620485,272402189.60915124,163928140.0757268,117380767.65828292,283541532.7958048,0.16772627429868933,0.17880945141992863,0.1076052319597258,0.07705074141416725,0.18612150661024024
08119,1005384932.4281156,450000.0,55038.212873416895,117824528.08766893,139260989.49218205,162598524.3147034,132542160.5623503,224167455.39409652,0.11719344928226613,0.1385150950649831,0.16172763194492085,0.13183225278923402,0.22296679427322166
08121,176093749.00644523,378969.69696969696,59004.09977213721,28984891.229091868,19935486.889302686,31797859.875616185,24212343.40676106,29731022.997483213,0.1645992057789115,0.11320950914943054,0.18057347324948114,0.1374968932365388,0.16883633385756938
08123,11886075958.412659,471666.6666666667,61472.93351487599,2046065576.6100001,2002521860.8782,2070760922.7312598,1558269053.75636,2574760380.08422,0.17213970226749625,0.16847627996696982,0.17421737249336933,0.13110037822477966,0.21661988271763238
08125,176093749.00644523,378969.69696969696,59004.09977213721,28984891.229091868,19935486.889302686,31797859.875616185,24212343.40676106,29731022.997483213,0.1645992057789115,0.11320950914943054,0.18057347324948114,0.1374968932365388,0.16883633385756938
09001,49938576095.35385,510714.28571428574,97004.34364638722,18204701951.257294,8929579682.065111,2780055798.3174467,2242397149.918233,10069336893.785725,0.3645418707272875,0.17881125935618927,0.05566950473335774,0.044903105479750745,0.20163444136971595
09003,33815104968.869717,316168.31907900714,69011.72842153528,8145952206.09223,5627423134.461998,3045844724.442571,2470436266.28821,7439647048.435784,0.2408968481272324,0.16641743799531658,0.09007349606770657,0.0730571816518831,0.22000958019455344
09005,7173397648.292243,350000.0,71874.81156596988,1634824061.8398008,1105561335.9196668,790681324.5976197,529395365.1134527,1807489581.670691,0.2279009392751286,0.15411962226614687,0.11022410346732356,0.07379980743706363,0.2519711955604464
09007,6481739377.565061,375000.0,73602.3029598626,1532786396.187578,978684577.7161868,584527097.0385778,494904367.86050004,1625482687.5768542,0.2364776346134711,0.15099104124791898,0.09018059242890479,0.07635363581162939,0.2507787791041184
09009,28353155759.37699,322421.888053467,62432.77417972927,4906245367.361248,4006003154.1947756,2932993932.1170697,2514313962.4785576,5528228749.972691,0.17304053943761263,0.14128949836103888,0.10344506117796311,0.08867845201488798,0.194977546657902
09011,9045671283.882536,336029.4117647059,65209.119824266556,1252254351.6125498,1280034885.3100054,1198784478.8251538,1041174008.3398099,1707674750.047891,0.13843686248513154,0.14150800367804162,0.13252576190350107,0.11510190627808471,0.18878363987099603
09013,5651936486.669441,307705.0924635257,63156.833938615164,1289343999.446982,1104187192.2242396,615664652.7550201,406581317.6347508,1053352529.1262481,0.22812429023008418,0.19536440206441744,0.10892986044820498,0.0719366395205796,0.1863701992424485
09015,4177368519.529601,309558.8235294118,61662.06093806328,552097136.3171964,583211075.3322974,680021190.4963614,543762085.5614465,900113629.3011163,0.13216385715937892,0.13961207219466737,0.1627869763745278,0.13016856976331065,0.21547383839682763
10001,4916917463.39376,319506.57894736837,48324.46302034202,864313818.2578,438581656.6854,693872838.0538,567154702.8942,1017263845.702,0.17578367436357828,0.08919849884620226,0.14111948049151804,0.11534761506912461,0.20689056777452253
10003,21030806241.07576,340914.0944326991,67073.51697629667,5121954339.2122,3690076807.82896,1847018460.79818,1459106155.44054,4085228557.5769,0.24354531540537858,0.17546054894565974,0.087824424780764,0.06937946832445852,0.194249735875458
10005,6776545404.37738,362500.0,55934.1522805392,1083841246.14276,915135872.9916,1050684960.9202199,881866767.9071801,1110202678.38444,0.1599400847285169,0.13504460139829633,0.15504728415772423,0.13013515224697367,0.1638301836902462
11001,43995827391.47304,741666.6666666666,107331.8321949676,19611890841.15416,9538484171.28124,627369373.0584,874718203.3514,9912352646.77442,0.44576706483204354,0.21680429115261787,0.014259747122746289,0.01988184460240272,0.2253021078243334
12001,8565728046.55594,325000.0,58538.8283881604,1650563856.9182,1163878282.4387999,772746380.0178801,805866747.62128,1108658210.56624,0.1926939365745857,0.13587616558837232,0.09021374199809923,0.09408035642052615,0.12942953646678093
12003,535543565.6540112,346762.82051282056,60832.53484102361,113227028.24011423,74934605.04199424,84038825.04637139,59005012.05719997,122703229.58197136,0.21142449559979354,0.1399225195628732,0.15692248107535814,0.11017780035344549,0.22911904362463015
12005,5372591349.54434,325000.0,55068.48311375679,1097521016.3246,754332396.4416,686601125.9188,488715128.96199995,1014961243.90864,0.20428149935834647,0.14040382887218406,0.12779701288411446,0.09096450803083113,0.18891465549389325
12007,447192913.95443743,200000.0,42918.013247935705,62773163.6003234,53542006.41564,115323735.1815702,97918949.04626808,97878546.19868425,0.14037155250344394,0.11972910291037206,0.2578836372020869,0.2189635523970861,0.2188732047052442
12009,18076785623.77464,350000.0,60295.94396479217,3355019985.85612,3671491555.42386,1935462289.59452,1678069545.18718,3481630368.1583,0.18559826153182835,0.203105332542922,0.10706894078828896,0.0928300849560432,0.19260229338446377
12011,64094348539.03582,418431.7898303007,62071.18101883557,15502472547.01774,10146962171.45986,6455334014.0662,5567449418.82186,11786620315.69832,0.24186957041268878,0.15831289969785692,0.10071611867830538,0.08686334358217368,0.18389484540153855
12013,260124417.60858566,210000.0,49424.64459263996,38882584.843593195,32765200.364135575,45495555.29485422,29385520.312492188,50890647.55924066,0.1494768741860312,0.12595972598557825,0.1748992105897274,0.11296717387257801,0.19563964055007255
12015,4562436896.6319,350000.0,58364.080446091946,872249542.4662,707682148.19272,577156072.5224,515148325.0757,646769781.0804,0.19118062610578032,0.15511056135705634,0.12650171073017372,0.11291078358935656,0.14175972089780814
12017,3460167832.0536,280000.0,58635.98027577231,549450405.79772,537633182.8549,590876144.25078,385635691.0781,911547781.3424,0.15879299284498077,0.1553777761513424,0.17076516889647422,0.11144999601051904,0.2634403374594113
12019,6762752212.81804,325000.0,58095.32260316987,1262398792.658,1034831721.0949,1016358921.5252001,873135503.6082001,1322160042.38688,0.18666938443571307,0.15301931647495412,0.1502877659185569,0.1291094921315126,0.19550620823884002
12021,11989686626.34564,494000.0,70830.69025586422,2890035688.01148,1476017767.09684,1514200877.575,1089536691.69314,2384141701.13984,0.2410434716167673,0.1231072848771126,0.12629194780185146,0.09087282475749094,0.19884937575441097
12023,968917980.2346145,200000.0,42918.013247935705,136008521.13403404,116007680.56722,249868092.89340213,212157722.93358085,212070183.43048254,0.14037155250344394,0.11972910291037206,0.2578836372020869,0.2189635523970861,0.2188732047052442
12027,512489289.59436,220000.0,41597.9455943799,67814737.1870625,63061285.4879625,124431658.95500624,98291348.69794875,121447766.1697425,0.132324203771631,0.123048982229221,0.24279855497759778,0.19179200559634577,0.236976203475139
12029,447192913.95443743,200000.0,42918.013247935705,62773163.6003234,53542006.41564,115323735.1815702,97918949.04626808,97878546.19868425,0.14037155250344394,0.11972910291037206,0.2578836372020869,0.2189635523970861,0.2188732047052442
12031,32499216831.358498,324118.9752496743,58708.61997626949,6882429729.9877,6142168099.07612,3841598928.9479,3046019699.0718803,5918467039.76902,0.211772171794209,0.18899434195440493,0.11820589243372599,0.09372594160893058,0.18211106656755774
12033,8846252685.84118,293521.5053763441,53620.46162684555,1612961107.06154,1235330263.51224,1134646203.5597,1077187402.69648,1717278219.40708,0.18233269660532708,0.1396444695152605,0.12826292034092035,0.12176765020747894,0.1941249340701809
12035,3154476574.4516,387827.8688524589,58218.935357060334,735285557.262,552980038.2848,438570747.8428,319964407.6502,519303727.516,0.2330927302542508,0.17530009344923875,0.1390312267318215,0.10143185409637262,0.1646243727792716
12037,455217730.81502485,210000.0,49424.64459263996,68044523.4762881,57339100.63723725,79617221.76599488,51424660.54686133,89058633.22867115,0.14947687418603123,0.12595972598557825,0.1748992105897274,0.11296717387257801,0.19563964055007255
12039,650311044.0214645,210000.0,49424.64459263996,97206462.10898304,81913000.91033898,113738888.2371356,73463800.78123051,127226618.89810172,0.1494768741860312,0.12595972598557825,0.1748992105897274,0.11296717387257801,0.19563964055007255
12041,372660761.6286977,200000.0,42918.013247935705,52310969.666936144,44618338.67969998,96103112.65130846,81599124.20522335,81565455.16557017,0.14037155250344394,0.11972910291037206,0.2578836372020869,0.21896355239708606,0.2188732047052442
12043,348325448.1709289,236857.14285714275,49223.179529100606,69822611.08496772,57630803.744999975,108811393.36049028,79964164.4381677,75160083.8040645,0.20045222492817877,0.16545102876525866,0.3123842772093263,0.2295673912373121,0.2157754599864384
12045,390186626.4128787,210000.0,49424.64459263996,58323877.26538983,49147800.54620339,68243332.94228137,44078280.46873831,76335971.33886103,0.1494768741860312,0.12595972598557825,0.1748992105897274,0.11296717387257801,0.19563964055007255
12047,310574822.9687636,200000.0,45207.397812047115,31148499.302909087,40626357.56012363,78541609.14730908,67998439.8488727,56095103.78159999,0.10029305983389994,0.13081020918495273,0.2528911017207872,0.21894382551322175,0.18061703535847082
12049,455546035.19498646,220000.0,41597.9455943799,60279766.38849998,56054475.989299975,110605919.07111661,87370087.73150997,107953569.92865995,0.132324203771631,0.123048982229221,0.24279855497759778,0.19179200559634577,0.236976203475139
12051,696650896.341858,236857.14285714275,49223.179529100606,139645222.16993546,115261607.48999998,217622786.72098064,159928328.87633547,150320167.60812902,0.20045222492817874,0.16545102876525866,0.3123842772093263,0.2295673912373121,0.21577545998643838
12053,4392463253.28392,300000.0,48301.735834127874,622250515.91292,581498342.41692,718368307.67116,612909467.70296,1031266109.8176,0.1416632263110475,0.13238547686931168,0.16354566134027168,0.1395366181480819,0.23478081667424275
12055,2043901244.9173167,228428.57142857136,45410.562561740255,289442183.6234117,263315737.4545375,515647051.08896935,402530421.51013553,478448150.5168091,0.14161260694134992,0.12882997067952254,0.2522856974480825,0.19694220672898477,0.23408574739439728
12057,52033345741.60952,395806.43128854164,65093.30282713447,13238385798.80634,9561682610.099,4837832667.1049,4042918550.38172,10630043698.83336,0.25442119106748107,0.18376067258063722,0.0929756216547926,0.0776986083204855,0.20429291154216192
12059,684166255.938192,319525.3164556962,57113.80381819785,117236046.82952,90045359.037,105321551.67432001,83069368.29308,146657592.93374,0.17135607874836664,0.13161327127062336,0.1539414590535357,0.12141693275878918,0.2143595824272706
12061,4029028677.93044,339718.3908045977,58538.49038793555,1026951305.7379999,693436963.52326,369925173.5776,260119822.52,963427586.0012,0.25488806057977875,0.17211020793216403,0.09181497654854534,0.06456142244527625,0.23912155087862924
12063,845404357.2279036,210000.0,49424.64459263996,126368400.74167792,106486901.18344066,147860554.70827624,95502941.01559964,165394604.56753218,0.1494768741860312,0.12595972598557825,0.1748992105897274,0.11296717387257801,0.19563964055007255
12065,390186626.4128787,210000.0,49424.64459263996,58323877.26538983,49147800.54620339,68243332.94228137,44078280.46873831,76335971.33886103,0.1494768741860312,0.12595972598557825,0.1748992105897274,0.11296717387257801,0.19563964055007255
12067,155287411.4843818,200000.0,45207.397812047115,15574249.651454544,20313178.780061815,39270804.57365454,33999219.92443635,28047551.890799996,0.10029305983389994,0.13081020918495273,0.2528911017207872,0.21894382551322175,0.18061703535847082
12069,9848040605.13448,310000.0,51583.80472942913,1499036057.084,1295296813.58078,1567220105.74578,1334509158.06548,2130126711.62312,0.15221668118452383,0.13152837864066586,0.1591402968960828,0.13551011938046906,0.21629954597390008
12071,21667359024.47096,379292.03383730823,59926.66242352852,4452573728.70852,3116320205.93058,3012130074.55194,2399944586.97114,4407105876.65532,0.2054968362170865,0.14382556740814748,0.13901694577313561,0.11076313381158542,0.20339838702437
12073,8404534482.02878,300000.0,51712.77878935165,1843490918.323,1425300743.1074,676600704.44234,508804833.10380006,1796517442.0874,0.21934479800932385,0.16958711349868186,0.0805042451654044,0.060539323646272805,0.2137557345893281
12075,968917980.2346145,200000.0,42918.013247935705,136008521.13403404,116007680.56722,249868092.89340213,212157722.93358085,212070183.43048254,0.14037155250344394,0.11972910291037206,0.2578836372020869,0.2189635523970861,0.2188732047052442
12077,260124417.60858566,210000.0,49424.64459263996,38882584.843593195,32765200.364135575,45495555.29485422,29385520.312492188,50890647.55924066,0.1494768741860312,0.12595972598557825,0.1748992105897274,0.11296717387257801,0.19563964055007255
12079,258812352.47396967,200000.0,45207.397812047115,25957082.75242424,33855297.96676969,65451340.9560909,56665366.54072726,46745919.81799999,0.10029305983389994,0.13081020918495273,0.2528911017207872,0.21894382551322175,0.18061703535847082
12081,13601367330.94616,392278.6458333333,64679.09680611803,2696933718.0986,2165889934.9572,1880366965.94444,1481621180.75736,2624204566.4362,0.1982840145756869,0.1592406029671234,0.13824837754849717,0.10893178198241435,0.19293682043757077
12083,7742803987.960979,286666.6666666667,45526.28354713824,970939761.65168,1055639176.1038799,1339238100.5518599,984948846.3427,1290128458.8364,0.1253989850655345,0.13633809892969745,0.1729655177419182,0.12720828886720667,0.16662290054641402
12085,4746084774.17898,400000.0,68964.74482597799,814114811.36416,524860243.34852004,603224434.1198,526963376.44518,1005142398.58798,0.17153398013312832,0.1105880464259754,0.12709938039911037,0.11103117654200326,0.21178349026895724
12086,83128971421.52734,452364.8041811289,61193.38462771907,21626907255.87488,11633092024.70272,10211913590.429058,8849735910.862276,15811097376.169535,0.26016089079473814,0.13994028586873838,0.12284421923912496,0.10645790221543051,0.19019960316837317
12087,2670662264.594377,600000.0,61854.478375412036,456199443.75835687,207945156.00221846,457486278.3322975,417483935.75229955,443382148.68360513,0.17081884512553477,0.07786276788308213,0.1713006861246759,0.15632225058442853,0.16601955049188763
12089,3213261393.9240685,346762.82051282056,60832.53484102361,679362169.4406856,449607630.25196564,504232950.2782285,354030072.34319997,736219377.4918286,0.21142449559979354,0.1399225195628732,0.15692248107535814,0.11017780035344549,0.22911904362463015
12091,6724201107.31778,350000.0,60762.467252546514,960157889.8234,938674810.431,773109063.3512,625591027.811,983626888.328,0.14279137023110214,0.1395964807491352,0.11497411380362267,0.09303574028001407,0.14628159875491284
12093,835981075.6102296,236857.14285714275,49223.179529100606,167574266.60392258,138313928.98799998,261147344.06517676,191913994.65160257,180384201.12975484,0.20045222492817877,0.16545102876525866,0.3123842772093263,0.2295673912373121,0.2157754599864384
12095,47971102380.4655,373795.5071322572,59670.39649690533,10498462371.05714,8622998776.9337,4671396802.19282,4389262415.35184,9819122639.75118,0.21884972097977595,0.17975402584129702,0.09737939239218062,0.09149805190091292,0.2046882842481782
12097,11146129011.92696,363479.9196787149,49866.57427392802,2029426736.9945998,2238334376.0229197,1619087910.67772,1538200586.1745,1902914146.85898,0.18207457807306945,0.20081719614296417,0.14526010859422214,0.13800312059267772,0.17072421688487177
12099,52372405242.22626,462253.4090909091,73270.88327871048,14782608535.07432,6951012981.117559,5190124053.4509,3924368874.9995604,9953566621.1437,0.28225949269856254,0.13272281364525096,0.09910035694267222,0.07493199628409394,0.1900536470514905
12101,17750443162.49234,331250.0,59199.05358866913,3961365399.06306,3030272570.68,2032623598.80648,1587031226.59408,3722594191.70644,0.22316994357829004,0.17071531921429048,0.11451114657810488,0.08940797770883625,0.20971838041612875
12103,30221747380.120102,360788.93442622956,62163.803315656616,7245727730.7099,5264710654.76232,2564382084.4562397,2217885801.5451202,5870641389.21794,0.23975211094101553,0.17420272191890043,0.08485221096590508,0.0733870802918579,0.1942522156438795
12105,19588064307.88214,288180.0,50769.92006914476,3516842521.62302,2803292578.36202,3297479225.94088,3015598923.37586,3384092917.97542,0.17954007432004704,0.14311228175996893,0.1683412497586089,0.15395083842778676,0.1727630083700347
12107,1563655127.3852544,250000.0,53853.552410831166,218846010.600264,143275877.0117864,309955016.454376,205952672.135192,375817903.6093168,0.139957978436216,0.09162882179229154,0.19822466669660277,0.13171233766846419,0.2403457751184303
12109,13252357894.568707,423072.9166666667,77390.6295692991,3972721791.7137365,3197795053.3731537,671070469.744824,548053172.691008,2449641422.525543,0.29977471355055246,0.24130008250710805,0.050637816687689435,0.041355144273278334,0.18484570383731444
12111,8071919191.56716,336813.7254901961,48708.72132226557,1384179911.9026,1163619019.0114,1424201682.31304,1043314110.8549001,1214462177.7678,0.17148089308781375,0.14415642567718567,0.1764390411391782,0.12925229875255245,0.15045519522006176
12113,5983110506.3204,350000.0,61439.59362428786,830785949.3098,853363889.0824,708804076.77582,520120881.3881801,1167595547.0186,0.1388551905287692,0.1426288028912267,0.11846748877980075,0.08693151845327578,0.1951485846342271
12115,13293580947.54187,391666.6666666667,66988.36742423644,3103972303.4783998,1771160642.88292,1535388724.94496,1210800854.1406598,2344628527.47888,0.23349406873340314,0.1332342767439519,0.1154985049554214,0.09108161743014401,0.17637298307589783
12117,16084363750.50078,392663.46153846156,62917.394411443085,3489940612.304,3379037964.21818,1729960268.88376,1374665627.1940799,2955873112.09266,0.21697722498941507,0.21008216530249604,0.10755540571692793,0.08546596237922562,0.18377308284890226
12119,1839310578.47242,400000.0,51600.801752627856,455501475.4616,296481747.6044,296562289.5264,267050699.59242,388834785.6344,0.247647939827488,0.1611917808087818,0.1612355699996573,0.14519065062639414,0.21140246252339515
12121,569387175.4427333,200000.0,45207.397812047115,57105582.05533333,74481655.52689332,143992950.1034,124663806.38959998,102841023.59959999,0.10029305983389994,0.13081020918495273,0.2528911017207872,0.21894382551322175,0.18061703535847082
12123,414099763.9583515,200000.0,45207.397812047115,41531332.403878786,54168476.74683151,104722145.52974544,90664586.46516362,74793471.70879999,0.10029305983389994,0.13081020918495273,0.2528911017207872,0.21894382551322175,0.18061703535847082
12125,298128609.3029583,200000.0,42918.013247935705,41848775.73354894,35694670.94376,76882490.12104681,65279299.36417872,65252364.13245617,0.14037155250344394,0.11972910291037206,0.2578836372020869,0.2189635523970861,0.2188732047052442
12127,14590528479.02874,323750.0,53557.00066637038,2316986580.6292,1891075493.6478,2155747188.76794,1816571442.70884,2918588563.99898,0.15880073048481083,0.12960980106826706,0.14774976738275375,0.1245034712292865,0.20003309463354435
12129,585279939.6193178,210000.0,49424.64459263996,87485815.8980847,73721700.81930505,102364999.413422,66117420.70310743,114503957.0082915,0.1494768741860312,0.12595972598557825,0.1748992105897274,0.11296717387257801,0.19563964055007255
12131,2052498767.814576,319525.3164556962,57113.80381819785,351708140.48855996,270136077.111,315964655.02296,249208104.87923998,439972778.80122,0.17135607874836664,0.1316132712706234,0.1539414590535357,0.12141693275878916,0.21435958242727063
12133,684166255.938192,319525.3164556962,57113.80381819785,117236046.82952,90045359.037,105321551.67432001,83069368.29308,146657592.93374,0.17135607874836664,0.13161327127062336,0.1539414590535357,0.12141693275878918,0.2143595824272706
13001,433467211.92886406,160000.0,44532.205616570885,47045010.29127082,54751564.270036645,96033625.66214956,80269615.75138624,64376589.02371664,0.10853187737528655,0.12631073992055916,0.22154761195158068,0.1851803632256255,0.1485154753395314
13003,189534070.96202672,128863.63636363635,43387.85086259902,25689100.901399966,22140872.405999973,42903064.76901301,42124138.45247015,36892564.853364445,0.1355381687894352,0.11681737375036867,0.22636069890362176,0.2222510086901988,0.19464872287134008
13005,189534070.96202672,128863.63636363635,43387.85086259902,25689100.901399966,22140872.405999973,42903064.76901301,42124138.45247015,36892564.853364445,0.1355381687894352,0.11681737375036867,0.22636069890362176,0.2222510086901988,0.19464872287134008
13007,105403996.21110187,130034.3347639485,45402.00439835785,14695730.549504757,12973614.147228569,29849020.777409505,24503911.22639999,25015738.391485706,0.13942289740203323,0.12308465156525154,0.2831868036353028,0.23247611198083845,0.23733197308178414
13009,1123281526.9597864,210000.0,49430.684468901054,202588317.9045811,153328960.74026868,191687342.52102715,159916874.45819324,250293307.1538279,0.18035400123858156,0.13650091901293937,0.17064942128963684,0.1423658011104444,0.22282330933658132
13011,324725106.6303024,200000.0,45793.82170467097,49934028.197529756,46520656.07258537,79774846.60331708,73538082.00292683,58313942.97073171,0.1537732290419396,0.14326165462022267,0.24566885951981612,0.22646256942075468,0.17957940972245728
13013,2361842537.786578,319283.6538461539,49892.13889765862,378153569.36180574,329038977.1582285,485456198.89427996,369359300.30687994,500768208.0728125,0.1601095599354374,0.13931452749030016,0.20554130562371425,0.15638608179740396,0.21202438353155917
13015,3119539721.43242,300000.0,53835.290122397055,476399045.6666,380447924.711,602216681.35752,515462836.1835199,624506148.51202,0.1527145310551932,0.12195642905175358,0.19304664634338944,0.16523682408725074,0.20019176041305906
13017,364770172.77837944,150000.0,44174.603563113815,31194087.807570726,30251874.138263404,87445847.74109559,69611031.45292974,40150414.18633169,0.08551710127495285,0.08293406751939474,0.2397286134308585,0.1908353167220796,0.1100704421102039
13019,364770172.77837944,150000.0,44174.603563113815,31194087.807570726,30251874.138263404,87445847.74109559,69611031.45292974,40150414.18633169,0.08551710127495285,0.08293406751939474,0.2397286134308585,0.1908353167220796,0.1100704421102039
13021,3341533526.48226,227424.24242424252,48501.829254405406,540780180.0414,509812218.83959997,546776413.9873201,424449750.66092,575662070.8452001,0.16183592825139081,0.15256833869815925,0.16363038397011961,0.12702244262913379,0.1722748152256961
13023,220496813.3649566,160000.0,44064.111383884214,24615598.33870638,27409075.0556817,42311570.09458213,41731268.25805617,48014096.95668766,0.11163697997741007,0.12430599171660323,0.19189197997410462,0.18926018757914845,0.21775415355874939
13025,315890118.27004486,128863.63636363635,43387.85086259902,42815168.168999985,36901454.00999999,71505107.9483551,70206897.42078367,61487608.088940814,0.1355381687894352,0.11681737375036866,0.22636069890362176,0.22225100869019881,0.1946487228713401
13027,364770172.77837944,150000.0,44174.603563113815,31194087.807570726,30251874.138263404,87445847.74109559,69611031.45292974,40150414.18633169,0.08551710127495285,0.08293406751939474,0.2397286134308585,0.1908353167220796,0.1100704421102039
13029,887500537.7161499,275000.0,45352.80501645922,119268007.37460001,111348894.9376125,151201900.39172062,141087066.375105,134061396.74924064,0.13438640576096822,0.12546346757620255,0.1703682352472891,0.15897124607740687,0.15105500340791636
13031,2061720916.3398852,250000.0,53818.119856228914,305823066.71485704,225846923.80153328,292306782.555619,259090400.63085708,478222953.6589047,0.14833388180286597,0.10954291728410698,0.14177805552583855,0.12566705734877684,0.23195329196537443
13033,439773728.39009935,130000.0,43849.96433153554,49578814.83667776,56347131.46319442,92363799.60888885,85401247.81140552,127233810.19599439,0.1127371000950268,0.12812755247901472,0.21002573288543044,0.19419360980028968,0.289316532530866
13035,434273475.55157685,250000.0,46904.2774557908,42311447.85253845,46258571.91495896,104908799.55060512,83150315.66954614,81433438.20802563,0.09743042169176482,0.1065194503445215,0.24157312259828664,0.1914699385310967,0.1875164908577386
13037,105403996.21110187,130034.3347639485,45402.00439835785,14695730.549504757,12973614.147228569,29849020.777409505,24503911.22639999,25015738.391485706,0.13942289740203323,0.12308465156525154,0.2831868036353028,0.23247611198083845,0.23733197308178414
13039,1345901632.8175333,280000.0,56690.22939532461,195750140.73073334,170100868.99920002,194776365.10500002,162449250.47346666,252063931.1233333,0.1454416399814797,0.12638432471703595,0.1447181282463057,0.1206992000844762,0.1872825806709651
13043,165372610.0237173,160000.0,44064.111383884214,18461698.75402977,20556806.29176126,31733677.570936576,31298451.193542104,36010572.717515714,0.11163697997741004,0.12430599171660323,0.19189197997410462,0.18926018757914845,0.21775415355874936
13045,3242176827.98982,282388.1578947368,50045.17755637602,355129826.40980005,437497399.29239994,748130362.5922,544619011.94752,460146409.66478,0.10953437929231759,0.13493940105779254,0.23074940149271497,0.16797942889659997,0.14192514291395855
13047,1239262765.478419,227450.98039215693,47091.49413430491,191722984.61655322,179469408.62048936,250584530.96846807,184152106.85498294,295535142.4948979,0.1547072904611463,0.14481949560649066,0.20220451864518788,0.148598111703849,0.2384765771452886
13049,189534070.96202672,128863.63636363635,43387.85086259902,25689100.901399966,22140872.405999973,42903064.76901301,42124138.45247015,36892564.853364445,0.1355381687894352,0.11681737375036867,0.22636069890362176,0.2222510086901988,0.19464872287134008
13051,8955202457.39318,300000.0,56249.06974722899,1629884259.6616,1361628581.5498,1223498023.0692801,1106500410.9144201,1680778292.3662,0.18200417772978547,0.15204888867986172,0.13662427274987984,0.12355950813830259,0.1876873583107653
13053,363501240.83900154,200000.0,45606.45242390507,56702086.566874996,56858088.75084375,48496396.3815703,37976559.63595313,66701606.72570313,0.15598870154060612,0.15641786701913016,0.1334146652969745,0.1044743603853978,0.18349760394695863
13055,743557659.2870512,227450.98039215693,47091.49413430491,115033790.7699319,107681645.17229359,150350718.5810808,110491264.11298974,177321085.49693868,0.1547072904611463,0.14481949560649066,0.20220451864518788,0.148598111703849,0.23847657714528858
13057,10001103829.66222,400000.0,67116.0777351877,2378095775.8866,1908426466.5861998,1024931926.04504,729306940.5871199,2168501491.48528,0.2377833303593368,0.19082158320624648,0.10248188035056689,0.07292264464089178,0.21682621522773649
13059,3102622543.20784,300000.0,41728.27650811453,380778452.44659996,316769951.9008,315736772.3596,244269172.2704,651508092.9372001,0.12272793327057709,0.10209748285180949,0.10176448084244107,0.07872990312828936,0.20998625642151036
13061,64363844.000276014,175000.0,48689.85462760309,8216358.4684297675,8552182.708499128,15159842.206297835,11435777.22451912,13914651.727810606,0.12765487512514842,0.13287246654290027,0.23553351173731676,0.17767393172586274,0.21618739439724785
13063,6501670209.990359,235000.0,41496.77789082336,1040791058.6844001,1051983123.3848,1625164870.0588799,1476653660.8638,1033215101.9878399,0.16008056777243757,0.16180198155365372,0.2499611357650344,0.22711912680449378,0.15891533538570116
13065,126356047.30801782,128863.63636363635,43387.85086259902,17126067.267599978,14760581.603999984,28602043.17934201,28082758.968313437,24595043.2355763,0.1355381687894352,0.11681737375036867,0.22636069890362176,0.2222510086901988,0.1946487228713401
13067,32832056578.903,394988.07072846376,75632.08434731685,8846470546.642601,6545859188.85954,2605424412.77504,2035321967.29226,7567142800.32712,0.2694461288278574,0.1993740225540953,0.07935611363587915,0.06199191215454055,0.23048031676424324
13069,758136283.8481076,128863.63636363635,43387.85086259902,102756403.60559995,88563489.62399997,171612259.0760522,168496553.80988076,147570259.41345793,0.1355381687894352,0.11681737375036866,0.22636069890362173,0.2222510086901988,0.1946487228713401
13071,922612158.6955713,169285.71428571426,43798.940074932354,114504134.74508569,118694310.03145713,209816944.21961138,182560194.57359996,149397997.60311428,0.1241086340190623,0.1286502772728166,0.2274161924293948,0.19787317222408105,0.1619293613194298
13073,5357766344.59792,330000.0,64733.90455740184,817044783.754,812813172.3432,761856337.3298,564024425.8029,1342790029.8976,0.15249727800798973,0.15170746913267985,0.14219663350902892,0.10527230743677155,0.2506249700962596
13075,303975143.98198295,150000.0,44174.603563113815,25995073.17297561,25209895.11521951,72871539.78424634,58009192.877441466,33458678.48860975,0.08551710127495285,0.08293406751939474,0.2397286134308585,0.1908353167220796,0.1100704421102039
13077,5110822946.02798,350000.0,63237.88893735359,1001332959.3858,796970576.2858001,738086458.6730399,533911891.179,1053794806.8708,0.19592401653514804,0.15593781758868955,0.14441636238771774,0.10446691204475098,0.2061888697767913
13079,240703184.3485254,210000.0,49430.684468901054,43411782.40812448,32856205.872914683,41075859.111648634,34267901.669612795,53634280.104391634,0.18035400123858156,0.13650091901293937,0.17064942128963684,0.14236580111044436,0.22282330933658132
13081,386183064.001657,175000.0,48689.85462760309,49298150.810578726,51313096.25099488,90959053.23778723,68614663.34711489,83487910.36686383,0.12765487512514842,0.13287246654290027,0.23553351173731676,0.17767393172586274,0.21618739439724785
13083,413087588.49280614,227450.98039215693,47091.49413430491,63907661.53885104,59823136.20682976,83528176.98948932,61384035.61832762,98511714.16496591,0.1547072904611463,0.14481949560649066,0.20220451864518788,0.148598111703849,0.2384765771452886
13085,591995280.0496858,300000.0,54044.31453798295,104344122.15786362,107403707.26129544,83789984.00583997,59227720.435001366,120484806.97348134,0.17625836839291367,0.1814266276789928,0.14153826361387126,0.10004762272771907,0.20352325606948948
13087,421615984.8444075,130034.3347639485,45402.00439835785,58782922.19801903,51894456.588914275,119396083.10963802,98015644.90559997,100062953.56594282,0.13942289740203323,0.12308465156525154,0.2831868036353028,0.23247611198083845,0.23733197308178414
13089,29558377949.69622,362077.48171368864,69549.99204368576,7906265745.549,5305325906.99092,2573586619.206,2251186399.54056,6032170701.41286,0.26747968914276143,0.17948636816336008,0.08706792448441675,0.07616068795695523,0.2040765129831779
13091,385869423.3886739,160000.0,44064.111383884214,43077297.09273615,47965881.34744296,74045247.66551872,73029719.45159827,84024669.67420338,0.11163697997741004,0.12430599171660323,0.19189197997410465,0.18926018757914845,0.21775415355874939
13093,193091532.00082836,175000.0,48689.85462760309,24649075.405289344,25656548.125497423,45479526.61889358,34307331.673557416,41743955.183431886,0.12765487512514842,0.13287246654290027,0.23553351173731676,0.17767393172586274,0.21618739439724785
13095,1955267534.4370496,200000.0,47406.1091512829,343510269.54563785,288710686.57481617,303753558.93574595,256237605.4387081,343562689.30356216,0.17568453600112555,0.14765789411930283,0.155351405158579,0.1310498951809593,0.17571134550775372
13097,4379316323.9896,310000.0,55330.02721436279,734614714.418,845610250.7888,600213114.3887401,472225240.9264,839500605.66056,0.16774643804418282,0.19309184087858736,0.1370563508054472,0.10783081330288519,0.1916967269666802
13099,263509990.5277547,130034.3347639485,45402.00439835785,36739326.37376189,32434035.368071422,74622551.94352376,61259778.06599998,62539345.978714265,0.13942289740203323,0.12308465156525154,0.2831868036353028,0.23247611198083845,0.2373319730817841
13101,126356047.30801782,128863.63636363635,43387.85086259902,17126067.267599978,14760581.603999984,28602043.17934201,28082758.968313437,24595043.2355763,0.1355381687894352,0.11681737375036867,0.22636069890362176,0.2222510086901988,0.1946487228713401
13103,1649376733.0719082,250000.0,53818.119856228914,244658453.37188566,180677539.04122663,233845426.0444952,207272320.50468567,382578362.9271237,0.14833388180286597,0.10954291728410696,0.14177805552583855,0.12566705734877684,0.2319532919653744
13105,575479552.4401324,320000.0,59665.125104292965,148682942.17288414,75355211.10232417,73268166.5362926,55326955.99332629,103854601.5657789,0.258363553565792,0.13094333375148623,0.12731671564284597,0.09614061135400984,0.18046618880795592
13107,496117830.0711522,160000.0,44064.111383884214,55385096.26208934,61670418.875283815,95201032.71280979,93895353.58062637,108031718.15254721,0.11163697997741005,0.12430599171660323,0.19189197997410465,0.18926018757914845,0.21775415355874939
13109,185771662.2552275,160000.0,44532.205616570885,20162147.2676875,23464956.11573,41157268.14092125,34401263.89345125,27589966.72445,0.10853187737528655,0.12631073992055916,0.22154761195158068,0.1851803632256255,0.1485154753395314
13111,487646581.90754235,250000.0,50602.49784658667,80101483.71643826,61032711.88471486,97621760.63386165,75830118.69579358,115704828.84078291,0.16426134558987943,0.12515767391616137,0.2001895722348582,0.15550220489430386,0.2372718955358545
13113,4839125568.8566,430000.0,82352.67556468747,940585794.9702,848033920.34466,330040100.14059997,311917413.24728,1189624680.2517998,0.19437102459658714,0.1752452810487899,0.06820242530275622,0.06445739190045044,0.24583463754442048
13115,2285067771.3050323,220000.0,46967.41809442895,308487853.73417145,265268500.08149526,418452077.7381657,337317262.3275371,442706524.56159997,0.13500162122456,0.11608780422735424,0.18312458080802663,0.1476180560434279,0.1937389035550418
13117,12006421025.38318,515000.0,83016.85778189929,2658711274.616,3630349569.22056,488783028.8607999,440794112.6972,2805282891.5968003,0.22144078314388016,0.3023673384054678,0.04071013567052556,0.03671319802673105,0.23364855235927984
13119,649450213.2606049,200000.0,45793.82170467097,99868056.39505951,93041312.14517073,159549693.20663416,147076164.00585365,116627885.94146343,0.1537732290419396,0.14326165462022267,0.24566885951981612,0.22646256942075468,0.17957940972245728
13121,54461756372.2201,431984.0909090909,84952.6309944659,18694309429.9456,10947212057.9782,2076541834.47558,2078946286.11714,11081328121.6012,0.34325572062309045,0.20100732674060737,0.03812844044696995,0.03817258980611155,0.20346989997651954
13123,780234531.0520681,250000.0,50602.49784658667,128162373.94630127,97652339.01554382,156194817.0141787,121328189.91326979,185127726.14525273,0.16426134558987943,0.12515767391616137,0.2001895722348582,0.15550220489430386,0.2372718955358545
13125,62824818.34144261,130000.0,43849.96433153554,7082687.83381109,8049590.209027754,13194828.515555516,12200178.258772187,18176258.599427726,0.1127371000950268,0.12812755247901472,0.21002573288543044,0.19419360980028966,0.289316532530866
13127,2058437791.367992,280000.0,56690.22939532461,299382568.1764157,260154270.2340706,297893264.2782353,248451794.84177253,385509541.71803916,0.1454416399814797,0.12638432471703595,0.1447181282463057,0.1206992000844762,0.1872825806709651
13129,1462939745.7226279,250000.0,50602.49784658667,240304451.1493149,183098135.65414467,292865281.9015851,227490356.08738086,347114486.52234894,0.16426134558987943,0.12515767391616137,0.2001895722348582,0.15550220489430386,0.2372718955358545
13131,421615984.8444075,130034.3347639485,45402.00439835785,58782922.19801903,51894456.588914275,119396083.10963802,98015644.90559997,100062953.56594282,0.13942289740203323,0.12308465156525154,0.2831868036353028,0.23247611198083845,0.23733197308178414
13133,767306069.9201765,320000.0,59665.125104292965,198243922.89717886,100473614.8030989,97690888.71505679,73769274.65776838,138472802.0877052,0.258363553565792,0.13094333375148623,0.12731671564284597,0.09614061135400984,0.18046618880795592
13135,29407263839.680878,372391.1725067385,57426.62322723763,5790776671.8542595,5889266729.0708,3747944139.74996,3086714820.3406,6295457024.4987,0.19691654087315796,0.20026571534084991,0.1274496042944549,0.10496436653094947,0.2140782991175087
13137,892994043.2333317,200000.0,45793.82170467097,137318577.54320684,127931804.19960976,219380828.15912196,202229725.50804877,160363343.1695122,0.15377322904193963,0.14326165462022267,0.24566885951981612,0.22646256942075468,0.17957940972245728
13139,6153134687.17564,340000.0,57561.72725515176,1084204276.1122,892802617.539,974233967.0422001,770689339.33,1154219572.8104,0.1762035663499936,0.1450972005211878,0.15833132485669427,0.12525149838443653,0.1875823676046006
13141,125649636.68288544,130000.0,43849.96433153554,14165375.667622207,16099180.418055538,26389657.03111108,24400356.517544415,36352517.19885552,0.1127371000950268,0.12812755247901472,0.21002573288543044,0.19419360980028966,0.289316532530866
13143,703097775.7861636,220000.0,46967.41809442895,94919339.61051427,81621076.94815236,128754485.4578971,103789926.87001139,136217392.17279994,0.13500162122456,0.11608780422735424,0.18312458080802663,0.1476180560434279,0.1937389035550418
13145,450546908.001933,175000.0,48689.85462760309,57514509.279008485,59865278.95949401,106118895.44408506,80050440.571634,97402562.09467442,0.12765487512514842,0.13287246654290027,0.23553351173731676,0.17767393172586274,0.21618739439724785
13147,811812766.575756,200000.0,45793.82170467097,124835070.49382438,116301640.18146339,199437116.50829268,183845205.00731704,145784857.42682925,0.1537732290419396,0.14326165462022267,0.24566885951981612,0.22646256942075466,0.17957940972245728
13149,256473893.25054634,250000.0,50596.18982911163,32275107.07641427,32816766.06640713,51542773.85481426,43150232.759699985,54421244.564657114,0.12584168574571095,0.12795363165618115,0.2009669413192973,0.16824415231045378,0.21219019166014547
13151,7191983706.802561,307612.4678663239,52370.79258661119,1196235082.0361,1177988126.09376,1189408715.75386,1051838423.19506,1636261721.97326,0.16632894772893286,0.16379182352423244,0.16537978452716098,0.1462515025166388,0.2275118783188561
13153,4207720112.4042873,225000.0,53008.38921026238,705847746.9327713,515359498.81000954,693575765.0731429,550973622.0059524,985397868.7715619,0.16775064122063257,0.12247951029127116,0.16483410173326246,0.13094350557721068,0.23418807393263294
13155,182385086.3891896,150000.0,44174.603563113815,15597043.903785352,15125937.069131693,43722923.870547764,34805515.726464845,20075207.093165834,0.08551710127495285,0.08293406751939474,0.2397286134308585,0.1908353167220796,0.1100704421102039
13157,2230629063.4651017,319283.6538461539,49892.13889765862,357145037.73059434,310759033.9827714,458486410.06681997,348839339.17872,472947752.06876737,0.1601095599354374,0.13931452749030016,0.20554130562371425,0.15638608179740396,0.21202438353155917
13159,561725550.8411449,305965.5172413793,51671.31667505081,102832778.65887094,88857793.22730643,100874958.77825803,83126729.00677416,113030737.66761287,0.18306587354783133,0.15818720208516074,0.17958050622266478,0.14798459653882162,0.2012205738164433
13161,309619437.09204566,160000.0,44532.205616570885,33603578.779479146,39108260.192883305,68595446.90153538,57335439.82241872,45983277.8740833,0.10853187737528654,0.12631073992055916,0.22154761195158068,0.1851803632256255,0.1485154753395314
13163,251299273.3657711,130000.0,43849.96433153554,28330751.33524444,32198360.836111106,52779314.06222221,48800713.03508888,72705034.3977111,0.1127371000950268,0.12812755247901472,0.21002573288543044,0.19419360980028966,0.289316532530866
13165,125649636.68288544,130000.0,43849.96433153554,14165375.667622207,16099180.418055538,26389657.03111108,24400356.517544415,36352517.19885552,0.1127371000950268,0.12812755247901472,0.21002573288543044,0.19419360980028966,0.289316532530866
13167,220496813.3649566,160000.0,44064.111383884214,24615598.33870638,27409075.0556817,42311570.09458213,41731268.25805617,48014096.95668766,0.11163697997741007,0.12430599171660323,0.19189197997410462,0.18926018757914845,0.21775415355874939
13169,722109553.0455766,210000.0,49430.684468901054,130235347.22437349,98568617.61874409,123227577.33494596,102803705.00883844,160902840.313175,0.18035400123858156,0.13650091901293937,0.17064942128963684,0.1423658011104444,0.22282330933658132
13171,347418780.44126135,250000.0,46904.2774557908,33849158.28203075,37006857.531967156,83927039.64048406,66520252.535636894,65146750.56642048,0.09743042169176482,0.1065194503445215,0.24157312259828667,0.1914699385310967,0.1875164908577386
13173,189534070.96202672,128863.63636363635,43387.85086259902,25689100.901399966,22140872.405999973,42903064.76901301,42124138.45247015,36892564.853364445,0.1355381687894352,0.11681737375036867,0.22636069890362176,0.2222510086901988,0.19464872287134008
13175,771738846.777348,160000.0,44064.111383884214,86154594.18547232,95931762.69488595,148090495.33103746,146059438.9031966,168049339.34840682,0.11163697997741005,0.12430599171660323,0.19189197997410462,0.18926018757914845,0.2177541535587494
13177,539384147.4309102,200000.0,47406.1091512829,94761453.66776216,79644327.33098377,83794085.22365405,70686235.98309189,94775914.29063784,0.17568453600112555,0.14765789411930283,0.155351405158579,0.1310498951809593,0.17571134550775372
13179,1775001075.4322999,275000.0,45352.80501645922,238536014.74920002,222697789.875225,302403800.78344125,282174132.75021,268122793.49848127,0.13438640576096822,0.12546346757620255,0.1703682352472891,0.15897124607740687,0.15105500340791636
13181,125649636.68288544,130000.0,43849.96433153554,14165375.667622207,16099180.418055538,26389657.03111108,24400356.517544415,36352517.19885552,0.1127371000950268,0.12812755247901472,0.21002573288543044,0.19419360980028966,0.289316532530866
13183,493055854.28674996,275000.0,45352.80501645922,66260004.097,61860497.1875625,84001055.77317812,78381703.541725,74478553.74957813,0.13438640576096822,0.12546346757620255,0.1703682352472891,0.15897124607740687,0.15105500340791636
13185,2856862070.98294,225000.0,49424.11416332959,403004250.702,335765917.1322,473560401.6992,382471474.23258,400393469.0076,0.1410653509650682,0.11752962123812838,0.16576243092347312,0.13387817287972387,0.14015148756195972
13187,676566034.3424981,300000.0,54044.31453798295,119250425.3232727,122747094.01290905,95759981.72095996,67688823.35428727,137696922.25540724,0.17625836839291367,0.1814266276789928,0.14153826361387126,0.10004762272771907,0.20352325606948948
13189,376948910.0486566,130000.0,43849.96433153554,42496127.00286665,48297541.25416665,79168971.09333329,73201069.5526333,109057551.59656663,0.1127371000950268,0.12812755247901472,0.21002573288543042,0.19419360980028966,0.289316532530866
13191,633365474.2670745,280000.0,56690.22939532461,92117713.28505099,80047467.76432942,91659465.93176472,76446706.10516079,118618320.52862744,0.1454416399814797,0.12638432471703595,0.1447181282463057,0.12069920008447621,0.1872825806709651
13193,257455376.00110468,175000.0,48689.85462760309,32865433.873719152,34208730.833996594,60639368.82519149,45743108.898076594,55658606.91124256,0.12765487512514842,0.13287246654290027,0.23553351173731676,0.17767393172586274,0.21618739439724785
13195,671392811.1801546,320000.0,59665.125104292965,173463432.53503153,87914412.95271155,85479527.62567471,64548115.32554735,121163701.82674207,0.258363553565792,0.13094333375148623,0.12731671564284597,0.09614061135400984,0.18046618880795592
13197,128727688.00055234,175000.0,48689.85462760309,16432716.936859576,17104365.416998297,30319684.412595745,22871554.449038297,27829303.45562128,0.12765487512514842,0.13287246654290027,0.23553351173731676,0.17767393172586274,0.21618739439724785
13199,598439084.2512751,250000.0,50596.18982911163,75308583.1783,76572454.15495001,120266472.3279,100683876.4393,126982903.9842,0.12584168574571095,0.12795363165618115,0.2009669413192973,0.16824415231045378,0.21219019166014547
13201,158105994.3166528,130034.3347639485,45402.00439835785,22043595.82425713,19460421.22084285,44773531.166114256,36755866.83959998,37523607.58722855,0.13942289740203323,0.12308465156525153,0.2831868036353028,0.23247611198083842,0.23733197308178408
13205,368913986.73885655,130034.3347639485,45402.00439835785,51435056.92326664,45407649.51529999,104471572.72093327,85763689.29239997,87555084.37019996,0.13942289740203323,0.12308465156525156,0.2831868036353028,0.23247611198083845,0.2373319730817841
13207,401171973.9142093,210000.0,49430.684468901054,72352970.68020752,54760343.12152451,68459765.1860811,57113169.44935471,89390466.8406528,0.18035400123858158,0.13650091901293937,0.1706494212896368,0.1423658011104444,0.22282330933658132
13209,185771662.2552275,160000.0,44532.205616570885,20162147.2676875,23464956.11573,41157268.14092125,34401263.89345125,27589966.72445,0.10853187737528655,0.12631073992055916,0.22154761195158068,0.1851803632256255,0.1485154753395314
13211,674070661.0093741,305965.5172413793,51671.31667505081,123399334.39064516,106629351.87276775,121049950.53390968,99752074.80812903,135636885.2011355,0.18306587354783133,0.15818720208516074,0.17958050622266478,0.14798459653882162,0.2012205738164433
13213,975293163.8150853,250000.0,50602.49784658667,160202967.43287662,122065423.76942979,195243521.2677234,151660237.39158726,231409657.68156597,0.16426134558987943,0.12515767391616137,0.2001895722348582,0.15550220489430386,0.2372718955358545
13215,4289314641.900218,200000.0,45606.45242390507,669084621.4891249,670925447.2599562,572257477.3025296,448123403.7042469,787078959.3632969,0.15598870154060612,0.15641786701913016,0.1334146652969745,0.1044743603853978,0.18349760394695863
13217,2731011351.046383,300000.0,51875.473180399174,448921630.4048348,570429908.901887,458232691.93080264,369707854.4505261,570177285.639548,0.16437926200227296,0.20887130647894514,0.1677886442160819,0.13537397210336496,0.2087788047534425
13219,1055045846.1402432,320000.0,59665.125104292965,272585393.98362106,138151220.35426104,134324971.98320317,101432752.65443158,190400102.87059474,0.258363553565792,0.13094333375148623,0.12731671564284597,0.09614061135400984,0.18046618880795592
13221,575479552.4401324,320000.0,59665.125104292965,148682942.17288414,75355211.10232417,73268166.5362926,55326955.99332629,103854601.5657789,0.258363553565792,0.13094333375148623,0.12731671564284597,0.09614061135400984,0.18046618880795592
13223,5563559050.28084,350000.0,56585.66379797642,834620050.6524,932200973.0828,872227724.781,716972210.3075,1065286059.32348,0.15001549244098877,0.16755479085563835,0.15677513564576462,0.12886934493331356,0.19147564530113256
13225,641875158.2627351,210000.0,49430.684468901054,115764753.08833206,87616548.99443924,109535624.2977298,91381071.11896756,143024746.94504452,0.18035400123858156,0.13650091901293937,0.17064942128963684,0.1423658011104444,0.22282330933658132
13227,877763847.4335765,250000.0,50602.49784658667,144182670.6895889,109858881.39248678,175719169.140951,136494213.65242848,208268691.9134093,0.16426134558987943,0.12515767391616137,0.2001895722348582,0.15550220489430386,0.2372718955358545
13229,379068141.9240538,128863.63636363635,43387.85086259902,51378201.80279998,44281744.811999984,85806129.5380261,84248276.90494038,73785129.70672897,0.1355381687894352,0.11681737375036866,0.22636069890362173,0.2222510086901988,0.1946487228713401
13231,434273475.55157685,250000.0,46904.2774557908,42311447.85253845,46258571.91495896,104908799.55060512,83150315.66954614,81433438.20802563,0.09743042169176482,0.1065194503445215,0.24157312259828664,0.1914699385310967,0.1875164908577386
13233,703097775.7861636,220000.0,46967.41809442895,94919339.61051427,81621076.94815236,128754485.4578971,103789926.87001139,136217392.17279994,0.13500162122456,0.11608780422735424,0.18312458080802663,0.1476180560434279,0.1937389035550418
13235,442917906.5688722,225000.0,53008.38921026238,74299762.83502854,54248368.29579046,73007975.27085713,57997223.3690476,103726091.44963805,0.16775064122063257,0.12247951029127116,0.16483410173326246,0.13094350557721068,0.23418807393263294
13237,641875158.2627351,210000.0,49430.684468901054,115764753.08833206,87616548.99443924,109535624.2977298,91381071.11896756,143024746.94504452,0.18035400123858156,0.13650091901293937,0.17064942128963684,0.1423658011104444,0.22282330933658132
13239,64363844.000276014,175000.0,48689.85462760309,8216358.4684297675,8552182.708499128,15159842.206297835,11435777.22451912,13914651.727810606,0.12765487512514842,0.13287246654290027,0.23553351173731676,0.17767393172586274,0.21618739439724785
13241,676566034.3424981,300000.0,54044.31453798295,119250425.3232727,122747094.01290905,95759981.72095996,67688823.35428727,137696922.25540724,0.17625836839291367,0.1814266276789928,0.14153826361387126,0.10004762272771907,0.20352325606948948
13243,128727688.00055234,175000.0,48689.85462760309,16432716.936859576,17104365.416998297,30319684.412595745,22871554.449038297,27829303.45562128,0.12765487512514842,0.13287246654290027,0.23553351173731676,0.17767393172586274,0.21618739439724785
13245,4529751220.9181595,200478.61842105264,45421.02562270527,668090757.1108,645999535.2314,607555448.5356001,478459797.4,710705161.79524,0.14748950318189463,0.1426125859292685,0.13412556648363824,0.10562606511158872,0.15689717318541468
13247,2979285110.232417,300000.0,51875.473180399174,489732687.7143652,622287173.3475131,499890209.37905735,403317659.40057385,622011584.3340522,0.16437926200227296,0.20887130647894514,0.1677886442160819,0.13537397210336496,0.2087788047534425
13249,128727688.00055234,175000.0,48689.85462760309,16432716.936859576,17104365.416998297,30319684.412595745,22871554.449038297,27829303.45562128,0.12765487512514842,0.13287246654290027,0.23553351173731676,0.17767393172586274,0.21618739439724785
13251,618516274.9019654,250000.0,53818.119856228914,91746920.01445709,67754077.14045997,87692034.76668566,77727120.1892571,143466886.09767136,0.14833388180286597,0.10954291728410698,0.14177805552583855,0.12566705734877684,0.23195329196537443
13253,158105994.3166528,130034.3347639485,45402.00439835785,22043595.82425713,19460421.22084285,44773531.166114256,36755866.83959998,37523607.58722855,0.13942289740203323,0.12308465156525153,0.2831868036353028,0.23247611198083842,0.23733197308178408
13255,1476529816.8753614,250000.0,46904.2774557908,143858922.69863075,157279144.51086047,356689918.4720574,282711073.27645695,276873689.9072872,0.09743042169176482,0.1065194503445215,0.24157312259828664,0.19146993853109673,0.1875164908577386
13257,649450213.2606049,200000.0,45793.82170467097,99868056.39505951,93041312.14517073,159549693.20663416,147076164.00585365,116627885.94146343,0.1537732290419396,0.14326165462022267,0.24566885951981612,0.22646256942075468,0.17957940972245728
13259,128727688.00055234,175000.0,48689.85462760309,16432716.936859576,17104365.416998297,30319684.412595745,22871554.449038297,27829303.45562128,0.12765487512514842,0.13287246654290027,0.23553351173731676,0.17767393172586274,0.21618739439724785
13261,514910752.00220937,175000.0,48689.85462760309,65730867.747438304,68417461.66799319,121278737.65038298,91486217.79615319,111317213.82248512,0.12765487512514842,0.13287246654290027,0.23553351173731676,0.17767393172586274,0.21618739439724785
13263,193091532.00082836,175000.0,48689.85462760309,24649075.405289344,25656548.125497423,45479526.61889358,34307331.673557416,41743955.183431886,0.12765487512514842,0.13287246654290027,0.23553351173731676,0.17767393172586274,0.21618739439724785
13265,62824818.34144261,130000.0,43849.96433153554,7082687.83381109,8049590.209027754,13194828.515555516,12200178.258772187,18176258.599427726,0.1127371000950268,0.12812755247901472,0.21002573288543044,0.19419360980028966,0.289316532530866
13267,433467211.92886406,160000.0,44532.205616570885,47045010.29127082,54751564.270036645,96033625.66214956,80269615.75138624,64376589.02371664,0.10853187737528655,0.12631073992055916,0.22154761195158068,0.1851803632256255,0.1485154753395314
13269,257455376.00110468,175000.0,48689.85462760309,32865433.873719152,34208730.833996594,60639368.82519149,45743108.898076594,55658606.91124256,0.12765487512514842,0.13287246654290027,0.23553351173731676,0.17767393172586274,0.21618739439724785
13271,309619437.09204566,160000.0,44532.205616570885,33603578.779479146,39108260.192883305,68595446.90153538,57335439.82241872,45983277.8740833,0.10853187737528654,0.12631073992055916,0.22154761195158068,0.1851803632256255,0.1485154753395314
13273,210807992.42220375,130034.3347639485,45402.00439835785,29391461.099009514,25947228.294457138,59698041.55481901,49007822.45279998,50031476.78297141,0.13942289740203323,0.12308465156525154,0.2831868036353028,0.23247611198083845,0.23733197308178414
13275,861104681.4492002,169285.71428571426,43798.940074932354,106870525.76208001,110781356.02936003,195829147.93830404,170389514.93536,139438131.09624004,0.1241086340190623,0.1286502772728166,0.22741619242939481,0.19787317222408102,0.1619293613194298
13277,729540345.5567591,150000.0,44174.603563113815,62388175.615141466,60503748.27652683,174891695.48219123,139222062.90585953,80300828.37266341,0.08551710127495285,0.08293406751939474,0.2397286134308585,0.1908353167220796,0.1100704421102039
13279,557314986.7656825,160000.0,44532.205616570885,60486441.8030625,70394868.34719,123471804.42276374,103203791.68035375,82769900.17334999,0.10853187737528655,0.12631073992055916,0.22154761195158068,0.1851803632256255,0.1485154753395314
13281,338283017.17124903,300000.0,54044.31453798295,59625212.66163635,61373547.00645453,47879990.86047998,33844411.67714363,68848461.12770362,0.17625836839291367,0.1814266276789928,0.14153826361387126,0.10004762272771907,0.20352325606948948
13283,110248406.6824783,160000.0,44064.111383884214,12307799.16935319,13704537.52784085,21155785.047291066,20865634.129028086,24007048.47834383,0.11163697997741007,0.12430599171660323,0.19189197997410462,0.18926018757914845,0.21775415355874939
13285,1538843359.5032787,250000.0,50596.18982911163,193650642.4584857,196900596.39844286,309256643.12888575,258901396.5582,326527467.38794285,0.12584168574571095,0.12795363165618115,0.2009669413192973,0.16824415231045378,0.21219019166014547
13287,182385086.3891896,150000.0,44174.603563113815,15597043.903785352,15125937.069131693,43722923.870547764,34805515.726464845,20075207.093165834,0.08551710127495285,0.08293406751939474,0.2397286134308585,0.1908353167220796,0.1100704421102039
13289,240703184.3485254,210000.0,49430.684468901054,43411782.40812448,32856205.872914683,41075859.111648634,34267901.669612795,53634280.104391634,0.18035400123858156,0.13650091901293937,0.17064942128963684,0.14236580111044436,0.22282330933658132
13291,676566034.3424981,300000.0,54044.31453798295,119250425.3232727,122747094.01290905,95759981.72095996,67688823.35428727,137696922.25540724,0.17625836839291367,0.1814266276789928,0.14153826361387126,0.10004762272771907,0.20352325606948948
13293,694837560.882523,250000.0,46904.2774557908,67698316.56406152,74013715.06393434,167854079.28096816,133040505.07127383,130293501.132841,0.09743042169176482,0.10651945034452151,0.24157312259828662,0.1914699385310967,0.1875164908577386
13295,1487115318.5741029,227450.98039215693,47091.49413430491,230067581.53986385,215363290.34458724,300701437.1621617,220982528.22597954,354642170.9938775,0.1547072904611463,0.14481949560649066,0.20220451864518788,0.148598111703849,0.23847657714528858
13297,2246902203.3645806,305965.5172413793,51671.31667505081,411331114.6354839,355431172.9092258,403499835.1130323,332506916.0270968,452122950.67045164,0.18306587354783133,0.15818720208516074,0.17958050622266478,0.14798459653882162,0.2012205738164433
13299,631780236.5400897,128863.63636363635,43387.85086259902,85630336.33799997,73802908.01999998,143010215.8967102,140413794.84156734,122975216.17788163,0.1355381687894352,0.11681737375036866,0.22636069890362176,0.22225100869019881,0.1946487228713401
13301,125649636.68288544,130000.0,43849.96433153554,14165375.667622207,16099180.418055538,26389657.03111108,24400356.517544415,36352517.19885552,0.1127371000950268,0.12812755247901472,0.21002573288543044,0.19419360980028966,0.289316532530866
13303,314124091.70721394,130000.0,43849.96433153554,35413439.16905556,40247951.04513889,65974142.57777777,61000891.293861106,90881292.99713889,0.11273710009502681,0.12812755247901472,0.21002573288543044,0.19419360980028966,0.289316532530866
13305,433467211.92886406,160000.0,44532.205616570885,47045010.29127082,54751564.270036645,96033625.66214956,80269615.75138624,64376589.02371664,0.10853187737528655,0.12631073992055916,0.22154761195158068,0.1851803632256255,0.1485154753395314
13307,128727688.00055234,175000.0,48689.85462760309,16432716.936859576,17104365.416998297,30319684.412595745,22871554.449038297,27829303.45562128,0.12765487512514842,0.13287246654290027,0.23553351173731676,0.17767393172586274,0.21618739439724785
13309,123847774.83681814,160000.0,44532.205616570885,13441431.511791646,15643304.077153308,27438178.760614123,22934175.928967465,18393311.149633303,0.10853187737528655,0.12631073992055916,0.22154761195158068,0.1851803632256255,0.1485154753395314
13311,761136788.6353103,300000.0,54044.31453798295,134156728.4886818,138090480.7645227,107729979.43607995,76149926.27357318,154909037.53733316,0.17625836839291367,0.18142662767899284,0.14153826361387126,0.10004762272771907,0.2035232560694895
13313,2065010983.94378,250000.0,40306.267131414905,230405766.5064,276524478.8508,497950432.765,447002875.36539996,458063218.3402,0.11157604889169577,0.13390944697189483,0.241136941467502,0.21646513207000434,0.22182120187340892
13315,220496813.3649566,160000.0,44064.111383884214,24615598.33870638,27409075.0556817,42311570.09458213,41731268.25805617,48014096.95668766,0.11163697997741007,0.12430599171660323,0.19189197997410462,0.18926018757914845,0.21775415355874939
13317,251299273.3657711,130000.0,43849.96433153554,28330751.33524444,32198360.836111106,52779314.06222221,48800713.03508888,72705034.3977111,0.1127371000950268,0.12812755247901472,0.21002573288543044,0.19419360980028966,0.289316532530866
13319,240703184.3485254,210000.0,49430.684468901054,43411782.40812448,32856205.872914683,41075859.111648634,34267901.669612795,53634280.104391634,0.18035400123858156,0.13650091901293937,0.17064942128963684,0.14236580111044436,0.22282330933658132
13321,369044863.47822857,169285.71428571426,43798.940074932354,45801653.89803428,47477724.01258286,83926777.68784456,73024077.82944,59759199.04124572,0.1241086340190623,0.1286502772728166,0.2274161924293948,0.19787317222408105,0.1619293613194298
15001,4934143820.64702,600000.0,58705.56247720996,708694488.786,465015821.3412,758125156.3293,692215203.7376,1451841345.4424,0.14363069147284566,0.09424448055108006,0.15364877552958847,0.14029084455159416,0.29424382389648673
15003,31487642314.09888,835552.9275311253,61605.29057486266,5152095624.2437,4185948983.7365,3944147096.002,3431979729.4113197,5559433234.2529,0.16362278168844677,0.132939422455971,0.12526015941930246,0.10899449679897498,0.1765592094446402
15005,179734545.00928313,900000.0,55072.860058775565,18718525.66478307,16745595.786279412,32598185.70477291,27647156.443065874,35739059.89591545,0.10414539766863558,0.0931684879243137,0.18136850488641035,0.15382216279924332,0.1988435773104695
15007,1887212722.5974753,900000.0,55072.860058775565,196544519.4802225,175828755.75593406,342280949.90011597,290295142.65219206,375260128.90711266,0.10414539766863558,0.0931684879243137,0.18136850488641035,0.15382216279924332,0.19884357731046948
15009,4313629080.222801,900000.0,55072.860058775565,449244615.95479435,401894298.8707065,782356456.9145509,663531754.633582,857737437.501972,0.10414539766863558,0.0931684879243137,0.18136850488641035,0.15382216279924332,0.19884357731046948
16001,17299522796.71033,449543.6941410129,60596.614858304754,2771932840.6085362,2762311893.1998653,2061193453.424405,1622723615.2749634,3987954781.024343,0.16023175166055134,0.1596756121923285,0.11914741681870905,0.09380164033100033,0.2305239761748047
16003,129540443.6931858,350000.0,49002.13078812292,12198527.35909188,14054918.638209715,26894883.186727542,18434542.570068087,31567689.083209697,0.09416771327404028,0.10849830552918698,0.20761765530483736,0.14230723660118047,0.24368983294496965
16005,2361959352.3427343,329000.0,49487.674073586335,300180810.7893177,260642919.21430594,538167135.01704,476202155.1510072,449165192.681393,0.1270897445765018,0.11035029834691461,0.22784775465473325,0.20161318808415607,0.1901663516079918
16007,196829946.02856115,329000.0,49487.674073586335,25015067.56577647,21720243.267858822,44847261.25141999,39683512.92925058,37430432.72344941,0.1270897445765018,0.11035029834691461,0.22784775465473328,0.20161318808415604,0.1901663516079918
16009,175298734.12902614,400000.0,48834.39480504242,28403066.556125697,23457437.170479983,27674718.23627198,19593808.838854842,33167379.03483426,0.16202664952058365,0.13381407051812746,0.15787175174866008,0.11177381819787185,0.18920489756886597
16011,971755817.3570967,364500.0,45653.76114612361,186016070.88191897,123327383.76472017,177043768.42075768,147653233.6390233,197252569.2563841,0.19142264708826803,0.12691190684109932,0.18218956373450595,0.15194479004056666,0.20298573544211526
16013,653274425.713765,350000.0,43746.299413306886,47395964.4948,48861567.49811,183854681.67579,166256467.976005,138884359.50418,0.07255138519009888,0.07479485737517437,0.28143560261816636,0.25449713234121146,0.2125972700560496
16015,194310665.5397787,350000.0,49002.13078812292,18297791.03863782,21082377.957314573,40342324.780091316,27651813.855102133,47351533.62481455,0.09416771327404028,0.10849830552918698,0.20761765530483736,0.14230723660118047,0.24368983294496965
16017,1402389873.03221,400000.0,48834.39480504242,227224532.44900572,187659497.36383998,221397745.890176,156750470.71083885,265339032.27867427,0.16202664952058365,0.13381407051812746,0.15787175174866008,0.11177381819787185,0.18920489756886597
16019,3121846187.199,382976.1904761904,49315.927952845836,546365303.549,210091370.79258,586032240.91472,505799487.74821997,696762396.75012,0.1750135243015329,0.0672971562961849,0.18771976765470408,0.162019349262699,0.22318921400008918
16021,175298734.12902614,400000.0,48834.39480504242,28403066.556125697,23457437.170479983,27674718.23627198,19593808.838854842,33167379.03483426,0.16202664952058365,0.13381407051812746,0.15787175174866008,0.11177381819787185,0.18920489756886597
16023,64770221.8465929,350000.0,49002.13078812292,6099263.67954594,7027459.319104858,13447441.593363771,9217271.285034044,15783844.541604849,0.09416771327404028,0.10849830552918698,0.20761765530483736,0.14230723660118047,0.24368983294496965
16025,81659303.21422063,350000.0,43746.299413306886,5924495.56185,6107695.93726375,22981835.20947375,20782058.497000623,17360544.9380225,0.07255138519009888,0.07479485737517437,0.28143560261816636,0.25449713234121146,0.2125972700560496
16027,6565398167.334412,434510.14550567674,54199.60914139222,862679207.7390962,984390004.6478145,1492562597.7086835,1143136893.5013416,1351016390.4390159,0.1313978506332311,0.14993607083048893,0.2273377119966316,0.17411539473552776,0.20577828731864042
16029,196829946.02856115,329000.0,49487.674073586335,25015067.56577647,21720243.267858822,44847261.25141999,39683512.92925058,37430432.72344941,0.1270897445765018,0.11035029834691461,0.22784775465473328,0.20161318808415604,0.1901663516079918
16031,669464227.8238904,350000.0,43903.29906063983,56631973.09502609,55196208.05906088,173411660.61777392,126164102.48227826,140260924.6760348,0.08459297859589851,0.08244833071735211,0.2590305103850772,0.1884553307536352,0.2095122022157275
16033,64770221.8465929,350000.0,49002.13078812292,6099263.67954594,7027459.319104858,13447441.593363771,9217271.285034044,15783844.541604849,0.09416771327404028,0.10849830552918698,0.20761765530483736,0.14230723660118047,0.24368983294496965
16035,194310665.5397787,350000.0,49002.13078812292,18297791.03863782,21082377.957314573,40342324.780091316,27651813.855102133,47351533.62481455,0.09416771327404028,0.10849830552918698,0.20761765530483736,0.14230723660118047,0.24368983294496965
16037,64770221.8465929,350000.0,49002.13078812292,6099263.67954594,7027459.319104858,13447441.593363771,9217271.285034044,15783844.541604849,0.09416771327404028,0.10849830552918698,0.20761765530483736,0.14230723660118047,0.24368983294496965
16039,571615122.4995444,350000.0,43746.299413306886,41471468.93295,42753871.56084625,160872846.46631625,145474409.47900435,121523814.5661575,0.07255138519009888,0.07479485737517437,0.28143560261816636,0.25449713234121146,0.2125972700560496
16041,196829946.02856115,329000.0,49487.674073586335,25015067.56577647,21720243.267858822,44847261.25141999,39683512.92925058,37430432.72344941,0.1270897445765018,0.11035029834691461,0.22784775465473328,0.20161318808415604,0.1901663516079918
16043,388151486.37458503,400000.0,41819.84821866089,77114905.37734702,49985449.83590702,68720061.24224345,56805100.96639913,79349934.61984864,0.19867218878282844,0.12877820024027586,0.17704443665565475,0.1463477610171495,0.2044303252861232
16045,516477453.39338154,491605.2631578947,60427.23828198532,93815796.4136516,91398696.82910967,79022758.09235714,67433370.78351843,134216283.55790706,0.18164548287105114,0.17696551171517394,0.1530033064815483,0.1305640165712267,0.25986862093606156
16047,326637212.8568825,350000.0,43746.299413306886,23697982.2474,24430783.749055,91927340.837895,83128233.9880025,69442179.75209,0.07255138519009888,0.07479485737517437,0.28143560261816636,0.25449713234121146,0.2125972700560496
16049,388621331.07955766,350000.0,49002.13078812292,36595582.07727566,42164755.914629176,80684649.56018268,55303627.7102043,94703067.24962915,0.09416771327404028,0.10849830552918699,0.20761765530483736,0.14230723660118047,0.24368983294496968
16051,582227229.5618774,400000.0,41819.84821866089,115672358.06602049,74978174.7538605,103080091.86336514,85207651.44959867,119024901.92977291,0.19867218878282844,0.12877820024027586,0.17704443665565472,0.1463477610171495,0.2044303252861232
16053,489955819.28532374,350000.0,43746.299413306886,35546973.3711,36646175.6235825,137891011.2568425,124692350.98200372,104163269.628135,0.07255138519009888,0.07479485737517437,0.28143560261816636,0.25449713234121146,0.2125972700560496
16055,4807277583.31176,425000.0,51032.69161663753,606596859.8441886,825758644.88072,1091957257.836208,869447914.5757623,978074610.7774515,0.1261830317329628,0.17177261569985114,0.2271467039113545,0.1808607677646929,0.20345706979201533
16057,788844303.5806181,400000.0,48834.39480504242,127813799.50256571,105558467.26715998,124536232.063224,88172139.77484685,149253205.65675426,0.16202664952058365,0.13381407051812746,0.15787175174866008,0.11177381819787187,0.18920489756886597
16059,194310665.5397787,350000.0,49002.13078812292,18297791.03863782,21082377.957314573,40342324.780091316,27651813.855102133,47351533.62481455,0.09416771327404028,0.10849830552918698,0.20761765530483736,0.14230723660118047,0.24368983294496965
16061,194310665.5397787,350000.0,49002.13078812292,18297791.03863782,21082377.957314573,40342324.780091316,27651813.855102133,47351533.62481455,0.09416771327404028,0.10849830552918698,0.20761765530483736,0.14230723660118047,0.24368983294496965
16063,81659303.21422063,350000.0,43746.299413306886,5924495.56185,6107695.93726375,22981835.20947375,20782058.497000623,17360544.9380225,0.07255138519009888,0.07479485737517437,0.28143560261816636,0.25449713234121146,0.2125972700560496
16065,1067416587.530109,400000.0,41819.84821866089,212065989.78770435,137459987.04874432,188980168.41616952,156214027.65759763,218212320.2045838,0.19867218878282844,0.12877820024027586,0.17704443665565472,0.1463477610171495,0.2044303252861232
16067,408296516.07110316,350000.0,43746.299413306886,29622477.80925,30538479.68631875,114909176.04736876,103910292.48500311,86802724.6901125,0.07255138519009888,0.07479485737517437,0.28143560261816636,0.25449713234121146,0.21259727005604956
16069,647702218.4659297,350000.0,49002.13078812292,60992636.795459464,70274593.19104865,134474415.93363786,92172712.85034055,157838445.41604865,0.09416771327404028,0.10849830552918698,0.20761765530483733,0.14230723660118047,0.24368983294496963
16071,98414973.01428041,329000.0,49487.674073586335,12507533.782888213,10860121.633929392,22423630.62570996,19841756.46462526,18715216.361724675,0.1270897445765018,0.1103502983469146,0.22784775465473328,0.2016131880841561,0.1901663516079918
16073,325660640.2027006,380811.9658119658,47290.0498701692,32315191.752212897,43740444.88497096,99541152.97776772,76948838.00136775,58585345.889599346,0.09922965124707421,0.13431296105585755,0.3056591454091917,0.23628534892479658,0.17989691923818035
16075,645596816.7417269,491605.2631578947,60427.23828198532,117269745.5170645,114248371.03638707,98778447.61544642,84291713.47939804,167770354.44738382,0.18164548287105114,0.17696551171517394,0.1530033064815483,0.1305640165712267,0.25986862093606156
16077,196829946.02856115,329000.0,49487.674073586335,25015067.56577647,21720243.267858822,44847261.25141999,39683512.92925058,37430432.72344941,0.1270897445765018,0.11035029834691461,0.22784775465473328,0.20161318808415604,0.1901663516079918
16079,262948101.19353938,400000.0,48834.39480504242,42604599.83418857,35186155.75572,41512077.354407996,29390713.25828228,49751068.55225142,0.16202664952058365,0.13381407051812746,0.15787175174866008,0.11177381819787185,0.18920489756886597
16081,679265101.1555239,400000.0,41819.84821866089,134951084.4103573,87474537.2128373,120260107.17392606,99408926.69119848,138862385.58473513,0.19867218878282844,0.12877820024027586,0.17704443665565472,0.1463477610171495,0.2044303252861232
16083,1896815312.1676896,350000.0,43903.29906063983,160457257.1025739,156389256.16733915,491333038.4170261,357464957.0331217,397405953.24876523,0.08459297859589851,0.08244833071735211,0.2590305103850772,0.1884553307536352,0.20951220221572747
16085,259080887.38637185,350000.0,49002.13078812292,24397054.718183782,28109837.276419457,53789766.37345514,36869085.14013621,63135378.166419454,0.09416771327404028,0.10849830552918698,0.20761765530483736,0.14230723660118047,0.24368983294496965
16087,387358090.04503626,491605.2631578947,60427.23828198532,70361847.31023872,68549022.62183227,59267068.56926787,50575028.08763884,100662212.66843033,0.18164548287105114,0.17696551171517394,0.1530033064815483,0.1305640165712267,0.25986862093606156
17001,1298583004.6921449,150000.0,47788.33774326872,148985432.13597444,159556986.72835955,297340355.7292161,265700661.23205653,254912903.31421697,0.11472923301602458,0.12287007157173271,0.2289729302284428,0.20460814616547843,0.1963008158840406
17003,204066409.11813366,115000.0,46555.79684695298,20407879.06440814,20221735.884097934,53278595.83869382,41458144.3528522,39820240.830925666,0.10000606740031406,0.09909389777320778,0.26108459529883205,0.2031600621190534,0.195133736135249
17005,317570258.8497408,150000.0,50455.38964387818,46666617.629888006,31884699.553184003,76349326.3196384,66361689.1910912,65816402.027827196,0.14694895485149456,0.10040203282471212,0.24041711776216199,0.2089669524830737,0.20724989256304507
17007,1205290189.4309933,200000.0,50859.702768028415,171873301.0422,93902120.86634664,307505999.642,204591237.70385334,214520316.70906666,0.1425991039745705,0.07790830929328064,0.2551302601966509,0.16974438147583282,0.17798229720125722
17009,136692947.86233106,150000.0,47788.33774326872,15682677.06694468,16795472.287195746,31298984.813601702,27968490.656005956,26832937.190970212,0.11472923301602458,0.12287007157173271,0.2289729302284428,0.20460814616547843,0.1963008158840406
17011,781641812.6662271,150000.0,50244.3239697794,125615287.78270453,107542164.75695452,163016618.4193636,135810975.22461817,159024389.8349636,0.1607069705677889,0.13758496924585156,0.20855667618816875,0.17375090869481352,0.20344918511014892
17013,145565575.5861766,134000.00000000006,49453.42300865608,12519611.807614872,17631482.646725565,35071561.45832554,31187429.28520183,31891035.169972062,0.08600667951333801,0.12112398536347291,0.24093307306412393,0.21425003239683196,0.21908363321170107
17015,419109859.74744445,140000.0,46108.94968250495,53693291.55886222,57011545.11340666,106449231.47173777,78934639.41222444,71235237.21062888,0.1281126900503314,0.13603007370850642,0.2539888504075854,0.18833877938302487,0.16996793454955994
17017,363913938.96544164,134000.00000000006,49453.42300865608,31299029.51903719,44078706.616813935,87678903.6458139,77968573.2130046,79727587.92493019,0.08600667951333801,0.12112398536347294,0.24093307306412395,0.21425003239683196,0.21908363321170107
17019,4907246223.88914,182500.0,50403.34498962175,779044752.9990556,608406992.5229948,487345754.0516574,463620991.28274083,798832078.7405043,0.15875395638526554,0.12398134610837072,0.09931145327071468,0.09447681451682025,0.16278622312686927
17021,722941272.3633702,125000.0,52483.341006593044,76130554.38148935,94943837.1716,186800855.8335404,165744054.2704383,140072228.7761702,0.10530669266206182,0.13132994449358068,0.25839008364105287,0.22926351089156077,0.19375326064627563
17023,330190286.4699778,153958.33333333358,48126.45880400661,42545677.843262225,33017795.03021778,74389451.45177111,63691898.29328222,38360554.18766666,0.12885199712599857,0.099996263921652,0.22529267062050565,0.19289452447012956,0.11617711289382389
17025,268476494.137693,130000.0,46218.409342173385,39687113.35139459,27199417.62205405,65865443.46681945,47963269.49944649,51313040.82532973,0.14782341924891326,0.10131023838572752,0.245330391691718,0.17864979075169116,0.19112675390871617
17027,714533082.4119167,150000.0,50455.38964387818,104999889.667248,71740573.994664,171785984.2191864,149313800.67995518,148086904.56261116,0.14694895485149456,0.10040203282471212,0.240417117762162,0.2089669524830737,0.20724989256304505
17029,1073118431.0274278,153958.33333333358,48126.45880400661,138273452.99060223,107307833.84820779,241765717.2182561,206998669.4531672,124671801.10991666,0.12885199712599857,0.099996263921652,0.22529267062050565,0.19289452447012956,0.1161771128938239
17031,194821883963.53876,308307.72295145807,67943.3001970606,56348262692.0473,33800794079.722878,20223667226.7471,16906600990.40468,37637228446.53336,0.28922963655660455,0.17349587937486916,0.10380593193797466,0.08677978390543015,0.19318788875677453
17033,495285429.7049665,153958.33333333358,48126.45880400661,63818516.76489331,49526692.54532665,111584177.17765662,95537847.43992329,57540831.281499974,0.12885199712599857,0.099996263921652,0.22529267062050565,0.19289452447012956,0.1161771128938239
17035,247642714.85248324,153958.33333333358,48126.45880400661,31909258.382446654,24763346.272663325,55792088.58882831,47768923.71996164,28770415.640749987,0.12885199712599857,0.099996263921652,0.22529267062050565,0.19289452447012956,0.1161771128938239
17037,2666070530.212865,225000.0,49764.828873198414,360488362.04190004,351219253.8540145,453179509.05662775,378523247.47866106,611311429.3114499,0.13521336287120575,0.13173667008200732,0.169980315194604,0.14197795714295636,0.22929304472025405
17039,401965850.155463,140000.0,48622.321521272,60246819.859447345,45356291.296049975,82151903.23999734,59292266.61958419,73505176.56869471,0.14988044341614215,0.1128361806817871,0.20437532991477894,0.14750573113773846,0.18286423222337442
17041,412737858.08747226,153958.33333333358,48126.45880400661,53182097.30407778,41272243.78777223,92986814.3147139,79614872.86660278,47950692.73458333,0.12885199712599857,0.099996263921652,0.22529267062050565,0.19289452447012956,0.1161771128938239
17043,40991595736.96588,364815.7454894409,82148.8967544555,11411037979.471241,7627384151.27738,3357319631.04728,2499735895.7918,8873790519.512701,0.27837506138315227,0.18607190118239453,0.08190263322731973,0.06098166833592084,0.21647828926821677
17045,412737858.08747226,153958.33333333358,48126.45880400661,53182097.30407778,41272243.78777223,92986814.3147139,79614872.86660278,47950692.73458333,0.12885199712599857,0.099996263921652,0.22529267062050565,0.19289452447012956,0.1161771128938239
17047,153049806.83860025,115000.0,46555.79684695298,15305909.298306104,15166301.913073452,39958946.87902036,31093608.26463915,29865180.62319425,0.10000606740031406,0.09909389777320779,0.26108459529883205,0.2031600621190534,0.195133736135249
17049,536952988.275386,130000.0,46218.409342173385,79374226.70278919,54398835.2441081,131730886.9336389,95926538.99889298,102626081.65065946,0.14782341924891326,0.10131023838572752,0.245330391691718,0.17864979075169116,0.19112675390871617
17051,469833864.74096274,130000.0,46218.409342173385,69452448.36494054,47598980.83859459,115264526.06693405,83935721.62403136,89797821.44432703,0.14782341924891326,0.10131023838572752,0.245330391691718,0.17864979075169116,0.19112675390871617
17053,348768187.01749986,140000.0,51064.96889569507,40022934.43403477,38113687.50812173,84829212.39166084,65914586.96591302,63713480.8490652,0.11475511793748142,0.1092808602586489,0.24322520100551612,0.18899254410094943,0.1826814578299491
17055,846893672.369633,133751.21951219512,46272.04528880548,126287297.62506564,100099473.52511092,139260153.2618943,115755235.02217357,142276118.34015846,0.14911824440925403,0.11819603427314518,0.1644364077868717,0.13668213472216303,0.16799761644465447
17057,820157687.1739863,150000.0,47788.33774326872,94096062.40166807,100772833.72317447,187793908.88161018,167810943.93603572,160997623.14582127,0.11472923301602458,0.12287007157173271,0.2289729302284428,0.20460814616547843,0.19630081588404064
17059,102033204.55906683,115000.0,46555.79684695298,10203939.53220407,10110867.942048967,26639297.91934691,20729072.1764261,19910120.415462833,0.10000606740031406,0.09909389777320778,0.26108459529883205,0.2031600621190534,0.195133736135249
17061,363913938.96544164,134000.00000000006,49453.42300865608,31299029.51903719,44078706.616813935,87678903.6458139,77968573.2130046,79727587.92493019,0.08600667951333801,0.12112398536347294,0.24093307306412395,0.21425003239683196,0.21908363321170107
17063,1141219290.9852,227096.15384615387,56433.84346376886,138437647.4973,117778083.7694,268164492.42188,206946700.655915,219137390.8837,0.12130678879235257,0.10320372666301819,0.23498068648171647,0.18133824260652007,0.19202040538109158
17065,153049806.83860025,115000.0,46555.79684695298,15305909.298306104,15166301.913073452,39958946.87902036,31093608.26463915,29865180.62319425,0.10000606740031406,0.09909389777320779,0.26108459529883205,0.2031600621190534,0.195133736135249
17067,460978206.364235,134156.25000000003,43436.72868541434,67512433.30118635,41499301.77435,105368884.88284773,90188291.98497045,89457668.54449728,0.14645471818214856,0.09002443326259973,0.2285767167040259,0.195645457290251,0.1940605158973907
17069,102033204.55906683,115000.0,46555.79684695298,10203939.53220407,10110867.942048967,26639297.91934691,20729072.1764261,19910120.415462833,0.10000606740031406,0.09909389777320778,0.26108459529883205,0.2031600621190534,0.195133736135249
17071,197562088.44181472,134156.25000000003,43436.72868541434,28933899.986222684,17785415.046149977,45158093.52122039,38652125.136415854,38339000.80478449,0.14645471818214856,0.09002443326259973,0.2285767167040259,0.195645457290251,0.1940605158973907
17073,921956412.72847,134156.25000000003,43436.72868541434,135024866.6023727,82998603.5487,210737769.76569545,180376583.9699409,178915337.08899456,0.14645471818214856,0.09002443326259973,0.2285767167040259,0.195645457290251,0.1940605158973907
17075,627782736.6315,140000.0,51064.96889569507,72041281.98126262,68604637.51461914,152692582.30498958,118646256.53864348,114684265.5283174,0.11475511793748143,0.1092808602586489,0.24322520100551612,0.18899254410094943,0.1826814578299491
17077,1199766035.85698,133751.21951219512,46272.04528880548,178907004.96884298,141807587.49390712,197285217.12101692,163986582.94807923,201557834.3152245,0.14911824440925403,0.11819603427314516,0.1644364077868717,0.13668213472216303,0.16799761644465447
17079,201357370.60326955,130000.0,46218.409342173385,29765335.013545915,20399563.21654052,49399082.60011454,35972452.12458483,38484780.61899726,0.14782341924891326,0.10131023838572752,0.245330391691718,0.17864979075169116,0.1911267539087162
17081,873318211.8367872,150000.0,50455.38964387818,128333198.48219201,87682923.771256,209960647.3790056,182494645.2755008,180995105.5765248,0.14694895485149456,0.10040203282471212,0.24041711776216199,0.2089669524830737,0.20724989256304507
17083,436696726.75853014,134000.00000000006,49453.42300865608,37558835.42284464,52894447.94017674,105214684.37497671,93562287.85560556,95673105.50991626,0.08600667951333801,0.12112398536347292,0.24093307306412393,0.21425003239683196,0.21908363321170107
17085,488961503.0386851,140000.0,46108.94968250495,62642173.48533924,66513469.29897442,124190770.0503607,92090412.64759517,83107776.74573368,0.1281126900503314,0.13603007370850642,0.2539888504075854,0.1883387793830249,0.16996793454955994
17087,204066409.11813366,115000.0,46555.79684695298,20407879.06440814,20221735.884097934,53278595.83869382,41458144.3528522,39820240.830925666,0.10000606740031406,0.09909389777320778,0.26108459529883205,0.2031600621190534,0.195133736135249
17089,18390591174.162743,303225.19083969464,66212.79165929586,4198955474.42632,2885809184.38586,2146085390.0,1724897342.49576,3545336958.83876,0.22832085356372364,0.1569176954159137,0.116694747312695,0.0937923814498741,0.19277993432966226
17091,3423657872.9556,227096.15384615387,56433.84346376886,415312942.49189997,353334251.3082,804493477.26564,620840101.9677451,657412172.6511,0.12130678879235256,0.10320372666301819,0.23498068648171647,0.1813382426065201,0.19202040538109158
17093,5047613400.95806,312994.35028248583,63992.66463346003,848926029.1802,772341162.3936,815181716.5608,656564545.3859001,1039541435.4718,0.16818364675453748,0.1530111561727382,0.16149844526644508,0.13007425355937147,0.20594711854804296
17095,1250626900.2659636,150000.0,50244.3239697794,200984460.45232728,172067463.61112726,260826589.47098178,217297560.3593891,254439023.73594177,0.1607069705677889,0.13758496924585156,0.20855667618816875,0.17375090869481352,0.20344918511014892
17097,31414570940.829422,324000.0,80555.03188382967,9400552622.714321,5914240138.53138,3073829264.8759403,2303980059.35384,6774677484.2785,0.29924179580299315,0.1882642341247023,0.09784724644705854,0.07334112771087903,0.21565398734997435
17099,2865684863.315253,150000.0,54118.861487423295,261660335.68153685,420968180.3987137,870767030.2202715,760025330.2215811,661319362.1659431,0.0913081333649602,0.14689967685829353,0.30386000964980453,0.265215948882224,0.23077183769637397
17101,335595617.6721161,130000.0,46218.409342173385,49608891.68924322,33999272.02756755,82331804.33352429,59954086.87430809,64141301.03166214,0.14782341924891326,0.10131023838572752,0.24533039169171802,0.17864979075169116,0.19112675390871617
17103,628664789.6211665,140000.0,46108.94968250495,80539937.3382933,85517317.67010996,159673847.20760658,118401959.11833663,106852855.81594329,0.1281126900503314,0.13603007370850642,0.2539888504075854,0.1883387793830249,0.16996793454955994
17105,1023458879.7554474,150000.0,54118.861487423295,93450119.88626316,150345778.7138263,310988225.07866836,271437617.93627894,236185486.48783684,0.0913081333649602,0.14689967685829353,0.30386000964980453,0.26521594888222394,0.230771837696374
17107,643145360.2487408,140000.0,48622.321521272,96394911.77511576,72570066.07367997,131443045.18399575,94867626.5913347,117608282.50991154,0.14988044341614215,0.1128361806817871,0.20437532991477894,0.14750573113773846,0.18286423222337442
17109,724394324.286655,134156.25000000003,43436.72868541434,106090966.61614998,65213188.50255,165579676.244475,141724458.833525,140576336.28421,0.14645471818214856,0.09002443326259973,0.2285767167040259,0.195645457290251,0.1940605158973907
17111,11537870586.111881,309384.8167539267,65942.06690582712,2276949191.203,2110991255.93896,1669211401.8730998,1106845731.8562,2657622602.71006,0.19734570380289762,0.1829619460700103,0.14467239768509166,0.09593154331168427,0.23033908925179286
17113,5429502618.26566,200000.0,58470.397250300564,1154679018.5971,1036603796.3066,492810512.37764,308205490.9418,1199039674.1023,0.2126675498253904,0.19092058134741652,0.0907653144359396,0.05676495852584186,0.22083784803207404
17115,2674882707.74447,125000.0,52483.341006593044,281683051.21151066,351292197.53492004,691163166.5840997,613253000.8006219,518267246.47182983,0.10530669266206183,0.13132994449358068,0.25839008364105287,0.22926351089156077,0.19375326064627563
17117,946176241.3101487,134000.00000000006,49453.42300865608,81377476.74949673,114604637.20371628,227965149.47911623,202718290.35381207,207291728.60481858,0.08600667951333801,0.12112398536347292,0.24093307306412395,0.21425003239683196,0.21908363321170107
17119,7642065638.67494,188220.5882352941,56691.69320709405,1179889710.677,978958209.5505998,1214934112.65,996725145.833,1686090195.2449799,0.15439408223685205,0.1281012563666414,0.1589798059966229,0.13042614300363722,0.22063278110462964
17121,952710776.5492224,150000.0,50455.38964387818,139999852.889664,95654098.659552,229047978.9589152,199085067.5732736,197449206.08348158,0.14694895485149456,0.10040203282471212,0.240417117762162,0.2089669524830737,0.20724989256304507
17123,390820906.33311355,150000.0,50244.3239697794,62807643.891352266,53771082.37847726,81508309.2096818,67905487.61230908,79512194.9174818,0.1607069705677889,0.13758496924585156,0.20855667618816875,0.17375090869481352,0.20344918511014892
17125,410078843.58699316,150000.0,47788.33774326872,47048031.200834036,50386416.861587234,93896954.44080509,83905471.96801786,80498811.57291064,0.11472923301602458,0.12287007157173271,0.2289729302284428,0.20460814616547843,0.19630081588404064
17127,204066409.11813366,115000.0,46555.79684695298,20407879.06440814,20221735.884097934,53278595.83869382,41458144.3528522,39820240.830925666,0.10000606740031406,0.09909389777320778,0.26108459529883205,0.2031600621190534,0.195133736135249
17129,241179510.09327778,140000.0,48622.321521272,36148091.915668406,27213774.777629986,49291141.943998404,35575359.97175051,44103105.94121682,0.14988044341614215,0.1128361806817871,0.20437532991477894,0.14750573113773846,0.1828642322233744
17131,263416117.92241994,134156.25000000003,43436.72868541434,38578533.314963624,23713886.728199996,60210791.361627266,51536166.84855454,51118667.739712715,0.14645471818214856,0.09002443326259973,0.2285767167040259,0.195645457290251,0.19406051589739068
17133,1254932637.6724405,225000.0,66906.0840061606,283055397.8790221,197590310.3048518,163601211.79125106,126054629.44680664,234972150.2460733,0.2255542563655154,0.15745092953461487,0.13036652875224197,0.10044732734069596,0.1872388550527165
17135,643145360.2487408,140000.0,48622.321521272,96394911.77511576,72570066.07367997,131443045.18399575,94867626.5913347,117608282.50991154,0.14988044341614215,0.1128361806817871,0.20437532991477894,0.14750573113773846,0.18286423222337442
17137,727827877.9308836,134000.00000000006,49453.42300865608,62598059.03807441,88157413.2336279,175357807.29162788,155937146.42600927,159455175.84986046,0.08600667951333801,0.12112398536347291,0.24093307306412395,0.21425003239683194,0.21908363321170107
17139,321572680.1243704,140000.0,48622.321521272,48197455.88755788,36285033.036839984,65721522.59199788,47433813.29566735,58804141.25495577,0.14988044341614215,0.1128361806817871,0.20437532991477894,0.14750573113773846,0.18286423222337442
17141,1506909430.120315,225000.0,49764.828873198414,203754291.58890003,198515230.4392256,256144939.90157223,213947922.48793888,345523851.34995,0.13521336287120575,0.13173667008200732,0.169980315194604,0.14197795714295636,0.22929304472025408
17143,4911101724.91456,160000.0,58879.05197116126,1057692118.3294001,590989504.4572,529619149.46892,386344347.84471995,929405495.50752,0.2153675850295691,0.12033745940529905,0.10784120939342463,0.0786675514955743,0.18924582457588762
17145,423446836.1848165,133751.21951219512,46272.04528880548,63143648.81253282,50049736.76255546,69630076.63094714,57877617.511086784,71138059.17007923,0.14911824440925403,0.11819603427314518,0.1644364077868717,0.13668213472216303,0.16799761644465447
17147,321572680.1243704,140000.0,48622.321521272,48197455.88755788,36285033.036839984,65721522.59199788,47433813.29566735,58804141.25495577,0.14988044341614215,0.1128361806817871,0.20437532991477894,0.14750573113773846,0.18286423222337442
17149,341732369.65582746,150000.0,47788.33774326872,39206692.66736168,41988680.71798934,78247462.03400421,69921226.64001486,67082342.97742549,0.11472923301602458,0.12287007157173271,0.2289729302284428,0.20460814616547846,0.1963008158840406
17151,102033204.55906683,115000.0,46555.79684695298,10203939.53220407,10110867.942048967,26639297.91934691,20729072.1764261,19910120.415462833,0.10000606740031406,0.09909389777320778,0.26108459529883205,0.2031600621190534,0.195133736135249
17153,102033204.55906683,115000.0,46555.79684695298,10203939.53220407,10110867.942048967,26639297.91934691,20729072.1764261,19910120.415462833,0.10000606740031406,0.09909389777320778,0.26108459529883205,0.2031600621190534,0.195133736135249
17155,156328362.53324527,150000.0,50244.3239697794,25123057.55654088,21508432.951390885,32603323.683872685,27162195.044923604,31804877.966992684,0.1607069705677889,0.13758496924585156,0.20855667618816875,0.17375090869481352,0.20344918511014892
17157,793925647.124352,150000.0,50455.38964387818,116666544.07472,79711748.88295999,190873315.79909602,165904222.977728,164541005.06956798,0.14694895485149456,0.1004020328247121,0.240417117762162,0.2089669524830737,0.20724989256304507
17159,335595617.6721161,130000.0,46218.409342173385,49608891.68924322,33999272.02756755,82331804.33352429,59954086.87430809,64141301.03166214,0.14782341924891326,0.10131023838572752,0.24533039169171802,0.17864979075169116,0.19112675390871617
17161,3809082003.85352,150000.0,53130.45909438188,583554465.5386,469662988.2888,896981214.0138,846419850.0326,672399851.8896,0.15320081451337556,0.1233008341153217,0.23548487879923677,0.22221098132733966,0.17652543347960367
17163,7494634323.713419,187500.0,60773.82660066882,1554026626.3923779,1217073801.5085483,1063516783.2550888,842393623.9212933,1398763063.3906667,0.20735189460483155,0.16239268641268625,0.14190375905200145,0.11239956314558475,0.1866352650408715
17165,459149420.5158013,115000.0,46555.79684695298,45917727.89491837,45498905.73922041,119876840.63706124,93280824.79391757,89595541.86958286,0.10000606740031405,0.09909389777320779,0.26108459529883205,0.2031600621190534,0.195133736135249
17167,5864835784.74766,180000.0,59136.23175949241,1189413232.2186,1099475126.4752,668735806.1494,633569816.45972,1171843266.8138,0.20280418342007775,0.1874690386616692,0.11402464292155334,0.10802856886588513,0.19980836801285132
17169,205039421.79349646,150000.0,47788.33774326872,23524015.600417003,25193208.430793602,46948477.220402524,41952735.98400891,40249405.78645529,0.11472923301602457,0.12287007157173271,0.2289729302284428,0.20460814616547843,0.19630081588404058
17171,145565575.5861766,134000.00000000006,49453.42300865608,12519611.807614872,17631482.646725565,35071561.45832554,31187429.28520183,31891035.169972062,0.08600667951333801,0.12112398536347291,0.24093307306412393,0.21425003239683196,0.21908363321170107
17173,482359020.18655556,140000.0,48622.321521272,72296183.83133681,54427549.55525997,98582283.88799681,71150719.94350103,88206211.88243364,0.14988044341614215,0.1128361806817871,0.20437532991477894,0.14750573113773846,0.1828642322233744
17175,156328362.53324527,150000.0,50244.3239697794,25123057.55654088,21508432.951390885,32603323.683872685,27162195.044923604,31804877.966992684,0.1607069705677889,0.13758496924585156,0.20855667618816875,0.17375090869481352,0.20344918511014892
17177,908071362.7861295,140000.0,46108.94968250495,116335465.04420145,123525014.41238107,230640001.52209845,171025052.0598196,154343013.95636255,0.1281126900503314,0.13603007370850642,0.2539888504075854,0.1883387793830249,0.16996793454955994
17179,3860401134.7834,150454.54545454544,57827.66054171698,544245827.5788,576595653.67298,574067198.05708,565389081.23144,738700381.8271,0.1409816774414912,0.1493615905553638,0.14870661830568804,0.1464586351239799,0.1913532703042652
17181,255083011.39766735,115000.0,46555.79684695298,25509848.830510203,25277169.855122447,66598244.798367344,51822680.441065304,49775301.038657136,0.10000606740031406,0.09909389777320779,0.26108459529883205,0.2031600621190534,0.195133736135249
17183,1674087297.6839998,140000.0,51064.96889569507,192110085.28336695,182945700.03898436,407180219.4799721,316390017.4363826,305824708.07551306,0.11475511793748142,0.10928086025864892,0.24322520100551612,0.18899254410094943,0.1826814578299491
17185,204066409.11813366,115000.0,46555.79684695298,20407879.06440814,20221735.884097934,53278595.83869382,41458144.3528522,39820240.830925666,0.10000606740031406,0.09909389777320778,0.26108459529883205,0.2031600621190534,0.195133736135249
17187,329270147.4030249,134156.25000000003,43436.72868541434,48223166.643704526,29642358.410249993,75263489.20203407,64420208.56069317,63898334.674640894,0.14645471818214856,0.09002443326259973,0.22857671670402588,0.195645457290251,0.1940605158973907
17189,317570258.8497408,150000.0,50455.38964387818,46666617.629888006,31884699.553184003,76349326.3196384,66361689.1910912,65816402.027827196,0.14694895485149456,0.10040203282471212,0.24041711776216199,0.2089669524830737,0.20724989256304507
17191,335595617.6721161,130000.0,46218.409342173385,49608891.68924322,33999272.02756755,82331804.33352429,59954086.87430809,64141301.03166214,0.14782341924891326,0.10131023838572752,0.24533039169171802,0.17864979075169116,0.19112675390871617
17193,255083011.39766735,115000.0,46555.79684695298,25509848.830510203,25277169.855122447,66598244.798367344,51822680.441065304,49775301.038657136,0.10000606740031406,0.09909389777320779,0.26108459529883205,0.2031600621190534,0.195133736135249
17195,1327181222.5335739,140000.0,46108.94968250495,170028756.60306367,180536559.5257877,337089232.9938362,249959691.47204405,225578251.16699144,0.1281126900503314,0.13603007370850642,0.2539888504075854,0.1883387793830249,0.16996793454955994
17197,25575766448.00468,298597.60019792186,65313.037739382555,4757094131.0586,3859357199.3273,3865717890.56786,2961696282.85808,5644760804.3304405,0.18600006145386622,0.150898985067499,0.1511476849941851,0.11580088084082187,0.22070739564369232
17199,1270340508.5544496,133751.21951219512,46272.04528880548,189430946.43759847,150149210.28766638,208890229.89284146,173632852.53326038,213414177.51023772,0.14911824440925403,0.11819603427314516,0.1644364077868717,0.13668213472216303,0.16799761644465447
17201,7002582339.146967,175000.0,48800.0074239398,968740120.9811399,612154874.8536533,1698095825.1142,1354081626.7419467,1245992855.1329134,0.13834041130306066,0.0874184472535919,0.2424956598683932,0.19336889752400924,0.17793333870097647
17203,703477631.3996044,150000.0,50244.3239697794,113053759.00443408,96787948.28125907,146714956.57742724,122229877.70215635,143121950.85146722,0.1607069705677889,0.13758496924585156,0.20855667618816875,0.17375090869481352,0.2034491851101489
18001,777794029.4219651,195000.0,49146.29554712801,103615521.82529032,65316357.96880644,204760592.3602219,169829193.10458836,144239568.21883225,0.1332171730635352,0.08397641984645696,0.26325811797809023,0.21834725734626773,0.18544699851453872
18003,10619515574.8401,221814.20765027322,53475.98187665144,1995938935.104,1373504518.53424,1620784480.3863401,1275079710.4697,1844858887.18504,0.18795009254779999,0.12933777523603482,0.15262320291015202,0.12006947976898648,0.17372345039503542
18005,2616014833.471692,217708.33333333337,62554.3783067192,278621612.2728296,397217262.63040006,314939894.4348444,239300902.4647111,652706213.8764327,0.10650612859984174,0.1518406002703189,0.12038918526195441,0.09147536145547647,0.2495040186795239
18007,247497238.12986657,180000.0,48014.20812141749,28013525.47754999,24454540.217651654,67332405.34525831,50125508.99142164,40198148.72363665,0.11318722458975786,0.09880732569960997,0.27205315846768235,0.20252956909814007,0.1624185749601937
18009,257777701.660165,140000.0,44284.092365601275,15236989.621425,20502073.68485,69491952.62085,55992313.428045,44011763.701625004,0.059109028916365755,0.07953393002114051,0.26958093028722485,0.21721162485132678,0.1707353406372086
18011,3507042460.9215097,350000.0,82651.86149255882,922816568.850372,685874872.2715001,285893543.4154,198542107.76569998,410157545.8213,0.26313241973349044,0.19557073514624052,0.08151984089188322,0.05661240489045322,0.11695254630978352
18013,584800438.5478829,232965.5172413793,57877.9267139736,71958764.39638707,77393124.21316126,124522869.53678703,99530635.49852899,132711343.76807415,0.12304841045445822,0.1323410844310172,0.21293224376847183,0.17019589750252814,0.226934412186163
18015,577493555.6363554,180000.0,48014.20812141749,65364892.78094998,57060593.8411872,157108945.80560273,116959520.97998384,93795680.35515219,0.11318722458975786,0.09880732569960997,0.27205315846768235,0.20252956909814007,0.1624185749601937
18017,959488981.8592367,160095.0920245399,46990.070613700234,99179794.48453407,76094156.79156649,200401136.84098378,136076878.34440434,155227242.13717842,0.10336730943209975,0.07930696259181223,0.20886236385191126,0.1418222417528164,0.1617811617142168
18019,3563939573.6354,225000.0,52253.34760846565,511227717.6308,643210745.6942,709567196.194,521401589.7046,646861333.7968,0.14344455259922426,0.1804774554687784,0.19909630383272894,0.14629922279314736,0.18150176803838694
18021,442390970.99662507,160000.0,47704.533289836036,42491898.1271625,30729330.269924995,127906453.48046249,105822263.7264675,62305994.693625,0.0960505546291691,0.06946192911825821,0.2891253706926091,0.2392052972692221,0.1408392096096833
18023,659992635.0129777,180000.0,48014.20812141749,74702734.60679999,65212107.247071095,179553080.92068887,133668023.97712441,107195063.2630311,0.11318722458975786,0.09880732569960997,0.27205315846768235,0.20252956909814007,0.1624185749601937
18025,288314159.7831441,180000.0,50380.4679016273,40907016.816663146,25819025.05578946,59972086.58786841,51982113.29009998,47351655.70593157,0.14188348171117024,0.08955170663559943,0.20800950821484623,0.18029677532729713,0.16423631687582455
18027,645383001.8847003,175000.0,46936.793876725285,76904517.39793774,74784518.07516442,129645338.08543286,110371971.06861506,130457849.52575997,0.11916105192320664,0.11587618182811221,0.2008812406072548,0.1710177843951542,0.20214020069445007
18029,1382668611.7236545,230000.0,52248.664942315736,195457233.2093333,147278761.46238667,331236233.321812,209158607.65727198,291105190.29245335,0.14136231310384165,0.10651775863978488,0.23956299471417677,0.15127168280513134,0.21053865533951585
18031,684571831.41329,160000.0,51814.39838126628,80713099.0722,78000926.3127,117154095.423885,96516527.79683502,138445344.8582,0.11790303861257162,0.11394118591129884,0.1711348466997566,0.140988167154903,0.20223640311401847
18033,963112874.2963246,200000.0,46475.85556229053,105822458.50262593,76900199.0197281,227953178.18469724,184063660.68438482,162560754.69788432,0.10987544796339949,0.0798454688666823,0.23668376186046292,0.19111328027762742,0.16878681516603694
18035,2465546257.71,150000.0,40280.12183809835,266939684.27740002,240199664.2216,493795611.44995993,428774841.67714,443767333.0406,0.10826796838333655,0.09742249348211277,0.20027838046267177,0.17390663036084594,0.17998742941970644
18037,864942479.3494322,180000.0,50380.4679016273,122721050.44998941,77457075.16736837,179916259.7636052,155946339.8702999,142054967.1177947,0.14188348171117024,0.08955170663559943,0.20800950821484626,0.18029677532729713,0.16423631687582457
18039,4975405855.09482,215000.0,48755.8404664412,676414000.1110001,498663381.70239997,1074320395.7383199,975550868.24762,789361444.47352,0.13595152231015517,0.1002256692671148,0.2159261831149342,0.1960746312280545,0.15865267426680643
18041,558010070.5617287,150000.0,48379.448474420315,56239868.9656125,48262882.952156246,102784497.69848749,83641189.81413125,75141379.04030624,0.10078647668311405,0.08649106082184455,0.18419828444138656,0.14989190021236115,0.13465953932455754
18043,2249730258.230689,228152.31788079473,53895.795155654276,334319606.2414444,332788958.5561334,451175003.56488895,299857575.60600007,448404859.8791112,0.1486043071245224,0.14792393769813847,0.20054626634204478,0.13328601262705356,0.19931494375319522
18045,368659142.49718755,160000.0,47704.533289836036,35409915.10596875,25607775.224937495,106588711.23371874,88185219.77205625,51921662.244687505,0.0960505546291691,0.06946192911825821,0.2891253706926091,0.23920529726922207,0.1408392096096833
18047,531795619.8937131,230000.0,52248.664942315736,75175858.92666663,56645677.48553332,127398551.27761996,80445618.32971996,111963534.72786663,0.14136231310384165,0.10651775863978488,0.23956299471417677,0.15127168280513134,0.21053865533951582
18049,472623487.15690744,185000.0,45580.2792384165,32239880.2183862,40150123.50794482,128955344.36532412,114461321.01579309,86360972.15491034,0.06821472291258095,0.08495160439331971,0.27285005478898666,0.24218288791431306,0.1827267888746273
18051,930114117.084325,220117.64705882352,58218.521091002134,161679216.20185804,84236778.88966708,126188663.28575481,129589933.19460641,143735331.05987093,0.17382728982620105,0.09056606855267212,0.1356700871085848,0.1393269178634106,0.15453515694444594
18053,1223236517.901713,142856.25,40800.79110551319,135988540.36762354,148970530.84047058,265623924.33242348,213573639.47196236,235140758.3328188,0.11117109273429182,0.12178391395313165,0.21714845857288767,0.17459717425565202,0.19222836703417676
18055,726055877.1202881,175000.0,46936.793876725285,86517582.07268001,84132582.83456,145851005.346112,124168467.45219201,146765080.71648002,0.11916105192320667,0.11587618182811221,0.2008812406072548,0.1710177843951542,0.20214020069445007
18057,17700628600.54373,374403.07328605204,87296.4692914478,5360532005.3497715,3329268847.28442,857367332.3648,594788687.3083,2745817648.72404,0.3028441603020305,0.18808760538493818,0.04843711213388564,0.03360268726784252,0.1551254314572587
18059,2491624002.951072,250000.0,58615.13785460387,599688969.9897599,412238086.39908004,361089453.54241204,290963367.86218804,430786503.61884,0.2406819685793242,0.1654495565586246,0.14492132565537125,0.11677659531196195,0.1728938648482346
18061,1012378616.20381,228152.31788079473,53895.795155654276,150443822.80865,149755031.35026002,203028751.6042,134935909.0227,201782186.9456,0.1486043071245224,0.14792393769813847,0.20054626634204478,0.13328601262705356,0.19931494375319522
18063,6369150079.454201,300000.0,62629.92358969665,1041202128.342,860116360.7,938811935.602,710938345.9521999,1241774861.0842,0.16347583513548247,0.1350441346129666,0.14739987657543951,0.11162216890532484,0.19496712207959352
18065,837777530.3955363,140000.0,44284.092365601275,49520216.269631244,66631739.4757625,225848846.01776248,181975018.64114624,143038232.03028128,0.059109028916365755,0.07953393002114051,0.26958093028722485,0.21721162485132678,0.1707353406372086
18067,1831751692.6403608,160095.0920245399,46990.070613700234,189343244.01592866,145270662.96571782,382583988.51460534,259783131.3847719,296342916.80734056,0.10336730943209975,0.07930696259181222,0.20886236385191126,0.1418222417528164,0.1617811617142168
18069,1000020894.9710983,195000.0,49146.29554712801,133219956.63251616,83978174.53132258,263263618.74885678,218351819.70589936,185450873.42421293,0.1332171730635352,0.08397641984645696,0.26325811797809023,0.21834725734626773,0.1854469985145387
18071,1798510198.0117881,217708.33333333337,62554.3783067192,191552358.43757033,273086868.05840003,216521177.4239555,164519370.44448888,448735522.04004735,0.10650612859984174,0.1518406002703189,0.12038918526195443,0.09147536145547647,0.24950401867952388
18073,630164649.5425432,185000.0,45580.2792384165,42986506.957848266,53533498.01059309,171940459.15376547,152615094.6877241,115147962.87321377,0.06821472291258095,0.08495160439331971,0.27285005478898666,0.24218288791431308,0.18272678887462726
18075,451110977.90528876,140000.0,44284.092365601275,26664731.837493747,35878628.9484875,121610917.08648747,97986548.49907875,77020586.47784376,0.059109028916365755,0.07953393002114051,0.26958093028722485,0.21721162485132678,0.1707353406372086
18077,798667136.6488384,160000.0,51814.39838126628,94165282.25090002,91001080.69815001,136679777.9945325,112602615.76297419,161519569.00123337,0.11790303861257163,0.11394118591129884,0.17113484669975657,0.140988167154903,0.2022364031140185
18079,684571831.41329,160000.0,51814.39838126628,80713099.0722,78000926.3127,117154095.423885,96516527.79683502,138445344.8582,0.11790303861257162,0.11394118591129884,0.1711348466997566,0.140988167154903,0.20223640311401847
18081,5835644476.39338,290000.0,65064.60560144253,951320503.8958,917763272.8294002,684614238.2644999,526573196.7114001,1325156813.59608,0.16301892751419758,0.15726853761259424,0.11731596073645904,0.09023394054273155,0.22707977138714772
18083,1057151919.2048621,180000.0,50380.4679016273,149992394.99443159,94669758.53789473,219897650.82218423,190601082.0637,173622737.5884158,0.14188348171117024,0.08955170663559943,0.20800950821484623,0.18029677532729713,0.16423631687582455
18085,1948722631.924829,200000.0,49570.68152026936,250238589.18558183,264193936.9364909,389686055.3593637,324591073.01765454,380563728.0532818,0.12841159900647917,0.13557287866849285,0.19996999520370717,0.1665660713844347,0.19528881217815192
18087,963112874.2963246,200000.0,46475.85556229053,105822458.50262593,76900199.0197281,227953178.18469724,184063660.68438482,162560754.69788432,0.10987544796339949,0.0798454688666823,0.23668376186046292,0.19111328027762742,0.16878681516603694
18089,13391551321.770199,213750.0,53560.33588109624,2273720275.7452,1759562361.4306,3168635569.0693398,2569224713.3948,2049023606.1351998,0.16978766844203397,0.13139346735505827,0.2366145260495843,0.19185415129747493,0.1530086811379478
18091,2635215829.81448,190000.0,51725.66697708318,327219195.78639996,241046883.6796,762115396.8536,498955065.80219996,475913653.14680004,0.12417168722359881,0.09147140091996556,0.2892041662133053,0.18934125249138573,0.18059759954474186
18093,1048747378.062638,175000.0,46936.793876725285,124969840.77164885,121524841.87214218,210673674.3888284,179354452.9864995,211994005.47935995,0.11916105192320665,0.11587618182811221,0.2008812406072548,0.1710177843951542,0.20214020069445007
18095,3195477805.99982,175000.0,47367.077851232105,407785688.1702,361387525.94200003,679981487.30142,525983650.2327201,660631555.6156,0.1276133689317268,0.11309342385775918,0.212794933522833,0.16460250459106135,0.20673952245113392
18097,28905433722.9235,228806.7552602436,54885.878429677396,5216201417.392241,5253891366.62344,4036370410.56168,3542518746.01208,5893272568.2205,0.18045746925622236,0.1817613745908553,0.13964054126475986,0.12255546067806207,0.20388113268637206
18099,1113555789.6713307,200000.0,49570.68152026936,142993479.53461817,150967963.96370906,222677745.91963634,185480613.15294543,217464987.45901814,0.12841159900647917,0.13557287866849285,0.19996999520370717,0.16656607138443472,0.19528881217815192
18101,242018625.70676243,175000.0,46936.793876725285,28839194.024226636,28044194.278186638,48617001.78203728,41389489.15073062,48921693.57215995,0.11916105192320665,0.11587618182811223,0.2008812406072548,0.1710177843951542,0.20214020069445007
18103,764522823.6885705,142856.25,40800.79110551319,84992837.7297647,93106581.77529411,166014952.70776466,133483524.66997647,146962973.95801175,0.11117109273429181,0.12178391395313165,0.21714845857288767,0.17459717425565202,0.19222836703417678
18105,3881082669.1242,265660.71428571426,49405.92793742219,486693118.9126001,469088999.6548,399703255.32159996,264522488.66084,492700526.77579993,0.1254013790493225,0.12086550059513523,0.10298756542895193,0.068156880750116,0.12694924813002814
18107,742491714.3896,180000.0,48014.20812141749,84040576.43265,73363620.652955,201997216.035775,150376526.97426498,120594446.17091,0.11318722458975786,0.09880732569960997,0.27205315846768235,0.20252956909814007,0.1624185749601937
18109,1988321491.0628028,232965.5172413793,57877.9267139736,244659798.94771615,263136622.32474837,423377756.4250761,338404160.6949987,451218568.8114523,0.12304841045445822,0.1323410844310172,0.21293224376847183,0.17019589750252812,0.226934412186163
18111,315082324.7712716,185000.0,45580.2792384165,21493253.478924133,26766749.005296543,85970229.57688273,76307547.34386206,57573981.436606884,0.06821472291258095,0.08495160439331971,0.27285005478898666,0.24218288791431308,0.18272678887462726
18113,1070125415.8848054,200000.0,46475.85556229053,117580509.44736217,85444665.57747568,253281309.09410813,204515178.53820542,180623060.77542707,0.10987544796339949,0.0798454688666823,0.23668376186046292,0.19111328027762742,0.16878681516603694
18115,212718247.9574851,230000.0,52248.664942315736,30070343.570666634,22658270.994213313,50959420.51104795,32178247.331887964,44785413.89114662,0.14136231310384165,0.10651775863978488,0.23956299471417677,0.15127168280513134,0.21053865533951582
18117,484037251.4135253,175000.0,46936.793876725285,57678388.048453316,56088388.55637332,97234003.56407465,82778978.30146131,97843387.14431998,0.11916105192320664,0.11587618182811221,0.2008812406072548,0.1710177843951542,0.20214020069445007
18119,484037251.4135253,175000.0,46936.793876725285,57678388.048453316,56088388.55637332,97234003.56407465,82778978.30146131,97843387.14431998,0.11916105192320664,0.11587618182811221,0.2008812406072548,0.1710177843951542,0.20214020069445007
18121,368659142.49718755,160000.0,47704.533289836036,35409915.10596875,25607775.224937495,106588711.23371874,88185219.77205625,51921662.244687505,0.0960505546291691,0.06946192911825821,0.2891253706926091,0.23920529726922207,0.1408392096096833
18123,480523599.63857347,180000.0,50380.4679016273,68178361.36110523,43031708.42631576,99953477.64644733,86636855.48349996,78919426.1765526,0.14188348171117024,0.08955170663559943,0.20800950821484623,0.18029677532729713,0.16423631687582452
18125,384418879.71085876,180000.0,50380.4679016273,54542689.08888418,34425366.74105261,79962782.11715786,69309484.38679996,63135540.94124208,0.14188348171117024,0.08955170663559944,0.20800950821484623,0.18029677532729713,0.16423631687582455
18127,5461758526.36168,260000.0,58943.44466778558,730609792.8345001,608203454.1764,1264439745.35184,857081153.6622001,1319169225.1628,0.13376823404186486,0.11135670887697616,0.2315078081993016,0.1569240290513429,0.24152829510783175
18129,813849852.4487845,220117.64705882352,58218.521091002134,141469314.17662582,73707181.52845871,110415080.37503548,113391191.54528062,125768414.67738709,0.17382728982620105,0.09056606855267213,0.1356700871085848,0.1393269178634106,0.15453515694444594
18131,315082324.7712716,185000.0,45580.2792384165,21493253.478924133,26766749.005296543,85970229.57688273,76307547.34386206,57573981.436606884,0.06821472291258095,0.08495160439331971,0.27285005478898666,0.24218288791431308,0.18272678887462726
18133,1052640789.3861898,232965.5172413793,57877.9267139736,129525775.91349679,139307623.58369035,224141165.1662168,179155143.89735228,238880418.7825336,0.12304841045445822,0.1323410844310172,0.21293224376847183,0.17019589750252814,0.226934412186163
18135,515555403.32033,140000.0,44284.092365601275,30473979.24285,41004147.3697,138983905.2417,111984626.85609,88023527.40325001,0.059109028916365755,0.07953393002114051,0.26958093028722485,0.21721162485132678,0.1707353406372086
18137,744513867.8511986,230000.0,52248.664942315736,105246202.49733332,79303948.47974667,178357971.78866798,112623865.66160798,156748948.6190133,0.14136231310384165,0.10651775863978488,0.23956299471417677,0.15127168280513134,0.2105386553395158
18139,398578621.82980627,150000.0,48379.448474420315,40171334.9754375,34473487.82296875,73417498.3560625,59743707.010093756,53672413.60021874,0.10078647668311404,0.08649106082184455,0.18419828444138656,0.14989190021236115,0.13465953932455754
18141,7072053369.559259,188978.4946236559,48810.63082053935,915652768.6176,1011144943.3503201,1068549352.9282401,904027898.1358399,1319120206.73736,0.12947481032296915,0.1429775611850814,0.15109463929212877,0.12783103448103367,0.18652577091900108
18143,570476526.1777415,160000.0,51814.39838126628,67260915.89349999,65000771.92724999,97628412.85323748,80430439.83069582,115371120.71516664,0.11790303861257162,0.11394118591129884,0.1711348466997566,0.140988167154903,0.20223640311401847
18145,1661082668.6340482,250000.0,58615.13785460387,399792646.65984,274825390.93272,240726302.36160803,193975578.57479203,287191002.41256,0.2406819685793242,0.1654495565586246,0.14492132565537125,0.11677659531196194,0.1728938648482346
18147,576628319.5662882,180000.0,50380.4679016273,81814033.63332629,51638050.11157892,119944173.17573681,103964226.58019996,94703311.41186313,0.14188348171117024,0.08955170663559943,0.20800950821484623,0.18029677532729713,0.16423631687582455
18149,551394068.3497255,185000.0,45580.2792384165,37613193.58811724,46841810.75926897,150447901.75954485,133538207.85175864,100754467.51406208,0.06821472291258095,0.08495160439331971,0.27285005478898666,0.24218288791431306,0.18272678887462726
18151,963112874.2963246,200000.0,46475.85556229053,105822458.50262593,76900199.0197281,227953178.18469724,184063660.68438482,162560754.69788432,0.10987544796339949,0.0798454688666823,0.23668376186046292,0.19111328027762742,0.16878681516603694
18153,589854627.9955001,160000.0,47704.533289836036,56655864.16955,40972440.3599,170541937.97395,141096351.63529,83074659.5915,0.0960505546291691,0.06946192911825821,0.2891253706926091,0.23920529726922207,0.1408392096096833
18155,319077371.936228,230000.0,52248.664942315736,45105515.356,33987406.49132,76439130.766572,48267370.99783199,67178120.83672,0.14136231310384165,0.10651775863978487,0.23956299471417677,0.15127168280513134,0.21053865533951582
18157,5042900434.318741,240000.0,46360.414377424626,603595334.7681999,545151261.5146,720965917.1930001,681429804.37704,776892392.6974,0.11969209835286809,0.10810272156171293,0.1429665182930381,0.13512656322533487,0.15405665902312277
18159,436131355.39056194,160095.0920245399,46990.070613700234,45081724.76569728,34588253.087075666,91091425.83681077,61853126.520183764,70557837.33508106,0.10336730943209975,0.07930696259181225,0.20886236385191126,0.1418222417528164,0.1617811617142168
18161,159431448.7319225,150000.0,48379.448474420315,16068533.990175001,13789395.1291875,29366999.342425,23897482.8040375,21468965.440087497,0.10078647668311405,0.08649106082184455,0.18419828444138656,0.14989190021236115,0.13465953932455754
18163,4769581544.3539,190000.0,51532.40283457295,677277531.857,555021521.128,732501508.4835,530176754.44866,752162576.6725599,0.1419993610673755,0.11636692149335812,0.1535777303882382,0.11115791805179823,0.15769990924318075
18165,368659142.49718755,160000.0,47704.533289836036,35409915.10596875,25607775.224937495,106588711.23371874,88185219.77205625,51921662.244687505,0.0960505546291691,0.06946192911825821,0.2891253706926091,0.23920529726922207,0.1408392096096833
18167,2167537679.9488,142520.00000000003,41122.72439144738,224264801.7852,235325073.39374,400468148.7011,305027153.77198005,367585135.08327997,0.10346523793325586,0.10856792736322751,0.18475717972780964,0.1407251908899619,0.1695865029169702
18169,611618258.9508564,142856.25,40800.79110551319,67994270.18381177,74485265.42023529,132811962.16621174,106786819.73598118,117570379.1664094,0.11117109273429182,0.12178391395313165,0.21714845857288767,0.17459717425565202,0.19222836703417676
18171,221195485.49831253,160000.0,47704.533289836036,21245949.06358125,15364665.134962497,63953226.740231246,52911131.86323375,31152997.3468125,0.0960505546291691,0.06946192911825821,0.2891253706926091,0.2392052972692221,0.1408392096096833
18173,1860228234.1686504,220117.64705882352,58218.521091002134,323358432.4037162,168473557.77933422,252377326.5715097,259179866.38921288,287470662.1197419,0.17382728982620105,0.09056606855267213,0.1356700871085848,0.1393269178634106,0.15453515694444594
18175,787405590.3807409,228152.31788079473,53895.795155654276,117011862.1845055,116476135.49464665,157911251.24771106,104950151.46209998,156941700.95768884,0.1486043071245224,0.14792393769813847,0.20054626634204475,0.13328601262705356,0.19931494375319522
18177,1434883038.5873027,150000.0,48379.448474420315,144616805.91157502,124104556.16268751,264302994.08182502,215077345.23633754,193220688.9607875,0.10078647668311405,0.08649106082184455,0.18419828444138656,0.14989190021236115,0.13465953932455754
18179,777794029.4219651,195000.0,49146.29554712801,103615521.82529032,65316357.96880644,204760592.3602219,169829193.10458836,144239568.21883225,0.1332171730635352,0.08397641984645696,0.26325811797809023,0.21834725734626773,0.18544699851453872
18181,742491714.3896,180000.0,48014.20812141749,84040576.43265,73363620.652955,201997216.035775,150376526.97426498,120594446.17091,0.11318722458975786,0.09880732569960997,0.27205315846768235,0.20252956909814007,0.1624185749601937
18183,888907462.1965315,195000.0,49146.29554712801,118417739.22890322,74647266.25006449,234012105.5545393,194090506.4052438,164845220.82152256,0.1332171730635352,0.08397641984645696,0.26325811797809023,0.21834725734626773,0.18544699851453872
19001,259596601.6637044,180000.0,57555.16143352668,39669825.062565446,33142992.11405167,58524046.003309555,39274451.06035443,51240954.46541889,0.15281334504507846,0.12767113244797754,0.22544226553136779,0.15129031277240176,0.19738684611826782
19003,100282908.84572256,150000.0,43141.09305626477,11464226.163297767,11250317.693324432,26447341.359551083,24127566.351879973,18751175.787766203,0.1143188435123535,0.11218579340007148,0.2637273057190459,0.24059499898430703,0.18698276708958878
19005,349113241.5431288,180000.0,45949.47674571428,54670660.06142103,39142166.768052615,81502155.02829997,60239012.49792103,80820634.07472102,0.15659864352256922,0.112118825957557,0.23345478008238582,0.17254863273491508,0.2315026314025863
19007,250707272.11430666,150000.0,43141.09305626477,28660565.40824445,28125794.23331111,66118353.398877785,60318915.8797,46877939.46941556,0.1143188435123535,0.11218579340007148,0.2637273057190459,0.24059499898430703,0.1869827670895888
19009,259596601.6637044,180000.0,57555.16143352668,39669825.062565446,33142992.11405167,58524046.003309555,39274451.06035443,51240954.46541889,0.15281334504507846,0.12767113244797754,0.22544226553136779,0.15129031277240176,0.19738684611826782
19011,595039001.8392187,175000.0,47779.52795580828,73849005.68084243,68546384.43214545,138549073.0910788,120642768.08018908,101910216.95022848,0.12410784075091039,0.1151964564007972,0.23284032250463332,0.20274766478716819,0.1712664491491012
19013,3316929070.3907,195000.0,48991.62634985673,514782980.8004,435098473.43840003,620634386.1745,524699475.5551001,574922410.5361999,0.1551986701783056,0.13117509123797752,0.1871111419640323,0.15818833156215062,0.1733297270865307
19015,720584348.4881628,234605.26315789472,45397.11170639869,84515388.45461763,77725287.62707058,90166651.69317645,78695591.69406115,95037063.09695292,0.1172872941688741,0.10786424627476819,0.1251299058636959,0.10921079795747729,0.13188888059579346
19017,558581186.4690061,180000.0,45949.47674571428,87473056.09827365,62627466.82888419,130403448.04527995,96382419.99667364,129313014.51955363,0.15659864352256922,0.11211882595755701,0.23345478008238582,0.17254863273491508,0.23150263140258628
19019,612272768.7538772,200000.0,52289.8474991196,109996683.76356278,74133587.49781394,107777212.04533954,83306432.78296742,124746396.83148836,0.1796530719264758,0.12107934776961203,0.17602809980377238,0.13606097973704778,0.2037431733006473
19021,355047060.5792026,150000.0,47726.51099301036,53649841.514178656,37372951.17913866,84700189.28587998,71210305.01121865,61511748.54130667,0.15110628271828952,0.10526196476087045,0.23856045772553405,0.20056582047194085,0.17324956427173363
19023,374368306.65345556,150000.0,51426.57264345285,54973735.933400005,32699465.261088885,89974587.49583332,72115571.74606666,90129831.7672889,0.1468439901465483,0.08734570923857092,0.24033708488876118,0.19263268408247616,0.24075176815306665
19025,236698040.38613486,150000.0,47726.51099301036,35766561.0094524,24915300.786092423,56466792.85725327,47473536.67414573,41007832.36087108,0.15110628271828952,0.10526196476087046,0.23856045772553403,0.20056582047194085,0.17324956427173363
19027,355047060.5792026,150000.0,47726.51099301036,53649841.514178656,37372951.17913866,84700189.28587998,71210305.01121865,61511748.54130667,0.15110628271828952,0.10526196476087045,0.23856045772553405,0.20056582047194085,0.17324956427173363
19029,432661002.7728412,180000.0,57555.16143352668,66116375.10427583,55238320.190086186,97540076.67218272,65457418.43392412,85401590.77569826,0.15281334504507846,0.12767113244797754,0.22544226553136779,0.15129031277240174,0.19738684611826782
19031,446399290.72357625,200000.0,48367.035961126836,58662675.904294096,58217641.30438233,87322769.20240584,71750738.22929409,92579138.6358676,0.13141301324472707,0.1304160703526575,0.19561583321707987,0.16073219586212176,0.2073908730585223
19033,902373621.4322534,160000.0,49597.31897506065,78170659.06773333,64193543.062800005,168277559.60960668,145874603.10974,223889959.00053334,0.08662781935453781,0.07113854121856043,0.1864832433183446,0.1616565462964297,0.24811226046831214
19035,295872550.4826689,150000.0,47726.51099301036,44708201.26181555,31144125.98261556,70583491.07156666,59341920.84268222,51259790.4510889,0.15110628271828952,0.10526196476087046,0.23856045772553403,0.20056582047194085,0.17324956427173363
19037,279290593.23450303,180000.0,45949.47674571428,43736528.049136825,31313733.414442096,65201724.022639975,48191209.99833682,64656507.259776816,0.15659864352256922,0.11211882595755701,0.23345478008238582,0.17254863273491508,0.23150263140258628
19039,150424363.26858383,150000.0,43141.09305626477,17196339.24494665,16875476.539986648,39671012.03932663,36191349.52781996,28126763.681649305,0.1143188435123535,0.11218579340007148,0.2637273057190459,0.24059499898430706,0.18698276708958878
19041,453969219.8157674,200000.0,50989.19656724971,72594448.53551349,52810384.86829727,85291980.3574324,69114199.84708105,93273277.0204324,0.15991050795244272,0.11633032056607077,0.18788053602410779,0.15224424218701305,0.20546167658301842
19043,418935889.85175455,180000.0,45949.47674571428,65604792.07370523,46970600.121663146,97802586.03395997,72286814.99750523,96984760.88966522,0.15659864352256922,0.11211882595755703,0.23345478008238582,0.17254863273491508,0.23150263140258628
19045,1071358297.7365835,200000.0,48367.035961126836,140790422.17030588,139722339.13051766,209574646.08577412,172201771.7503059,222189932.72608232,0.13141301324472707,0.1304160703526575,0.19561583321707987,0.16073219586212176,0.2073908730585223
19047,355047060.5792026,150000.0,47726.51099301036,53649841.514178656,37372951.17913866,84700189.28587998,71210305.01121865,61511748.54130667,0.15110628271828952,0.10526196476087045,0.23856045772553405,0.20056582047194085,0.17324956427173363
19049,3930543521.492599,310875.2642706131,67979.57435310635,953985417.5633131,1052577865.8591304,335954492.50070435,161330562.92331305,811247527.806334,0.24271081399985192,0.26779448188362015,0.08547278274968134,0.041045357223788936,0.2063957626649731
19051,133079847.02034149,150000.0,43557.085962817255,17537500.64513512,15688640.573037822,33727364.923695095,25703795.186779436,25225853.96583241,0.13178179144175362,0.11788892852153479,0.2534370581184979,0.19314566226432892,0.1895542753515233
19053,150424363.26858383,150000.0,43141.09305626477,17196339.24494665,16875476.539986648,39671012.03932663,36191349.52781996,28126763.681649305,0.1143188435123535,0.11218579340007148,0.2637273057190459,0.24059499898430706,0.18698276708958878
19055,408181845.8359178,200000.0,52289.8474991196,73331122.5090418,49422391.66520925,71851474.69689296,55537621.85531157,83164264.5543255,0.1796530719264758,0.12107934776961202,0.17602809980377238,0.13606097973704778,0.20374317330064734
19057,813587544.5213851,135000.0,43329.78815094924,72333792.77717999,91496085.57349332,186633022.8526866,157307260.46456665,130455609.98455329,0.08890720275189598,0.11246003726288407,0.2293951328402877,0.19335013364432332,0.16034612484302146
19059,544763063.7789209,200000.0,50989.19656724971,87113338.24261619,63372461.84195673,102350376.42891887,82937039.81649727,111927932.42451888,0.15991050795244272,0.11633032056607077,0.18788053602410779,0.15224424218701305,0.20546167658301842
19061,2755227459.3924475,200000.0,52289.8474991196,494985076.9360326,333601143.74016273,484997454.20402795,374878947.52335346,561358785.7416977,0.1796530719264758,0.12107934776961202,0.17602809980377238,0.13606097973704778,0.20374317330064734
19063,363175375.85261405,200000.0,50989.19656724971,58075558.82841081,42248307.89463783,68233584.28594594,55291359.877664864,74618621.61634594,0.15991050795244272,0.11633032056607077,0.18788053602410779,0.15224424218701305,0.20546167658301842
19065,488758538.1603803,180000.0,45949.47674571428,76538924.08598945,54799033.47527367,114103017.03961997,84334617.49708945,113148887.70460942,0.15659864352256922,0.11211882595755701,0.23345478008238582,0.1725486327349151,0.23150263140258628
19067,375989008.93010557,160000.0,49597.31897506065,32571107.94488889,26747309.609500002,70115649.83733611,60781084.62905833,93287482.9168889,0.08662781935453781,0.07113854121856043,0.18648324331834457,0.1616565462964297,0.24811226046831214
19069,224620983.99207312,150000.0,51426.57264345285,32984241.56003997,19619679.15665331,53984752.49749994,43269343.04763996,54077899.060373284,0.1468439901465483,0.08734570923857092,0.24033708488876118,0.19263268408247616,0.24075176815306665
19071,150424363.26858383,150000.0,43141.09305626477,17196339.24494665,16875476.539986648,39671012.03932663,36191349.52781996,28126763.681649305,0.1143188435123535,0.11218579340007148,0.2637273057190459,0.24059499898430706,0.18698276708958878
19073,236698040.38613486,150000.0,47726.51099301036,35766561.0094524,24915300.786092423,56466792.85725327,47473536.67414573,41007832.36087108,0.15110628271828952,0.10526196476087046,0.23856045772553403,0.20056582047194085,0.17324956427173363
19075,299494645.32276416,150000.0,51426.57264345285,43978988.746719964,26159572.20887108,71979669.9966666,57692457.396853276,72103865.41383104,0.1468439901465483,0.08734570923857092,0.24033708488876118,0.19263268408247616,0.24075176815306665
19077,259596601.6637044,180000.0,57555.16143352668,39669825.062565446,33142992.11405167,58524046.003309555,39274451.06035443,51240954.46541889,0.15281334504507846,0.12767113244797754,0.22544226553136779,0.15129031277240176,0.19738684611826782
19079,374368306.65345556,150000.0,51426.57264345285,54973735.933400005,32699465.261088885,89974587.49583332,72115571.74606666,90129831.7672889,0.1468439901465483,0.08734570923857092,0.24033708488876118,0.19263268408247616,0.24075176815306665
19081,300791207.14408445,160000.0,49597.31897506065,26056886.35591111,21397847.6876,56092519.86986889,48624867.70324666,74629986.33351111,0.08662781935453781,0.07113854121856043,0.1864832433183446,0.1616565462964297,0.24811226046831214
19083,449241967.9841466,150000.0,51426.57264345285,65968483.120079994,39239358.31330665,107969504.99499997,86538686.09527998,108155798.12074666,0.1468439901465483,0.08734570923857092,0.24033708488876118,0.19263268408247616,0.24075176815306668
19085,432661002.7728412,180000.0,57555.16143352668,66116375.10427583,55238320.190086186,97540076.67218272,65457418.43392412,85401590.77569826,0.15281334504507846,0.12767113244797754,0.22544226553136779,0.15129031277240174,0.19738684611826782
19087,369812520.2369932,135000.0,43329.78815094924,32878996.71689999,41589129.80613332,84833192.20576663,71503300.21116665,59298004.53843331,0.08890720275189598,0.11246003726288406,0.2293951328402877,0.1933501336443233,0.16034612484302146
19089,209467944.92587727,180000.0,45949.47674571428,32802396.036852617,23485300.060831573,48901293.016979985,36143407.49875262,48492380.44483261,0.15659864352256922,0.11211882595755703,0.23345478008238582,0.17254863273491508,0.23150263140258628
19091,299494645.32276416,150000.0,51426.57264345285,43978988.746719964,26159572.20887108,71979669.9966666,57692457.396853276,72103865.41383104,0.1468439901465483,0.08734570923857092,0.24033708488876118,0.19263268408247616,0.24075176815306665
19093,177523530.28960115,150000.0,47726.51099301036,26824920.757089306,18686475.589569315,42350094.642939955,35605152.505609296,30755874.270653307,0.15110628271828952,0.10526196476087046,0.23856045772553403,0.20056582047194085,0.17324956427173363
19095,340022286.76526785,175000.0,47779.52795580828,42199431.81762424,39169362.53265454,79170898.90918788,68938724.6172509,58234409.685844846,0.12410784075091037,0.11519645640079719,0.23284032250463332,0.2027476647871682,0.1712664491491012
19097,612272768.7538772,200000.0,52289.8474991196,109996683.76356278,74133587.49781394,107777212.04533954,83306432.78296742,124746396.83148836,0.1796530719264758,0.12107934776961203,0.17602809980377238,0.13606097973704778,0.2037431733006473
19099,1146126581.953335,250000.0,58097.480076353575,226153114.04322937,147188848.17091173,218120154.80487058,144076334.68147054,237635735.37646464,0.19731949123612358,0.12842285528362746,0.19031070235988246,0.12570717488806718,0.20733812400674262
19101,332699617.5508539,150000.0,43557.085962817255,43843751.61283782,39221601.432594575,84318412.3092378,64259487.96694863,63064634.91458106,0.13178179144175362,0.11788892852153478,0.2534370581184979,0.19314566226432892,0.1895542753515233
19103,5311210483.32548,280000.0,55328.56723675939,662065201.8272,908059704.409,385773876.5478201,429548645.64396006,899643318.2443202,0.12465429564611505,0.17097038561357134,0.0726338897241891,0.08087584685120763,0.16938574004339424
19105,624959007.0130069,200000.0,48367.035961126836,82127746.26601176,81504697.8261353,122251876.88336821,100451033.52101175,129610794.09021467,0.13141301324472707,0.1304160703526575,0.19561583321707987,0.16073219586212176,0.2073908730585223
19107,266159694.0406832,150000.0,43557.085962817255,35075001.29027027,31377281.146075673,67454729.84739026,51407590.373558916,50451707.93166486,0.13178179144175362,0.11788892852153479,0.2534370581184979,0.19314566226432892,0.1895542753515233
19109,451186810.7161265,160000.0,49597.31897506065,39085329.53386665,32096771.531399988,84138779.8048033,72937301.55486996,111944979.50026663,0.08662781935453781,0.07113854121856043,0.18648324331834457,0.1616565462964297,0.24811226046831214
19111,813587544.5213851,135000.0,43329.78815094924,72333792.77717999,91496085.57349332,186633022.8526866,157307260.46456665,130455609.98455329,0.08890720275189598,0.11246003726288407,0.2293951328402877,0.19335013364432332,0.16034612484302146
19113,7352095603.51244,225000.0,60377.24340935964,1481617388.1504,1260878405.85496,981900895.3299,749869884.5941601,1164629055.494,0.20152313953079745,0.17149918524625543,0.13355388018360373,0.10199403340673538,0.1584077681113943
19115,221887512.142196,135000.0,43329.78815094924,19727398.03014,24953477.88368,50899915.323460005,42901980.12670001,35578802.723060004,0.08890720275189598,0.11246003726288406,0.22939513284028773,0.1933501336443233,0.1603461248430215
19117,200565817.6914451,150000.0,43141.09305626477,22928452.326595534,22500635.386648864,52894682.71910217,48255132.703759946,37502351.57553241,0.1143188435123535,0.11218579340007148,0.2637273057190459,0.24059499898430703,0.18698276708958878
19119,272381531.88946027,200000.0,50989.19656724971,43556669.121308066,31686230.92097834,51175188.214459404,41468519.9082486,55963966.212259404,0.15991050795244272,0.11633032056607077,0.18788053602410779,0.15224424218701305,0.20546167658301842
19121,827482846.6300205,310875.2642706131,67979.57435310635,200839035.2764869,221595340.18086946,70727261.57909563,33964329.036486946,170788953.22238603,0.24271081399985192,0.26779448188362015,0.08547278274968134,0.041045357223788936,0.2063957626649731
19123,465779464.57119566,150000.0,43557.085962817255,61381252.25797297,54910242.00563243,118045777.23293296,89963283.15372811,88290488.88041352,0.13178179144175362,0.11788892852153479,0.2534370581184979,0.19314566226432892,0.1895542753515233
19125,1146126581.953335,250000.0,58097.480076353575,226153114.04322937,147188848.17091173,218120154.80487058,144076334.68147054,237635735.37646464,0.19731949123612358,0.12842285528362746,0.19031070235988246,0.12570717488806718,0.20733812400674262
19127,935061288.6044866,175000.0,47779.52795580828,116048437.49846667,107715746.96479999,217719972.00026667,189581492.69743997,160144626.63607332,0.12410784075091037,0.1151964564007972,0.23284032250463332,0.20274766478716819,0.17126644914910116
19129,432661002.7728412,180000.0,57555.16143352668,66116375.10427583,55238320.190086186,97540076.67218272,65457418.43392412,85401590.77569826,0.15281334504507846,0.12767113244797754,0.22544226553136779,0.15129031277240174,0.19738684611826782
19131,225593405.35806325,160000.0,49597.31897506065,19542664.766933326,16048385.765699994,42069389.90240165,36468650.77743498,55972489.75013331,0.08662781935453781,0.07113854121856043,0.18648324331834457,0.1616565462964297,0.24811226046831214
19133,236698040.38613486,150000.0,47726.51099301036,35766561.0094524,24915300.786092423,56466792.85725327,47473536.67414573,41007832.36087108,0.15110628271828952,0.10526196476087046,0.23856045772553403,0.20056582047194085,0.17324956427173363
19135,150424363.26858383,150000.0,43141.09305626477,17196339.24494665,16875476.539986648,39671012.03932663,36191349.52781996,28126763.681649305,0.1143188435123535,0.11218579340007148,0.2637273057190459,0.24059499898430706,0.18698276708958878
19137,200565817.6914451,150000.0,43141.09305626477,22928452.326595534,22500635.386648864,52894682.71910217,48255132.703759946,37502351.57553241,0.1143188435123535,0.11218579340007148,0.2637273057190459,0.24059499898430703,0.18698276708958878
19139,892798581.4471529,200000.0,48367.035961126836,117325351.80858824,116435282.60876471,174645538.40481174,143501476.45858824,185158277.27173525,0.13141301324472707,0.1304160703526575,0.19561583321707987,0.16073219586212176,0.2073908730585223
19141,363175375.85261405,200000.0,50989.19656724971,58075558.82841081,42248307.89463783,68233584.28594594,55291359.877664864,74618621.61634594,0.15991050795244272,0.11633032056607077,0.18788053602410779,0.15224424218701305,0.20546167658301842
19143,181587687.92630684,200000.0,50989.19656724971,29037779.414205376,21124153.947318893,34116792.14297294,27645679.938832402,37309310.808172934,0.15991050795244272,0.11633032056607076,0.1878805360241078,0.15224424218701305,0.20546167658301842
19145,300848726.5371679,150000.0,43141.09305626477,34392678.48989333,33750953.079973325,79342024.07865332,72382699.05563998,56253527.363298655,0.11431884351235351,0.1121857934000715,0.2637273057190459,0.24059499898430706,0.18698276708958878
19147,363175375.85261405,200000.0,50989.19656724971,58075558.82841081,42248307.89463783,68233584.28594594,55291359.877664864,74618621.61634594,0.15991050795244272,0.11633032056607077,0.18788053602410779,0.15224424218701305,0.20546167658301842
19149,588288096.3513256,170000.0,51178.628279859215,69464165.65776,47546078.32512,133119979.97245713,131480420.25394285,107256183.20530285,0.11807848244523377,0.08082107834581355,0.22628365387314905,0.22349665252349887,0.1823191457901767
19151,177523530.28960115,150000.0,47726.51099301036,26824920.757089306,18686475.589569315,42350094.642939955,35605152.505609296,30755874.270653307,0.15110628271828952,0.10526196476087046,0.23856045772553403,0.20056582047194085,0.17324956427173363
19153,17592220830.24848,259000.0,61409.91948681203,3950820351.071,3467086281.2015996,2283227566.56024,1626430193.84868,3787279876.4982,0.22457769199201194,0.19708064801234243,0.12978620428834114,0.09245166994789863,0.2152815106769386
19155,2595966016.6370482,180000.0,57555.16143352668,396698250.6256551,331429921.14051723,585240460.0330966,392744510.6035449,512409544.6541897,0.15281334504507846,0.12767113244797754,0.22544226553136779,0.15129031277240174,0.19738684611826782
19157,425027858.45658475,175000.0,47779.52795580828,52749289.772030294,48961703.16581817,98963623.63648483,86173405.77156362,72793012.10730605,0.12410784075091037,0.1151964564007972,0.23284032250463332,0.2027476647871682,0.1712664491491012
19159,100282908.84572256,150000.0,43141.09305626477,11464226.163297767,11250317.693324432,26447341.359551083,24127566.351879973,18751175.787766203,0.1143188435123535,0.11218579340007148,0.2637273057190459,0.24059499898430703,0.18698276708958878
19161,236698040.38613486,150000.0,47726.51099301036,35766561.0094524,24915300.786092423,56466792.85725327,47473536.67414573,41007832.36087108,0.15110628271828952,0.10526196476087046,0.23856045772553403,0.20056582047194085,0.17324956427173363
19163,5369415550.97434,215000.0,59558.922620149526,1019096837.1141999,778498949.1618001,696286139.1116002,527918756.5678,1055254552.7432002,0.18979660401387138,0.14498765122035168,0.1296763367449277,0.09831959392154016,0.19653061729441157
19165,346128802.21827304,180000.0,57555.16143352668,52893100.08342068,44190656.15206896,78032061.33774619,52365934.747139305,68321272.62055862,0.15281334504507846,0.12767113244797754,0.22544226553136776,0.15129031277240174,0.19738684611826782
19167,817144595.6683815,200000.0,50989.19656724971,130670007.3639243,95058692.7629351,153525564.64337835,124405559.72474591,167891898.63677835,0.15991050795244272,0.11633032056607077,0.1878805360241078,0.15224424218701305,0.20546167658301842
19169,2779396772.740057,234605.26315789472,45397.11170639869,325987926.8963824,299797537.9901294,347785656.5308235,303540139.39137876,366571529.08824706,0.11728729416887411,0.10786424627476819,0.1251299058636959,0.10921079795747728,0.13188888059579346
19171,510033430.1479017,175000.0,47779.52795580828,63299147.726436354,58754043.79898181,118756348.36378181,103408086.92587633,87351614.52876726,0.12410784075091037,0.1151964564007972,0.23284032250463332,0.20274766478716819,0.1712664491491012
19173,150424363.26858383,150000.0,43141.09305626477,17196339.24494665,16875476.539986648,39671012.03932663,36191349.52781996,28126763.681649305,0.1143188435123535,0.11218579340007148,0.2637273057190459,0.24059499898430706,0.18698276708958878
19175,200565817.6914451,150000.0,43141.09305626477,22928452.326595534,22500635.386648864,52894682.71910217,48255132.703759946,37502351.57553241,0.1143188435123535,0.11218579340007148,0.2637273057190459,0.24059499898430703,0.18698276708958878
19177,133079847.02034149,150000.0,43557.085962817255,17537500.64513512,15688640.573037822,33727364.923695095,25703795.186779436,25225853.96583241,0.13178179144175362,0.11788892852153479,0.2534370581184979,0.19314566226432892,0.1895542753515233
19179,731939158.6118789,150000.0,43557.085962817255,96456253.54824324,86287523.15170811,185500507.08032322,141370873.52728704,138742196.8120784,0.13178179144175362,0.1178889285215348,0.2534370581184979,0.19314566226432892,0.1895542753515233
19181,1604577214.7346692,250000.0,58097.480076353575,316614359.66052115,206064387.43927646,305368216.7268188,201706868.5540588,332690029.5270505,0.19731949123612358,0.12842285528362746,0.19031070235988243,0.12570717488806718,0.2073381240067426
19183,399239541.06102467,150000.0,43557.085962817255,52612501.93540538,47065921.71911349,101182094.77108535,77111385.56033835,75677561.89749727,0.13178179144175362,0.11788892852153479,0.2534370581184979,0.19314566226432892,0.1895542753515233
19185,150424363.26858383,150000.0,43141.09305626477,17196339.24494665,16875476.539986648,39671012.03932663,36191349.52781996,28126763.681649305,0.1143188435123535,0.11218579340007148,0.2637273057190459,0.24059499898430706,0.18698276708958878
19187,973357597.2989842,150000.0,51426.57264345285,142931713.42683998,85018609.67883107,233933927.4891666,187500486.5397733,234337562.59495103,0.1468439901465483,0.08734570923857092,0.24033708488876118,0.1926326840824762,0.24075176815306662
19189,225593405.35806325,160000.0,49597.31897506065,19542664.766933326,16048385.765699994,42069389.90240165,36468650.77743498,55972489.75013331,0.08662781935453781,0.07113854121856043,0.18648324331834457,0.1616565462964297,0.24811226046831214
19191,349113241.5431288,180000.0,45949.47674571428,54670660.06142103,39142166.768052615,81502155.02829997,60239012.49792103,80820634.07472102,0.15659864352256922,0.112118825957557,0.23345478008238582,0.17254863273491508,0.2315026314025863
19193,2843392465.6980743,170000.0,51178.628279859215,335743467.34584004,229806045.23808002,643413236.5335429,635488697.8940572,518404885.4922972,0.11807848244523377,0.08082107834581355,0.22628365387314905,0.22349665252349885,0.1823191457901767
19195,225593405.35806325,160000.0,49597.31897506065,19542664.766933326,16048385.765699994,42069389.90240165,36468650.77743498,55972489.75013331,0.08662781935453781,0.07113854121856043,0.18648324331834457,0.1616565462964297,0.24811226046831214
19197,374368306.65345556,150000.0,51426.57264345285,54973735.933400005,32699465.261088885,89974587.49583332,72115571.74606666,90129831.7672889,0.1468439901465483,0.08734570923857092,0.24033708488876118,0.19263268408247616,0.24075176815306665
20001,313922105.2229632,130000.0,39966.179473927456,33890505.25865306,37080231.69292244,69974735.48666734,52323002.657618366,50748265.55806326,0.10795832690591294,0.11811921198281403,0.22290477262494074,0.16667511394412937,0.16165878322591937
20003,125568842.08918516,130000.0,39966.179473927456,13556202.10346121,14832092.677168962,27989894.194666907,20929201.063047323,20299306.223225284,0.10795832690591292,0.11811921198281403,0.22290477262494074,0.16667511394412934,0.16165878322591937
20005,493971709.88119125,210000.0,51011.31473288102,84050074.69927426,73689435.66659996,92881257.58807139,77235620.75663711,111623399.24882853,0.17015159576545336,0.14917744112172648,0.1880295080267065,0.15635636456835478,0.225971238870493
20007,122991743.54096596,112886.17886178862,44061.19560274912,18827763.060440995,12626045.000206133,31643143.532671742,26538929.802650213,24294610.454956885,0.15308152009545148,0.10265766332518625,0.2572785995356841,0.21577814118726316,0.19753041753461167
20009,491966974.16386455,112886.17886178862,44061.19560274912,75311052.24176408,50504180.00082461,126572574.13068716,106155719.21060102,97178441.81982768,0.15308152009545148,0.10265766332518625,0.2572785995356841,0.21577814118726316,0.19753041753461167
20011,313922105.2229632,130000.0,39966.179473927456,33890505.25865306,37080231.69292244,69974735.48666734,52323002.657618366,50748265.55806326,0.10795832690591294,0.11811921198281403,0.22290477262494074,0.16667511394412937,0.16165878322591937
20013,296383025.9287148,210000.0,51011.31473288102,50430044.819564566,44213661.39995999,55728754.55284285,46341372.45398228,66974039.54929714,0.17015159576545336,0.14917744112172648,0.1880295080267065,0.15635636456835478,0.225971238870493
20015,2258000984.130533,221141.17647058825,54831.952703007795,514311199.16202956,429988925.9148432,262394157.07299075,237530269.7418948,448943823.33313566,0.2277727967244755,0.19042902502560907,0.11620639624035786,0.10519493632256247,0.1988235729250606
20017,54231630.18053843,140000.0,41270.321548375185,5570102.609066666,4538750.204047059,11917590.691715688,11795398.260927843,9823337.796741178,0.10270948135845552,0.08369193750837745,0.21975350274446362,0.2175003447556467,0.18113668654324136
20019,54231630.18053843,140000.0,41270.321548375185,5570102.609066666,4538750.204047059,11917590.691715688,11795398.260927843,9823337.796741178,0.10270948135845552,0.08369193750837745,0.21975350274446362,0.2175003447556467,0.18113668654324136
20021,376706526.26755583,130000.0,39966.179473927456,40668606.31038366,44496278.031506926,83969682.5840008,62787603.18914203,60897918.66967591,0.10795832690591291,0.11811921198281403,0.22290477262494074,0.16667511394412937,0.16165878322591937
20023,62681406.14430685,150000.0,41098.1911952536,9306438.60485945,7966557.739264857,13982174.430746363,11502007.044962043,13113820.309497284,0.1484720777232392,0.12709602782241403,0.2230673383196959,0.18349950571437096,0.20921388201321275
20025,73349074.80422139,160000.0,45437.970340304906,7237988.468863407,7174149.235658529,22826020.828180462,16108309.801121933,16035531.135697547,0.098678660749063,0.09780831257663855,0.3111971199242281,0.21961162896897055,0.21861940560938975
20027,140606748.8459892,150000.0,44464.53758306058,13691623.777786653,10990997.626035543,30447318.280751083,26004334.960761752,21972579.89006131,0.09737529592397802,0.07816835049699011,0.216542367494045,0.18494371837901666,0.1562697386177995
20029,281213497.6919784,150000.0,44464.53758306058,27383247.555573307,21981995.252071086,60894636.561502166,52008669.921523504,43945159.78012262,0.09737529592397802,0.07816835049699011,0.216542367494045,0.18494371837901666,0.1562697386177995
20031,162694890.54161528,140000.0,41270.321548375185,16710307.827199997,13616250.612141175,35752772.075147055,35386194.78278352,29470013.39022353,0.10270948135845553,0.08369193750837745,0.2197535027444636,0.21750034475564667,0.18113668654324136
20033,61495871.77048298,112886.17886178862,44061.19560274912,9413881.530220497,6313022.500103067,15821571.766335871,13269464.901325107,12147305.227478443,0.15308152009545148,0.10265766332518625,0.2572785995356841,0.21577814118726316,0.19753041753461167
20035,632869139.9356459,126443.08943089431,42665.758575562155,80490023.30550256,58797613.72479773,150613402.9819736,137119714.07219267,119676552.91783936,0.127182727401888,0.0929064320165408,0.23798506433302924,0.21666361245886606,0.18910157782382755
20037,753413052.5351117,130000.0,39966.179473927456,81337212.62076733,88992556.06301385,167939365.1680016,125575206.37828407,121795837.33935182,0.10795832690591291,0.11811921198281403,0.22290477262494074,0.16667511394412937,0.16165878322591937
20039,62681406.14430685,150000.0,41098.1911952536,9306438.60485945,7966557.739264857,13982174.430746363,11502007.044962043,13113820.309497284,0.1484720777232392,0.12709602782241403,0.2230673383196959,0.18349950571437096,0.20921388201321275
20041,421820246.5379679,150000.0,44464.53758306058,41074871.333359994,32972992.878106657,91341954.84225331,78013004.88228531,65917739.670183994,0.09737529592397803,0.07816835049699011,0.216542367494045,0.18494371837901666,0.1562697386177995
20043,296383025.9287148,210000.0,51011.31473288102,50430044.819564566,44213661.39995999,55728754.55284285,46341372.45398228,66974039.54929714,0.17015159576545336,0.14917744112172648,0.1880295080267065,0.15635636456835478,0.225971238870493
20045,3193655009.76762,297606.08203677513,47104.75095160135,522171631.65,340334989.001,488447709.3906,380486105.6601,667735557.0396,0.16350282984635675,0.10656598410288648,0.15294316633972965,0.11913813624089137,0.20908193120339147
20047,122991743.54096596,112886.17886178862,44061.19560274912,18827763.060440995,12626045.000206133,31643143.532671742,26538929.802650213,24294610.454956885,0.15308152009545148,0.10265766332518625,0.2572785995356841,0.21577814118726316,0.19753041753461167
20049,54231630.18053843,140000.0,41270.321548375185,5570102.609066666,4538750.204047059,11917590.691715688,11795398.260927843,9823337.796741178,0.10270948135845552,0.08369193750837745,0.21975350274446362,0.2175003447556467,0.18113668654324136
20051,501451249.1544553,150000.0,41098.1911952536,74451508.83887567,63732461.914118916,111857395.44597101,92016056.35969643,104910562.47597836,0.1484720777232392,0.12709602782241403,0.2230673383196959,0.18349950571437096,0.20921388201321275
20053,140606748.8459892,150000.0,44464.53758306058,13691623.777786653,10990997.626035543,30447318.280751083,26004334.960761752,21972579.89006131,0.09737529592397802,0.07816835049699011,0.216542367494045,0.18494371837901666,0.1562697386177995
20055,880188897.6506575,160000.0,45437.970340304906,86855861.62636097,86089790.82790244,273912249.9381658,193299717.6134634,192426373.62837073,0.098678660749063,0.09780831257663856,0.31119711992422805,0.21961162896897055,0.21861940560938975
20057,660141673.2379931,160000.0,45437.970340304906,65141896.21977072,64567343.12092682,205434187.45362434,144974788.21009755,144319780.22127804,0.098678660749063,0.09780831257663855,0.3111971199242281,0.21961162896897057,0.21861940560938975
20059,376706526.26755583,130000.0,39966.179473927456,40668606.31038366,44496278.031506926,83969682.5840008,62787603.18914203,60897918.66967591,0.10795832690591291,0.11811921198281403,0.22290477262494074,0.16667511394412937,0.16165878322591937
20061,1087941628.594993,222530.12048192773,41323.131379980245,133400973.69779998,127783133.85757999,204210508.90193328,148562055.9561333,142009477.83439997,0.12261776752681004,0.1174540347560776,0.1877035527776045,0.1365533334246909,0.13053042010883995
20063,62681406.14430685,150000.0,41098.1911952536,9306438.60485945,7966557.739264857,13982174.430746363,11502007.044962043,13113820.309497284,0.1484720777232392,0.12709602782241403,0.2230673383196959,0.18349950571437096,0.20921388201321275
20065,62681406.14430685,150000.0,41098.1911952536,9306438.60485945,7966557.739264857,13982174.430746363,11502007.044962043,13113820.309497284,0.1484720777232392,0.12709602782241403,0.2230673383196959,0.18349950571437096,0.20921388201321275
20067,146698149.60844278,160000.0,45437.970340304906,14475976.937726814,14348298.471317058,45652041.656360924,32216619.602243867,32071062.271395095,0.098678660749063,0.09780831257663855,0.3111971199242281,0.21961162896897055,0.21861940560938975
20069,146698149.60844278,160000.0,45437.970340304906,14475976.937726814,14348298.471317058,45652041.656360924,32216619.602243867,32071062.271395095,0.098678660749063,0.09780831257663855,0.3111971199242281,0.21961162896897055,0.21861940560938975
20071,62681406.14430685,150000.0,41098.1911952536,9306438.60485945,7966557.739264857,13982174.430746363,11502007.044962043,13113820.309497284,0.1484720777232392,0.12709602782241403,0.2230673383196959,0.18349950571437096,0.20921388201321275
20073,162694890.54161528,140000.0,41270.321548375185,16710307.827199997,13616250.612141175,35752772.075147055,35386194.78278352,29470013.39022353,0.10270948135845553,0.08369193750837745,0.2197535027444636,0.21750034475564667,0.18113668654324136
20075,73349074.80422139,160000.0,45437.970340304906,7237988.468863407,7174149.235658529,22826020.828180462,16108309.801121933,16035531.135697547,0.098678660749063,0.09780831257663855,0.3111971199242281,0.21961162896897055,0.21861940560938975
20077,184487615.31144917,112886.17886178862,44061.19560274912,28241644.59066153,18939067.500309225,47464715.29900768,39808394.70397537,36441915.68243537,0.15308152009545148,0.10265766332518625,0.2572785995356841,0.21577814118726316,0.19753041753461167
20079,1012961312.541048,245457.14285714287,57871.598559213424,189882209.72672,167724229.80868,136494721.45915997,87652811.287608,182427249.42639998,0.1874525782730971,0.16557812004481992,0.13474820782321717,0.08653125267709182,0.18009300766756334
20081,73349074.80422139,160000.0,45437.970340304906,7237988.468863407,7174149.235658529,22826020.828180462,16108309.801121933,16035531.135697547,0.098678660749063,0.09780831257663855,0.3111971199242281,0.21961162896897055,0.21861940560938975
20083,73349074.80422139,160000.0,45437.970340304906,7237988.468863407,7174149.235658529,22826020.828180462,16108309.801121933,16035531.135697547,0.098678660749063,0.09780831257663855,0.3111971199242281,0.21961162896897055,0.21861940560938975
20085,296383025.9287148,210000.0,51011.31473288102,50430044.819564566,44213661.39995999,55728754.55284285,46341372.45398228,66974039.54929714,0.17015159576545336,0.14917744112172648,0.1880295080267065,0.15635636456835478,0.225971238870493
20087,395177367.9049529,210000.0,51011.31473288102,67240059.75941938,58951548.533279955,74305006.07045709,61788496.60530967,89298719.3990628,0.17015159576545336,0.14917744112172648,0.1880295080267065,0.15635636456835478,0.225971238870493
20089,70303374.4229946,150000.0,44464.53758306058,6845811.888893327,5495498.813017772,15223659.140375542,13002167.480380876,10986289.945030656,0.09737529592397802,0.07816835049699011,0.216542367494045,0.18494371837901666,0.1562697386177995
20091,27110607406.3186,368011.28762541804,75223.3855880097,7215163926.83366,5105288788.225201,1678941589.9084802,1286579730.77718,5966417876.93532,0.2661380403137718,0.1883133310777583,0.06192932400021305,0.04745669145270866,0.22007687941158935
20093,73349074.80422139,160000.0,45437.970340304906,7237988.468863407,7174149.235658529,22826020.828180462,16108309.801121933,16035531.135697547,0.098678660749063,0.09780831257663855,0.3111971199242281,0.21961162896897055,0.21861940560938975
20095,184487615.31144917,112886.17886178862,44061.19560274912,28241644.59066153,18939067.500309225,47464715.29900768,39808394.70397537,36441915.68243537,0.15308152009545148,0.10265766332518625,0.2572785995356841,0.21577814118726316,0.19753041753461167
20097,61495871.77048298,112886.17886178862,44061.19560274912,9413881.530220497,6313022.500103067,15821571.766335871,13269464.901325107,12147305.227478443,0.15308152009545148,0.10265766332518625,0.2572785995356841,0.21577814118726316,0.19753041753461167
20099,502275368.356741,130000.0,39966.179473927456,54224808.413844876,59328370.70867589,111959576.7786677,83716804.25218935,81197224.8929012,0.10795832690591292,0.11811921198281403,0.22290477262494074,0.16667511394412934,0.16165878322591937
20101,62681406.14430685,150000.0,41098.1911952536,9306438.60485945,7966557.739264857,13982174.430746363,11502007.044962043,13113820.309497284,0.1484720777232392,0.12709602782241403,0.2230673383196959,0.18349950571437096,0.20921388201321275
20103,2160687672.7433367,265000.0,52101.59002531919,319491691.1375333,233474756.97232667,386414915.48228663,295969781.0080906,398402496.48451334,0.14786574439603656,0.1080557638744212,0.17883885781218506,0.13697943702909635,0.1843868975189172
20105,70303374.4229946,150000.0,44464.53758306058,6845811.888893327,5495498.813017772,15223659.140375542,13002167.480380876,10986289.945030656,0.09737529592397802,0.07816835049699011,0.216542367494045,0.18494371837901666,0.1562697386177995
20107,341161211.48579,265000.0,52101.59002531919,50446056.4954,36864435.31142,61012881.39194,46732070.68548799,62905657.339660004,0.14786574439603656,0.1080557638744212,0.17883885781218506,0.13697943702909635,0.1843868975189172
20109,62681406.14430685,150000.0,41098.1911952536,9306438.60485945,7966557.739264857,13982174.430746363,11502007.044962043,13113820.309497284,0.1484720777232392,0.12709602782241403,0.2230673383196959,0.18349950571437096,0.20921388201321275
20111,650779562.1664611,140000.0,41270.321548375185,66841231.30879999,54465002.4485647,143011088.30058822,141544779.1311341,117880053.56089412,0.10270948135845553,0.08369193750837745,0.2197535027444636,0.21750034475564667,0.18113668654324136
20113,637968549.9042746,147000.0,45489.99584695271,78514304.60159998,75132957.98682591,139821886.7338222,121598300.787237,140860212.9529259,0.1230692400328838,0.1177690624374813,0.2191673660947739,0.1906023436507685,0.2207949168874572
20115,216926520.72215372,140000.0,41270.321548375185,22280410.436266664,18155000.816188235,47670362.76686275,47181593.04371137,39293351.18696471,0.10270948135845552,0.08369193750837745,0.21975350274446362,0.2175003447556467,0.18113668654324136
20117,281213497.6919784,150000.0,44464.53758306058,27383247.555573307,21981995.252071086,60894636.561502166,52008669.921523504,43945159.78012262,0.09737529592397802,0.07816835049699011,0.216542367494045,0.18494371837901666,0.1562697386177995
20119,146698149.60844278,160000.0,45437.970340304906,14475976.937726814,14348298.471317058,45652041.656360924,32216619.602243867,32071062.271395095,0.098678660749063,0.09780831257663855,0.3111971199242281,0.21961162896897055,0.21861940560938975
20121,909763230.6287732,265000.0,52101.59002531919,134522817.32106665,98305160.83045332,162701017.0451733,124618855.1613013,167748419.57242665,0.14786574439603656,0.1080557638744212,0.17883885781218506,0.13697943702909635,0.1843868975189172
20123,140606748.8459892,150000.0,44464.53758306058,13691623.777786653,10990997.626035543,30447318.280751083,26004334.960761752,21972579.89006131,0.09737529592397802,0.07816835049699011,0.216542367494045,0.18494371837901666,0.1562697386177995
20125,650779562.1664611,140000.0,41270.321548375185,66841231.30879999,54465002.4485647,143011088.30058822,141544779.1311341,117880053.56089412,0.10270948135845553,0.08369193750837745,0.2197535027444636,0.21750034475564667,0.18113668654324136
20127,108463260.36107686,140000.0,41270.321548375185,11140205.218133332,9077500.408094117,23835181.383431375,23590796.521855686,19646675.593482357,0.10270948135845552,0.08369193750837745,0.21975350274446362,0.2175003447556467,0.18113668654324136
20129,73349074.80422139,160000.0,45437.970340304906,7237988.468863407,7174149.235658529,22826020.828180462,16108309.801121933,16035531.135697547,0.098678660749063,0.09780831257663855,0.3111971199242281,0.21961162896897055,0.21861940560938975
20131,210910123.26898378,150000.0,44464.53758306058,20537435.66667998,16486496.439053314,45670977.42112662,39006502.441142626,32958869.835091967,0.09737529592397802,0.07816835049699011,0.216542367494045,0.18494371837901666,0.1562697386177995
20133,313922105.2229632,130000.0,39966.179473927456,33890505.25865306,37080231.69292244,69974735.48666734,52323002.657618366,50748265.55806326,0.10795832690591294,0.11811921198281403,0.22290477262494074,0.16667511394412937,0.16165878322591937
20135,62681406.14430685,150000.0,41098.1911952536,9306438.60485945,7966557.739264857,13982174.430746363,11502007.044962043,13113820.309497284,0.1484720777232392,0.12709602782241403,0.2230673383196959,0.18349950571437096,0.20921388201321275
20137,62681406.14430685,150000.0,41098.1911952536,9306438.60485945,7966557.739264857,13982174.430746363,11502007.044962043,13113820.309497284,0.1484720777232392,0.12709602782241403,0.2230673383196959,0.18349950571437096,0.20921388201321275
20139,493971709.88119125,210000.0,51011.31473288102,84050074.69927426,73689435.66659996,92881257.58807139,77235620.75663711,111623399.24882853,0.17015159576545336,0.14917744112172648,0.1880295080267065,0.15635636456835478,0.225971238870493
20141,62681406.14430685,150000.0,41098.1911952536,9306438.60485945,7966557.739264857,13982174.430746363,11502007.044962043,13113820.309497284,0.1484720777232392,0.12709602782241403,0.2230673383196959,0.18349950571437096,0.20921388201321275
20143,140606748.8459892,150000.0,44464.53758306058,13691623.777786653,10990997.626035543,30447318.280751083,26004334.960761752,21972579.89006131,0.09737529592397802,0.07816835049699011,0.216542367494045,0.18494371837901666,0.1562697386177995
20145,122991743.54096596,112886.17886178862,44061.19560274912,18827763.060440995,12626045.000206133,31643143.532671742,26538929.802650213,24294610.454956885,0.15308152009545148,0.10265766332518625,0.2572785995356841,0.21577814118726316,0.19753041753461167
20147,188044218.43292058,150000.0,41098.1911952536,27919315.814578354,23899673.217794575,41946523.29223909,34506021.13488613,39341460.92849185,0.1484720777232392,0.12709602782241403,0.2230673383196959,0.18349950571437096,0.20921388201321275
20149,494518922.08863324,222530.12048192773,41323.131379980245,60636806.22627272,58083242.66253636,92822958.59178786,67528207.25278787,64549762.65199999,0.12261776752681004,0.1174540347560776,0.1877035527776045,0.1365533334246909,0.13053042010883995
20151,184487615.31144917,112886.17886178862,44061.19560274912,28241644.59066153,18939067.500309225,47464715.29900768,39808394.70397537,36441915.68243537,0.15308152009545148,0.10265766332518625,0.2572785995356841,0.21577814118726316,0.19753041753461167
20153,62681406.14430685,150000.0,41098.1911952536,9306438.60485945,7966557.739264857,13982174.430746363,11502007.044962043,13113820.309497284,0.1484720777232392,0.12709602782241403,0.2230673383196959,0.18349950571437096,0.20921388201321275
20155,1549352192.6246674,147000.0,45489.99584695271,190677596.8896,182465755.11086297,339567439.2107112,295310159.05471855,342089088.59996295,0.1230692400328838,0.11776906243748128,0.21916736609477394,0.1906023436507685,0.22079491688745714
20157,210910123.26898378,150000.0,44464.53758306058,20537435.66667998,16486496.439053314,45670977.42112662,39006502.441142626,32958869.835091967,0.09737529592397802,0.07816835049699011,0.216542367494045,0.18494371837901666,0.1562697386177995
20159,273415092.81611776,147000.0,45489.99584695271,33648987.686400004,32199839.137211114,59923665.74306667,52113557.48024444,60368662.69411111,0.12306924003288382,0.11776906243748128,0.2191673660947739,0.1906023436507685,0.22079491688745717
20161,1681364335.1013532,222530.12048192773,41323.131379980245,206165141.16932726,197483025.05262363,315598059.21207875,229595904.65947878,219469193.0168,0.12261776752681004,0.11745403475607759,0.1877035527776045,0.1365533334246909,0.13053042010883995
20163,125362812.2886137,150000.0,41098.1911952536,18612877.2097189,15933115.478529714,27964348.861492727,23004014.089924086,26227640.618994568,0.1484720777232392,0.12709602782241403,0.2230673383196959,0.18349950571437096,0.20921388201321275
20165,61495871.77048298,112886.17886178862,44061.19560274912,9413881.530220497,6313022.500103067,15821571.766335871,13269464.901325107,12147305.227478443,0.15308152009545148,0.10265766332518625,0.2572785995356841,0.21577814118726316,0.19753041753461167
20167,125362812.2886137,150000.0,41098.1911952536,18612877.2097189,15933115.478529714,27964348.861492727,23004014.089924086,26227640.618994568,0.1484720777232392,0.12709602782241403,0.2230673383196959,0.18349950571437096,0.20921388201321275
20169,913943867.4989305,150000.0,44464.53758306058,88995554.55561331,71441484.5692311,197907568.82488218,169028177.24495152,142821769.28539863,0.09737529592397802,0.07816835049699011,0.216542367494045,0.18494371837901666,0.1562697386177995
20171,62681406.14430685,150000.0,41098.1911952536,9306438.60485945,7966557.739264857,13982174.430746363,11502007.044962043,13113820.309497284,0.1484720777232392,0.12709602782241403,0.2230673383196959,0.18349950571437096,0.20921388201321275
20173,13932020396.036158,201934.87394957984,51712.573282005236,2551998284.4591503,2429415782.1793766,2261307599.320709,1811142279.6432571,2561556847.356024,0.18317503218594391,0.17437641584781036,0.16231009825136927,0.12999853776833048,0.1838611180963258
20175,366745374.0211073,160000.0,45437.970340304906,36189942.34431707,35870746.17829268,114130104.14090243,80541549.00560975,80177655.67848781,0.098678660749063,0.09780831257663854,0.3111971199242281,0.21961162896897055,0.21861940560938975
20177,4118346941.489563,180000.0,49521.39617123368,840303540.1695486,703296497.8073,742055232.5176228,601009379.7935543,792136007.3652571,0.20403903607635826,0.17077155174132197,0.1801827876718976,0.14593461608073638,0.19234319464079677
20179,62681406.14430685,150000.0,41098.1911952536,9306438.60485945,7966557.739264857,13982174.430746363,11502007.044962043,13113820.309497284,0.1484720777232392,0.12709602782241403,0.2230673383196959,0.18349950571437096,0.20921388201321275
20181,125362812.2886137,150000.0,41098.1911952536,18612877.2097189,15933115.478529714,27964348.861492727,23004014.089924086,26227640.618994568,0.1484720777232392,0.12709602782241403,0.2230673383196959,0.18349950571437096,0.20921388201321275
20183,125362812.2886137,150000.0,41098.1911952536,18612877.2097189,15933115.478529714,27964348.861492727,23004014.089924086,26227640.618994568,0.1484720777232392,0.12709602782241403,0.2230673383196959,0.18349950571437096,0.20921388201321275
20185,122991743.54096596,112886.17886178862,44061.19560274912,18827763.060440995,12626045.000206133,31643143.532671742,26538929.802650213,24294610.454956885,0.15308152009545148,0.10265766332518625,0.2572785995356841,0.21577814118726316,0.19753041753461167
20187,73349074.80422139,160000.0,45437.970340304906,7237988.468863407,7174149.235658529,22826020.828180462,16108309.801121933,16035531.135697547,0.098678660749063,0.09780831257663855,0.3111971199242281,0.21961162896897055,0.21861940560938975
20189,146698149.60844278,160000.0,45437.970340304906,14475976.937726814,14348298.471317058,45652041.656360924,32216619.602243867,32071062.271395095,0.098678660749063,0.09780831257663855,0.3111971199242281,0.21961162896897055,0.21861940560938975
20191,368975230.62289834,112886.17886178862,44061.19560274912,56483289.18132306,37878135.00061845,94929430.59801535,79616789.40795074,72883831.36487074,0.15308152009545148,0.10265766332518625,0.2572785995356841,0.21577814118726316,0.19753041753461167
20193,125362812.2886137,150000.0,41098.1911952536,18612877.2097189,15933115.478529714,27964348.861492727,23004014.089924086,26227640.618994568,0.1484720777232392,0.12709602782241403,0.2230673383196959,0.18349950571437096,0.20921388201321275
20195,62681406.14430685,150000.0,41098.1911952536,9306438.60485945,7966557.739264857,13982174.430746363,11502007.044962043,13113820.309497284,0.1484720777232392,0.12709602782241403,0.2230673383196959,0.18349950571437096,0.20921388201321275
20197,197588683.95247644,210000.0,51011.31473288102,33620029.87970969,29475774.266639978,37152503.03522854,30894248.302654836,44649359.6995314,0.17015159576545336,0.14917744112172648,0.1880295080267065,0.15635636456835478,0.225971238870493
20199,62681406.14430685,150000.0,41098.1911952536,9306438.60485945,7966557.739264857,13982174.430746363,11502007.044962043,13113820.309497284,0.1484720777232392,0.12709602782241403,0.2230673383196959,0.18349950571437096,0.20921388201321275
20201,140606748.8459892,150000.0,44464.53758306058,13691623.777786653,10990997.626035543,30447318.280751083,26004334.960761752,21972579.89006131,0.09737529592397802,0.07816835049699011,0.216542367494045,0.18494371837901666,0.1562697386177995
20203,62681406.14430685,150000.0,41098.1911952536,9306438.60485945,7966557.739264857,13982174.430746363,11502007.044962043,13113820.309497284,0.1484720777232392,0.12709602782241403,0.2230673383196959,0.18349950571437096,0.20921388201321275
20205,216926520.72215372,140000.0,41270.321548375185,22280410.436266664,18155000.816188235,47670362.76686275,47181593.04371137,39293351.18696471,0.10270948135845552,0.08369193750837745,0.21975350274446362,0.2175003447556467,0.18113668654324136
20207,108463260.36107686,140000.0,41270.321548375185,11140205.218133332,9077500.408094117,23835181.383431375,23590796.521855686,19646675.593482357,0.10270948135845552,0.08369193750837745,0.21975350274446362,0.2175003447556467,0.18113668654324136
20209,3762151102.6896,175000.0,44481.96439563475,586645073.18452,641879866.897,839465279.36186,747925643.3778,857374774.8462,0.15593341606218886,0.17061512134324258,0.22313438680379366,0.19880265916036716,0.22789482704010852
21001,354784442.25790405,150000.0,40183.07913037467,51664319.33432001,48032000.99428001,83866843.42882401,67430476.01015201,89427164.10252002,0.1456217161201324,0.1353836168480128,0.23638816543104937,0.19006040845820027,0.2520605569212434
21003,418104944.6435977,180000.0,47926.440830317515,33149514.49022222,37879081.14817777,98380892.89308888,80176447.45295556,75899303.23547778,0.07928515296196659,0.09059706572106382,0.23530191200429598,0.191761538532628,0.18153170443888456
21005,543842531.3538275,213563.2911392405,54949.813523804696,100710328.22593227,69085300.22104612,64575219.23221536,51736523.16756921,121108326.76848611,0.18518288368367694,0.12703180836016442,0.11873881778143296,0.09513144004897457,0.22269006152755685
21007,227951088.22416997,174427.7108433735,47134.80111037293,30577440.53428879,20269218.79764405,49891541.3463986,38919829.045730814,41285647.52147793,0.13414035779560987,0.08891915785772009,0.21886950281779147,0.17073763213385743,0.18111625543492516
21009,905894046.727795,180000.0,47926.440830317515,71823948.06214814,82071342.48771851,213158601.2683592,173715636.14807037,164448490.34353516,0.07928515296196659,0.09059706572106382,0.23530191200429598,0.191761538532628,0.18153170443888456
21011,273440752.2053912,140000.0,43986.373139962336,32640003.04798049,29590977.811336588,60598435.14045659,52516291.23817757,67093843.00290733,0.11936773427050627,0.10821714602770598,0.22161449839392963,0.19205729509817426,0.24536885033329164
21013,358985160.2816874,120000.0,41677.43108268753,24620682.55037023,44927156.60933022,69191238.79238231,60022874.64448465,57165163.79370697,0.06858412345248742,0.12515045628648527,0.19274122289091156,0.1672015483798441,0.15924102196550627
21015,4892752725.4156,260000.0,65441.75383422189,972226841.9556,791698852.6114,671647651.5092,584781455.4516001,1095030435.8024,0.19870753674211428,0.16181051793173373,0.13727398239855845,0.11951992840634054,0.22380661710415503
21017,701902098.4045272,250000.0,52159.23609669788,104303488.80455635,105246613.3939818,105260339.81359999,80815189.8973818,116638809.4777818,0.14860119244784353,0.14994486215843314,0.14996441819003553,0.11513741030420112,0.16617532522400205
21019,1011803359.5132145,150000.0,48497.10394094133,84561558.2121951,126083707.7579195,245069481.4672536,201140589.34842438,216487025.78129262,0.08357509136249384,0.12461285740203437,0.24221058287962022,0.19879415052070443,0.2139615605599946
21021,746314496.4513857,185000.0,53751.192176052304,121649692.85034321,94678481.63083482,133498402.78440127,86496551.71847741,199643129.65226448,0.16300057606916304,0.12686137289442573,0.17887687217542508,0.115898260223747,0.2675053621516637
21023,205080564.1540432,140000.0,43986.373139962336,24480002.285985343,22193233.358502418,45448826.35534239,39387218.42863313,50320382.25218044,0.11936773427050627,0.10821714602770598,0.22161449839392963,0.19205729509817426,0.24536885033329164
21025,257734260.6502023,80000.0,42415.00104466204,29637080.0336279,28630161.853524644,44860879.16673348,24509932.072933022,42882724.2768465,0.11499084351013555,0.11108403586429506,0.17405865659288036,0.09509768709484058,0.16638348416956122
21027,484749703.50582,189058.59375,48009.660718894476,79367237.438472,46909933.34892479,110635099.23953761,99912901.43102638,76280850.59707199,0.16372828464766478,0.0967714534112378,0.2282313912507825,0.20611235181462428,0.1573613146029622
21029,2659903253.4966354,250000.0,56020.28062265496,229640351.60423076,321577583.13915384,567042089.2886539,462104521.0314076,375554097.14696926,0.08633409929566119,0.12089822542094973,0.21318147137240273,0.17372982285124008,0.14119088604191757
21031,418104944.6435977,180000.0,47926.440830317515,33149514.49022222,37879081.14817777,98380892.89308888,80176447.45295556,75899303.23547778,0.07928515296196659,0.09059706572106382,0.23530191200429598,0.191761538532628,0.18153170443888456
21033,249259318.26696232,140000.0,43511.47403670302,30621151.164023526,20465906.283799995,52341226.511270575,54836922.614964694,41580862.91449176,0.12284857142723782,0.08210688541593679,0.20998704030479595,0.2199994888705951,0.16681768691173954
21035,835820656.8219573,174427.7108433735,47134.80111037293,112117281.95905901,74320468.92469491,182935651.6034617,142706039.83434647,151380707.57875255,0.13414035779560987,0.08891915785772009,0.21886950281779147,0.17073763213385745,0.18111625543492516
21037,2608081307.0469456,200000.0,54623.23405839666,480133995.55918473,314804136.13211954,515080861.79656523,418277505.7976739,377584697.06173915,0.18409471908022165,0.12070334436335617,0.19749417336217032,0.16037747928621032,0.14477489487828402
21039,227951088.22416997,174427.7108433735,47134.80111037293,30577440.53428879,20269218.79764405,49891541.3463986,38919829.045730814,41285647.52147793,0.13414035779560987,0.08891915785772009,0.21886950281779147,0.17073763213385743,0.18111625543492516
21041,312969756.8456333,200000.0,54623.23405839666,57616079.46710215,37776496.33585433,61809703.4155878,50193300.695720844,45310163.64740867,0.18409471908022165,0.12070334436335618,0.19749417336217032,0.16037747928621032,0.14477489487828402
21043,539628458.4070479,150000.0,48497.10394094133,45099497.71317074,67244644.13755709,130703723.44920196,107274980.98582636,115459747.0833561,0.08357509136249384,0.12461285740203437,0.24221058287962022,0.19879415052070443,0.2139615605599946
21045,304100950.50677484,150000.0,40183.07913037467,44283702.28656,41170286.56652571,71885865.79613484,57797550.86584457,76651854.94501714,0.1456217161201324,0.1353836168480128,0.23638816543104935,0.19006040845820027,0.2520605569212434
21047,1367668769.465495,195255.81395348837,47658.807467617036,169988484.13166666,99957724.74380001,237499955.06965002,231313927.65285,303635603.45860004,0.12429068201805957,0.07308620842666821,0.17365312447872044,0.16913007945867686,0.2220096051306818
21049,877377623.0056589,250000.0,52159.23609669788,130379361.00569542,131558266.74247724,131575424.76699996,101018987.37172723,145798511.84722722,0.14860119244784353,0.14994486215843314,0.14996441819003553,0.11513741030420112,0.16617532522400205
21051,489018724.6303388,150000.0,41542.4969453505,71229332.73543529,52732253.64442352,123930669.79636705,102008072.59586823,86456508.14674823,0.14565767965077264,0.10783279041980473,0.25342724839432124,0.20859747788385533,0.17679590533491907
21053,202733967.00451642,150000.0,40183.07913037467,29522468.191039976,27446857.711017124,47923910.53075653,38531700.577229686,51101236.630011395,0.1456217161201324,0.1353836168480128,0.23638816543104937,0.19006040845820027,0.2520605569212434
21055,249259318.26696232,140000.0,43511.47403670302,30621151.164023526,20465906.283799995,52341226.511270575,54836922.614964694,41580862.91449176,0.12284857142723782,0.08210688541593679,0.20998704030479595,0.2199994888705951,0.16681768691173954
21057,101366983.50225821,150000.0,40183.07913037467,14761234.095519988,13723428.855508562,23961955.265378267,19265850.288614843,25550618.315005697,0.1456217161201324,0.1353836168480128,0.23638816543104937,0.19006040845820027,0.2520605569212434
21059,2503377338.81794,200000.0,46802.597569883714,262894032.9498,298783717.2966,387726365.6648,352823064.983,418786593.2456,0.1050157436808687,0.11935224972423912,0.1548813115995845,0.14093882672501865,0.16728864112964495
21061,348420787.2029978,180000.0,47926.440830317515,27624595.408518493,31565900.956814785,81984077.41090733,66813706.21079624,63249419.36289809,0.07928515296196659,0.09059706572106382,0.23530191200429598,0.19176153853262798,0.18153170443888456
21063,202360671.90264273,150000.0,48497.10394094133,16912311.642439008,25216741.55158388,49013896.29345068,40228117.86968484,43297405.156258486,0.08357509136249384,0.12461285740203436,0.24221058287962025,0.1987941505207044,0.21396156055999457
21065,435717702.81065553,230000.0,46813.06094996195,57619819.80619608,43597889.43703902,58560178.94739511,42864407.904444866,101091884.80760777,0.13224117228772597,0.10005994513375284,0.13439935666979977,0.09837655809700237,0.2320123422929594
21067,10346302551.62438,276318.407960199,56879.84375114523,2071325766.2888,1476008265.18908,872100652.05748,787565787.8104801,1742013500.0484,0.20019961294903363,0.14266045844148886,0.08429104481586606,0.07612050622730257,0.16837063205491726
21069,273440752.2053912,140000.0,43986.373139962336,32640003.04798049,29590977.811336588,60598435.14045659,52516291.23817757,67093843.00290733,0.11936773427050627,0.10821714602770598,0.22161449839392963,0.19205729509817426,0.24536885033329164
21071,610784458.1027539,100000.0,48647.510126491405,78729720.91255385,38901720.87743846,118650035.94983539,88752678.44228154,137599831.13223848,0.12889935208421582,0.06369140596385955,0.1942584399059391,0.1453093268253241,0.22528377941976005
21073,1812808437.8460922,213563.2911392405,54949.813523804696,335701094.086441,230284334.07015383,215250730.77405128,172455077.22523078,403694422.5616205,0.18518288368367694,0.12703180836016442,0.11873881778143296,0.09513144004897459,0.22269006152755683
21075,151967392.1494465,174427.7108433735,47134.80111037293,20384960.356192507,13512812.531762684,33261027.5642657,25946552.69715385,27523765.01431859,0.13414035779560987,0.08891915785772009,0.21886950281779147,0.17073763213385745,0.18111625543492516
21077,312969756.8456333,200000.0,54623.23405839666,57616079.46710215,37776496.33585433,61809703.4155878,50193300.695720844,45310163.64740867,0.18409471908022165,0.12070334436335618,0.19749417336217032,0.16037747928621032,0.14477489487828402
21079,639698139.8154736,185000.0,53751.192176052304,104271165.30029419,81152984.25500128,114427202.38662967,74139901.47298065,171122682.55908385,0.16300057606916304,0.12686137289442573,0.17887687217542508,0.11589826022374701,0.2675053621516637
21081,730262765.9731444,200000.0,54623.23405839666,134437518.75657168,88145158.11699344,144222641.30303818,117117701.62334862,105723715.17728691,0.18409471908022168,0.1207033443633562,0.1974941733621703,0.16037747928621032,0.14477489487828402
21083,759836960.7472339,174427.7108433735,47134.80111037293,101924801.78096272,67564062.65881355,166305137.82132882,129732763.4857695,137618825.0715932,0.13414035779560987,0.08891915785772009,0.2188695028177915,0.17073763213385745,0.18111625543492513
21085,727124555.2587299,189058.59375,48009.660718894476,119050856.157708,70364900.0233872,165952648.8593064,149869352.14653957,114421275.89560798,0.16372828464766478,0.0967714534112378,0.22823139125078248,0.20611235181462428,0.1573613146029622
21087,202733967.00451642,150000.0,40183.07913037467,29522468.191039976,27446857.711017124,47923910.53075653,38531700.577229686,51101236.630011395,0.1456217161201324,0.1353836168480128,0.23638816543104937,0.19006040845820027,0.2520605569212434
21089,607082015.7079288,150000.0,48497.10394094133,50736934.92731707,75650224.65475172,147041688.8803522,120684353.60905464,129892215.4687756,0.08357509136249384,0.12461285740203437,0.24221058287962025,0.19879415052070443,0.2139615605599946
21091,205149706.72509825,160000.0,48879.112095724806,20260745.278266657,14134750.479699994,42409518.948766656,32839040.10728332,26175830.688976657,0.09876078109834283,0.06889968650377179,0.20672473592953095,0.16007354156878137,0.12759380019027966
21093,3009899236.6306,213479.5918367347,53918.62201298031,431338083.24719995,318091145.277,414666211.2486,320704883.5736,522717379.63540006,0.14330648614338892,0.10568165917510375,0.1377674728117456,0.10655003983874546,0.1736660726956928
21095,438759640.34428465,120000.0,41677.43108268753,30091945.3393414,54910969.189181395,84567069.63513395,73361291.23214792,69868533.52564186,0.06858412345248742,0.12515045628648527,0.19274122289091153,0.16720154837984413,0.15924102196550627
21097,438688811.50282943,250000.0,52159.23609669788,65189680.50284771,65779133.37123862,65787712.38349998,50509493.685863614,72899255.92361361,0.14860119244784353,0.14994486215843314,0.14996441819003553,0.11513741030420112,0.16617532522400205
21099,418104944.6435977,180000.0,47926.440830317515,33149514.49022222,37879081.14817777,98380892.89308888,80176447.45295556,75899303.23547778,0.07928515296196659,0.09059706572106382,0.23530191200429598,0.191761538532628,0.18153170443888456
21101,957365298.0504589,160000.0,48879.112095724806,94550144.63191111,65962168.90526666,197911088.4275778,153248853.8339889,122153876.54855779,0.09876078109834283,0.06889968650377179,0.20672473592953095,0.16007354156878137,0.12759380019027966
21103,714416593.5326468,300000.0,69969.21887949188,128537411.05611758,65322489.82789703,87170911.99630585,62134719.41785291,131866791.01707053,0.1799194086751623,0.09143473208662528,0.12201691951927261,0.08697267110021785,0.18457968671334424
21105,75983696.07472304,174427.7108433735,47134.80111037293,10192480.178096225,6756406.265881324,16630513.782132804,12973276.34857689,13761882.507159257,0.13414035779560987,0.08891915785772009,0.21886950281779147,0.17073763213385745,0.18111625543492516
21107,810092784.3676275,140000.0,43511.47403670302,99518741.28307645,66514195.42234998,170108986.16162938,178219998.49863526,135137804.4720982,0.12284857142723782,0.08210688541593679,0.20998704030479595,0.2199994888705951,0.1668176869117395
21109,305636702.8939616,150000.0,41542.4969453505,44518332.95964704,32957658.52776469,77456668.62272938,63755045.37241762,54035317.59171762,0.14565767965077264,0.10783279041980473,0.25342724839432124,0.20859747788385533,0.17679590533491907
21111,22774505595.6986,251371.7253839205,58689.70840743326,4636483836.48038,3167356430.81064,2780429316.28194,2530406840.81466,4274473752.06686,0.20358219488005344,0.13907465158799565,0.12208516688094766,0.11110699330801611,0.1876867857396727
21113,1172779922.995035,185000.0,53751.192176052304,191163803.05053937,148780471.134169,209783204.37548774,135923152.70046452,313724918.0249871,0.16300057606916304,0.12686137289442573,0.17887687217542508,0.115898260223747,0.2675053621516637
21115,305392229.05137694,100000.0,48647.510126491405,39364860.45627692,19450860.43871923,59325017.974917695,44376339.22114077,68799915.56611924,0.12889935208421582,0.06369140596385955,0.1942584399059391,0.1453093268253241,0.22528377941976005
21117,5369517349.84664,250000.0,60687.598610351044,1237185602.759,943711453.64496,653713167.63868,502823749.19536006,1149036068.02854,0.23040908933730062,0.17575349741106874,0.12174523798816869,0.09364412412406514,0.21399243044840108
21119,184095900.46443015,80000.0,42415.00104466204,21169342.881162778,20450115.609660454,32043485.119095333,17507094.337809294,30630517.340604633,0.11499084351013554,0.11108403586429506,0.17405865659288036,0.09509768709484058,0.16638348416956122
21121,438759640.34428465,120000.0,41677.43108268753,30091945.3393414,54910969.189181395,84567069.63513395,73361291.23214792,69868533.52564186,0.06858412345248742,0.12515045628648527,0.19274122289091153,0.16720154837984413,0.15924102196550627
21123,403958086.25485003,189058.59375,48009.660718894476,66139364.53206001,39091611.124104,92195916.03294802,83260751.192522,63567375.49756,0.16372828464766478,0.0967714534112378,0.22823139125078248,0.2061123518146243,0.1573613146029622
21125,978037449.2606776,150000.0,41542.4969453505,142458665.47087058,105464507.28884704,247861339.5927341,204016145.19173646,172913016.29349646,0.14565767965077264,0.10783279041980473,0.25342724839432124,0.20859747788385533,0.17679590533491907
21127,404721343.80528575,150000.0,48497.10394094133,33824623.28487804,50433483.103167795,98027792.58690143,80456235.73936974,86594810.31251705,0.08357509136249384,0.12461285740203436,0.2422105828796202,0.1987941505207044,0.2139615605599946
21129,110457540.27865812,80000.0,42415.00104466204,12701605.72869767,12270069.365796275,19226091.071457203,10504256.60268558,18378310.404362787,0.11499084351013555,0.11108403586429506,0.17405865659288036,0.09509768709484058,0.16638348416956125
21131,147276720.37154406,80000.0,42415.00104466204,16935474.304930218,16360092.487728355,25634788.095276255,14005675.47024743,24504413.872483697,0.11499084351013557,0.11108403586429506,0.17405865659288036,0.09509768709484058,0.16638348416956122
21133,368191800.9288604,80000.0,42415.00104466204,42338685.76232557,40900231.21932092,64086970.23819069,35014188.675618604,61261034.68120929,0.11499084351013555,0.11108403586429508,0.17405865659288036,0.09509768709484058,0.16638348416956122
21135,273440752.2053912,140000.0,43986.373139962336,32640003.04798049,29590977.811336588,60598435.14045659,52516291.23817757,67093843.00290733,0.11936773427050627,0.10821714602770598,0.22161449839392963,0.19205729509817426,0.24536885033329164
21137,746314496.4513857,185000.0,53751.192176052304,121649692.85034321,94678481.63083482,133498402.78440127,86496551.71847741,199643129.65226448,0.16300057606916304,0.12686137289442573,0.17887687217542508,0.115898260223747,0.2675053621516637
21139,186944488.70022163,140000.0,43511.47403670302,22965863.37301763,15349429.712849988,39255919.88345291,41127691.9612235,31185647.1858688,0.12284857142723783,0.08210688541593679,0.20998704030479592,0.2199994888705951,0.16681768691173954
21141,418104944.6435977,180000.0,47926.440830317515,33149514.49022222,37879081.14817777,98380892.89308888,80176447.45295556,75899303.23547778,0.07928515296196659,0.09059706572106382,0.23530191200429598,0.191761538532628,0.18153170443888456
21143,260508337.04104665,195255.81395348837,47658.807467617036,32378758.882222217,19039566.617866665,45238086.67993333,44059795.74339999,57835353.039733335,0.12429068201805957,0.0730862084266682,0.17365312447872044,0.16913007945867686,0.2220096051306818
21145,1443690225.4197443,174427.7108433735,47134.80111037293,193657123.38382918,128371719.05174574,315979761.8605247,246492250.62296203,261475767.63602707,0.13414035779560987,0.08891915785772009,0.21886950281779147,0.17073763213385745,0.18111625543492516
21147,285462195.5447799,150000.0,42168.874443427136,27198310.388766654,17055661.05371666,75559936.84521663,66912954.40009997,59839236.05909331,0.09527815175967884,0.05974752986526782,0.2646933220036966,0.2344021570786366,0.20962227921247262
21149,205149706.72509825,160000.0,48879.112095724806,20260745.278266657,14134750.479699994,42409518.948766656,32839040.10728332,26175830.688976657,0.09876078109834283,0.06889968650377179,0.20672473592953095,0.16007354156878137,0.12759380019027966
21151,2251208131.1883874,230000.0,46813.06094996195,297702402.33201313,225255762.09136832,302560924.56154144,221466107.5062985,522308071.50597364,0.13224117228772597,0.10005994513375284,0.13439935666979977,0.09837655809700237,0.23201234229295942
21153,218137306.46526912,100000.0,48647.510126491405,28117757.46876921,13893471.741942301,42375012.8392269,31697385.157957673,49142796.832942285,0.12889935208421582,0.06369140596385955,0.1942584399059391,0.1453093268253241,0.22528377941976005
21155,484749703.50582,189058.59375,48009.660718894476,79367237.438472,46909933.34892479,110635099.23953761,99912901.43102638,76280850.59707199,0.16372828464766478,0.0967714534112378,0.2282313912507825,0.20611235181462428,0.1573613146029622
21157,759836960.7472339,174427.7108433735,47134.80111037293,101924801.78096272,67564062.65881355,166305137.82132882,129732763.4857695,137618825.0715932,0.13414035779560987,0.08891915785772009,0.2188695028177915,0.17073763213385745,0.18111625543492513
21159,174509845.17221534,100000.0,48647.510126491405,22494205.975015376,11114777.393553844,33900010.271381535,25357908.126366146,39314237.46635384,0.12889935208421582,0.06369140596385955,0.19425843990593913,0.1453093268253241,0.22528377941976005
21161,341800940.25673896,140000.0,43986.373139962336,40800003.80997561,36988722.26417073,75748043.92557071,65645364.047721945,83867303.75363414,0.11936773427050629,0.10821714602770598,0.22161449839392963,0.19205729509817426,0.24536885033329164
21163,727124555.2587299,189058.59375,48009.660718894476,119050856.157708,70364900.0233872,165952648.8593064,149869352.14653957,114421275.89560798,0.16372828464766478,0.0967714534112378,0.22823139125078248,0.20611235181462428,0.1573613146029622
21165,136720376.10269547,140000.0,43986.373139962336,16320001.523990229,14795488.905668277,30299217.57022826,26258145.619088754,33546921.501453627,0.11936773427050627,0.10821714602770598,0.22161449839392963,0.19205729509817426,0.24536885033329164
21167,453202109.46152306,213563.2911392405,54949.813523804696,83925273.52161025,57571083.51753846,53812682.69351282,43113769.306307696,100923605.64040512,0.18518288368367694,0.12703180836016442,0.11873881778143296,0.09513144004897459,0.22269006152755683
21169,209052472.32179865,180000.0,47926.440830317515,16574757.245111093,18939540.574088868,49190446.44654439,40088223.726477735,37949651.61773885,0.07928515296196659,0.09059706572106382,0.23530191200429598,0.19176153853262798,0.18153170443888458
21171,278736629.76239824,180000.0,47926.440830317515,22099676.326814793,25252720.76545183,65587261.92872586,53450964.96863699,50599535.49031847,0.07928515296196659,0.09059706572106382,0.23530191200429598,0.19176153853262798,0.18153170443888456
21173,478521316.3594344,140000.0,43986.373139962336,57120005.33396584,51784211.169839,106047261.49579898,91903509.6668107,117414225.25508776,0.11936773427050627,0.10821714602770598,0.22161449839392963,0.19205729509817426,0.24536885033329164
21175,341800940.25673896,140000.0,43986.373139962336,40800003.80997561,36988722.26417073,75748043.92557071,65645364.047721945,83867303.75363414,0.11936773427050629,0.10821714602770598,0.22161449839392963,0.19205729509817426,0.24536885033329164
21177,623148295.6674058,140000.0,43511.47403670302,76552877.91005881,51164765.70949999,130853066.27817646,137092306.53741175,103952157.2862294,0.1228485714272378,0.08210688541593679,0.20998704030479595,0.2199994888705951,0.16681768691173954
21179,888707789.7606701,189058.59375,48009.660718894476,145506601.97053203,86001544.47302881,202831015.27248564,183173652.62354842,139848226.094632,0.16372828464766478,0.09677145341123781,0.22823139125078248,0.2061123518146243,0.1573613146029622
21181,175475524.60113162,250000.0,52159.23609669788,26075872.201139063,26311653.348495424,26315084.95339997,20203797.474345427,29159702.36944542,0.14860119244784353,0.14994486215843314,0.14996441819003553,0.1151374103042011,0.16617532522400205
21183,547065884.6002622,160000.0,48879.112095724806,54028654.07537777,37692667.94586666,113092050.53004445,87570773.61942221,69802215.17060444,0.09876078109834283,0.06889968650377179,0.20672473592953095,0.16007354156878137,0.12759380019027966
21185,2143249780.5979412,300000.0,69969.21887949188,385612233.1683529,195967469.48369116,261512735.98891765,186404158.2535588,395600373.0512118,0.1799194086751623,0.09143473208662528,0.1220169195192726,0.08697267110021785,0.18457968671334424
21187,417293009.12751114,200000.0,54623.23405839666,76821439.28946954,50368661.78113911,82412937.88745041,66924400.927627794,60413551.52987824,0.18409471908022168,0.12070334436335618,0.19749417336217034,0.16037747928621032,0.14477489487828402
21189,73638360.18577203,80000.0,42415.00104466204,8467737.152465109,8180046.243864178,12817394.047638128,7002837.735123715,12252206.936241848,0.11499084351013557,0.11108403586429506,0.17405865659288036,0.09509768709484058,0.16638348416956122
21191,417293009.12751114,200000.0,54623.23405839666,76821439.28946954,50368661.78113911,82412937.88745041,66924400.927627794,60413551.52987824,0.18409471908022168,0.12070334436335618,0.19749417336217034,0.16037747928621032,0.14477489487828402
21193,368191800.9288604,80000.0,42415.00104466204,42338685.76232557,40900231.21932092,64086970.23819069,35014188.675618604,61261034.68120929,0.11499084351013555,0.11108403586429508,0.17405865659288036,0.09509768709484058,0.16638348416956122
21195,959804148.4471847,100000.0,48647.510126491405,123718132.8625846,61131275.66454616,186450056.49259847,139468494.69501385,216228306.06494617,0.12889935208421582,0.06369140596385955,0.1942584399059391,0.1453093268253241,0.22528377941976005
21197,290478468.5404371,230000.0,46813.06094996195,38413213.20413073,29065259.624692686,39040119.298263416,28576271.936296586,67394589.87173854,0.13224117228772597,0.10005994513375284,0.13439935666979977,0.09837655809700237,0.23201234229295942
21199,999117684.4067302,150000.0,42168.874443427136,95194086.36068335,59694813.688008346,264459778.95825836,234195340.40035003,209437326.2068267,0.09527815175967884,0.05974752986526782,0.2646933220036966,0.2344021570786366,0.20962227921247262
21201,68360188.05134773,140000.0,43986.373139962336,8160000.761995114,7397744.452834139,15149608.78511413,13129072.809544377,16773460.750726813,0.11936773427050627,0.10821714602770598,0.22161449839392963,0.19205729509817426,0.24536885033329164
21203,305636702.8939616,150000.0,41542.4969453505,44518332.95964704,32957658.52776469,77456668.62272938,63755045.37241762,54035317.59171762,0.14565767965077264,0.10783279041980473,0.25342724839432124,0.20859747788385533,0.17679590533491907
21205,410161128.3080867,140000.0,43986.373139962336,48960004.57197072,44386466.717004865,90897652.71068485,78774436.85726632,100640764.50436096,0.11936773427050629,0.10821714602770598,0.22161449839392966,0.19205729509817426,0.24536885033329164
21207,253417458.7556456,150000.0,40183.07913037467,36903085.23879998,34308572.138771415,59904888.16344568,48164625.72153712,63876545.78751426,0.1456217161201324,0.1353836168480128,0.23638816543104937,0.19006040845820027,0.2520605569212434
21209,1667017483.7107525,250000.0,52159.23609669788,247720785.9108214,249960706.81070685,249993307.05730003,191936076.00628182,277017172.5097318,0.14860119244784353,0.14994486215843314,0.14996441819003553,0.11513741030420112,0.16617532522400205
21211,1714599824.4783528,300000.0,69969.21887949188,308489786.5346823,156773975.58695292,209210188.7911341,149123326.60284704,316480298.44096935,0.1799194086751623,0.09143473208662528,0.1220169195192726,0.08697267110021785,0.1845796867133442
21213,348420787.2029978,180000.0,47926.440830317515,27624595.408518493,31565900.956814785,81984077.41090733,66813706.21079624,63249419.36289809,0.07928515296196659,0.09059706572106382,0.23530191200429598,0.19176153853262798,0.18153170443888456
21215,483618773.3630245,250000.0,56020.28062265496,41752791.200769216,58468651.47984614,103098561.68884611,84019003.82389227,68282563.11763075,0.08633409929566119,0.12089822542094975,0.2131814713724027,0.17372982285124008,0.14119088604191757
21217,354784442.25790405,150000.0,40183.07913037467,51664319.33432001,48032000.99428001,83866843.42882401,67430476.01015201,89427164.10252002,0.1456217161201324,0.1353836168480128,0.23638816543104937,0.19006040845820027,0.2520605569212434
21219,260508337.04104665,195255.81395348837,47658.807467617036,32378758.882222217,19039566.617866665,45238086.67993333,44059795.74339999,57835353.039733335,0.12429068201805957,0.0730862084266682,0.17365312447872044,0.16913007945867686,0.2220096051306818
21221,455889589.8218315,195255.81395348837,47658.807467617036,56662828.04388887,33319241.58126666,79166651.68988332,77104642.55094998,101211867.8195333,0.12429068201805957,0.07308620842666821,0.17365312447872047,0.1691300794586769,0.2220096051306818
21223,285766637.4130588,300000.0,69969.21887949188,51414964.42244705,26128995.931158822,34868364.79852235,24853887.767141175,52746716.40682823,0.1799194086751623,0.09143473208662528,0.1220169195192726,0.08697267110021785,0.18457968671334424
21225,273532942.3001311,160000.0,48879.112095724806,27014327.037688885,18846333.97293333,56546025.265022226,43785386.809711106,34901107.58530222,0.09876078109834283,0.06889968650377179,0.20672473592953095,0.16007354156878137,0.12759380019027966
21227,3194456106.2313,250000.0,41331.31630932345,495918635.3428,424610182.0134001,542785633.11848,386130065.55148,427410186.24860007,0.15524352780288045,0.13292096303503112,0.16991488224229764,0.120875057509249,0.13379748290009927
21229,323166469.00388,189058.59375,48009.660718894476,52911491.62564801,31273288.8992832,73756732.82635841,66608600.9540176,50853900.398048,0.16372828464766478,0.0967714534112378,0.22823139125078248,0.2061123518146243,0.1573613146029622
21231,428193293.31717,150000.0,42168.874443427136,40797465.58315,25583491.580575,113339905.26782499,100369431.60015,89758854.08864,0.09527815175967884,0.05974752986526782,0.2646933220036966,0.2344021570786366,0.20962227921247262
21233,273532942.3001311,160000.0,48879.112095724806,27014327.037688885,18846333.97293333,56546025.265022226,43785386.809711106,34901107.58530222,0.09876078109834283,0.06889968650377179,0.20672473592953095,0.16007354156878137,0.12759380019027966
21235,478646880.3755832,120000.0,41677.43108268753,32827576.733826973,59902875.47910697,92254985.05650976,80030499.52597952,76220218.3916093,0.06858412345248742,0.12515045628648527,0.19274122289091156,0.1672015483798441,0.15924102196550627
21237,73638360.18577203,80000.0,42415.00104466204,8467737.152465109,8180046.243864178,12817394.047638128,7002837.735123715,12252206.936241848,0.11499084351013557,0.11108403586429506,0.17405865659288036,0.09509768709484058,0.16638348416956122
21239,725123375.1384368,213563.2911392405,54949.813523804696,134280437.63457638,92113733.62806152,86100292.3096205,68982030.8900923,161477769.0246482,0.18518288368367694,0.12703180836016442,0.11873881778143296,0.09513144004897457,0.22269006152755685
22001,1236960591.9168696,155000.0,44501.85185033382,120299822.63973948,91049562.80346316,340683579.3760295,310299925.6718606,238462094.32831582,0.09725436964270263,0.0736074887093753,0.27541991361914403,0.2508567594631296,0.1927806721463781
22003,629545855.5082775,180000.0,57253.59548175476,57678668.80802565,78778240.81983335,94733659.61467692,80637652.12605129,110228707.47558925,0.09161948776782515,0.12513503207201646,0.15047936347415336,0.12808860771698152,0.17509242021233498
22005,4725479785.24962,255129.31034482757,66366.30177449856,673758767.4318001,539764627.96642,643437792.3528,528233155.52864,757440600.9682,0.14257997029950456,0.11422430155161638,0.13616348425852187,0.11178402607445212,0.16028861309120776
22007,554617043.8537028,170000.0,52102.473995777815,45334744.98255292,48763788.82517057,156733761.5990176,130233097.38237642,91586147.5946529,0.08174062713173912,0.08792335065352501,0.282598169919136,0.23481625533442746,0.1651340300656385
22009,668856904.49744,140000.0,48056.96971529243,58594214.27106666,47370578.4966,182114896.29834667,159094893.52094665,118003866.22568,0.08760351261544154,0.07082318830541624,0.2722778146921913,0.23786088242669187,0.17642617640965333
22011,809416099.9392136,180000.0,57253.59548175476,74158288.46746153,101286309.62549998,121800419.50458457,103676981.30492304,141722623.89718613,0.09161948776782515,0.12513503207201646,0.15047936347415336,0.12808860771698152,0.17509242021233498
22013,279282308.08073497,139485.14851485146,44465.80465661168,34631324.43133886,20788441.187079612,67858768.80068512,51759308.95917773,45749624.1724444,0.12400113945394504,0.07443522409256975,0.2429755370722176,0.18532970926398654,0.16381139387898175
22015,3304856793.7432823,200000.0,58924.419950205294,381323382.8228909,260404629.30598694,546001663.6418347,456578514.2238913,532331848.8316304,0.11538272506839269,0.07879452743579754,0.16521189803912803,0.13815379688713914,0.1610756175091868
22017,4854989279.13178,183916.6666666667,49489.64869507242,821398125.614,526374288.74959993,757203899.47414,784509435.96936,1054892317.9978,0.16918639329331145,0.10841924842390831,0.1559640724087348,0.16158829419900475,0.21728005096366493
22019,4839003717.127948,190000.0,53244.35163287628,657911628.3249041,552651617.5530666,679719278.8309036,769376826.5073986,810420632.3373711,0.1359601411332225,0.11420772742887604,0.1404667817106641,0.1589948823110308,0.16747675342113047
22021,141964013.7035875,120000.0,42230.770446908115,12113243.8173125,14387342.436187498,38881682.30016375,32677392.12999,31939025.97165125,0.08532615767404435,0.10134499624832687,0.2738840730535163,0.23018081327440115,0.2249797335142838
22023,419772106.9957846,200000.0,49235.1077839978,70969091.24869561,44516488.83149998,55825990.92378258,76427960.75005648,67915241.43772824,0.1690657622694504,0.10604918261504931,0.13299118734524015,0.18207012680531434,0.161790743848567
22025,167214226.12435994,140000.0,48056.96971529243,14648553.567766659,11842644.624149995,45528724.07458665,39773723.38023665,29500966.556419987,0.08760351261544154,0.07082318830541624,0.2722778146921913,0.23786088242669187,0.17642617640965333
22027,335138769.69688225,139485.14851485146,44465.80465661168,41557589.317606665,24946129.424495555,81430522.56082222,62111170.75101333,54899549.00693333,0.12400113945394504,0.07443522409256975,0.24297553707221764,0.18532970926398654,0.16381139387898175
22029,334428452.2487199,140000.0,48056.96971529243,29297107.135533318,23685289.24829999,91057448.1491733,79547446.7604733,59001933.112839974,0.08760351261544154,0.07082318830541624,0.2722778146921913,0.23786088242669187,0.17642617640965333
22031,502708154.5453232,139485.14851485146,44465.80465661168,62336383.97640998,37419194.13674332,122145783.84123328,93166756.12651996,82349323.51039997,0.12400113945394504,0.07443522409256975,0.24297553707221764,0.18532970926398654,0.16381139387898175
22033,12025825786.74704,228173.00207576543,52464.32931721324,2630818893.3648,1471536598.07,1226692315.6958,1262689559.1916,2093146917.8500001,0.21876409487522028,0.12236470277922157,0.10200483005896077,0.10499815826229052,0.17405431901040302
22035,141964013.7035875,120000.0,42230.770446908115,12113243.8173125,14387342.436187498,38881682.30016375,32677392.12999,31939025.97165125,0.08532615767404435,0.10134499624832687,0.2738840730535163,0.23018081327440115,0.2249797335142838
22037,425185729.9102233,200000.0,64710.45128445658,75482968.7336176,90294766.12420583,72773224.82582349,37289620.49558821,64024890.796941146,0.17752940285544297,0.21236546707075823,0.17115631994796565,0.08770195675066941,0.1505809962400662
22039,572525021.2788163,121058.39416058394,45564.691442668525,29736778.194256403,31051687.156938456,177177252.4648246,142220199.1342564,80034094.85590255,0.05193970060528545,0.05423638444234294,0.3094663916505761,0.24840870503194304,0.13979143597450985
22041,283928027.407175,120000.0,42230.770446908115,24226487.634625,28774684.872374997,77763364.6003275,65354784.25998,63878051.9433025,0.08532615767404435,0.10134499624832687,0.2738840730535163,0.23018081327440115,0.2249797335142838
22043,390166527.62350655,140000.0,48056.96971529243,34179958.324788876,27632837.45634999,106233689.50736886,92805354.55388552,68835588.63164665,0.08760351261544154,0.07082318830541624,0.2722778146921913,0.23786088242669187,0.17642617640965333
22045,1413005165.8872929,170000.0,48521.112990159934,124798754.88966997,158257775.78712997,389343552.1336269,259740337.53004,190750068.30711198,0.08832151353905555,0.11200084727769018,0.27554290779194685,0.1838212228806232,0.13499601622994137
22047,765334313.8384024,200000.0,64710.45128445658,135869343.72051176,162530579.0235706,130991804.68648235,67121316.89205883,115244803.43449412,0.17752940285544297,0.21236546707075823,0.17115631994796565,0.08770195675066944,0.1505809962400662
22049,236606689.50597903,120000.0,42230.770446908115,20188739.695520822,23978904.060312483,64802803.83360621,54462320.21664997,53231709.952752054,0.08532615767404435,0.10134499624832687,0.2738840730535163,0.23018081327440115,0.2249797335142838
22051,10998931173.006626,233271.18644067796,54302.75001153281,2313855776.7869334,1836063729.693,1641104272.7487733,1340099311.1952133,2272358056.96468,0.2103709660867372,0.16693110456032617,0.1492057952663929,0.12183904873266779,0.20659807950625778
22053,671635371.1932554,200000.0,49235.1077839978,113550545.997913,71226382.13039999,89321585.47805214,122284737.20009038,108664386.3003652,0.16906576226945041,0.10604918261504934,0.13299118734524015,0.18207012680531434,0.16179074384856698
22055,6681680844.92546,225000.0,54630.74645084717,1223986820.7792,1073865853.8332,759351993.3146,601610333.2222,1187111670.3336,0.18318546623021992,0.16071792094780604,0.11364685188328107,0.09003877125904709,0.17766662279824041
22057,2139237169.1499972,170000.0,52102.473995777815,174862587.78984705,188088899.7542294,604544509.0247824,502327661.33202356,353260855.007947,0.08174062713173912,0.08792335065352501,0.282598169919136,0.23481625533442746,0.1651340300656385
22059,167214226.12435994,140000.0,48056.96971529243,14648553.567766659,11842644.624149995,45528724.07458665,39773723.38023665,29500966.556419987,0.08760351261544154,0.07082318830541624,0.2722778146921913,0.23786088242669187,0.17642617640965333
22061,670277539.3937645,139485.14851485146,44465.80465661168,83115178.63521333,49892258.84899111,162861045.12164444,124222341.50202666,109799098.01386666,0.12400113945394504,0.07443522409256975,0.24297553707221764,0.18532970926398654,0.16381139387898175
22063,3383542898.2096004,200000.0,49781.52911502468,322228533.93642163,318932399.176973,893959348.333439,572173365.6682757,631290572.6503763,0.09523406193754146,0.09425989525527691,0.2642080727885782,0.16910480608093986,0.1865767899630956
22065,236606689.50597903,120000.0,42230.770446908115,20188739.695520822,23978904.060312483,64802803.83360621,54462320.21664997,53231709.952752054,0.08532615767404435,0.10134499624832687,0.2738840730535163,0.23018081327440115,0.2249797335142838
22067,378570703.20956653,120000.0,42230.770446908115,32301983.51283332,38366246.496499985,103684486.13376996,87139712.34663998,85170735.9244033,0.08532615767404435,0.10134499624832687,0.2738840730535163,0.23018081327440115,0.22497973351428377
22069,614421077.7776175,139485.14851485146,44465.80465661168,76188913.74894556,45734570.611575186,149289291.36150742,113870479.7101911,100649173.17937778,0.12400113945394506,0.07443522409256975,0.24297553707221764,0.18532970926398654,0.16381139387898175
22071,11298738632.50614,296666.6666666667,62674.59595948141,3016900776.4956,1441418038.09472,754376643.5228,795629543.08932,2202800462.6774,0.2670121749534116,0.12757335884802243,0.06676644783626381,0.07041755446933846,0.19495985652239162
22073,3976981774.27144,200000.0,53302.887969219555,718913219.6517999,507380362.55419993,483141220.1524,454812536.1731,720854178.0202,0.18076854772197207,0.12757925264748016,0.12148439383806547,0.11436123220766306,0.18125659581436135
22075,643118163.7501045,203084.7457627119,48174.50440975298,71853686.70095235,67313675.94999997,132224445.07095231,119079435.3833809,93509389.91014282,0.11172703672675684,0.10466766411554183,0.2055989902383329,0.1851594964897484,0.14540001384019008
22077,595260021.8743128,200000.0,64710.45128445658,105676156.22706467,126412672.5738882,101882514.75615291,52205468.69382352,89634847.11571762,0.17752940285544297,0.21236546707075823,0.17115631994796565,0.08770195675066943,0.1505809962400662
22079,2670230864.219293,175000.0,48629.967884830985,317331478.31750184,226638056.17596,453734284.29722077,424911526.32430047,446670323.6085197,0.11884046528324486,0.08487582823375954,0.1699232416107515,0.15912913449471855,0.1672777921916181
22081,111712923.23229398,139485.14851485146,44465.80465661168,13852529.772535542,8315376.474831844,27143507.52027405,20703723.58367109,18299849.66897776,0.12400113945394503,0.07443522409256975,0.24297553707221767,0.18532970926398654,0.16381139387898175
22083,283928027.407175,120000.0,42230.770446908115,24226487.634625,28774684.872374997,77763364.6003275,65354784.25998,63878051.9433025,0.08532615767404435,0.10134499624832687,0.2738840730535163,0.23018081327440115,0.2249797335142838
22085,502708154.5453232,139485.14851485146,44465.80465661168,62336383.97640998,37419194.13674332,122145783.84123328,93166756.12651996,82349323.51039997,0.12400113945394504,0.07443522409256975,0.24297553707221764,0.18532970926398654,0.16381139387898175
22087,1157612694.7501884,203084.7457627119,48174.50440975298,129336636.06171425,121164616.70999998,238004001.12771422,214342983.69008568,168316901.83825713,0.11172703672675684,0.10466766411554183,0.2055989902383329,0.1851594964897484,0.14540001384019008
22089,1213522321.2866755,200000.0,55705.39764599946,123749772.32615483,197513664.05004835,249892963.79360256,173611097.75660256,296448192.307129,0.10197568693664012,0.16276063537144356,0.20592366486398506,0.14306378606412934,0.24428738318781845
22091,298547902.7831997,200000.0,49781.52911502468,28431929.46497835,28141094.045027,78878766.029421,50485885.206024274,55702109.35150373,0.09523406193754146,0.09425989525527691,0.2642080727885782,0.16910480608093986,0.18657678996309557
22093,653435096.0774406,200000.0,55705.39764599946,66634492.791006446,106353511.4115645,134557749.73501676,93482898.79201676,159625949.7038387,0.10197568693664012,0.16276063537144356,0.20592366486398506,0.14306378606412934,0.24428738318781845
22095,1026826579.550264,200000.0,55705.39764599946,104711345.81443872,167126946.5038871,211447892.44074064,146901698.10174066,250840778.10603228,0.10197568693664012,0.16276063537144356,0.20592366486398506,0.14306378606412934,0.24428738318781845
22097,1457336417.8006237,121058.39416058394,45564.691442668525,75693617.22174358,79040658.21766153,450996642.6377354,362015052.3417436,203723150.54229742,0.05193970060528545,0.05423638444234294,0.3094663916505761,0.248408705031943,0.13979143597450985
22099,1044395122.612347,170000.0,48521.112990159934,92242557.96192999,116973138.62527,287775668.96833295,191981988.60916004,140989180.922648,0.08832151353905555,0.11200084727769019,0.27554290779194685,0.1838212228806232,0.13499601622994137
22101,1144291908.059643,175000.0,51584.092505796565,114343357.03657308,120817953.14143845,297091039.40188384,235270787.19721848,227542114.9388269,0.09992498962127874,0.10558315783802708,0.25962871650963276,0.20560381974225728,0.1988497107566428
22103,8163328380.22312,275000.0,60515.25410123225,1474933326.1906,997557378.3764,765624985.6168001,697748943.5380001,1717533853.3504,0.1806779364363004,0.12219983466463648,0.09378833607522646,0.08547358516513938,0.2103962713923627
22105,2682851389.8442082,200000.0,47803.93564550962,284958026.7473409,236276827.73961824,562726434.3392937,490228123.3327055,668949956.8321345,0.10621461472895384,0.08806929397358036,0.20974938696547443,0.18272652938900683,0.2493429041073274
22107,141964013.7035875,120000.0,42230.770446908115,12113243.8173125,14387342.436187498,38881682.30016375,32677392.12999,31939025.97165125,0.08532615767404435,0.10134499624832687,0.2738840730535163,0.23018081327440115,0.2249797335142838
22109,2355895104.828677,175000.0,51584.092505796565,235412793.89882696,248742844.70296156,611658022.2979962,484381032.46486163,468469060.1681731,0.09992498962127874,0.10558315783802708,0.25962871650963276,0.20560381974225728,0.1988497107566428
22111,283928027.407175,120000.0,42230.770446908115,24226487.634625,28774684.872374997,77763364.6003275,65354784.25998,63878051.9433025,0.08532615767404435,0.10134499624832687,0.2738840730535163,0.23018081327440115,0.2249797335142838
22113,1001349050.5993706,155000.0,44501.85185033382,97385570.70836054,73706788.93613684,275791469.0186905,251195177.92483947,193040743.02768424,0.09725436964270263,0.0736074887093753,0.27541991361914403,0.2508567594631296,0.1927806721463781
22115,1095479328.910479,175000.0,48629.967884830985,130187273.15589817,92979715.35423999,186147398.68603924,174322677.46637964,183249363.53170037,0.11884046528324486,0.08487582823375954,0.1699232416107515,0.15912913449471855,0.1672777921916181
22117,1125066711.8701515,200000.0,47803.93564550962,119498527.34565906,99083830.9875818,235982053.1100263,205579535.59113452,280527401.25218534,0.10621461472895384,0.08806929397358036,0.2097493869654744,0.18272652938900683,0.2493429041073274
22119,1301913282.3837173,200000.0,58924.419950205294,150218302.32416913,102583641.84781304,215091564.4649652,179864263.1791087,209706485.90336958,0.11538272506839267,0.07879452743579754,0.16521189803912803,0.13815379688713914,0.1610756175091868
22121,510222875.89226824,200000.0,64710.45128445658,90579562.48034117,108353719.34904705,87327869.79098824,44747544.59470589,76829868.95632942,0.17752940285544297,0.21236546707075823,0.17115631994796565,0.08770195675066943,0.1505809962400662
22123,141964013.7035875,120000.0,42230.770446908115,12113243.8173125,14387342.436187498,38881682.30016375,32677392.12999,31939025.97165125,0.08532615767404435,0.10134499624832687,0.2738840730535163,0.23018081327440115,0.2249797335142838
22125,595260021.8743128,200000.0,64710.45128445658,105676156.22706467,126412672.5738882,101882514.75615291,52205468.69382352,89634847.11571762,0.17752940285544297,0.21236546707075823,0.17115631994796565,0.08770195675066943,0.1505809962400662
22127,278690376.8739334,140000.0,48056.96971529243,24414255.94627778,19737741.040250003,75881206.79097779,66289538.96706112,49168277.59403334,0.08760351261544154,0.07082318830541624,0.2722778146921913,0.23786088242669187,0.17642617640965333
23001,2772672384.9452,260000.0,46948.294641626875,266996777.2854,301386546.7506,423822502.40659994,415786804.26312,528347565.8386,0.09629582590973042,0.1086989391126917,0.15285704315729193,0.14995886514422718,0.19055535327843734
23003,1208078706.1567454,165000.0,46852.575493751065,118857459.62344849,154743210.79995573,246328869.34496677,183899747.51671147,249739498.05119997,0.09838552655362093,0.1280903388258862,0.20390134193210932,0.1522249722468421,0.20672452612437392
23005,11859125314.027756,406673.3870967742,65396.144942754785,2605620355.587146,1420592045.4321733,1068546778.4965539,798644972.9169896,2561144751.733821,0.21971437914607803,0.11978893955625912,0.09010333816378568,0.0673443404778175,0.21596405164083476
23007,606836135.6595261,188454.5454545454,46096.80521954902,90500341.30235083,53969186.961719275,124200744.89125608,113431576.25725609,111617705.27912627,0.14913472679736284,0.08893535468691904,0.20466932931782533,0.18692290981316653,0.18393384757454678
23009,1766901764.6504686,300000.0,55510.79365034582,235749632.1067396,135531224.1006759,282141910.2596253,158358941.62197796,371927631.7685388,0.1334254324848535,0.07670557968313928,0.1596817185337064,0.08962520995235113,0.2104970628302667
23011,3396267451.3917,250000.0,52290.49193828637,404351462.17756,530732034.92736,635679770.1318,459509455.59910005,878962609.7131,0.11905760307889401,0.15626921098627852,0.18717011520141486,0.13529837157282926,0.2588025302167898
23013,1276095718.9142272,300000.0,55510.79365034582,170263623.18820083,97883661.85048816,203769157.4097294,114370346.72698408,268614400.7217224,0.1334254324848535,0.07670557968313928,0.15968171853370644,0.08962520995235114,0.21049706283026667
23015,981612091.4724823,300000.0,55510.79365034582,130972017.83707753,75295124.5003755,156745505.69979182,87977189.78998774,206626462.0936326,0.1334254324848535,0.07670557968313928,0.15968171853370644,0.08962520995235114,0.2104970628302667
23017,1152988657.7531,188454.5454545454,46096.80521954902,171950648.47446665,102541455.22726665,235981415.2933866,215519994.88878664,212073640.03033996,0.14913472679736284,0.08893535468691904,0.20466932931782533,0.18692290981316653,0.18393384757454678
23019,4177685793.8171997,207500.0,49488.87366694117,440284918.9873932,470729539.47408336,568870571.6447225,442182681.4627268,843707575.3213,0.10538966804037692,0.11267710467138131,0.136168826407823,0.10584392969838437,0.2019557278744974
23021,485468908.52762085,188454.5454545454,46096.80521954902,72400273.04188067,43175349.56937542,99360595.91300486,90745261.00580487,89294164.22330101,0.14913472679736284,0.08893535468691904,0.20466932931782533,0.18692290981316653,0.18393384757454678
23023,1084811434.236993,375000.0,60838.978510472545,198158957.0811931,106472863.11773793,149810179.1882276,102423453.63585517,210279120.6572069,0.18266672974420578,0.0981487286706432,0.1380978983629512,0.09441590529315831,0.19383932914120475
23025,1213672271.3190527,188454.5454545454,46096.80521954902,181000682.60470176,107938373.9234386,248401489.78251225,226863152.51451227,223235410.55825263,0.14913472679736284,0.08893535468691904,0.20466932931782533,0.18692290981316653,0.18393384757454678
23027,785289673.1779857,300000.0,55510.79365034582,104777614.269662,60236099.60030038,125396404.55983342,70381751.83199018,165301169.67490605,0.1334254324848535,0.07670557968313928,0.15968171853370644,0.08962520995235115,0.2104970628302667
23029,704712578.5914348,165000.0,46852.575493751065,69333518.11367829,90266872.96664084,143691840.45123062,107274852.7180817,145681373.86319998,0.09838552655362093,0.1280903388258862,0.20390134193210932,0.1522249722468421,0.20672452612437392
23031,8076769301.30307,413346.77419354836,66950.5656711964,1878511457.3568604,1078069512.5252085,947090404.5086184,788442751.1459552,1802919475.3990521,0.2325820371090443,0.13347781424823876,0.11726104450647352,0.09761858011949795,0.22322285163056188
24001,1662446526.3197389,190000.0,52715.24356099881,234062225.8332471,261438491.08985883,357844652.9146823,297954537.3100352,389074750.1857765,0.14079383735211332,0.15726129349171997,0.21525182750200408,0.17922653907529626,0.23403745264943673
24003,26171958155.20386,450462.36559139786,80359.08051954,6524230247.02688,6029055798.653,2195224189.9302597,1867955547.52086,5678036974.6746,0.24928322933794866,0.2303631911261566,0.08387695627939767,0.07137240310578168,0.21695117121168161
24005,29756396422.82194,353238.6354989423,68520.10537032563,5823121012.9416,5350981044.50072,3465454369.32454,2657309916.53946,6025167102.1215,0.1956930849488046,0.17982624537145686,0.1164608214006276,0.08930214125328065,0.2024830902407404
24009,4121304812.2612457,430000.0,81328.47170002392,918118875.8529525,661775207.2143714,480974898.3010695,292199309.3374219,1205836021.4052572,0.22277383442289145,0.16057419612486118,0.11670451961478964,0.07089970838073009,0.29258598340452485
24011,1060261306.0954624,350000.0,66101.16135403301,135377423.52681598,157268093.9814,207292491.4527605,147637659.01272047,169225130.3602824,0.12768307468029683,0.14832956090848806,0.19551075783019903,0.13924648401667472,0.1596070038465083
24013,7301004273.68448,415000.0,75503.93780246006,1319846389.0184,1322797027.0381,641316562.81164,446939237.05184,1666192660.0509999,0.18077600553880163,0.18118014692936832,0.08783949971419441,0.06121613141123261,0.22821417404953104
24015,3632543184.53972,329010.989010989,66524.00301327204,601561702.2136,650889449.4148,551421134.09172,375199180.97232,771696928.9694,0.1656034551148286,0.17918285243930948,0.1518002969485938,0.10328829195181655,0.21243984992491752
24017,6414766261.18122,400000.0,66345.69550385492,992954866.3172001,1495004373.153,659543067.2229,483817466.4418,1486445621.4948,0.1547920572454898,0.23305671824708213,0.10281638338314937,0.07542246229135549,0.23172249166582803
24019,1178068117.8838472,350000.0,66101.16135403301,150419359.47424,174742326.646,230324990.50306723,164041843.3474672,188027922.622536,0.12768307468029683,0.14832956090848806,0.19551075783019903,0.13924648401667472,0.1596070038465083
24021,12535694038.295921,430000.0,78281.7864967437,2732066206.4268003,2861475869.1064,1056105493.4419,774272822.75784,2809341613.1451597,0.2179429553784955,0.22826624998701578,0.08424786774593815,0.06176545314463444,0.22410738524430804
24023,680091760.7671659,190000.0,52715.24356099881,95752728.74996471,106952109.99130587,146390994.3741882,121890492.53592351,159166943.25781766,0.14079383735211332,0.15726129349171997,0.21525182750200408,0.1792265390752963,0.23403745264943676
24025,10321608846.9271,360000.0,71585.6593763848,2133429909.1624,2134183434.9162002,1022228082.7476001,772010634.658,2220747160.37356,0.20669548137328947,0.2067684860535651,0.09903766921490471,0.07479557170855582,0.21515513650129361
24027,17069991891.4917,543215.9624413146,94836.1864258179,4179485902.3032002,4502773704.14426,706579804.5504,745010535.5604,3667585078.49844,0.2448440473124306,0.26378300193502763,0.041393095500097156,0.04364445749571447,0.2148557012687567
24029,706840870.7303083,350000.0,66101.16135403301,90251615.68454398,104845395.9876,138194994.30184034,98425106.00848031,112816753.5735216,0.12768307468029683,0.14832956090848806,0.19551075783019906,0.13924648401667472,0.1596070038465083
24031,52709790765.65326,612239.6404536391,95060.45045593634,15916875793.9886,10521555381.51852,2986800251.7937403,2142101613.21982,11850838388.3642,0.30197190242614946,0.19961292254596794,0.05666499920428442,0.040639539298183966,0.22483182376975855
24033,34260901125.79768,386304.58221024263,62129.94604353999,7127923526.88934,7481623102.08248,4151578738.0410004,3364798804.9001,7824603312.09592,0.20804833768724712,0.21837204674248886,0.12117540991690251,0.09821104215984801,0.22838288121394948
24035,1649295365.0373862,350000.0,66101.16135403301,210587103.26393598,244639257.30440003,322454986.7042941,229658580.6864541,263239091.67155042,0.12768307468029683,0.14832956090848806,0.195510757830199,0.13924648401667472,0.1596070038465083
24037,4545870118.005194,415000.0,76963.4586640495,971063984.5796477,936939756.8307886,510974346.04647046,358433965.7895181,1165574774.9553428,0.2136145466922771,0.20610790288965272,0.11240407947922076,0.07884826369540121,0.25640300859867443
24039,690449119.7455901,290000.0,48281.32027256057,106411315.12942298,79611174.5404317,107030415.88348255,84451775.74634343,121197878.2631156,0.1541189815241308,0.11530346301225793,0.15501564535692372,0.12231426376133464,0.17553484362145816
24041,1295874929.672232,350000.0,66101.16135403301,165461295.421664,192216559.3106,253357489.55337393,180446027.68221393,206830714.8847896,0.12768307468029683,0.14832956090848806,0.19551075783019903,0.13924648401667472,0.1596070038465083
24043,3989386355.927255,232500.0,53923.109709716984,531602616.94018817,497759063.2392353,675052955.5753294,524000877.83284116,797357516.3512058,0.13325423248373935,0.12477083411579996,0.16921222848530712,0.13134874165654667,0.19986971559335862
24045,2071347359.236771,290000.0,48281.32027256057,319233945.38826907,238833523.62129518,321091247.6504478,253355327.2390304,363593634.78934693,0.1541189815241308,0.11530346301225794,0.15501564535692372,0.12231426376133464,0.17553484362145816
24047,1775440593.6315184,290000.0,48281.32027256057,273629096.0470878,204714448.81825307,275221069.4146696,217161709.06202608,311651686.96229744,0.15411898152413078,0.11530346301225795,0.15501564535692372,0.12231426376133464,0.17553484362145816
24510,17425845239.24056,253958.58686767775,59879.40222096183,3364341979.27466,2996752582.60614,1626000834.03816,1659570034.2458801,3575682381.9594,0.19306621475660957,0.1719717202502105,0.09330972539436046,0.09523612837492446,0.20519420050325393
25001,8584160312.772902,584576.9230769232,78366.3588957167,1892172886.7253473,944988850.1376451,1055689851.5143644,723346015.2324821,2129817601.2777576,0.2204260891900943,0.11008518197540393,0.12298114353054874,0.08426520345340836,0.24811018476771346
25003,4210442567.24556,363474.5762711864,63980.710054181254,1002427310.007,462882857.14786,432851465.96158004,348760448.87588,961347086.20414,0.23808122162862808,0.10993686524755863,0.10280426797146605,0.0828322541646819,0.22832447441102277
25005,19231390992.39142,458057.6697892272,62272.038406724285,4104155185.38912,2418181510.85636,3260190436.65232,2315962535.9692802,4034774946.45312,0.21340916977939148,0.12574137314420333,0.16952442170938964,0.12042615829949858,0.2098015139960189
25007,637819019.3853154,600000.0,81339.45041242386,155566091.85160515,94487640.42778942,74298077.18083155,61030432.12601576,171096892.4751841,0.24390318746143486,0.14814177306730344,0.1164877103420885,0.0956861276805959,0.2682530424383944
25009,32204249067.9841,576240.7407407408,71710.05213243546,8096408197.4404,5190049322.7815,3627962021.18744,2602587807.8436403,6490613730.98878,0.25140807290207723,0.16116038948230577,0.112654762218759,0.08081504407537969,0.20154525936272902
25011,2368697217.3459387,374680.2325581396,60300.98895433372,395294302.83277196,277984109.17782664,376837661.2640146,228771271.17072803,522117749.44402134,0.16688257998448977,0.11735738411062109,0.15909068432403997,0.09658105286544814,0.22042401435715797
25013,13514073396.11166,333333.3333333333,58900.28068319953,1935139010.6318998,1710264333.1791,2200985761.41812,1691441288.39568,2521865655.4516,0.1431943540567634,0.1265543173438133,0.16286619858461024,0.12516146973734435,0.1866103269926893
25015,4489413541.980561,387340.1162790698,52901.77153963939,805795958.408468,826862042.0249733,479128873.75914526,326238851.746032,781906964.0263386,0.17948802240503356,0.18418041338650942,0.10672415656940606,0.07266847856526659,0.1741668386560331
25017,87233663020.3519,672272.1893491125,91864.0141318746,21234386572.30832,16800989620.3485,4555783022.60008,3886580501.50064,16765685842.80112,0.24341963683623222,0.19259754822434516,0.05222505698903416,0.04455367763926052,0.1921928446234068
25019,892946627.1394417,600000.0,81339.45041242386,217792528.59224725,132282696.5989052,104017308.0531642,85442604.97642207,239535649.4652578,0.24390318746143488,0.14814177306730344,0.1164877103420885,0.0956861276805959,0.2682530424383944
25021,39752871956.814735,682768.7074829933,95773.68119306843,11055830170.12962,7257215343.48332,2156566035.04,1486007402.07286,8629554777.23752,0.2781139984587792,0.18255826525859936,0.054249314046612054,0.0373811332093735,0.21708003352844993
25023,23329423829.45802,552500.0,79175.5838177778,6482224800.44384,2892711219.29406,2967949394.55928,1859343903.26882,4466748546.245621,0.2778561891553767,0.12399411320400631,0.12721914678457064,0.07969952095092164,0.19146416040525896
25025,38275843276.44982,611320.6008345805,78081.86177645597,11370448011.28904,6147790924.35936,2470686167.9021797,1862005987.1089802,6823091386.5204,0.2970659047056187,0.16061803994641036,0.0645494901329145,0.048647027151316254,0.17826103365614102
25027,33244464975.78398,436437.8478664193,68772.48966146201,6880411543.1308,5308543454.82302,3802732445.7495203,2857624293.22528,6860928982.34836,0.2069641231447896,0.15968202402083723,0.11438693474295696,0.08595789691026275,0.20637808391099136
26001,308143091.6206601,175000.0,47607.4463446828,47748167.553813785,22234597.62257453,66341529.94655342,57404131.52755632,53768545.16890905,0.15495452876352073,0.07215672921834138,0.21529455551845772,0.18629050297912808,0.1744921324898657
26003,197055408.02206132,160000.0,47046.77283563601,32384981.987728555,21100234.362402845,44455006.07028284,30932402.598641414,39212613.92874284,0.16434454812883337,0.10707767208317658,0.2255964782519741,0.1569731219717572,0.1989928331444362
26005,3163869200.07718,225000.0,52837.70938187311,340404214.2732,321799743.9538,744055655.0016,561259248.30258,473042384.60339993,0.10759111478593872,0.10171082418513067,0.2351726977156481,0.17739647653224366,0.149513887802903
26007,564929001.304544,175000.0,47607.4463446828,87538307.181992,40763428.97472,121626138.23534802,105240907.80052,98575666.14299999,0.15495452876352073,0.07215672921834138,0.21529455551845772,0.18629050297912808,0.1744921324898657
26009,776153378.7628121,225000.0,53465.87255888433,101197621.75468001,92892036.80624,133863496.38982402,112482837.77570403,148466105.71876,0.13038353568206962,0.1196825773718976,0.1724704163540489,0.14492346597138,0.19128449322144916
26011,319711250.32000566,150000.0,49269.72573894369,46501919.594578005,37418150.82999001,60780174.36940401,57316527.12632001,65317761.075520806,0.1454497442552718,0.11703732912913574,0.19010958891364588,0.1792759155924313,0.20430235410903713
26013,153612902.2752567,170000.0,41606.6301600326,19609981.9412294,16357727.017685281,28937147.614469975,25956443.70909174,25669812.940216217,0.12765843005876265,0.10648667381060291,0.1883770645945998,0.16897307013040333,0.1671071411320571
26015,1387030393.9304342,200000.0,48990.40677703289,210676112.4285714,169109810.11594284,304578293.4950285,219603687.83135998,290116902.55621713,0.15189004750759466,0.12192220938773779,0.21959020856921788,0.15832651453950336,0.20916405568742555
26017,2592357017.536354,175000.0,51425.74311854427,318541244.9965486,359547563.9395886,354124724.39432,274770406.8705257,533906685.81138283,0.12287707396848996,0.13869523430120922,0.13660337754360022,0.10599250219464514,0.2059541499105632
26019,606102965.3096209,277740.9090909092,55898.795323553706,116974687.59296077,104433664.04311097,94069123.91191135,65830348.4263545,116554872.07016468,0.19299474559278154,0.17230350290360683,0.15520320687402875,0.1086124836771353,0.19230209839119322
26021,3994384691.65194,220000.0,54142.06099072788,632538512.83164,563943425.0978,589657290.09142,546967971.22434,706421605.94234,0.1583569339612214,0.14118405427409458,0.14762155766413126,0.13693422477997053,0.17685367346283024
26023,968124194.6386482,175000.0,46983.95980042534,123415991.99925804,86949009.86035612,253370777.79838705,207940658.7641206,194474219.43501288,0.12747950385159312,0.08981183441325913,0.261713093424917,0.21478717288099008,0.20087734663794896
26025,3467575984.826086,200000.0,48990.40677703289,526690281.07142854,422774525.28985715,761445733.7375714,549009219.5784,725292256.390543,0.15189004750759466,0.12192220938773779,0.21959020856921788,0.15832651453950336,0.20916405568742555
26027,1235682485.7859972,200000.0,52609.038714986804,146483358.91730523,125502008.4791842,267231650.08612102,200459842.58723682,217204178.16915786,0.11854449715221915,0.1015649326771468,0.2162623919656346,0.16222601266354247,0.17577669074996874
26029,987831572.9708515,225000.0,53465.87255888433,128796973.14231998,118226228.66248725,170371722.6779578,143159975.350896,188956861.82387632,0.13038353568206962,0.11968257737189761,0.1724704163540489,0.14492346597138,0.19128449322144916
26031,513571819.36776716,175000.0,47607.4463446828,79580279.25635634,37057662.704290904,110569216.57758908,95673552.54592726,89614241.94818181,0.15495452876352073,0.07215672921834138,0.21529455551845772,0.18629050297912808,0.17449213248986573
26033,837485484.0937608,160000.0,47046.77283563601,137636173.44784638,89675996.04021211,188933775.79870212,131462711.04422604,166653609.1971571,0.16434454812883337,0.10707767208317656,0.2255964782519741,0.1569731219717572,0.1989928331444362
26035,732854973.3350639,159351.85185185188,35688.0922003927,67190730.235344,84921180.00756,162751946.727024,140604042.705378,146298048.696342,0.09168352904746428,0.11587719684987896,0.2220793371795994,0.19185793618281596,0.1996275580017849
26037,2418259128.7223115,240000.0,54574.90407300187,447762875.05850005,381274696.9512654,353411732.3234662,260166359.20335463,607092081.3297619,0.185159179072375,0.15766494683004137,0.1461430365860715,0.1075841526300011,0.2510450902962245
26039,256785909.68388358,175000.0,47607.4463446828,39790139.62817817,18528831.352145452,55284608.28879454,47836776.27296363,44807120.974090904,0.15495452876352073,0.07215672921834138,0.21529455551845772,0.18629050297912808,0.17449213248986573
26041,640430076.0716995,160000.0,47046.77283563601,105251191.46011783,68575761.67780927,144478769.72841927,100530308.44558463,127440995.26841427,0.16434454812883337,0.10707767208317658,0.2255964782519741,0.1569731219717572,0.1989928331444362
26043,358430105.3089325,170000.0,41606.6301600326,45756624.529535286,38168029.707932346,67520011.10042998,60565035.3212141,59896230.19383787,0.12765843005876265,0.10648667381060292,0.1883770645945998,0.16897307013040333,0.1671071411320571
26045,3049109336.2150884,240000.0,54574.90407300187,564570581.5955,480737661.37333465,445606097.27741385,328035844.2129254,765463928.633178,0.185159179072375,0.15766494683004137,0.1461430365860715,0.1075841526300011,0.2510450902962245
26047,776153378.7628121,225000.0,53465.87255888433,101197621.75468001,92892036.80624,133863496.38982402,112482837.77570403,148466105.71876,0.13038353568206962,0.1196825773718976,0.1724704163540489,0.14492346597138,0.19128449322144916
26049,9115490166.228989,168762.40162203665,47611.998824929964,1017753268.6789484,1062269952.3392178,1968963919.5102482,1378862699.3516688,1599716058.6826904,0.11165096447029414,0.1165345947357509,0.21600197944427096,0.1512658863327033,0.1754942443588287
26051,456730357.600008,150000.0,49269.72573894369,66431313.706539996,53454501.1857,86828820.52772,81880753.0376,93311087.250744,0.1454497442552718,0.11703732912913574,0.19010958891364588,0.17927591559243128,0.20430235410903713
26053,358430105.3089325,170000.0,41606.6301600326,45756624.529535286,38168029.707932346,67520011.10042998,60565035.3212141,59896230.19383787,0.12765843005876265,0.10648667381060292,0.1883770645945998,0.16897307013040333,0.1671071411320571
26055,2078067309.6329858,277740.9090909092,55898.795323553706,401056071.74729407,358058276.7192376,322522710.55512464,225704051.74750113,399616704.24056464,0.19299474559278154,0.17230350290360683,0.15520320687402875,0.1086124836771353,0.19230209839119322
26057,610712477.77922,159351.85185185188,35688.0922003927,55992275.19612,70767650.0063,135626622.27252,117170035.587815,121915040.580285,0.09168352904746428,0.11587719684987896,0.2220793371795994,0.19185793618281596,0.1996275580017849
26059,1081250013.4377155,200000.0,46777.6242837581,130491521.52235787,126755817.08146839,176561249.7829768,154699344.59949204,177280264.8524768,0.1206857987520152,0.11723081202881303,0.16329363938837765,0.14307453657978925,0.16395862441548897
26061,614451609.1010273,170000.0,41606.6301600326,78439927.76491766,65430908.07074118,115748590.45787999,103825774.83636706,102679251.76086494,0.12765843005876265,0.10648667381060291,0.1883770645945998,0.16897307013040333,0.1671071411320571
26063,800350113.803643,168937.5,44179.61168225256,73423698.29990001,76030111.35967,203378733.782276,156520985.583651,118698970.53952602,0.09173947380472754,0.09499606490756762,0.2541122069886689,0.19556564419012715,0.14830880697375334
26065,7473238749.173361,200000.0,45112.35802192531,1168932950.731,1259181244.8259,919774017.2049,908265677.63054,1454575855.84128,0.15641584458415697,0.16849204034397833,0.12307569021619164,0.12153575017672308,0.19463794810545498
26067,1333181491.9734018,200000.0,45039.428356632685,113434182.64608,111748014.06009601,344095030.9248513,303038326.58663684,279173716.76416004,0.08508532658833455,0.0838205561154951,0.2581006659607275,0.22730463062315204,0.20940413472956448
26069,548076429.1200095,150000.0,49269.72573894369,79717576.44784799,64145401.42283999,104194584.63326399,98256903.64512,111973304.70089278,0.1454497442552718,0.11703732912913574,0.19010958891364588,0.1792759155924313,0.20430235410903713
26071,256021503.7920944,170000.0,41606.6301600326,32683303.235382322,27262878.362808794,48228579.35744995,43260739.515152894,42783021.56702701,0.12765843005876265,0.10648667381060291,0.1883770645945998,0.16897307013040333,0.1671071411320571
26073,1099282460.002596,159351.85185185188,35688.0922003927,100786095.35301599,127381770.01134,244127920.090536,210906064.058067,219447073.044513,0.09168352904746428,0.11587719684987896,0.2220793371795994,0.19185793618281596,0.1996275580017849
26075,3762796437.19324,200000.0,48424.12247851799,504920775.3792,596309553.2848,714637198.03692,536220222.66352,622853927.8364,0.13418764044430542,0.15847510308838328,0.18992183339314123,0.14250577505688813,0.16552953055866124
26077,7790097970.07024,232823.6607142857,54030.41252409553,1734930092.888,981324918.6358,986148003.4143,836884420.52076,1507244196.5019999,0.22270966290201313,0.1259708058109251,0.1265899359935018,0.1074292548997576,0.1934820591849899
26079,423356388.4160789,225000.0,53465.87255888433,55198702.775279954,50668383.7124945,73016452.57626757,61354275.15038395,80981512.21023265,0.13038353568206962,0.11968257737189761,0.1724704163540489,0.14492346597138,0.19128449322144916
26081,21537463459.512558,285450.1201923077,59726.76483257468,4975978324.646999,3242173473.7756,2598571049.65616,2057481211.41262,4077983740.32674,0.23103827124308987,0.1505364584771292,0.12065353260104714,0.09553034020372915,0.1893437334434848
26083,153612902.2752567,170000.0,41606.6301600326,19609981.9412294,16357727.017685281,28937147.614469975,25956443.70909174,25669812.940216217,0.12765843005876265,0.10648667381060291,0.1883770645945998,0.16897307013040333,0.1671071411320571
26085,305146362.1885275,184500.0000000002,45573.99229922935,33085257.952275,35153454.71587,71633248.825045,49579248.2734275,63787484.33617,0.1084242253946126,0.1152019459243996,0.2347504597835844,0.16247694358157258,0.2090389801100116
26087,1948760553.2278512,226449.27536231882,52862.693846957045,213740259.21302855,204810621.4709714,468511037.8135085,343701341.31101716,379342962.36387426,0.10968010351964355,0.10509788959537951,0.24041488167311528,0.1763692007936653,0.19465858016037185
26089,865861379.0137441,277740.9090909092,55898.795323553706,167106696.56137255,149190948.63301566,134384462.73130193,94043354.89479214,166506960.10023525,0.19299474559278154,0.17230350290360683,0.15520320687402875,0.10861248367713529,0.1923020983911932
26091,2079326948.9186845,200000.0,46777.6242837581,250945233.69684213,243761186.6951316,339540864.9672632,297498739.6144079,340923586.25476325,0.1206857987520152,0.11723081202881303,0.16329363938837765,0.14307453657978925,0.163958624415489
26093,7357870286.0017805,300000.0,69034.1826182579,1591503393.27698,886964857.471,759108797.49088,502705831.74348,1355269552.12358,0.21629946321624985,0.12054641125685989,0.10316963577559544,0.0683221927274077,0.18419318354958725
26095,197055408.02206132,160000.0,47046.77283563601,32384981.987728555,21100234.362402845,44455006.07028284,30932402.598641414,39212613.92874284,0.16434454812883337,0.10707767208317658,0.2255964782519741,0.1569731219717572,0.1989928331444362
26097,295583112.033092,160000.0,47046.77283563601,48577472.981592834,31650351.543604273,66682509.10542427,46398603.89796212,58818920.89311427,0.16434454812883337,0.10707767208317658,0.2255964782519741,0.1569731219717572,0.1989928331444362
26099,25821339145.40434,240833.33333333334,55425.3980190622,4127647102.6583605,4219164421.3934,4045041502.9083,3213349212.29168,4654040578.73672,0.15985410669117042,0.16339835814225476,0.15665498524805338,0.1244454903828483,0.18024009337893082
26101,865861379.0137441,277740.9090909092,55898.795323553706,167106696.56137255,149190948.63301566,134384462.73130193,94043354.89479214,166506960.10023525,0.19299474559278154,0.17230350290360683,0.15520320687402875,0.10861248367713529,0.1923020983911932
26103,1382516120.4773111,170000.0,41606.6301600326,176489837.47106472,147219543.15916762,260434328.53022996,233607993.38182583,231028316.4619461,0.12765843005876265,0.10648667381060291,0.1883770645945998,0.16897307013040333,0.1671071411320571
26105,686579314.924187,184500.0000000002,45573.99229922935,74441830.39261876,79095273.1107075,161174809.85635126,111553308.61521187,143521839.7563825,0.10842422539461262,0.1152019459243996,0.23475045978358436,0.16247694358157258,0.2090389801100116
26107,1083209962.2283888,200000.0,45039.428356632685,92165273.39994,90795261.42382799,279577212.62644166,246218640.35164237,226828644.87087998,0.08508532658833455,0.0838205561154951,0.2581006659607275,0.22730463062315204,0.20940413472956448
26109,394110816.04412264,160000.0,47046.77283563601,64769963.97545711,42200468.72480569,88910012.14056568,61864805.19728283,78425227.85748568,0.16434454812883337,0.10707767208317658,0.2255964782519741,0.1569731219717572,0.1989928331444362
26111,1944267763.152265,175000.0,51425.74311854427,238905933.7474114,269660672.95469135,265593543.29573995,206077805.15289423,400430014.358537,0.12287707396848996,0.13869523430120922,0.13660337754360022,0.10599250219464512,0.2059541499105632
26113,352796990.3467327,225000.0,53465.87255888433,45998918.979399994,42223653.09374545,60847043.81355635,51128562.625319995,67484593.50852725,0.13038353568206962,0.11968257737189761,0.1724704163540489,0.14492346597138,0.19128449322144916
26115,4200088556.53634,250000.0,54044.06501282027,711431180.9534,460005634.61934,791174208.6486,648162136.813,854617998.1742,0.16938480495756292,0.10952284182281381,0.18837083980463795,0.15432106444620197,0.20347618548285382
26117,1166533805.4767265,200000.0,45039.428356632685,99254909.81532,97779512.302584,301083152.0592449,265158535.7633072,244277002.16864002,0.08508532658833455,0.0838205561154951,0.2581006659607275,0.22730463062315204,0.20940413472956448
26119,256785909.68388358,175000.0,47607.4463446828,39790139.62817817,18528831.352145452,55284608.28879454,47836776.27296363,44807120.974090904,0.15495452876352073,0.07215672921834138,0.21529455551845772,0.18629050297912808,0.17449213248986573
26121,3889974792.97322,200000.0,46219.53581708375,394092949.7194,395785247.6476,700769775.372,524637132.02939993,936816433.0206,0.10130989805673866,0.10174493890359888,0.18014763916667476,0.134869031279353,0.2408284070922126
26123,839152496.0184507,184500.0000000002,45573.99229922935,90984459.36875626,96672000.46864252,196991434.26887378,136342932.75192562,175415581.9244675,0.1084242253946126,0.11520194592439961,0.2347504597835844,0.16247694358157255,0.2090389801100116
26125,52963001300.41401,329065.7552083333,77288.16434549597,12736199523.63084,9230102599.38566,3839292346.9562683,2948052028.605288,11124594487.65628,0.2404735232316089,0.17427453831460848,0.07249008275001698,0.05566248052831257,0.21004463898403206
26127,610292724.377055,184500.0000000002,45573.99229922935,66170515.90455,70306909.43174,143266497.65009,99158496.546855,127574968.67234,0.1084242253946126,0.1152019459243996,0.2347504597835844,0.16247694358157258,0.2090389801100116
26129,365384286.0800064,150000.0,49269.72573894369,53145050.965232,42763600.94856,69463056.422176,65504602.430080004,74648869.8005952,0.1454497442552718,0.11703732912913574,0.19010958891364588,0.1792759155924313,0.20430235410903713
26131,204817203.03367573,170000.0,41606.6301600326,26146642.588305883,21810302.690247055,38582863.48595999,34608591.61212235,34226417.253621645,0.12765843005876265,0.10648667381060291,0.1883770645945998,0.16897307013040333,0.1671071411320571
26133,583266902.7383633,200000.0,45039.428356632685,49627454.90766,48889756.151292,150541576.02962244,132579267.8816536,122138501.08432001,0.08508532658833455,0.0838205561154951,0.2581006659607275,0.22730463062315204,0.20940413472956448
26135,256785909.68388358,175000.0,47607.4463446828,39790139.62817817,18528831.352145452,55284608.28879454,47836776.27296363,44807120.974090904,0.15495452876352073,0.07215672921834138,0.21529455551845772,0.18629050297912808,0.17449213248986573
26137,308143091.6206601,175000.0,47607.4463446828,47748167.553813785,22234597.62257453,66341529.94655342,57404131.52755632,53768545.16890905,0.15495452876352073,0.07215672921834138,0.21529455551845772,0.18629050297912808,0.1744921324898657
26139,8660062201.76836,293995.32710280374,51766.616612641425,1372414266.3754,1240302626.1163,1112084463.9281201,915541722.7170401,1727025280.4653602,0.1584762596849659,0.14322098354709667,0.12841529749070804,0.10571999385063181,0.1994241196226866
26141,359500273.5574369,175000.0,47607.4463446828,55706195.47944942,25940363.893003624,77398451.60431233,66971486.782149054,62729969.36372724,0.15495452876352073,0.07215672921834138,0.21529455551845772,0.18629050297912808,0.1744921324898657
26143,593749464.8800105,150000.0,49269.72573894369,86360707.81850201,69490851.54141001,112877466.68603602,106444978.94888002,121304413.4259672,0.1454497442552718,0.11703732912913575,0.19010958891364588,0.1792759155924313,0.20430235410903713
26145,4492161306.79312,150000.0,48318.39632992492,943905131.4794201,608615033.593,841313186.3224,698468519.3424,1041586955.60628,0.2101227153290402,0.135483788766143,0.1872847230686379,0.15548607265864747,0.23186766557807598
26147,4218500052.4887,221879.56204379562,52168.48314419079,506011965.4946,360104462.539,918766784.3968,745726084.2687,856225115.3735,0.11995068370239292,0.08536315231916536,0.2177946599419323,0.17677517482280453,0.20296908965744134
26149,1340479654.1150515,175000.0,46983.95980042534,170883681.22974193,120390936.72972387,350821076.9516129,287917835.21185935,269271996.14078707,0.12747950385159312,0.08981183441325913,0.261713093424917,0.21478717288099008,0.2008773466379489
26151,800350113.803643,168937.5,44179.61168225256,73423698.29990001,76030111.35967,203378733.782276,156520985.583651,118698970.53952602,0.09173947380472754,0.09499606490756762,0.2541122069886689,0.19556564419012715,0.14830880697375334
26153,197055408.02206132,160000.0,47046.77283563601,32384981.987728555,21100234.362402845,44455006.07028284,30932402.598641414,39212613.92874284,0.16434454812883337,0.10707767208317658,0.2255964782519741,0.1569731219717572,0.1989928331444362
26155,1684303782.081099,200000.0,52101.021314341,191494336.68062305,221959863.72713074,319199824.04732305,229922242.0572738,332131507.99601537,0.11369346712741789,0.1317813722729285,0.18951440199993186,0.1365087726474054,0.19719216422208524
26157,861915507.1731539,168937.5,44179.61168225256,79071675.0922,81878581.46426,219023251.765528,168561061.39777797,127829660.581028,0.09173947380472754,0.09499606490756762,0.2541122069886689,0.19556564419012712,0.14830880697375334
26159,1894713144.8718624,200000.0,52609.038714986804,224607817.00653473,192436413.0014158,409755196.7987189,307371758.63376313,333046406.5260421,0.11854449715221917,0.1015649326771468,0.2162623919656346,0.16222601266354247,0.17577669074996877
26161,14197943773.653,344282.6499343353,69187.95848248761,2858619485.5257998,2312606904.61926,863778999.50536,688607720.85604,2153490230.79544,0.20134038640373508,0.16288322742274444,0.060838316679931295,0.0485005245713033,0.15167620502848117
26163,43802710128.79016,167925.6833108933,51603.73548262271,7723900584.7688,6266909521.37106,6606002441.78784,5314305943.87708,7552619480.95208,0.17633385153701073,0.14307127351127105,0.15081264201152522,0.12132367902012875,0.17242356600186656
26165,564475184.5547721,225000.0,53465.87255888433,73598270.36703996,67557844.9499927,97355270.10169014,81805700.20051196,107975349.61364357,0.13038353568206962,0.11968257737189761,0.1724704163540489,0.14492346597138,0.19128449322144916
27001,661813908.5590012,250000.0,50600.20708789072,89174854.40576969,76512599.02553211,151665563.90314665,96465152.04496485,129737273.9758303,0.13474309507930157,0.115610442808805,0.22916648009615767,0.1457587258252142,0.19603286104747092
27003,13088662719.1502,328009.20505358,63892.89969495423,2632479280.3796,2388094494.768,1662464313.31054,1214756716.518,2891647892.6056,0.20112668015564217,0.18245519393466733,0.1270155973137092,0.09280984181376092,0.22092768028736737
27005,664506582.7634537,225000.0,46251.294744611965,74792193.39007692,81912154.19199999,154986155.85728845,126640049.88385767,148451067.04401538,0.11255297589234102,0.1232676339357777,0.23323494435939893,0.19057757013813975,0.22340044612749896
27007,925807735.4554279,237500.0,48223.61870485594,114398589.42422304,110210833.75655997,188915872.25597048,155047242.12123325,197429653.32810056,0.1235662492795521,0.11904289577181434,0.2040551888055224,0.1674723986238478,0.21325124620068117
27009,1208030510.8722045,284500.0,51286.597157997836,162779480.59391803,159343818.64938724,218006341.87669894,161337939.25538456,235887122.85820332,0.13474782228504342,0.13190380310373134,0.1804642680086757,0.1335545235019749,0.19526586517081554
27011,219492077.46595585,235000.0,51971.189014040436,24693922.028678026,25443655.672843877,41596228.46959312,34831873.74804582,40133737.607143864,0.11250484442887537,0.1159206107418173,0.1895112978555906,0.1586930797237927,0.18284822883126056
27013,1777408780.2228174,290000.0,44573.98024406937,212997629.6370087,184294102.13426086,284631631.0214817,190757846.2542609,296832165.69291127,0.11983603997404983,0.10368695383127206,0.16013853098317654,0.10732356471781766,0.16700275648222024
27015,650475170.0746493,200000.0,53170.99364947705,113240335.09185879,49176294.803717636,150044256.0128141,120497664.82646115,157383722.9152282,0.17408863597185914,0.07560057180672108,0.2306686910056764,0.1852456025533345,0.24195193015156388
27017,744540647.1288763,250000.0,50600.20708789072,100321711.2064909,86076673.90372363,170623759.39103997,108523296.05058545,145954433.22280908,0.13474309507930157,0.115610442808805,0.22916648009615764,0.1457587258252142,0.1960328610474709
27019,5295823622.00926,376878.10945273633,83075.65253281347,1311885074.9082,1122015955.7926,352323501.163,347093516.55552,1263152522.3154,0.24772068870572858,0.2118680748976496,0.06652855652117183,0.06554098877330644,0.23851861626693563
27021,726455760.626392,250000.0,50195.942665099916,91960931.4072,85637187.49896002,142420025.498784,117055227.15607601,152894333.21489602,0.1265884812144734,0.11788355484320023,0.19604776122358952,0.16113194154471877,0.2104661309080428
27023,365820129.10992676,235000.0,51971.189014040436,41156536.71446341,42406092.78807317,69327047.44932194,58053122.91340975,66889562.67857317,0.11250484442887537,0.1159206107418173,0.1895112978555906,0.1586930797237927,0.18284822883126056
27025,1620830450.804518,285523.0125523012,54968.206664060024,202322317.03526208,187395550.48168275,418785682.7105586,295243286.35611033,307790897.9706152,0.12482633019069765,0.11561699768699854,0.258377230328249,0.18215556488932133,0.18989703569416508
27027,1603912242.5151997,258141.8918918919,50450.90921577706,208790388.63250282,231514594.28319997,335841235.04396796,192232745.17836797,304997052.0660937,0.130175693593488,0.14434367925276684,0.20938878458668872,0.1198524084315955,0.1901581919393594
27029,199351974.82903582,225000.0,46251.294744611965,22437658.01702304,24573646.257599957,46495846.757186465,37992014.96515724,44535320.113204546,0.11255297589234102,0.12326763393577769,0.23323494435939893,0.19057757013813972,0.22340044612749896
27031,248547311.70221633,220000.0,52879.338311594685,33074415.14663636,24579429.705163635,64545141.45495636,49322013.802701816,37368451.64457636,0.1330709027594018,0.09889235790492944,0.25968955774620356,0.19844114774330912,0.15034743843597623
27033,264688659.89966002,200000.0,44934.83743309736,40766767.896170005,33784345.013188,47110449.498418,44935646.325394,56614753.125718,0.15401781062937925,0.12763805229130404,0.1779843893436045,0.16976793166140366,0.2138918726143383
27035,2040765661.4787436,274970.58823529416,55377.56344603442,319713879.453024,292611061.368129,431706531.9548101,388069935.584415,333646132.757805,0.15666369024523796,0.14338297967837343,0.21154145235959848,0.19015898929974087,0.16349066385017683
27037,18505340616.590263,358761.13710926444,73377.33465197856,3849504934.2066,3594880823.4656,1916289957.9443002,1640842650.8364,4072051389.3787003,0.20802129579584566,0.1942618024681343,0.10355334698494136,0.08866860031559563,0.22004736220461982
27039,570842375.0200516,230000.0,59231.943912768154,74439087.25199996,45972690.934851825,107765618.38696663,84016286.41629995,93688446.13031478,0.13040217494257533,0.08053482528033588,0.18878349453854265,0.14717948437753728,0.16412314542525658
27041,804804284.041839,235000.0,51971.189014040436,90544380.77181952,93293404.13376097,152519504.3885083,127716870.40950146,147157037.892861,0.11250484442887536,0.11592061074181728,0.1895112978555906,0.1586930797237927,0.18284822883126056
27043,487856377.55598706,200000.0,53170.99364947705,84930251.3188941,36882221.10278823,112533192.0096106,90373248.61984588,118037792.18642116,0.17408863597185914,0.07560057180672108,0.2306686910056764,0.1852456025533345,0.24195193015156388
27045,685010850.0240623,230000.0,59231.943912768154,89326904.7024,55167229.12182222,129318742.06436002,100819543.69956,112426135.3563778,0.13040217494257533,0.08053482528033588,0.18878349453854265,0.14717948437753728,0.16412314542525658
27047,813093962.5933117,200000.0,53170.99364947705,141550418.8648235,61470368.50464705,187555320.01601762,150622081.03307644,196729653.64403525,0.17408863597185914,0.07560057180672108,0.2306686910056764,0.1852456025533345,0.24195193015156388
27049,1184571473.9484117,250000.0,50232.44510378393,164363047.5229893,149373556.94084263,251040887.63008928,225391991.08117995,175454342.72443,0.1387531703554659,0.126099235230569,0.21192548795162203,0.19027301943200078,0.1481162990862897
27051,146328051.64397058,235000.0,51971.189014040436,16462614.685785351,16962437.115229253,27730818.97972875,23221249.165363878,26755825.071429245,0.11250484442887537,0.1159206107418173,0.1895112978555906,0.1586930797237927,0.18284822883126056
27053,56543678906.6491,364201.8398268398,76987.41530511215,15001355114.12308,10365849443.99262,3638321792.17336,2912954065.23464,12312257441.95802,0.2653056080572613,0.1833246375975313,0.06434533200749203,0.051516882550988366,0.21774772494525807
27055,570842375.0200516,230000.0,59231.943912768154,74439087.25199996,45972690.934851825,107765618.38696663,84016286.41629995,93688446.13031478,0.13040217494257533,0.08053482528033588,0.18878349453854265,0.14717948437753728,0.16412314542525658
27057,462290029.4895219,250000.0,50195.942665099916,58520592.71367269,54496392.044792704,90630925.31740795,74489690.00841196,97296393.86402468,0.1265884812144734,0.11788355484320022,0.19604776122358952,0.16113194154471877,0.21046613090804278
27059,1122113389.0185125,285523.0125523012,54968.206664060024,140069296.40902758,129735381.10270345,289928549.56884825,204399198.24653792,213086006.287349,0.12482633019069762,0.11561699768699854,0.258377230328249,0.18215556488932133,0.18989703569416505
27061,1386870088.4685664,250000.0,50195.942665099916,175561778.14101815,163489176.1343782,271892775.952224,223469070.02523598,291889181.59207416,0.1265884812144734,0.11788355484320022,0.19604776122358955,0.16113194154471877,0.21046613090804278
27063,264688659.89966002,200000.0,44934.83743309736,40766767.896170005,33784345.013188,47110449.498418,44935646.325394,56614753.125718,0.15401781062937925,0.12763805229130404,0.1779843893436045,0.16976793166140366,0.2138918726143383
27065,330906954.2795006,250000.0,50600.20708789072,44587427.202884845,38256299.512766056,75832781.95157333,48232576.022482425,64868636.98791515,0.13474309507930157,0.115610442808805,0.22916648009615767,0.1457587258252142,0.19603286104747092
27067,1113005896.0301578,250000.0,49260.301717140646,136853097.4667027,111711320.67042162,247349355.4825427,205920672.82682595,200424186.76523677,0.12295810647079856,0.10036902865373025,0.2222354404094195,0.18501310151302772,0.1800746855700449
27069,132901316.55269055,225000.0,46251.294744611965,14958438.678015362,16382430.838399973,30997231.171457645,25328009.976771496,29690213.40880303,0.11255297589234102,0.1232676339357777,0.23323494435939893,0.19057757013813975,0.22340044612749896
27071,330207163.9210872,250000.0,50195.942665099916,41800423.36690908,38925994.31770909,64736375.22671999,53206921.43457999,69497424.18858908,0.1265884812144734,0.11788355484320022,0.19604776122358952,0.16113194154471877,0.21046613090804278
27073,219492077.46595585,235000.0,51971.189014040436,24693922.028678026,25443655.672843877,41596228.46959312,34831873.74804582,40133737.607143864,0.11250484442887537,0.1159206107418173,0.1895112978555906,0.1586930797237927,0.18284822883126056
27075,310684139.62777036,220000.0,52879.338311594685,41343018.93329544,30724287.13145454,80681426.81869544,61652517.25337726,46710564.55572045,0.1330709027594018,0.09889235790492944,0.25968955774620356,0.19844114774330912,0.15034743843597623
27077,199351974.82903582,225000.0,46251.294744611965,22437658.01702304,24573646.257599957,46495846.757186465,37992014.96515724,44535320.113204546,0.11255297589234102,0.12326763393577769,0.23323494435939893,0.19057757013813972,0.22340044612749896
27079,797931595.1359183,254075.00000000003,49373.730100297806,95587651.4606222,107493663.2065442,169980096.6137205,147901080.63037607,130508887.16323887,0.11979429319920584,0.1347153864589532,0.21302590052818549,0.18535558878976696,0.16355899172160016
27081,132344329.94983001,200000.0,44934.83743309736,20383383.948085003,16892172.506594,23555224.749209,22467823.162697,28307376.562859,0.15401781062937925,0.12763805229130404,0.1779843893436045,0.16976793166140366,0.2138918726143383
27083,463205154.824405,200000.0,44934.83743309736,71341843.8182975,59122603.77307899,82443286.6222315,78637381.0694395,99075817.9700065,0.15401781062937925,0.12763805229130404,0.1779843893436045,0.16976793166140366,0.2138918726143383
27085,834754422.0226183,250000.0,49260.301717140646,102639823.10002702,83783490.50281622,185512016.611907,154440504.62011945,150318140.07392755,0.12295810647079858,0.10036902865373026,0.2222354404094195,0.18501310151302772,0.18007468557004488
27087,132901316.55269055,225000.0,46251.294744611965,14958438.678015362,16382430.838399973,30997231.171457645,25328009.976771496,29690213.40880303,0.11255297589234102,0.1232676339357777,0.23323494435939893,0.19057757013813975,0.22340044612749896
27089,265802633.10538146,225000.0,46251.294744611965,29916877.356030766,32764861.67679999,61994462.34291537,50656019.95354306,59380426.81760614,0.11255297589234102,0.1232676339357777,0.23323494435939893,0.19057757013813975,0.22340044612749896
27091,569165773.8153181,200000.0,53170.99364947705,99085293.20537643,43029257.95325293,131288724.01121232,105435456.7231535,137710757.55082464,0.17408863597185914,0.07560057180672108,0.2306686910056764,0.1852456025533345,0.24195193015156385
27093,556502948.0150787,250000.0,49260.301717140646,68426548.73335132,55855660.335210785,123674677.7412713,102960336.41341293,100212093.38261834,0.12295810647079856,0.10036902865373025,0.2222354404094195,0.18501310151302772,0.1800746855700449
27095,872754858.1255097,285523.0125523012,54968.206664060024,108942786.09591036,100905296.4132138,225499982.9979931,158977154.19175172,165733560.44571587,0.12482633019069764,0.11561699768699854,0.258377230328249,0.18215556488932133,0.18989703569416505
27097,777434537.7061881,274970.58823529416,55377.56344603442,121795763.60115202,111470880.52119201,164459631.22088003,147836165.93692002,127103288.66963999,0.15666369024523796,0.14338297967837343,0.21154145235959845,0.19015898929974087,0.1634906638501768
27099,1255853225.044114,230000.0,59231.943912768154,163765991.9544,101139920.05667408,237084360.4513267,184835830.11586002,206114581.4866926,0.13040217494257533,0.08053482528033588,0.18878349453854265,0.14717948437753728,0.16412314542525658
27101,198516494.924745,200000.0,44934.83743309736,30575075.9221275,25338258.759890996,35332837.1238135,33701734.744045496,42461064.84428849,0.15401781062937925,0.12763805229130404,0.17798438934360453,0.16976793166140366,0.21389187261433829
27103,777616341.3474826,290000.0,44573.98024406937,93186462.9661913,80628669.68373913,124526338.57189824,83456557.73623914,129864072.49064867,0.11983603997404985,0.10368695383127206,0.16013853098317657,0.10732356471781766,0.16700275648222024
27105,397032989.84949,200000.0,44934.83743309736,61150151.844255,50676517.51978199,70665674.247627,67403469.48809099,84922129.68857698,0.15401781062937925,0.12763805229130404,0.17798438934360453,0.16976793166140366,0.21389187261433829
27107,199351974.82903582,225000.0,46251.294744611965,22437658.01702304,24573646.257599957,46495846.757186465,37992014.96515724,44535320.113204546,0.11255297589234102,0.12326763393577769,0.23323494435939893,0.19057757013813972,0.22340044612749896
27109,7033068020.75726,330000.0,78277.40206523529,883070298.7110001,666986761.8493199,681133654.7884,651939247.0994,1513215635.77016,0.12555975516015536,0.09483581843383118,0.09684730089032488,0.09269628065238089,0.215157258724654
27111,1704156757.6724,258141.8918918919,50450.90921577706,221839787.9220343,245984256.4259,356831312.23421603,204247291.752016,324059367.8202246,0.130175693593488,0.14434367925276684,0.20938878458668872,0.1198524084315955,0.19015819193935937
27113,332253291.38172674,225000.0,46251.294744611965,37396096.695038445,40956077.09599998,77493077.9286442,63320024.94192881,74225533.52200766,0.11255297589234102,0.1232676339357777,0.23323494435939893,0.19057757013813975,0.22340044612749896
27115,744540647.1288763,250000.0,50600.20708789072,100321711.2064909,86076673.90372363,170623759.39103997,108523296.05058545,145954433.22280908,0.13474309507930157,0.115610442808805,0.22916648009615764,0.1457587258252142,0.1960328610474709
27117,330860824.874575,200000.0,44934.83743309736,50958459.8702125,42230431.26648499,58888061.873022504,56169557.9067425,70768441.4071475,0.15401781062937925,0.12763805229130404,0.1779843893436045,0.16976793166140366,0.2138918726143383
27119,664506582.7634537,225000.0,46251.294744611965,74792193.39007692,81912154.19199999,154986155.85728845,126640049.88385767,148451067.04401538,0.11255297589234102,0.1232676339357777,0.23323494435939893,0.19057757013813975,0.22340044612749896
27121,292656103.28794146,235000.0,51971.189014040436,32925229.371570736,33924874.230458535,55461637.95945756,46442498.33072781,53511650.14285854,0.11250484442887537,0.11592061074181728,0.1895112978555906,0.1586930797237927,0.18284822883126056
27123,18992140876.64948,302501.3469771327,60842.75519454528,3464026809.6354003,3276649698.3672,1485779600.97094,1465414963.41008,3822556116.8644,0.1823926450490036,0.17252661085700907,0.0782312858050501,0.07715901924525967,0.2012704171526112
27125,132901316.55269055,225000.0,46251.294744611965,14958438.678015362,16382430.838399973,30997231.171457645,25328009.976771496,29690213.40880303,0.11255297589234102,0.1232676339357777,0.23323494435939893,0.19057757013813975,0.22340044612749896
27127,397032989.84949,200000.0,44934.83743309736,61150151.844255,50676517.51978199,70665674.247627,67403469.48809099,84922129.68857698,0.15401781062937925,0.12763805229130404,0.17798438934360453,0.16976793166140366,0.21389187261433829
27129,556502948.0150787,250000.0,49260.301717140646,68426548.73335132,55855660.335210785,123674677.7412713,102960336.41341293,100212093.38261834,0.12295810647079856,0.10036902865373025,0.2222354404094195,0.18501310151302772,0.1800746855700449
27131,1823843646.0249562,254075.00000000003,49373.730100297806,218486060.48142222,245699801.61495823,388525935.1170755,338059612.8694311,298306027.80168885,0.11979429319920586,0.1347153864589532,0.2130259005281855,0.18535558878976696,0.16355899172160016
27133,198516494.924745,200000.0,44934.83743309736,30575075.9221275,25338258.759890996,35332837.1238135,33701734.744045496,42461064.84428849,0.15401781062937925,0.12763805229130404,0.17798438934360453,0.16976793166140366,0.21389187261433829
27135,332253291.38172674,225000.0,46251.294744611965,37396096.695038445,40956077.09599998,77493077.9286442,63320024.94192881,74225533.52200766,0.11255297589234102,0.1232676339357777,0.23323494435939893,0.19057757013813975,0.22340044612749896
27137,5604745054.4054985,240450.07032348806,51923.367734734464,908971674.8454318,875622074.6441563,877209598.0977482,682506761.5577427,859285992.2525796,0.1621789512318589,0.15622870730862076,0.15651195363618456,0.12177302534417186,0.15331401944449818
27139,6205952784.835381,350000.0,70748.90883097403,1414731094.146,1172374649.79058,658509836.7058,539422385.969,1435855201.2506,0.22796356066436416,0.18891130668208564,0.10610938554268548,0.08692015628722008,0.23136740659052366
27141,3234782768.774537,305000.0,54020.361942037765,458411948.68315256,413103834.7101926,700669014.1917164,460477182.0846999,497811634.4763082,0.14171336421976088,0.12770682430297864,0.2166046576466578,0.14235180999778443,0.1538933740100572
27143,371001965.34338593,250000.0,49260.301717140646,45617699.155567564,37237106.89014054,82449785.16084756,68640224.27560866,66808062.25507892,0.12295810647079855,0.10036902865373025,0.22223544040941948,0.18501310151302774,0.1800746855700449
27145,4453096124.327251,284500.0,51286.597157997836,603502136.6724993,593526630.64747,825812585.5322443,607252977.1511153,901461574.2457585,0.13552416561941452,0.1332840374599227,0.18544683574666904,0.13636646508340433,0.20243478898222667
27147,911921823.0124781,254075.00000000003,49373.730100297806,109243030.24071111,122849900.80747911,194262967.55853775,169029806.43471554,149153013.90084442,0.11979429319920586,0.1347153864589532,0.2130259005281855,0.18535558878976696,0.16355899172160016
27149,219492077.46595585,235000.0,51971.189014040436,24693922.028678026,25443655.672843877,41596228.46959312,34831873.74804582,40133737.607143864,0.11250484442887537,0.1159206107418173,0.1895112978555906,0.1586930797237927,0.18284822883126056
27151,292656103.28794146,235000.0,51971.189014040436,32925229.371570736,33924874.230458535,55461637.95945756,46442498.33072781,53511650.14285854,0.11250484442887537,0.11592061074181728,0.1895112978555906,0.1586930797237927,0.18284822883126056
27153,777434537.7061881,274970.58823529416,55377.56344603442,121795763.60115202,111470880.52119201,164459631.22088003,147836165.93692002,127103288.66963999,0.15666369024523796,0.14338297967837343,0.21154145235959845,0.19015898929974087,0.1634906638501768
27155,146328051.64397058,235000.0,51971.189014040436,16462614.685785351,16962437.115229253,27730818.97972875,23221249.165363878,26755825.071429245,0.11250484442887537,0.1159206107418173,0.1895112978555906,0.1586930797237927,0.18284822883126056
27157,646129894.880952,250000.0,50232.44510378393,89652571.376176,81476485.604096,136931393.252776,122941086.04428001,95702368.75878002,0.1387531703554659,0.126099235230569,0.21192548795162203,0.19027301943200078,0.1481162990862897
27159,291537951.6398205,274970.58823529416,55377.56344603442,45673411.35043201,41801580.195447005,61672361.70783001,55438562.226345,47663733.251114994,0.15666369024523796,0.14338297967837343,0.21154145235959845,0.19015898929974087,0.1634906638501768
27161,569951139.3827989,254075.00000000003,49373.730100297806,68276893.90044446,76781188.00467445,121414354.72408612,105643629.02169722,93220633.68802778,0.11979429319920587,0.1347153864589532,0.2130259005281855,0.18535558878976696,0.16355899172160016
27163,11272793265.56026,375000.0,75248.49079970465,2747748544.44978,1906624366.5693998,1118910820.01518,843708339.9598,2213563616.1552,0.24375046004298528,0.16913504236739324,0.09925763683022444,0.07484465651804602,0.19636336478536362
27165,243928188.77799338,200000.0,53170.99364947705,42465125.65944703,18441110.551394105,56266596.00480526,45186624.30992291,59018896.09321054,0.17408863597185917,0.07560057180672108,0.2306686910056764,0.1852456025533345,0.24195193015156388
27167,200489030.31439984,258141.8918918919,50450.90921577706,26098798.579062838,28939324.285399977,41980154.380495965,24029093.14729598,38124631.50826168,0.130175693593488,0.14434367925276684,0.2093887845866887,0.1198524084315955,0.19015819193935934
27169,1399948105.5753958,250000.0,50232.44510378393,194247237.98171464,176532385.4755413,296684685.38101465,266372353.09593996,207355132.31069002,0.1387531703554659,0.126099235230569,0.21192548795162203,0.19027301943200078,0.1481162990862897
27171,5539184737.124046,340000.0,62280.81334396009,947649815.9958299,703039329.48939,715647377.2520399,637794199.4879,1108684549.81377,0.17108109965074955,0.12692108367095356,0.12919723952438625,0.11514225102718705,0.2001530193393407
27173,292656103.28794146,235000.0,51971.189014040436,32925229.371570736,33924874.230458535,55461637.95945756,46442498.33072781,53511650.14285854,0.11250484442887537,0.11592061074181728,0.1895112978555906,0.1586930797237927,0.18284822883126056
28001,530510240.2429141,100000.0,46847.12604642866,74396285.70167854,42819329.98712141,145716217.71141782,121151182.73978208,89064316.91809283,0.14023534336983468,0.08071348437593771,0.2746718284734639,0.22836728407788784,0.1678842558765904
28003,585675320.1751863,125000.0,42778.40984015306,71828078.48313636,65565179.409136355,139653019.5392727,122834186.33805907,137048799.83345452,0.12264146363833678,0.11194799772256854,0.23844784768717914,0.20973085617013382,0.23400132310929664
28005,212204096.0971656,100000.0,46847.12604642866,29758514.280671414,17127731.99484856,58286487.08456712,48460473.09591283,35625726.76723713,0.14023534336983468,0.08071348437593771,0.2746718284734639,0.22836728407788784,0.1678842558765904
28007,337947437.2117609,100000.0,43715.96750424469,39346494.272905245,51215196.97225261,76244044.60214207,51004205.039210506,40292022.09552629,0.11642785220546112,0.15154781878153645,0.22560918121230453,0.15092348520237725,0.11922570689677683
28009,175702596.05255568,125000.0,42778.40984015306,21548423.54494088,19669553.822740883,41895905.86178176,36850255.90141768,41114639.9500363,0.12264146363833678,0.11194799772256854,0.23844784768717914,0.20973085617013384,0.23400132310929658
28011,348711095.5014775,119684.30335097002,39643.95119651668,54048274.68547316,42504061.00798536,71246627.51991364,64328283.556331694,59557118.35363902,0.15499442198059957,0.12188904097491005,0.20431419716500468,0.1844744385429489,0.17079215178969456
28013,433846200.6927117,150000.0,51077.213216986645,64839184.392809495,52593523.0895476,80250426.02554521,70951955.80017377,69244073.81111665,0.14945200462579214,0.12122619261289552,0.18497436625562538,0.1635417244334202,0.15960511743690808
28015,168973718.60588044,100000.0,43715.96750424469,19673247.136452623,25607598.486126304,38122022.30107103,25502102.519605253,20146011.047763146,0.11642785220546112,0.15154781878153645,0.22560918121230453,0.15092348520237725,0.11922570689677683
28017,433846200.6927117,150000.0,51077.213216986645,64839184.392809495,52593523.0895476,80250426.02554521,70951955.80017377,69244073.81111665,0.14945200462579214,0.12122619261289552,0.18497436625562538,0.1635417244334202,0.15960511743690808
28019,191734839.91025037,150000.0,40819.31207586081,17064656.396966398,23606105.120372396,41044439.740577996,33872121.434916,32477529.695438392,0.08900133332551473,0.12311849599906953,0.21406876162824967,0.17666127580554103,0.16938773209209593
28021,159153072.07287407,100000.0,46847.12604642866,22318885.71050354,12845798.99613641,43714865.3134253,36345354.82193459,26719295.075427823,0.14023534336983468,0.08071348437593771,0.2746718284734639,0.22836728407788784,0.1678842558765904
28023,274564458.32779443,125000.0,41970.74584319059,33798834.17644444,33349934.73705555,69862201.91052778,52043802.62508333,29343455.55661111,0.1230998155489339,0.12146486453552574,0.2544473612353765,0.1895503989921003,0.10687273850127689
28025,319558066.517084,150000.0,40819.31207586081,28441093.994944002,39343508.533954,68407399.56763001,56453535.724860005,54129216.159063995,0.08900133332551473,0.12311849599906953,0.21406876162824967,0.17666127580554103,0.16938773209209593
28027,408905877.45559204,115000.0,45946.54562627444,48776514.208960004,31785329.17276,125891518.12134402,109696026.103424,54051895.913944006,0.11928543192499655,0.07773262974487802,0.30787407338016576,0.26826717871116246,0.13218664463881213
28029,625433094.5865648,167914.82300884958,46264.82166217596,73026215.7277915,64543917.41546666,132569944.80352966,128950984.62084846,99078434.95685817,0.11676103544866719,0.10319875614854161,0.2119650302342307,0.20617870358473755,0.15841572154468866
28031,287032765.572575,150000.0,45493.959753152114,36552154.399225,29798191.73655,66753208.673475,58859590.558475,48682596.2108,0.12734488456852827,0.10381459997122056,0.23256302652526525,0.20506227029886806,0.16960640752524409
28033,5628998260.8264,250000.0,54613.35268095857,972169952.8512001,852121096.6404002,983354840.14488,859369849.2300398,915265086.70292,0.1727074530501764,0.15138059334118523,0.1746944650859623,0.152668345131781,0.16259821806527772
28035,1713158120.9228513,180000.0,43036.05258035559,267287886.55058295,199459060.7364689,317654852.31024253,240502808.1375574,261409453.78810722,0.1560205583397049,0.1164277005726847,0.1854206266372697,0.14038564520127442,0.15258921555197139
28037,159153072.07287407,100000.0,46847.12604642866,22318885.71050354,12845798.99613641,43714865.3134253,36345354.82193459,26719295.075427823,0.14023534336983468,0.08071348437593771,0.2746718284734639,0.22836728407788784,0.1678842558765904
28039,423429777.2762132,180807.6923076923,48869.311362359964,34548814.27319999,42764620.46655999,113143239.39602663,91866415.2918133,60059587.882826656,0.08159278380335303,0.10099577961108677,0.2672066195340358,0.21695785280562985,0.14184072804036257
28041,229626212.45806,150000.0,45493.959753152114,29241723.51938,23838553.38924,53402566.93878,47087672.44678,38946076.96864001,0.12734488456852827,0.10381459997122056,0.23256302652526525,0.20506227029886806,0.16960640752524409
28043,394272010.0803877,100000.0,43715.96750424469,45904243.31838945,59751063.13429471,88951385.36916575,59504905.87907893,47007359.11144735,0.1164278522054611,0.15154781878153645,0.22560918121230453,0.15092348520237725,0.11922570689677683
28045,1270289331.82864,180807.6923076923,48869.311362359964,103646442.81959999,128293861.39968,339429718.18807995,275599245.87543994,180178763.64848003,0.08159278380335303,0.10099577961108677,0.2672066195340358,0.21695785280562982,0.14184072804036257
28047,4796367850.526899,205000.0,47674.130539829566,788267338.53664,463058428.34264004,903865386.96664,689554934.63948,976363036.67678,0.16434672299999797,0.09654356020499372,0.18844788705423146,0.14376606551637397,0.20356300165124383
28049,4255083646.737667,153957.4115044248,43353.67256573622,678999054.7320874,521129378.3986,727433199.9672945,802763125.3646727,823222721.7588873,0.15957360914694818,0.12247218190367304,0.17095626322763613,0.1886597754617923,0.19346804671866896
28051,337947437.2117609,100000.0,43715.96750424469,39346494.272905245,51215196.97225261,76244044.60214207,51004205.039210506,40292022.09552629,0.11642785220546112,0.15154781878153645,0.22560918121230453,0.15092348520237725,0.11922570689677683
28053,116237031.83382572,119684.30335097002,39643.95119651668,18016091.56182437,14168020.335995106,23748875.839971196,21442761.18544388,19852372.784546323,0.15499442198059957,0.12188904097491005,0.2043141971650047,0.1844744385429489,0.17079215178969456
28055,38745677.27794191,119684.30335097002,39643.95119651668,6005363.853941457,4722673.445331703,7916291.946657065,7147587.061814627,6617457.594848774,0.15499442198059957,0.12188904097491005,0.20431419716500468,0.1844744385429489,0.17079215178969456
28057,520615440.83125407,150000.0,51077.213216986645,77807021.2713714,63112227.70745712,96300511.23065425,85142346.96020854,83092888.57333998,0.14945200462579214,0.12122619261289552,0.18497436625562538,0.16354172443342022,0.15960511743690808
28059,4147706333.40714,200000.0,56771.233690215435,672517300.3632,541301561.5466,700596814.1433,576917352.3827,844506581.77308,0.16214197590280205,0.13050624080754217,0.1689118654569244,0.13909310496165006,0.20360809418234746
28061,363064361.7469321,100000.0,39215.10787010291,29039327.673222214,31355232.194086105,83571412.94021331,78927491.45824663,66402181.54608886,0.07998396629593622,0.08636273756866762,0.23018346537263648,0.21739256113840696,0.18289369197953223
28063,212204096.0971656,100000.0,46847.12604642866,29758514.280671414,17127731.99484856,58286487.08456712,48460473.09591283,35625726.76723713,0.14023534336983468,0.08071348437593771,0.2746718284734639,0.22836728407788784,0.1678842558765904
28065,229626212.45806,150000.0,45493.959753152114,29241723.51938,23838553.38924,53402566.93878,47087672.44678,38946076.96864001,0.12734488456852827,0.10381459997122056,0.23256302652526525,0.20506227029886806,0.16960640752524409
28067,1148131062.2903,150000.0,45493.959753152114,146208617.5969,119192766.9462,267012834.6939,235438362.2339,194730384.8432,0.12734488456852827,0.10381459997122056,0.23256302652526525,0.20506227029886806,0.16960640752524409
28069,103732674.78483766,100000.0,39215.10787010291,8296950.763777769,8958637.76973888,23877546.554346643,22550711.84521331,18972051.87031109,0.07998396629593622,0.08636273756866764,0.2301834653726365,0.21739256113840696,0.18289369197953223
28071,1301538602.0781355,150000.0,51077.213216986645,194517553.17842853,157780569.26864284,240751278.0766357,212855867.4005214,207732221.43335,0.14945200462579214,0.12122619261289554,0.18497436625562538,0.16354172443342022,0.15960511743690808
28073,1386842288.366118,180000.0,43036.05258035559,216375908.15999576,161466858.69142723,257149166.15591067,194692749.44468933,211617176.87608683,0.1560205583397049,0.1164277005726847,0.1854206266372697,0.14038564520127442,0.15258921555197139
28075,1372822291.638972,125000.0,41970.74584319059,168994170.8822222,166749673.68527776,349311009.5526389,260219013.12541664,146717277.78305554,0.1230998155489339,0.12146486453552574,0.2544473612353765,0.1895503989921003,0.10687273850127689
28077,159153072.07287407,100000.0,46847.12604642866,22318885.71050354,12845798.99613641,43714865.3134253,36345354.82193459,26719295.075427823,0.14023534336983468,0.08071348437593771,0.2746718284734639,0.22836728407788784,0.1678842558765904
28079,311198024.3545132,100000.0,39215.10787010291,24890852.291333325,26875913.30921666,71632639.66303998,67652135.53563997,56916155.61093331,0.07998396629593622,0.08636273756866762,0.23018346537263648,0.21739256113840694,0.18289369197953223
28081,2027084804.8184178,170000.0,47333.76710095199,174273628.5878046,201572184.29763314,435193131.60662806,389390501.8842223,385489741.5418737,0.08597253956694509,0.09943944319373929,0.2146891588216566,0.19209383887572634,0.19016951862376824
28083,450596582.9490145,100000.0,43715.96750424469,52461992.36387365,68286929.2963368,101658726.13618942,68005606.71894734,53722696.12736839,0.1164278522054611,0.15154781878153645,0.22560918121230453,0.15092348520237725,0.11922570689677683
28085,530510240.2429141,100000.0,46847.12604642866,74396285.70167854,42819329.98712141,145716217.71141782,121151182.73978208,89064316.91809283,0.14023534336983468,0.08071348437593771,0.2746718284734639,0.22836728407788784,0.1678842558765904
28087,1150409039.4615023,150000.0,40819.31207586081,102387938.38179839,141636630.7222344,246266638.443468,203232728.609496,194865178.17263037,0.08900133332551473,0.12311849599906953,0.21406876162824967,0.17666127580554103,0.16938773209209593
28089,3309681592.8164496,250000.0,62997.70120363132,841932688.7114786,438104466.65132725,323130645.6129188,202572335.63962907,683055841.667806,0.25438479959488086,0.13237057836687915,0.09763194330060716,0.061205989143881805,0.20638113441194927
28091,489473748.8351004,180000.0,43036.05258035559,76367967.58588085,56988303.06756255,90758529.23149787,68715088.03930211,74688415.36803064,0.1560205583397049,0.1164277005726847,0.1854206266372697,0.14038564520127442,0.15258921555197139
28093,585675320.1751863,125000.0,42778.40984015306,71828078.48313636,65565179.409136355,139653019.5392727,122834186.33805907,137048799.83345452,0.12264146363833678,0.11194799772256854,0.23844784768717914,0.20973085617013382,0.23400132310929664
28095,954461641.5239662,150000.0,51077.213216986645,142646205.66418096,115705750.79700476,176550937.25619954,156094302.76038238,152336962.3844567,0.14945200462579214,0.12122619261289552,0.18497436625562538,0.16354172443342022,0.15960511743690808
28097,225298291.47450724,100000.0,43715.96750424469,26230996.181936827,34143464.6481684,50829363.06809471,34002803.35947367,26861348.063684195,0.1164278522054611,0.15154781878153645,0.22560918121230453,0.15092348520237725,0.11922570689677683
28099,414930699.13935107,100000.0,39215.10787010291,33187803.05511111,35834551.07895555,95510186.21738666,90202847.38085333,75888207.48124443,0.07998396629593622,0.08636273756866761,0.23018346537263648,0.21739256113840696,0.18289369197953223
28101,329477349.9933532,125000.0,41970.74584319059,40558601.011733316,40019921.684466645,83834642.29263331,62452563.15009997,35212146.667933315,0.1230998155489339,0.12146486453552573,0.2544473612353765,0.1895503989921003,0.10687273850127688
28103,191734839.91025037,150000.0,40819.31207586081,17064656.396966398,23606105.120372396,41044439.740577996,33872121.434916,32477529.695438392,0.08900133332551473,0.12311849599906953,0.21406876162824967,0.17666127580554103,0.16938773209209593
28105,830850972.9444184,150000.0,40819.31207586081,73946844.38685441,102293122.1882804,177859238.875838,146779192.884636,140735962.0135664,0.08900133332551474,0.12311849599906953,0.21406876162824964,0.17666127580554103,0.16938773209209596
28107,642566378.8587874,115000.0,45946.54562627444,76648808.04265143,49948374.414337136,197829528.47639772,172379469.59109485,84938693.57905486,0.11928543192499655,0.07773262974487802,0.30787407338016576,0.26826717871116246,0.13218664463881213
28109,1129146072.7365687,180807.6923076923,48869.311362359964,92130171.39519998,114038987.91082664,301715305.05607104,244977107.44483548,160158901.0208711,0.08159278380335303,0.10099577961108677,0.2672066195340358,0.21695785280562985,0.14184072804036257
28111,244736874.41755006,180000.0,43036.05258035559,38183983.7929404,28494151.533781257,45379264.615748905,34357544.01965103,37344207.6840153,0.1560205583397049,0.1164277005726847,0.18542062663726966,0.14038564520127442,0.15258921555197139
28113,583561264.2672056,100000.0,46847.12604642866,81835914.27184641,47101262.985833555,160287839.48255962,133266301.01376031,97970748.60990213,0.14023534336983468,0.08071348437593771,0.2746718284734639,0.22836728407788784,0.1678842558765904
28115,528804731.6917611,170000.0,47333.76710095199,45462685.71855771,52584048.077643424,113528643.027816,101580130.92631885,100562541.27179313,0.08597253956694509,0.09943944319373929,0.2146891588216566,0.19209383887572634,0.19016951862376824
28117,468540256.14014906,125000.0,42778.40984015306,57462462.78650908,52452143.52730909,111722415.63141817,98267349.07044727,109639039.86676362,0.12264146363833676,0.11194799772256854,0.23844784768717917,0.20973085617013382,0.23400132310929664
28119,175245376.05239654,115000.0,45946.54562627444,20904220.375268567,13622283.931182852,53953507.76629028,47012582.61575313,23165098.24883314,0.11928543192499655,0.07773262974487802,0.30787407338016576,0.26826717871116246,0.13218664463881213
28121,3879040066.5842752,207549.50495049497,51460.17556475186,663034639.3299654,480085266.80983746,513713208.3202022,520217428.19133955,842823296.1623657,0.1709275047302635,0.12376393606900302,0.13243307609672542,0.13410983626405845,0.21727625435550646
28123,414930699.13935107,100000.0,39215.10787010291,33187803.05511111,35834551.07895555,95510186.21738666,90202847.38085333,75888207.48124443,0.07998396629593622,0.08636273756866761,0.23018346537263648,0.21739256113840696,0.18289369197953223
28125,77491354.55588382,119684.30335097002,39643.95119651668,12010727.707882915,9445346.890663406,15832583.89331413,14295174.123629253,13234915.189697549,0.15499442198059957,0.12188904097491005,0.20431419716500468,0.1844744385429489,0.17079215178969456
28127,943550286.4664453,207549.50495049497,51460.17556475186,161278696.05323482,116777497.33212262,124957266.88869782,126539374.42492042,205011072.03949437,0.1709275047302635,0.12376393606900302,0.13243307609672542,0.13410983626405845,0.21727625435550646
28129,259331686.96209446,100000.0,39215.10787010291,20742376.909444448,22396594.424347226,59693866.38586667,56376779.61303333,47430129.67577778,0.07998396629593622,0.08636273756866762,0.23018346537263648,0.21739256113840696,0.18289369197953223
28131,352858147.73017776,180807.6923076923,48869.311362359964,28790678.560999997,35637183.72213333,94286032.8300222,76555346.0765111,50049656.56902222,0.08159278380335303,0.10099577961108677,0.2672066195340358,0.21695785280562985,0.14184072804036257
28133,271219740.94559354,119684.30335097002,39643.95119651668,42037546.977590226,33058714.11732194,55414043.62659949,50033109.432702415,46322203.16394145,0.15499442198059957,0.12188904097491005,0.20431419716500468,0.1844744385429489,0.17079215178969456
28135,233660501.40319526,115000.0,45946.54562627444,27872293.83369141,18163045.241577126,71938010.35505366,62683443.48767081,30886797.665110838,0.11928543192499656,0.077732629744878,0.30787407338016576,0.26826717871116246,0.13218664463881213
28137,350490752.1047931,115000.0,45946.54562627444,41808440.750537135,27244567.862365704,107907015.53258055,94025165.23150626,46330196.49766628,0.11928543192499655,0.07773262974487802,0.30787407338016576,0.26826717871116246,0.13218664463881213
28139,351405192.10511166,125000.0,42778.40984015306,43096847.0898818,39339107.6454818,83791811.7235636,73700511.80283542,82229279.90007268,0.12264146363833678,0.11194799772256854,0.23844784768717917,0.20973085617013382,0.2340013231092966
28141,409972724.1226305,125000.0,42778.40984015306,50279654.93819545,45895625.58639546,97757113.67749092,85983930.43664137,95934159.88341817,0.12264146363833675,0.11194799772256854,0.23844784768717917,0.20973085617013382,0.2340013231092966
28143,233660501.40319526,115000.0,45946.54562627444,27872293.83369141,18163045.241577126,71938010.35505366,62683443.48767081,30886797.665110838,0.11928543192499656,0.077732629744878,0.30787407338016576,0.26826717871116246,0.13218664463881213
28145,528804731.6917611,170000.0,47333.76710095199,45462685.71855771,52584048.077643424,113528643.027816,101580130.92631885,100562541.27179313,0.08597253956694509,0.09943944319373929,0.2146891588216566,0.19209383887572634,0.19016951862376824
28147,265255120.12145692,100000.0,46847.12604642866,37198142.85083926,21409664.993560694,72858108.85570887,60575591.36989102,44532158.45904639,0.14023534336983468,0.08071348437593771,0.2746718284734639,0.22836728407788784,0.1678842558765904
28149,1016328778.7031678,167914.82300884958,46264.82166217596,118667600.5576612,104883865.80013332,215426160.3057357,209545350.00887877,161002456.80489454,0.11676103544866719,0.1031987561485416,0.2119650302342307,0.20617870358473755,0.15841572154468866
28151,736167868.280897,119684.30335097002,39643.95119651668,114101913.22488779,89730795.46130244,150409546.98648438,135804154.17447802,125731694.30212684,0.15499442198059957,0.12188904097491006,0.20431419716500468,0.18447443854294887,0.17079215178969456
28153,401845871.8016049,150000.0,45493.959753152114,51173016.15891499,41717468.431169994,93454492.14286499,82403426.78186499,68155634.69511999,0.12734488456852827,0.10381459997122056,0.23256302652526525,0.20506227029886803,0.16960640752524409
28155,191734839.91025037,150000.0,40819.31207586081,17064656.396966398,23606105.120372396,41044439.740577996,33872121.434916,32477529.695438392,0.08900133332551473,0.12311849599906953,0.21406876162824967,0.17666127580554103,0.16938773209209593
28157,159153072.07287407,100000.0,46847.12604642866,22318885.71050354,12845798.99613641,43714865.3134253,36345354.82193459,26719295.075427823,0.14023534336983468,0.08071348437593771,0.2746718284734639,0.22836728407788784,0.1678842558765904
28159,319558066.517084,150000.0,40819.31207586081,28441093.994944002,39343508.533954,68407399.56763001,56453535.724860005,54129216.159063995,0.08900133332551473,0.12311849599906953,0.21406876162824967,0.17666127580554103,0.16938773209209593
28161,225298291.47450724,100000.0,43715.96750424469,26230996.181936827,34143464.6481684,50829363.06809471,34002803.35947367,26861348.063684195,0.1164278522054611,0.15154781878153645,0.22560918121230453,0.15092348520237725,0.11922570689677683
28163,891068121.1428902,250000.0,62997.70120363132,226674185.42232114,117951202.55997272,86996712.2804012,54538705.749130905,183899649.67979392,0.25438479959488086,0.13237057836687915,0.09763194330060715,0.06120598914388182,0.20638113441194927
29001,448528411.97765464,170000.0,42513.55856085593,58733373.67058341,43603939.40604878,115500925.66403902,106126661.55763903,76398181.10497952,0.13094682990452222,0.09721555701185124,0.25751083449713147,0.23661078924678286,0.17033075066108772
29003,359887020.3396763,200000.0,46052.535534621755,66509726.03535291,42050469.697352916,85609691.09849995,67921398.63547055,71223317.57923526,0.18480723748408115,0.11684352955453613,0.2378793517412714,0.18872978128348034,0.1979046577228924
29005,106043988.92590663,150000.0,44141.204508306044,11556877.369885711,10816848.092466664,26978656.206636183,23878894.26004571,18966672.051836185,0.10898191860700891,0.10200340634134802,0.25441004699932857,0.22517914029742878,0.17885664471833737
29007,669284341.9799414,240000.0,47884.151200149456,111662101.26361312,97299951.31842628,180221498.086921,129881105.51021785,124232150.51722628,0.1668380600886068,0.14537909407918345,0.26927493560326304,0.19405968041324717,0.18561938883809947
29009,634014571.4353085,180000.0,42069.48472560288,85041210.07804346,85493986.88721736,133945493.828913,103492003.57334779,150333744.78528693,0.1341313179688026,0.1348454605604293,0.2112656394090149,0.1632328470606887,0.23711402159883357
29011,205954980.56383044,150000.0,44318.304214894815,17001071.362217635,23460863.35067645,52443416.998425834,42237423.510744676,57457868.60396644,0.08254751264414599,0.1139125807322021,0.2546353424173316,0.20508085502527712,0.2789826613887536
29013,506011892.6718855,255046.7289719627,52632.03388910979,99103587.1279428,92539550.10937424,95583801.72828853,58989768.8066457,104236912.6902971,0.19585228838130248,0.18288018809348397,0.1888963542409628,0.11657783079991081,0.20599696212651605
29015,529454824.7934593,175000.0,42264.991142025385,64677455.73677575,48182544.25793939,147350281.5769212,113029771.36785455,93464004.9409309,0.1221585916456734,0.09100407060552415,0.27830567345269286,0.21348331543101443,0.1765287623498214
29017,145137316.6244074,150000.0,38599.79525239056,14568678.006405389,16128937.331789171,39206411.71657618,29851817.694486454,26703532.33321619,0.10037858178201572,0.1111288103357204,0.27013322712887283,0.20567982369233317,0.1839880532056462
29019,5298905883.022289,242500.0,51298.046916679625,1091823093.8820682,886428219.4155183,483704962.0939115,443818535.91750205,871516378.0966251,0.20604689307282711,0.16728514130730968,0.09128393158363196,0.08375663688224733,0.16447100539924028
29021,1871412505.7663176,200000.0,46052.535534621755,345850575.38383526,218662442.42623526,445170393.7121999,353191272.904447,370361251.4120235,0.18480723748408115,0.11684352955453614,0.2378793517412714,0.18872978128348034,0.1979046577228924
29023,618621261.4927642,150000.0,38867.6281831793,79932314.62661053,72040021.88501053,146523548.31686527,103741068.04129896,146270200.24021894,0.12921042259965304,0.11645254757519055,0.23685501523710414,0.16769722364693146,0.23644547859099052
29025,287129900.1500249,225000.0,48302.451905854236,39644586.13276665,46834456.46031665,67101493.014241636,55513433.07946998,57203283.31487165,0.13807195318931403,0.16311243251171587,0.23369733691677955,0.193339088163456,0.19922440430266242
29027,1343365650.2969885,225000.0,52829.079971608306,252377009.89779472,222127324.61494476,179349275.21826527,178624510.6038337,274294543.47118425,0.18786918501451913,0.16535135059158115,0.13350741488634543,0.13296790085733082,0.20418457432683632
29029,976256915.557919,225000.0,47456.13422069408,149611085.60384,105879036.86069499,203889782.982305,121243310.75562501,236892564.47717503,0.1532497063217617,0.10845407102718078,0.2088484903236608,0.12419201218803753,0.24265391691673066
29031,1956398543.7108333,200000.0,49619.313021845635,386949808.99937993,252264280.0039066,369118755.22995996,271024811.34196,382467977.28584,0.19778680077394972,0.12894319555432704,0.18867257717838384,0.13853251537791933,0.1954959425395948
29033,226015667.10127684,150000.0,46346.0995365175,28230798.487630762,23502360.270538453,42715024.83708306,35699035.26504461,35645043.94449845,0.12490637861392431,0.10398553592307884,0.18899143313787448,0.1579493834338838,0.15771050034565093
29035,103103543.58212732,150000.0,38867.6281831793,13322052.437768416,12006670.314168414,24420591.3861442,17290178.006883148,24378366.706703145,0.12921042259965304,0.11645254757519055,0.23685501523710417,0.16769722364693146,0.23644547859099055
29037,3036071356.031314,255046.7289719627,52632.03388910979,594621522.767657,555237300.6562456,573502810.3697313,353938612.83987427,625421476.1417828,0.1958522883813025,0.18288018809348397,0.1888963542409628,0.11657783079991081,0.20599696212651603
29039,274606640.7517741,150000.0,44318.304214894815,22668095.149623524,31281151.13423529,69924555.99790116,56316564.68099293,76610491.4719553,0.08254751264414599,0.11391258073220212,0.2546353424173316,0.20508085502527712,0.2789826613887536
29041,226015667.10127684,150000.0,46346.0995365175,28230798.487630762,23502360.270538453,42715024.83708306,35699035.26504461,35645043.94449845,0.12490637861392431,0.10398553592307884,0.18899143313787448,0.1579493834338838,0.15771050034565093
29043,2342386698.0207024,250000.0,51478.95208663465,383916770.98612505,338095609.2180167,477077063.6517245,383797559.5959833,476231397.25947785,0.1638998254688398,0.14433808452878627,0.20367135112868032,0.16384893233909206,0.20331032346703876
29045,168198154.4916203,170000.0,42513.55856085593,22025015.126468755,16351477.277268276,43312847.124014586,39797498.084114596,28649317.91436729,0.13094682990452222,0.09721555701185124,0.25751083449713147,0.23661078924678286,0.17033075066108772
29047,9089660620.28108,262500.0,62174.30655343195,1812031651.3969998,1547848947.6952,993279725.5327201,784747473.0320001,2034754748.25778,0.19935085885978504,0.17028677002985132,0.10927577684435097,0.08633407844524489,0.22385376454185582
29049,478549833.58337504,225000.0,48302.451905854236,66074310.22127778,78057427.43386112,111835821.69040278,92522388.46578334,95338805.52478613,0.13807195318931403,0.16311243251171587,0.23369733691677955,0.193339088163456,0.19922440430266242
29051,2198234700.4859805,225000.0,52829.079971608306,412980561.6509367,363481076.6426368,293480632.1753431,292294653.71536416,448845616.58921045,0.18786918501451913,0.16535135059158115,0.13350741488634543,0.13296790085733082,0.20418457432683632
29053,376692778.5021281,150000.0,46346.0995365175,47051330.812717944,39170600.45089743,71191708.06180511,59498392.10840768,59408406.5741641,0.12490637861392431,0.10398553592307887,0.1889914331378745,0.15794938343388376,0.15771050034565096
29055,708239681.8062,220000.0,49499.55841530612,147818782.02222222,93879052.57239999,140380367.36624447,121627466.55402224,112767311.3910889,0.20871293408079722,0.13255265835004243,0.1982102542012855,0.1717320699171215,0.15922196155897703
29057,137303320.37588704,150000.0,44318.304214894815,11334047.574811762,15640575.567117644,34962277.99895058,28158282.340496466,38305245.73597765,0.08254751264414599,0.11391258073220212,0.2546353424173316,0.20508085502527712,0.2789826613887536
29059,264727412.39672965,175000.0,42264.991142025385,32338727.868387874,24091272.128969695,73675140.7884606,56514885.683927275,46732002.47046545,0.1221585916456734,0.09100407060552415,0.27830567345269286,0.21348331543101443,0.1765287623498214
29061,106043988.92590663,150000.0,44141.204508306044,11556877.369885711,10816848.092466664,26978656.206636183,23878894.26004571,18966672.051836185,0.10898191860700891,0.10200340634134802,0.25441004699932857,0.22517914029742878,0.17885664471833737
29063,215932212.20380574,200000.0,46052.535534621755,39905835.62121174,25230281.818411745,51365814.65909996,40752839.18128232,42733990.54754114,0.18480723748408118,0.11684352955453614,0.23787935174127137,0.18872978128348034,0.1979046577228924
29065,206207087.16425464,150000.0,38867.6281831793,26644104.875536833,24013340.62833683,48841182.7722884,34580356.013766296,48756733.41340629,0.12921042259965304,0.11645254757519055,0.23685501523710417,0.16769722364693146,0.23644547859099055
29067,180622322.38484904,150000.0,39782.39118090715,23741058.52728387,16997479.737658065,58179574.43683161,44788873.78443678,39891639.461796775,0.13144033480368603,0.09410508907886707,0.32210622512575904,0.24796975918073877,0.22085664127825966
29069,483791055.4146919,150000.0,38599.79525239056,48562260.02135135,53763124.439297296,130688039.05525407,99506058.98162162,89011774.44405407,0.10037858178201572,0.1111288103357204,0.27013322712887283,0.20567982369233317,0.1839880532056462
29071,2478838886.3217,220000.0,49499.55841530612,517365737.0777778,328576684.00339997,491331285.7818556,425696132.9390778,394685589.86881113,0.20871293408079722,0.13255265835004243,0.1982102542012855,0.1717320699171215,0.15922196155897703
29073,409502917.44668096,200000.0,44271.232437368555,45415007.95535134,52642984.14587836,74670079.72080538,65202126.04338647,57660893.30327024,0.1109027702135103,0.12855337997129826,0.18234321793452848,0.15922261665419285,0.1408070390872806
29075,106043988.92590663,150000.0,44141.204508306044,11556877.369885711,10816848.092466664,26978656.206636183,23878894.26004571,18966672.051836185,0.10898191860700891,0.10200340634134802,0.25441004699932857,0.22517914029742878,0.17885664471833737
29077,7756208070.28044,229666.66666666666,48477.446491732415,1423139683.546775,1267350372.38763,1357212131.5256,1265231997.49687,1312447797.8683,0.18348394868361478,0.1633981916039298,0.1749839766065646,0.16312507168868706,0.16921255669986765
29079,212087977.85181326,150000.0,44141.204508306044,23113754.739771422,21633696.184933327,53957312.413272366,47757788.52009142,37933344.10367237,0.10898191860700891,0.10200340634134802,0.25441004699932857,0.22517914029742878,0.17885664471833737
29081,159065983.38885993,150000.0,44141.204508306044,17335316.054828566,16225272.138699993,40467984.30995427,35818341.39006856,28450008.077754274,0.10898191860700893,0.10200340634134802,0.25441004699932857,0.22517914029742875,0.17885664471833737
29083,411909961.1276611,150000.0,44318.304214894815,34002142.72443529,46921726.70135293,104886833.99685174,84474847.0214894,114915737.20793293,0.082547512644146,0.11391258073220212,0.2546353424173316,0.20508085502527712,0.2789826613887536
29085,264727412.39672965,175000.0,42264.991142025385,32338727.868387874,24091272.128969695,73675140.7884606,56514885.683927275,46732002.47046545,0.1221585916456734,0.09100407060552415,0.27830567345269286,0.21348331543101443,0.1765287623498214
29087,159065983.38885993,150000.0,44141.204508306044,17335316.054828566,16225272.138699993,40467984.30995427,35818341.39006856,28450008.077754274,0.10898191860700893,0.10200340634134802,0.25441004699932857,0.22517914029742875,0.17885664471833737
29089,226015667.10127684,150000.0,46346.0995365175,28230798.487630762,23502360.270538453,42715024.83708306,35699035.26504461,35645043.94449845,0.12490637861392431,0.10398553592307884,0.18899143313787448,0.1579493834338838,0.15771050034565093
29091,602074407.9494967,150000.0,39782.39118090715,79136861.7576129,56658265.79219354,193931914.7894387,149296245.9481226,132972131.53932257,0.13144033480368603,0.09410508907886707,0.32210622512575904,0.2479697591807388,0.22085664127825966
29093,206207087.16425464,150000.0,38867.6281831793,26644104.875536833,24013340.62833683,48841182.7722884,34580356.013766296,48756733.41340629,0.12921042259965304,0.11645254757519055,0.23685501523710417,0.16769722364693146,0.23644547859099055
29095,21509272940.61262,220043.95604395602,56819.836717215505,4531681453.9572,4007193691.50998,2811753262.5838003,2344252539.43566,4790525655.5556,0.2106850132251904,0.18630075049834988,0.13072284081136015,0.10898799535940482,0.2227190881245639
29097,3030206466.832077,175000.0,48178.44860026546,446103262.39189523,297537310.4205476,495197494.0927853,428021985.64956903,457250532.6270262,0.14721876785454588,0.09819044137002564,0.16342038059554684,0.14125175638511647,0.15089748425791522
29099,7015756635.7028,235000.0,56269.26065627922,1143560206.2649999,978503096.7154,1150526419.8313,1031390134.1823001,1379410045.9637,0.1629988418420167,0.1394722119829316,0.1639917801561608,0.14701053467755884,0.1966160055985919
29101,1339939534.0334501,225000.0,48302.451905854236,185008068.6195778,218560796.81481114,313140300.7331278,259062687.70419335,266948655.46940115,0.13807195318931403,0.16311243251171587,0.23369733691677955,0.193339088163456,0.19922440430266242
29103,112132102.99441354,170000.0,42513.55856085593,14683343.417645836,10900984.851512184,28875231.416009724,26531665.389409732,19099545.27624486,0.13094682990452222,0.09721555701185124,0.25751083449713147,0.23661078924678286,0.17033075066108772
29105,595636677.8926417,175000.0,42264.991142025385,72762137.70387271,54205362.29018181,165769066.77403632,127158492.78883636,105147005.55854726,0.1221585916456734,0.09100407060552415,0.27830567345269286,0.21348331543101443,0.1765287623498214
29107,765679733.7334,225000.0,48302.451905854236,105718896.35404444,124891883.89417778,178937314.70464444,148035821.54525334,152542088.83965778,0.13807195318931403,0.16311243251171587,0.23369733691677957,0.193339088163456,0.19922440430266242
29109,686516601.8794352,150000.0,44318.304214894815,56670237.87405881,78202877.83558822,174811389.99475288,140791411.70248234,191526228.67988822,0.08254751264414599,0.11391258073220212,0.2546353424173316,0.20508085502527712,0.2789826613887536
29111,224264205.98882732,170000.0,42513.55856085593,29366686.835291706,21801969.70302439,57750462.83201951,53063330.77881952,38199090.55248976,0.13094682990452222,0.09721555701185124,0.25751083449713147,0.23661078924678286,0.17033075066108772
29113,1242956635.1056056,240000.0,47884.151200149456,207372473.77528155,180699909.59136313,334697067.8757105,241207767.3761189,230716850.96056312,0.1668380600886068,0.14537909407918345,0.26927493560326304,0.19405968041324717,0.18561938883809947
29115,265109972.31476653,150000.0,44141.204508306044,28892193.42471427,27042120.231166653,67446640.51659045,59697235.65011426,47416680.12959045,0.10898191860700891,0.10200340634134802,0.25441004699932857,0.22517914029742875,0.17885664471833737
29117,265109972.31476653,150000.0,44141.204508306044,28892193.42471427,27042120.231166653,67446640.51659045,59697235.65011426,47416680.12959045,0.10898191860700891,0.10200340634134802,0.25441004699932857,0.22517914029742875,0.17885664471833737
29119,380408742.861185,180000.0,42069.48472560288,51024726.04682607,51296392.13233041,80367296.29734778,62095202.14400867,90200246.87117215,0.1341313179688026,0.1348454605604293,0.2112656394090149,0.1632328470606887,0.23711402159883355
29121,280330257.4860341,170000.0,42513.55856085593,36708358.54411463,27252462.128780484,72188078.54002437,66329163.473524384,47748863.19061219,0.13094682990452222,0.09721555701185124,0.25751083449713147,0.23661078924678286,0.17033075066108772
29123,206207087.16425464,150000.0,38867.6281831793,26644104.875536833,24013340.62833683,48841182.7722884,34580356.013766296,48756733.41340629,0.12921042259965304,0.11645254757519055,0.23685501523710417,0.16769722364693146,0.23644547859099055
29125,245701750.46800843,200000.0,44271.232437368555,27249004.773210786,31585790.487526998,44802047.832483195,39121275.62603185,34596535.98196213,0.1109027702135103,0.12855337997129826,0.18234321793452848,0.15922261665419285,0.14080703908728062
29127,448528411.97765464,170000.0,42513.55856085593,58733373.67058341,43603939.40604878,115500925.66403902,106126661.55763903,76398181.10497952,0.13094682990452222,0.09721555701185124,0.25751083449713147,0.23661078924678286,0.17033075066108772
29129,106043988.92590663,150000.0,44141.204508306044,11556877.369885711,10816848.092466664,26978656.206636183,23878894.26004571,18966672.051836185,0.10898191860700891,0.10200340634134802,0.25441004699932857,0.22517914029742878,0.17885664471833737
29131,462437486.316909,225000.0,47456.13422069408,70868408.97024,50153227.986645,96579370.886355,57431041.93687501,112212267.383925,0.1532497063217617,0.1084540710271808,0.2088484903236608,0.12419201218803753,0.24265391691673066
29133,193516422.16587675,150000.0,38599.79525239056,19424904.00854054,21505249.775718916,52275215.62210163,39802423.59264865,35604709.77762163,0.10037858178201574,0.1111288103357204,0.27013322712887283,0.2056798236923332,0.18398805320564623
29135,205527771.696404,225000.0,47456.13422069408,31497070.65344,22290323.54962,42924164.838379994,25524907.527500004,49872118.8373,0.1532497063217617,0.1084540710271808,0.20884849032366076,0.12419201218803753,0.24265391691673063
29137,168198154.4916203,170000.0,42513.55856085593,22025015.126468755,16351477.277268276,43312847.124014586,39797498.084114596,28649317.91436729,0.13094682990452222,0.09721555701185124,0.25751083449713147,0.23661078924678286,0.17033075066108772
29139,382448195.4171093,240000.0,47884.151200149456,63806915.00777892,55599972.18195787,102983713.19252627,74217774.57726733,70989800.29555787,0.1668380600886068,0.14537909407918345,0.26927493560326304,0.19405968041324717,0.18561938883809947
29141,411055543.392808,225000.0,47456.13422069408,62994141.30688,44580647.09924,85848329.67675999,51049815.05500001,99744237.6746,0.1532497063217617,0.1084540710271808,0.20884849032366076,0.12419201218803753,0.24265391691673063
29143,290274633.248815,150000.0,38599.79525239056,29137356.012810796,32257874.66357836,78412823.4331524,59703635.388972946,53407064.66643241,0.10037858178201572,0.1111288103357204,0.27013322712887283,0.20567982369233317,0.1839880532056462
29145,1358368416.1661034,175000.0,48178.44860026546,199977324.52050474,133378794.32645236,221985083.55883476,191871924.60153094,204974376.6948738,0.14721876785454588,0.09819044137002564,0.16342038059554684,0.14125175638511647,0.15089748425791522
29147,318131966.77771986,150000.0,44141.204508306044,34670632.10965713,32450544.277399987,80935968.61990854,71636682.78013712,56900016.15550855,0.10898191860700893,0.10200340634134802,0.25441004699932857,0.22517914029742875,0.17885664471833737
29149,180622322.38484904,150000.0,39782.39118090715,23741058.52728387,16997479.737658065,58179574.43683161,44788873.78443678,39891639.461796775,0.13144033480368603,0.09410508907886707,0.32210622512575904,0.24796975918073877,0.22085664127825966
29151,327602333.95734483,200000.0,44271.232437368555,36332006.36428108,42114387.31670269,59736063.77664431,52161700.83470918,46128714.642616205,0.11090277021351032,0.12855337997129826,0.18234321793452848,0.15922261665419285,0.1408070390872806
29153,180622322.38484904,150000.0,39782.39118090715,23741058.52728387,16997479.737658065,58179574.43683161,44788873.78443678,39891639.461796775,0.13144033480368603,0.09410508907886707,0.32210622512575904,0.24796975918073877,0.22085664127825966
29155,290274633.248815,150000.0,38599.79525239056,29137356.012810796,32257874.66357836,78412823.4331524,59703635.388972946,53407064.66643241,0.10037858178201572,0.1111288103357204,0.27013322712887283,0.20567982369233317,0.1839880532056462
29157,401175662.1511056,170000.0,47387.48308428376,51367747.37393712,34349979.13411427,100471542.88189425,83260175.45614281,96160671.22886567,0.1280430300744144,0.08562328768881328,0.2504427669992876,0.2075404450252575,0.23969717084344486
29159,828724112.7046819,150000.0,46346.0995365175,103512927.78797948,86175320.99197434,156621757.73597124,130896462.63849689,130698494.463161,0.12490637861392433,0.10398553592307884,0.18899143313787448,0.15794938343388376,0.15771050034565096
29161,982807001.8720345,200000.0,44271.232437368555,108996019.09284323,126343161.9501081,179208191.32993293,156485102.50412756,138386143.9278486,0.1109027702135103,0.12855337997129826,0.18234321793452848,0.15922261665419285,0.14080703908728057
29163,478060244.2713866,240000.0,47884.151200149456,79758643.75972365,69499965.22744733,128729641.49065784,92772218.22158417,88737250.36944734,0.1668380600886068,0.14537909407918342,0.26927493560326304,0.19405968041324717,0.18561938883809947
29165,4157533161.55374,300000.0,63779.541029572916,960223852.638,749658059.3393,359548519.3736,273550442.893,788417717.44164,0.23095999847158122,0.180313188183721,0.08648121503839808,0.0657963345722947,0.18963594198897382
29167,529454824.7934593,175000.0,42264.991142025385,64677455.73677575,48182544.25793939,147350281.5769212,113029771.36785455,93464004.9409309,0.1221585916456734,0.09100407060552415,0.27830567345269286,0.21348331543101443,0.1765287623498214
29169,1064707585.3613708,200000.0,44271.232437368555,118079020.68391351,136871758.7792838,194142207.27409402,169525527.71280485,149918322.58850268,0.1109027702135103,0.12855337997129826,0.18234321793452848,0.15922261665419285,0.1408070390872806
29171,106043988.92590663,150000.0,44141.204508306044,11556877.369885711,10816848.092466664,26978656.206636183,23878894.26004571,18966672.051836185,0.10898191860700891,0.10200340634134802,0.25441004699932857,0.22517914029742878,0.17885664471833737
29173,168198154.4916203,170000.0,42513.55856085593,22025015.126468755,16351477.277268276,43312847.124014586,39797498.084114596,28649317.91436729,0.13094682990452222,0.09721555701185124,0.25751083449713147,0.23661078924678286,0.17033075066108772
29175,452031334.2025537,150000.0,46346.0995365175,56461596.975261524,47004720.541076906,85430049.67416611,71398070.53008921,71290087.8889969,0.12490637861392431,0.10398553592307884,0.18899143313787448,0.1579493834338838,0.15771050034565093
29177,574259800.3000498,225000.0,48302.451905854236,79289172.2655333,93668912.9206333,134202986.02848327,111026866.15893996,114406566.6297433,0.13807195318931403,0.16311243251171587,0.23369733691677955,0.193339088163456,0.19922440430266242
29179,103103543.58212732,150000.0,38867.6281831793,13322052.437768416,12006670.314168414,24420591.3861442,17290178.006883148,24378366.706703145,0.12921042259965304,0.11645254757519055,0.23685501523710417,0.16769722364693146,0.23644547859099055
29181,206207087.16425464,150000.0,38867.6281831793,26644104.875536833,24013340.62833683,48841182.7722884,34580356.013766296,48756733.41340629,0.12921042259965304,0.11645254757519055,0.23685501523710417,0.16769722364693146,0.23644547859099055
29183,15571310300.425941,306446.9696969697,67352.79988235486,3763452823.2720003,3057110464.4638,1646335100.1578,1166078606.1864,3482223574.7066,0.2416914665921887,0.19632968616521468,0.10572874526254644,0.07488635083937045,0.22363073546940662
29185,205954980.56383044,150000.0,44318.304214894815,17001071.362217635,23460863.35067645,52443416.998425834,42237423.510744676,57457868.60396644,0.08254751264414599,0.1139125807322021,0.2546353424173316,0.20508085502527712,0.2789826613887536
29186,401175662.1511056,170000.0,47387.48308428376,51367747.37393712,34349979.13411427,100471542.88189425,83260175.45614281,96160671.22886567,0.1280430300744144,0.08562328768881328,0.2504427669992876,0.2075404450252575,0.23969717084344486
29187,1524467516.1742017,170000.0,47387.48308428376,195197440.02096114,130529920.70963427,381791862.9511983,316388666.7333428,365410550.66968966,0.1280430300744144,0.08562328768881328,0.2504427669992876,0.20754044502525754,0.23969717084344486
29189,37896946313.88668,277131.8461241018,73428.64464238306,11273160312.43062,6874363140.44882,2903581126.5016403,2367915368.70242,7649367324.63914,0.2974688308408576,0.18139622869639574,0.0766178124868513,0.06248301245936374,0.20184653563593755
29195,602708445.603405,150000.0,46346.0995365175,75282129.30034871,62672960.72143589,113906732.89888817,95197427.37345229,95053450.51866256,0.12490637861392431,0.10398553592307885,0.18899143313787448,0.15794938343388376,0.15771050034565096
29197,106043988.92590663,150000.0,44141.204508306044,11556877.369885711,10816848.092466664,26978656.206636183,23878894.26004571,18966672.051836185,0.10898191860700891,0.10200340634134802,0.25441004699932857,0.22517914029742878,0.17885664471833737
29199,112132102.99441354,170000.0,42513.55856085593,14683343.417645836,10900984.851512184,28875231.416009724,26531665.389409732,19099545.27624486,0.13094682990452222,0.09721555701185124,0.25751083449713147,0.23661078924678286,0.17033075066108772
29201,1132651788.4641664,200000.0,49619.313021845635,224023573.63121992,146047741.05489329,213700331.97523993,156909101.30323997,221428828.95495996,0.19778680077394972,0.12894319555432704,0.18867257717838384,0.13853251537791933,0.1954959425395948
29203,103103543.58212732,150000.0,38867.6281831793,13322052.437768416,12006670.314168414,24420591.3861442,17290178.006883148,24378366.706703145,0.12921042259965304,0.11645254757519055,0.23685501523710417,0.16769722364693146,0.23644547859099055
29205,168198154.4916203,170000.0,42513.55856085593,22025015.126468755,16351477.277268276,43312847.124014586,39797498.084114596,28649317.91436729,0.13094682990452222,0.09721555701185124,0.25751083449713147,0.23661078924678286,0.17033075066108772
29207,387032844.3317535,150000.0,38599.79525239056,38849808.01708108,43010499.55143783,104550431.24420325,79604847.1852973,71209419.55524325,0.10037858178201574,0.1111288103357204,0.27013322712887283,0.2056798236923332,0.18398805320564623
29209,760817485.7223704,180000.0,42069.48472560288,102049452.09365219,102592784.26466087,160734592.59469566,124190404.28801739,180400493.74234438,0.1341313179688026,0.1348454605604293,0.2112656394090149,0.1632328470606887,0.23711402159883357
29211,159065983.38885993,150000.0,44141.204508306044,17335316.054828566,16225272.138699993,40467984.30995427,35818341.39006856,28450008.077754274,0.10898191860700893,0.10200340634134802,0.25441004699932857,0.22517914029742875,0.17885664471833737
29213,1141226228.5835557,180000.0,42069.48472560288,153074178.1404783,153889176.3969913,241101888.8920435,186285606.4320261,270600740.61351657,0.1341313179688026,0.1348454605604293,0.2112656394090149,0.1632328470606887,0.23711402159883355
29215,481659526.3595973,150000.0,39782.39118090715,63309489.406090304,45326612.63375483,155145531.83155093,119436996.75849804,106377705.23145804,0.13144033480368603,0.09410508907886707,0.32210622512575904,0.24796975918073877,0.22085664127825966
29217,411909961.1276611,150000.0,44318.304214894815,34002142.72443529,46921726.70135293,104886833.99685174,84474847.0214894,114915737.20793293,0.082547512644146,0.11391258073220212,0.2546353424173316,0.20508085502527712,0.2789826613887536
29219,860508439.688496,240000.0,47884.151200149456,143565558.76750258,125099937.40940522,231713354.68318412,166989992.79885152,159727050.6650052,0.1668380600886068,0.14537909407918345,0.26927493560326304,0.19405968041324717,0.18561938883809947
29221,481410794.58132684,170000.0,47387.48308428376,61641296.84872456,41219974.96093714,120565851.45827313,99912210.54737142,115392805.47463883,0.1280430300744144,0.08562328768881328,0.2504427669992876,0.20754044502525754,0.23969717084344486
29223,206207087.16425464,150000.0,38867.6281831793,26644104.875536833,24013340.62833683,48841182.7722884,34580356.013766296,48756733.41340629,0.12921042259965304,0.11645254757519055,0.23685501523710417,0.16769722364693146,0.23644547859099055
29225,986268083.3771377,250000.0,51478.95208663465,161649166.731,142356045.9865333,200874553.11651555,161598972.46146664,200518483.0566222,0.1638998254688398,0.14433808452878627,0.20367135112868032,0.16384893233909206,0.20331032346703876
29227,53021994.462953314,150000.0,44141.204508306044,5778438.6849428555,5408424.046233332,13489328.103318091,11939447.130022855,9483336.025918093,0.10898191860700891,0.10200340634134802,0.25441004699932857,0.22517914029742878,0.17885664471833737
29229,240829763.17979866,150000.0,39782.39118090715,31654744.703045152,22663306.316877414,77572765.91577546,59718498.37924902,53188852.61572902,0.13144033480368603,0.09410508907886707,0.32210622512575904,0.24796975918073877,0.22085664127825966
29510,9274100000.62746,165000.0,56751.36499684995,2052401473.1728,1249224285.4017801,738807400.6315601,507204495.69920003,2018401587.78116,0.22130465199145363,0.13470032513314079,0.07966351458163859,0.05469042771426704,0.21763854041304284
30001,228861980.06606323,350000.0,45705.361483037545,28341020.14709999,23136457.220949993,48089882.42953331,35036386.01272499,40787772.51576498,0.12383454927253133,0.10109349405380234,0.21012613111033865,0.15308958701926548,0.17821995817737485
30003,335185424.16942096,260000.0,49973.16949598572,49994584.51582689,34310299.99771152,58930460.783755735,62302195.02846343,64091028.56728842,0.14915500767884496,0.10236214800429157,0.1758145090282001,0.1858738194921403,0.19121066712881085
30005,256929568.0003744,343387.8504672897,51386.73578784749,43854183.431232005,26023404.1160576,46138140.27940799,32005793.823152,58264148.71696,0.17068562319447833,0.10128613969420475,0.1795750510090795,0.12457030178443829,0.22677089745028917
30007,128464784.0001872,343387.8504672897,51386.73578784749,21927091.715616003,13011702.0580288,23069070.139703996,16002896.911576,29132074.35848,0.17068562319447833,0.10128613969420475,0.1795750510090795,0.12457030178443829,0.22677089745028917
30009,321161960.000468,343387.8504672897,51386.73578784749,54817729.28904001,32529255.145072002,57672675.349259995,40007242.27894,72830185.8962,0.17068562319447833,0.10128613969420475,0.1795750510090795,0.12457030178443829,0.22677089745028917
30011,67037084.83388413,260000.0,49973.16949598572,9998916.903165368,6862059.999542297,11786092.156751135,12460439.005692674,12818205.713457672,0.14915500767884496,0.10236214800429157,0.1758145090282001,0.1858738194921403,0.19121066712881085
30013,2663943428.854881,325000.0,54859.34004015935,612314075.5022619,467856955.8454285,253730503.21399996,198353259.04816663,757685933.410357,0.22985250695262338,0.17562570990726364,0.09524620548082292,0.07445851022948731,0.28442268150418454
30015,128464784.0001872,343387.8504672897,51386.73578784749,21927091.715616003,13011702.0580288,23069070.139703996,16002896.911576,29132074.35848,0.17068562319447833,0.10128613969420475,0.1795750510090795,0.12457030178443829,0.22677089745028917
30017,402222509.0033051,260000.0,49973.16949598572,59993501.41899225,41172359.99725381,70716552.94050688,74762634.0341561,76909234.28074609,0.14915500767884496,0.10236214800429157,0.1758145090282001,0.1858738194921403,0.19121066712881082
30019,67037084.83388413,260000.0,49973.16949598572,9998916.903165368,6862059.999542297,11786092.156751135,12460439.005692674,12818205.713457672,0.14915500767884496,0.10236214800429157,0.1758145090282001,0.1858738194921403,0.19121066712881085
30021,201111254.50165236,260000.0,49973.16949598572,29996750.7094961,20586179.998626888,35358276.47025341,37381317.01707802,38454617.140373014,0.14915500767884496,0.10236214800429157,0.17581450902820012,0.1858738194921403,0.19121066712881085
30023,228861980.06606323,350000.0,45705.361483037545,28341020.14709999,23136457.220949993,48089882.42953331,35036386.01272499,40787772.51576498,0.12383454927253133,0.10109349405380234,0.21012613111033865,0.15308958701926548,0.17821995817737485
30025,67037084.83388413,260000.0,49973.16949598572,9998916.903165368,6862059.999542297,11786092.156751135,12460439.005692674,12818205.713457672,0.14915500767884496,0.10236214800429157,0.1758145090282001,0.1858738194921403,0.19121066712881085
30027,192697176.0002808,343387.8504672897,51386.73578784749,32890637.573424,19517553.0870432,34603605.20955599,24004345.367363997,43698111.53772,0.17068562319447833,0.10128613969420475,0.17957505100907947,0.12457030178443829,0.2267708974502892
30029,2885561222.5582323,480000.0,55489.935893566195,612186885.7769144,268222252.4859429,449029804.3464076,330530190.2109562,539089084.1734705,0.2121552233898444,0.09295323571341416,0.15561264160193916,0.11454624065051731,0.18682295837602572
30031,4647538857.57122,600000.0,58304.1305897634,927385585.6652,871358687.6378001,672997391.3894,391232488.0668,859627705.7226,0.19954337426451274,0.18748819845116207,0.14480726509538103,0.08418057385995822,0.18496407067628842
30033,67037084.83388413,260000.0,49973.16949598572,9998916.903165368,6862059.999542297,11786092.156751135,12460439.005692674,12818205.713457672,0.14915500767884496,0.10236214800429157,0.1758145090282001,0.1858738194921403,0.19121066712881085
30035,360695152.8197789,480000.0,55489.935893566195,76523360.72211426,33527781.56074285,56128725.543300934,41316273.77636951,67386135.52168378,0.2121552233898444,0.09295323571341416,0.15561264160193916,0.1145462406505173,0.1868229583760257
30037,64232392.0000936,343387.8504672897,51386.73578784749,10963545.857808001,6505851.0290144,11534535.069851998,8001448.455788,14566037.17924,0.17068562319447833,0.10128613969420475,0.1795750510090795,0.12457030178443829,0.22677089745028917
30039,152574653.3773754,350000.0,45705.361483037545,18894013.431399982,15424304.813966652,32059921.619688857,23357590.675149977,27191848.343843307,0.12383454927253133,0.10109349405380234,0.21012613111033865,0.15308958701926548,0.17821995817737485
30041,385394352.0005616,343387.8504672897,51386.73578784749,65781275.146848,39035106.1740864,69207210.41911198,48008690.73472799,87396223.07544,0.17068562319447833,0.10128613969420475,0.17957505100907947,0.12457030178443829,0.2267708974502892
30043,192697176.0002808,343387.8504672897,51386.73578784749,32890637.573424,19517553.0870432,34603605.20955599,24004345.367363997,43698111.53772,0.17068562319447833,0.10128613969420475,0.17957505100907947,0.12457030178443829,0.2267708974502892
30045,64232392.0000936,343387.8504672897,51386.73578784749,10963545.857808001,6505851.0290144,11534535.069851998,8001448.455788,14566037.17924,0.17068562319447833,0.10128613969420475,0.1795750510090795,0.12457030178443829,0.22677089745028917
30047,1073955619.4478257,450000.0,51804.05496318165,232144837.65484443,183387023.67159998,150227271.4081813,136453811.60021335,248155787.85238224,0.21615868798582358,0.17075847488547843,0.13988219688763365,0.12705721645217619,0.2310670788984479
30049,1811481531.6213188,325000.0,54859.34004015935,416373571.3415381,318142729.97489136,172536742.18551996,134880216.1527533,515226434.7190428,0.2298525069526234,0.17562570990726364,0.09524620548082292,0.0744585102294873,0.28442268150418454
30051,64232392.0000936,343387.8504672897,51386.73578784749,10963545.857808001,6505851.0290144,11534535.069851998,8001448.455788,14566037.17924,0.17068562319447833,0.10128613969420475,0.1795750510090795,0.12457030178443829,0.22677089745028917
30053,541042729.2296683,480000.0,55489.935893566195,114785041.08317137,50291672.34111427,84193088.31495138,61974410.66455426,101079203.28252566,0.2121552233898444,0.09295323571341416,0.15561264160193916,0.11454624065051731,0.1868229583760257
30055,67037084.83388413,260000.0,49973.16949598572,9998916.903165368,6862059.999542297,11786092.156751135,12460439.005692674,12818205.713457672,0.14915500767884496,0.10236214800429157,0.1758145090282001,0.1858738194921403,0.19121066712881085
30057,305149306.7547511,350000.0,45705.361483037545,37788026.8628,30848609.627933335,64119843.239377774,46715181.3503,54383696.68768667,0.12383454927253133,0.10109349405380234,0.21012613111033865,0.15308958701926548,0.17821995817737485
30059,64232392.0000936,343387.8504672897,51386.73578784749,10963545.857808001,6505851.0290144,11534535.069851998,8001448.455788,14566037.17924,0.17068562319447833,0.10128613969420475,0.1795750510090795,0.12457030178443829,0.22677089745028917
30061,214791123.88956493,450000.0,51804.05496318165,46428967.530968845,36677404.73431996,30045454.281636234,27290762.320042644,49631157.5704764,0.21615868798582358,0.17075847488547843,0.13988219688763365,0.12705721645217619,0.2310670788984479
30063,3114471296.398695,450000.0,51804.05496318165,673220029.199049,531822368.64764,435659087.08372587,395716053.64061874,719651784.7719086,0.21615868798582358,0.17075847488547843,0.13988219688763365,0.12705721645217619,0.23106707889844794
30065,134074169.66776825,260000.0,49973.16949598572,19997833.806330737,13724119.999084594,23572184.31350227,24920878.011385348,25636411.426915344,0.14915500767884496,0.10236214800429157,0.1758145090282001,0.1858738194921403,0.19121066712881085
30067,385394352.0005616,343387.8504672897,51386.73578784749,65781275.146848,39035106.1740864,69207210.41911198,48008690.73472799,87396223.07544,0.17068562319447833,0.10128613969420475,0.17957505100907947,0.12457030178443829,0.2267708974502892
30069,64232392.0000936,343387.8504672897,51386.73578784749,10963545.857808001,6505851.0290144,11534535.069851998,8001448.455788,14566037.17924,0.17068562319447833,0.10128613969420475,0.1795750510090795,0.12457030178443829,0.22677089745028917
30071,64232392.0000936,343387.8504672897,51386.73578784749,10963545.857808001,6505851.0290144,11534535.069851998,8001448.455788,14566037.17924,0.17068562319447833,0.10128613969420475,0.1795750510090795,0.12457030178443829,0.22677089745028917
30073,128464784.0001872,343387.8504672897,51386.73578784749,21927091.715616003,13011702.0580288,23069070.139703996,16002896.911576,29132074.35848,0.17068562319447833,0.10128613969420475,0.1795750510090795,0.12457030178443829,0.22677089745028917
30075,67037084.83388413,260000.0,49973.16949598572,9998916.903165368,6862059.999542297,11786092.156751135,12460439.005692674,12818205.713457672,0.14915500767884496,0.10236214800429157,0.1758145090282001,0.1858738194921403,0.19121066712881085
30077,152574653.3773754,350000.0,45705.361483037545,18894013.431399982,15424304.813966652,32059921.619688857,23357590.675149977,27191848.343843307,0.12383454927253133,0.10109349405380234,0.21012613111033865,0.15308958701926548,0.17821995817737485
30079,67037084.83388413,260000.0,49973.16949598572,9998916.903165368,6862059.999542297,11786092.156751135,12460439.005692674,12818205.713457672,0.14915500767884496,0.10236214800429157,0.1758145090282001,0.1858738194921403,0.19121066712881085
30081,991735246.9529411,350000.0,45705.361483037545,122811087.3041,100257981.29078335,208389490.52797776,151824339.388475,176747014.2349817,0.12383454927253133,0.10109349405380234,0.21012613111033865,0.15308958701926548,0.17821995817737485
30083,335185424.16942096,260000.0,49973.16949598572,49994584.51582689,34310299.99771152,58930460.783755735,62302195.02846343,64091028.56728842,0.14915500767884496,0.10236214800429157,0.1758145090282001,0.1858738194921403,0.19121066712881085
30085,201111254.50165236,260000.0,49973.16949598572,29996750.7094961,20586179.998626888,35358276.47025341,37381317.01707802,38454617.140373014,0.14915500767884496,0.10236214800429157,0.17581450902820012,0.1858738194921403,0.19121066712881085
30087,268148339.33553684,260000.0,49973.16949598572,39995667.61266152,27448239.99816922,47144368.6270046,49841756.022770755,51272822.853830755,0.14915500767884496,0.10236214800429157,0.1758145090282001,0.1858738194921403,0.19121066712881085
30089,429582247.77912986,450000.0,51804.05496318165,92857935.06193769,73354809.46863993,60090908.56327247,54581524.64008529,99262315.1409528,0.21615868798582358,0.17075847488547843,0.13988219688763365,0.12705721645217619,0.2310670788984479
30091,134074169.66776825,260000.0,49973.16949598572,19997833.806330737,13724119.999084594,23572184.31350227,24920878.011385348,25636411.426915344,0.14915500767884496,0.10236214800429157,0.1758145090282001,0.1858738194921403,0.19121066712881085
30093,686585940.19819,350000.0,45705.361483037545,85023060.4413,69409371.66285,144269647.2886,105109158.038175,122363317.547295,0.12383454927253133,0.10109349405380234,0.21012613111033865,0.15308958701926548,0.17821995817737485
30095,192697176.0002808,343387.8504672897,51386.73578784749,32890637.573424,19517553.0870432,34603605.20955599,24004345.367363997,43698111.53772,0.17068562319447833,0.10128613969420475,0.17957505100907947,0.12457030178443829,0.2267708974502892
30097,64232392.0000936,343387.8504672897,51386.73578784749,10963545.857808001,6505851.0290144,11534535.069851998,8001448.455788,14566037.17924,0.17068562319447833,0.10128613969420475,0.1795750510090795,0.12457030178443829,0.22677089745028917
30099,192697176.0002808,343387.8504672897,51386.73578784749,32890637.573424,19517553.0870432,34603605.20955599,24004345.367363997,43698111.53772,0.17068562319447833,0.10128613969420475,0.17957505100907947,0.12457030178443829,0.2267708974502892
30101,192697176.0002808,343387.8504672897,51386.73578784749,32890637.573424,19517553.0870432,34603605.20955599,24004345.367363997,43698111.53772,0.17068562319447833,0.10128613969420475,0.17957505100907947,0.12457030178443829,0.2267708974502892
30103,67037084.83388413,260000.0,49973.16949598572,9998916.903165368,6862059.999542297,11786092.156751135,12460439.005692674,12818205.713457672,0.14915500767884496,0.10236214800429157,0.1758145090282001,0.1858738194921403,0.19121066712881085
30105,201111254.50165236,260000.0,49973.16949598572,29996750.7094961,20586179.998626888,35358276.47025341,37381317.01707802,38454617.140373014,0.14915500767884496,0.10236214800429157,0.17581450902820012,0.1858738194921403,0.19121066712881085
30107,64232392.0000936,343387.8504672897,51386.73578784749,10963545.857808001,6505851.0290144,11534535.069851998,8001448.455788,14566037.17924,0.17068562319447833,0.10128613969420475,0.1795750510090795,0.12457030178443829,0.22677089745028917
30109,67037084.83388413,260000.0,49973.16949598572,9998916.903165368,6862059.999542297,11786092.156751135,12460439.005692674,12818205.713457672,0.14915500767884496,0.10236214800429157,0.1758145090282001,0.1858738194921403,0.19121066712881085
30111,3849659972.7009826,292500.0,50861.81160859464,615948673.6040537,320346618.67444307,543515395.8683115,464127536.8745269,616155435.775677,0.16000079954383462,0.08321426332354304,0.14118529940891703,0.12056325497986453,0.16005450874752777
31001,808282403.1659436,185000.0,47102.461950254066,106126176.2699965,70282019.39906119,149414968.72249413,147597944.76132354,152204639.8429059,0.13129838761095527,0.08695230667372578,0.18485490731612356,0.1826069009831222,0.18830626430408343
31003,251630502.58639458,200000.0,46622.64837536937,24254939.048965346,18456444.148246124,61551840.56382682,50425514.58012799,55582825.395772986,0.09639109249339785,0.07334740406485221,0.2446120002589657,0.2003950795385585,0.22089065047544953
31005,64485886.93639128,150000.0,46789.93392569397,5675181.901902843,6285552.763959984,16758536.27183539,15827425.046978248,11364485.001978258,0.08800657277926298,0.09747175797023677,0.25987913120224226,0.2454401389034221,0.17623212677819192
31007,72510096.64719291,158429.05405405405,51842.96765113315,6313574.629508102,4747955.945989184,12729586.018929716,12180942.051318908,12146836.69431026,0.08707166203663473,0.0654799285276224,0.17555604815791565,0.16798959889112863,0.16751924567708462
31009,79754204.91092046,210816.76136363635,47370.73470941949,12746190.952358803,8445386.054331752,16738751.479825266,17479086.469854675,13384276.08330233,0.159818419186742,0.10589267442092393,0.20987923456225552,0.21916194248789164,0.16781906481610062
31011,167753668.39092973,200000.0,46622.64837536937,16169959.365976898,12304296.098830748,41034560.37588455,33617009.72008533,37055216.93051533,0.09639109249339785,0.07334740406485221,0.2446120002589657,0.2003950795385585,0.22089065047544953
31013,217530289.94157875,158429.05405405405,51842.96765113315,18940723.88852431,14243867.837967554,38188758.05678915,36542826.153956726,36440510.08293078,0.08707166203663473,0.0654799285276224,0.17555604815791565,0.16798959889112863,0.16751924567708462
31015,72510096.64719291,158429.05405405405,51842.96765113315,6313574.629508102,4747955.945989184,12729586.018929716,12180942.051318908,12146836.69431026,0.08707166203663473,0.0654799285276224,0.17555604815791565,0.16798959889112863,0.16751924567708462
31017,72510096.64719291,158429.05405405405,51842.96765113315,6313574.629508102,4747955.945989184,12729586.018929716,12180942.051318908,12146836.69431026,0.08707166203663473,0.0654799285276224,0.17555604815791565,0.16798959889112863,0.16751924567708462
31019,987900714.9805977,185000.0,47102.461950254066,129709770.99666238,85900245.93218589,182618295.1052706,180397488.04161766,186027893.14132944,0.13129838761095527,0.08695230667372578,0.18485490731612356,0.18260690098312224,0.18830626430408343
31021,251630502.58639458,200000.0,46622.64837536937,24254939.048965346,18456444.148246124,61551840.56382682,50425514.58012799,55582825.395772986,0.09639109249339785,0.07334740406485221,0.2446120002589657,0.2003950795385585,0.22089065047544953
31023,236762039.6996907,180000.0,48679.742245156114,31454747.062866636,25313774.185522642,55400196.778470874,51185170.886494875,38355123.555119954,0.13285384389644506,0.10691652351715954,0.2339910437025317,0.21618824939765774,0.16199861938919619
31025,740760322.4319792,225000.0,54178.611937484944,134238613.764672,108184145.34296161,174429513.2395536,126653651.8695216,145919207.02223998,0.18121733805066018,0.14604473547906002,0.2354736180616244,0.17097791017438257,0.19698572210667928
31027,167753668.39092973,200000.0,46622.64837536937,16169959.365976898,12304296.098830748,41034560.37588455,33617009.72008533,37055216.93051533,0.09639109249339785,0.07334740406485221,0.2446120002589657,0.2003950795385585,0.22089065047544953
31029,64485886.93639128,150000.0,46789.93392569397,5675181.901902843,6285552.763959984,16758536.27183539,15827425.046978248,11364485.001978258,0.08800657277926298,0.09747175797023677,0.25987913120224226,0.2454401389034221,0.17623212677819192
31031,145020193.29438582,158429.05405405405,51842.96765113315,12627149.259016205,9495911.891978368,25459172.037859432,24361884.102637816,24293673.38862052,0.08707166203663473,0.0654799285276224,0.17555604815791565,0.16798959889112863,0.16751924567708462
31033,217530289.94157875,158429.05405405405,51842.96765113315,18940723.88852431,14243867.837967554,38188758.05678915,36542826.153956726,36440510.08293078,0.08707166203663473,0.0654799285276224,0.17555604815791565,0.16798959889112863,0.16751924567708462
31035,179618311.8146541,185000.0,47102.461950254066,23583594.726665884,15618226.533124706,33203326.382776465,32799543.280294113,33823253.29842353,0.13129838761095527,0.08695230667372578,0.18485490731612356,0.1826069009831222,0.18830626430408343
31037,251630502.58639458,200000.0,46622.64837536937,24254939.048965346,18456444.148246124,61551840.56382682,50425514.58012799,55582825.395772986,0.09639109249339785,0.07334740406485221,0.2446120002589657,0.2003950795385585,0.22089065047544953
31039,251630502.58639458,200000.0,46622.64837536937,24254939.048965346,18456444.148246124,61551840.56382682,50425514.58012799,55582825.395772986,0.09639109249339785,0.07334740406485221,0.2446120002589657,0.2003950795385585,0.22089065047544953
31041,319016819.6436823,210816.76136363635,47370.73470941949,50984763.809435286,33781544.21732705,66955005.91930116,69916345.8794188,53537104.3332094,0.159818419186742,0.1058926744209239,0.20987923456225552,0.21916194248789164,0.16781906481610062
31043,419384170.9773248,200000.0,46622.64837536937,40424898.41494229,30760740.247076906,102586400.93971148,84042524.30021343,92638042.32628842,0.09639109249339783,0.07334740406485221,0.24461200025896568,0.20039507953855853,0.22089065047544953
31045,145020193.29438582,158429.05405405405,51842.96765113315,12627149.259016205,9495911.891978368,25459172.037859432,24361884.102637816,24293673.38862052,0.08707166203663473,0.0654799285276224,0.17555604815791565,0.16798959889112863,0.16751924567708462
31047,451401208.5547401,150000.0,46789.93392569397,39726273.313319996,43998869.34772,117309753.90284802,110791975.328848,79551395.013848,0.08800657277926298,0.09747175797023677,0.25987913120224226,0.2454401389034221,0.17623212677819192
31049,72510096.64719291,158429.05405405405,51842.96765113315,6313574.629508102,4747955.945989184,12729586.018929716,12180942.051318908,12146836.69431026,0.08707166203663473,0.0654799285276224,0.17555604815791565,0.16798959889112863,0.16751924567708462
31051,167753668.39092973,200000.0,46622.64837536937,16169959.365976898,12304296.098830748,41034560.37588455,33617009.72008533,37055216.93051533,0.09639109249339785,0.07334740406485221,0.2446120002589657,0.2003950795385585,0.22089065047544953
31053,1111140483.6479688,225000.0,54178.611937484944,201357920.647008,162276218.0144424,261644269.85933042,189980477.80428243,218878810.53335997,0.18121733805066018,0.14604473547906002,0.2354736180616244,0.17097791017438257,0.19698572210667928
31055,21798355289.608665,243750.0,63330.974156415294,5990814697.991,3880696781.5612,2209395049.698484,1904915988.803304,4088692339.3963604,0.274828748242618,0.17802704516019788,0.10135604362553484,0.08738806040616204,0.18756884568008905
31057,64485886.93639128,150000.0,46789.93392569397,5675181.901902843,6285552.763959984,16758536.27183539,15827425.046978248,11364485.001978258,0.08800657277926298,0.09747175797023677,0.25987913120224226,0.2454401389034221,0.17623212677819192
31059,157841359.7997938,180000.0,48679.742245156114,20969831.375244424,16875849.457015093,36933464.518980585,34123447.25766325,25570082.37007997,0.13285384389644506,0.10691652351715952,0.2339910437025317,0.2161882493976577,0.1619986193891962
31061,179618311.8146541,185000.0,47102.461950254066,23583594.726665884,15618226.533124706,33203326.382776465,32799543.280294113,33823253.29842353,0.13129838761095527,0.08695230667372578,0.18485490731612356,0.1826069009831222,0.18830626430408343
31063,64485886.93639128,150000.0,46789.93392569397,5675181.901902843,6285552.763959984,16758536.27183539,15827425.046978248,11364485.001978258,0.08800657277926298,0.09747175797023677,0.25987913120224226,0.2454401389034221,0.17623212677819192
31065,64485886.93639128,150000.0,46789.93392569397,5675181.901902843,6285552.763959984,16758536.27183539,15827425.046978248,11364485.001978258,0.08800657277926298,0.09747175797023677,0.25987913120224226,0.2454401389034221,0.17623212677819192
31067,552444759.2992787,180000.0,48679.742245156114,73394409.81335554,59065473.09955288,129267125.81643215,119432065.40182146,89495288.29527996,0.13285384389644506,0.10691652351715954,0.2339910437025317,0.21618824939765774,0.1619986193891962
31069,72510096.64719291,158429.05405405405,51842.96765113315,6313574.629508102,4747955.945989184,12729586.018929716,12180942.051318908,12146836.69431026,0.08707166203663473,0.0654799285276224,0.17555604815791565,0.16798959889112863,0.16751924567708462
31071,79754204.91092046,210816.76136363635,47370.73470941949,12746190.952358803,8445386.054331752,16738751.479825266,17479086.469854675,13384276.08330233,0.159818419186742,0.10589267442092393,0.20987923456225552,0.21916194248789164,0.16781906481610062
31073,64485886.93639128,150000.0,46789.93392569397,5675181.901902843,6285552.763959984,16758536.27183539,15827425.046978248,11364485.001978258,0.08800657277926298,0.09747175797023677,0.25987913120224226,0.2454401389034221,0.17623212677819192
31075,64485886.93639128,150000.0,46789.93392569397,5675181.901902843,6285552.763959984,16758536.27183539,15827425.046978248,11364485.001978258,0.08800657277926298,0.09747175797023677,0.25987913120224226,0.2454401389034221,0.17623212677819192
31077,79754204.91092046,210816.76136363635,47370.73470941949,12746190.952358803,8445386.054331752,16738751.479825266,17479086.469854675,13384276.08330233,0.159818419186742,0.10589267442092393,0.20987923456225552,0.21916194248789164,0.16781906481610062
31079,1116558868.7528882,210816.76136363635,47370.73470941949,178446673.33302352,118235404.7606447,234342520.7175541,244707210.57796586,187379865.16623294,0.159818419186742,0.10589267442092391,0.20987923456225552,0.21916194248789167,0.16781906481610062
31081,239262614.7327616,210816.76136363635,47370.73470941949,38238572.857076444,25336158.162995275,50216254.43947584,52437259.40956408,40152828.24990703,0.159818419186742,0.10589267442092391,0.20987923456225552,0.21916194248789167,0.16781906481610062
31083,89809155.9073269,185000.0,47102.461950254066,11791797.363332922,7809113.26656234,16601663.191388207,16399771.64014703,16911626.649211735,0.13129838761095527,0.08695230667372578,0.18485490731612356,0.1826069009831222,0.1883062643040834
31085,64485886.93639128,150000.0,46789.93392569397,5675181.901902843,6285552.763959984,16758536.27183539,15827425.046978248,11364485.001978258,0.08800657277926298,0.09747175797023677,0.25987913120224226,0.2454401389034221,0.17623212677819192
31087,64485886.93639128,150000.0,46789.93392569397,5675181.901902843,6285552.763959984,16758536.27183539,15827425.046978248,11364485.001978258,0.08800657277926298,0.09747175797023677,0.25987913120224226,0.2454401389034221,0.17623212677819192
31089,290040386.5887719,158429.05405405405,51842.96765113315,25254298.518032428,18991823.78395675,50918344.07571891,48723768.20527567,48587346.77724107,0.08707166203663473,0.0654799285276224,0.17555604815791565,0.16798959889112863,0.16751924567708462
31091,64485886.93639128,150000.0,46789.93392569397,5675181.901902843,6285552.763959984,16758536.27183539,15827425.046978248,11364485.001978258,0.08800657277926298,0.09747175797023677,0.25987913120224226,0.2454401389034221,0.17623212677819192
31093,159508409.82184115,210816.76136363635,47370.73470941949,25492381.904717643,16890772.108663525,33477502.95965058,34958172.9397094,26768552.1666047,0.159818419186742,0.1058926744209239,0.20987923456225552,0.21916194248789164,0.16781906481610062
31095,236762039.6996907,180000.0,48679.742245156114,31454747.062866636,25313774.185522642,55400196.778470874,51185170.886494875,38355123.555119954,0.13285384389644506,0.10691652351715954,0.2339910437025317,0.21618824939765774,0.16199861938919619
31097,157841359.7997938,180000.0,48679.742245156114,20969831.375244424,16875849.457015093,36933464.518980585,34123447.25766325,25570082.37007997,0.13285384389644506,0.10691652351715952,0.2339910437025317,0.2161882493976577,0.1619986193891962
31099,179618311.8146541,185000.0,47102.461950254066,23583594.726665884,15618226.533124706,33203326.382776465,32799543.280294113,33823253.29842353,0.13129838761095527,0.08695230667372578,0.18485490731612356,0.1826069009831222,0.18830626430408343
31101,193457660.80917427,150000.0,46789.93392569397,17025545.705708567,18856658.291879993,50275608.81550628,47482275.14093485,34093455.00593485,0.08800657277926298,0.09747175797023677,0.25987913120224226,0.2454401389034221,0.17623212677819192
31103,72510096.64719291,158429.05405405405,51842.96765113315,6313574.629508102,4747955.945989184,12729586.018929716,12180942.051318908,12146836.69431026,0.08707166203663473,0.0654799285276224,0.17555604815791565,0.16798959889112863,0.16751924567708462
31105,72510096.64719291,158429.05405405405,51842.96765113315,6313574.629508102,4747955.945989184,12729586.018929716,12180942.051318908,12146836.69431026,0.08707166203663473,0.0654799285276224,0.17555604815791565,0.16798959889112863,0.16751924567708462
31107,251630502.58639458,200000.0,46622.64837536937,24254939.048965346,18456444.148246124,61551840.56382682,50425514.58012799,55582825.395772986,0.09639109249339785,0.07334740406485221,0.2446120002589657,0.2003950795385585,0.22089065047544953
31109,10628592414.96036,254100.44642857142,57021.468432313224,2733686526.3842,1458295628.43536,1152321668.68714,901653787.3499601,1804120028.59412,0.25720118145996246,0.13720496294342083,0.10841714722875068,0.08483285012235771,0.16974214064834367
31111,515887095.49113137,150000.0,46789.93392569397,45401455.21522284,50284422.11167998,134068290.1746834,126619400.37582625,90915880.01582626,0.08800657277926298,0.09747175797023676,0.25987913120224226,0.2454401389034221,0.17623212677819192
31113,64485886.93639128,150000.0,46789.93392569397,5675181.901902843,6285552.763959984,16758536.27183539,15827425.046978248,11364485.001978258,0.08800657277926298,0.09747175797023677,0.25987913120224226,0.2454401389034221,0.17623212677819192
31115,79754204.91092046,210816.76136363635,47370.73470941949,12746190.952358803,8445386.054331752,16738751.479825266,17479086.469854675,13384276.08330233,0.159818419186742,0.10589267442092393,0.20987923456225552,0.21916194248789164,0.16781906481610062
31117,64485886.93639128,150000.0,46789.93392569397,5675181.901902843,6285552.763959984,16758536.27183539,15827425.046978248,11364485.001978258,0.08800657277926298,0.09747175797023677,0.25987913120224226,0.2454401389034221,0.17623212677819192
31119,754891507.7591846,200000.0,46622.64837536937,72764817.14689612,55369332.44473843,184655521.69148067,151276543.74038416,166748476.18731916,0.09639109249339785,0.07334740406485221,0.2446120002589657,0.2003950795385585,0.22089065047544956
31121,239262614.7327616,210816.76136363635,47370.73470941949,38238572.857076444,25336158.162995275,50216254.43947584,52437259.40956408,40152828.24990703,0.159818419186742,0.10589267442092391,0.20987923456225552,0.21916194248789167,0.16781906481610062
31123,72510096.64719291,158429.05405405405,51842.96765113315,6313574.629508102,4747955.945989184,12729586.018929716,12180942.051318908,12146836.69431026,0.08707166203663473,0.0654799285276224,0.17555604815791565,0.16798959889112863,0.16751924567708462
31125,83876834.19546486,200000.0,46622.64837536937,8084979.682988449,6152148.049415374,20517280.187942274,16808504.860042665,18527608.465257663,0.09639109249339785,0.07334740406485221,0.2446120002589657,0.2003950795385585,0.22089065047544953
31127,157841359.7997938,180000.0,48679.742245156114,20969831.375244424,16875849.457015093,36933464.518980585,34123447.25766325,25570082.37007997,0.13285384389644506,0.10691652351715952,0.2339910437025317,0.2161882493976577,0.1619986193891962
31129,179618311.8146541,185000.0,47102.461950254066,23583594.726665884,15618226.533124706,33203326.382776465,32799543.280294113,33823253.29842353,0.13129838761095527,0.08695230667372578,0.18485490731612356,0.1826069009831222,0.18830626430408343
31131,394603399.4994849,180000.0,48679.742245156114,52424578.43811111,42189623.64253778,92333661.29745156,85308618.14415821,63925205.92519999,0.13285384389644506,0.10691652351715955,0.23399104370253174,0.21618824939765774,0.1619986193891962
31133,78920679.8998969,180000.0,48679.742245156114,10484915.687622212,8437924.728507547,18466732.259490293,17061723.628831625,12785041.185039986,0.13285384389644506,0.10691652351715952,0.2339910437025317,0.2161882493976577,0.1619986193891962
31135,64485886.93639128,150000.0,46789.93392569397,5675181.901902843,6285552.763959984,16758536.27183539,15827425.046978248,11364485.001978258,0.08800657277926298,0.09747175797023677,0.25987913120224226,0.2454401389034221,0.17623212677819192
31137,269427467.721981,185000.0,47102.461950254066,35375392.089998804,23427339.799687043,49804989.574164666,49199314.920441136,50734879.947635256,0.13129838761095527,0.08695230667372578,0.18485490731612356,0.1826069009831222,0.18830626430408343
31139,167753668.39092973,200000.0,46622.64837536937,16169959.365976898,12304296.098830748,41034560.37588455,33617009.72008533,37055216.93051533,0.09639109249339785,0.07334740406485221,0.2446120002589657,0.2003950795385585,0.22089065047544953
31141,671014673.5637197,200000.0,46622.64837536937,64679837.463907674,49217184.39532306,164138241.5035384,134468038.8803415,148220867.72206149,0.09639109249339785,0.07334740406485221,0.2446120002589657,0.2003950795385585,0.22089065047544953
31143,157841359.7997938,180000.0,48679.742245156114,20969831.375244424,16875849.457015093,36933464.518980585,34123447.25766325,25570082.37007997,0.13285384389644506,0.10691652351715952,0.2339910437025317,0.2161882493976577,0.1619986193891962
31145,193457660.80917427,150000.0,46789.93392569397,17025545.705708567,18856658.291879993,50275608.81550628,47482275.14093485,34093455.00593485,0.08800657277926298,0.09747175797023677,0.25987913120224226,0.2454401389034221,0.17623212677819192
31147,236762039.6996907,180000.0,48679.742245156114,31454747.062866636,25313774.185522642,55400196.778470874,51185170.886494875,38355123.555119954,0.13285384389644506,0.10691652351715954,0.2339910437025317,0.21618824939765774,0.16199861938919619
31149,72510096.64719291,158429.05405405405,51842.96765113315,6313574.629508102,4747955.945989184,12729586.018929716,12180942.051318908,12146836.69431026,0.08707166203663473,0.0654799285276224,0.17555604815791565,0.16798959889112863,0.16751924567708462
31151,394603399.4994849,180000.0,48679.742245156114,52424578.43811111,42189623.64253778,92333661.29745156,85308618.14415821,63925205.92519999,0.13285384389644506,0.10691652351715955,0.23399104370253174,0.21618824939765774,0.1619986193891962
31153,7183778095.7892,300000.0,63012.83361071181,1333707042.0838,1331561772.3082001,823823701.66852,635166952.5778,1490982272.6912,0.18565537859048817,0.18535675163584192,0.11467833369622142,0.08841683917688183,0.20754848671691922
31155,617300268.693316,225000.0,54178.611937484944,111865511.47056,90153454.45246801,145357927.699628,105544709.89126801,121599339.18519999,0.18121733805066018,0.14604473547906002,0.2354736180616244,0.17097791017438257,0.19698572210667928
31157,797611063.1191229,158429.05405405405,51842.96765113315,69449320.9245892,52227515.405881085,140025446.20822704,133990362.56450813,133615203.637413,0.08707166203663473,0.0654799285276224,0.17555604815791565,0.16798959889112863,0.16751924567708462
31159,315682719.5995876,180000.0,48679.742245156114,41939662.75048885,33751698.91403019,73866929.03796117,68246894.5153265,51140164.74015994,0.13285384389644506,0.10691652351715952,0.2339910437025317,0.2161882493976577,0.1619986193891962
31161,145020193.29438582,158429.05405405405,51842.96765113315,12627149.259016205,9495911.891978368,25459172.037859432,24361884.102637816,24293673.38862052,0.08707166203663473,0.0654799285276224,0.17555604815791565,0.16798959889112863,0.16751924567708462
31163,79754204.91092046,210816.76136363635,47370.73470941949,12746190.952358803,8445386.054331752,16738751.479825266,17479086.469854675,13384276.08330233,0.159818419186742,0.10589267442092393,0.20987923456225552,0.21916194248789164,0.16781906481610062
31165,72510096.64719291,158429.05405405405,51842.96765113315,6313574.629508102,4747955.945989184,12729586.018929716,12180942.051318908,12146836.69431026,0.08707166203663473,0.0654799285276224,0.17555604815791565,0.16798959889112863,0.16751924567708462
31167,167753668.39092973,200000.0,46622.64837536937,16169959.365976898,12304296.098830748,41034560.37588455,33617009.72008533,37055216.93051533,0.09639109249339785,0.07334740406485221,0.2446120002589657,0.2003950795385585,0.22089065047544953
31169,157841359.7997938,180000.0,48679.742245156114,20969831.375244424,16875849.457015093,36933464.518980585,34123447.25766325,25570082.37007997,0.13285384389644506,0.10691652351715952,0.2339910437025317,0.2161882493976577,0.1619986193891962
31171,64485886.93639128,150000.0,46789.93392569397,5675181.901902843,6285552.763959984,16758536.27183539,15827425.046978248,11364485.001978258,0.08800657277926298,0.09747175797023677,0.25987913120224226,0.2454401389034221,0.17623212677819192
31173,167753668.39092973,200000.0,46622.64837536937,16169959.365976898,12304296.098830748,41034560.37588455,33617009.72008533,37055216.93051533,0.09639109249339785,0.07334740406485221,0.2446120002589657,0.2003950795385585,0.22089065047544953
31175,159508409.82184115,210816.76136363635,47370.73470941949,25492381.904717643,16890772.108663525,33477502.95965058,34958172.9397094,26768552.1666047,0.159818419186742,0.1058926744209239,0.20987923456225552,0.21916194248789164,0.16781906481610062
31177,617300268.693316,225000.0,54178.611937484944,111865511.47056,90153454.45246801,145357927.699628,105544709.89126801,121599339.18519999,0.18121733805066018,0.14604473547906002,0.2354736180616244,0.17097791017438257,0.19698572210667928
31179,167753668.39092973,200000.0,46622.64837536937,16169959.365976898,12304296.098830748,41034560.37588455,33617009.72008533,37055216.93051533,0.09639109249339785,0.07334740406485221,0.2446120002589657,0.2003950795385585,0.22089065047544953
31181,179618311.8146541,185000.0,47102.461950254066,23583594.726665884,15618226.533124706,33203326.382776465,32799543.280294113,33823253.29842353,0.13129838761095527,0.08695230667372578,0.18485490731612356,0.1826069009831222,0.18830626430408343
31183,79754204.91092046,210816.76136363635,47370.73470941949,12746190.952358803,8445386.054331752,16738751.479825266,17479086.469854675,13384276.08330233,0.159818419186742,0.10589267442092393,0.20987923456225552,0.21916194248789164,0.16781906481610062
31185,315682719.5995876,180000.0,48679.742245156114,41939662.75048885,33751698.91403019,73866929.03796117,68246894.5153265,51140164.74015994,0.13285384389644506,0.10691652351715952,0.2339910437025317,0.2161882493976577,0.1619986193891962
32001,593713911.8102992,280000.0,56734.69859591319,61790282.36930369,52713855.34263332,155553943.06246924,109897662.37091182,66764735.36286295,0.10407416962977725,0.0887866265115853,0.2620015127962357,0.18510205030537644,0.112452704972484
32003,68977567792.41414,413591.6295733362,58058.70329801223,11824148069.8109,9210035548.933819,9583686336.94364,10066484907.29142,12047461171.93346,0.17142019424916966,0.13352218472897068,0.13893917462827116,0.14593853087986802,0.1746576685363845
32005,1539405585.08424,400000.0,55287.459209787026,204619913.34680003,207283743.96113333,266420069.93673334,182192134.98202667,291082941.01129997,0.13292137908906101,0.13465180714528216,0.17306684639717881,0.11835226320297954,0.1890878816029313
32007,1272244096.7363558,280000.0,56734.69859591319,132407747.93422224,112958261.4485,333329877.9910056,235494990.79481113,143067290.0632778,0.10407416962977725,0.0887866265115853,0.2620015127962357,0.18510205030537644,0.112452704972484
32009,84816273.11575696,280000.0,56734.69859591319,8827183.195614805,7530550.763233326,22221991.86606702,15699666.052987391,9537819.337551843,0.10407416962977725,0.0887866265115853,0.2620015127962357,0.18510205030537644,0.112452704972484
32011,84816273.11575696,280000.0,56734.69859591319,8827183.195614805,7530550.763233326,22221991.86606702,15699666.052987391,9537819.337551843,0.10407416962977725,0.0887866265115853,0.2620015127962357,0.18510205030537644,0.112452704972484
32013,424081365.5787848,280000.0,56734.69859591319,44135915.97807403,37652753.81616663,111109959.3303351,78498330.26493697,47689096.68775922,0.10407416962977725,0.0887866265115853,0.2620015127962357,0.18510205030537644,0.112452704972484
32015,169632546.23151392,280000.0,56734.69859591319,17654366.39122961,15061101.526466653,44443983.73213404,31399332.105974782,19075638.675103687,0.10407416962977725,0.0887866265115853,0.2620015127962357,0.18510205030537644,0.112452704972484
32017,169632546.23151392,280000.0,56734.69859591319,17654366.39122961,15061101.526466653,44443983.73213404,31399332.105974782,19075638.675103687,0.10407416962977725,0.0887866265115853,0.2620015127962357,0.18510205030537644,0.112452704972484
32019,1629958854.7950776,400000.0,55287.459209787026,216656378.83778825,219476905.37061176,282091838.7565412,192909319.3927341,308205466.95314115,0.13292137908906101,0.13465180714528216,0.17306684639717881,0.11835226320297954,0.18908788160293133
32021,169632546.23151392,280000.0,56734.69859591319,17654366.39122961,15061101.526466653,44443983.73213404,31399332.105974782,19075638.675103687,0.10407416962977725,0.0887866265115853,0.2620015127962357,0.18510205030537644,0.112452704972484
32023,1272244096.7363558,280000.0,56734.69859591319,132407747.93422224,112958261.4485,333329877.9910056,235494990.79481113,143067290.0632778,0.10407416962977725,0.0887866265115853,0.2620015127962357,0.18510205030537644,0.112452704972484
32027,84816273.11575696,280000.0,56734.69859591319,8827183.195614805,7530550.763233326,22221991.86606702,15699666.052987391,9537819.337551843,0.10407416962977725,0.0887866265115853,0.2620015127962357,0.18510205030537644,0.112452704972484
32029,90553269.71083765,400000.0,55287.459209787026,12036465.490988238,12193161.409478432,15671768.819807844,10717184.410707451,17122525.941841178,0.13292137908906101,0.13465180714528216,0.17306684639717881,0.11835226320297954,0.18908788160293133
32031,16928225589.09066,500000.0,65064.06674258345,3421492110.8682,2145305764.5853999,2318562847.21382,1991553274.5233998,3103961088.7804003,0.20211758715415332,0.1267295118023436,0.13696431649091503,0.1176469006773427,0.1833600971610833
32033,254448819.34727085,280000.0,56734.69859591319,26481549.586844414,22591652.289699975,66665975.598201044,47098998.15896217,28613458.012655526,0.10407416962977725,0.0887866265115853,0.2620015127962357,0.18510205030537644,0.112452704972484
32510,1358299045.6625645,400000.0,55287.459209787026,180546982.36482355,182897421.14217645,235076532.29711762,160757766.16061175,256837889.12761763,0.13292137908906101,0.13465180714528216,0.17306684639717881,0.11835226320297954,0.18908788160293133
33001,1816639941.210351,350000.0,60820.537341676754,279944728.70811427,233947047.71485707,254240859.36025706,221707134.0656914,455093068.2024342,0.15410028281201327,0.12878008592004642,0.13995115575344394,0.12204241965415406,0.25051363117075626
33003,1917564382.3887043,350000.0,60820.537341676754,295497213.6363429,246944105.9212381,268365351.5469381,234024197.06934097,480376016.4359029,0.15410028281201327,0.12878008592004642,0.13995115575344394,0.12204241965415405,0.25051363117075626
33005,2400464438.847782,350000.0,60434.96834426827,505359234.91520685,284624978.96459174,302217798.44737244,230377528.6702635,494591930.9444731,0.21052560776854426,0.11857079586699111,0.12589971905288308,0.09597206479794561,0.20604009913259794
33007,1179990947.1831713,300000.0,60364.81845822831,190141481.310264,147131477.134356,178586780.58217922,136096061.78246322,186571484.066528,0.16113808479985578,0.12468864908292945,0.15134589041423976,0.11533653042622613,0.15811264019601526
33009,3003613320.1026177,300000.0,60364.81845822831,483996497.880672,374516487.251088,454584532.39100164,346426339.0826336,474909232.169344,0.16113808479985578,0.12468864908292948,0.15134589041423976,0.11533653042622612,0.15811264019601526
33011,17904778968.218002,410000.0,69744.1302518717,3723992216.7061806,3679098156.150871,1922567231.7826526,1460446524.412254,3312518740.5506315,0.2079887287810968,0.20548135012900626,0.10737732284745422,0.08156741432020075,0.18500751930144127
33013,5759129528.014677,391666.6666666667,68058.3660635117,905910724.771249,881017658.3659735,774944370.8291421,600044011.1557288,1129419007.8801203,0.15729993922945162,0.15297757310030208,0.13455928835417003,0.10419005306911021,0.19610932561703653
33015,14218702730.928051,418396.6244725738,70937.79471082009,3055376872.8706064,2969062220.2120657,1671038233.758069,1060994268.0408498,2516404126.472629,0.21488436256738472,0.20881386132040441,0.11752395878727263,0.0746196251598263,0.17697846098146705
33017,4331396353.458977,355189.8734177214,56230.201469957494,747168651.2628,577903781.1977829,543400792.8022286,354594943.5733714,1025086956.8650286,0.17250064189256756,0.1334220500823664,0.12545626132050425,0.08186619617255718,0.2366643163575673
33019,1179990947.1831713,300000.0,60364.81845822831,190141481.310264,147131477.134356,178586780.58217922,136096061.78246322,186571484.066528,0.16113808479985578,0.12468864908292945,0.15134589041423976,0.11533653042622613,0.15811264019601526
34001,8778462590.507507,342061.9658119658,66709.29378246625,1777513147.1183946,1214926495.1972675,991821502.875321,895400196.1997546,1755316958.4211686,0.20248570051895973,0.13839855016424116,0.11298350851865749,0.10199965961784534,0.19995721805766548
34003,46588978377.5858,560639.6906744104,91786.50671160217,13360065292.4967,8701475216.63678,3250392022.47238,2835975012.00852,9342133741.7505,0.2867645043473264,0.18677111024231227,0.06976740284213145,0.06087223010180714,0.2005223996550448
34005,18341037562.94382,365985.2262234534,69020.52121134492,4250988573.8115997,3481034735.1571603,1725198548.89368,1624167883.40668,3648110204.88172,0.23177470517809115,0.1897948642878434,0.09406221120114089,0.08855376244843118,0.1989042436864287
34007,17391542444.85594,313160.21126760566,63232.60864582544,3884150663.86088,2773150997.6703,2531464315.4698,2033290720.4097798,3530172464.59352,0.22333560557820054,0.15945399934843277,0.14555720537706274,0.116912615822134,0.2029821377710907
34009,3501250623.664093,400000.0,76430.91465779525,748484614.7872055,514865481.85023254,386238018.17931896,239220692.7280054,750021331.5131513,0.21377636028920116,0.14705187865455366,0.11031430185797927,0.06832435562058069,0.21421526538087315
34011,3131121379.230432,257689.3063583815,46109.53921324921,327250833.90984863,334949707.5541243,697521279.3821465,578531247.7234275,591693586.343454,0.10451553749419974,0.10697436061595553,0.22277043745700573,0.18476806793916725,0.1889717818888518
34013,34822170202.25378,487110.57036812603,82249.51601597022,10675360030.1214,6420812431.11878,3599714337.91324,3397781802.64818,6710668616.706221,0.30656791257170024,0.1843886349938985,0.10337421007953886,0.09757524539433407,0.1927125327838381
34015,11170535120.79162,337500.0,65035.62433209186,2053631113.8326,1599436629.8614597,1629010022.9766,1224633602.9984,2291916500.47186,0.18384357522946188,0.1431835281448999,0.14583097455595817,0.1096307016410521,0.2051751751987186
34017,33294490791.03785,506255.1724137931,81618.25685588678,9100323697.872,7635387871.219272,2594360460.70652,2486450189.70732,6809589200.061872,0.27332821381733247,0.2293288676237857,0.07792161402885504,0.0746805291395722,0.20452600530220047
34019,6895695769.56996,500000.0,96363.78051076678,1867666646.7052,1163528179.9576,669115372.7008,392509638.2654,1844463232.6396,0.2708452793040889,0.16873252806368544,0.09703377223420175,0.05692096220333663,0.2674803666337831
34021,15325492572.07016,425000.0,76673.85844908525,3714977087.2633996,2911915645.37092,1176990629.68256,904868409.1654,3175995663.21976,0.24240506918738353,0.19000470175279854,0.07679953020417488,0.05904334917198494,0.207236122968591
34023,34569621208.2548,457438.7755102041,74030.91128346616,6500547129.35192,8454681116.282761,3271911029.6791,3004219104.24058,7781465772.3353195,0.18804218565749484,0.24456967767595578,0.09464700263761663,0.08690344294322813,0.22509548847695218
34025,30591142965.0726,549213.3956386292,89140.58959630282,9573325159.02288,6954418375.14116,2560453341.2577,2055908166.50488,5413586229.49542,0.3129443437256729,0.22733437528245867,0.08369917214865408,0.06720599386731678,0.17696580463424905
34027,28384621414.6229,543750.0,98017.96328606423,8371564850.16168,6008457824.00748,1964538280.2678201,1406596349.82882,6295268474.83978,0.29493311634760444,0.2116800409714855,0.06921136102438025,0.049554874425916565,0.2217844790981305
34029,19249245393.12304,408000.0,64532.601289525606,3993777874.53834,3298060422.56714,2610409182.91316,1803944396.22826,4577120392.479919,0.20747711367247426,0.17133453053413725,0.13561098783881426,0.09371507087092021,0.23778180905289595
34031,15373256184.95094,439343.925137877,61315.34644782828,2548440462.6155,2287145900.48,2236076429.11796,1976128446.35686,3352360501.78686,0.16577102677246724,0.14877433075752122,0.14545236235033157,0.12854325866834349,0.2180644400545751
34033,1825787401.571108,255378.612716763,49703.22176222713,230887761.55135134,214462017.73067567,428769178.9435135,366951669.4224325,437322039.4409459,0.1264592807205648,0.11746275472496359,0.23484069315767728,0.20098269333366356,0.23952517092878722
34035,19738868453.83994,510000.0,99711.66795115864,4880905314.5448,3513127612.1298,1097132579.9666,978957026.90972,4519466812.702801,0.24727381541444354,0.17798019275245572,0.05558234417197137,0.04959539748689478,0.22896281128129195
34037,6170040477.38416,375000.0,74156.4664421254,1216952044.6274002,892576896.2538002,665856585.3656,496201041.8288,1276027994.74704,0.19723566629555356,0.14466305359348558,0.10791770131918088,0.08042103510464628,0.20681031176768272
34039,24076477356.74826,488801.84049079753,79902.73539941698,6329161626.891999,3952620391.66144,3159073825.79792,2796426940.24642,4823837284.7358,0.2628773941100663,0.1641693813050098,0.1312099680941274,0.11614767803491091,0.2003547783697582
34041,4291241550.51408,375000.0,66336.4953935612,822948873.66308,673289279.3928,604292685.0802,484251781.1098,827614228.8118,0.1917740737676472,0.1568984806534933,0.1408200116369136,0.1128465446210521,0.19286125450399172
35001,18969145296.68065,276662.7338435374,53918.44579734542,3086428338.331395,2980599923.088195,2046429485.403956,1754023138.662396,3566303101.82444,0.16270782315487242,0.1571288466860845,0.10788200803976414,0.09246716766776661,0.18800547130863593
35003,93906189.1331461,150000.0,39726.736137385706,7751829.902655728,9731209.057586873,16934811.70762752,14056129.429892441,15950635.215530472,0.08254865812587385,0.1036269190286207,0.18033754605477897,0.14968267331094415,0.1698571240380616
35005,1190700509.1121864,173060.3448275861,43616.34102593429,106593055.95954348,94699450.72816348,299636685.50631386,253768042.0883943,164047729.10466957,0.08952129871769493,0.07953255247935818,0.25164739849631024,0.21312499671106178,0.1377741319914168
35006,331401704.661525,100000.0,42519.082927056224,29649890.099474996,25844876.879812498,59053782.61232624,33925264.95762375,62038963.813462496,0.08946812790162839,0.07798655382961592,0.17819396153269773,0.10236901162676004,0.18720170397682653
35007,210123619.25509164,173060.3448275861,43616.34102593429,18810539.286978252,16711667.775558254,52877062.14817301,44782595.662657805,28949599.253765203,0.08952129871769493,0.07953255247935818,0.25164739849631024,0.21312499671106178,0.1377741319914168
35009,980576889.8570946,173060.3448275861,43616.34102593429,87782516.6725652,77987782.9526052,246759623.3581408,208985446.4257365,135098129.85090435,0.08952129871769493,0.07953255247935817,0.25164739849631024,0.21312499671106178,0.1377741319914168
35011,70041206.41836388,173060.3448275861,43616.34102593429,6270179.762326085,5570555.925186085,17625687.382724337,14927531.887552602,9649866.417921735,0.08952129871769493,0.07953255247935818,0.25164739849631024,0.21312499671106178,0.1377741319914168
35013,4418855974.53302,212500.0,42030.087573871875,545285837.8906,476745987.64199996,751667641.46428,537988393.12128,828205855.1072,0.1233997761034122,0.10788900801239217,0.1701045804154582,0.12174834306024966,0.1874254014795592
35015,1501762591.563352,200000.0,56082.15769919098,153514922.63539353,95778365.27488387,316387400.46379733,269224928.61237156,193692377.39095482,0.10222316330012104,0.06377730129445926,0.21067737486684524,0.17927262945876507,0.12897669610302306
35017,469530945.66573083,150000.0,39726.736137385706,38759149.51327866,48656045.28793439,84674058.53813766,70280647.14946225,79753176.07765241,0.08254865812587385,0.1036269190286207,0.18033754605477897,0.14968267331094415,0.1698571240380616
35019,70041206.41836388,173060.3448275861,43616.34102593429,6270179.762326085,5570555.925186085,17625687.382724337,14927531.887552602,9649866.417921735,0.08952129871769493,0.07953255247935818,0.25164739849631024,0.21312499671106178,0.1377741319914168
35021,70041206.41836388,173060.3448275861,43616.34102593429,6270179.762326085,5570555.925186085,17625687.382724337,14927531.887552602,9649866.417921735,0.08952129871769493,0.07953255247935818,0.25164739849631024,0.21312499671106178,0.1377741319914168
35023,93906189.1331461,150000.0,39726.736137385706,7751829.902655728,9731209.057586873,16934811.70762752,14056129.429892441,15950635.215530472,0.08254865812587385,0.1036269190286207,0.18033754605477897,0.14968267331094415,0.1698571240380616
35025,2079363588.3184881,200000.0,56082.15769919098,212559123.6490065,132616198.07291616,438074862.18064255,372772978.0786684,268189445.6182452,0.10222316330012104,0.06377730129445926,0.21067737486684524,0.17927262945876507,0.12897669610302306
35027,422577851.09915775,150000.0,39726.736137385706,34883234.561950795,43790440.75914095,76206652.68432389,63252582.43451603,71777858.46988717,0.08254865812587385,0.1036269190286207,0.18033754605477897,0.14968267331094415,0.1698571240380616
35028,351084892.0513448,250000.0,53894.73839512322,46803977.234918915,40347157.01986594,56945723.4699027,50491667.52635675,63170792.36410377,0.1333124218517327,0.11492137068081335,0.1621992992554479,0.14381612159765775,0.1799302499033917
35029,328671661.96601164,150000.0,39726.736137385706,27131404.65929507,34059231.70155408,59271840.97669637,49196453.004623584,55827223.2543567,0.08254865812587385,0.1036269190286207,0.18033754605477897,0.14968267331094415,0.1698571240380616
35031,1215139583.7589252,100000.0,42519.082927056224,108716263.69807501,94764548.55931251,216530536.24519625,124392638.17795375,227476200.64936253,0.08946812790162839,0.07798655382961592,0.17819396153269773,0.10236901162676003,0.18720170397682653
35033,175542446.02567226,250000.0,53894.73839512322,23401988.61745944,20173578.509932954,28472861.734951325,25245833.763178352,31585396.18205186,0.1333124218517327,0.11492137068081336,0.1621992992554479,0.14381612159765775,0.1799302499033917
35035,986014985.8980353,150000.0,39726.736137385706,81394213.97788525,102177695.10466228,177815522.93008918,147589359.0138708,167481669.76307014,0.08254865812587385,0.1036269190286207,0.18033754605477897,0.14968267331094415,0.1698571240380616
35037,210123619.25509164,173060.3448275861,43616.34102593429,18810539.286978252,16711667.775558254,52877062.14817301,44782595.662657805,28949599.253765203,0.08952129871769493,0.07953255247935818,0.25164739849631024,0.21312499671106178,0.1377741319914168
35039,965483453.1411984,250000.0,53894.73839512322,128710937.39602704,110954681.80463135,156600739.54223245,138852085.6974811,173719679.0012854,0.1333124218517327,0.11492137068081336,0.1621992992554479,0.14381612159765775,0.1799302499033917
35041,350206032.0918194,173060.3448275861,43616.34102593429,31350898.81163042,27852779.625930425,88128436.9136217,74637659.437763,48249332.08960868,0.08952129871769493,0.07953255247935818,0.25164739849631024,0.21312499671106178,0.1377741319914168
35043,4867498752.572197,350000.0,65500.59973367043,841868210.0679309,591993044.7564709,421904657.0673607,201413283.81101236,906639793.8853636,0.17295704690690497,0.12162161201246044,0.08667791786169601,0.04137921631815044,0.18626400128120338
35045,2573132785.86589,150000.0,46689.81213568193,249769854.19965005,291912362.233815,539369402.8929375,372569924.3373625,431665065.608955,0.09706838899711097,0.1134462876681986,0.20961584487814658,0.14479234277526346,0.16775856573748274
35047,877712230.1283622,250000.0,53894.73839512322,117009943.0872973,100867892.54966487,142364308.67475677,126229168.81589189,157926980.91025946,0.1333124218517327,0.11492137068081336,0.1621992992554479,0.14381612159765775,0.1799302499033917
35049,4552838057.618779,315281.25,58271.51682061452,875775111.4789243,724579134.1681843,436794286.1085633,338842586.66949165,1293187825.6702964,0.19235806334323502,0.1591488924047417,0.09593890241222747,0.07442447598206749,0.28403993493822144
35051,187812378.2662922,150000.0,39726.736137385706,15503659.805311456,19462418.115173746,33869623.41525504,28112258.859784883,31901270.431060944,0.08254865812587385,0.1036269190286207,0.18033754605477897,0.14968267331094415,0.1698571240380616
35053,281718567.3994386,150000.0,39726.736137385706,23255489.707967207,29193627.17276065,50804435.12288262,42168388.289677374,47851905.64659146,0.08254865812587385,0.1036269190286207,0.18033754605477897,0.14968267331094415,0.1698571240380616
35055,877712230.1283622,250000.0,53894.73839512322,117009943.0872973,100867892.54966487,142364308.67475677,126229168.81589189,157926980.91025946,0.1333124218517327,0.11492137068081336,0.1621992992554479,0.14381612159765775,0.1799302499033917
35057,370978798.27789253,230562.5,51191.554742960594,56106917.446425,46931000.566925004,62886143.76514,41921336.34804,77275845.1111,0.15124022641422347,0.1265058833140377,0.16951411794167626,0.11300197354307455,0.20830259160313055
35059,70041206.41836388,173060.3448275861,43616.34102593429,6270179.762326085,5570555.925186085,17625687.382724337,14927531.887552602,9649866.417921735,0.08952129871769493,0.07953255247935818,0.25164739849631024,0.21312499671106178,0.1377741319914168
35061,1854893991.3894627,230562.5,51191.554742960594,280534587.232125,234655002.834625,314430718.8257,209606681.7402,386379225.55550003,0.15124022641422344,0.1265058833140377,0.16951411794167626,0.11300197354307455,0.20830259160313055
36001,10297059852.614738,281769.97245179064,56381.761453241896,2215051296.8208,1716889823.8298001,991511330.781,879029439.118,1975119827.00428,0.2151149287782697,0.16673592738162335,0.09629072230062108,0.08536703211400559,0.1918139600308079
36003,948204049.4295441,125000.0,42972.04922728338,77522068.90328,84150771.03568001,191039244.392632,155594420.60802403,186722397.19896,0.08175673680144967,0.08874753391562351,0.2014748244405458,0.1640938157790323,0.19692216808322577
36005,27546769471.52014,381672.7681173116,46564.3166315117,3394695660.4911,3291813040.5571,4655741216.32216,4247996920.58276,5065965948.37966,0.1232338936876349,0.1194990593710241,0.1690122401153284,0.15421034851199697,0.18390417626347164
36007,4807170481.252056,165000.0,52978.76519300329,633234146.5774074,749206025.8260592,942348250.8407704,628411598.3674548,1347554056.2639554,0.13172700012346508,0.15585176950723081,0.19602971322026636,0.1307238012086855,0.28032166978878953
36009,1422306074.144316,125000.0,42972.04922728338,116283103.35492,126226156.55352001,286558866.58894795,233391630.91203603,280083595.79844,0.08175673680144967,0.08874753391562351,0.2014748244405458,0.1640938157790323,0.1969221680832258
36011,2266198305.0066485,200000.0,60048.939940019336,453225659.16155404,271713595.22285134,355668643.050527,254131952.20377025,453120263.0439865,0.1999938214410695,0.11989841957897598,0.15694506622159154,0.11214020928456421,0.19994731354397388
36013,2520959966.6363,141379.3103448275,44313.66286340593,251623261.4598,260896042.74447998,405508146.1292799,406221808.72928,548100992.16328,0.09981247809957856,0.10349075201404004,0.16085465516945385,0.16113774677322584,0.21741757085282376
36015,2214762353.996275,166340.42553191492,52627.84326117455,318858936.48880136,278337378.8304012,278105944.04036564,216291450.13543764,592322054.6892109,0.14396981956707833,0.12567369963110242,0.12556920318722078,0.09765898799262389,0.26744271394194336
36017,1122320470.7152295,180000.0,53394.11043915225,151078943.8187259,152033273.08260742,178464435.8242963,153312337.70945185,253927206.75132445,0.13461301630045713,0.13546333427004145,0.15901379372557015,0.13660299505340873,0.2262519604489637
36019,1560896573.862724,200000.0,54566.13193929166,181433969.32692882,159607505.90414914,201132567.3559661,247026456.97340342,358235964.2524543,0.11623702195587328,0.10225373581874882,0.12885707530142548,0.1582593370437679,0.2295065350588437
36021,1877858626.2029245,300000.0,73542.34905161975,337334751.4306,302349199.17353845,252010403.81418458,187608392.84772307,504722283.0670461,0.17963799123297103,0.1610074341884276,0.1342009458527534,0.09990549353924037,0.2687754424238031
36023,1183699109.7356586,180000.0,49583.43348824382,156061123.2601281,153378124.3267975,144982256.59906623,124618101.39766,239314300.13482875,0.13184188614873535,0.12957526373492803,0.12248235671263061,0.10527852929237183,0.20217494308014808
36025,1262610529.5546331,180000.0,53394.11043915225,169963811.79606664,171037432.21793333,200772490.30233333,172476379.9231333,285668107.59524,0.13461301630045713,0.13546333427004145,0.15901379372557015,0.13660299505340873,0.22625196044896373
36027,10497779378.339083,408916.6666666667,72153.01714534419,1882733952.1531692,1733128174.5307708,1213048145.2288508,1089876626.7993762,2228424475.696011,0.17934592491417436,0.16509474166573498,0.11555283279546065,0.10381973058494702,0.2122757961835338
36029,28610044439.832,248240.1554935037,58053.459893856365,6107309901.87064,4641720356.19824,3329438107.66278,2716549468.71256,5542281036.73896,0.21346733363922388,0.16224093485628632,0.11637304914589397,0.09495090000386283,0.19371801565686433
36031,1277097196.7967741,200000.0,54566.13193929166,148445974.90385082,130587959.37612203,164563009.65488133,202112555.70551187,293102152.57018983,0.11623702195587325,0.10225373581874883,0.12885707530142548,0.1582593370437679,0.2295065350588437
36033,1064247663.9973117,200000.0,54566.13193929166,123704979.08654235,108823299.48010169,137135841.37906775,168427129.75459322,244251793.80849153,0.11623702195587327,0.10225373581874883,0.12885707530142548,0.1582593370437679,0.2295065350588437
36035,1298890593.831475,170000.0,48754.27060511331,147824286.38960606,200056099.7193212,296948563.2704606,262191832.2036788,239982750.95403028,0.11380811216251334,0.15402074714329445,0.22861707112261087,0.20185828848776538,0.18475978815592756
36037,1430362593.4404926,180000.0,51938.41107379432,145162588.88497907,147976276.44199088,298655494.37140906,243419377.13919818,298066950.72770727,0.10148656679829363,0.10345368168924164,0.20879705309759558,0.17018018945370664,0.20838558844772231
36039,1609593108.1739354,300000.0,73542.34905161975,289144072.6548,259156456.43446156,216008917.5550154,160807193.86947694,432619099.77175385,0.17963799123297103,0.1610074341884276,0.1342009458527534,0.09990549353924037,0.2687754424238031
36041,283799377.0659497,200000.0,54566.13193929166,32987994.42307795,29019546.528027102,36569557.701084726,44913901.267891504,65133811.68226438,0.11623702195587327,0.10225373581874883,0.12885707530142548,0.1582593370437679,0.2295065350588437
36043,1694422623.0695148,175000.0,50457.75449133811,257918321.8288265,205364253.64323094,276975495.45591795,238102613.3827495,398834968.6569277,0.15221605183811643,0.12120013675880068,0.16346305324592852,0.14052138477200984,0.23538104557080458
36045,2708957517.817616,175000.0,47520.23488270819,416985227.28176004,186479792.69568,545814735.2824961,413316911.800176,455287131.99728006,0.15392830066146282,0.06883821228983739,0.20148515866066963,0.15257415780117195,0.1680672838177497
36047,100924841206.92181,794870.1580512798,76663.19181590196,27240968116.16932,18636937394.142254,8053267313.660761,6475959464.72182,21351435562.053272,0.26991341071638,0.18466154785353342,0.07979469888042229,0.0641661595626833,0.21155778207544912
36049,677239379.454404,175000.0,47520.23488270819,104246306.82044001,46619948.17392,136453683.82062402,103329227.950044,113821782.99932002,0.15392830066146282,0.06883821228983739,0.20148515866066963,0.15257415780117195,0.1680672838177497
36051,1559929028.7452648,204457.1428571428,55329.82532349078,335065624.2803172,187498546.40873796,238302041.69624275,189961743.38057378,337531545.4745607,0.21479542857781714,0.12019684418563142,0.15276466897210186,0.1217758884411365,0.2163762192091877
36053,1730021775.7675014,180000.0,49583.43348824382,228089333.99557188,224168027.86224252,211897144.26017377,182134148.19658002,349767054.0432113,0.13184188614873535,0.12957526373492803,0.12248235671263062,0.10527852929237183,0.20217494308014808
36055,22809644282.69624,210781.09072375126,56373.093749987434,3904162109.801,3544468513.016,2220509092.72538,1773765093.3705401,4590965039.1127205,0.17116277927941032,0.15539341469278808,0.09734957131312624,0.07776382092535071,0.20127297831625984
36057,1222485264.7825646,170000.0,48754.27060511331,139128740.13139394,188288093.85347876,279481000.7251394,246768783.25052118,225866118.54496965,0.11380811216251334,0.15402074714329445,0.22861707112261087,0.20185828848776538,0.18475978815592756
36059,64834861593.28138,659461.4177095692,92276.63668549138,18985411384.9676,10983092699.20034,5231436645.79632,4121336041.55404,12279703131.13858,0.29282720620375313,0.16940103563571857,0.08068863752056557,0.0635666667634426,0.18939969685091584
36061,120563731937.15286,818643.5252195433,121473.7678627179,51060866803.43806,24424064748.21334,2724869051.64314,2362980228.70054,25648423478.96376,0.4235176365480701,0.20258218915241485,0.022601067567015527,0.019599428374797723,0.2127374714340603
36063,5798632567.80326,185624.99999999994,53659.16124315976,842612460.0616,829466489.1141999,836262025.1721201,855138798.5541401,928560376.2566,0.14531226978239342,0.14304518857080006,0.14421710901557047,0.14747249261873802,0.16013437054322163
36065,5307855529.288578,178333.33333333334,49992.1626064087,729704210.4688735,772893812.1160489,686706436.4975287,636907566.3302772,1086814834.0790389,0.13747627576568142,0.14561319686476873,0.12937549500138132,0.11999338769034716,0.20475591848384517
36067,14749831406.116072,202500.0,59362.061161769394,2805348719.1186056,1893496800.4018087,1445193515.7745929,1189091060.9485097,2749798046.490914,0.19019530744977584,0.12837413176239176,0.09798034133294148,0.0806172645780513,0.18642911710507418
36069,3466508952.7672553,204457.1428571428,55329.82532349078,744590276.1784827,416663436.4638621,529560092.65831727,422137207.5123862,750070101.0545794,0.21479542857781714,0.12019684418563141,0.15276466897210186,0.1217758884411365,0.2163762192091877
36071,12661391126.17852,391669.8232323232,62339.3561932276,2436730906.8134003,1549688260.1190002,1700018432.1586,1277674740.611,2665527415.1327,0.19245364767029813,0.12239478621862378,0.13426790273018777,0.1009110869317746,0.21052405605111524
36073,1112504239.3426054,180000.0,51938.41107379432,112904235.79942818,115092659.45488179,232287606.73331815,189326182.2193764,231829850.56599453,0.10148656679829364,0.10345368168924164,0.20879705309759558,0.17018018945370664,0.20838558844772231
36075,2838599057.6321,153000.0,50474.75119371422,383500769.41020006,245782901.6209,634999965.72458,625762031.56514,512832449.15797997,0.1351021266561359,0.0865859871826798,0.2237018870337693,0.2204474879545467,0.18066392567105763
36077,1626714087.6981623,175000.0,48539.310355027716,239601462.03509998,197783161.57453334,239144525.39547777,188201273.76023114,312203423.16301113,0.14729168687174865,0.12158446470110863,0.1470107913885917,0.11569413161383525,0.19192273892751868
36079,4394825157.658836,465000.0,79798.28319860683,918246971.0956508,805307421.509789,518772132.2941091,370115856.8096437,962715128.286109,0.20893822578935298,0.18323992254990723,0.11804158611180422,0.08421628700396531,0.21905652528824518
36081,74461271021.64537,602835.663948326,65705.4711539224,14654529231.23774,13797963715.116327,9114318804.97124,7697708219.19706,14411413062.45908,0.1968074010847568,0.18530389725828553,0.12240348143294211,0.10337868416131911,0.19354239948804772
36083,5266809968.744553,250000.0,60352.82487933071,907672562.83886,915275918.0621519,707038995.4576,620036234.9639,1225219061.2099001,0.17233820248411613,0.1737818382462593,0.13424425784364052,0.11772519582887053,0.23263020091494874
36085,16232724183.17884,589408.6826347305,69446.68387421407,2916110034.17954,2446374221.7200003,2283557757.8549,1937710897.7145998,3050733318.2027197,0.1796439095048112,0.15070632594466524,0.14067618793284473,0.1193706537392259,0.18793723615189875
36087,11208424559.109879,533333.3333333334,73111.52312229814,2785843109.7896395,2110967603.12136,1065766588.7424201,953467251.9725,2201628577.7123,0.24854903515636262,0.18833758410816331,0.0950862079788186,0.08506701784396183,0.1964262297615128
36089,2164014980.18412,147086.9565217392,44440.18852416306,214028025.4508,219188896.93306002,299657291.2949,207962454.0857,469116322.7372,0.09890320880892882,0.10128806821587291,0.13847283592713594,0.0961002839582959,0.21678053388395968
36091,9822368836.039082,325000.0,76087.07931724779,2085341182.1866,1296690280.5879998,922046981.6100001,702435107.0490999,2664916795.21696,0.21230532237145394,0.1320140082533183,0.09387216027023275,0.07151381899565892,0.2713110085460404
36093,4798893655.396,250000.0,59567.7075469328,1060045777.5842,809706191.2382001,372542989.9462,315490049.0036,1086179082.4782,0.22089378379790875,0.16872767962418703,0.0776310159587102,0.06574224637148499,0.22633947748703956
36095,591532395.5266044,175000.0,48539.310355027716,87127804.3764,71921149.66346666,86961645.59835555,68436826.82190222,113528517.51382221,0.14729168687174865,0.12158446470110863,0.1470107913885917,0.11569413161383524,0.19192273892751868
36097,355426723.15948844,150000.0,48548.93090554413,33952003.00054284,44151712.5733714,81023114.10563996,53644520.40699426,77662420.12052283,0.09552462093658548,0.12422170224257302,0.22796010774148506,0.15092990175339935,0.2185047298361802
36099,876667150.4362882,193043.47826086983,53087.29965393421,138563201.139,105208035.14180666,126439554.35825507,110847737.2994591,192396079.21187374,0.15805679620827776,0.12000909933655904,0.14422754895667106,0.126442216118505,0.2194630871204933
36101,2362783406.570223,166340.42553191492,52627.84326117455,264720208.2346701,294678369.2143734,456157988.7321191,313711971.28717047,555692442.5969132,0.11203744173018955,0.1247166237899578,0.19305958703776002,0.13277220858028183,0.23518551935471188
36103,60784139252.4766,545495.2267097839,75731.35885234564,14282005948.574478,9545915223.88446,7386162043.039121,5824138767.17546,11418875503.70588,0.23496270777565662,0.1570461528497423,0.12151462756360702,0.09581675152105013,0.1878594588018391
36105,2721266480.2302704,300000.0,68959.934896842,527153918.9061441,378254258.6530371,328796201.64011854,252775438.43066835,512697103.8757303,0.1937163900470111,0.13899934512147802,0.12082469836335036,0.0928888957649156,0.18840385813018445
36107,921184298.5595939,166340.42553191492,52627.84326117455,122134972.52858563,115454300.01345387,137838697.14991522,101494396.56371757,235769582.3836128,0.1325847311114198,0.1253324662545633,0.1496320523107549,0.11017816600046144,0.25594181615152684
36109,3055005791.8949604,250000.0,50103.417717305085,403463747.4646,295814473.0734,346338012.9368,244803093.847,328188145.6936,0.13206644273310505,0.09682943117757957,0.1133673834123808,0.0801317936929846,0.107426357934998
36111,6158172862.27467,325000.0,69828.68767981797,1019038617.8944558,685503074.2101628,739964232.2948414,681603153.7338717,1370139583.2526298,0.16547742986189076,0.11131598439036927,0.12015970464679644,0.11068269257419076,0.2224912508783548
36113,1816278049.7578466,240000.0,54134.43760688042,348559899.49009997,186068731.3795909,361516746.1411618,269473177.00734586,337607380.73897994,0.19190888726347344,0.1024450696876496,0.1990426224604546,0.14836559691027104,0.1858786878936246
36115,1658340828.0397732,240000.0,54134.43760688042,318250343.0127,169888841.6944091,330080507.3462782,246040726.8327941,308250217.19646,0.19190888726347344,0.10244506968764959,0.19904262246045457,0.14836559691027104,0.1858786878936246
36117,2072122355.5766814,193043.47826086983,53087.29965393421,327513020.874,248673537.60790667,298857128.4831484,262003742.70781243,454754369.04624707,0.15805679620827778,0.12000909933655904,0.14422754895667106,0.126442216118505,0.2194630871204933
36119,53995354108.3507,607142.8571428572,107545.16814956206,19421561797.0784,6934238637.364779,3048971060.94936,2126371480.193,11197668735.966501,0.3596894976946681,0.1284228754838809,0.05646728521922627,0.0393806377475751,0.20738207797464403
36121,953575062.2936617,180000.0,51938.41107379432,96775059.25665271,98650850.96132725,199103662.9142727,162279584.75946546,198711300.48513815,0.10148656679829364,0.10345368168924164,0.20879705309759558,0.17018018945370664,0.20838558844772231
36123,637576109.4082094,193043.47826086983,53087.29965393421,100773237.19199996,76514934.64858665,91956039.5332764,80616536.21778841,139924421.24499905,0.15805679620827776,0.12000909933655905,0.14422754895667106,0.126442216118505,0.2194630871204933
37001,4400498820.929096,270000.0,47084.30152930768,801565951.719,635207733.2977998,632441984.8673999,541810912.7394,964215571.4634,0.18215342949455943,0.14434902931383714,0.14372052137804453,0.12312488533402337,0.2191150618828756
37003,740940027.9918376,200000.0,46673.613749279895,117559855.94150001,81749254.82171538,147589172.40864998,141681542.02725384,151300368.89573845,0.1586631191462571,0.1103318105829423,0.19919179263220457,0.19121863669756364,0.20420056034198386
37005,190748291.1945543,200000.0,42255.979038270874,26328979.593488142,24040502.063474968,45471557.074295394,36927380.12103132,33159469.5943295,0.13802996309221885,0.1260325946456568,0.23838513461657457,0.1935921936169123,0.1738388815263797
37007,821218372.9891883,250000.0,42507.03737619578,101965145.13906206,121481841.49348965,206448063.45473176,173705881.1316207,188134008.46255863,0.12416325363972888,0.14792879152387037,0.2513924069955626,0.21152215640200686,0.2290913289942132
37009,632121749.16601,270000.0,38104.299420770076,95009672.54645,96783251.54720002,106376355.1923,75317422.39936,135715717.95054,0.15030280586263808,0.15310856124613814,0.1682845991814831,0.1191501834871685,0.21469870025765855
37011,351178749.53667223,270000.0,38104.299420770076,52783151.41469445,53768473.08177779,59097975.10683334,41843012.44408889,75397621.08363333,0.15030280586263808,0.15310856124613814,0.1682845991814831,0.1191501834871685,0.21469870025765853
37013,741326094.36261,230000.0,45147.065018048444,93727909.0289,63749731.58463,150071316.4194,107605259.250345,150407968.909385,0.12643276655395083,0.08599418268075648,0.2024363064521975,0.14515239658852652,0.2028904284540332
37015,285125420.908696,230000.0,45147.065018048444,36049195.78034613,24519127.53254999,57719737.08438458,41386638.17320959,57849218.81130189,0.12643276655395083,0.08599418268075648,0.2024363064521975,0.14515239658852652,0.2028904284540332
37017,610976557.6770664,130000.0,44702.581095041234,51970017.29399934,64709803.913494416,162116517.62628424,150803571.5179039,133273522.24841309,0.08506057497785087,0.10591208958903622,0.26533999641925937,0.24682382592755972,0.2181319734346587
37019,3822844834.16682,325000.0,58447.02912787347,773917694.0529,391533092.9491,493516752.8866,380770296.3026,936335730.2836,0.2024454895830407,0.10241930026815585,0.12909672620656099,0.09960391091457627,0.2449316597720797
37021,7515604126.39112,362500.0,56695.93425121889,1470638341.54092,780255476.724,872741521.07228,758846220.6299801,1505161739.23038,0.19567799431808264,0.10381806486908018,0.11612393446957103,0.10096942412989582,0.20027155687258585
37023,1612061882.9171944,200000.0,41735.149456769905,189207266.5666909,131675226.31085454,396641294.27781093,335600596.72749275,249999051.57781273,0.11736972914730828,0.0816812479137429,0.24604594803770627,0.2081809639467366,0.15508030692060862
37025,8074847163.517038,320000.0,62678.16309648036,1291319150.2674642,1463306046.0052242,1027323502.6307143,928326131.0726928,1515471821.0936613,0.15991871104406438,0.18121780095313583,0.1272251327891708,0.11496516432743921,0.18767808113331402
37027,2011122933.120702,200000.0,46673.613749279895,319091037.55550003,221890834.5160846,400599182.25205,384564185.50254613,410672429.8598615,0.1586631191462571,0.1103318105829423,0.1991917926322046,0.19121863669756364,0.20420056034198386
37029,170450723.0887418,300000.0,47413.67451091998,22409098.323454544,19987879.009187877,39337033.08082424,33369361.704036366,30397180.651106667,0.1314696583116734,0.11726485313166775,0.2307824359321972,0.19577131207981596,0.17833412554830275
37031,2428206891.8614564,254450.54945054944,52852.28563738182,487255438.38549143,230085948.54819047,379193083.2942366,313306302.9642793,466338711.2644718,0.200664712722219,0.09475549604910612,0.15616176882009764,0.12902784520313243,0.19205064973148886
37033,614524007.2845906,200000.0,47276.27267822987,86796584.82501423,138664528.84833848,92487850.35159424,86891439.32327995,127876965.19670993,0.14124197557153872,0.22564542182991057,0.1505032338122511,0.14139632999405324,0.20809108135866394
37035,4592959950.37368,250000.0,54431.85530189239,743885293.5438,361612227.7092001,772348044.1401,608303315.9644998,861336163.0110999,0.16196206837886273,0.07873184865889796,0.1681591070867627,0.1324425474067129,0.18753400254252647
37037,2340555782.0234933,300000.0,62017.95320522029,533199715.91011643,328613605.11954284,256406223.54434627,311556693.2143371,389483033.62919307,0.22780901869774983,0.14039981770288967,0.1095492897514598,0.13311227000323203,0.16640621711330084
37039,739893864.8440936,250000.0,40322.57277718081,67492814.0013257,88973335.86,187692794.23913828,166835347.01938283,169677704.9452114,0.0912195886575535,0.12025148482444571,0.2536752947379661,0.22548551210724999,0.2293270873126715
37041,340901446.1774836,300000.0,47413.67451091998,44818196.64690909,39975758.018375754,78674066.16164848,66738723.40807273,60794361.30221333,0.1314696583116734,0.11726485313166775,0.2307824359321972,0.19577131207981596,0.17833412554830275
37043,246631288.28136435,250000.0,40322.57277718081,22497604.66710855,29657778.61999998,62564264.74637938,55611782.33979424,56559234.9817371,0.0912195886575535,0.1202514848244457,0.2536752947379661,0.22548551210724999,0.2293270873126715
37045,2380674390.815184,250000.0,50322.001667503195,433387039.2309219,306535694.19282407,373303144.38202006,254892328.07092744,443084643.92068905,0.18204381115828389,0.12876002504813813,0.15680562861609756,0.10706727852171666,0.18611728072941935
37047,833149851.377818,130000.0,44702.581095041234,70868205.4009082,88240641.70021968,221067978.5812967,205641233.8880508,181736621.24783605,0.08506057497785088,0.10591208958903622,0.26533999641925937,0.24682382592755972,0.21813197343465873
37049,1913132702.6787233,254450.54945054944,52852.28563738182,383898224.1825084,181279838.25008947,298758186.83788335,246847390.2142807,367418378.57200813,0.20066471272221897,0.09475549604910612,0.15616176882009764,0.12902784520313243,0.19205064973148886
37051,7980506791.429501,225949.31752069815,47190.27909794011,1130170417.5879,843543279.9956,1013052583.8704801,820017147.70228,1279071011.2927198,0.14161637188275097,0.10570046515109864,0.1269408836238855,0.1027525154897331,0.160274409222526
37053,852253615.443709,300000.0,47413.67451091998,112045491.61727272,99939395.04593939,196685165.4041212,166846808.5201818,151985903.25553334,0.1314696583116734,0.11726485313166775,0.2307824359321972,0.19577131207981593,0.17833412554830275
37055,684301010.1808705,230000.0,45147.065018048444,86518069.87283073,58845906.07811998,138527369.00252303,99327931.61570305,138838125.14712456,0.12643276655395083,0.08599418268075648,0.2024363064521975,0.14515239658852652,0.2028904284540332
37057,4322174470.88222,225000.0,50994.89683309013,646294175.9334,697204011.167,832350175.38684,741425584.02664,698929392.4543,0.1495298674978018,0.16130862274624705,0.19257671826860448,0.17153994801031344,0.16170781562911737
37059,942463158.9427384,222949.43820224726,49383.39809051028,118989906.39153844,83976246.80746153,201169880.1196923,150226094.93669227,193601841.15676922,0.12625417265649103,0.08910294902313917,0.2134511871481173,0.15939731278750136,0.20542112370095514
37061,1010755254.2284946,160296.2962962963,40888.883715442375,93840852.97358048,79607983.83289756,283961102.2495698,240346444.47672293,215091676.14705366,0.09284231032289693,0.07876089043302774,0.280939526222217,0.23778896371919273,0.21280292657121258
37063,12540971879.07832,381729.1666666666,65194.69323760625,2352338469.231,2037969125.3888998,770237019.97412,648575857.2174001,2773472217.20656,0.18757226249389228,0.162504879608954,0.06141764987601005,0.05171655462360117,0.22115289340800215
37065,1258830243.3389559,200000.0,51787.53865018342,123907747.5256923,159711834.18687177,252348753.0827487,182142139.91062564,330593476.21195894,0.09843086324096885,0.12687321029342902,0.2004628935617339,0.14469158242298566,0.2626195850959886
37067,10672956465.4605,269175.8241758241,54543.03071062168,2008882888.5597,1498989016.52348,1327816022.39548,1082438226.2518802,1579996919.42056,0.18822178232065184,0.1404474028704664,0.12440939178310322,0.101418780237213,0.1480374181730899
37069,1496130302.6160228,235000.0,45131.74684257046,143330423.61337143,210128613.78511998,313031501.73695993,213576204.20228568,298860842.3768457,0.09580076238196263,0.1404480702099975,0.2092274323898234,0.14275240854947066,0.1997558914850396
37071,6721060145.67784,283095.2380952381,56320.830805354126,1296170499.72606,1143794155.0604599,902513424.5372,804629358.62468,1166679346.9727201,0.19285209053806748,0.17018061589524797,0.13428140873245803,0.11971762507468688,0.17358561323439203
37073,255676084.6331127,300000.0,47413.67451091998,33613647.485181816,29981818.513781816,59005549.621236354,50054042.55605455,45595770.97666,0.1314696583116734,0.11726485313166776,0.2307824359321972,0.19577131207981596,0.17833412554830275
37075,202925546.64665827,265000.0,47386.67704055227,36358280.30754998,24645489.142264996,36128395.990516655,32946956.087583322,38717810.286833316,0.17917054263679483,0.12145089442670648,0.17803769208725997,0.16235982424111353,0.19079810761456392
37077,1536310018.2114773,200000.0,47276.27267822987,216991462.06253567,346661322.12084645,231219625.87898573,217228598.3082,319692412.991775,0.14124197557153872,0.22564542182991063,0.1505032338122511,0.14139632999405324,0.20809108135866392
37079,382129929.7751496,225000.0,48158.93251756749,61588193.26546509,52754057.94060463,75654106.12690228,52289854.79839998,78460006.96969764,0.1611708177417676,0.1380526722197495,0.1979800592207425,0.13683789393091517,0.20532285187884802
37081,15408806318.82784,265312.5,52987.55361695457,3116418456.8802404,2027158156.5169,1870825888.30288,1510036177.13054,3031826499.6252403,0.20224918091626118,0.13155841630898685,0.12141277199499481,0.09799825800168857,0.196759335985727
37083,666189755.8907864,120000.0,40405.95634145518,72051296.52386342,87715994.64747708,156199944.97280002,149402765.75025955,126828874.70743415,0.10815431472301916,0.1316681829341384,0.23446764768086148,0.22426457991760576,0.19037950311596533
37085,3121306586.9071403,280000.0,51862.73074084707,401033522.40800005,591694195.2988,548867751.26072,485311508.89972,710959735.43984,0.12848257972805505,0.18956618929417685,0.17584551083928782,0.15548344752016446,0.22777632239719206
37087,1420478826.5266085,265000.0,47386.67704055227,254507962.15284997,172518423.99585503,252898771.9336167,230628692.61308336,271024672.0078333,0.17917054263679483,0.12145089442670648,0.17803769208725997,0.16235982424111353,0.19079810761456392
37089,2337419185.0857573,300000.0,47229.449378960846,390718403.39757144,210435651.826,418499831.9612857,251023391.6331429,414438582.00828576,0.16715803733049125,0.09002905990021613,0.17904355137990854,0.10739339919635901,0.17730605817419115
37091,333094877.9453932,120000.0,40405.95634145518,36025648.26193171,43857997.32373854,78099972.48640001,74701382.87512977,63414437.353717074,0.10815431472301916,0.1316681829341384,0.23446764768086148,0.22426457991760576,0.19037950311596533
37093,901883594.3535451,169546.66666666666,41329.09881557809,104998438.383375,102886965.629475,210446583.60775498,181040039.710905,171246259.240275,0.11642127547362263,0.11408009445301269,0.2333411816395214,0.200735483874359,0.18987623271162996
37095,228100336.72695684,230000.0,45147.065018048444,28839356.62427691,19615302.026039995,46175789.66750768,33109310.53856768,46279375.049041525,0.12643276655395083,0.08599418268075648,0.2024363064521975,0.14515239658852652,0.2028904284540332
37097,6751882199.737437,286474.7191011236,57740.90261090439,1751149243.9974768,1126498596.8465831,905174092.0315846,648561492.9930246,1387469512.2087383,0.25935719732574336,0.16684215801193772,0.1340624829128068,0.09605639935753699,0.20549373806650437
37099,554920398.6330702,250000.0,40322.57277718081,50619610.50099428,66730001.895,140769595.6793537,125126510.26453714,127258278.70890857,0.0912195886575535,0.1202514848244457,0.2536752947379661,0.22548551210724999,0.2293270873126715
37101,6804390692.954093,284396.8824940048,53121.242672619315,970802200.6960094,853573657.281872,948244688.6025102,775242313.00958,1517065821.882278,0.1426729070247641,0.12544453953323736,0.1393577663881664,0.11393265730792604,0.2229539558116777
37103,231975140.12982202,190000.0,46061.5424585644,36844980.868944,14254980.198404,41280263.42964,26236255.82164,42859150.17552,0.15883159224873905,0.06145046486630583,0.17795123825138337,0.11309942870152898,0.18475751389366296
37105,1970994342.756626,300000.0,62017.95320522029,449010287.0822033,276727246.4164571,215921030.35313368,262363531.12786284,327985712.5298468,0.22780901869774983,0.14039981770288967,0.1095492897514598,0.13311227000323203,0.16640621711330084
37107,1314525794.0689914,190000.0,46061.5424585644,208788224.924016,80778221.12428933,233921492.76796,148672116.32262665,242868517.66128,0.15883159224873908,0.061450464866305836,0.17795123825138337,0.11309942870152898,0.18475751389366296
37109,2528846700.8954525,300000.0,55340.15672094401,504563970.7976028,390076818.71126896,402586853.0016414,272829678.11967725,479010055.87365514,0.19952335213476527,0.154250875932157,0.1591978085738006,0.10788699766698771,0.18941838416066897
37111,921178218.8098253,200000.0,41735.149456769905,108118438.03810908,75242986.46334544,226652168.1587491,191771769.5585673,142856600.90160728,0.11736972914730828,0.0816812479137429,0.24604594803770627,0.2081809639467366,0.15508030692060862
37113,616578220.7034113,250000.0,40322.57277718081,56244011.66777142,74144446.55,156410661.86594856,139029455.84948573,141398087.45434287,0.0912195886575535,0.1202514848244457,0.2536752947379661,0.22548551210725,0.22932708731267154
37115,473492942.175536,265000.0,47386.67704055227,84835987.38428329,57506141.331951655,84299590.64453886,76876230.87102775,90341557.3359444,0.1791705426367948,0.12145089442670648,0.17803769208725997,0.16235982424111353,0.19079810761456392
37117,342150505.0904351,230000.0,45147.065018048444,43259034.936415344,29422953.039059974,69263684.50126149,49663965.80785149,69419062.57356225,0.12643276655395083,0.08599418268075648,0.20243630645219754,0.14515239658852652,0.2028904284540332
37119,49082453617.2432,406546.53827836644,72709.21211748326,14795702021.23508,9799437327.42408,3744779015.53342,3336852552.31778,10091451078.1742,0.30144585143635094,0.19965255616278788,0.07629567675520277,0.06798463211190214,0.20560200915931723
37121,280942999.6293378,270000.0,38104.299420770076,42226521.13175556,43014778.46542223,47278380.08546667,33474409.95527111,60318096.86690667,0.15030280586263808,0.15310856124613814,0.1682845991814831,0.1191501834871685,0.21469870025765855
37123,947046451.7805641,300000.0,63498.97125372555,128433414.06917948,64042408.66882051,118831674.58378975,87713360.61847693,205552565.79905125,0.13561469326843348,0.06762330247731026,0.125476078137848,0.09261780185498293,0.21704591724364428
37125,2746434710.163636,300000.0,63498.97125372555,372456900.80062056,185722985.1395795,344611856.2929903,254368745.79358312,596102440.8172487,0.13561469326843348,0.06762330247731026,0.125476078137848,0.09261780185498293,0.21704591724364428
37127,2247911148.8195643,200000.0,51787.53865018342,221263834.86730772,285199703.9051282,450622773.3620513,325253821.26897436,590345493.235641,0.09843086324096885,0.12687321029342902,0.2004628935617339,0.14469158242298566,0.2626195850959886
37129,7634782349.724251,346000.0,58849.71376184924,1873030006.1678371,1301590084.096,796679502.386403,644542948.354403,1505386521.4262223,0.24532853988109907,0.17048162272013034,0.10434868551494163,0.08442191523346862,0.19717477885674017
37131,416368597.4317414,120000.0,40405.95634145518,45032060.32741463,54822496.65467316,97624965.608,93376728.5939122,79268046.69214633,0.10815431472301917,0.1316681829341384,0.23446764768086148,0.22426457991760576,0.19037950311596533
37133,4928286808.680786,243332.22591362125,45586.99214032504,634634519.49748,420403066.2217467,692974224.6934199,610453146.3839533,797864999.4272001,0.12877386080282943,0.08530409907987499,0.14061158605314952,0.12386721188967505,0.16189500132618584
37135,6249575064.62426,450000.0,73186.89180045274,1266798257.51232,1010047126.3679199,292697470.10646,269826887.88714,1102934198.1215,0.20270150280825264,0.16161852860769607,0.04683477949777337,0.04317523753166771,0.17648147061464428
37137,399175589.2721746,230000.0,45147.065018048444,50468874.09248461,34326778.54557,80807631.91813846,57941293.44249346,80988906.33582269,0.12643276655395083,0.08599418268075648,0.2024363064521975,0.14515239658852652,0.2028904284540332
37139,852253615.443709,300000.0,47413.67451091998,112045491.61727272,99939395.04593939,196685165.4041212,166846808.5201818,151985903.25553334,0.1314696583116734,0.11726485313166775,0.2307824359321972,0.19577131207981593,0.17833412554830275
37141,2234269032.8939495,327000.0,57624.73815905088,368608892.76776296,443599622.3296,348767362.718317,281514083.01463705,386939614.9521777,0.1649796364452674,0.1985435127993629,0.15609908994109545,0.12599829244824842,0.17318398512241473
37143,340901446.1774836,300000.0,47413.67451091998,44818196.64690909,39975758.018375754,78674066.16164848,66738723.40807273,60794361.30221333,0.1314696583116734,0.11726485313166775,0.2307824359321972,0.19577131207981596,0.17833412554830275
37145,716944675.165356,200000.0,47276.27267822987,101262682.29584998,161775283.656395,107902492.07686001,101373345.87716,149189792.729495,0.14124197557153872,0.2256454218299106,0.1505032338122511,0.14139632999405324,0.20809108135866394
37147,4389837311.35686,240000.0,49509.257236140395,626235872.946,391277652.7142,526460947.7796,508614448.31248,777904060.4088,0.14265582720477538,0.08913260901535769,0.11992721152048243,0.11586179902308764,0.17720566964891843
37149,514011122.2161821,200000.0,45303.84661406238,76949163.32933207,41941794.517841846,78324827.8925916,54254203.28069206,92526939.34913485,0.14970330407941812,0.081597056376928,0.1523796363683544,0.10555064070748629,0.18000960553188183
37151,3325662547.04374,200000.0,46840.97729607093,461363805.9134,435264858.77599996,729519713.9937199,617300756.02292,662383699.2504001,0.13872838852021147,0.13088064486967182,0.21936071494752446,0.1856173761741561,0.19917345487719693
37153,826726628.1574163,169546.66666666666,41329.09881557809,96248568.51809375,94313051.82701875,192909368.30710876,165953369.73499626,156975737.63691875,0.11642127547362263,0.11408009445301269,0.23334118163952142,0.20073548387435902,0.18987623271162996
37155,1944016319.8815753,130000.0,44702.581095041234,165359145.93545246,205894830.6338459,515825283.356359,479829545.7387852,424052116.2449508,0.08506057497785087,0.10591208958903622,0.26533999641925937,0.24682382592755972,0.2181319734346587
37157,2064409643.9721668,200000.0,49127.01105344143,228964503.6214674,243561746.7902331,441909983.8869257,399567218.995824,325068915.8080571,0.11091040205611169,0.11798130642404464,0.21406118944331173,0.19355035477697619,0.15746337785100942
37159,3674642691.85344,250000.0,50061.887848470615,670049455.0924,398356472.0436,651074604.07878,485703228.1056799,874572616.181,0.18234411105544418,0.10840685896529288,0.17718038423768132,0.13217699483611503,0.2380020833372176
37161,1413530586.0945015,200000.0,45303.84661406238,211610199.15566328,115339934.92406513,215393276.704627,149199059.02190325,254449083.21012095,0.14970330407941812,0.081597056376928,0.1523796363683544,0.10555064070748629,0.18000960553188183
37163,962624051.6461854,160296.2962962963,40888.883715442375,89372240.92721951,75817127.45990245,270439144.9995903,228901375.6921171,204849215.37814635,0.09284231032289693,0.07876089043302775,0.280939526222217,0.23778896371919273,0.21280292657121258
37165,676412695.7651588,169546.66666666666,41329.09881557809,78748828.78753124,77165224.22210625,157834937.70581624,135780029.78317875,128434694.43020624,0.11642127547362263,0.11408009445301269,0.2333411816395214,0.20073548387435902,0.18987623271162996
37167,2267047379.6921816,290000.0,59290.85840991537,424501301.1321357,397028655.4415358,317621686.36708575,250524384.90690714,463844872.14797854,0.18724853522460314,0.17513028576202236,0.140103682530981,0.11050690301008319,0.20460307812841527
37169,1219878425.983553,200000.0,49127.01105344143,135297206.68541256,143922850.3760468,261128626.84227425,236107902.13389596,192086177.5229428,0.1109104020561117,0.11798130642404463,0.21406118944331173,0.19355035477697619,0.15746337785100942
37171,1462403565.824918,200000.0,42255.979038270874,201855510.21674266,184310515.819975,348615270.90293175,283109914.2612405,254222600.22319314,0.13802996309221885,0.1260325946456568,0.23838513461657457,0.1935921936169123,0.1738388815263797
37173,338209244.4110972,265000.0,47386.67704055227,60597133.84591666,41075815.237108335,60213993.31752778,54911593.47930556,64529683.81138888,0.17917054263679483,0.12145089442670647,0.17803769208725997,0.16235982424111353,0.19079810761456392
37175,934967674.0343028,300000.0,47229.449378960846,156287361.35902858,84174260.7304,167399932.78451428,100409356.65325715,165775432.8033143,0.16715803733049125,0.09002905990021613,0.17904355137990854,0.107393399196359,0.17730605817419115
37177,57025084.18173914,230000.0,45147.065018048444,7209839.156069218,4903825.506509992,11543947.416876905,8277327.63464191,11569843.762260366,0.12643276655395083,0.08599418268075648,0.2024363064521975,0.14515239658852652,0.20289042845403324
37179,8736553192.743752,350000.0,62327.14548124478,2147941636.969338,1567988555.4853106,771549668.3832483,655137784.4363793,2196947096.9528418,0.2458568716497184,0.1794745045205725,0.08831282215783544,0.0749881297558529,0.25146611581070005
37181,1122097726.962017,235000.0,45131.74684257046,107497817.71002856,157596460.33883998,234773626.30271995,160182153.15171424,224145631.78263426,0.09580076238196261,0.1404480702099975,0.20922743238982341,0.14275240854947066,0.19975589148503958
37183,53288718107.96814,457191.8316831683,79910.16956944276,12868318983.593,10843664324.89136,2409179095.5501,2376835733.20004,12603464284.99186,0.24148299003028242,0.20348893180205682,0.045209927749976425,0.044602981974239626,0.23651280669683236
37185,291458018.2022189,120000.0,40405.95634145518,31522442.22919023,38375747.65827119,68337475.92559998,65363710.01573851,55487632.68450241,0.10815431472301916,0.1316681829341384,0.2344676476808615,0.22426457991760576,0.19037950311596533
37187,228100336.72695684,230000.0,45147.065018048444,28839356.62427691,19615302.026039995,46175789.66750768,33109310.53856768,46279375.049041525,0.12643276655395083,0.08599418268075648,0.2024363064521975,0.14515239658852652,0.2028904284540332
37189,913064748.7953478,270000.0,38104.299420770076,137236193.67820558,139798030.01262224,153654735.27776667,108791832.35463111,196033814.81744668,0.15030280586263808,0.15310856124613814,0.1682845991814831,0.1191501834871685,0.21469870025765855
37191,2570890330.53694,172727.27272727268,45204.851781842386,378670598.9816,205680364.99450004,687626251.2678001,530520668.4556,561964540.6598,0.14729161897097073,0.0800035546251959,0.26746619375404734,0.20635678704536525,0.21858751965605303
37193,1144489747.1673274,200000.0,42255.979038270874,157973877.5609291,144243012.38085002,272829342.4457727,221564280.72618824,198956817.56597728,0.13802996309221885,0.1260325946456568,0.23838513461657454,0.1935921936169123,0.1738388815263797
37195,1910649648.8757489,225000.0,48158.93251756749,307940966.3273256,263770289.70302325,378270530.6345116,261449273.99200004,392300034.8484884,0.1611708177417676,0.1380526722197495,0.1979800592207425,0.13683789393091517,0.20532285187884802
37197,848216843.0484645,222949.43820224726,49383.39809051028,107090915.75238459,75578622.12671538,181052892.10772306,135203485.44302306,174241657.04109228,0.12625417265649103,0.08910294902313917,0.2134511871481173,0.15939731278750136,0.20542112370095514
37199,351178749.53667223,270000.0,38104.299420770076,52783151.41469445,53768473.08177779,59097975.10683334,41843012.44408889,75397621.08363333,0.15030280586263808,0.15310856124613814,0.1682845991814831,0.1191501834871685,0.21469870025765853
38001,97248518.4903889,249128.78787878787,59560.399446403484,10065530.51755769,10849859.405627973,17358307.059601102,17424628.161955383,20378131.027235378,0.10350317592295732,0.11156837732906202,0.1784943084898165,0.17917628394182133,0.20954695602123086
38003,235059730.53617904,170000.0,49153.3212322222,29742340.98906955,33815781.71773738,49369042.112886935,40734788.49775651,43532248.37064347,0.12653099244701033,0.1438603781285823,0.21002764701667323,0.1732954785783133,0.18519653822177437
38005,176294797.90213427,170000.0,49153.3212322222,22306755.741802163,25361836.288303033,37026781.5846652,30551091.37331738,32649186.277982596,0.12653099244701033,0.1438603781285823,0.21002764701667323,0.1732954785783133,0.18519653822177437
38007,97248518.4903889,249128.78787878787,59560.399446403484,10065530.51755769,10849859.405627973,17358307.059601102,17424628.161955383,20378131.027235378,0.10350317592295732,0.11156837732906202,0.1784943084898165,0.17917628394182133,0.20954695602123086
38009,279332520.18628037,200000.0,53840.51705150053,30962605.733717624,28769187.84121974,59558489.788189374,51442502.50320172,64536012.05290407,0.11084497327081495,0.10299261905500383,0.21321717123545514,0.18416223957345143,0.23103651522517502
38011,194497036.98077813,249128.78787878787,59560.399446403484,20131061.035115413,21699718.81125598,34716614.11920226,34849256.323910825,40756262.05447083,0.10350317592295731,0.111568377329062,0.1784943084898165,0.17917628394182133,0.20954695602123088
38013,93110840.06209336,200000.0,53840.51705150053,10320868.577905865,9589729.28040657,19852829.929396436,17147500.834400557,21512004.017634667,0.11084497327081495,0.10299261905500383,0.21321717123545514,0.18416223957345143,0.231036515225175
38015,3163028693.3609653,265000.0,58374.53544361142,613697703.3391923,509764270.1238153,485992924.1453801,351228337.28013384,585626432.7542446,0.1940221739459121,0.16116334043816433,0.15364796568727127,0.11104178030927891,0.18514736650459238
38017,7106879431.55738,263732.39436619723,59397.23720482557,1100094483.6602,993406767.6706998,855338675.05804,594763280.91974,1308941726.4422,0.15479290091447756,0.13978100757690887,0.12035362120539081,0.08368838765981504,0.18417953182517444
38019,171662534.9005738,200000.0,53752.35938892459,22767387.555748813,14980400.117077196,32089485.534158114,26467697.3141116,33272844.818702295,0.13262875075761632,0.08726656708031126,0.1869335411640298,0.15418447204826363,0.19382706213661463
38021,176294797.90213427,170000.0,49153.3212322222,22306755.741802163,25361836.288303033,37026781.5846652,30551091.37331738,32649186.277982596,0.12653099244701033,0.1438603781285823,0.21002764701667323,0.1732954785783133,0.18519653822177437
38023,97248518.4903889,249128.78787878787,59560.399446403484,10065530.51755769,10849859.405627973,17358307.059601102,17424628.161955383,20378131.027235378,0.10350317592295732,0.11156837732906202,0.1784943084898165,0.17917628394182133,0.20954695602123086
38025,97248518.4903889,249128.78787878787,59560.399446403484,10065530.51755769,10849859.405627973,17358307.059601102,17424628.161955383,20378131.027235378,0.10350317592295732,0.11156837732906202,0.1784943084898165,0.17917628394182133,0.20954695602123086
38027,58764932.63404476,170000.0,49153.3212322222,7435585.247267388,8453945.429434344,12342260.528221734,10183697.124439128,10883062.092660867,0.12653099244701033,0.1438603781285823,0.21002764701667323,0.1732954785783133,0.18519653822177437
38029,58764932.63404476,170000.0,49153.3212322222,7435585.247267388,8453945.429434344,12342260.528221734,10183697.124439128,10883062.092660867,0.12653099244701033,0.1438603781285823,0.21002764701667323,0.1732954785783133,0.18519653822177437
38031,58764932.63404476,170000.0,49153.3212322222,7435585.247267388,8453945.429434344,12342260.528221734,10183697.124439128,10883062.092660867,0.12653099244701033,0.1438603781285823,0.21002764701667323,0.1732954785783133,0.18519653822177437
38033,97248518.4903889,249128.78787878787,59560.399446403484,10065530.51755769,10849859.405627973,17358307.059601102,17424628.161955383,20378131.027235378,0.10350317592295732,0.11156837732906202,0.1784943084898165,0.17917628394182133,0.20954695602123086
38035,1888287883.9063137,200000.0,53752.35938892459,250441263.1132372,164784401.28784934,352984340.87573963,291144670.4552279,366001293.0057256,0.13262875075761632,0.08726656708031127,0.18693354116402983,0.15418447204826363,0.19382706213661463
38037,97248518.4903889,249128.78787878787,59560.399446403484,10065530.51755769,10849859.405627973,17358307.059601102,17424628.161955383,20378131.027235378,0.10350317592295732,0.11156837732906202,0.1784943084898165,0.17917628394182133,0.20954695602123086
38039,58764932.63404476,170000.0,49153.3212322222,7435585.247267388,8453945.429434344,12342260.528221734,10183697.124439128,10883062.092660867,0.12653099244701033,0.1438603781285823,0.21002764701667323,0.1732954785783133,0.18519653822177437
38041,194497036.98077813,249128.78787878787,59560.399446403484,20131061.035115413,21699718.81125598,34716614.11920226,34849256.323910825,40756262.05447083,0.10350317592295731,0.111568377329062,0.1784943084898165,0.17917628394182133,0.20954695602123088
38043,58764932.63404476,170000.0,49153.3212322222,7435585.247267388,8453945.429434344,12342260.528221734,10183697.124439128,10883062.092660867,0.12653099244701033,0.1438603781285823,0.21002764701667323,0.1732954785783133,0.18519653822177437
38045,117529865.26808952,170000.0,49153.3212322222,14871170.494534776,16907890.85886869,24684521.056443468,20367394.248878255,21766124.185321733,0.12653099244701033,0.1438603781285823,0.21002764701667323,0.1732954785783133,0.18519653822177437
38047,58764932.63404476,170000.0,49153.3212322222,7435585.247267388,8453945.429434344,12342260.528221734,10183697.124439128,10883062.092660867,0.12653099244701033,0.1438603781285823,0.21002764701667323,0.1732954785783133,0.18519653822177437
38049,186221680.12418702,200000.0,53840.51705150053,20641737.155811764,19179458.560813174,39705659.85879294,34295001.668801166,43024008.03526941,0.11084497327081497,0.10299261905500384,0.21321717123545514,0.1841622395734514,0.23103651522517504
38051,58764932.63404476,170000.0,49153.3212322222,7435585.247267388,8453945.429434344,12342260.528221734,10183697.124439128,10883062.092660867,0.12653099244701033,0.1438603781285823,0.21002764701667323,0.1732954785783133,0.18519653822177437
38053,486242592.4519455,249128.78787878787,59560.399446403484,50327652.587788545,54249297.02813997,86791535.29800569,87123140.8097771,101890655.1361771,0.10350317592295731,0.11156837732906201,0.1784943084898165,0.17917628394182133,0.20954695602123086
38055,279332520.18628037,200000.0,53840.51705150053,30962605.733717624,28769187.84121974,59558489.788189374,51442502.50320172,64536012.05290407,0.11084497327081495,0.10299261905500383,0.21321717123545514,0.18416223957345143,0.23103651522517502
38057,279332520.18628037,200000.0,53840.51705150053,30962605.733717624,28769187.84121974,59558489.788189374,51442502.50320172,64536012.05290407,0.11084497327081495,0.10299261905500383,0.21321717123545514,0.18416223957345143,0.23103651522517502
38059,1165326360.7119346,265000.0,58374.53544361142,226099153.8618077,187807888.9929846,179050024.68514,129399913.73478615,215757106.80419537,0.19402217394591212,0.16116334043816433,0.15364796568727127,0.11104178030927891,0.18514736650459238
38061,279332520.18628037,200000.0,53840.51705150053,30962605.733717624,28769187.84121974,59558489.788189374,51442502.50320172,64536012.05290407,0.11084497327081495,0.10299261905500383,0.21321717123545514,0.18416223957345143,0.23103651522517502
38063,85831267.4502867,200000.0,53752.35938892459,11383693.777874382,7490200.058538581,16044742.76707902,13233848.65705577,16636422.409351109,0.13262875075761632,0.08726656708031126,0.1869335411640298,0.15418447204826363,0.19382706213661463
38065,93110840.06209336,200000.0,53840.51705150053,10320868.577905865,9589729.28040657,19852829.929396436,17147500.834400557,21512004.017634667,0.11084497327081495,0.10299261905500383,0.21321717123545514,0.18416223957345143,0.231036515225175
38067,343325069.8011476,200000.0,53752.35938892459,45534775.111497626,29960800.234154392,64178971.06831623,52935394.6282232,66545689.63740459,0.13262875075761632,0.08726656708031126,0.1869335411640298,0.15418447204826363,0.19382706213661463
38069,117529865.26808952,170000.0,49153.3212322222,14871170.494534776,16907890.85886869,24684521.056443468,20367394.248878255,21766124.185321733,0.12653099244701033,0.1438603781285823,0.21002764701667323,0.1732954785783133,0.18519653822177437
38071,257493802.35086086,200000.0,53752.35938892459,34151081.333623245,22470600.17561581,48134228.3012372,39701545.97116743,49909267.22805347,0.13262875075761632,0.08726656708031126,0.1869335411640298,0.15418447204826363,0.19382706213661463
38073,176294797.90213427,170000.0,49153.3212322222,22306755.741802163,25361836.288303033,37026781.5846652,30551091.37331738,32649186.277982596,0.12653099244701033,0.1438603781285823,0.21002764701667323,0.1732954785783133,0.18519653822177437
38075,93110840.06209336,200000.0,53840.51705150053,10320868.577905865,9589729.28040657,19852829.929396436,17147500.834400557,21512004.017634667,0.11084497327081495,0.10299261905500383,0.21321717123545514,0.18416223957345143,0.231036515225175
38077,352589595.80426854,170000.0,49153.3212322222,44613511.48360433,50723672.576606065,74053563.1693304,61102182.74663476,65298372.55596519,0.12653099244701033,0.1438603781285823,0.21002764701667323,0.1732954785783133,0.18519653822177437
38079,235059730.53617904,170000.0,49153.3212322222,29742340.98906955,33815781.71773738,49369042.112886935,40734788.49775651,43532248.37064347,0.12653099244701033,0.1438603781285823,0.21002764701667323,0.1732954785783133,0.18519653822177437
38081,117529865.26808952,170000.0,49153.3212322222,14871170.494534776,16907890.85886869,24684521.056443468,20367394.248878255,21766124.185321733,0.12653099244701033,0.1438603781285823,0.21002764701667323,0.1732954785783133,0.18519653822177437
38083,93110840.06209336,200000.0,53840.51705150053,10320868.577905865,9589729.28040657,19852829.929396436,17147500.834400557,21512004.017634667,0.11084497327081495,0.10299261905500383,0.21321717123545514,0.18416223957345143,0.231036515225175
38085,194497036.98077813,249128.78787878787,59560.399446403484,20131061.035115413,21699718.81125598,34716614.11920226,34849256.323910825,40756262.05447083,0.10350317592295731,0.111568377329062,0.1784943084898165,0.17917628394182133,0.20954695602123088
38087,97248518.4903889,249128.78787878787,59560.399446403484,10065530.51755769,10849859.405627973,17358307.059601102,17424628.161955383,20378131.027235378,0.10350317592295732,0.11156837732906202,0.1784943084898165,0.17917628394182133,0.20954695602123086
38089,875236666.4135022,249128.78787878787,59560.399446403484,90589774.65801942,97648734.65065199,156224763.5364103,156821653.45759884,183403179.24511886,0.10350317592295731,0.11156837732906201,0.1784943084898165,0.17917628394182133,0.20954695602123086
38091,85831267.4502867,200000.0,53752.35938892459,11383693.777874382,7490200.058538581,16044742.76707902,13233848.65705577,16636422.409351109,0.13262875075761632,0.08726656708031126,0.1869335411640298,0.15418447204826363,0.19382706213661463
38093,411354528.43831325,170000.0,49153.3212322222,52049096.73087171,59177618.0060404,86395823.69755213,71285879.87107387,76181434.64862604,0.12653099244701033,0.1438603781285823,0.21002764701667323,0.17329547857831326,0.18519653822177434
38095,58764932.63404476,170000.0,49153.3212322222,7435585.247267388,8453945.429434344,12342260.528221734,10183697.124439128,10883062.092660867,0.12653099244701033,0.1438603781285823,0.21002764701667323,0.1732954785783133,0.18519653822177437
38097,343325069.8011476,200000.0,53752.35938892459,45534775.111497626,29960800.234154392,64178971.06831623,52935394.6282232,66545689.63740459,0.13262875075761632,0.08726656708031126,0.1869335411640298,0.15418447204826363,0.19382706213661463
38099,514987604.7017217,200000.0,53752.35938892459,68302162.66724649,44941200.35123162,96268456.6024744,79403091.94233486,99818534.45610695,0.13262875075761632,0.08726656708031126,0.1869335411640298,0.15418447204826363,0.19382706213661463
38101,1489773440.9934962,200000.0,53840.51705150053,165133897.2464941,153435668.4865054,317645278.8703435,274360013.3504093,344192064.2821553,0.11084497327081497,0.10299261905500384,0.21321717123545514,0.1841622395734514,0.23103651522517504
38103,117529865.26808952,170000.0,49153.3212322222,14871170.494534776,16907890.85886869,24684521.056443468,20367394.248878255,21766124.185321733,0.12653099244701033,0.1438603781285823,0.21002764701667323,0.1732954785783133,0.18519653822177437
38105,777988147.9231129,249128.78787878787,59560.399446403484,80524244.14046168,86798875.24502397,138866456.4768091,139397025.29564336,163025048.21788338,0.10350317592295731,0.11156837732906201,0.1784943084898165,0.17917628394182133,0.20954695602123086
39001,521905557.84236,150000.0,47761.183615714624,65004426.899280004,46606592.48811999,128580549.86128,125825384.02772002,73467425.42692,0.12455208786819318,0.0893008165707202,0.24636746616160266,0.24108841558978988,0.1407676625070749
39003,2517578541.4808803,175000.0,48937.283341060946,333180521.43600005,194183413.43620002,480072807.41334,441944832.46862,501136681.3945,0.13234165923579008,0.07713102500547141,0.19068831399037642,0.17554361271631308,0.1990550336911131
39005,1010165401.9254975,185838.70967741936,44439.98952643956,150168310.81312498,141817540.82692498,300941343.63036,251356880.52236247,173345038.995075,0.14865715112286168,0.14039041582359046,0.297912938867961,0.2488274494882183,0.17160064942301365
39007,3381076309.1888795,230144.69453376206,62516.80407089441,861960591.2786319,463510133.94868404,587463635.2149616,470500381.2245087,609304173.9304496,0.25493674571498104,0.13708952166769645,0.17375048105787777,0.13915698381187433,0.18021012192907937
39009,1236975217.3772535,180000.0,43079.97542268917,168120243.53815383,118042366.36233844,251411284.06148458,167135126.4282077,190468564.3298154,0.13591237817570634,0.09542823874242405,0.20324682380828088,0.1351159862220867,0.15397928887667128
39011,1235928164.3037312,195000.0,53985.39620218318,184808010.65563372,152434626.04926875,238710692.5913325,206326752.15047497,158282074.7242625,0.14952973481249746,0.12333615371176841,0.19314285367532816,0.16694073175904248,0.1280673742178469
39013,1554636125.2347972,170000.0,44141.65904256329,186110100.17611,160342380.16365802,393217770.9997681,321219768.71010405,324674097.5586681,0.11971296508242514,0.10313820550094413,0.25293235157544036,0.20662054836889251,0.2088425016558987
39015,1089121422.7541776,200000.0,56857.78614119144,257311692.34874064,201141797.4818592,192012553.75879997,171626755.15785182,176580287.2644518,0.23625620336991363,0.18468261965980842,0.17630041035575017,0.15758275576275135,0.1621309466284433
39017,12141743892.46278,263204.22535211267,58182.6844817783,2151135001.4829197,1986631174.15674,1823454616.53404,1544735604.79788,2033848406.9509602,0.1771685369527748,0.16361992080807924,0.15018061924910014,0.12722518432931237,0.16750875532908502
39019,764715151.1014726,190000.0,52800.02976555461,140286037.0296933,101945964.95864666,157103091.78988665,124307202.78195332,113888632.79458,0.18344874797841984,0.13331233834167763,0.20544001457745423,0.16255360260994564,0.14892948391376612
39021,1123571058.4579375,195000.0,53985.39620218318,168007282.41421247,138576932.7720625,217009720.537575,187569774.68224996,143892795.203875,0.14952973481249746,0.12333615371176841,0.19314285367532816,0.16694073175904248,0.1280673742178469
39023,2914792643.6054797,175000.0,46891.01918575119,273610084.696,370635777.6236,637199524.83368,560005394.0902799,576140377.7149,0.09386948512315287,0.12715682483853763,0.2186088695645568,0.1921252941676071,0.1976608452676201
39025,6810688846.965802,250000.0,61788.567143189866,1398488949.3619993,1283525978.3293607,951661247.20176,822474273.6853082,1382873395.4320083,0.20533737200239788,0.18845758588739203,0.13973054247306133,0.12076227414965886,0.20304457104189771
39027,959634083.3218142,180000.0,48223.68372190958,121811500.88099998,129002634.68264285,236203572.3922071,205658077.6027928,196472806.64564282,0.12693536317441362,0.13442898384360707,0.2461392071179656,0.214308850818323,0.20473721188137028
39029,1837056067.7769575,150000.0,45445.35774804832,188672814.52521276,187831766.4048936,449129837.2007447,403138051.5935638,264356250.6110532,0.10270389556129764,0.10224607169022934,0.24448346736865895,0.21944787568808705,0.1439021134128768
39031,841804501.6045814,185838.70967741936,44439.98952643956,125140259.01093751,118181284.0224375,250784453.02530003,209464067.10196877,144454199.1625625,0.14865715112286168,0.14039041582359046,0.297912938867961,0.24882744948821833,0.17160064942301365
39033,1059167851.1708745,150000.0,43984.047457339024,146634895.06466666,114283895.90689696,260105634.2278333,212245240.04803756,199153318.07504544,0.13844349118278723,0.10789970237536946,0.2455754618498808,0.20038867287503825,0.18802809946968096
39035,37931265308.41232,188436.4406779661,57375.091193481756,8464626504.17758,5411300928.92252,4399349893.47032,3627971227.43498,7039903012.16178,0.22315697710986487,0.14266070179637302,0.11598215502963041,0.09564593213373179,0.18559631361942688
39037,1299961824.3589756,175000.0,48547.80301972377,131267538.26058443,112896665.56933334,358104037.9512556,274747826.00328,195434980.52978668,0.1009779947386638,0.08684613921259098,0.2754727340765106,0.2113506880394437,0.1503390152446651
39039,849374772.5145291,160000.0,46344.24811571528,69364513.4925073,100931700.12875122,224113389.1884131,189369664.45862484,151668138.22754046,0.08166537992075903,0.11883058385398974,0.2638568938478562,0.22295183538122512,0.1785644489752562
39041,11385671749.72526,400000.0,89266.34034475745,2858209129.5308,2038176852.1814,775398717.26596,534080988.4344801,2348728315.2122803,0.2510356167258879,0.17901243747261394,0.06810302758681504,0.046908166700604874,0.20628807564814575
39043,2082515272.9258547,185000.0,50857.70825184507,263447245.0427394,205198721.52043635,432480147.31079996,332147724.98641217,423598285.6828121,0.12650435195733573,0.09853407760709479,0.20767201707153957,0.1594935361601249,0.20340704876928592
39045,5100341923.76632,295000.0,60962.93371940189,885769880.4232001,659882576.91208,698618684.14862,472852030.39761996,1021987863.91644,0.17366872528599184,0.12938006642989797,0.13697487238909048,0.09270986876276814,0.20037634323185896
39047,671743858.32527,180000.0,48223.68372190958,85268050.61670001,90301844.27785,165342500.674545,143960654.321955,137530964.65195,0.12693536317441362,0.13442898384360707,0.2461392071179656,0.214308850818323,0.20473721188137028
39049,45149736143.83078,280342.9777315669,60047.76019670521,9974102517.3382,7669932695.09902,4492969519.49244,3782131728.60058,9504452558.48944,0.22091164576387126,0.1698776858997665,0.09951264178331982,0.08376863414111817,0.21050959253032359
39051,1232835274.594208,200000.0,56102.22958089302,180279777.49192005,96364719.01784,241605742.66648003,210485118.83936,187232645.5676,0.14623184557341593,0.07816512149164355,0.195975689246891,0.17073255703901066,0.15187158367871026
39053,596866677.2374109,130000.0,46613.43538507583,86471191.5321212,97627832.61619392,112271744.28761211,103000927.27427877,82876037.40368484,0.14487522059759125,0.16356723593292724,0.18810188031816472,0.172569404864445,0.138851841733359
39055,2448365603.2057405,230144.69453376206,62516.80407089441,624178359.201768,335645269.41111606,425404701.3625584,340707172.61085117,441220263.8806704,0.25493674571498104,0.13708952166769645,0.17375048105787774,0.13915698381187433,0.18021012192907937
39057,5732852083.802381,250000.0,64382.96198243972,939063042.8854,997870594.6963601,620953831.74944,584997776.78084,1037010675.7452198,0.1638038151269648,0.17406180730107218,0.10831499272480534,0.10204306132957708,0.1808891387020421
39059,706652784.197635,170000.0,44141.65904256329,84595500.08004999,72882900.07439001,178735350.45444003,146008985.77732,147579135.25394002,0.11971296508242514,0.10313820550094413,0.25293235157544036,0.2066205483688925,0.20884250165589868
39061,28508335896.8268,243826.32325903946,65393.24738135658,6383867718.960039,4779588082.93836,2461732872.9731603,1859117662.0294402,5716024449.84374,0.2239298618503584,0.16765580776920638,0.0863513353386288,0.06521312463686715,0.2005036165748271
39063,1786229924.7854087,183227.2727272727,49794.30377192495,273947101.88530433,239442623.3470435,355921236.1226739,321189892.66597825,328365193.8596739,0.15336609138838347,0.13404916132272798,0.19925835480862467,0.17981441706311402,0.18383142578866074
39065,952655959.8855511,183227.2727272727,49794.30377192495,146105121.0054956,127702732.45175652,189824659.26542604,171301276.0885217,175128103.39182606,0.15336609138838347,0.13404916132272798,0.19925835480862467,0.179814417063114,0.18383142578866077
39067,364436972.13068074,180000.0,45824.23392715651,37241410.52931035,38592664.56951931,95541269.79778899,77272950.03153794,65267096.21991587,0.10218889239359676,0.10589667767210144,0.26216129839737984,0.21203378345441087,0.17909021644629466
39069,862984692.2159456,200000.0,56102.22958089302,126195844.24434403,67455303.312488,169124019.86653602,147339583.187552,131062851.89732,0.14623184557341593,0.07816512149164355,0.195975689246891,0.17073255703901066,0.15187158367871026
39071,1055597491.6539956,180000.0,48223.68372190958,133992650.96909998,141902898.15090713,259823929.6314278,226223885.3630721,216120087.3102071,0.12693536317441362,0.13442898384360707,0.2461392071179656,0.214308850818323,0.20473721188137028
39073,598237549.425828,150000.0,45932.95028749263,71898573.00375554,70670016.05382961,112671261.84511036,105003538.71096961,112074420.52634071,0.12018398556353044,0.11813035828602995,0.18833866572442526,0.17552147773363463,0.18734099963117773
39075,841804501.6045814,185838.70967741936,44439.98952643956,125140259.01093751,118181284.0224375,250784453.02530003,209464067.10196877,144454199.1625625,0.14865715112286168,0.14039041582359046,0.297912938867961,0.24882744948821833,0.17160064942301365
39077,1353634927.4018054,185000.0,50857.70825184507,171240709.2777806,133379168.98828362,281112095.75201994,215896021.2411679,275338885.6938278,0.12650435195733573,0.09853407760709479,0.20767201707153957,0.1594935361601249,0.2034070487692859
39079,522258342.5827345,130000.0,46613.43538507583,75662292.59060605,85424353.53916968,98237776.2516606,90125811.36499393,72516532.72822423,0.14487522059759125,0.16356723593292724,0.18810188031816472,0.172569404864445,0.138851841733359
39081,1616609339.6437225,150000.0,45445.35774804832,166032076.78218722,165291954.43630636,395234256.7366553,354761485.4023361,232633500.53772682,0.10270389556129764,0.10224607169022934,0.24448346736865892,0.21944787568808705,0.1439021134128768
39083,1306669045.7614994,200000.0,51394.410653341125,189295596.47592485,165491446.59726343,291159064.939079,230265998.54581362,205370306.94237366,0.1448688151678127,0.12665138669510492,0.22282540929818812,0.17622365762220946,0.15717086710559378
39085,7626490757.84916,215605.69105691058,61500.267583955225,1483059904.1686,1216591165.84094,959176461.01588,616356641.5742,1617160522.0939,0.19446164051824746,0.15952175180817313,0.1257690452228895,0.08081785727463811,0.21204516906147478
39087,1342950023.7841744,130000.0,46613.43538507583,194560180.9472727,219662623.3864363,252611424.64712724,231752086.36712724,186471084.1582909,0.14487522059759125,0.16356723593292724,0.18810188031816472,0.172569404864445,0.138851841733359
39089,5245165505.76986,250000.0,54817.58189216442,910837585.1036,801183326.6135999,882633231.3443999,769029645.58744,1041817917.214,0.17365278256742284,0.1527470059299885,0.16827557307266536,0.14661685026744747,0.19862441253149493
39091,1235928164.3037312,195000.0,53985.39620218318,184808010.65563372,152434626.04926875,238710692.5913325,206326752.15047497,158282074.7242625,0.14952973481249746,0.12333615371176841,0.19314285367532816,0.16694073175904248,0.1280673742178469
39093,9673615114.09734,209500.0,55964.844916821516,1729259533.772,1397870815.221,1471889555.2016,1275062123.7842,1953343982.823,0.17876042341729656,0.14450345591937866,0.15215506693631198,0.13180823391723065,0.20192492256347844
39095,10674813215.499735,166250.0,50900.27365640728,1838887739.4439187,1319960791.6130886,1703110978.8175378,1430787084.689344,1880112711.3814197,0.17226416072310005,0.12365188645141979,0.15954480368280688,0.13403392226215757,0.17612605236516107
39097,1715340527.9722128,275000.0,65369.99390892935,325087975.4661658,205060603.7322439,189431804.57805073,154532853.01084095,347824567.6566673,0.18951804039193781,0.11954512843852409,0.11043393512190099,0.09008873194031143,0.2027728966841631
39099,5424940433.660751,160000.0,49972.906671620396,747884430.8619412,498859608.9315765,1002382509.9872141,848349244.0682976,920127746.1715977,0.13786039496792568,0.09195669796413707,0.18477299838494377,0.15637945788389632,0.16961066345768064
39101,1680003058.8362134,200000.0,51394.410653341125,243380052.61190334,212774717.05362436,374347369.20738727,296056283.8446175,264047537.49733752,0.1448688151678127,0.12665138669510492,0.22282540929818812,0.17622365762220946,0.15717086710559378
39103,6071100537.45976,275000.0,63649.04530591881,1418480167.6874,766557844.5868001,958023651.2325602,746971415.31052,1077845032.5872002,0.23364465123499892,0.12626340806860356,0.1578006566225325,0.12303723364513153,0.17753700930114835
39105,494790086.9509013,180000.0,43079.97542268917,67248097.41526152,47216946.54493537,100564513.62459382,66854050.571283065,76187425.73192614,0.13591237817570634,0.09542823874242405,0.20324682380828088,0.1351159862220867,0.15397928887667128
39107,849374772.5145291,160000.0,46344.24811571528,69364513.4925073,100931700.12875122,224113389.1884131,189369664.45862484,151668138.22754046,0.08166537992075903,0.11883058385398974,0.2638568938478562,0.22295183538122512,0.1785644489752562
39109,3112291160.512164,242533.33333333337,55557.7779059277,478757649.58370006,533483477.481184,562049109.6779,483592040.81682,547838953.607884,0.15382804014548396,0.17141181527289787,0.18059014426703193,0.15538136243565312,0.17602432592384148
39111,282661113.679054,170000.0,44141.65904256329,33838200.032019995,29153160.029756002,71494140.181776,58403594.310928,59031654.10157601,0.11971296508242513,0.10313820550094413,0.25293235157544036,0.2066205483688925,0.20884250165589868
39113,14316465432.680521,191115.10791366908,52588.93330615049,2336170850.8352003,2470173849.9119997,1972842244.18264,1689754424.49842,3097698148.92568,0.16318070000032062,0.17254076165149518,0.13780232652112498,0.11802874336853977,0.21637310993358
39115,312299136.3791082,180000.0,44642.67362723117,47349906.26985882,32181469.488541175,73061316.6239647,56199446.051451765,68710655.49658823,0.15161715404931353,0.10304693718228934,0.23394658554314293,0.17995389517577715,0.2200155155510214
39117,840001529.4181067,200000.0,51394.410653341125,121690026.30595167,106387358.52681218,187173684.60369363,148028141.92230874,132023768.74866876,0.1448688151678127,0.12665138669510492,0.22282540929818812,0.17622365762220946,0.15717086710559378
39119,1639570465.990318,180000.0,44642.67362723117,248587007.91675884,168952714.81484118,383571912.27581465,295047091.7701218,360730941.3570882,0.15161715404931353,0.10304693718228936,0.23394658554314293,0.17995389517577717,0.2200155155510214
39121,282661113.679054,170000.0,44141.65904256329,33838200.032019995,29153160.029756002,71494140.181776,58403594.310928,59031654.10157601,0.11971296508242513,0.10313820550094413,0.25293235157544036,0.2066205483688925,0.20884250165589868
39123,1443650189.265462,190000.0,57560.87933707492,234538104.41854048,118664232.28227566,265900748.59268108,234300177.8496081,262694119.24727026,0.16246186656746459,0.0821973585877149,0.18418641203377184,0.16229705755022375,0.18196521650506667
39125,471874873.6191829,160000.0,46344.24811571528,38535840.829170726,56073166.73819512,124507438.43800731,105205369.14368047,84260076.79307805,0.08166537992075903,0.11883058385398974,0.2638568938478562,0.22295183538122512,0.1785644489752562
39127,702673056.8529935,180000.0,44642.67362723117,106537289.10718235,72408306.34921765,164387962.4039206,126448753.61576648,154598974.86732352,0.15161715404931353,0.10304693718228936,0.23394658554314296,0.17995389517577715,0.2200155155510214
39129,2287120703.9629507,275000.0,65369.99390892935,433450633.9548878,273414138.3096585,252575739.437401,206043804.01445463,463766090.2088898,0.18951804039193784,0.11954512843852406,0.11043393512190099,0.09008873194031143,0.2027728966841631
39131,521905557.84236,150000.0,47761.183615714624,65004426.899280004,46606592.48811999,128580549.86128,125825384.02772002,73467425.42692,0.12455208786819318,0.0893008165707202,0.24636746616160266,0.24108841558978988,0.1407676625070749
39133,4481452585.38134,220000.0,49172.16293292963,696422754.5236001,522507868.6864,822670453.49246,510510914.91536,698962180.15318,0.15540112078734386,0.1165934166950331,0.183572276581937,0.11391639322050734,0.15596777313525972
39135,1114252992.3076932,175000.0,48547.80301972377,112515032.79478665,96768570.48799999,306946318.2439334,235498136.57423994,167515697.59695998,0.1009779947386638,0.08684613921259098,0.2754727340765106,0.2113506880394437,0.1503390152446651
39137,986268219.6753664,200000.0,56102.22958089302,144223821.99353603,77091775.214272,193284594.13318402,168388095.071488,149786116.45408,0.14623184557341593,0.07816512149164355,0.195975689246891,0.17073255703901066,0.15187158367871023
39139,2593329259.0302396,180000.0,45413.34837632851,360995113.4638,342050429.98779994,463707575.8436,381854859.551,476593488.13956004,0.13920141925934698,0.13189625991252177,0.17880782944507428,0.14724503578608156,0.18377669803400876
39141,1452862620.034154,150000.0,45932.95028749263,174610820.15197778,171627181.8450148,273630207.33812517,255008594.01235482,272180735.5639703,0.12018398556353045,0.11813035828602995,0.18833866572442526,0.17552147773363463,0.18734099963117773
39143,1443650189.265462,190000.0,57560.87933707492,234538104.41854048,118664232.28227566,265900748.59268108,234300177.8496081,262694119.24727026,0.16246186656746459,0.0821973585877149,0.18418641203377184,0.16229705755022375,0.18196521650506667
39145,1565716673.52708,150000.0,47761.183615714624,195013280.69784,139819777.46435997,385741649.58383995,377476152.08316004,220402276.28076,0.12455208786819318,0.0893008165707202,0.24636746616160266,0.24108841558978988,0.1407676625070749
39147,1140642301.2609417,150000.0,43984.047457339024,157914502.3773333,123074964.82281213,280113759.93766665,228571796.97480968,214472804.08081815,0.13844349118278723,0.10789970237536946,0.2455754618498808,0.20038867287503825,0.18802809946968096
39149,928544160.2564112,175000.0,48547.80301972377,93762527.32898888,80640475.40666667,255788598.53661117,196248447.14519998,139596414.66413334,0.1009779947386638,0.08684613921259098,0.2754727340765106,0.2113506880394437,0.1503390152446651
39151,8859279624.323849,181586.4197530864,48319.63689473208,1423413815.7946067,1130794794.1998534,1651290511.5759134,1364487795.9920468,1641437070.61112,0.1606692503402322,0.1276395872069742,0.1863910590475286,0.15401791724078087,0.18527884209732193
39153,17364977577.99254,219878.73134328358,63412.68299392244,3571069807.2575397,3031509246.014,1773181500.87698,1557570551.38902,3583041324.05448,0.20564782138177515,0.17457605300083864,0.10211251312666347,0.08969608767954892,0.20633722721274564
39155,4010389615.9650164,160000.0,45092.556128399534,416845658.86585885,395544171.82160354,944820813.969986,766824757.3977823,661130174.2824423,0.10394143681362832,0.09862986135984798,0.23559327258596907,0.19120954092468195,0.1648543502233648
39157,1749297466.2272673,180000.0,45824.23392715651,178758770.54068968,185244789.93369266,458598095.0293871,370910160.151382,313282061.8555961,0.10218889239359676,0.10589667767210144,0.26216129839737984,0.21203378345441087,0.17909021644629466
39159,1858285571.9698973,275000.0,65369.99390892935,352178640.0883463,222148987.37659755,205217788.2928883,167410590.76174438,376809948.2947229,0.18951804039193784,0.11954512843852408,0.11043393512190099,0.09008873194031143,0.2027728966841631
39161,849374772.5145291,160000.0,46344.24811571528,69364513.4925073,100931700.12875122,224113389.1884131,189369664.45862484,151668138.22754046,0.08166537992075903,0.11883058385398974,0.2638568938478562,0.22295183538122512,0.1785644489752562
39163,256387521.18249774,150000.0,45932.95028749263,30813674.14446666,30287149.737355553,48287683.64790444,45001516.59041555,48031894.51128888,0.12018398556353044,0.11813035828602995,0.18833866572442526,0.17552147773363463,0.18734099963117773
39165,10850687560.0994,329118.00505361764,77776.48796476753,2848792759.331,2138141601.40422,935132607.2869799,792184907.8179,2373762008.7722,0.2625449072745122,0.19705125500679638,0.08618187576662778,0.07300780742512164,0.21876604552702233
39167,1484370260.8527043,180000.0,43079.97542268917,201744292.2457846,141650839.63480613,301693540.8737815,200562151.71384925,228562277.19577846,0.13591237817570634,0.09542823874242405,0.20324682380828088,0.1351159862220867,0.15397928887667128
39169,2568796332.32156,180000.0,44784.538299509404,294893338.5604,288954829.72364,576537734.8554001,479060660.52848005,523714162.384,0.1147982558406602,0.11248646928053496,0.22443886562791523,0.18649227052404233,0.20387531537414305
39171,849374772.5145291,160000.0,46344.24811571528,69364513.4925073,100931700.12875122,224113389.1884131,189369664.45862484,151668138.22754046,0.08166537992075903,0.11883058385398974,0.2638568938478562,0.22295183538122512,0.1785644489752562
39173,3866251496.09388,220000.0,54370.77579622664,554738502.9312,667553675.0284001,646540644.4099,511784466.21542,819258218.50308,0.14348226014051568,0.17266173080122632,0.16722674276702063,0.132372264642505,0.21189987752498415
39175,488846700.54040354,150000.0,43984.047457339024,67677643.87599999,52746413.4954909,120048754.25899997,97959341.5606327,91916916.03463635,0.13844349118278723,0.10789970237536946,0.2455754618498808,0.20038867287503825,0.188028099469681
40001,341586183.97051656,171734.2342342342,44270.80902523167,25678973.689266656,33954078.44789999,71466470.12341663,67000022.93649664,63039261.77516665,0.07517568008981035,0.09940120543877348,0.20921944000400539,0.19614383157335086,0.1845486285259353
40003,179226768.32561997,150000.0,48351.53421169245,13716761.140046509,13478582.293275345,52945756.25046418,44452742.16451535,35445099.338984646,0.07653299374971621,0.07520406923137396,0.29541210135682466,0.24802512805315674,0.19776677150473324
40005,264721802.39080402,160000.0,46656.87940900349,27018960.180600002,31188228.065700002,44603951.241684005,43147734.94060001,59880431.383080006,0.10206548888902017,0.11781510923553393,0.16849368219333893,0.16299275145045206,0.22620135871800845
40007,179226768.32561997,150000.0,48351.53421169245,13716761.140046509,13478582.293275345,52945756.25046418,44452742.16451535,35445099.338984646,0.07653299374971621,0.07520406923137396,0.29541210135682466,0.24802512805315674,0.19776677150473324
40009,217226824.34688,150000.0,41412.39285642427,32553736.18202182,23512763.631836362,57795205.65667272,52313392.68851636,44700266.21934546,0.1498605721457226,0.10824060841717163,0.2660592485778004,0.24082381559369206,0.20577691707155632
40011,298711280.5426999,150000.0,48351.53421169245,22861268.566744175,22464303.82212557,88242927.08410694,74087903.60752556,59075165.56497439,0.07653299374971621,0.07520406923137396,0.29541210135682466,0.2480251280531567,0.19776677150473324
40013,860345857.770113,160000.0,46656.87940900349,87811620.58695,101361741.213525,144962841.535473,140230138.55695,194611401.99501002,0.10206548888902019,0.11781510923553393,0.16849368219333893,0.16299275145045206,0.22620135871800848
40015,543067060.8671999,150000.0,41412.39285642427,81384340.45505454,58781909.079590894,144488014.1416818,130783481.72129089,111750665.54836363,0.1498605721457226,0.10824060841717163,0.2660592485778004,0.24082381559369206,0.20577691707155632
40017,4907073517.53994,243031.91489361704,56287.334306885146,1049147436.0196,907316822.42312,687518406.65376,461631245.87516,929225917.607,0.21380308085246877,0.18489978174975144,0.14010762304585017,0.09407465452170141,0.18936458039309104
40019,1208555731.1623745,175000.0,51636.53123051505,137265284.96850523,176089303.09583154,282660635.7397473,244361886.16414312,193864975.03772625,0.11357795212016009,0.14570226143106446,0.23388299641580257,0.20219331211901892,0.16041045525576983
40021,888124078.3233433,171734.2342342342,44270.80902523167,66765331.592093326,88280603.96453999,185812822.3208833,174200059.6348913,163902080.61543334,0.07517568008981035,0.09940120543877348,0.20921944000400539,0.19614383157335086,0.1845486285259353
40023,280727148.34994316,140000.0,39667.38395626466,28998913.73477296,20108027.91125945,77720653.92586483,73451163.28818376,48638740.40407566,0.10329928510734589,0.07162836950202477,0.2768547836669555,0.2616460991390206,0.1732598385655404
40025,119484512.2170799,150000.0,48351.53421169245,9144507.426697666,8985721.528850224,35297170.83364276,29635161.443010207,23630066.225989744,0.07653299374971621,0.07520406923137396,0.29541210135682466,0.2480251280531567,0.1977667715047332
40027,8126061479.98602,232485.4166666667,51587.39751723966,1287160183.1553001,1292175243.1732001,1310545856.45376,1033446471.40276,1275583862.1207,0.15839902101719203,0.1590161785455041,0.16127688175650062,0.1271767970188355,0.15697442915764087
40029,132360901.19540201,160000.0,46656.87940900349,13509480.090300001,15594114.032850001,22301975.620842002,21573867.470300004,29940215.691540003,0.10206548888902017,0.11781510923553393,0.16849368219333893,0.16299275145045206,0.22620135871800845
40031,2619470120.081897,160000.0,46397.16247130626,316983489.94589996,275307317.09132004,445090229.01185995,377186207.28106797,488124423.80111295,0.12101053854967797,0.10510038460859124,0.1699161313578734,0.1439933230730173,0.18634471913191814
40033,137866848.425363,160000.0,46397.16247130626,16683341.576100001,14489858.794280004,23425801.52694,19851905.646372,25690759.147427,0.12101053854967798,0.10510038460859124,0.1699161313578734,0.1439933230730173,0.18634471913191814
40035,315134456.2801972,166461.5384615385,42426.135728877125,41957188.6629189,33517825.317972958,71990808.4604378,68967606.93595132,53789160.724654034,0.1331405938854661,0.1063603952218131,0.22844473851005434,0.21885136823829185,0.1706863837092704
40037,1587059507.4236836,156483.8709677419,50150.444998950006,227149698.88539413,236354156.27172944,271661958.51634353,242631858.14737296,282713831.6954294,0.14312613851142378,0.14892583117781732,0.17117313953610958,0.15288138662251158,0.1781368816814981
40039,380146942.60704,150000.0,41412.39285642427,56969038.31853818,41147336.355713636,101141609.89917727,91548437.20490363,78225465.88385455,0.1498605721457226,0.10824060841717163,0.2660592485778004,0.24082381559369204,0.20577691707155635
40041,819349586.3285129,166461.5384615385,42426.135728877125,109088690.52358918,87146345.82672971,187176101.99713835,179315778.03347346,139851817.88410053,0.1331405938854661,0.1063603952218131,0.22844473851005437,0.21885136823829182,0.1706863837092704
40043,179226768.32561997,150000.0,48351.53421169245,13716761.140046509,13478582.293275345,52945756.25046418,44452742.16451535,35445099.338984646,0.07653299374971621,0.07520406923137396,0.29541210135682466,0.24802512805315674,0.19776677150473324
40045,119484512.2170799,150000.0,48351.53421169245,9144507.426697666,8985721.528850224,35297170.83364276,29635161.443010207,23630066.225989744,0.07653299374971621,0.07520406923137396,0.29541210135682466,0.2480251280531567,0.1977667715047332
40047,1424519042.97367,150000.0,49672.886636922725,273074710.30625004,84343704.62200001,306130771.8118,265667937.5242,376025347.38362,0.19169607570581096,0.0592085483433997,0.21490114387853665,0.18649658552097745,0.2639665290810509
40049,839433222.0086018,220000.0,50894.0888938198,166348329.0966,132180638.45683637,215979865.78359815,171404686.08134183,132164261.29041818,0.19816743575928591,0.15746414960865332,0.2572924922685333,0.20419097265557762,0.15744463981801268
40051,1399055370.014336,220000.0,50894.0888938198,277247215.16099995,220301064.09472725,359966442.9726636,285674476.8022363,220273768.81736362,0.19816743575928591,0.15746414960865332,0.2572924922685333,0.20419097265557762,0.15744463981801268
40053,167590475.64396116,150000.0,49672.886636922725,32126436.506617647,9922788.779058823,36015384.91903529,31255051.47343529,44238276.162778825,0.19169607570581096,0.0592085483433997,0.21490114387853668,0.18649658552097745,0.2639665290810509
40055,108613412.17343988,150000.0,41412.39285642427,16276868.09101089,11756381.815918168,28897602.828336332,26156696.344258152,22350133.109672703,0.1498605721457226,0.10824060841717163,0.2660592485778004,0.24082381559369206,0.20577691707155632
40057,54306706.08671994,150000.0,41412.39285642427,8138434.045505445,5878190.907959084,14448801.414168166,13078348.172129076,11175066.554836351,0.1498605721457226,0.10824060841717163,0.2660592485778004,0.24082381559369206,0.20577691707155632
40059,119484512.2170799,150000.0,48351.53421169245,9144507.426697666,8985721.528850224,35297170.83364276,29635161.443010207,23630066.225989744,0.07653299374971621,0.07520406923137396,0.29541210135682466,0.2480251280531567,0.1977667715047332
40061,224581718.6799546,140000.0,39667.38395626466,23199130.987818375,16086422.329007564,62176523.140691884,58760930.63054703,38910992.32326054,0.10329928510734589,0.07162836950202477,0.2768547836669555,0.2616460991390206,0.1732598385655404
40063,253571752.7918225,150000.0,45925.47196881619,25985500.271950003,33269344.671150003,51807743.8521625,51275861.3115625,53093293.604685,0.10247789821164976,0.1312028816492959,0.20431196803965646,0.2022144057727873,0.20938173522929254
40065,434453648.69376,150000.0,41412.39285642427,65107472.36404364,47025527.263672724,115590411.31334545,104626785.37703273,89400532.43869092,0.1498605721457226,0.10824060841717163,0.2660592485778004,0.24082381559369206,0.20577691707155632
40067,226604199.5929452,175000.0,51636.53123051505,25737240.931594726,33016744.330468412,52998869.20120261,45817853.65577683,36349682.81957367,0.11357795212016007,0.14570226143106446,0.23388299641580257,0.20219331211901892,0.16041045525576983
40069,264721802.39080402,160000.0,46656.87940900349,27018960.180600002,31188228.065700002,44603951.241684005,43147734.94060001,59880431.383080006,0.10206548888902017,0.11781510923553393,0.16849368219333893,0.16299275145045206,0.22620135871800845
40071,921747616.0417866,150000.0,49672.886636922725,176695400.7863971,54575338.284823544,198084617.05469412,171902783.10389414,243310518.89528358,0.191696075705811,0.0592085483433997,0.21490114387853665,0.18649658552097748,0.2639665290810509
40073,238969024.4341598,150000.0,48351.53421169245,18289014.85339533,17971443.057700448,70594341.66728552,59270322.886020415,47260132.45197949,0.07653299374971621,0.07520406923137396,0.29541210135682466,0.2480251280531567,0.1977667715047332
40075,162920118.2601598,150000.0,41412.39285642427,24415302.136516333,17634572.72387725,43346404.24250449,39235044.516387224,33525199.66450905,0.1498605721457226,0.10824060841717165,0.2660592485778004,0.24082381559369206,0.20577691707155632
40077,168436289.00996578,140000.0,39667.38395626466,17399348.240863767,12064816.746755661,46632392.35551887,44070697.97291023,29183244.242445376,0.10329928510734589,0.07162836950202477,0.2768547836669555,0.2616460991390206,0.1732598385655404
40079,673745156.0398637,140000.0,39667.38395626466,69597392.96345513,48259266.98702269,186529569.42207563,176282791.89164108,116732976.9697816,0.10329928510734589,0.07162836950202477,0.2768547836669555,0.2616460991390206,0.1732598385655404
40081,542999603.7305028,150000.0,40682.83448692626,78374572.37742856,50741894.40282286,134713690.51005715,103472472.26808,101841470.67494856,0.14433633438953078,0.09344738753807022,0.24809169212012383,0.19055717823218635,0.18755348986496442
40083,1062749375.9141204,220000.0,43216.468255953536,215782552.20892498,112991469.41535553,128154834.54441056,85549178.74040778,186809068.68973553,0.20304180562168792,0.10631995837980736,0.12058801204581145,0.08049798068977733,0.175779043416565
40085,226604199.5929452,175000.0,51636.53123051505,25737240.931594726,33016744.330468412,52998869.20120261,45817853.65577683,36349682.81957367,0.11357795212016007,0.14570226143106446,0.23388299641580257,0.20219331211901892,0.16041045525576983
40087,839433222.0086018,220000.0,50894.0888938198,166348329.0966,132180638.45683637,215979865.78359815,171404686.08134183,132164261.29041818,0.19816743575928591,0.15746414960865332,0.2572924922685333,0.20419097265557762,0.15744463981801268
40089,505308867.02989775,140000.0,39667.38395626466,52198044.72259134,36194450.240267016,139897177.06655672,132212093.9187308,87549732.7273362,0.10329928510734589,0.07162836950202477,0.2768547836669555,0.2616460991390206,0.1732598385655404
40091,405714804.466916,150000.0,45925.47196881619,41576800.43512001,53230951.473840006,82892390.16346002,82041378.09850001,84949269.767496,0.10247789821164976,0.1312028816492959,0.20431196803965646,0.2022144057727873,0.20938173522929254
40093,179226768.32561997,150000.0,48351.53421169245,13716761.140046509,13478582.293275345,52945756.25046418,44452742.16451535,35445099.338984646,0.07653299374971621,0.07520406923137396,0.29541210135682466,0.24802512805315674,0.19776677150473324
40095,397082703.586206,160000.0,46656.87940900349,40528440.2709,46782342.09855,66905926.862526,64721602.410900004,89820647.07462001,0.10206548888902017,0.11781510923553393,0.16849368219333893,0.16299275145045206,0.22620135871800845
40097,630268912.5603946,166461.5384615385,42426.135728877125,83914377.32583784,67035650.63594594,143981616.92087567,137935213.8719027,107578321.44930811,0.1331405938854661,0.1063603952218131,0.22844473851005437,0.21885136823829188,0.1706863837092704
40099,377673665.988242,175000.0,51636.53123051505,42895401.55265787,55027907.21744735,88331448.66867101,76363089.42629471,60582804.69928945,0.11357795212016007,0.14570226143106446,0.23388299641580257,0.20219331211901895,0.16041045525576983
40101,1591386648.2707999,200000.0,50891.4403281688,262874514.84408882,236821208.12915555,247123804.54563552,198644790.22026664,250948302.0286755,0.1651858240294577,0.14881437417266594,0.1552883485695699,0.12482496974328268,0.15769159701154703
40103,335180951.2879223,150000.0,49672.886636922725,64252873.01323529,19845577.558117647,72030769.83807059,62510102.94687058,88476552.32555765,0.19169607570581096,0.0592085483433997,0.21490114387853668,0.18649658552097745,0.2639665290810509
40105,348623155.48441,214023.43749999994,53451.36348413661,56337455.954175,35847183.190175,60739186.68725,55661451.8003,55525295.1714,0.1615998681323804,0.10282502073152751,0.17422591050457686,0.15966079970493846,0.15927024438249923
40107,202857402.233458,150000.0,45925.47196881619,20788400.217560004,26615475.736920003,41446195.08173001,41020689.04925001,42474634.883748,0.10247789821164976,0.1312028816492959,0.20431196803965646,0.2022144057727873,0.20938173522929254
40109,24659780205.24446,213865.80086580085,59664.12039889223,5449951121.3772,3912476258.70064,2605777186.3934,2138664542.77196,4351915452.3661995,0.22100566493362925,0.15865819671290352,0.10566911646030092,0.08672682907032256,0.17647827418350898
40111,759028460.0721966,156483.8709677419,50150.444998950006,108636812.5104059,113038944.3038706,129925284.50781648,116041323.46178707,135210962.9847706,0.14312613851142378,0.14892583117781732,0.17117313953610958,0.15288138662251158,0.1781368816814981
40113,931794876.4428444,175000.0,48617.947869269774,125122579.93161875,142488831.62164626,210749156.79699373,181551048.25765374,198931373.75647247,0.1342812491192032,0.1529186682863097,0.22617548360164322,0.19484014437891142,0.21349266752345655
40115,567242021.3043551,166461.5384615385,42426.135728877125,75522939.59325406,60332085.572351344,129583455.2287881,124141692.48471242,96820489.30437729,0.1331405938854661,0.1063603952218131,0.22844473851005437,0.21885136823829185,0.1706863837092704
40117,358382644.7857094,175000.0,48617.947869269774,48124069.20446875,54803396.777556255,81057367.99884374,69827326.25294375,76512066.82941249,0.1342812491192032,0.1529186682863097,0.22617548360164325,0.19484014437891145,0.21349266752345658
40119,1880248895.8480592,220000.0,43216.468255953536,381769130.83117497,199907984.3502444,226735476.50164944,151356239.3099522,330508352.2972244,0.20304180562168792,0.10631995837980736,0.12058801204581145,0.08049798068977733,0.175779043416565
40121,710000907.8171029,150000.0,45925.47196881619,72759400.76146,93154165.07922,145061682.786055,143572411.672375,148661222.09311798,0.10247789821164978,0.1312028816492959,0.20431196803965646,0.2022144057727873,0.20938173522929254
40123,727984956.5747111,160000.0,46656.87940900349,74302140.49665001,85767627.18067501,122660865.91463101,118656271.08665001,164671186.30347002,0.10206548888902017,0.11781510923553394,0.16849368219333893,0.16299275145045206,0.22620135871800842
40125,1357499009.3262572,150000.0,40682.83448692626,195936430.94357142,126854736.00705716,336784226.2751429,258681180.6702,254603676.68737143,0.14433633438953078,0.09344738753807022,0.24809169212012383,0.19055717823218635,0.18755348986496442
40127,224581718.6799546,140000.0,39667.38395626466,23199130.987818375,16086422.329007564,62176523.140691884,58760930.63054703,38910992.32326054,0.10329928510734589,0.07162836950202477,0.2768547836669555,0.2616460991390206,0.1732598385655404
40129,59742256.10853981,150000.0,48351.53421169245,4572253.713348823,4492860.764425102,17648585.416821342,14817580.72150507,11815033.112994846,0.07653299374971621,0.07520406923137396,0.29541210135682466,0.2480251280531567,0.19776677150473324
40131,2440362088.39087,214023.43749999994,53451.36348413661,394362191.679225,250930282.33122498,425174306.81075,389630162.6021,388677066.1998001,0.1615998681323804,0.10282502073152751,0.17422591050457686,0.15966079970493846,0.15927024438249923
40133,456429155.0252805,150000.0,45925.47196881619,46773900.48951,59884820.40807,93253938.9338925,92296550.3608125,95567928.488433,0.10247789821164975,0.1312028816492959,0.20431196803965646,0.2022144057727873,0.20938173522929257
40135,819806841.5292401,171734.2342342342,44270.80902523167,61629536.85424001,81489788.27496001,171519528.2962,160800055.047592,151294228.26040003,0.07517568008981035,0.09940120543877348,0.20921944000400539,0.19614383157335086,0.1845486285259353
40137,830882065.1741327,175000.0,51636.53123051505,94369883.41584736,121061395.87838422,194329187.0710763,167998796.73784843,133282170.33843684,0.11357795212016007,0.14570226143106446,0.23388299641580254,0.20219331211901892,0.16041045525576983
40139,358453536.65123993,150000.0,48351.53421169245,27433522.280093018,26957164.58655069,105891512.50092836,88905484.3290307,70890198.67796929,0.07653299374971621,0.07520406923137396,0.29541210135682466,0.24802512805315674,0.19776677150473324
40141,271533530.43359995,150000.0,41412.39285642427,40692170.22752727,29390954.539795447,72244007.0708409,65391740.86064544,55875332.77418181,0.1498605721457226,0.10824060841717163,0.2660592485778004,0.24082381559369206,0.20577691707155632
40143,20141613481.89526,225000.0,58818.50151967993,4278367546.1883597,3317208428.5178804,2502673932.56902,2044622112.44006,3799182545.2446003,0.21241434059064165,0.1646942749397722,0.12425389529089138,0.10151232989739944,0.188623545410579
40145,1989233310.3385003,200000.0,50891.4403281688,328593143.5551111,296026510.1614445,308904755.68204445,248305987.77533334,313685377.53584445,0.1651858240294577,0.14881437417266594,0.1552883485695699,0.12482496974328268,0.15769159701154703
40147,1003471405.3999863,175000.0,48617.947869269774,134747393.7725125,153449510.9771575,226960630.3967625,195516513.50824252,214233787.12235498,0.1342812491192032,0.1529186682863097,0.22617548360164325,0.19484014437891145,0.21349266752345658
40149,217226824.34688,150000.0,41412.39285642427,32553736.18202182,23512763.631836362,57795205.65667272,52313392.68851636,44700266.21934546,0.1498605721457226,0.10824060841717163,0.2660592485778004,0.24082381559369206,0.20577691707155632
40151,238969024.4341598,150000.0,48351.53421169245,18289014.85339533,17971443.057700448,70594341.66728552,59270322.886020415,47260132.45197949,0.07653299374971621,0.07520406923137396,0.29541210135682466,0.2480251280531567,0.1977667715047332
40153,298711280.5426999,150000.0,48351.53421169245,22861268.566744175,22464303.82212557,88242927.08410694,74087903.60752556,59075165.56497439,0.07653299374971621,0.07520406923137396,0.29541210135682466,0.2480251280531567,0.19776677150473324
41001,404539118.738712,350000.0,45433.41405421294,42855520.69144001,40423888.7,96763801.182796,70592509.04811601,85618083.77067602,0.10593665409925408,0.09992578425056937,0.23919516481988193,0.17450106992918785,0.21164352173806936
41003,2938367097.6536064,500000.0,52449.299353008704,370528481.85008335,343610776.79884994,310584238.8353833,223120622.22174996,623056752.4465165,0.12610013301127823,0.11693936304733187,0.10569960407036826,0.07593354227248186,0.21204183539355928
41005,16355736857.738045,562500.0,73523.57195214715,3522101664.4453,2127310966.03,2209730307.997604,1506593122.11202,3646739134.645924,0.215343502715927,0.13006512543783988,0.13510429564976528,0.09211404751839336,0.22296391574193242
41007,1119897657.6655483,450000.0,56470.89934659311,128356680.50054118,206471861.79663527,207735872.20736468,131566758.864,202978089.9556306,0.11461465217107744,0.1843667234977797,0.18549540735748546,0.11748105549060067,0.1812469992827228
41009,1026572852.860086,450000.0,56470.89934659311,117660290.45882942,189265873.31358233,190424549.52341762,120602862.292,186063249.1259947,0.11461465217107744,0.1843667234977797,0.18549540735748546,0.11748105549060067,0.1812469992827228
41011,1546966523.104293,399806.5068493151,53637.46996240898,207674855.90034616,194077854.11096925,266027301.93430772,198494081.4096985,435454956.53379077,0.13424650940965785,0.12545704849611988,0.17196707101358052,0.12831181440913214,0.2814895797873923
41013,753241371.1023525,500000.0,57308.03863066356,190071824.0930865,95968370.09797838,118523074.77981298,90649458.17072108,156923392.19014594,0.25233853501025905,0.12740719479803764,0.1573507235885849,0.12034583023242279,0.20833081958906738
41015,562533281.1288337,399806.5068493151,53637.46996240898,75518129.41830768,70573765.13126153,96737200.7033846,72179665.96716306,158347256.9213784,0.13424650940965785,0.12545704849611988,0.17196707101358052,0.12831181440913214,0.2814895797873923
41017,7163678554.125337,579989.7959183673,67094.92377034412,1484588490.1007233,1195327261.8770893,617116084.9411266,462121824.7105806,1459864206.4765332,0.20723828950222725,0.16685942185230213,0.08614513902019638,0.0645090118462196,0.20378695043984676
41019,2523098385.25094,350000.0,54118.19281135387,246292813.5486,204285205.5874,590258948.44394,416010170.46174,384103202.5964001,0.09761522380115369,0.08096600861130605,0.2339421054265526,0.16488067722351812,0.152234730457488
41021,90431850.30030139,375000.0,49739.56053997368,11225217.241078567,10272219.149442852,18066320.29189499,14057642.876905706,16830240.283584278,0.12412902316830242,0.11359072180134985,0.19977828864389366,0.1554501299069279,0.1861096530447546
41023,271295550.9009042,375000.0,49739.56053997368,33675651.723235704,30816657.44832856,54198960.87568498,42172928.63071712,50490720.85075284,0.12412902316830242,0.11359072180134987,0.19977828864389366,0.1554501299069279,0.1861096530447546
41025,179024137.37537482,280000.0,41543.807778141025,20471146.606319997,15272426.24653714,34132373.79477599,28942969.790477134,31381345.16525999,0.11434852811716913,0.08530931342802212,0.190657943086232,0.1616707680584434,0.175291140207871
41027,542591101.8018084,375000.0,49739.56053997368,67351303.44647141,61633314.89665712,108397921.75136995,84345857.26143424,100981441.70150568,0.12412902316830242,0.11359072180134987,0.19977828864389366,0.1554501299069279,0.1861096530447546
41029,5403086611.22544,435000.0,53933.29650222296,841245286.4236,679352658.7942001,763738775.365,635227919.7542,898013465.7936201,0.15569716848066636,0.12573417893816075,0.14135231032170725,0.1175675989413999,0.16620378876176248
41031,860847281.2598313,500000.0,57308.03863066356,217224941.82067025,109678137.25483242,135454942.60550052,103599380.76653837,179341019.64588106,0.25233853501025905,0.12740719479803764,0.1573507235885849,0.12034583023242279,0.20833081958906738
41033,1546966523.104293,399806.5068493151,53637.46996240898,207674855.90034616,194077854.11096925,266027301.93430772,198494081.4096985,435454956.53379077,0.13424650940965785,0.12545704849611988,0.17196707101358052,0.12831181440913214,0.2814895797873923
41035,1312843674.0860822,280000.0,41543.807778141025,150121741.77967998,111997792.47460571,250304074.49502397,212248445.13016567,230129864.54523996,0.11434852811716911,0.08530931342802212,0.190657943086232,0.1616707680584434,0.175291140207871
41037,119349424.91691649,280000.0,41543.807778141025,13647431.07087999,10181617.49769142,22754915.863183983,19295313.19365141,20920896.776839983,0.11434852811716913,0.08530931342802212,0.190657943086232,0.1616707680584434,0.175291140207871
41039,9831748819.64146,435770.6210480574,52219.5723834511,1524597137.1101398,1369766873.78962,1350677347.39136,936282909.05602,1785676458.60548,0.15506876396845726,0.13932077587795536,0.13737915524174427,0.09523055625521604,0.18162348238983989
41041,1783169090.408601,450000.0,53856.00023842733,334275480.8550914,300111680.27232003,247936461.2430034,200064624.19619656,373804838.6360743,0.18746145985431725,0.1683024239745831,0.13904259701259764,0.1121961037078952,0.20962949652207097
41043,3290816952.4400973,450000.0,52440.12280668663,497467427.6165166,367813634.55503,476283799.0120406,385509051.64973,625720635.3961073,0.15116836785700008,0.11176970335050117,0.14473117341239003,0.11714691434413578,0.19014142823475602
41045,477397699.6676662,280000.0,41543.807778141025,54589724.28351999,40726469.990765706,91019663.45273598,77181252.77460569,83683587.10735998,0.11434852811716913,0.08530931342802212,0.190657943086232,0.1616707680584434,0.175291140207871
41047,8934113238.19454,441658.5434173669,50918.13853551068,1354201443.8957,1530610937.3512,1578867487.18498,1320549489.41192,2068314854.36494,0.15157648082031308,0.17132208833078494,0.176723469368522,0.1478097998317721,0.23150757094980784
41049,271295550.9009042,375000.0,49739.56053997368,33675651.723235704,30816657.44832856,54198960.87568498,42172928.63071712,50490720.85075284,0.12412902316830242,0.11359072180134987,0.19977828864389366,0.1554501299069279,0.1861096530447546
41051,32363042921.6284,527898.3362029586,68992.13577064955,7019908092.60844,5610011287.74376,2599847037.60424,2279603404.3642,6738343738.67162,0.21691124995903885,0.17334622400400299,0.08033382534207709,0.07043847545129103,0.20821106825428792
41053,1501616076.1335588,450000.0,53856.00023842733,281495141.77270854,252725625.49248,208788598.94147655,168475473.0073234,314783022.0093257,0.18746145985431725,0.16830242397458306,0.13904259701259764,0.1121961037078952,0.20962949652207094
41055,90431850.30030139,375000.0,49739.56053997368,11225217.241078567,10272219.149442852,18066320.29189499,14057642.876905706,16830240.283584278,0.12412902316830242,0.11359072180134985,0.19977828864389366,0.1554501299069279,0.1861096530447546
41057,1026572852.860086,450000.0,56470.89934659311,117660290.45882942,189265873.31358233,190424549.52341762,120602862.292,186063249.1259947,0.11461465217107744,0.1843667234977797,0.18549540735748546,0.11748105549060067,0.1812469992827228
41059,1328660675.4353828,362500.0,47586.48729709331,148979714.37017953,138946187.9305476,299986504.02219963,223238650.65544653,269657049.58771944,0.11212773669346468,0.10457612729827873,0.22578112648957446,0.16801780528523166,0.20295403828321834
41061,539385491.6516159,350000.0,45433.41405421294,57140694.25525333,53898518.26666666,129018401.5770613,94123345.39748798,114157445.02756798,0.10593665409925408,0.09992578425056937,0.23919516481988193,0.17450106992918785,0.21164352173806936
41063,202269559.369356,350000.0,45433.41405421294,21427760.345720004,20211944.35,48381900.591398,35296254.52405801,42809041.88533801,0.10593665409925408,0.09992578425056937,0.23919516481988193,0.17450106992918785,0.21164352173806936
41065,723454802.4024115,375000.0,49739.56053997368,89801737.92862858,82177753.19554286,144530562.33516002,112461143.0152457,134641922.26867428,0.12412902316830242,0.11359072180134987,0.19977828864389366,0.1554501299069279,0.18610965304475457
41067,25138926484.89458,552423.2478632478,75467.25466077158,4529349918.243,4727969223.91166,2154908818.72618,1404012728.09394,4861145607.98924,0.18017276596773474,0.18807363260927595,0.08572000160870101,0.05585014654215962,0.19337124880452605
41069,90431850.30030139,375000.0,49739.56053997368,11225217.241078567,10272219.149442852,18066320.29189499,14057642.876905706,16830240.283584278,0.12412902316830242,0.11359072180134985,0.19977828864389366,0.1554501299069279,0.1861096530447546
41071,3153228643.6388803,451011.81102362205,58535.1249074399,434917060.40547997,338437217.41508,448651935.53522,263717191.78300002,749812679.43918,0.1379275369969931,0.10733037646915373,0.14228335025444522,0.08363402137520412,0.23779204243618796
42001,2936298741.860651,271284.94623655913,48906.52312431338,320232522.34750915,414103882.1931818,524674446.3882,413570509.30263275,706513445.0506146,0.10905992560708816,0.1410292066980813,0.1786856490139448,0.14084755866515292,0.2406136116119154
42003,45598374795.046455,231002.60016432265,66722.13379697743,10504772066.00734,7791600974.09138,3586285736.1858797,2998600560.93294,8736598519.1078,0.23037601917225606,0.1708745324611397,0.07864942012309335,0.06576112798780474,0.19159890146034092
42005,1341038481.3767953,150000.0,44415.88482934247,165831332.2300916,115542509.12001258,275840600.876427,230262428.67722464,247509176.76467904,0.12365889162243772,0.08615898106174351,0.2056917864081212,0.171704564689913,0.18456530532261117
42007,4289951040.0984893,187500.0,50905.795238143626,743182551.1143777,647593936.7756444,790295542.7242888,589951857.1615645,814895975.1181421,0.1732380029906625,0.15095602041201311,0.18422017765175827,0.13751948487226098,0.18995460962170646
42009,865171642.2714894,160000.0,44734.119851443626,75133629.96827692,83228461.72424616,259854719.60719386,232835632.37896618,161191636.8538954,0.08684245564384797,0.09619878606484562,0.3003504818130087,0.2691207397501625,0.18631174321743862
42011,11933271444.88794,248887.09677419355,53338.02288212376,1922140818.8186002,1819837519.59774,2246979552.22198,1802480480.52724,2366152122.5165997,0.1610740883332559,0.15250114170304363,0.18829535241859913,0.1510466336789313,0.19828193244780573
42013,2654955792.104584,162206.22568093386,45860.58846590087,412298572.6028705,279737367.88545096,550402436.1040407,438107689.9637976,494102109.3462055,0.1552939502152845,0.10536422817937133,0.20731133743953475,0.16501506023816295,0.18610558820436351
42015,1200130286.076395,175000.0,50987.87794198396,172109980.90258533,126550987.67012924,310273279.83602923,266804752.3134146,198604257.33431703,0.14340941387727763,0.10544770775168452,0.258532997155176,0.2223131566704175,0.16548558072275393
42017,26436103075.56858,405348.3606557377,76843.80988400204,6655287593.527,4923296842.39926,2638943004.10924,1728508577.20356,5549098349.70136,0.2517499487160651,0.18623383440160726,0.09982344964254844,0.06538439392003255,0.20990606421222735
42019,7165882567.70146,275000.0,67623.71840008172,1678360913.2364001,1286067004.9798,1060986180.9873999,900066703.6793599,1273725943.4934,0.23421552019303518,0.17947084575128908,0.14806078259913819,0.12560444511555355,0.17774864874766744
42021,3070183641.826,150000.0,48038.422835286576,422064139.71199995,306475980.6066,468001041.41146,412320473.64866,573121431.9892,0.13747195247935598,0.09982333839298374,0.15243421762651144,0.13429830972698142,0.18667333907372866
42023,152711692.35605824,150000.0,48657.85104765945,10875622.625488002,12419368.624944001,52607332.703600004,45003596.180576004,24516924.761959203,0.07121669898157312,0.08132559094419145,0.3444879163603416,0.2946964668274836,0.1605438613357531
42025,2427124687.891422,269868.1818181818,62495.52745538322,425917615.1853677,237830128.11164904,386557955.94057286,348633392.59619874,491552884.9621096,0.17548237933972236,0.0979884260986465,0.159265800339412,0.14364049541232096,0.20252477650381817
42027,3767931066.28218,300000.0,42593.299642587066,620867295.0616,548937649.4148,319196649.42512,305703420.45174,585291387.76966,0.1647767127741565,0.14568675481540516,0.0847140363796707,0.08113296529954243,0.15533495105768147
42029,26478342093.725418,432511.57407407404,88039.2446547216,8040837737.621599,5028587390.5312,1674865801.6288,1242387122.4239202,5881985341.70998,0.30367602734187193,0.18991322692076051,0.06325417942332928,0.04692088039448395,0.222143264139783
42031,790544096.4549379,140000.0,44822.42670872273,68493839.40125997,73986870.07447954,192144583.1522764,171855242.88626483,136697109.8288524,0.08664139003555789,0.09358980783774265,0.24305359310621188,0.2173885601788955,0.17291522439019857
42033,1527116923.5605824,150000.0,48657.85104765945,108756226.25488001,124193686.24944001,526073327.0360001,450035961.80576,245169247.619592,0.07121669898157312,0.08132559094419145,0.3444879163603416,0.2946964668274836,0.1605438613357531
42035,868034957.0059997,200000.0,48431.085450073726,181200147.8519047,88121674.21642853,169246233.76146185,135748042.4969571,217199779.9327333,0.20874752380583247,0.10151857768536786,0.19497628798870142,0.15638545590971958,0.2502200840872726
42037,1382183191.4105082,199761.62790697676,49183.661811389975,166741783.1364324,151071537.97465944,340296036.2492195,231135814.13838702,209512734.53422698,0.1206365293491043,0.10929921512103762,0.2462018337105878,0.16722516637068532,0.15158101750638475
42039,1633379673.7262065,150000.0,45183.87953623555,167205347.25537777,144054299.59905,349342318.10082054,309133071.35735494,312433115.18762165,0.10236771642562106,0.0881940077473971,0.21387698385144632,0.18925977611324984,0.19128015378988542
42041,8510224650.63118,270000.0,56352.67407360302,1908295798.3625333,1466687634.5262668,1129173298.39836,1079132411.9497333,1788026196.1143732,0.22423565495665268,0.17234417359563906,0.132684311490486,0.12680422153952153,0.210103289809366
42043,8918995111.627941,237500.0,59241.58368687087,1884559162.78936,1128495706.3452,1065420492.96696,892015253.98278,1710692989.5222,0.211297252571919,0.12652722556983453,0.11945521660595393,0.10001297711441,0.1918033330113526
42045,20703589596.123398,318750.0,70699.01557315286,5165849176.9432,4010140761.2166796,1900551976.6679158,1555910674.13322,4029999972.72904,0.24951466280564552,0.1936930184303668,0.09179818638907819,0.07515173477088985,0.1946522342909864
42047,687202615.602262,150000.0,48657.85104765945,48940301.814696,55887158.812248,236732997.1662,202516182.812592,110326161.4288164,0.07121669898157312,0.08132559094419145,0.3444879163603416,0.2946964668274836,0.1605438613357531
42049,6309111041.65586,180000.0,49003.62464571533,956760448.0402,676315616.6240001,918056333.2785001,741261135.7732401,1169387982.00476,0.1516474257186466,0.10719665768420164,0.1455127873351792,0.1174905832024621,0.185349088688388
42051,2631341233.21692,150000.0,49178.43294615408,320384958.82519996,259541755.814,651366645.0098801,521334301.5166,549369190.99384,0.12175728285666566,0.09863477702460499,0.24754168588524655,0.19812493147429913,0.20877915188605706
42053,121622168.68537498,140000.0,44822.42670872273,10537513.754039988,11382595.396073766,29560705.100350194,26439268.136348415,21030324.5890542,0.08664139003555789,0.09358980783774265,0.24305359310621188,0.2173885601788955,0.1729152243901986
42055,3967120610.6122694,260642.47311827957,50370.112853755054,448199400.2268909,485609109.91125816,889994232.86584,713774609.8084873,803536240.6934254,0.1129785162134805,0.12240845630259554,0.22434262030880928,0.17992258866521485,0.20254898188472542
42057,216292910.5678723,160000.0,44734.119851443626,18783407.492069226,20807115.431061532,64963679.90179845,58208908.09474152,40297909.21347384,0.08684245564384797,0.09619878606484562,0.3003504818130087,0.2691207397501625,0.18631174321743865
42059,813987610.4726627,166711.11111111112,52825.95606709165,99745504.78982855,93718487.2261257,217062926.6332,141944648.14123428,192985756.51251426,0.12253934028788077,0.11513502910898812,0.2666661308360171,0.1743818288079477,0.2370868475509746
42061,908274349.9305156,162206.22568093386,45860.58846590087,141049511.67992938,95699625.85554901,188295570.2461192,149878946.56656232,169034932.1447545,0.15529395021528447,0.10536422817937133,0.20731133743953475,0.16501506023816295,0.1861055882043635
42063,1693943344.8970046,150000.0,44415.88482934247,209471156.50116834,145948432.57264748,348430232.68601304,290857804.64491534,312643170.6501209,0.12365889162243772,0.08615898106174351,0.2056917864081212,0.171704564689913,0.18456530532261117
42065,790544096.4549379,140000.0,44822.42670872273,68493839.40125997,73986870.07447954,192144583.1522764,171855242.88626483,136697109.8288524,0.08664139003555789,0.09358980783774265,0.24305359310621188,0.2173885601788955,0.17291522439019857
42067,491548730.28605413,200000.0,43655.84493946718,43513564.828421034,30935181.01515788,149503268.89239785,145165605.07288417,96386684.80144419,0.08852339991418257,0.06293410827682398,0.3041474012259074,0.29532291740110045,0.19608775053767807
42069,5022942251.503532,190234.04255319148,49202.03595869432,947896965.6377938,599111281.1426188,847013426.156175,669159696.24585,939495936.6001875,0.1887134906546172,0.1192749689613264,0.1686289397220595,0.13322066285861606,0.18704095917466806
42071,15484241520.024633,285132.4725416396,52784.54681280193,2605473471.9812,2255803123.6806803,2542998102.21344,2263673904.59248,2877632935.4909,0.16826613487084482,0.14568379863898503,0.16423136379814066,0.14619210774160535,0.18584267958940504
42073,2232183016.749311,175000.0,51453.99704113523,463451461.59402215,412574692.7275555,424947667.39295113,332378428.11027557,444404869.36433774,0.2076225193527986,0.18483013696985331,0.1903731298931729,0.14890285680710555,0.1990897995503598
42075,4001286971.24446,218948.71794871794,51817.389130194126,672142627.4982,362187541.7166,904830432.1199,765388151.5854,640513967.6565,0.16798160999913325,0.09051776198995151,0.226134850767398,0.19128549316405388,0.16007698829391648
42077,10823993793.923227,267467.04545454547,57173.091081289014,1865043350.1022973,993902204.6913993,1749468851.2149417,1522153599.9094954,2160816006.585638,0.1723063949971372,0.09182398138932718,0.1616287744175466,0.14062772289873798,0.19963204411654012
42079,8467879077.137251,188606.81714546276,50178.30183533262,1174101069.3329675,897506905.0491406,1818133310.6683006,1438166651.082473,1458370184.408973,0.1386534997296983,0.10598957506046038,0.2147094088267212,0.16983788242388037,0.17222378486089654
42081,2777711862.4192,200000.0,48431.085450073726,579840473.1260952,281989357.4925714,541587948.0366781,434393735.99026287,695039295.7847468,0.20874752380583247,0.10151857768536787,0.1949762879887014,0.15638545590971958,0.2502200840872726
42083,916270154.1363493,150000.0,48657.85104765945,65253735.752927996,74516211.749664,315643996.2216,270021577.083456,147101548.5717552,0.07121669898157312,0.08132559094419145,0.3444879163603416,0.2946964668274836,0.16054386133575313
42085,2359666927.7378798,185718.75000000003,44134.79711470831,257783698.9748,245920791.4304,587589717.7826,533367060.75979996,511093549.062,0.10924579903398787,0.10421843377114016,0.24901383787494927,0.22603489267492427,0.21659563180468241
42087,1065022248.9531175,200000.0,43655.84493946718,94279390.46157892,67026225.532842085,323923749.26686203,314525477.6579158,208837817.0697958,0.08852339991418257,0.06293410827682398,0.3041474012259074,0.29532291740110045,0.19608775053767807
42089,4421497392.74332,260000.0,53419.72710487405,707798638.3194,686399669.162,777326707.3654001,674591734.0281601,1108311900.692,0.16008120676064583,0.15524145061999525,0.17580621185962236,0.152570876810946,0.25066437956312965
42091,39935384193.26162,401916.0992076204,83565.04550362795,10270951230.251518,7658384706.46964,2705751641.42758,2275899046.8822803,7795931713.23732,0.2571892430168371,0.19176940102561615,0.0677532392910878,0.05698953679444751,0.19521364000180932
42093,340360948.7417433,200000.0,49548.54982485924,26370606.49744827,26776021.69728551,74895125.38767445,74353485.70825653,62341767.9103448,0.07747835524297346,0.07866948836601825,0.22004617646222055,0.2184548080005322,0.18316369178312536
42095,9627697032.510483,290000.0,59630.69766736581,1534014161.9353347,1243432689.8201118,1455774878.2416651,1251950212.644586,1700756100.661364,0.1593334477347311,0.12915162220220788,0.15120696811769768,0.13003631173862687,0.1766524325514511
42097,2127255929.6358962,200000.0,49548.54982485924,164816290.60905173,167350135.6080345,468094533.67296547,464709285.6766034,389636049.4396551,0.07747835524297346,0.07866948836601825,0.22004617646222058,0.2184548080005322,0.18316369178312536
42099,1138840225.34184,240000.0,45110.92051369917,136034660.56326666,133704416.23853333,240487484.34817997,222423365.36556664,229087720.04242665,0.11945017179423374,0.11740401617654482,0.21116876537794757,0.19530690997396313,0.20115878851545002
42101,48195333945.9639,244090.9090909091,56704.73588153331,10621048675.0326,7134117384.20438,5469962098.339041,4300306023.8810005,9209268229.10148,0.2203750405991752,0.14802506384130626,0.11349567791089288,0.08922660498010987,0.19108215412360904
42103,1615539291.8525715,260000.0,54489.17908677615,311292890.0189285,239267159.65547618,267638379.38219047,216023824.17790475,325111321.6882977,0.19268667223931316,0.14810358427191436,0.1656650387470825,0.13371623040513356,0.20124012045258644
42105,534490923.2462039,150000.0,48657.85104765945,38064679.18920801,43467790.187304005,184125664.46260005,157512586.63201603,85809236.66685721,0.07121669898157312,0.08132559094419145,0.3444879163603416,0.2946964668274836,0.1605438613357531
42107,3593892186.66582,150000.0,51835.232669375626,591677658.71684,292219346.75,952238447.3174601,825991054.204,602278025.75558,0.16463422606613032,0.081309992501779,0.26496021523697544,0.2298318957003273,0.1675837767171125
42109,655398307.0480721,200000.0,43655.84493946718,58018086.4378947,41246908.0202105,199337691.85653043,193554140.09717888,128515579.73525889,0.08852339991418257,0.06293410827682398,0.3041474012259074,0.29532291740110045,0.19608775053767807
42111,1730343284.5429788,160000.0,44734.119851443626,150267259.93655384,166456923.44849232,519709439.2143877,465671264.75793236,322383273.7077908,0.08684245564384797,0.09619878606484562,0.3003504818130087,0.2691207397501625,0.18631174321743862
42113,320034742.95370543,175000.0,50987.87794198396,45895994.9073561,33746930.04536781,82739541.28960782,71147933.9502439,52961135.28915123,0.14340941387727763,0.10544770775168452,0.258532997155176,0.22231315667041748,0.16548558072275393
42115,960104228.8611162,175000.0,50987.87794198396,137687984.72206828,101240790.1361034,248218623.8688234,213443801.8507317,158883405.86745366,0.14340941387727763,0.10544770775168452,0.258532997155176,0.2223131566704175,0.16548558072275393
42117,800086857.3842634,175000.0,50987.87794198396,114739987.26839022,84367325.1134195,206848853.2240195,177869834.87560973,132402838.22287804,0.14340941387727763,0.10544770775168452,0.258532997155176,0.22231315667041748,0.16548558072275393
42119,901172672.1910996,200000.0,43655.84493946718,79774868.85210526,56714498.52778947,274089326.3027295,266136942.6336211,176708922.13598108,0.08852339991418257,0.06293410827682398,0.3041474012259074,0.29532291740110045,0.19608775053767807
42121,1033788433.8256882,140000.0,44822.42670872273,89568866.90933998,96752060.8666271,251265993.3529769,224733779.15896174,178757759.00696087,0.08664139003555789,0.09358980783774265,0.24305359310621188,0.2173885601788955,0.1729152243901986
42123,923214598.1930734,150000.0,45183.87953623555,94507370.18782222,81421995.42555001,197454353.70915946,174727388.158505,176592630.32343835,0.10236771642562105,0.0881940077473971,0.21387698385144632,0.18925977611324984,0.19128015378988542
42125,6338564769.5739765,208355.55555555556,56868.83796442151,1243957911.2839713,747748320.0685143,1224619574.4307199,896482127.9108057,1340816476.082286,0.19625229945667644,0.11796808066990401,0.19320139794249166,0.14143298372749127,0.21153313483809427
42127,1098566718.4597485,260000.0,54489.17908677615,211679165.21287137,162701668.56572378,181994097.9798895,146896200.44097522,221075698.7480424,0.19268667223931316,0.14810358427191436,0.1656650387470825,0.13371623040513356,0.20124012045258644
42129,10622081212.27746,210000.0,57357.28615765082,1932587106.102,1239833291.005,1744934602.63164,1550354719.0356,2198733890.84044,0.18194053194285809,0.11672225679953824,0.16427426676184412,0.14595583370645226,0.20699652421213352
42131,714693064.1187267,200000.0,52225.39191985453,139113737.67300627,82732875.73998125,128096102.944425,102450369.78994998,140179436.65241247,0.1946482268504236,0.11576000928733994,0.17923232975875827,0.14334876737089847,0.196139355046442
42133,13455002890.21814,253343.25396825396,54817.40673058512,2443574686.46308,2101090798.2024,2258236917.05028,2104257319.1585999,2850359992.98614,0.18161086299279594,0.15615684480676734,0.16783622682772,0.15639218633601382,0.2118438781650777
44001,1860462648.3341422,500000.0,79781.85235536241,588551420.3732742,239630895.81105086,123349767.990724,109526601.72831142,367922734.4870189,0.31634680809112886,0.12880177735662487,0.06630058824409689,0.058870626522054346,0.1977587321177648
44003,6381416695.73624,375000.0,70361.28447804444,1260520228.7912,963218380.9076,692051530.31788,396642764.2374,1457551869.664,0.19752984155280437,0.1509411509753276,0.10844794554479979,0.06215591037996592,0.22840568782130571
44005,4059191232.729038,500000.0,79781.85235536241,1284112189.9053257,522831045.4059292,269126766.525216,238967131.04358858,802740511.6080412,0.31634680809112886,0.12880177735662487,0.06630058824409689,0.058870626522054346,0.1977587321177648
44007,21061745869.87234,372883.5227272727,58944.025652215874,3325089853.1976,3001976664.2044,2791565868.22724,2185370069.2868,4584994048.43248,0.15787342007359212,0.1425321852590844,0.13254199749036097,0.10376015752867147,0.21769297173939695
44009,5061132474.71274,475000.0,70224.25767247214,1131805775.4358,666297424.9488,562841866.48434,429571075.03996,745830268.81312,0.22362698093573202,0.13164986853789432,0.11120868092200763,0.08487647323721588,0.14736430483484864
45001,544109891.4678673,200000.0,43832.69802372724,59916019.35806665,57573725.84097035,99489810.53851257,72135392.68638368,94756916.47588441,0.11011749703066191,0.1058126800188311,0.18284874452496147,0.13257504378716792,0.1741503287511551
45003,4379107129.09118,200000.0,51783.30687381666,561454883.6116,430569621.5547,650927660.94944,566639132.6416,1038096972.17422,0.12821218277163315,0.09832361001044031,0.1486439225533472,0.12939604260359755,0.23705676558537675
45005,213513130.628875,206136.36363636382,46227.47077215155,24816011.17415,18995136.873025,42999059.9050575,34105220.07980375,35734595.26864,0.11622709620273793,0.08896472463813963,0.20138836322810402,0.15973359567793927,0.16736486024718208
45007,5684817344.080672,237500.0,50350.016377327,954019711.7847333,785484671.3938296,761813513.7978075,630309206.0752963,1000130562.5125556,0.16781888564601083,0.13817236752764223,0.13400844172962695,0.11087589414488525,0.1759301138415544
45009,427026261.25775,206136.36363636382,46227.47077215155,49632022.3483,37990273.74605,85998119.810115,68210440.1596075,71469190.53728,0.11622709620273793,0.08896472463813963,0.20138836322810402,0.15973359567793927,0.16736486024718208
45011,348845059.6742275,145185.95041322315,43482.007144847004,36016396.44081569,39774075.91356863,67159106.62611452,52679851.21884549,74542662.2845804,0.10324467967082569,0.11401645174712251,0.19251843981632344,0.15101217505571415,0.21368415638218533
45013,5023198304.405031,328068.1818181819,57498.83385134318,1252387145.0139625,574619240.9289312,520212158.83472,524454754.2775725,943669322.7008088,0.24932066566348718,0.11439310298082918,0.10356193948754251,0.1044065399165425,0.18786224741979024
45015,7640146691.70016,300000.0,57074.031773258874,1633317690.4302,1115389190.7444,1420482674.35746,947698380.73576,1387230676.78508,0.2137809333169673,0.14599054648467655,0.18592348179657273,0.1240419090074917,0.18157120965911452
45017,174422529.83711374,145185.95041322315,43482.007144847004,18008198.220407844,19887037.956784315,33579553.31305726,26339925.609422743,37271331.1422902,0.10324467967082569,0.11401645174712251,0.19251843981632344,0.15101217505571415,0.21368415638218533
45019,17342338038.942383,485172.4637681159,77115.19326068887,5450789267.125,2801595855.7257,1251646446.0709999,1178415487.649,2853478209.1795,0.3143053292402213,0.1615466063130986,0.07217287791648484,0.0679502086167884,0.1645382648390308
45021,1492434983.186284,200000.0,49153.02467656024,157637867.53507313,228521340.05954206,257764913.12519723,247068231.5178814,300051825.4252138,0.10562461300560183,0.1531197959268275,0.17271433330709007,0.16554706523322135,0.20104850717490966
45023,1203817103.6214454,250000.0,60221.92087928194,291342331.25679266,207397983.52255028,162504792.4879044,121280284.75704391,250079994.4348737,0.24201544435641173,0.17228363253739667,0.13499126403756925,0.10074643763757483,0.20773919367199348
45025,788871804.2936038,120000.0,40323.729371124566,87465200.18203901,80043875.02385364,182917816.62170732,157896276.710999,132124242.24756876,0.11087378165373755,0.10146626433876545,0.23187267642998258,0.20015454456809675,0.1674850609800658
45027,698373883.6035678,200000.0,50096.640272268494,112969551.59083197,70071173.08138664,145335028.6456693,112972789.57999997,100109079.66736531,0.16176084793995413,0.10033475581850733,0.20810490205582885,0.16176548440939267,0.14334596699236288
45029,996394609.6014167,206136.36363636382,46227.47077215155,115808052.14603336,88643972.07411668,200662279.556935,159157693.70575085,166761444.58698666,0.11622709620273793,0.08896472463813963,0.20138836322810402,0.1597335956779393,0.16736486024718208
45031,1070611734.3984624,120000.0,40323.729371124566,118702771.67562439,108630973.24665853,248245608.27231708,214287804.10778442,179311471.6217005,0.11087378165373755,0.10146626433876545,0.23187267642998255,0.20015454456809675,0.1674850609800658
45033,593064945.6871904,150000.0,38211.33445070645,28759214.126172416,85469582.95845518,143051297.96642897,116941385.38560207,108614684.1100345,0.04849252065108792,0.144115047736333,0.24120680037946596,0.19718141535089534,0.18314129826739559
45035,4544952071.17528,300000.0,52367.83545351691,644504208.1808,687179906.2874,738752836.0282,713126639.3874,861586913.4632,0.14180660171717444,0.15119629327789635,0.16254359220055886,0.15690520564785462,0.18957007686120705
45037,600935671.3837152,192444.44444444447,50285.64740914394,77511556.1734088,69729852.64827645,101806322.87757233,81223831.71188998,87333327.21087056,0.12898478134095553,0.11603546930026039,0.1694130132816928,0.13516227373366585,0.14532891184471833
45039,875503348.0883238,250000.0,60221.92087928194,211885331.82312194,150834897.10730928,118185303.62756683,88203843.4596683,181876359.58899903,0.24201544435641176,0.17228363253739667,0.13499126403756925,0.10074643763757483,0.20773919367199348
45041,3265952385.3618402,175000.0,50547.93124021978,547489526.0476,348235743.742,518001660.29748,417144047.7958001,649051717.2439,0.167635489268452,0.1066260932960351,0.1586066173589024,0.12772508554180406,0.19873275561302783
45043,1222154296.3062441,200000.0,50096.640272268494,197696715.283956,122624552.89242667,254336300.12992138,197702381.76500002,175190889.41788936,0.16176084793995413,0.10033475581850734,0.20810490205582885,0.16176548440939267,0.14334596699236288
45045,18226242537.86652,294862.7156125608,60820.66619254751,3701120440.90374,2682311709.38116,1539070907.91038,1407593642.33642,4094561684.132,0.20306546635788245,0.1471675636823353,0.08444257804167991,0.0772289537688324,0.22465199152404622
45047,1545263154.9866965,192444.44444444447,50285.64740914394,199315430.16019413,179305335.38128236,261787687.39947173,208861281.54485998,224571412.82795292,0.12898478134095553,0.1160354693002604,0.1694130132816928,0.13516227373366585,0.14532891184471833
45049,498197304.8007082,206136.36363636382,46227.47077215155,57904026.07301666,44321986.03705832,100331139.77846748,79578846.8528754,83380722.2934933,0.11622709620273793,0.08896472463813963,0.20138836322810402,0.15973359567793927,0.16736486024718208
45051,8602419032.324694,250000.0,47731.13218767029,1533191864.7460966,1031237884.9891069,1066088590.1435184,999654349.7172027,1738935792.8207593,0.17822799133417372,0.119877662447516,0.12392893047148176,0.116206191067986,0.20214497646376964
45053,1047793465.7768987,450000.0,68770.1969305348,308977501.8313375,128981557.51341876,73420983.833225,89550561.46365002,204193290.30491126,0.2948839746793444,0.12309826480716204,0.07007200009477646,0.0854658521822826,0.19487933163766177
45055,2473393467.36564,250000.0,55545.806406691016,509858631.51765525,467739052.3554207,268760708.65762764,207638460.0542483,536594738.7336829,0.20613729204221398,0.18910822662340085,0.10866071743283089,0.08394881881668415,0.21694677608459875
45057,2407634207.242891,250000.0,60221.92087928194,582684662.5135853,414795967.04510057,325009584.9758088,242560569.51408783,500159988.8697474,0.24201544435641173,0.17228363253739667,0.13499126403756925,0.10074643763757483,0.20773919367199348
45059,1316912471.0939,150000.0,43324.47719618706,113354701.0228,138962378.11913,291287002.63659,259891746.14822,271386041.86213,0.08607610870951912,0.10552134721884757,0.2211893417598445,0.19734929378589575,0.2060775091883683
45061,641091539.4010755,180000.0,44768.87292530869,75910068.21276,46696543.104805715,131210150.34324755,111348984.2692361,151598080.16188458,0.11840753394386888,0.07283911927527674,0.20466679448901715,0.17368656022704845,0.2364686957240326
45063,8825306433.65168,250000.0,56403.770381328606,1555462687.72884,1255769968.18344,1157556047.4172,921961056.6329601,1970024643.06676,0.1762502752083171,0.1422919393931838,0.13116326964051195,0.10446788035794886,0.2232245030670981
45065,257543859.16444921,192444.44444444447,50285.64740914394,33219238.360032327,29884222.563547034,43631281.23324525,34810213.59080997,37428568.80465879,0.12898478134095553,0.1160354693002604,0.16941301328169278,0.13516227373366585,0.14532891184471833
45067,527168840.6108358,150000.0,38211.33445070645,25563745.88993103,75972962.62973791,127156709.3034924,103947898.12053515,96546385.8755862,0.04849252065108792,0.144115047736333,0.24120680037946599,0.19718141535089534,0.18314129826739559
45069,450783888.16777366,120000.0,40323.729371124566,49980114.389736585,45739357.15648781,104524466.64097562,90226443.8348566,75499566.99861073,0.11087378165373755,0.10146626433876546,0.23187267642998255,0.20015454456809675,0.1674850609800658
45071,658456235.54695,150000.0,43324.47719618706,56677350.5114,69481189.059565,145643501.318295,129945873.07411,135693020.931065,0.08607610870951912,0.10552134721884757,0.2211893417598445,0.19734929378589575,0.2060775091883683
45073,1735081634.04352,300000.0,43479.65283177098,173361940.05471998,170718574.56504,247715575.38603202,251843864.76464,291536310.47072,0.09991572537754824,0.09839224346302888,0.14276883031073495,0.14514813587054726,0.16802454982553724
45075,1700619665.9118588,145185.95041322315,43482.007144847004,175579932.64897648,193898620.07864705,327400644.8023082,256814274.69187173,363395478.6373294,0.10324467967082569,0.11401645174712251,0.1925184398163234,0.15101217505571415,0.21368415638218533
45077,2947060520.84282,250770.54794520553,44989.0735374183,289924065.09588,428130852.93726003,564052111.833708,394696320.86216,518376526.87090003,0.0983773706191027,0.14527385844618498,0.19139481793621144,0.13392881417626337,0.17589612537806018
45079,10962837670.01966,236400.0,52015.72466511451,2635880469.7703447,1654463312.8801794,940963565.0605724,766894072.8342518,2096018812.1665173,0.24043779075364322,0.15091560804596063,0.08583211695579954,0.06995397504895066,0.19119309026152517
45081,515087718.3288988,192444.44444444447,50285.64740914394,66438476.72006471,59768445.12709411,87262562.46649058,69620427.18161999,74857137.60931763,0.12898478134095553,0.1160354693002604,0.1694130132816928,0.13516227373366585,0.14532891184471833
45083,8566214872.518048,239058.82352941178,48943.98402479034,1512101078.3022,1108907156.47148,1349049662.4359279,1188724370.413468,1729972360.36724,0.17651916287475944,0.12945124223174143,0.15748491982893412,0.1387689181399253,0.2019529495947272
45085,1852042224.9364405,180000.0,44768.87292530869,219295752.61464006,134901124.5249943,379051545.4360485,321674843.4444599,437950009.35655546,0.1184075339438689,0.07283911927527675,0.20466679448901715,0.17368656022704848,0.2364686957240326
45087,658456235.54695,150000.0,43324.47719618706,56677350.5114,69481189.059565,145643501.318295,129945873.07411,135693020.931065,0.08607610870951912,0.10552134721884757,0.2211893417598445,0.19734929378589575,0.2060775091883683
45089,698373883.6035678,200000.0,50096.640272268494,112969551.59083197,70071173.08138664,145335028.6456693,112972789.57999997,100109079.66736531,0.16176084793995413,0.10033475581850733,0.20810490205582885,0.16176548440939267,0.14334596699236288
45091,9704719609.852816,309548.7382987383,59472.60239761826,2066437988.522947,1932779326.377278,1080896894.6819828,857355880.0136386,2140239544.099586,0.21293124083924844,0.19915869845585277,0.11137847749713357,0.08834421956335547,0.22053594850145758
46003,80735581.18474041,200000.0,45099.98948954112,10539210.13252682,11554871.370531695,17599871.846346814,12791902.043854134,15978832.755762426,0.13053984349738978,0.14311993796256522,0.21799399456943916,0.15844193918148067,0.1979156218520235
46005,484413487.1084428,200000.0,45099.98948954112,63235260.795160964,69329228.22319022,105599231.07808095,76751412.26312487,95872996.53457461,0.13053984349738978,0.14311993796256522,0.21799399456943913,0.1584419391814807,0.1979156218520235
46007,92798394.0779399,150000.0,43173.19962271698,13184740.951344432,11964632.218445543,17879389.117799982,15188099.485333316,20972531.965146646,0.14207940861854546,0.1289314576758369,0.1926691651881752,0.16366769744503415,0.2260010226850709
46009,161471162.36948082,200000.0,45099.98948954112,21078420.26505364,23109742.74106339,35199743.69269363,25583804.08770827,31957665.511524852,0.13053984349738978,0.14311993796256522,0.21799399456943916,0.15844193918148067,0.1979156218520235
46011,565149068.2931832,200000.0,45099.98948954112,73774470.9276878,80884099.59372191,123199102.92442776,89543314.306979,111851829.29033704,0.13053984349738978,0.14311993796256522,0.21799399456943913,0.15844193918148067,0.1979156218520235
46013,588895638.584966,185506.36942675157,46201.35243986778,89789396.90598093,87241359.2622095,133291659.0359009,119922119.44273521,114540558.53063843,0.15247081320169448,0.1481440064182481,0.2263417323928263,0.203639000843836,0.19450060592376506
46015,161471162.36948082,200000.0,45099.98948954112,21078420.26505364,23109742.74106339,35199743.69269363,25583804.08770827,31957665.511524852,0.13053984349738978,0.14311993796256522,0.21799399456943916,0.15844193918148067,0.1979156218520235
46017,46399197.03896987,150000.0,43173.19962271698,6592370.475672204,5982316.10922276,8939694.558899974,7594049.742666645,10486265.982573304,0.14207940861854546,0.1289314576758369,0.1926691651881752,0.16366769744503415,0.2260010226850709
46019,396393502.49849844,300000.0,57184.36516428771,58255503.638157405,43245246.414331876,62751220.10226378,55417647.08572336,61585784.78156676,0.1469638207260425,0.10909675900778845,0.15830537005964543,0.13980463033935145,0.1553652731273012
46021,73611954.82312074,185506.36942675157,46201.35243986778,11223674.613247616,10905169.907776188,16661457.379487613,14990264.930341901,14317569.816329803,0.15247081320169448,0.1481440064182481,0.2263417323928263,0.203639000843836,0.19450060592376506
46023,139197591.11690995,150000.0,43173.19962271698,19777111.42701666,17946948.327668328,26819083.676699992,22782149.227999993,31458797.94771999,0.14207940861854546,0.1289314576758369,0.1926691651881752,0.16366769744503415,0.2260010226850709
46025,73611954.82312074,185506.36942675157,46201.35243986778,11223674.613247616,10905169.907776188,16661457.379487613,14990264.930341901,14317569.816329803,0.15247081320169448,0.1481440064182481,0.2263417323928263,0.203639000843836,0.19450060592376506
46027,452849311.2129806,275000.0,56674.128579254735,68320574.22875625,54125930.25254999,82894443.53643186,53595639.11582812,105967139.7830625,0.1508682304180965,0.11952304864408615,0.1830508327690612,0.11835203850099582,0.23400088541423186
46029,588895638.584966,185506.36942675157,46201.35243986778,89789396.90598093,87241359.2622095,133291659.0359009,119922119.44273521,114540558.53063843,0.15247081320169448,0.1481440064182481,0.2263417323928263,0.203639000843836,0.19450060592376506
46031,92798394.0779399,150000.0,43173.19962271698,13184740.951344432,11964632.218445543,17879389.117799982,15188099.485333316,20972531.965146646,0.14207940861854546,0.1289314576758369,0.1926691651881752,0.16366769744503415,0.2260010226850709
46033,264262334.99899915,300000.0,57184.36516428771,38837002.4254383,28830164.276221275,41834146.73484255,36945098.05714893,41057189.854377866,0.1469638207260425,0.10909675900778847,0.1583053700596454,0.13980463033935145,0.1553652731273012
46035,403677905.92370236,200000.0,45099.98948954112,52696050.66263414,57774356.852658525,87999359.23173413,63959510.21927072,79894163.77881218,0.13053984349738978,0.14311993796256522,0.2179939945694391,0.15844193918148067,0.19791562185202347
46037,220835864.4693622,185506.36942675157,46201.35243986778,33671023.83974284,32715509.72332856,49984372.138462834,44970794.7910257,42952709.448989406,0.15247081320169448,0.1481440064182481,0.2263417323928263,0.203639000843836,0.19450060592376506
46039,147223909.6462415,185506.36942675157,46201.35243986778,22447349.226495232,21810339.815552376,33322914.758975226,29980529.860683803,28635139.632659607,0.15247081320169448,0.1481440064182481,0.2263417323928263,0.203639000843836,0.19450060592376506
46041,92798394.0779399,150000.0,43173.19962271698,13184740.951344432,11964632.218445543,17879389.117799982,15188099.485333316,20972531.965146646,0.14207940861854546,0.1289314576758369,0.1926691651881752,0.16366769744503415,0.2260010226850709
46043,80735581.18474041,200000.0,45099.98948954112,10539210.13252682,11554871.370531695,17599871.846346814,12791902.043854134,15978832.755762426,0.13053984349738978,0.14311993796256522,0.21799399456943916,0.15844193918148067,0.1979156218520235
46045,147223909.6462415,185506.36942675157,46201.35243986778,22447349.226495232,21810339.815552376,33322914.758975226,29980529.860683803,28635139.632659607,0.15247081320169448,0.1481440064182481,0.2263417323928263,0.203639000843836,0.19450060592376506
46047,92798394.0779399,150000.0,43173.19962271698,13184740.951344432,11964632.218445543,17879389.117799982,15188099.485333316,20972531.965146646,0.14207940861854546,0.1289314576758369,0.1926691651881752,0.16366769744503415,0.2260010226850709
46049,73611954.82312074,185506.36942675157,46201.35243986778,11223674.613247616,10905169.907776188,16661457.379487613,14990264.930341901,14317569.816329803,0.15247081320169448,0.1481440064182481,0.2263417323928263,0.203639000843836,0.19450060592376506
46051,147223909.6462415,185506.36942675157,46201.35243986778,22447349.226495232,21810339.815552376,33322914.758975226,29980529.860683803,28635139.632659607,0.15247081320169448,0.1481440064182481,0.2263417323928263,0.203639000843836,0.19450060592376506
46053,92798394.0779399,150000.0,43173.19962271698,13184740.951344432,11964632.218445543,17879389.117799982,15188099.485333316,20972531.965146646,0.14207940861854546,0.1289314576758369,0.1926691651881752,0.16366769744503415,0.2260010226850709
46055,46399197.03896987,150000.0,43173.19962271698,6592370.475672204,5982316.10922276,8939694.558899974,7594049.742666645,10486265.982573304,0.14207940861854546,0.1289314576758369,0.1926691651881752,0.16366769744503415,0.2260010226850709
46057,147223909.6462415,185506.36942675157,46201.35243986778,22447349.226495232,21810339.815552376,33322914.758975226,29980529.860683803,28635139.632659607,0.15247081320169448,0.1481440064182481,0.2263417323928263,0.203639000843836,0.19450060592376506
46059,161471162.36948082,200000.0,45099.98948954112,21078420.26505364,23109742.74106339,35199743.69269363,25583804.08770827,31957665.511524852,0.13053984349738978,0.14311993796256522,0.21799399456943916,0.15844193918148067,0.1979156218520235
46061,80735581.18474041,200000.0,45099.98948954112,10539210.13252682,11554871.370531695,17599871.846346814,12791902.043854134,15978832.755762426,0.13053984349738978,0.14311993796256522,0.21799399456943916,0.15844193918148067,0.1979156218520235
46063,132131167.49949926,300000.0,57184.36516428771,19418501.2127191,14415082.138110602,20917073.367421225,18472549.028574422,20528594.927188884,0.1469638207260425,0.10909675900778847,0.15830537005964543,0.13980463033935145,0.1553652731273012
46065,185596788.15588,150000.0,43173.19962271698,26369481.90268889,23929264.436891112,35758778.2356,30376198.970666666,41945063.93029334,0.14207940861854546,0.1289314576758369,0.1926691651881752,0.16366769744503415,0.2260010226850709
46067,242206743.5542212,200000.0,45099.98948954112,31617630.39758046,34664614.11159509,52799615.53904044,38375706.131562404,47936498.26728728,0.13053984349738978,0.14311993796256522,0.21799399456943916,0.15844193918148067,0.1979156218520235
46069,46399197.03896987,150000.0,43173.19962271698,6592370.475672204,5982316.10922276,8939694.558899974,7594049.742666645,10486265.982573304,0.14207940861854546,0.1289314576758369,0.1926691651881752,0.16366769744503415,0.2260010226850709
46071,92798394.0779399,150000.0,43173.19962271698,13184740.951344432,11964632.218445543,17879389.117799982,15188099.485333316,20972531.965146646,0.14207940861854546,0.1289314576758369,0.1926691651881752,0.16366769744503415,0.2260010226850709
46073,80735581.18474041,200000.0,45099.98948954112,10539210.13252682,11554871.370531695,17599871.846346814,12791902.043854134,15978832.755762426,0.13053984349738978,0.14311993796256522,0.21799399456943916,0.15844193918148067,0.1979156218520235
46075,46399197.03896987,150000.0,43173.19962271698,6592370.475672204,5982316.10922276,8939694.558899974,7594049.742666645,10486265.982573304,0.14207940861854546,0.1289314576758369,0.1926691651881752,0.16366769744503415,0.2260010226850709
46077,161471162.36948082,200000.0,45099.98948954112,21078420.26505364,23109742.74106339,35199743.69269363,25583804.08770827,31957665.511524852,0.13053984349738978,0.14311993796256522,0.21799399456943916,0.15844193918148067,0.1979156218520235
46079,322942324.73896194,200000.0,45099.98948954112,42156840.53010732,46219485.482126825,70399487.38538732,51167608.17541659,63915331.023049764,0.13053984349738978,0.14311993796256522,0.21799399456943913,0.15844193918148067,0.1979156218520235
46081,1057049339.9959966,300000.0,57184.36516428771,155348009.7017532,115320657.1048851,167336586.9393702,147780392.22859573,164228759.41751146,0.1469638207260425,0.10909675900778847,0.1583053700596454,0.13980463033935145,0.1553652731273012
46083,2120994034.645305,287500.0,60544.39761993979,369854716.19472617,253832315.98881817,350853034.0740683,287421034.23144937,392360787.4788568,0.17437800868524234,0.1196761102778239,0.16541915174822341,0.13551241990150856,0.18498910466972224
46085,92798394.0779399,150000.0,43173.19962271698,13184740.951344432,11964632.218445543,17879389.117799982,15188099.485333316,20972531.965146646,0.14207940861854546,0.1289314576758369,0.1926691651881752,0.16366769744503415,0.2260010226850709
46087,301899540.8086538,275000.0,56674.128579254735,45547049.485837504,36083953.5017,55262962.35762125,35730426.07721875,70644759.855375,0.1508682304180965,0.11952304864408615,0.1830508327690612,0.11835203850099582,0.23400088541423186
46089,73611954.82312074,185506.36942675157,46201.35243986778,11223674.613247616,10905169.907776188,16661457.379487613,14990264.930341901,14317569.816329803,0.15247081320169448,0.1481440064182481,0.2263417323928263,0.203639000843836,0.19450060592376506
46091,73611954.82312074,185506.36942675157,46201.35243986778,11223674.613247616,10905169.907776188,16661457.379487613,14990264.930341901,14317569.816329803,0.15247081320169448,0.1481440064182481,0.2263417323928263,0.203639000843836,0.19450060592376506
46093,924918172.4964967,300000.0,57184.36516428771,135929508.489034,100905574.96677442,146419513.57194886,129307843.20002122,143700164.4903225,0.1469638207260425,0.10909675900778847,0.1583053700596454,0.13980463033935145,0.15536527312730122
46095,46399197.03896987,150000.0,43173.19962271698,6592370.475672204,5982316.10922276,8939694.558899974,7594049.742666645,10486265.982573304,0.14207940861854546,0.1289314576758369,0.1926691651881752,0.16366769744503415,0.2260010226850709
46097,80735581.18474041,200000.0,45099.98948954112,10539210.13252682,11554871.370531695,17599871.846346814,12791902.043854134,15978832.755762426,0.13053984349738978,0.14311993796256522,0.21799399456943916,0.15844193918148067,0.1979156218520235
46099,7933202025.774086,287500.0,60544.39761993979,1460435534.040174,949916460.7795818,1254511017.365902,1131295126.3850005,1306906769.6727433,0.18409155966221236,0.11973935085649016,0.15813425818353496,0.1426025862835144,0.16473887409229582
46101,161471162.36948082,200000.0,45099.98948954112,21078420.26505364,23109742.74106339,35199743.69269363,25583804.08770827,31957665.511524852,0.13053984349738978,0.14311993796256522,0.21799399456943916,0.15844193918148067,0.1979156218520235
46102,139197591.11690995,150000.0,43173.19962271698,19777111.42701666,17946948.327668328,26819083.676699992,22782149.227999993,31458797.94771999,0.14207940861854546,0.1289314576758369,0.1926691651881752,0.16366769744503415,0.2260010226850709
46103,3303279187.4874897,300000.0,57184.36516428771,485462530.31797874,360377053.45276594,522926834.1855319,461813725.7143617,513214873.1797234,0.1469638207260425,0.10909675900778847,0.15830537005964543,0.13980463033935145,0.1553652731273012
46105,132131167.49949926,300000.0,57184.36516428771,19418501.2127191,14415082.138110602,20917073.367421225,18472549.028574422,20528594.927188884,0.1469638207260425,0.10909675900778847,0.15830537005964543,0.13980463033935145,0.1553652731273012
46107,73611954.82312074,185506.36942675157,46201.35243986778,11223674.613247616,10905169.907776188,16661457.379487613,14990264.930341901,14317569.816329803,0.15247081320169448,0.1481440064182481,0.2263417323928263,0.203639000843836,0.19450060592376506
46109,294447819.292483,185506.36942675157,46201.35243986778,44894698.452990465,43620679.63110475,66645829.51795045,59961059.721367605,57270279.26531921,0.15247081320169448,0.1481440064182481,0.2263417323928263,0.203639000843836,0.19450060592376506
46111,80735581.18474041,200000.0,45099.98948954112,10539210.13252682,11554871.370531695,17599871.846346814,12791902.043854134,15978832.755762426,0.13053984349738978,0.14311993796256522,0.21799399456943916,0.15844193918148067,0.1979156218520235
46115,220835864.4693622,185506.36942675157,46201.35243986778,33671023.83974284,32715509.72332856,49984372.138462834,44970794.7910257,42952709.448989406,0.15247081320169448,0.1481440064182481,0.2263417323928263,0.203639000843836,0.19450060592376506
46117,46399197.03896987,150000.0,43173.19962271698,6592370.475672204,5982316.10922276,8939694.558899974,7594049.742666645,10486265.982573304,0.14207940861854546,0.1289314576758369,0.1926691651881752,0.16366769744503415,0.2260010226850709
46119,46399197.03896987,150000.0,43173.19962271698,6592370.475672204,5982316.10922276,8939694.558899974,7594049.742666645,10486265.982573304,0.14207940861854546,0.1289314576758369,0.1926691651881752,0.16366769744503415,0.2260010226850709
46121,92798394.0779399,150000.0,43173.19962271698,13184740.951344432,11964632.218445543,17879389.117799982,15188099.485333316,20972531.965146646,0.14207940861854546,0.1289314576758369,0.1926691651881752,0.16366769744503415,0.2260010226850709
46123,92798394.0779399,150000.0,43173.19962271698,13184740.951344432,11964632.218445543,17879389.117799982,15188099.485333316,20972531.965146646,0.14207940861854546,0.1289314576758369,0.1926691651881752,0.16366769744503415,0.2260010226850709
46125,301899540.8086538,275000.0,56674.128579254735,45547049.485837504,36083953.5017,55262962.35762125,35730426.07721875,70644759.855375,0.1508682304180965,0.11952304864408615,0.1830508327690612,0.11835203850099582,0.23400088541423186
46127,603799081.6173075,275000.0,56674.128579254735,91094098.97167501,72167907.0034,110525924.7152425,71460852.1544375,141289519.71075,0.1508682304180965,0.11952304864408615,0.1830508327690612,0.11835203850099582,0.23400088541423186
46129,147223909.6462415,185506.36942675157,46201.35243986778,22447349.226495232,21810339.815552376,33322914.758975226,29980529.860683803,28635139.632659607,0.15247081320169448,0.1481440064182481,0.2263417323928263,0.203639000843836,0.19450060592376506
46135,754748852.0216345,275000.0,56674.128579254735,113867623.71459377,90209883.75424999,138157405.89405313,89326065.19304688,176611899.63843754,0.1508682304180965,0.11952304864408614,0.1830508327690612,0.11835203850099582,0.2340008854142319
46137,46399197.03896987,150000.0,43173.19962271698,6592370.475672204,5982316.10922276,8939694.558899974,7594049.742666645,10486265.982573304,0.14207940861854546,0.1289314576758369,0.1926691651881752,0.16366769744503415,0.2260010226850709
47001,1790122769.0685854,248829.20110192837,52963.740858310244,190666178.288,293486309.22848785,315907076.6249268,255828676.23125854,381942824.0613659,0.10651011292773235,0.16394758745021215,0.17647229680749532,0.14291124645287215,0.21336124575416338
47003,1140297565.15176,275000.0,49543.68983106361,105351484.7228,160362392.28248,282863564.465904,198447425.12904,243354085.53817603,0.09238946740079987,0.1406320570904119,0.24806118429995788,0.17403126271047417,0.21341279063924729
47005,273989840.367989,158193.27731092434,44881.418627788036,32520827.299525,34651938.5189,66156888.007444,59209204.180794,45752171.9196065,0.11869355176033929,0.1264716183357742,0.24145744936597036,0.21609999882211536,0.16698492125897035
47007,335397192.2107318,200000.0,43888.24145902683,31582914.069039997,42725122.07364444,62779589.407768875,51711395.38917036,80416868.6773185,0.09416570800985205,0.12738664206467185,0.187179829962095,0.15417957153523165,0.23976607599860933
47009,3893678375.62146,320000.0,54156.33998110436,479968225.2569,374888951.8401,675900468.8944,564929095.1002,808322664.53148,0.12326858537212733,0.09628143767274176,0.1735891883434058,0.14508879280765793,0.20759872453575873
47011,2286085593.53808,250000.0,46869.252603869245,296919571.38758063,307230598.2312903,501717798.4325806,371493119.90870965,438057450.1287096,0.1298812136460956,0.1343915551979846,0.21946588520165278,0.16250184199523565,0.1916190064654343
47013,880120511.2606028,200000.0,44784.63849224532,123476155.88943884,80161741.40747315,255997212.73052454,218281364.829216,169352388.4030457,0.1402946009207115,0.09108041499073453,0.29086609101276134,0.24801304143743913,0.19241954509216141
47015,364160611.6395424,250000.0,47810.184282053146,36241205.997056,48027927.000352,93525916.005632,68487548.9752,52410663.603328004,0.09951984052830151,0.13188666062515172,0.25682600758098156,0.1880696230898006,0.14392183538840747
47017,493181712.6623802,158193.27731092434,44881.418627788036,58537489.139145,62373489.33402,119082398.41339922,106576567.5254292,82353909.4552917,0.11869355176033929,0.1264716183357742,0.24145744936597036,0.21609999882211536,0.16698492125897035
47019,1189993758.002016,192531.2500000002,45292.720317964784,171735910.79652,103634416.58527201,265955094.96408004,199671825.46632,264881297.82576004,0.14431664842079706,0.08708820184004397,0.22349284874453051,0.1677923301056355,0.22259049347493406
47021,1132646058.7730067,300000.0,53112.701267960176,164964088.72728,187273399.10045332,227492945.80771333,160905717.21343333,249778001.84766665,0.14564487065446136,0.165341500683211,0.2008508695595127,0.14206178176061654,0.22052608572023874
47023,418824384.9241908,240000.0,47321.548609916455,51413087.85509091,42685828.40818181,54122985.2357818,52655698.01963029,71105711.3620303,0.12275571744562323,0.10191820234131817,0.12922596482909732,0.12572261767700374,0.16977452584309474
47025,609314200.1034943,200000.0,44784.63849224532,85483492.53884228,55496590.205173716,177228839.58267084,151117867.95868802,117243961.20210856,0.1402946009207115,0.09108041499073452,0.29086609101276134,0.24801304143743916,0.1924195450921614
47027,175877202.42802116,250000.0,46070.0970316485,29378723.629505303,14869980.643150652,27425029.442249306,18635675.726343986,46302101.882882625,0.16704111291245224,0.08454751632313622,0.15593282735704855,0.10595844981086024,0.2632638070407792
47029,720509672.69282,200000.0,44437.50294145923,76936498.5448,91199937.68405,110103121.67986,125143397.85198,137406160.35598,0.10678066021967325,0.1265769789643503,0.15281282938001728,0.17368732522947444,0.19070689202886157
47031,1411725813.1255212,250000.0,45865.08754646733,219956635.1193379,184191521.1067048,267809930.7798827,228112385.37445512,294488349.4487751,0.15580690887301982,0.13047258851129878,0.18970392712941833,0.16158405779194526,0.20860166096756863
47033,274685924.1768648,175000.0,43677.765243646056,26871325.70783783,26336671.18045945,74233268.6114324,58302103.99437296,55098106.10758377,0.09782563772920494,0.09587921645195693,0.27024780695946793,0.21225006038836336,0.20058583734384292
47035,1225732475.5460434,250000.0,45057.65944593715,149007577.55437714,138604204.33239213,306808471.64257705,237791301.2720557,208604317.13054994,0.1215661496510458,0.1130786750760163,0.25030622730779734,0.19399934815802578,0.17018747670662818
47037,28894716631.26894,409670.9551796636,67059.07204706922,7494859850.9126,4793741623.1348,2352356127.28276,2134362176.81196,5529768349.59244,0.2593851307336201,0.1659037423453105,0.08141128903604182,0.07386686652957937,0.1913764519707489
47039,324239769.87682045,200000.0,46674.93194382447,33532561.72938234,28323034.650147043,78446638.5922235,60012111.428385265,61213659.86941173,0.10341902766005986,0.08735213037224594,0.24194021178224245,0.1850855971529465,0.18879133763469844
47041,455200764.549428,250000.0,47810.184282053146,45301507.496319994,60034908.75044,116907395.00704,85609436.21899998,65513329.50416,0.09951984052830151,0.13188666062515172,0.25682600758098156,0.18806962308980057,0.14392183538840747
47043,1384345182.944786,300000.0,53112.701267960176,201622775.11112002,228889710.0116652,278046933.764983,196662543.26086298,305284224.48048145,0.14564487065446136,0.165341500683211,0.20085086955951273,0.14206178176061654,0.2205260857202387
47045,591393749.5230969,170000.0,42382.76920160314,71944728.33430302,74461918.27630302,103699612.22802424,131576496.80562423,96320662.24666665,0.12165283855691683,0.125909207421197,0.17534783266080875,0.2224854370066106,0.16287061255608493
47047,1213763348.7299008,300000.0,51836.26179696641,122679917.81741665,146213237.2878375,258398370.62499166,163818864.58267915,239146355.5718875,0.1010740009127732,0.12046272235921204,0.21289024000879855,0.13496771405571073,0.19702881605556274
47049,360509551.6311891,250000.0,45057.65944593715,43825758.10422855,40765942.450703554,90237785.77722852,69938618.02119282,61354210.92074996,0.12156614965104577,0.1130786750760163,0.25030622730779734,0.19399934815802575,0.17018747670662818
47051,830426948.8973656,250000.0,45865.08754646733,129386255.95255172,108347953.59217931,157535253.39993104,134183756.10262069,173228440.85222068,0.15580690887301982,0.13047258851129878,0.18970392712941833,0.16158405779194526,0.20860166096756863
47053,933932142.2013407,175000.0,43677.765243646056,91362507.40664867,89544682.01356216,252393113.27887025,198227153.58086812,187333560.7657849,0.09782563772920494,0.09587921645195692,0.27024780695946793,0.21225006038836336,0.20058583734384292
47055,656477711.6316082,200000.0,42358.86641060835,62195990.89866207,90707272.30955172,119559128.98171036,125966019.15310346,127210270.56051725,0.09474196883863778,0.13817266100947748,0.18212214499188153,0.19188163881455744,0.19377698329521215
47057,661733556.699872,230000.0,46976.101876952,73806659.84624,62861257.33076,138296352.49768,110998737.65732,112636267.07856,0.11153531372101003,0.09499481580510297,0.2089909920654123,0.16773932126229357,0.17021392664486856
47059,1549713837.4467447,183759.2592592593,47090.64356273819,195743857.10145998,198555249.35272,253250205.90532464,234293086.68859997,238159754.8345133,0.12630967883977912,0.12812381521988137,0.16341739990046872,0.15118474200024776,0.1536798272556546
47061,271587575.4603792,200000.0,38698.305631123025,22360914.598340735,26223120.6538074,70041860.80608888,58529795.837437026,45337361.30118517,0.08233408527778134,0.09655493484691087,0.2578978831684699,0.21550984332851303,0.16693459273433978
47063,1323467113.399744,230000.0,46976.101876952,147613319.69248,125722514.66152,276592704.99536,221997475.31464,225272534.15712,0.11153531372101003,0.09499481580510297,0.2089909920654123,0.16773932126229357,0.17021392664486856
47065,12525217022.740002,311666.6666666667,63075.36966037806,2711820923.8382,1545551035.68464,1139568711.73356,1111746860.7375998,2293212358.82576,0.21650889712447996,0.12339515019010322,0.09098195341961982,0.08876068643913967,0.18308763470224482
47067,135403155.57855418,200000.0,44784.63849224532,18996331.67529827,12332575.601149704,39384186.57392682,33581748.43526398,26054213.60046855,0.1402946009207115,0.09108041499073452,0.29086609101276134,0.24801304143743913,0.1924195450921614
47069,389087723.8521847,200000.0,46674.93194382447,40239074.07525883,33987641.580176465,94135966.31066824,72014533.71406236,73456391.84329411,0.10341902766005988,0.08735213037224594,0.24194021178224248,0.18508559715294653,0.18879133763469844
47071,518783631.80291295,200000.0,46674.93194382447,53652098.76701177,45316855.44023529,125514621.74755765,96019378.28541647,97941855.79105882,0.10341902766005986,0.08735213037224594,0.24194021178224245,0.1850855971529465,0.18879133763469846
47073,1185075287.4592752,183759.2592592593,47090.64356273819,149686478.95994,151836367.15207997,193661922.1628953,179165301.5854,182122165.46168664,0.12630967883977912,0.12812381521988137,0.16341739990046872,0.15118474200024776,0.1536798272556546
47075,329623109.0122377,175000.0,43677.765243646056,32245590.849405397,31604005.416551337,89079922.33371888,69962524.79324754,66117727.32910052,0.09782563772920494,0.09587921645195693,0.27024780695946793,0.21225006038836336,0.20058583734384292
47077,453935677.82754874,200000.0,46674.93194382447,46945586.421135284,39652248.51020587,109825294.02911292,84016955.9997394,85699123.81717645,0.10341902766005986,0.08735213037224594,0.24194021178224245,0.1850855971529465,0.18879133763469844
47079,657575616.8831736,158193.27731092434,44881.418627788036,78049985.51886,83164652.44536,158776531.21786562,142102090.0339056,109805212.6070556,0.11869355176033929,0.1264716183357742,0.24145744936597036,0.21609999882211536,0.16698492125897035
47081,880946934.6012273,300000.0,53112.701267960176,128305402.34343998,145657088.18924144,176938957.85044366,125148891.16600369,194271779.2148518,0.14564487065446136,0.165341500683211,0.2008508695595127,0.14206178176061654,0.22052608572023874
47083,164393904.2207934,158193.27731092434,44881.418627788036,19512496.379715,20791163.11134,39694132.804466404,35525522.5084764,27451303.1517639,0.11869355176033929,0.1264716183357742,0.24145744936597036,0.21609999882211536,0.16698492125897035
47085,273989840.367989,158193.27731092434,44881.418627788036,32520827.299525,34651938.5189,66156888.007444,59209204.180794,45752171.9196065,0.11869355176033929,0.1264716183357742,0.24145744936597036,0.21609999882211536,0.16698492125897035
47087,364160611.6395424,250000.0,47810.184282053146,36241205.997056,48027927.000352,93525916.005632,68487548.9752,52410663.603328004,0.09951984052830151,0.13188666062515172,0.25682600758098156,0.1880696230898006,0.14392183538840747
47089,1323467113.399744,230000.0,46976.101876952,147613319.69248,125722514.66152,276592704.99536,221997475.31464,225272534.15712,0.11153531372101003,0.09499481580510297,0.2089909920654123,0.16773932126229357,0.17021392664486856
47091,330553821.66722655,192531.2500000002,45292.720317964784,47704419.66569998,28787337.940353326,73876415.26779997,55464395.96286664,73578138.28493331,0.14431664842079706,0.08708820184004397,0.22349284874453051,0.1677923301056355,0.22259049347493406
47093,15549197373.00832,352534.793814433,59627.48271359592,3342159948.9269996,2239260057.5862,1570655463.4034,1355622499.06,2908000859.3738003,0.21494099462192293,0.144011295494474,0.10101199603587793,0.08718279577653379,0.18701935473671244
47095,118278749.90461938,170000.0,42382.76920160314,14388945.666860605,14892383.655260606,20739922.44560485,26315299.361124847,19264132.44933333,0.12165283855691685,0.125909207421197,0.17534783266080875,0.2224854370066106,0.16287061255608493
47097,494434663.5183567,175000.0,43677.765243646056,48368386.274108104,47406008.12482701,133619883.50057833,104943787.18987133,99176590.9936508,0.09782563772920494,0.09587921645195693,0.27024780695946793,0.21225006038836336,0.20058583734384292
47099,802361647.5497434,200000.0,42358.86641060835,76017322.20947586,110864443.93389654,146127824.3109793,153958467.8537931,155479219.57396552,0.09474196883863778,0.13817266100947748,0.1821221449918815,0.19188163881455744,0.19377698329521215
47101,145883935.91813514,200000.0,42358.86641060835,13821331.31081379,20157171.624344822,26568695.329268962,27992448.70068965,28268949.013448272,0.09474196883863778,0.13817266100947748,0.18212214499188153,0.19188163881455744,0.19377698329521215
47103,1026267808.636584,275000.0,49543.68983106361,94816336.25052,144326153.054232,254577208.01931357,178602682.61613598,219018676.9843584,0.09238946740079987,0.1406320570904119,0.24806118429995788,0.17403126271047417,0.21341279063924729
47105,1178081660.596303,270000.0,48694.99089934164,148328787.62358463,135350558.7569692,221534298.8763046,172660647.34503844,231190724.78438458,0.12590705091572843,0.11489064237572426,0.18804664081110628,0.14656084813139675,0.19624337812657577
47107,1173890172.7375615,200000.0,43888.24145902683,110540199.24164,149537927.25775555,219728562.92719108,180989883.8620963,281459040.37061477,0.09416570800985205,0.12738664206467185,0.187179829962095,0.15417957153523165,0.2397660759986093
47109,518783631.80291295,200000.0,46674.93194382447,53652098.76701177,45316855.44023529,125514621.74755765,96019378.28541647,97941855.79105882,0.10341902766005986,0.08735213037224594,0.24194021178224245,0.1850855971529465,0.18879133763469846
47111,455200764.549428,250000.0,47810.184282053146,45301507.496319994,60034908.75044,116907395.00704,85609436.21899998,65513329.50416,0.09951984052830151,0.13188666062515172,0.25682600758098156,0.18806962308980057,0.14392183538840747
47113,2345416555.575469,240000.0,47321.548609916455,287913291.9885091,239040639.0858182,303088717.3203781,294871908.9099297,398191983.6273697,0.12275571744562322,0.10191820234131818,0.12922596482909732,0.12572261767700374,0.16977452584309474
47115,475278257.0556635,200000.0,38698.305631123025,39131600.54709628,45890461.144162945,122573256.41065551,102427142.7155148,79340382.27707404,0.08233408527778134,0.09655493484691087,0.2578978831684699,0.21550984332851303,0.16693459273433978
47117,684178539.091056,275000.0,49543.68983106361,63210890.83368,96217435.369488,169718138.6795424,119068455.07742399,146012451.3229056,0.09238946740079987,0.1406320570904119,0.2480611842999579,0.17403126271047417,0.21341279063924729
47119,3225945703.8178,350000.0,57101.43736291353,462821614.7016,434560371.838,581333853.3828,471112437.0294,402945465.29412,0.14346850728264457,0.13470790017442394,0.18020571539527483,0.1460385512601325,0.12490770220256571
47121,251547894.15804887,200000.0,43888.24145902683,23687185.551779997,32043841.55523333,47084692.05582666,38783546.54187778,60312651.50798888,0.09416570800985205,0.12738664206467185,0.187179829962095,0.15417957153523165,0.23976607599860933
47123,1009784280.5111169,270000.0,48694.99089934164,127138960.82021539,116014764.64883077,189886541.89397538,147994840.58146152,198163478.38661537,0.12590705091572843,0.11489064237572427,0.18804664081110628,0.14656084813139675,0.19624337812657577
47125,5911396733.414921,300000.0,51639.08344157976,680382392.36456,730432610.80128,982716152.8986001,757139894.1341,989684405.5009,0.11509672299925534,0.12356345610715264,0.16624094054517982,0.12808138723869952,0.167419723312865
47127,166085389.77947307,250000.0,45865.08754646733,25877251.190510336,21669590.718435857,31507050.679986198,26836751.220524132,34645688.17044413,0.15580690887301982,0.13047258851129878,0.18970392712941833,0.16158405779194526,0.20860166096756863
47129,447530692.2671463,248829.20110192837,52963.740858310244,47666544.572,73371577.30712195,78976769.15623169,63957169.05781463,95485706.01534146,0.10651011292773238,0.16394758745021215,0.17647229680749532,0.14291124645287215,0.21336124575416338
47131,591393749.5230969,170000.0,42382.76920160314,71944728.33430302,74461918.27630302,103699612.22802424,131576496.80562423,96320662.24666665,0.12165283855691683,0.125909207421197,0.17534783266080875,0.2224854370066106,0.16287061255608493
47133,703508809.7120851,250000.0,46070.0970316485,117514894.51802129,59479922.572602645,109700117.7689973,74542702.90537599,185208407.53153062,0.16704111291245224,0.08454751632313622,0.15593282735704855,0.10595844981086022,0.2632638070407792
47135,218825903.8772026,200000.0,42358.86641060835,20731996.966220673,30235757.436517216,39853042.99390342,41988673.05103446,42403423.52017239,0.09474196883863777,0.13817266100947748,0.18212214499188153,0.19188163881455747,0.19377698329521215
47137,175877202.42802116,250000.0,46070.0970316485,29378723.629505303,14869980.643150652,27425029.442249306,18635675.726343986,46302101.882882625,0.16704111291245224,0.08454751632313622,0.15593282735704855,0.10595844981086024,0.2632638070407792
47139,548660542.4491394,250000.0,46869.252603869245,71260697.13301937,73735343.57550968,120412271.62381935,89158348.77809033,105133788.03089033,0.1298812136460956,0.1343915551979846,0.21946588520165278,0.16250184199523565,0.1916190064654343
47141,1582894821.852192,250000.0,46070.0970316485,264408512.66554797,133829825.78835599,246825264.98024398,167721081.53709602,416718916.94594395,0.16704111291245224,0.08454751632313622,0.15593282735704855,0.10595844981086024,0.2632638070407792
47143,503095788.31609774,200000.0,43888.24145902683,47374371.10355999,64087683.11046666,94169384.11165331,77567093.08375555,120625303.01597776,0.09416570800985205,0.12738664206467185,0.187179829962095,0.15417957153523165,0.23976607599860933
47145,1432098215.2548683,248829.20110192837,52963.740858310244,152532942.6304,234789047.38279027,252725661.29994145,204662940.98500684,305554259.2490927,0.10651011292773237,0.16394758745021215,0.17647229680749532,0.14291124645287215,0.21336124575416338
47147,1847722532.4892538,350000.0,55855.04209782178,289436875.468946,243227415.0007297,381064957.6705054,303900033.36235136,370179778.90992165,0.15664520531609058,0.13163633106376285,0.20623494651934254,0.16447276472454816,0.20034381374957583
47149,11290506116.41276,386368.6274509804,54715.166553449635,2172470974.6231003,1768941162.3921,1692686731.5844798,1375850001.25468,2005385605.3787599,0.19241572983739205,0.1566750988975268,0.14992124481681635,0.12185901916785087,0.17761698055887637
47151,406209466.7356628,200000.0,44784.63849224532,56988995.02589485,36997726.80344914,118152559.72178055,100745245.30579199,78162640.8014057,0.1402946009207115,0.09108041499073452,0.29086609101276134,0.24801304143743913,0.1924195450921614
47153,271587575.4603792,200000.0,38698.305631123025,22360914.598340735,26223120.6538074,70041860.80608888,58529795.837437026,45337361.30118517,0.08233408527778134,0.09655493484691087,0.2578978831684699,0.21550984332851303,0.16693459273433978
47155,2161529018.0784597,200000.0,44437.50294145923,230809495.63439998,273599813.05214995,330309365.0395799,375430193.55594,412218481.06794,0.10678066021967325,0.1265769789643503,0.15281282938001728,0.17368732522947444,0.19070689202886157
47157,25298301891.99644,255239.03618327147,54865.49331831034,4943672959.7328,3635980316.15866,3855037287.46252,3254314709.734,4438069739.39476,0.19541520932267856,0.14372428361719272,0.15238324310937756,0.1286376739287612,0.17542955089799211
47159,455200764.549428,250000.0,47810.184282053146,45301507.496319994,60034908.75044,116907395.00704,85609436.21899998,65513329.50416,0.09951984052830151,0.13188666062515172,0.25682600758098156,0.18806962308980057,0.14392183538840747
47161,328787808.4415868,158193.27731092434,44881.418627788036,39024992.75943,41582326.22268,79388265.60893281,71051045.0169528,54902606.3035278,0.11869355176033929,0.1264716183357742,0.24145744936597036,0.21609999882211536,0.16698492125897035
47163,3885666595.3702602,220000.0,52367.474331135585,452864798.01,538740838.186,611687972.99198,419154180.4605,802466838.60452,0.11654751814002381,0.13864824090360847,0.15742163100683965,0.10787188508656886,0.2065197357798666
47165,7209859983.635006,375000.0,60999.21478115527,1404077449.852034,1081775390.2062702,1130634644.6384747,896591179.4924487,1632233024.1278186,0.19474406618700218,0.1500411093504856,0.15681783657446852,0.12435625400875164,0.22638900447895982
47167,1434447593.953519,300000.0,51836.26179696641,144985357.4205833,172797462.24926248,305379892.5568083,193604112.6886208,282627511.13041246,0.1010740009127732,0.12046272235921203,0.21289024000879855,0.13496771405571073,0.19702881605556274
47169,182080305.8197712,250000.0,47810.184282053146,18120602.998528,24013963.500176,46762958.002816,34243774.4876,26205331.801664002,0.09951984052830151,0.13188666062515172,0.25682600758098156,0.1880696230898006,0.14392183538840747
47171,264443057.33378127,192531.2500000002,45292.720317964784,38163535.732559994,23029870.352282662,59101132.21423999,44371516.77029332,58862510.62794665,0.14431664842079706,0.08708820184004397,0.22349284874453051,0.1677923301056355,0.22259049347493406
47173,338507888.94638556,200000.0,44784.63849224532,47490829.18824569,30831439.00287427,98460466.43481709,83954371.08815996,65135534.001171395,0.1402946009207115,0.09108041499073452,0.29086609101276134,0.24801304143743913,0.1924195450921614
47175,135793787.7301895,200000.0,38698.305631123025,11180457.29917036,13111560.326903692,35020930.40304441,29264897.918718494,22668680.65059257,0.08233408527778134,0.09655493484691087,0.2578978831684699,0.21550984332851303,0.16693459273433978
47177,678968938.6509479,200000.0,38698.305631123025,55902286.49585184,65557801.634518504,175104652.01522216,146324489.59359255,113343403.25296292,0.08233408527778134,0.09655493484691087,0.2578978831684699,0.21550984332851303,0.16693459273433978
47179,3205163748.9930363,221265.62500000012,47153.511855855046,612547508.22742,441345808.55061203,328056179.28368,228230359.77871996,610355626.08886,0.19111270318711907,0.13769836523618156,0.10235239288062745,0.07120708258678606,0.19042884354367698
47181,291767871.8362703,200000.0,42358.86641060835,27642662.62162758,40314343.248689644,53137390.658537924,55984897.4013793,56537898.026896544,0.09474196883863778,0.13817266100947748,0.18212214499188153,0.19188163881455744,0.19377698329521215
47183,650533124.4754066,170000.0,42382.76920160314,79139201.16773334,81908110.10393333,114069573.45082667,144734146.48618665,105952728.47133332,0.12165283855691686,0.125909207421197,0.17534783266080875,0.22248543700661058,0.16287061255608493
47185,432611461.95742697,250000.0,45057.65944593715,52590909.72507427,48919130.94084427,108285342.93267423,83926341.6254314,73625053.10489996,0.12156614965104579,0.1130786750760163,0.25030622730779734,0.1939993481580258,0.17018747670662818
47187,13375518106.43234,650000.0,97993.94073769613,4197458883.1734,2115374959.045,490330759.1366,395168765.50336003,2367860630.781,0.3138165452562787,0.15815274909072177,0.03665882362349747,0.029544183810967427,0.17702945126606245
47189,5629260480.856,450000.0,64757.73606727407,1262037679.3824,939529472.3704,837390998.6246,662585737.13246,1446878331.8183997,0.22419244653437875,0.16690104776027928,0.14875683963682282,0.11770386880937254,0.25702813659786156
48001,922257345.895566,200000.0,49889.502645005196,150478379.37126,73513844.08146,189512113.47802198,150533243.712912,143895028.458054,0.16316311281330773,0.07971077097800044,0.2054872366389173,0.16322260200241115,0.1560248114026389
48003,334330524.6319113,178178.3439490446,55868.07525479541,21308814.637114275,16221609.15617142,74286804.76124854,69066358.47288568,48941087.71742855,0.06373577363471282,0.048519677268568186,0.22219569942958775,0.20658107287369543,0.1463853405886625
48005,1815101978.9518406,180000.0,46445.27125906274,160213722.9481895,171704066.4200842,372927379.62262267,316116775.4256805,293587065.0252474,0.08826706422341485,0.09459747629124257,0.20545808662385762,0.1741592368315455,0.16174687066055865
48007,841790017.5739421,200000.0,50701.80243905152,101061251.02700002,100505769.32764211,215474910.37192416,201952050.44934526,170399456.30903685,0.12005517874666755,0.11939529719929683,0.25597228034721503,0.23990787041093176,0.20242513305174603
48009,272300333.3486219,210250.0,52901.60781482224,39385936.94688508,31979752.556872312,64941377.73697272,47093273.72205571,56712069.437674426,0.14464153041068764,0.11744294310477076,0.23849173057687476,0.17294607444260054,0.20827029016180762
48011,65496275.73281427,150000.0,47809.27497291821,6968141.146518611,5720781.609477939,19374286.58844262,17051255.38235924,12860840.965942651,0.10638988352474377,0.0873451436050397,0.29580745426622657,0.26033931229797236,0.19635988187186718
48013,939699541.1989795,200000.0,46521.64660658341,107517729.01465945,120961815.29162163,221215817.4771297,168126875.49214596,162713756.79514378,0.11441713473380614,0.12872392715791292,0.23541122218158847,0.17891556622197544,0.17315508804818014
48015,849046835.405123,225000.0,56504.1056418834,174497305.26086524,118393008.33981386,142684132.42733058,114382509.16059422,190153538.005293,0.2055214129354876,0.13944225854551662,0.16805213384871612,0.13471872739036425,0.2239611880946016
48017,112102461.67959245,110000.0,43115.56011719361,5814548.251209297,7568185.5984279,37273882.987011135,28768389.52654788,20478517.48436277,0.05186815850510265,0.06751132388206638,0.3324983450724402,0.25662585009750044,0.18267678673188992
48019,505992060.64560443,200000.0,46521.64660658341,57894161.77712433,65133285.15702704,119116209.41076216,90529856.03423245,87615099.81276974,0.11441713473380614,0.12872392715791292,0.23541122218158844,0.17891556622197544,0.17315508804818014
48021,2201037940.34936,250000.0,53124.61841563831,384272863.9851733,343526535.72570664,402433483.74488,310608324.94813335,442112867.386344,0.17458711498820395,0.15607479063772084,0.18283804943453347,0.1411190235543291,0.20086562765754487
48023,181533555.56574807,210250.0,52901.60781482224,26257291.297923405,21319835.03791489,43294251.82464851,31395515.814703826,37808046.291782975,0.14464153041068764,0.11744294310477076,0.23849173057687473,0.17294607444260054,0.20827029016180762
48025,688737287.1059524,200000.0,50701.80243905152,82686478.11299999,82231993.08625261,176297653.9406652,165233495.82219154,139417736.98012102,0.12005517874666753,0.11939529719929683,0.25597228034721503,0.23990787041093178,0.20242513305174603
48027,9400931618.33564,265000.0,47397.94590546154,1089653232.79572,1064219755.6424599,1833403113.9587598,1589899885.1714,1806485544.84326,0.11590906912570804,0.11320364819661048,0.1950235560040537,0.16912152430408586,0.19216026859719718
48029,56077463744.72306,258858.1547687683,51317.30966016067,10493724844.2292,9020144530.571579,7297683224.38502,6431093689.0235195,10764762134.47148,0.18712909150098053,0.16085150661651282,0.130135757522945,0.11468232083924607,0.19196235734688435
48031,493514021.77779293,328344.82758620684,65737.93620496521,125713022.34922352,80301627.6045647,43725318.2751247,29294856.599524707,112556538.37209411,0.2547303963043758,0.16271397379003122,0.08859995125895781,0.05935972496585894,0.2280716117581219
48033,60804012.45476315,166024.1935483871,55109.764044323165,4547100.070413939,5654996.055181377,14856756.483075859,12704074.337421449,16486549.706892971,0.07478289485906676,0.09300366582531983,0.2443384224705394,0.20893480256542282,0.27114246315830887
48035,454027654.0852196,185000.0,45985.391644164534,57753248.24152378,54340492.14379245,98548063.36641662,85400525.2467249,79383458.12374151,0.12720204974713648,0.11968542368477164,0.21705299771876768,0.18809542651931832,0.17484278195275188
48037,1831742887.7365131,180000.0,49965.7088853386,200687358.60739428,193525949.58126858,316200390.8878286,267084930.6374972,538566897.3461475,0.10956087775800451,0.10565126300034872,0.17262269339479067,0.14580918120421058,0.2940188281618799
48039,12785992945.87372,283140.243902439,65162.45227665963,2280349181.7812,1740324464.5777998,1699626142.0225601,1323505133.265,2529234201.40624,0.17834744563323973,0.13611179608381022,0.13292875643037652,0.10351211195467772,0.19781288884743764
48041,6023425948.890739,300000.0,44643.828438077384,1051215487.5018802,966475129.2068,573512855.53494,397345059.21169996,994023351.7667401,0.17452119382250722,0.16045272863108476,0.09521373059140154,0.06596662141830997,0.16502624257376272
48043,250747893.47393346,178178.3439490446,55868.07525479541,15981610.977835707,12166206.867128566,55715103.570936404,51799768.854664266,36705815.78807142,0.06373577363471282,0.048519677268568186,0.22219569942958775,0.20658107287369543,0.1463853405886625
48045,65496275.73281427,150000.0,47809.27497291821,6968141.146518611,5720781.609477939,19374286.58844262,17051255.38235924,12860840.965942651,0.10638988352474377,0.0873451436050397,0.29580745426622657,0.26033931229797236,0.19635988187186718
48047,108461386.89251535,150000.0,39811.10956266166,8311961.305302853,12870045.68297142,25825048.674755406,21125198.862732552,21964321.017485697,0.07663521132677348,0.11866016147963852,0.238103618390459,0.19477160921487674,0.20250820726875104
48049,743185506.5837802,140000.0,45114.27553412047,82505513.66800001,74681642.818416,184799549.548312,141911122.893904,135297786.93680003,0.11101604234352634,0.10048856194963626,0.24865871025631922,0.19094979872014795,0.18205116453189032
48051,530214655.35568786,250000.0,49254.443758261434,81268468.27065784,59522695.09816593,111424913.10098037,81139369.74317996,91712827.79736294,0.15327465480210067,0.11226150483946143,0.2101505719909465,0.15303117128806754,0.17297301549659833
48053,1302749193.5737255,253403.31491712708,51188.39057303236,197102712.3994145,166726474.8106418,245946927.23774725,194511619.4512636,267457754.20276907,0.15129751250025245,0.1279804859086304,0.18879069620688932,0.14930857022269634,0.20530256746432832
48055,1152924635.4210932,250000.0,53124.61841563831,201285785.8969955,179942471.09441775,210798491.4854133,162699598.78235555,231582930.535704,0.17458711498820395,0.15607479063772084,0.18283804943453347,0.1411190235543291,0.20086562765754487
48057,679492439.6551175,200000.0,55954.05173531951,52905445.94569696,48355627.51985454,151199783.82021815,115620212.13343029,126871093.75408483,0.07786024223102407,0.07116433487383299,0.2225187139638536,0.17015673079764415,0.18671450387068234
48059,171504347.67317984,140000.0,45114.27553412047,19039733.923384596,17234225.265788287,42646049.89576426,32748720.667823963,31222566.216184583,0.11101604234352634,0.10048856194963626,0.24865871025631922,0.19094979872014795,0.18205116453189032
48061,7578953508.54992,156666.66666666666,41601.55565976265,1074175940.2329001,822656842.92716,1376133692.33336,1014916221.9937601,1712967126.3730001,0.14173143284506334,0.10854491217014456,0.18157304841373217,0.13391244857866186,0.22601631273243447
48063,276463264.75988436,200000.0,50061.81867334567,49298010.409935,31321313.396624997,69563914.66168125,55639981.38841875,44352168.01785,0.1783166760066717,0.11329285799988069,0.25162082464047925,0.20125632762364845,0.16042698496080854
48065,130992551.46562892,150000.0,47809.27497291821,13936282.293037264,11441563.218955912,38748573.17688536,34102510.764718585,25721681.931885377,0.10638988352474377,0.0873451436050397,0.29580745426622657,0.26033931229797236,0.19635988187186718
48067,634064845.7549467,180000.0,49965.7088853386,69468701.0564057,66989751.77813142,109453981.4611714,92452475.98990285,186427002.92751256,0.1095608777580045,0.10565126300034872,0.17262269339479067,0.14580918120421058,0.2940188281618799
48069,196488827.19844356,150000.0,47809.27497291821,20904423.439555917,17162344.828433882,58122859.76532809,51153766.147077926,38582522.8978281,0.10638988352474377,0.0873451436050397,0.29580745426622657,0.26033931229797236,0.19635988187186718
48071,1229961556.434519,216895.16129032258,54872.93869539834,159459271.91848704,134979054.6166528,320493949.37747204,238898742.94131204,272968334.49140227,0.1296457365551623,0.10974249878828536,0.26057233065603913,0.19423269100690024,0.221932411678539
48073,1119967213.98124,200000.0,49254.442440155864,162618079.93555197,190758016.46943998,284838444.23719996,225005632.50086403,186154770.35728,0.14519896467101037,0.17032464351464066,0.254327484484712,0.2009037672638808,0.16621448202536238
48075,130992551.46562892,150000.0,47809.27497291821,13936282.293037264,11441563.218955912,38748573.17688536,34102510.764718585,25721681.931885377,0.10638988352474377,0.0873451436050397,0.29580745426622657,0.26033931229797236,0.19635988187186718
48077,272300333.3486219,210250.0,52901.60781482224,39385936.94688508,31979752.556872312,64941377.73697272,47093273.72205571,56712069.437674426,0.14464153041068764,0.11744294310477076,0.23849173057687476,0.17294607444260054,0.20827029016180762
48079,56051230.8397961,110000.0,43115.56011719361,2907274.125604642,3784092.799213942,18636941.493505526,14384194.763273908,10239258.742181364,0.051868158505102645,0.06751132388206638,0.3324983450724402,0.25662585009750044,0.18267678673188992
48081,121608024.90952659,166024.1935483871,55109.764044323165,9094200.140827898,11309992.11036278,29713512.96615179,25408148.674842957,32973099.41378602,0.07478289485906675,0.09300366582531983,0.2443384224705394,0.20893480256542282,0.27114246315830887
48083,171504347.67317984,140000.0,45114.27553412047,19039733.923384596,17234225.265788287,42646049.89576426,32748720.667823963,31222566.216184583,0.11101604234352634,0.10048856194963626,0.24865871025631922,0.19094979872014795,0.18205116453189032
48085,56281214029.60622,467408.7855683899,86386.39321107657,15517907743.68234,13712190375.06654,2830340176.80324,2521938867.0391803,12811121077.38598,0.2757209134742418,0.2436370752033417,0.050289252383830335,0.04480960317793674,0.2276269497428895
48087,65496275.73281427,150000.0,47809.27497291821,6968141.146518611,5720781.609477939,19374286.58844262,17051255.38235924,12860840.965942651,0.10638988352474377,0.0873451436050397,0.29580745426622657,0.26033931229797236,0.19635988187186718
48089,530654272.128202,225000.0,56504.1056418834,109060815.78804082,73995630.21238367,89177582.76708163,71489068.22537142,118845961.25330816,0.2055214129354876,0.13944225854551662,0.16805213384871612,0.13471872739036425,0.2239611880946016
48091,7144466776.497061,400000.0,75176.42552818995,1962729237.3334403,1232598566.98304,447626514.52599996,308290212.8876,1485245648.8088,0.27472018538740667,0.17252492110928178,0.06265359312727768,0.04315090580332365,0.2078875436435324
48093,285840579.4553,140000.0,45114.27553412047,31732889.872307688,28723708.776313838,71076749.82627383,54581201.113039985,52037610.360307686,0.11101604234352634,0.10048856194963626,0.24865871025631922,0.19094979872014795,0.18205116453189032
48095,60804012.45476315,166024.1935483871,55109.764044323165,4547100.070413939,5654996.055181377,14856756.483075859,12704074.337421449,16486549.706892971,0.07478289485906676,0.09300366582531983,0.2443384224705394,0.20893480256542282,0.27114246315830887
48097,1120079395.3699727,250000.0,56410.47777395721,171574874.10522753,185666463.9275963,169754201.01926252,141124875.8373338,216804852.85586628,0.1531809930746514,0.16576187785890742,0.15155550733364853,0.1259954217716137,0.19356204011257042
48099,1650148978.5267189,253403.31491712708,51188.39057303236,249663435.70592505,211186868.09347957,311532774.5011465,246381384.63826722,338779821.9901742,0.15129751250025245,0.1279804859086304,0.18879069620688932,0.14930857022269634,0.20530256746432832
48101,90766777.78287381,210250.0,52901.60781482224,13128645.648961669,10659917.51895742,21647125.9123242,15697757.907351876,18904023.145891443,0.14464153041068764,0.11744294310477076,0.23849173057687476,0.17294607444260054,0.20827029016180765
48103,83582631.15797782,178178.3439490446,55868.07525479541,5327203.659278569,4055402.289042855,18571701.190312136,17266589.61822142,12235271.929357138,0.06373577363471282,0.048519677268568186,0.22219569942958775,0.20658107287369543,0.1463853405886625
48105,60804012.45476315,166024.1935483871,55109.764044323165,4547100.070413939,5654996.055181377,14856756.483075859,12704074.337421449,16486549.706892971,0.07478289485906676,0.09300366582531983,0.2443384224705394,0.20893480256542282,0.27114246315830887
48107,168153692.5193888,110000.0,43115.56011719361,8721822.376813952,11352278.397641858,55910824.48051674,43152584.28982185,30717776.22654418,0.05186815850510265,0.06751132388206638,0.3324983450724402,0.25662585009750044,0.18267678673188992
48109,83582631.15797782,178178.3439490446,55868.07525479541,5327203.659278569,4055402.289042855,18571701.190312136,17266589.61822142,12235271.929357138,0.06373577363471282,0.048519677268568186,0.22219569942958775,0.20658107287369543,0.1463853405886625
48111,130992551.46562892,150000.0,47809.27497291821,13936282.293037264,11441563.218955912,38748573.17688536,34102510.764718585,25721681.931885377,0.10638988352474377,0.0873451436050397,0.29580745426622657,0.26033931229797236,0.19635988187186718
48113,87511560327.08752,325836.4229327044,62254.74457474302,21466251799.22208,16991730203.06014,11253995637.36058,9786206807.84894,16053899145.72594,0.24529618394402702,0.19416554955197932,0.12860010260698235,0.11182758907819185,0.18344889618836752
48115,243216049.81905317,166024.1935483871,55109.764044323165,18188400.281655796,22619984.22072556,59427025.93230358,50816297.349685915,65946198.82757204,0.07478289485906675,0.09300366582531983,0.2443384224705394,0.20893480256542282,0.27114246315830887
48117,261985102.9312582,150000.0,47809.27497291821,27872564.58607457,22883126.437911853,77497146.35377082,68205021.52943726,51443363.86377082,0.10638988352474377,0.0873451436050397,0.29580745426622657,0.26033931229797236,0.19635988187186718
48119,135955265.22962603,190000.0,42932.848673440974,17627452.921939123,15849954.31774782,34246423.9045939,29070604.958647817,26329177.795040864,0.1296562725405792,0.11658212935686992,0.2518947967682774,0.21382478206745492,0.19366059674534378
48121,44653446644.54223,414536.8830926717,77035.03321677678,11915086353.29784,10287639455.31884,3199329999.708848,2591261809.0635796,10019862593.835741,0.26683463984642186,0.2303884745384206,0.07164799674203617,0.05803049940782783,0.22439169530624395
48123,527551591.433352,200000.0,52300.66635272998,61817591.027412,56165007.03326999,113787032.72828999,93224557.69952998,94109657.34881999,0.11717828555772956,0.10646353445863042,0.21568891948393493,0.17671173628012354,0.1783894862171206
48125,56051230.8397961,110000.0,43115.56011719361,2907274.125604642,3784092.799213942,18636941.493505526,14384194.763273908,10239258.742181364,0.051868158505102645,0.06751132388206638,0.3324983450724402,0.25662585009750044,0.18267678673188992
48127,135528580.3240499,100000.0,34518.19355939368,10444907.935517639,9630163.124399994,29836419.16367645,26669097.585988216,30680643.037905864,0.07706793585931308,0.07105632702249369,0.2201485405686191,0.19677840291857404,0.2263776611881288
48129,130992551.46562892,150000.0,47809.27497291821,13936282.293037264,11441563.218955912,38748573.17688536,34102510.764718585,25721681.931885377,0.10638988352474377,0.0873451436050397,0.29580745426622657,0.26033931229797236,0.19635988187186718
48131,135528580.3240499,100000.0,34518.19355939368,10444907.935517639,9630163.124399994,29836419.16367645,26669097.585988216,30680643.037905864,0.07706793585931308,0.07105632702249369,0.2201485405686191,0.19677840291857404,0.2263776611881288
48133,400176811.2374201,140000.0,45114.27553412047,44426045.82123078,40213192.28683939,99507449.7567834,76413681.558256,72852654.50443079,0.11101604234352634,0.10048856194963628,0.24865871025631925,0.19094979872014795,0.18205116453189032
48135,4458269551.48056,200000.0,58310.809363178785,465714089.21940005,354229184.2086,1298837201.98276,1056437163.03766,655263130.6589,0.1044607294022273,0.07945441165417262,0.2913321383969314,0.23696125836241205,0.14697701049531464
48137,61802039.809599,172686.56716417908,42358.451575263614,4993423.297145,5040550.516695,14414090.000676502,13432171.8245165,8666993.88426,0.08079706288868202,0.08155961408756139,0.23323000414037673,0.2173418849264298,0.14023799070324305
48139,6610737562.5533,345000.0,57191.258435446834,1180269685.0356,999484369.3482002,1135539077.03374,706400909.72694,1253999901.4222002,0.17853827562619778,0.15119105241899272,0.17177191898617056,0.1068565955073405,0.18969137551693419
48141,18946833761.80416,198894.36479490242,44870.95625575047,3001097197.3920603,2404020864.61946,3192217377.24064,2604318796.47994,3575687173.6940002,0.15839571060374832,0.12688245935137943,0.16848289362605723,0.13745403739859227,0.18872214844162516
48143,1035271529.3964309,269000.0,47644.86144717994,158817533.91046154,135029230.21070772,199851006.53906462,207314568.43432617,185940840.97411692,0.15340664685626298,0.1304288067203302,0.19304211587425657,0.2002513954529318,0.1796058673443106
48145,389166560.64447385,185000.0,45985.391644164534,49502784.207020365,46577564.69467923,84469768.59978564,73200450.21147847,68042964.10606413,0.12720204974713648,0.11968542368477164,0.21705299771876765,0.18809542651931832,0.17484278195275185
48147,1120079395.3699727,250000.0,56410.47777395721,171574874.10522753,185666463.9275963,169754201.01926252,141124875.8373338,216804852.85586628,0.1531809930746514,0.16576187785890742,0.15155550733364853,0.1259954217716137,0.19356204011257042
48149,943301974.4354401,250000.0,53124.61841563831,164688370.27936,147225658.16816,172471493.03352,133117853.54920001,189476943.165576,0.17458711498820395,0.15607479063772084,0.18283804943453347,0.1411190235543291,0.20086562765754487
48151,114336231.78211977,140000.0,45114.27553412047,12693155.94892305,11489483.510525513,28430699.930509474,21832480.44521595,20815044.144123033,0.11101604234352634,0.10048856194963628,0.2486587102563192,0.19094979872014795,0.18205116453189032
48153,112102461.67959245,110000.0,43115.56011719361,5814548.251209297,7568185.5984279,37273882.987011135,28768389.52654788,20478517.48436277,0.05186815850510265,0.06751132388206638,0.3324983450724402,0.25662585009750044,0.18267678673188992
48155,90766777.78287381,210250.0,52901.60781482224,13128645.648961669,10659917.51895742,21647125.9123242,15697757.907351876,18904023.145891443,0.14464153041068764,0.11744294310477076,0.23849173057687476,0.17294607444260054,0.20827029016180765
48157,34886503021.67056,360298.3887028005,74699.26663107685,9661865362.85576,5674372459.9561205,2988191863.2782,2173605351.52098,8056137746.1994,0.2769513859515833,0.16265237179064213,0.08565466883917873,0.06230505104426186,0.23092419842697168
48159,271910530.45925206,190000.0,42932.848673440974,35254905.84387825,31699908.63549564,68492847.8091878,58141209.917295635,52658355.59008173,0.1296562725405792,0.11658212935686992,0.2518947967682774,0.21382478206745492,0.19366059674534378
48161,518888747.5259653,185000.0,45985.391644164534,66003712.27602717,62103419.592905656,112626358.13304757,97600600.28197132,90723952.14141887,0.12720204974713648,0.11968542368477164,0.21705299771876768,0.18809542651931832,0.17484278195275188
48163,433707480.553375,200000.0,46521.64660658341,49623567.23753512,55828530.13459458,102099608.0663675,77597019.45791349,75098656.98237403,0.11441713473380614,0.12872392715791292,0.23541122218158844,0.17891556622197544,0.17315508804818014
48165,334330524.6319113,178178.3439490446,55868.07525479541,21308814.637114275,16221609.15617142,74286804.76124854,69066358.47288568,48941087.71742855,0.06373577363471282,0.048519677268568186,0.22219569942958775,0.20658107287369543,0.1463853405886625
48167,12252778354.030819,300000.0,67489.55599153887,2159036765.54674,1895476232.89962,1611701472.18218,1357433662.59182,2246002650.07438,0.17620793449156597,0.15469766759275963,0.1315376338013962,0.11078578452741394,0.18330558059393184
48169,168153692.5193888,110000.0,43115.56011719361,8721822.376813952,11352278.397641858,55910824.48051674,43152584.28982185,30717776.22654418,0.05186815850510265,0.06751132388206638,0.3324983450724402,0.25662585009750044,0.18267678673188992
48171,863649538.1111375,328344.82758620684,65737.93620496521,219997789.11114115,140527848.3079882,76519306.98146822,51265999.04916823,196973942.15116465,0.2547303963043758,0.16271397379003122,0.08859995125895782,0.05935972496585894,0.2280716117581219
48173,60804012.45476315,166024.1935483871,55109.764044323165,4547100.070413939,5654996.055181377,14856756.483075859,12704074.337421449,16486549.706892971,0.07478289485906676,0.09300366582531983,0.2443384224705394,0.20893480256542282,0.27114246315830887
48175,175850530.47778404,200000.0,52300.66635272998,20605863.675804004,18721669.01109,37929010.909430005,31074852.56651,31369885.782940004,0.11717828555772956,0.10646353445863041,0.21568891948393493,0.17671173628012354,0.1783894862171206
48177,527551591.433352,200000.0,52300.66635272998,61817591.027412,56165007.03326999,113787032.72828999,93224557.69952998,94109657.34881999,0.11717828555772956,0.10646353445863042,0.21568891948393493,0.17671173628012354,0.1783894862171206
48179,458473930.1297018,150000.0,47809.27497291821,48776988.02563049,40045471.26634574,135620006.11909893,119358787.67651519,90025886.76159893,0.10638988352474378,0.0873451436050397,0.2958074542662266,0.26033931229797236,0.19635988187186718
48181,3733597984.566575,250000.0,56410.47777395721,571916247.017425,618888213.0919875,565847336.7308749,470416252.79111254,722682842.8528875,0.15318099307465138,0.16576187785890742,0.15155550733364853,0.1259954217716137,0.19356204011257042
48183,3013805050.86932,200000.0,47789.627217894835,596723141.15186,376039029.31518,572741243.53182,482076639.4568,636623435.9926,0.19799659602393246,0.12477218100311865,0.1900392473516544,0.15995614557675086,0.21123577180580028
48185,605959606.1207863,250000.0,49254.443758261434,92878249.45218042,68025937.2550468,127342757.82969189,92730708.27792,104814660.33984339,0.15327465480210067,0.11226150483946144,0.2101505719909465,0.15303117128806754,0.17297301549659833
48187,5638983134.65336,300000.0,57899.85968717513,989398379.7260001,710119672.9981999,727638917.3824999,461177937.58682,1176515717.8078,0.17545687867832582,0.12593044810407159,0.1290372572513873,0.08178388311763758,0.20863969437640867
48189,504461077.5581664,110000.0,43115.56011719361,26165467.130441856,34056835.19292558,167732473.44155023,129457752.86946554,92153328.67963254,0.05186815850510265,0.06751132388206638,0.3324983450724402,0.25662585009750044,0.18267678673188992
48191,65496275.73281427,150000.0,47809.27497291821,6968141.146518611,5720781.609477939,19374286.58844262,17051255.38235924,12860840.965942651,0.10638988352474377,0.0873451436050397,0.29580745426622657,0.26033931229797236,0.19635988187186718
48193,260549838.71474493,253403.31491712708,51188.39057303236,39420542.47988288,33345294.962128337,49189385.44754942,38902323.890252694,53491550.84055378,0.15129751250025245,0.1279804859086304,0.18879069620688932,0.14930857022269634,0.20530256746432832
48195,130992551.46562892,150000.0,47809.27497291821,13936282.293037264,11441563.218955912,38748573.17688536,34102510.764718585,25721681.931885377,0.10638988352474377,0.0873451436050397,0.29580745426622657,0.26033931229797236,0.19635988187186718
48197,90766777.78287381,210250.0,52901.60781482224,13128645.648961669,10659917.51895742,21647125.9123242,15697757.907351876,18904023.145891443,0.14464153041068764,0.11744294310477076,0.23849173057687476,0.17294607444260054,0.20827029016180765
48199,1382533978.6220403,200000.0,57537.095157020856,198088839.7069892,138814050.5119005,282059064.3000491,226571848.4014946,293074941.13505185,0.14327954521915087,0.10040552540361813,0.20401600876469955,0.1638815768038604,0.2119838974425476
48201,152062796260.0809,284682.8133805351,59441.20214671503,35773084611.73982,25265373265.1433,19854320293.19356,16454620410.1609,30017959607.56008,0.23525205041314154,0.16615091847930127,0.13056658684110797,0.1082093767499692,0.19740502177941543
48203,1513911689.255264,180000.0,48431.742319631805,120690105.84565334,148385380.28352,233774688.97274667,218442823.85584,292581688.8846293,0.0797207041218,0.09801455483609813,0.1544176523848277,0.14429033437432418,0.19326205812477643
48205,65496275.73281427,150000.0,47809.27497291821,6968141.146518611,5720781.609477939,19374286.58844262,17051255.38235924,12860840.965942651,0.10638988352474377,0.0873451436050397,0.29580745426622657,0.26033931229797236,0.19635988187186718
48207,114336231.78211977,140000.0,45114.27553412047,12693155.94892305,11489483.510525513,28430699.930509474,21832480.44521595,20815044.144123033,0.11101604234352634,0.10048856194963628,0.2486587102563192,0.19094979872014795,0.18205116453189032
48209,9515184127.299599,406010.24208566104,65223.94021751272,1947820315.86044,1810565074.7540002,1252937441.32404,900793905.4784,1998485181.309,0.20470652903836448,0.19028166460377652,0.13167768742690875,0.09466909871916945,0.2100311622531017
48211,65496275.73281427,150000.0,47809.27497291821,6968141.146518611,5720781.609477939,19374286.58844262,17051255.38235924,12860840.965942651,0.10638988352474377,0.0873451436050397,0.29580745426622657,0.26033931229797236,0.19635988187186718
48213,2151933807.089654,200000.0,49889.502645005196,351116218.53294,171532302.85674,442194931.44871795,351244235.330128,335755066.402126,0.16316311281330773,0.07971077097800044,0.2054872366389173,0.16322260200241115,0.1560248114026389
48215,15378973052.613537,161677.03471649313,41941.32635528127,1827695831.8044,1680329500.5426,3305946957.071076,2636945484.921236,2601192862.53532,0.11884381522430701,0.10926148935913774,0.21496539110647936,0.17146434133800031,0.16913956826871918
48217,778333121.2889477,185000.0,45985.391644164534,99005568.41404073,93155129.38935846,168939537.19957128,146400900.42295694,136085928.21212825,0.12720204974713648,0.11968542368477164,0.21705299771876765,0.18809542651931832,0.17484278195275185
48219,392358615.8785739,110000.0,43115.56011719361,20350918.879232556,26488649.594497673,130458590.45453908,100689363.34291767,71674811.19526976,0.05186815850510265,0.06751132388206638,0.3324983450724402,0.25662585009750044,0.18267678673188992
48221,1207816784.295836,269000.0,47644.86144717994,185287122.89553848,157534101.91249233,233159507.62890872,241866996.50671387,216930981.13646975,0.15340664685626298,0.1304288067203302,0.19304211587425657,0.2002513954529318,0.1796058673443106
48223,679776326.14813,190000.0,42932.848673440974,88137264.60969561,79249771.5887391,171232119.52296948,145353024.79323906,131645888.9752043,0.1296562725405792,0.11658212935686993,0.2518947967682774,0.2138247820674549,0.19366059674534378
48225,602313986.7584647,191911.6465863454,43215.254353235476,68527540.1110468,76995047.51127148,138226897.72547063,125559352.73614979,130164009.68768679,0.11377378181079363,0.1278320762990142,0.22949308959166062,0.208461625491856,0.21610656991082652
48227,608040124.5476334,166024.1935483871,55109.764044323165,45471000.70413953,56549960.551813945,148567564.83075905,127040743.37421489,164865497.06893024,0.07478289485906676,0.09300366582531983,0.2443384224705394,0.20893480256542282,0.27114246315830887
48229,83582631.15797782,178178.3439490446,55868.07525479541,5327203.659278569,4055402.289042855,18571701.190312136,17266589.61822142,12235271.929357138,0.06373577363471282,0.048519677268568186,0.22219569942958775,0.20658107287369543,0.1463853405886625
48231,3295751206.752707,320255.10204081633,65096.78360386697,596095458.9906791,513246716.02402806,408297549.41631603,338250834.43581367,518093141.6476201,0.18086785730953583,0.15572981205997294,0.12388603501980062,0.10263239341087615,0.15720031918249544
48233,523970205.8625164,150000.0,47809.27497291821,55745129.17214914,45766252.87582371,154994292.70754164,136410043.05887452,102886727.72754164,0.10638988352474377,0.0873451436050397,0.29580745426622657,0.26033931229797236,0.19635988187186718
48235,60804012.45476315,166024.1935483871,55109.764044323165,4547100.070413939,5654996.055181377,14856756.483075859,12704074.337421449,16486549.706892971,0.07478289485906676,0.09300366582531983,0.2443384224705394,0.20893480256542282,0.27114246315830887
48237,272300333.3486219,210250.0,52901.60781482224,39385936.94688508,31979752.556872312,64941377.73697272,47093273.72205571,56712069.437674426,0.14464153041068764,0.11744294310477076,0.23849173057687476,0.17294607444260054,0.20827029016180762
48239,263775795.716676,200000.0,52300.66635272998,30908795.513706,28082503.516634993,56893516.364144996,46612278.84976499,47054828.67440999,0.11717828555772956,0.10646353445863042,0.21568891948393493,0.17671173628012354,0.1783894862171206
48241,675668642.4955293,150000.0,53653.30089648504,115319989.88841175,68106681.03905882,168127591.91019994,145017157.88619998,158879178.30515292,0.17067536161288524,0.10079893716469085,0.24883142613994017,0.21462762775343613,0.2351436315267571
48243,83582631.15797782,178178.3439490446,55868.07525479541,5327203.659278569,4055402.289042855,18571701.190312136,17266589.61822142,12235271.929357138,0.06373577363471282,0.048519677268568186,0.22219569942958775,0.20658107287369543,0.1463853405886625
48245,5446193167.834021,190000.0,49059.78173615388,534997779.8008,465572987.9282,1337582790.7367,1193845433.7959,1146355316.8137999,0.09823334636027452,0.0854859483644354,0.24559958663175066,0.21920732464043297,0.2104874508646397
48247,90352386.88269998,100000.0,34518.19355939368,6963271.957011763,6420108.749599999,19890946.109117646,17779398.390658822,20453762.02527059,0.07706793585931308,0.07105632702249369,0.2201485405686191,0.19677840291857404,0.2263776611881288
48249,596537627.9088348,150000.0,39811.10956266166,45715787.17916572,70785251.25634286,142037767.71115485,116188593.74502912,120803765.59617142,0.07663521132677348,0.11866016147963852,0.23810361839045904,0.19477160921487674,0.20250820726875107
48251,5413281689.27364,289000.0,55694.490403654876,957424460.1136,796572862.314,1238547413.73232,1026670224.6254001,890421329.3464,0.17686581173315374,0.14715156314373973,0.22879788727538208,0.18965763903617583,0.164488268015086
48253,343008695.34636,140000.0,45114.27553412047,38079467.84676923,34468450.53157661,85292099.79152861,65497441.33564799,62445132.43236923,0.11101604234352633,0.10048856194963626,0.24865871025631922,0.19094979872014795,0.18205116453189032
48255,439626326.19446003,200000.0,52300.66635272998,51514659.18951,46804172.527724996,94822527.27357501,77687131.416275,78424714.45735,0.11717828555772956,0.10646353445863042,0.21568891948393493,0.17671173628012354,0.1783894862171206
48257,5624881243.2388,340000.0,61958.26670968552,1161442755.8886,749502327.9648,940137043.92732,699412898.8658,1221496648.0642,0.20648307149322903,0.1332476714714136,0.16713900316693445,0.124342696071407,0.21715954439615218
48259,1110406549.0000343,328344.82758620684,65737.93620496521,282854300.285753,180678662.1102706,98381966.1190306,65913427.348930605,253252211.3372118,0.2547303963043758,0.16271397379003122,0.08859995125895781,0.05935972496585894,0.2280716117581219
48261,108461386.89251535,150000.0,39811.10956266166,8311961.305302853,12870045.68297142,25825048.674755406,21125198.862732552,21964321.017485697,0.07663521132677348,0.11866016147963852,0.238103618390459,0.19477160921487674,0.20250820726875104
48263,57168115.8910597,140000.0,45114.27553412047,6346577.974461504,5744741.755262737,14215349.965254692,10916240.22260794,10407522.072061483,0.11101604234352634,0.10048856194963625,0.24865871025631922,0.19094979872014795,0.18205116453189032
48265,1727299076.2222753,328344.82758620684,65737.93620496521,439995578.22228235,281055696.61597645,153038613.96293643,102531998.09833647,393947884.30232936,0.2547303963043758,0.16271397379003122,0.08859995125895781,0.05935972496585894,0.2280716117581219
48267,121608024.90952659,166024.1935483871,55109.764044323165,9094200.140827898,11309992.11036278,29713512.96615179,25408148.674842957,32973099.41378602,0.07478289485906675,0.09300366582531983,0.2443384224705394,0.20893480256542282,0.27114246315830887
48269,56051230.8397961,110000.0,43115.56011719361,2907274.125604642,3784092.799213942,18636941.493505526,14384194.763273908,10239258.742181364,0.051868158505102645,0.06751132388206638,0.3324983450724402,0.25662585009750044,0.18267678673188992
48271,61802039.809599,172686.56716417908,42358.451575263614,4993423.297145,5040550.516695,14414090.000676502,13432171.8245165,8666993.88426,0.08079706288868202,0.08155961408756139,0.23323000414037673,0.2173418849264298,0.14023799070324305
48273,542306934.4625771,150000.0,39811.10956266166,41559806.52651429,64350228.41485714,129125243.37377712,105625994.31366284,109821605.08742857,0.07663521132677348,0.11866016147963852,0.23810361839045902,0.19477160921487674,0.20250820726875107
48275,114336231.78211977,140000.0,45114.27553412047,12693155.94892305,11489483.510525513,28430699.930509474,21832480.44521595,20815044.144123033,0.11101604234352634,0.10048856194963628,0.2486587102563192,0.19094979872014795,0.18205116453189032
48277,883709223.9925694,190000.0,42932.848673440974,114578443.99260435,103024703.06536086,222601755.37986043,188958932.23121086,171139655.66776568,0.1296562725405792,0.11658212935686992,0.2518947967682774,0.21382478206745492,0.19366059674534378
48279,280256154.1989812,110000.0,43115.56011719361,14536370.628023248,18920463.99606976,93184707.46752787,71920973.81636973,51196293.710906945,0.05186815850510265,0.06751132388206638,0.3324983450724402,0.25662585009750044,0.18267678673188992
48281,521099677.42948985,253403.31491712708,51188.39057303236,78841084.95976576,66690589.924256675,98378770.89509884,77804647.78050539,106983101.68110757,0.15129751250025245,0.1279804859086304,0.18879069620688932,0.14930857022269634,0.20530256746432832
48283,90352386.88269998,100000.0,34518.19355939368,6963271.957011763,6420108.749599999,19890946.109117646,17779398.390658822,20453762.02527059,0.07706793585931308,0.07105632702249369,0.2201485405686191,0.19677840291857404,0.2263776611881288
48285,527551591.433352,200000.0,52300.66635272998,61817591.027412,56165007.03326999,113787032.72828999,93224557.69952998,94109657.34881999,0.11717828555772956,0.10646353445863042,0.21568891948393493,0.17671173628012354,0.1783894862171206
48287,419245321.97130626,250000.0,53124.61841563831,73194831.23527104,65433625.85251549,76653996.9037866,59163490.46631105,84211974.74025592,0.17458711498820395,0.15607479063772084,0.18283804943453347,0.1411190235543291,0.20086562765754487
48289,454469704.59058976,250000.0,49254.443758261434,69658687.08913532,51019452.941285096,95507068.37226893,69548031.20843999,78610995.25488254,0.15327465480210067,0.11226150483946143,0.21015057199094653,0.15303117128806754,0.17297301549659833
48291,2613668307.423353,216895.16129032258,54872.93869539834,338850952.82678497,286830491.06038725,681049642.4271281,507659828.7502881,580057710.7942299,0.1296457365551623,0.10974249878828539,0.26057233065603913,0.19423269100690024,0.221932411678539
48293,518888747.5259653,185000.0,45985.391644164534,66003712.27602717,62103419.592905656,112626358.13304757,97600600.28197132,90723952.14141887,0.12720204974713648,0.11968542368477164,0.21705299771876768,0.18809542651931832,0.17484278195275188
48295,130992551.46562892,150000.0,47809.27497291821,13936282.293037264,11441563.218955912,38748573.17688536,34102510.764718585,25721681.931885377,0.10638988352474377,0.0873451436050397,0.29580745426622657,0.26033931229797236,0.19635988187186718
48297,216922773.7850307,150000.0,39811.10956266166,16623922.610605706,25740091.36594284,51650097.34951081,42250397.725465104,43928642.03497139,0.07663521132677348,0.11866016147963852,0.238103618390459,0.19477160921487674,0.20250820726875104
48299,694799569.9059867,253403.31491712708,51188.39057303236,105121446.61302105,88920786.56567559,131171694.52679849,103739530.37400723,142644135.57481012,0.15129751250025245,0.1279804859086304,0.18879069620688932,0.14930857022269634,0.20530256746432832
48301,83582631.15797782,178178.3439490446,55868.07525479541,5327203.659278569,4055402.289042855,18571701.190312136,17266589.61822142,12235271.929357138,0.06373577363471282,0.048519677268568186,0.22219569942958775,0.20658107287369543,0.1463853405886625
48303,8365653022.110979,220202.70270270266,50516.494135661706,1403033144.614,1015046648.9315,1173451118.06606,1006671349.34222,1484759338.7228003,0.16771352348772892,0.1213350166745697,0.1402701157894728,0.12033386355871088,0.17748277806866747
48305,168153692.5193888,110000.0,43115.56011719361,8721822.376813952,11352278.397641858,55910824.48051674,43152584.28982185,30717776.22654418,0.05186815850510265,0.06751132388206638,0.3324983450724402,0.25662585009750044,0.18267678673188992
48307,182412037.36429,166024.1935483871,55109.764044323165,13641300.211241858,16964988.165544182,44570269.44922771,38112223.01226446,49459649.12067906,0.07478289485906676,0.09300366582531983,0.24433842247053944,0.20893480256542282,0.27114246315830887
48309,6509673436.48554,237500.0,45826.16572525405,1023805480.9972,778276286.4305999,1091998348.48968,925687884.2916,1213421983.94276,0.15727447635989783,0.11955688622850147,0.1677500967051937,0.14220189281743184,0.18640289651731984
48311,45176193.441349916,100000.0,34518.19355939368,3481635.978505876,3210054.3747999943,9945473.054558806,8889699.195329396,10226881.012635278,0.07706793585931308,0.07105632702249369,0.2201485405686191,0.19677840291857404,0.2263776611881288
48313,302979803.06039315,250000.0,49254.443758261434,46439124.72609021,34012968.6275234,63671378.91484594,46365354.13896,52407330.169921696,0.15327465480210067,0.11226150483946144,0.2101505719909465,0.15303117128806754,0.17297301549659833
48315,378477922.31381595,180000.0,48431.742319631805,30172526.461413328,37096345.070879996,58443672.24318666,54610705.96395999,73145422.22115731,0.0797207041218,0.09801455483609811,0.1544176523848277,0.14429033437432418,0.19326205812477643
48317,121608024.90952659,166024.1935483871,55109.764044323165,9094200.140827898,11309992.11036278,29713512.96615179,25408148.674842957,32973099.41378602,0.07478289485906675,0.09300366582531983,0.2443384224705394,0.20893480256542282,0.27114246315830887
48319,121608024.90952659,166024.1935483871,55109.764044323165,9094200.140827898,11309992.11036278,29713512.96615179,25408148.674842957,32973099.41378602,0.07478289485906675,0.09300366582531983,0.2443384224705394,0.20893480256542282,0.27114246315830887
48321,1379701107.5333254,225000.0,56504.1056418834,283558121.04890615,192388638.55219758,231861715.19441226,185871577.3859657,308999499.25860125,0.2055214129354876,0.13944225854551662,0.16805213384871612,0.13471872739036425,0.2239611880946016
48323,803426517.524787,172686.56716417908,42358.451575263614,64914502.862885,65527156.717035,187383170.00879452,174618233.71871448,112670920.49538001,0.08079706288868202,0.08155961408756139,0.23323000414037673,0.2173418849264298,0.14023799070324305
48325,795130381.0145212,200000.0,46521.64660658341,90976539.93548109,102352305.24675678,187182614.78834054,142261202.33950815,137680871.13435245,0.11441713473380613,0.12872392715791292,0.23541122218158844,0.17891556622197544,0.17315508804818014
48327,60804012.45476315,166024.1935483871,55109.764044323165,4547100.070413939,5654996.055181377,14856756.483075859,12704074.337421449,16486549.706892971,0.07478289485906676,0.09300366582531983,0.2443384224705394,0.20893480256542282,0.27114246315830887
48329,6736363753.154181,285000.0,72308.83903300931,1586597870.273,746973270.8332801,996314738.8621,814333630.5124999,1227144675.8323998,0.23552734507991857,0.11088671844413439,0.14790097081613113,0.1208862318533798,0.1821672226737773
48331,530214655.35568786,250000.0,49254.443758261434,81268468.27065784,59522695.09816593,111424913.10098037,81139369.74317996,91712827.79736294,0.15327465480210067,0.11226150483946143,0.2101505719909465,0.15303117128806754,0.17297301549659833
48333,173699892.47649643,253403.31491712708,51188.39057303236,26280361.653255224,22230196.641418867,32792923.631699577,25934882.59350177,35661033.893702485,0.15129751250025245,0.1279804859086304,0.18879069620688932,0.14930857022269634,0.20530256746432832
48335,114336231.78211977,140000.0,45114.27553412047,12693155.94892305,11489483.510525513,28430699.930509474,21832480.44521595,20815044.144123033,0.11101604234352634,0.10048856194963628,0.2486587102563192,0.19094979872014795,0.18205116453189032
48337,726134222.2629923,210250.0,52901.60781482224,105029165.19169362,85279340.15165956,173177007.29859403,125582063.2588153,151232185.1671319,0.14464153041068764,0.11744294310477076,0.23849173057687473,0.17294607444260054,0.20827029016180762
48339,25742902150.85268,358645.1149425287,77057.71408992128,5866833662.806,4291422025.59044,2949918239.992,2765067494.3278,4666539910.19744,0.22790102018904163,0.16670311686082742,0.11459151818647184,0.10741086914461245,0.18127481831114642
48341,392977654.3968875,150000.0,47809.27497291821,41808846.87911187,34324689.656867795,116245719.53065628,102307532.29415594,77165045.79565626,0.10638988352474377,0.08734514360503969,0.29580745426622657,0.26033931229797236,0.19635988187186715
48343,203932897.84443903,190000.0,42932.848673440974,26441179.382908687,23774931.47662173,51369635.85689085,43605907.437971726,39493766.69256129,0.1296562725405792,0.11658212935686992,0.2518947967682774,0.21382478206745495,0.19366059674534375
48345,56051230.8397961,110000.0,43115.56011719361,2907274.125604642,3784092.799213942,18636941.493505526,14384194.763273908,10239258.742181364,0.051868158505102645,0.06751132388206638,0.3324983450724402,0.25662585009750044,0.18267678673188992
48347,1469368268.6752994,180000.0,46445.27125906274,129696823.33901054,138998529.95911577,301893593.02783734,255904056.29697943,237665719.30615264,0.08826706422341485,0.09459747629124257,0.2054580866238576,0.1741592368315455,0.16174687066055865
48349,778333121.2889477,185000.0,45985.391644164534,99005568.41404073,93155129.38935846,168939537.19957128,146400900.42295694,136085928.21212825,0.12720204974713648,0.11968542368477164,0.21705299771876765,0.18809542651931832,0.17484278195275185
48351,337834321.2477645,150000.0,53653.30089648504,57659994.94420585,34053340.5195294,84063795.95509994,72508578.94309996,79439589.15257643,0.17067536161288524,0.10079893716469086,0.24883142613994017,0.21462762775343613,0.2351436315267571
48353,285840579.4553,140000.0,45114.27553412047,31732889.872307688,28723708.776313838,71076749.82627383,54581201.113039985,52037610.360307686,0.11101604234352634,0.10048856194963626,0.24865871025631922,0.19094979872014795,0.18205116453189032
48355,8295089540.77936,210000.0,48720.9765092395,1229095115.7182,1111670580.40084,1506599035.31642,1296416713.32306,1448307288.2472,0.14817141028747968,0.1340155009702757,0.18162540957633455,0.15628724764811353,0.17459815004132254
48357,196488827.19844356,150000.0,47809.27497291821,20904423.439555917,17162344.828433882,58122859.76532809,51153766.147077926,38582522.8978281,0.10638988352474377,0.0873451436050397,0.29580745426622657,0.26033931229797236,0.19635988187186718
48359,65496275.73281427,150000.0,47809.27497291821,6968141.146518611,5720781.609477939,19374286.58844262,17051255.38235924,12860840.965942651,0.10638988352474377,0.0873451436050397,0.29580745426622657,0.26033931229797236,0.19635988187186718
48361,2552370422.0714593,200000.0,57537.095157020856,365702473.3052108,256272093.25273946,520724426.4000908,418286489.3566054,541061429.787788,0.14327954521915087,0.10040552540361813,0.20401600876469958,0.1638815768038604,0.21198389744254756
48363,862726274.4970256,269000.0,47644.86144717994,132347944.92538461,112524358.50892308,166542505.4492205,172762140.36193848,154950700.8117641,0.15340664685626298,0.1304288067203302,0.19304211587425657,0.2002513954529318,0.1796058673443106
48365,559983606.99062,200000.0,49254.442440155864,81309039.96777599,95379008.23471999,142419222.11859998,112502816.25043201,93077385.17864,0.14519896467101037,0.17032464351464066,0.254327484484712,0.2009037672638808,0.16621448202536238
48367,5953588029.973216,359379.5180722892,69197.99655930839,1539024305.7426,942808242.2584001,856211606.76,606268103.1570001,1037033013.3846,0.25850366165653615,0.15835967109444782,0.1438143859550611,0.10183239083805527,0.17418622319241417
48369,130992551.46562892,150000.0,47809.27497291821,13936282.293037264,11441563.218955912,38748573.17688536,34102510.764718585,25721681.931885377,0.10638988352474377,0.0873451436050397,0.29580745426622657,0.26033931229797236,0.19635988187186718
48371,304020062.2738166,166024.1935483871,55109.764044323165,22735500.352069754,28274980.27590696,74283782.4153795,63520371.68710742,82432748.53446507,0.07478289485906676,0.09300366582531983,0.2443384224705394,0.20893480256542282,0.27114246315830887
48373,978760228.4825052,191911.6465863454,43215.254353235476,111357252.68045107,125116952.20581616,224618708.8038898,204033948.19624344,211516515.74249107,0.11377378181079363,0.1278320762990142,0.22949308959166065,0.20846162549185604,0.21610656991082655
48375,2289295054.6191797,150101.69491525422,42457.252496646506,263773775.032,327230002.6772,536612359.87186,471188013.89874005,360794982.08039993,0.11522052367158864,0.14293919956579568,0.23440069849848366,0.20582231763791642,0.15760090921981115
48377,167165262.31595564,178178.3439490446,55868.07525479541,10654407.318557138,8110804.57808571,37143402.38062427,34533179.23644284,24470543.858714275,0.06373577363471282,0.048519677268568186,0.22219569942958775,0.20658107287369543,0.1463853405886625
48379,276463264.75988436,200000.0,50061.81867334567,49298010.409935,31321313.396624997,69563914.66168125,55639981.38841875,44352168.01785,0.1783166760066717,0.11329285799988069,0.25162082464047925,0.20125632762364845,0.16042698496080854
48381,4494515863.223761,250000.0,57244.769891022755,539196990.92956,524209036.42120004,652810934.9893999,555464195.8436,962132369.94364,0.11996775789390865,0.11663303732233421,0.14524610766890503,0.12358710320474535,0.2140680774577433
48383,60804012.45476315,166024.1935483871,55109.764044323165,4547100.070413939,5654996.055181377,14856756.483075859,12704074.337421449,16486549.706892971,0.07478289485906676,0.09300366582531983,0.2443384224705394,0.20893480256542282,0.27114246315830887
48385,61802039.809599,172686.56716417908,42358.451575263614,4993423.297145,5040550.516695,14414090.000676502,13432171.8245165,8666993.88426,0.08079706288868202,0.08155961408756139,0.23323000414037673,0.2173418849264298,0.14023799070324305
48387,339888163.074065,190000.0,42932.848673440974,44068632.30484781,39624885.79436955,85616059.76148474,72676512.39661953,65822944.48760215,0.1296562725405792,0.11658212935686993,0.2518947967682774,0.2138247820674549,0.19366059674534378
48389,334330524.6319113,178178.3439490446,55868.07525479541,21308814.637114275,16221609.15617142,74286804.76124854,69066358.47288568,48941087.71742855,0.06373577363471282,0.048519677268568186,0.22219569942958775,0.20658107287369543,0.1463853405886625
48391,153052730.46798941,200000.0,50701.80243905152,18374772.913999997,18273776.24138947,39177256.431258924,36718554.62715367,30981719.328915782,0.12005517874666753,0.11939529719929683,0.25597228034721503,0.23990787041093176,0.20242513305174603
48393,65496275.73281427,150000.0,47809.27497291821,6968141.146518611,5720781.609477939,19374286.58844262,17051255.38235924,12860840.965942651,0.10638988352474377,0.0873451436050397,0.29580745426622657,0.26033931229797236,0.19635988187186718
48395,454469704.59058976,250000.0,49254.443758261434,69658687.08913532,51019452.941285096,95507068.37226893,69548031.20843999,78610995.25488254,0.15327465480210067,0.11226150483946143,0.21015057199094653,0.15303117128806754,0.17297301549659833
48397,4551275475.991833,320255.10204081633,65096.78360386697,823179443.3680806,708769274.509372,563839473.0034839,467108295.1732664,715461957.5133799,0.18086785730953583,0.15572981205997294,0.12388603501980061,0.10263239341087615,0.15720031918249544
48399,228672463.5642399,140000.0,45114.27553412047,25386311.89784614,22978967.02105106,56861399.86101904,43664960.89043197,41630088.28824613,0.11101604234352634,0.10048856194963626,0.24865871025631922,0.19094979872014795,0.18205116453189032
48401,1119967213.98124,200000.0,49254.442440155864,162618079.93555197,190758016.46943998,284838444.23719996,225005632.50086403,186154770.35728,0.14519896467101037,0.17032464351464066,0.254327484484712,0.2009037672638808,0.16621448202536238
48403,202700592.74865866,150000.0,53653.30089648504,34595996.9665235,20432004.311717633,50438277.573059954,43505147.36585996,47663753.49154584,0.17067536161288524,0.10079893716469085,0.2488314261399402,0.2146276277534361,0.2351436315267571
48405,202700592.74865866,150000.0,53653.30089648504,34595996.9665235,20432004.311717633,50438277.573059954,43505147.36585996,47663753.49154584,0.17067536161288524,0.10079893716469085,0.2488314261399402,0.2146276277534361,0.2351436315267571
48407,677603235.1032727,191911.6465863454,43215.254353235476,77093482.62492764,86619428.45018041,155505259.94115445,141254271.82816848,146434510.8986476,0.11377378181079362,0.1278320762990142,0.22949308959166065,0.208461625491856,0.2161065699108265
48409,1224421843.7439156,200000.0,50701.80243905152,146998183.312,146190209.93111578,313418051.45007145,293748437.01722944,247853754.6313263,0.12005517874666753,0.11939529719929683,0.25597228034721503,0.23990787041093176,0.20242513305174603
48411,173699892.47649643,253403.31491712708,51188.39057303236,26280361.653255224,22230196.641418867,32792923.631699577,25934882.59350177,35661033.893702485,0.15129751250025245,0.1279804859086304,0.18879069620688932,0.14930857022269634,0.20530256746432832
48413,60804012.45476315,166024.1935483871,55109.764044323165,4547100.070413939,5654996.055181377,14856756.483075859,12704074.337421449,16486549.706892971,0.07478289485906676,0.09300366582531983,0.2443384224705394,0.20893480256542282,0.27114246315830887
48415,228672463.5642399,140000.0,45114.27553412047,25386311.89784614,22978967.02105106,56861399.86101904,43664960.89043197,41630088.28824613,0.11101604234352634,0.10048856194963626,0.24865871025631922,0.19094979872014795,0.18205116453189032
48417,57168115.8910597,140000.0,45114.27553412047,6346577.974461504,5744741.755262737,14215349.965254692,10916240.22260794,10407522.072061483,0.11101604234352634,0.10048856194963625,0.24865871025631922,0.19094979872014795,0.18205116453189032
48419,472968049.7468704,150000.0,53653.30089648504,80723992.9218882,47674676.72734117,117689314.33713993,101512010.52033997,111215424.81360702,0.17067536161288524,0.10079893716469085,0.2488314261399402,0.21462762775343613,0.2351436315267571
48421,65496275.73281427,150000.0,47809.27497291821,6968141.146518611,5720781.609477939,19374286.58844262,17051255.38235924,12860840.965942651,0.10638988352474377,0.0873451436050397,0.29580745426622657,0.26033931229797236,0.19635988187186718
48423,5857538931.29878,256774.69135802466,51879.85439107804,987755120.6135999,1008502719.7207999,805475986.76224,672926698.0112801,972583938.3302801,0.1686297150046576,0.17217174850209432,0.13751099159722416,0.11488215544170073,0.16603968829527369
48425,258817882.34910762,269000.0,47644.86144717994,39704383.47761537,33757307.552676916,49962751.63476614,51828642.10858153,46485210.243529215,0.15340664685626298,0.1304288067203302,0.19304211587425657,0.2002513954529318,0.1796058673443106
48427,767995288.50295,100000.0,34518.19355939368,59187811.63459999,54570924.3716,169073041.9275,151124886.3206,173856977.21480003,0.07706793585931308,0.07105632702249369,0.2201485405686191,0.19677840291857404,0.2263776611881288
48429,171504347.67317984,140000.0,45114.27553412047,19039733.923384596,17234225.265788287,42646049.89576426,32748720.667823963,31222566.216184583,0.11101604234352634,0.10048856194963626,0.24865871025631922,0.19094979872014795,0.18205116453189032
48431,60804012.45476315,166024.1935483871,55109.764044323165,4547100.070413939,5654996.055181377,14856756.483075859,12704074.337421449,16486549.706892971,0.07478289485906676,0.09300366582531983,0.2443384224705394,0.20893480256542282,0.27114246315830887
48433,57168115.8910597,140000.0,45114.27553412047,6346577.974461504,5744741.755262737,14215349.965254692,10916240.22260794,10407522.072061483,0.11101604234352634,0.10048856194963625,0.24865871025631922,0.19094979872014795,0.18205116453189032
48435,60804012.45476315,166024.1935483871,55109.764044323165,4547100.070413939,5654996.055181377,14856756.483075859,12704074.337421449,16486549.706892971,0.07478289485906676,0.09300366582531983,0.2443384224705394,0.20893480256542282,0.27114246315830887
48437,196488827.19844356,150000.0,47809.27497291821,20904423.439555917,17162344.828433882,58122859.76532809,51153766.147077926,38582522.8978281,0.10638988352474377,0.0873451436050397,0.29580745426622657,0.26033931229797236,0.19635988187186718
48439,72559834138.01706,316415.4265873016,62294.53274170484,15789973676.61072,12113676194.8963,9387678699.950039,8146373887.63974,15363232141.24242,0.2176131445749503,0.16694740745761227,0.12937844761460737,0.1122711205781481,0.21173190820722942
48441,3411138722.06496,200000.0,47043.05170339617,458826429.515,263040435.73460004,561680299.0414,422737735.2546,591713464.189,0.13450828796468464,0.07711220714452985,0.1646606440858501,0.12392862609782469,0.17346508377437125
48443,60804012.45476315,166024.1935483871,55109.764044323165,4547100.070413939,5654996.055181377,14856756.483075859,12704074.337421449,16486549.706892971,0.07478289485906676,0.09300366582531983,0.2443384224705394,0.20893480256542282,0.27114246315830887
48445,168153692.5193888,110000.0,43115.56011719361,8721822.376813952,11352278.397641858,55910824.48051674,43152584.28982185,30717776.22654418,0.05186815850510265,0.06751132388206638,0.3324983450724402,0.25662585009750044,0.18267678673188992
48447,57168115.8910597,140000.0,45114.27553412047,6346577.974461504,5744741.755262737,14215349.965254692,10916240.22260794,10407522.072061483,0.11101604234352634,0.10048856194963625,0.24865871025631922,0.19094979872014795,0.18205116453189032
48449,611798693.5333173,190000.0,42932.848673440974,79323538.14872609,71324794.42986521,154108907.5706726,130817722.31391522,118481300.07768393,0.1296562725405792,0.11658212935686992,0.2518947967682774,0.21382478206745492,0.19366059674534378
48451,2655833705.4513597,200000.0,45265.006143394065,414986054.43556,281016781.0142,486586375.378,425748881.6675999,547855329.106,0.15625453264779354,0.10581113585439683,0.1832141727771711,0.16030705566907616,0.20628374735265728
48453,67050335582.264984,488184.70884868875,86898.2022035817,18117077484.89364,16349634310.49412,3848882365.5399,3116611410.8569202,14186133789.28798,0.2702011455657153,0.24384120032381534,0.05740287997242986,0.04648166759781697,0.21157438909284526
48455,376446241.72404027,191911.6465863454,43215.254353235476,42829712.56940424,48121904.69454466,86391811.07841912,78474595.46009359,81352506.0548042,0.11377378181079363,0.1278320762990142,0.22949308959166065,0.208461625491856,0.21610656991082652
48457,405401185.4973176,150000.0,53653.30089648504,69191993.93304706,40864008.623435296,100876555.14611998,87010294.73172,95327506.98309176,0.17067536161288524,0.10079893716469085,0.2488314261399402,0.21462762775343613,0.2351436315267571
48459,946194805.7845399,180000.0,48431.742319631805,75431316.15353332,92740862.67719999,146109180.60796666,136526764.90989998,182863555.5528933,0.0797207041218,0.09801455483609811,0.1544176523848277,0.14429033437432418,0.19326205812477643
48461,121608024.90952659,166024.1935483871,55109.764044323165,9094200.140827898,11309992.11036278,29713512.96615179,25408148.674842957,32973099.41378602,0.07478289485906675,0.09300366582531983,0.2443384224705394,0.20893480256542282,0.27114246315830887
48463,370812238.85759395,172686.56716417908,42358.451575263614,29960539.78287,30243303.100169998,86484540.004059,80593030.94709899,52001963.30556,0.08079706288868202,0.08155961408756139,0.23323000414037673,0.2173418849264298,0.14023799070324305
48465,865228557.3343859,172686.56716417908,42358.451575263614,69907926.16002999,70567707.23373,201797260.009471,188050405.54323098,121337914.37964001,0.08079706288868202,0.0815596140875614,0.23323000414037673,0.2173418849264298,0.14023799070324305
48467,1290161902.2127938,200000.0,50061.81867334567,230057381.91303,146166129.18425,324631601.75451255,259653246.47928753,206976784.08330002,0.1783166760066717,0.11329285799988068,0.25162082464047925,0.20125632762364845,0.16042698496080854
48469,2123413873.9222424,200000.0,55954.05173531951,165329518.580303,151111335.99954543,472499324.43818176,361313162.9169697,396472167.9815151,0.07786024223102407,0.07116433487383299,0.22251871396385361,0.17015673079764415,0.18671450387068234
48471,903470980.137697,191911.6465863454,43215.254353235476,102791310.1665702,115492571.26690722,207340346.58820596,188339029.10422468,195246014.53153017,0.11377378181079363,0.1278320762990142,0.22949308959166065,0.208461625491856,0.21610656991082652
48473,1167439398.6820443,225000.0,56504.1056418834,239933794.73368976,162790386.46724406,196190682.08757955,157275950.0958171,261461114.7572779,0.2055214129354876,0.13944225854551662,0.16805213384871612,0.13471872739036425,0.2239611880946016
48475,250747893.47393346,178178.3439490446,55868.07525479541,15981610.977835707,12166206.867128566,55715103.570936404,51799768.854664266,36705815.78807142,0.06373577363471282,0.048519677268568186,0.22219569942958775,0.20658107287369543,0.1463853405886625
48477,681704556.8858845,250000.0,49254.443758261434,104488030.63370295,76529179.41192764,143260602.55840337,104322046.81265998,117916492.8823238,0.15327465480210067,0.11226150483946144,0.21015057199094653,0.15303117128806754,0.17297301549659833
48479,5076718967.84854,206382.35294117648,41176.0740893883,765038049.1042,620531567.7842001,1106207054.8051,1026501932.78914,1006821942.346,0.15069537115394335,0.12223082894958331,0.21789802859107224,0.20219790366378318,0.19832138606102132
48481,1273570253.1076846,225000.0,56504.1056418834,261745957.8912979,177589512.5097208,214026198.6409959,171573763.74089137,285230307.0079395,0.2055214129354876,0.13944225854551662,0.16805213384871612,0.13471872739036425,0.2239611880946016
48483,130992551.46562892,150000.0,47809.27497291821,13936282.293037264,11441563.218955912,38748573.17688536,34102510.764718585,25721681.931885377,0.10638988352474377,0.0873451436050397,0.29580745426622657,0.26033931229797236,0.19635988187186718
48485,3272856530.6723003,190000.0,51701.44433395416,409253080.42759997,321795461.97819996,556943414.5098,513917817.8256001,646482378.9562,0.12504461365543953,0.09832250786504769,0.17017043347005326,0.15702424258726447,0.1975284809760364
48487,363067111.13149613,210250.0,52901.60781482224,52514582.59584681,42639670.07582978,86588503.64929701,62791031.62940765,75616092.58356595,0.14464153041068764,0.11744294310477076,0.23849173057687473,0.17294607444260054,0.20827029016180762
48489,325384160.67754626,150000.0,39811.10956266166,24935883.915908575,38610137.04891428,77475146.02426627,63375596.5881977,65892963.05245714,0.07663521132677348,0.11866016147963851,0.23810361839045902,0.19477160921487674,0.20250820726875107
48491,30347768868.43512,425000.0,77861.37261385948,6200674413.90362,7760363187.255699,2217828922.6359,1728032288.9795,6755797570.78104,0.20432060230803245,0.25571445534921333,0.07308046045331115,0.05694099940166725,0.2226126605902743
48493,1055103182.866704,200000.0,52300.66635272998,123635182.054824,112330014.06653997,227574065.45657998,186449115.39905995,188219314.69763997,0.11717828555772956,0.10646353445863042,0.21568891948393493,0.17671173628012354,0.1783894862171206
48495,250747893.47393346,178178.3439490446,55868.07525479541,15981610.977835707,12166206.867128566,55715103.570936404,51799768.854664266,36705815.78807142,0.06373577363471282,0.048519677268568186,0.22219569942958775,0.20658107287369543,0.1463853405886625
48497,1452268444.5259845,210250.0,52901.60781482224,210058330.38338724,170558680.30331913,346354014.59718806,251164126.5176306,302464370.3342638,0.14464153041068764,0.11744294310477076,0.23849173057687473,0.17294607444260054,0.20827029016180762
48499,1105853059.0395374,200000.0,50061.81867334567,197192041.63974,125285253.58649999,278255658.646725,222559925.553675,177408672.0714,0.1783166760066717,0.11329285799988069,0.25162082464047925,0.20125632762364845,0.16042698496080854
48501,112102461.67959245,110000.0,43115.56011719361,5814548.251209297,7568185.5984279,37273882.987011135,28768389.52654788,20478517.48436277,0.05186815850510265,0.06751132388206638,0.3324983450724402,0.25662585009750044,0.18267678673188992
48503,453833888.91436994,210250.0,52901.60781482224,65643228.24480848,53299587.5947872,108235629.56162122,78488789.53675953,94520115.7294574,0.14464153041068764,0.11744294310477076,0.23849173057687476,0.17294607444260054,0.20827029016180762
48505,271057160.64809996,100000.0,34518.19355939368,20889815.87103529,19260326.2488,59672838.32735294,53338195.17197646,61361286.07581177,0.07706793585931308,0.07105632702249369,0.2201485405686191,0.19677840291857404,0.2263776611881288
48507,247208159.238396,172686.56716417908,42358.451575263614,19973693.18858,20162202.06678,57656360.002706006,53728687.298066,34667975.53704,0.08079706288868202,0.08155961408756139,0.23323000414037673,0.2173418849264298,0.14023799070324305
49001,188035923.248709,390000.0,43283.66136322612,18940280.260421604,25780051.275543757,48345141.263708055,37341387.59990699,41640054.63838482,0.10072692458541506,0.13710173476503915,0.2571058786451327,0.19858645600668948,0.22144733792866203
49003,1644864459.5051172,450000.0,55074.94333948543,228090082.53931034,236823498.72438616,359991869.0804275,264416823.7059724,303685851.6336827,0.13866801074170862,0.14397751581041404,0.21885807490103873,0.16075295576969684,0.18462667235515035
49005,4190301617.6963935,500000.0,62525.58531660636,996685238.3523306,693485124.223774,390582899.07021916,307492534.0255635,702618019.6600174,0.2378552498806173,0.1654976628162188,0.09321116585515413,0.0733819572144801,0.16767719457060937
49007,575049560.5284524,400000.0,58018.72714984322,89753723.23015787,73373261.67126314,87446594.24028943,99782936.43152627,94797454.50886576,0.15607997882422,0.1275946748030473,0.15206792638869035,0.173520585494977,0.16485092940815377
49009,115009912.10569048,400000.0,58018.72714984322,17950744.646031573,14674652.334252628,17489318.84805789,19956587.286305256,18959490.90177315,0.15607997882422,0.1275946748030473,0.15206792638869035,0.173520585494977,0.16485092940815377
49011,11945048519.21192,516666.6666666667,60811.58159489517,2799004088.042,2062778331.2803998,1425868104.8744001,1072066710.4186001,2588668573.27396,0.23432337537517725,0.17268898723707257,0.1193689671985085,0.0897498832838002,0.21671478094965066
49013,460039648.4227619,400000.0,58018.72714984322,71802978.5841263,58698609.33701051,69957275.39223155,79826349.14522102,75837963.6070926,0.15607997882422,0.1275946748030473,0.15206792638869035,0.173520585494977,0.16485092940815377
49015,345029736.31707144,400000.0,58018.72714984322,53852233.93809472,44023957.002757885,52467956.54417366,59869761.85891577,56878472.70531945,0.15607997882422,0.1275946748030473,0.15206792638869035,0.173520585494977,0.16485092940815377
49017,188035923.248709,390000.0,43283.66136322612,18940280.260421604,25780051.275543757,48345141.263708055,37341387.59990699,41640054.63838482,0.10072692458541506,0.13710173476503915,0.2571058786451327,0.19858645600668948,0.22144733792866203
49019,345029736.31707144,400000.0,58018.72714984322,53852233.93809472,44023957.002757885,52467956.54417366,59869761.85891577,56878472.70531945,0.15607997882422,0.1275946748030473,0.15206792638869035,0.173520585494977,0.16485092940815377
49021,1128215539.492255,390000.0,43283.66136322612,113641681.56252971,154680307.65326267,290070847.5822486,224048325.59944212,249840327.83030915,0.10072692458541505,0.13710173476503915,0.2571058786451327,0.19858645600668948,0.22144733792866206
49023,188035923.248709,390000.0,43283.66136322612,18940280.260421604,25780051.275543757,48345141.263708055,37341387.59990699,41640054.63838482,0.10072692458541506,0.13710173476503915,0.2571058786451327,0.19858645600668948,0.22144733792866203
49025,188035923.248709,390000.0,43283.66136322612,18940280.260421604,25780051.275543757,48345141.263708055,37341387.59990699,41640054.63838482,0.10072692458541506,0.13710173476503915,0.2571058786451327,0.19858645600668948,0.22144733792866203
49027,282053884.8730635,390000.0,43283.66136322612,28410420.390632406,38670076.91331564,72517711.89556208,56012081.39986049,62460081.957577236,0.10072692458541505,0.13710173476503915,0.2571058786451327,0.19858645600668948,0.22144733792866206
49029,448960887.61032766,500000.0,62525.58531660636,106787704.10917822,74301977.59540431,41848167.75752346,32945628.645596072,75280502.1064304,0.23785524988061726,0.1654976628162188,0.09321116585515413,0.0733819572144801,0.16767719457060937
49031,94017961.6243545,390000.0,43283.66136322612,9470140.130210802,12890025.637771878,24172570.631854028,18670693.799953494,20820027.31919241,0.10072692458541506,0.13710173476503915,0.2571058786451327,0.19858645600668948,0.22144733792866203
49033,149653629.20344257,500000.0,62525.58531660636,35595901.36972608,24767325.865134776,13949389.252507823,10981876.215198692,25093500.702143468,0.2378552498806173,0.1654976628162188,0.09321116585515413,0.0733819572144801,0.16767719457060937
49035,42859210673.718124,515368.36836836836,63644.473410638064,9373371905.80784,8187282628.514999,4911768183.83116,3996776654.198,8564131950.34622,0.21870145899713744,0.19102737777519446,0.11460239483232307,0.09325362253227122,0.1998201043771874
49037,460039648.4227619,400000.0,58018.72714984322,71802978.5841263,58698609.33701051,69957275.39223155,79826349.14522102,75837963.6070926,0.15607997882422,0.1275946748030473,0.15206792638869035,0.173520585494977,0.16485092940815377
49039,658125731.3704822,390000.0,43283.66136322612,66290980.91147568,90230179.46440326,169207994.4229784,130694856.5996746,145740191.23434705,0.10072692458541505,0.13710173476503915,0.2571058786451327,0.19858645600668948,0.22144733792866206
49041,470089808.1217728,390000.0,43283.66136322612,47350700.65105404,64450128.18885944,120862853.15927023,93353468.99976754,104100136.59596214,0.10072692458541505,0.13710173476503915,0.2571058786451327,0.19858645600668948,0.22144733792866206
49043,2095150808.8481963,500000.0,62525.58531660636,498342619.17616516,346742562.11188686,195291449.53510955,153746267.0127817,351309009.8300086,0.2378552498806173,0.1654976628162188,0.09321116585515413,0.0733819572144801,0.16767719457060937
49045,2330224650.965583,450000.0,55074.94333948543,323127616.93068963,335499956.52621377,509988481.19727236,374590500.2501276,430221623.14771724,0.13866801074170862,0.14397751581041404,0.21885807490103873,0.16075295576969684,0.18462667235515035
49047,920079296.8455238,400000.0,58018.72714984322,143605957.1682526,117397218.67402102,139914550.7844631,159652698.29044205,151675927.2141852,0.15607997882422,0.1275946748030473,0.15206792638869035,0.173520585494977,0.16485092940815377
49049,20819591881.40136,528169.5652173914,53053.0622536649,4475645196.7545595,4493351278.00754,2345282905.1071796,1779552397.4927201,4315566923.74832,0.2149727632630859,0.21582321611316302,0.11264788082624602,0.0854748934383501,0.2072839346867082
49051,1150099121.0569053,400000.0,58018.72714984322,179507446.46031582,146746523.34252635,174893188.48057893,199565872.86305264,189594909.01773158,0.15607997882422,0.1275946748030473,0.15206792638869035,0.173520585494977,0.16485092940815377
49053,4257299339.2557,500000.0,46283.545212220735,579966068.034,687095612.53916,668243277.0036,440700826.8002,758603748.66404,0.13622863271235117,0.16139236586057967,0.15696412766700787,0.10351652342990929,0.1781889616426798
49055,94017961.6243545,390000.0,43283.66136322612,9470140.130210802,12890025.637771878,24172570.631854028,18670693.799953494,20820027.31919241,0.10072692458541506,0.13710173476503915,0.2571058786451327,0.19858645600668948,0.22144733792866203
49057,8092804772.240479,450000.0,52887.10630578191,1290838960.9306002,1331238992.9094,1569763996.8641999,1162096817.46632,1527053716.7070403,0.1595045225060129,0.16449661524960385,0.19397032809301457,0.14359629945015903,0.18869276594253961
50001,915483729.984405,300000.0,54124.1969898256,241849619.01846498,155907062.93935,123053120.87729998,104847689.9031,162270996.24715,0.2641768620208956,0.17030020068407534,0.1344132253223071,0.1145270925840332,0.17725164405697766
50003,994324878.6479267,282820.75471698114,59046.03013792955,161176859.5030956,122123217.17969386,130955670.41324864,106788109.70003475,222540811.0317982,0.16209677839124606,0.12282023692875495,0.13170310149668676,0.10739760413643093,0.22381096542048415
50005,988490562.9632463,300000.0,55093.38078238727,156314941.8612558,89218387.68067439,155032160.60393485,122737939.25857209,176609365.21745577,0.15813498653205435,0.090257197209066,0.15683726927972624,0.12416703189419895,0.17866570692190048
50007,6448947539.21542,401136.3636363637,60906.35455375669,1236195650.781,964130553.85738,521311443.9230399,397227814.6417,1155293339.36318,0.1916895188344788,0.14950199982161375,0.08083666997645678,0.061595758412701686,0.1791444778140858
50009,296547168.8889739,300000.0,55093.38078238727,46894482.55837673,26765516.30420232,46509648.181180455,36821381.777571626,52982809.56523673,0.15813498653205435,0.090257197209066,0.15683726927972624,0.12416703189419896,0.17866570692190048
50011,1087339619.2595713,300000.0,55093.38078238727,171946436.0473814,98140226.44874187,170535376.6643284,135011733.18442932,194270301.73920143,0.15813498653205435,0.090257197209066,0.15683726927972624,0.12416703189419893,0.17866570692190048
50013,197698112.59264913,300000.0,55093.38078238727,31262988.372251134,17843677.536134865,31006432.12078695,24547587.8517144,35321873.04349113,0.15813498653205435,0.09025719720906598,0.15683726927972624,0.12416703189419895,0.17866570692190048
50015,691943394.0742725,300000.0,55093.38078238727,109420459.30287907,62452871.376472086,108522512.4227544,85916557.48100047,123626555.65221906,0.15813498653205435,0.090257197209066,0.15683726927972624,0.12416703189419895,0.17866570692190048
50017,915483729.984405,300000.0,54124.1969898256,241849619.01846498,155907062.93935,123053120.87729998,104847689.9031,162270996.24715,0.2641768620208956,0.17030020068407534,0.1344132253223071,0.1145270925840332,0.17725164405697766
50019,988490562.9632463,300000.0,55093.38078238727,156314941.8612558,89218387.68067439,155032160.60393485,122737939.25857209,176609365.21745577,0.15813498653205435,0.090257197209066,0.15683726927972624,0.12416703189419895,0.17866570692190048
50021,1657208131.0798783,282820.75471698114,59046.03013792955,268628099.17182606,203538695.29948986,218259450.6887478,177980182.8333913,370901351.7196638,0.16209677839124603,0.12282023692875496,0.13170310149668676,0.10739760413643093,0.22381096542048415
50023,1830967459.96881,300000.0,54124.1969898256,483699238.03692997,311814125.8787,246106241.75459996,209695379.8062,324541992.4943,0.2641768620208956,0.17030020068407534,0.1344132253223071,0.1145270925840332,0.17725164405697766
50025,1491487317.9718904,282820.75471698114,59046.03013792955,241765289.25464347,183184825.76954085,196433505.61987302,160182164.55005217,333811216.5476974,0.16209677839124606,0.12282023692875495,0.13170310149668676,0.10739760413643093,0.22381096542048415
50027,1574347724.5258844,282820.75471698114,59046.03013792955,255196694.21323478,193361760.53451535,207346478.1543104,169081173.69172174,352356284.13368064,0.16209677839124606,0.12282023692875495,0.13170310149668676,0.10739760413643093,0.22381096542048418
51001,917406200.6271628,275000.0,52577.55202033999,117216220.8220645,117157047.66846772,200993115.3678532,125976084.73864354,182264109.28036934,0.1277691612961984,0.1277046608016995,0.21908846400912602,0.1373176730793001,0.19867329123758792
51003,4430651193.987251,397500.0,68291.32252836128,982586641.5683801,668027332.7453523,433708468.9252428,282557236.3510654,1050420718.0765073,0.22177025420142055,0.15077407439608853,0.09788819971064748,0.06377329741833847,0.23708043628034012
51005,622334497.0089732,250000.0,57143.25548711713,96461106.51515554,82488261.15784444,81492690.50286666,68604034.57068887,110288197.04799554,0.15499881009129515,0.1325465028120642,0.13094676720402282,0.11023659286189255,0.17721691080609553
51007,185395681.25473043,190000.0,47032.751770343544,18591377.561926305,20324842.553789463,35183821.05949999,31802156.049055777,46653768.80551049,0.10027945330820343,0.10962953622346512,0.18977691832615037,0.17153666058358807,0.25164431280041
51009,958543860.8917763,255000.0,51694.8341956735,135744773.6138235,119101592.05117646,164895252.07135293,123470418.59044702,200081415.02367055,0.1416156100436907,0.12425262620780952,0.1720268198452009,0.12881040047095701,0.20873475193667804
51011,383417544.35671055,255000.0,51694.8341956735,54297909.4455294,47640636.82047059,65958100.828541175,49388167.43617881,80032566.00946823,0.1416156100436907,0.12425262620780952,0.1720268198452009,0.12881040047095701,0.20873475193667804
51013,17022140814.161701,750000.0,112032.0627795767,6280882250.0501995,4464077266.3531,330573695.47143996,303358070.26864,4413897253.0798,0.36898309787361006,0.2622512241608985,0.019420218589451255,0.01782138178625916,0.259303298055649
51015,1643642129.6641843,250000.0,48173.51173352522,286624720.38625115,247368635.02289304,333039128.04103816,289345018.23001677,360278160.4287294,0.17438389732977458,0.1505003008613763,0.2026226524803681,0.1760389399906252,0.2191950144903736
51017,182626903.2960203,250000.0,48173.51173352522,31847191.154027876,27485403.89143253,37004347.560115315,32149446.470001828,40030906.714303225,0.17438389732977458,0.1505003008613763,0.20262265248036812,0.1760389399906252,0.2191950144903736
51019,1917087721.7835531,255000.0,51694.8341956735,271489547.22764707,238203184.10235298,329790504.1427059,246940837.1808941,400162830.0473412,0.1416156100436907,0.12425262620780952,0.1720268198452009,0.12881040047095701,0.20873475193667806
51021,132068382.47447352,198980.76923076934,45379.311432036964,16136712.435857138,13890656.023685709,23287649.555668563,17604507.402867135,24019922.364417844,0.12218452390734837,0.10517775536753111,0.17633023982988247,0.13329842520233617,0.18187488870820742
51023,933501745.5134597,250000.0,57143.25548711713,144691659.77273327,123732391.73676662,122239035.75429995,102906051.85603328,165432295.57199326,0.15499881009129515,0.1325465028120642,0.13094676720402282,0.11023659286189255,0.17721691080609553
51025,370791362.50946087,190000.0,47032.751770343544,37182755.12385261,40649685.107578926,70367642.11899997,63604312.098111555,93307537.61102098,0.10027945330820343,0.10962953622346512,0.18977691832615037,0.17153666058358807,0.25164431280041
51027,352747918.24478865,140000.0,45998.15025663462,35835792.27376207,29557345.55026207,90679101.97253792,64122406.19435001,59990373.56751552,0.10159037210502798,0.08379169378896466,0.25706488198071054,0.181779687073454,0.1700658472090127
51029,247194241.67297393,190000.0,47032.751770343544,24788503.415901743,27099790.071719285,46911761.41266665,42402874.73207437,62205025.07401399,0.10027945330820343,0.10962953622346511,0.18977691832615037,0.17153666058358807,0.25164431280041
51031,1182009453.469625,240479.797979798,47590.17659120041,176214761.14813712,157215233.42955425,148874686.00469482,117717745.19866972,253338982.6684045,0.1490806698972526,0.1330067479308822,0.12595050366788,0.09959120449766758,0.21432906642562208
51033,1448061034.7017398,400000.0,70797.04249857093,244598932.66265637,308530518.68988734,166416519.2459327,140443998.99860942,397299897.06107885,0.1689147948884882,0.21306458173804535,0.11492369123806295,0.09698762388668028,0.2743668171023686
51035,660341912.3723676,198980.76923076934,45379.311432036964,80683562.17928569,69453280.11842854,116438247.77834281,88022537.01433568,120099611.82208923,0.12218452390734837,0.1051777553675311,0.17633023982988247,0.13329842520233617,0.18187488870820742
51036,443826612.91471004,350000.0,59297.45321015532,85790627.506755,76614509.27245,75358641.5121,49069171.94845,88366044.67053,0.19329761895833258,0.17262261217123764,0.16979297617419267,0.11055932772079984,0.19910037410828105
51037,247194241.67297393,190000.0,47032.751770343544,24788503.415901743,27099790.071719285,46911761.41266665,42402874.73207437,62205025.07401399,0.10027945330820343,0.10962953622346511,0.18977691832615037,0.17153666058358807,0.25164431280041
51041,13893680524.32806,366376.9470404985,66549.5041084707,3348610439.3130007,2751835883.8684,1197870878.27674,864725805.4815999,2943104087.5354,0.24101680137595863,0.1980638520548886,0.08621695857906396,0.06223878575352665,0.21183041328624025
51043,592798645.4762425,380000.0,60493.063363212,100665477.65497929,105119793.983931,97492020.46079998,61666841.36941791,154482781.3521379,0.16981394681512246,0.1773279928794032,0.1644605992351363,0.10402662327252116,0.2605990795205504
51045,103722416.16816212,250000.0,57143.25548711713,16076851.085859243,13748043.526307395,13582115.083811099,11434005.761781469,18381366.17466591,0.15499881009129515,0.1325465028120642,0.13094676720402282,0.11023659286189255,0.17721691080609556
51047,1306782459.147877,400000.0,63272.6942827504,265700107.95127267,266764160.35118178,171734405.61721814,109717820.80312726,296257384.13180906,0.20332390145834192,0.20413815511813083,0.13141774624768243,0.08396027971990973,0.2267074998274707
51049,185395681.25473043,190000.0,47032.751770343544,18591377.561926305,20324842.553789463,35183821.05949999,31802156.049055777,46653768.80551049,0.10027945330820343,0.10962953622346512,0.18977691832615037,0.17153666058358807,0.25164431280041
51051,201570238.99702203,140000.0,45998.15025663462,20477595.585006893,16889911.743006893,51816629.69859309,36641374.9682,34280213.46715172,0.101590372105028,0.08379169378896466,0.25706488198071054,0.181779687073454,0.17006584720901266
51053,756732452.7611469,250000.0,47790.01845163213,114164072.37434116,109369224.04642586,140395920.8796388,129817337.94197646,128526790.0774235,0.15086451222989325,0.14452825915865258,0.1855291396151514,0.17154984891727865,0.16984442732495228
51057,183481240.1254324,275000.0,52577.55202033999,23443244.164412882,23431409.533693522,40198623.0735706,25195216.947728686,36452821.856073834,0.1277691612961984,0.1277046608016995,0.219088464009126,0.1373176730793001,0.19867329123758792
51059,60814034400.053,684587.3015873017,95540.66536189565,17764848230.120914,17132822493.79426,2335484559.3959227,2084636110.3135622,14703332303.8906,0.29211757459237786,0.2817248134055603,0.03840371030200698,0.03427886557566957,0.2417753146776558
51061,2613564918.295754,400000.0,63272.6942827504,531400215.90254533,533528320.70236355,343468811.2344363,219435641.60625452,592514768.2636181,0.20332390145834192,0.20413815511813083,0.13141774624768243,0.08396027971990973,0.2267074998274707
51063,471215795.9766393,250000.0,48936.830140695376,58190912.066229135,64154147.18808329,45871378.33959788,43194463.91093122,77791889.01477078,0.12349100467997463,0.1361460030326822,0.09734686046448233,0.09166599311766833,0.16508760885984253
51065,707567822.9597794,325000.0,64486.06808872911,139588537.42275864,91976185.50582758,105522450.86024137,71198426.24372414,173714670.07989657,0.19727937434867404,0.12998921449125284,0.1491340440254017,0.10062417189337242,0.24550956734188734
51067,1659558658.6905954,250000.0,57143.25548711713,257229617.3737481,219968696.4209185,217313841.34097776,182944092.18850365,294101858.7946548,0.15499881009129515,0.1325465028120642,0.13094676720402282,0.11023659286189254,0.17721691080609553
51069,2815793566.0121527,380000.0,60493.063363212,478161018.8611517,499319021.4236724,463087097.1888,292917496.5047351,733793211.4226551,0.16981394681512246,0.1773279928794032,0.1644605992351363,0.10402662327252114,0.2605990795205504
51071,376972636.7813115,250000.0,48936.830140695376,46552729.652983315,51323317.750466645,36697102.67167831,34555571.12874499,62233511.21181664,0.12349100467997463,0.1361460030326822,0.09734686046448233,0.09166599311766835,0.16508760885984253
51073,550443720.3762976,275000.0,52577.55202033999,70329732.49323869,70294228.60108061,120595869.2207119,75585650.84318611,109358465.56822158,0.1277691612961984,0.1277046608016995,0.21908846400912602,0.1373176730793001,0.19867329123758792
51075,1172746903.849125,400000.0,76427.83432820391,327383019.585025,302270061.0494,88284014.25225002,72245721.71475,397291776.65222496,0.27915914210517767,0.257745349876692,0.07527968222511534,0.06160384775063494,0.3387702626613261
51077,330170956.18618363,198980.76923076934,45379.311432036964,40341781.08964282,34726640.05921425,58219123.88917138,44011268.507167816,60049805.911044575,0.12218452390734837,0.1051777553675311,0.17633023982988247,0.13329842520233617,0.18187488870820742
51079,634845378.5405664,470000.0,72096.57696799346,148086224.57323417,101910518.25972563,46876540.464159966,29507449.234445695,147998184.8245713,0.23326345213958505,0.16052809346112862,0.07383930331496391,0.04647974173219909,0.23312477309798085
51081,252244150.9203823,250000.0,47790.01845163213,38054690.79144705,36456408.01547529,46798640.29321293,43272445.980658814,42842263.35914116,0.15086451222989325,0.14452825915865258,0.1855291396151514,0.17154984891727865,0.16984442732495228
51083,679784164.6006783,190000.0,47032.751770343544,68168384.39372979,74524422.69722804,129007343.88483329,116607905.51320453,171063818.9535385,0.10027945330820343,0.10962953622346512,0.18977691832615037,0.17153666058358807,0.25164431280041
51085,4268742463.661993,375000.0,67862.64376917962,1026525425.032655,936536328.9460833,503122141.72360003,357124521.8727833,1177503080.21008,0.24047490186419856,0.21939396365988875,0.11786191038847317,0.08366035780158536,0.275843082648735
51087,12943783420.48796,365144.23076923075,70608.69509147141,3339713085.3366404,2679588841.87784,1299669414.1358001,887081898.1374,2121320145.72466,0.25801676193456724,0.20701743492064886,0.10040877322457584,0.06853343178882998,0.1638871786410568
51089,788508036.5412599,150000.0,43392.487693641335,108756128.38115199,123142393.61161265,141412386.92251995,126808709.13871998,202137390.4151933,0.13792646788763727,0.15617138685328927,0.17934171925858403,0.16082107380282168,0.25635425518534477
51091,91313451.64800994,250000.0,48173.51173352522,15923595.5770139,13742701.945716234,18502173.780057617,16074723.235000877,20015453.357151568,0.17438389732977458,0.1505003008613763,0.20262265248036812,0.1760389399906252,0.2191950144903736
51093,863581230.7106532,350000.0,58455.75661722063,141019243.08442634,118106586.70377956,127340754.80219993,107901221.5265977,159085072.42069575,0.16329586386260342,0.13676372587045227,0.14745660312395792,0.12494623283765009,0.18421552803988386
51095,2592961875.5660124,410000.0,67673.30448713522,415590103.55779004,485211331.3159195,196708905.92498484,163457532.8073798,450708320.163267,0.16027621056598518,0.18712628823746347,0.07586262944265065,0.06303892639057757,0.17381987927025838
51097,122320826.75028826,275000.0,52577.55202033999,15628829.44294192,15620939.689129014,26799082.049047068,16796811.29848579,24301881.237382557,0.1277691612961984,0.1277046608016995,0.21908846400912602,0.1373176730793001,0.19867329123758792
51099,965374023.1344929,400000.0,70797.04249857093,163065955.10843754,205687012.45992485,110944346.16395509,93629332.66573958,264866598.04071915,0.1689147948884882,0.21306458173804535,0.11492369123806294,0.09698762388668028,0.2743668171023686
51101,591768817.2196132,350000.0,59297.45321015532,114387503.34233995,102152679.0299333,100478188.68279997,65425562.597933315,117821392.89403997,0.19329761895833258,0.17262261217123764,0.16979297617419267,0.11055932772079984,0.19910037410828105
51103,305802066.8757207,275000.0,52577.55202033999,39072073.607354805,39052349.22282254,66997705.12261768,41992028.24621448,60754703.093456395,0.1277691612961984,0.1277046608016995,0.21908846400912602,0.1373176730793001,0.19867329123758792
51105,352747918.24478865,140000.0,45998.15025663462,35835792.27376207,29557345.55026207,90679101.97253792,64122406.19435001,59990373.56751552,0.10159037210502798,0.08379169378896466,0.25706488198071054,0.181779687073454,0.1700658472090127
51107,26075293025.01214,675497.4358974359,106011.42802019703,7239966485.4678,7920974443.88198,877897835.3090799,1013433414.6242001,6891356700.96196,0.2776561888881949,0.30377317088187517,0.03366780325218114,0.038865657757022595,0.2642868363684957
51109,1273622081.3276029,325000.0,64486.06808872911,251259367.36096555,165557133.91048962,189940411.54843447,128157167.23870346,312686406.14381385,0.19727937434867404,0.12998921449125284,0.1491340440254017,0.10062417189337242,0.24550956734188736
51111,185395681.25473043,190000.0,47032.751770343544,18591377.561926305,20324842.553789463,35183821.05949999,31802156.049055777,46653768.80551049,0.10027945330820343,0.10962953622346512,0.18977691832615037,0.17153666058358807,0.25164431280041
51113,522712983.65915084,400000.0,63272.6942827504,106280043.18050908,106705664.14047273,68693762.24688725,43887128.32125091,118502953.65272363,0.20332390145834192,0.20413815511813085,0.13141774624768243,0.08396027971990973,0.22670749982747068
51115,305802066.8757207,275000.0,52577.55202033999,39072073.607354805,39052349.22282254,66997705.12261768,41992028.24621448,60754703.093456395,0.1277691612961984,0.1277046608016995,0.21908846400912602,0.1373176730793001,0.19867329123758792
51117,741582725.0189217,190000.0,47032.751770343544,74365510.24770522,81299370.21515785,140735284.23799995,127208624.19622311,186615075.22204196,0.10027945330820343,0.10962953622346512,0.18977691832615037,0.17153666058358807,0.25164431280041
51119,305802066.8757207,275000.0,52577.55202033999,39072073.607354805,39052349.22282254,66997705.12261768,41992028.24621448,60754703.093456395,0.1277691612961984,0.1277046608016995,0.21908846400912602,0.1373176730793001,0.19867329123758792
51121,2167592661.4925423,250000.0,48936.830140695376,267678195.5046542,295109077.06518334,211008340.3621504,198694533.99028376,357842689.4679459,0.12349100467997463,0.1361460030326822,0.09734686046448233,0.09166599311766833,0.16508760885984253
51125,707567822.9597794,325000.0,64486.06808872911,139588537.42275864,91976185.50582758,105522450.86024137,71198426.24372414,173714670.07989657,0.19727937434867404,0.12998921449125284,0.1491340440254017,0.10062417189337242,0.24550956734188734
51127,591768817.2196132,350000.0,59297.45321015532,114387503.34233995,102152679.0299333,100478188.68279997,65425562.597933315,117821392.89403997,0.19329761895833258,0.17262261217123764,0.16979297617419267,0.11055932772079984,0.19910037410828105
51131,305802066.8757207,275000.0,52577.55202033999,39072073.607354805,39052349.22282254,66997705.12261768,41992028.24621448,60754703.093456395,0.1277691612961984,0.1277046608016995,0.21908846400912602,0.1373176730793001,0.19867329123758792
51133,305802066.8757207,275000.0,52577.55202033999,39072073.607354805,39052349.22282254,66997705.12261768,41992028.24621448,60754703.093456395,0.1277691612961984,0.1277046608016995,0.21908846400912602,0.1373176730793001,0.19867329123758792
51135,308992802.0912174,190000.0,47032.751770343544,30985629.269877177,33874737.5896491,58639701.76583331,53003593.41509296,77756281.3425175,0.10027945330820343,0.10962953622346511,0.18977691832615037,0.17153666058358807,0.25164431280041
51137,1045425967.3183017,400000.0,63272.6942827504,212560086.36101815,213411328.28094545,137387524.4937745,87774256.64250182,237005907.30544725,0.20332390145834192,0.20413815511813085,0.13141774624768243,0.08396027971990973,0.22670749982747068
51139,644464094.8529674,300000.0,53067.51058171705,77328620.85249227,119674889.1659538,153909425.25198457,97302554.80416918,158922207.03927687,0.11998902882267565,0.18569675195521526,0.23881768818649013,0.15098211922321053,0.24659590551050717
51141,337932015.66054004,150000.0,43392.487693641335,46609769.30620801,52775311.54783401,60605308.681080006,54346589.63088,86630310.17794001,0.13792646788763727,0.15617138685328927,0.17934171925858405,0.16082107380282168,0.25635425518534477
51143,1070118049.5917097,150000.0,43392.487693641335,147597602.802992,167121819.9014743,191916810.82341993,172097533.83111995,274329315.56347656,0.13792646788763727,0.15617138685328927,0.17934171925858405,0.16082107380282168,0.25635425518534477
51145,1172746903.849125,400000.0,76427.83432820391,327383019.585025,302270061.0494,88284014.25225002,72245721.71475,397291776.65222496,0.27915914210517767,0.257745349876692,0.07527968222511534,0.06160384775063494,0.3387702626613261
51147,370791362.50946087,190000.0,47032.751770343544,37182755.12385261,40649685.107578926,70367642.11899997,63604312.098111555,93307537.61102098,0.10027945330820343,0.10962953622346512,0.18977691832615037,0.17153666058358807,0.25164431280041
51149,588569685.4808921,250000.0,47790.01845163213,88794278.51337646,85064952.03610902,109196827.35083018,100969040.62153724,99965281.1713294,0.15086451222989325,0.14452825915865258,0.1855291396151514,0.17154984891727865,0.16984442732495228
51153,20162553854.014694,497994.3181818182,74024.34916846787,3761118968.15435,5014738793.26615,1779802434.2822201,1209703117.0205035,5146530163.839927,0.18653981015432972,0.24871545686002638,0.0882726685899382,0.05999751449043901,0.25525189919406804
51155,1130917910.343935,250000.0,48936.830140695376,139658188.95895,153969953.2514,110091308.01503499,103666713.386235,186700533.63545,0.12349100467997463,0.1361460030326822,0.09734686046448233,0.09166599311766833,0.16508760885984253
51157,261356491.82957515,400000.0,63272.6942827504,53140021.590254486,53352832.0702363,34346881.123443596,21943564.16062543,59251476.82636175,0.20332390145834192,0.20413815511813083,0.13141774624768243,0.08396027971990973,0.22670749982747068
51159,122320826.75028826,275000.0,52577.55202033999,15628829.44294192,15620939.689129014,26799082.049047068,16796811.29848579,24301881.237382557,0.1277691612961984,0.1277046608016995,0.21908846400912602,0.1373176730793001,0.19867329123758792
51161,2285322618.348353,235875.0,54122.46999847519,373084246.8604101,310968035.20648557,303383093.20515215,251000127.14940956,395530435.17146844,0.16325233201868247,0.1360718319198312,0.13275285107203508,0.10983137572532854,0.17307422242962175
51163,547880709.8880613,250000.0,48173.51173352522,95541573.4620837,82456211.67429765,111013042.68034603,96448339.41000555,120092720.14290977,0.17438389732977458,0.1505003008613763,0.20262265248036812,0.1760389399906252,0.2191950144903736
51165,2362405890.032027,300000.0,46938.32485658707,224086250.19946665,311784712.7843999,485460338.13736,397894249.7695467,564118992.8941867,0.09485510137990248,0.1319776225160754,0.20549404324875717,0.16842755575933333,0.23879003827176332
51167,453533037.7432995,140000.0,45998.15025663462,46074590.06626549,38002301.4217655,116587416.82183442,82443093.67844997,77130480.30109136,0.10159037210502798,0.08379169378896466,0.25706488198071054,0.181779687073454,0.1700658472090127
51169,302355358.4955329,140000.0,45998.15025663462,30716393.37751032,25334867.614510324,77724944.54788958,54962062.45229996,51420320.20072755,0.10159037210502798,0.08379169378896466,0.25706488198071054,0.181779687073454,0.1700658472090127
51171,1181517507.2304406,300000.0,53067.51058171705,141769138.2295692,219403963.47091538,282167279.62863845,178388017.1409769,291357379.57200766,0.11998902882267562,0.18569675195521526,0.2388176881864901,0.15098211922321053,0.24659590551050714
51173,594307721.135131,198980.76923076934,45379.311432036964,72615205.96135715,62507952.106585704,104794423.00050856,79220283.31290212,108089650.63988033,0.12218452390734838,0.1051777553675311,0.17633023982988247,0.13329842520233617,0.18187488870820742
51175,575720820.473769,350000.0,58455.75661722063,94012828.72295092,78737724.4691864,84893836.53479998,71934147.68439849,106056714.94713053,0.16329586386260342,0.13676372587045227,0.14745660312395792,0.12494623283765009,0.18421552803988386
51177,5470452797.762127,400000.0,70797.04249857093,924040412.2811462,1165559737.2729075,628684628.2624122,530566218.43919104,1500910722.230742,0.1689147948884882,0.21306458173804535,0.11492369123806292,0.09698762388668028,0.2743668171023686
51179,6565387442.086006,463261.9047619048,76956.63327763713,1164189524.0308185,1689034378.9314952,661591183.4684719,526593406.69513834,1685520862.6712615,0.17732228818181112,0.25726347360771173,0.10076955690801791,0.08020751423130407,0.2567283161183439
51181,168162767.28025487,250000.0,47790.01845163213,25369793.860964704,24304272.01031686,31199093.52880862,28848297.320439212,28561508.90609411,0.15086451222989325,0.14452825915865258,0.1855291396151514,0.17154984891727865,0.16984442732495228
51183,420406918.20063716,250000.0,47790.01845163213,63424484.65241176,60760680.025792144,77997733.82202154,72120743.30109803,71403772.26523528,0.15086451222989325,0.14452825915865258,0.18552913961515138,0.17154984891727867,0.16984442732495228
51185,655103276.7403215,140000.0,45998.15025663462,66552185.65127239,54892213.16477239,168404046.5204275,119084468.64664997,111410693.76824307,0.10159037210502798,0.08379169378896466,0.25706488198071054,0.181779687073454,0.1700658472090127
51187,966696142.2794513,300000.0,53067.51058171705,115992931.27873842,179512333.74893075,230864137.8779769,145953832.2062538,238383310.55891532,0.11998902882267563,0.18569675195521526,0.23881768818649013,0.15098211922321053,0.24659590551050714
51191,990512868.5585515,198980.76923076934,45379.311432036964,121025343.26892856,104179920.17764282,174657371.66751423,132033805.52150352,180149417.73313385,0.12218452390734837,0.1051777553675311,0.17633023982988247,0.13329842520233617,0.18187488870820742
51193,366962480.25086516,275000.0,52577.55202033999,46886488.32882581,46862819.06738709,80397246.1471413,50390433.89545742,72905643.71214774,0.1277691612961984,0.1277046608016995,0.21908846400912602,0.1373176730793001,0.19867329123758792
51195,554318157.2418107,140000.0,45998.15025663462,56313387.85876896,46447257.29326896,142495731.671131,100763781.16255,94270587.03466724,0.10159037210502798,0.08379169378896466,0.25706488198071054,0.181779687073454,0.1700658472090127
51197,528273529.8978941,198980.76923076934,45379.311432036964,64546849.74342855,55562624.094742835,93150598.22267425,70418029.61146854,96079689.45767137,0.12218452390734837,0.10517775536753111,0.17633023982988247,0.13329842520233617,0.18187488870820742
51199,2440434706.4150705,410000.0,67673.30448713522,391143626.8779201,456669488.29733604,185137793.81175044,153842383.81871042,424196066.03601605,0.16027621056598518,0.18712628823746347,0.07586262944265065,0.06303892639057757,0.17381987927025838
51510,9959197347.69144,646533.0188679246,99382.27687271299,3102335059.5222006,2248962198.6814,334259212.26072,353868315.61731994,2687444452.3617997,0.3115045270431685,0.22581761563372507,0.03356286662380497,0.035531810773821774,0.26984548639200867
51520,330170956.18618363,198980.76923076934,45379.311432036964,40341781.08964282,34726640.05921425,58219123.88917138,44011268.507167816,60049805.911044575,0.12218452390734837,0.1051777553675311,0.17633023982988247,0.13329842520233617,0.18187488870820742
51530,182626903.2960203,250000.0,48173.51173352522,31847191.154027876,27485403.89143253,37004347.560115315,32149446.470001828,40030906.714303225,0.17438389732977458,0.1505003008613763,0.20262265248036812,0.1760389399906252,0.2191950144903736
51540,1904536135.6217005,470000.0,72096.57696799346,444258673.7197028,305731554.77917707,140629621.39248,88522347.70333715,443994554.47371423,0.23326345213958505,0.16052809346112862,0.07383930331496391,0.04647974173219909,0.23312477309798085
51550,8314102549.730102,322341.3333333333,56893.324045025256,1755011387.4627542,1396954414.1844287,979096885.8454143,795536791.7110429,1706665972.0707314,0.21108849415379496,0.16802227370045822,0.11776338816956239,0.09568522723319887,0.20527362536875787
51570,420406918.20063716,250000.0,47790.01845163213,63424484.65241176,60760680.025792144,77997733.82202154,72120743.30109803,71403772.26523528,0.15086451222989325,0.14452825915865258,0.18552913961515138,0.17154984891727867,0.16984442732495228
51580,207444832.33632424,250000.0,57143.25548711713,32153702.171718486,27496087.05261479,27164230.167622197,22868011.523562938,36762732.34933182,0.15499881009129515,0.1325465028120642,0.13094676720402282,0.11023659286189255,0.17721691080609556
51590,901152041.7614398,150000.0,43392.487693641335,124292718.14988798,140734164.1275573,161614156.48287994,144924239.01567996,231014160.47450662,0.13792646788763727,0.15617138685328927,0.17934171925858403,0.16082107380282168,0.25635425518534477
51595,168162767.28025487,250000.0,47790.01845163213,25369793.860964704,24304272.01031686,31199093.52880862,28848297.320439212,28561508.90609411,0.15086451222989325,0.14452825915865258,0.1855291396151514,0.17154984891727865,0.16984442732495228
51600,1002007269.9324706,680000.0,87058.35230856127,271161873.1955262,272744399.8889604,34533864.919789456,35044676.974565774,226160952.3374999,0.2706186684791228,0.2721980249777447,0.03446468499386919,0.03497447376497336,0.22570789566501032
51610,867054003.2938681,971285.7142857142,131923.4987666405,359095771.82016,225509194.87046,9518715.533748,9267463.478791999,232741890.05159998,0.4141561776498167,0.2600866774315888,0.010978226843526666,0.010688450135269145,0.2684283668230956
51620,191906940.1579227,350000.0,58455.75661722063,31337609.574316923,26245908.156395428,28297945.511599947,23978049.22813279,35352238.31571012,0.16329586386260342,0.13676372587045227,0.14745660312395792,0.12494623283765009,0.18421552803988386
51630,1436178502.9563138,463261.9047619048,76956.63327763713,254666458.38174152,369476270.3912646,144723071.3837282,115192307.7145615,368707688.7093384,0.1773222881818111,0.25726347360771173,0.1007695569080179,0.08020751423130407,0.2567283161183439
51640,132068382.47447352,198980.76923076934,45379.311432036964,16136712.435857138,13890656.023685709,23287649.555668563,17604507.402867135,24019922.364417844,0.12218452390734837,0.10517775536753111,0.17633023982988247,0.13329842520233617,0.18187488870820742
51650,3649254083.6873603,260000.0,50229.23090468755,423982668.68439996,654138449.3772,733445021.4166,611080432.0206,748564881.1638,0.11618337856485729,0.17925264571225222,0.20098491488855064,0.16745351735090436,0.20512818893866072
51660,1181202945.0160134,300000.0,46938.32485658707,112043125.09973332,155892356.39219996,242730169.06868,198947124.88477334,282059496.44709337,0.09485510137990248,0.1319776225160754,0.20549404324875717,0.16842755575933333,0.23879003827176332
51670,588569685.4808921,250000.0,47790.01845163213,88794278.51337646,85064952.03610902,109196827.35083018,100969040.62153724,99965281.1713294,0.15086451222989325,0.14452825915865258,0.1855291396151514,0.17154984891727865,0.16984442732495228
51678,182626903.2960203,250000.0,48173.51173352522,31847191.154027876,27485403.89143253,37004347.560115315,32149446.470001828,40030906.714303225,0.17438389732977458,0.1505003008613763,0.20262265248036812,0.1760389399906252,0.2191950144903736
51680,2265518119.150115,240479.797979798,47590.17659120041,337744958.8672629,301329197.4066457,285343148.17566514,225625678.29745033,485566383.4477754,0.1490806698972526,0.1330067479308822,0.12595050366788,0.09959120449766758,0.21432906642562208
51683,1437611781.0630977,450000.0,64264.44858967144,214563106.72912502,426379236.903025,162904371.80465004,143000530.0422417,346308618.53366333,0.14924968587170176,0.29658858011564315,0.11331596885230315,0.0994708946642705,0.24089161141791146
51685,616119334.7413275,450000.0,64264.44858967144,91955617.169625,182733958.672725,69816159.34485,61285941.446675,148417979.37157,0.14924968587170176,0.29658858011564315,0.11331596885230315,0.09947089466427049,0.24089161141791146
51690,281610013.0504499,150000.0,43392.487693641335,38841474.42183999,43979426.28986165,50504423.90089998,45288824.69239998,72191925.1482833,0.13792646788763727,0.15617138685328927,0.17934171925858405,0.16082107380282168,0.25635425518534477
51700,4806034033.22224,269685.393258427,48239.30816551647,543401054.964,724273947.2476,928239350.42876,785437299.3011601,961111485.7895199,0.11306641842477191,0.15070096096718757,0.19314040308749442,0.16342732778664032,0.19998016642115532
51710,7304911719.152,288278.2269920611,54980.87544097392,1188303996.6346,976216113.9377999,889533991.8551002,714631906.7385,1526147181.6918,0.16267191751532153,0.13363831781544447,0.12177203860286526,0.09782895868062029,0.2089206879380282
51720,50392559.74925543,140000.0,45998.15025663462,5119398.896251715,4222477.935751717,12954157.424648251,9160343.742049986,8570053.366787918,0.10159037210502797,0.08379169378896466,0.25706488198071054,0.18177968707345402,0.1700658472090127
51730,924895220.0414019,250000.0,47790.01845163213,139533866.23530588,133673496.05674273,171595014.40844744,158665635.26241568,157088298.98351762,0.15086451222989325,0.14452825915865258,0.1855291396151514,0.17154984891727865,0.16984442732495228
51735,610108676.6037676,410000.0,67673.30448713522,97785906.71948002,114167372.07433401,46284448.45293761,38460595.954677604,106049016.50900401,0.16027621056598518,0.18712628823746347,0.07586262944265065,0.06303892639057757,0.17381987927025838
51740,2466334419.111878,267024.0,47426.824014308935,307459151.33344567,493133268.4731715,391182214.1777657,301613660.4060971,549855136.9662685,0.1246623932873471,0.19994582431799648,0.15860874792422905,0.12229228042590737,0.22294427418495433
51750,376972636.7813115,250000.0,48936.830140695376,46552729.652983315,51323317.750466645,36697102.67167831,34555571.12874499,62233511.21181664,0.12349100467997463,0.1361460030326822,0.09734686046448233,0.09166599311766835,0.16508760885984253
51760,8581992443.717408,350000.0,62558.054004983554,2004246477.527,1640781326.8287,662943292.2902399,608251809.9151399,1673468939.6266403,0.2335409277823639,0.19118885708526365,0.07724817944527074,0.07087536069324098,0.19499771767472615
51770,2635928687.3138595,221750.0,51101.68450983325,644340314.2903124,450089558.50421876,396759894.11162496,279000148.92225,348788895.97687495,0.2444452755461024,0.17075179638599483,0.15051996513454344,0.10584510509142978,0.13232106682381758
51775,527185737.4627719,221750.0,51101.68450983325,128868062.85806249,90017911.70084375,79351978.82232499,55800029.784449995,69757779.195375,0.24444527554610243,0.17075179638599483,0.15051996513454344,0.10584510509142978,0.13232106682381758
51790,639194161.5360715,250000.0,48173.51173352522,111465169.03909765,96198913.62001394,129515216.46040371,112523062.6450065,140108173.5000614,0.17438389732977458,0.1505003008613763,0.20262265248036812,0.1760389399906252,0.21919501449037357
51800,3454324922.842614,350000.0,58455.75661722063,564076972.3377056,472426346.8151185,509363019.2087999,431604886.10639095,636340289.6827832,0.16329586386260342,0.13676372587045227,0.14745660312395792,0.12494623283765009,0.18421552803988386
51810,16250370551.26256,386666.6666666667,66262.16345588006,3556063899.0372005,2241863192.8956,1670050801.62804,1334018606.7846,3300234728.21538,0.2188297114714664,0.13795766600050977,0.10277001354275499,0.08209158077819674,0.20308673687191528
51820,456567258.2400509,250000.0,48173.51173352522,79617977.88506971,68713509.72858135,92510868.90028833,80373616.1750046,100077266.78575811,0.17438389732977458,0.1505003008613763,0.20262265248036812,0.1760389399906252,0.2191950144903736
51830,457581507.45282567,410000.0,67673.30448713522,73339430.03961,85625529.05575049,34713336.3397032,28845446.966008198,79536762.381753,0.16027621056598518,0.18712628823746347,0.07586262944265065,0.06303892639057757,0.17381987927025838
51840,889197968.2143639,380000.0,60493.063363212,150998216.48246896,157679690.97589654,146238030.6912,92500262.05412687,231724172.02820686,0.16981394681512246,0.1773279928794032,0.1644605992351363,0.10402662327252116,0.2605990795205504
53001,576767384.2447908,300000.0,46717.065547295104,75321539.27881932,61045029.75437095,80528223.62460127,70138654.4296787,110084288.55138578,0.13059257741740032,0.10583994764943627,0.13961993313828508,0.12160648529305629,0.19086427485064578
53003,494372043.6383922,300000.0,46717.065547295104,64561319.38184515,52324311.218032256,69024191.67822967,60118846.65401032,94357961.61547354,0.13059257741740032,0.10583994764943627,0.13961993313828508,0.12160648529305627,0.19086427485064578
53005,6610218671.836041,425742.1875,61144.97282360365,783045050.2353861,759182869.3407172,1026300708.4121324,732968775.7310497,1369908716.5164967,0.11845978009346082,0.11484988727760924,0.15525972125322582,0.11088419492897982,0.20724105880993396
53007,2638320887.5350533,500000.0,60484.895231147835,231524757.6032625,390915724.14279944,575386828.3847462,343829616.01895064,492310660.2252056,0.08775458614496771,0.14816837708775699,0.2180882663299998,0.13032137889041462,0.18659999340912797
53009,1847415843.1434307,489853.3333333333,57616.71173279347,188115655.77138892,303614676.4356528,307469636.8333333,242584226.19977778,397400597.45475,0.10182637356368275,0.16434560608673993,0.16643228322117504,0.13131002805898526,0.2151116105936179
53011,18400065234.808086,509869.0476190476,68311.38655070934,3109282428.317788,3098430464.627008,2795542518.5766,2203015224.1441,3881993832.75116,0.16898214156522898,0.16839236302084365,0.15193111996625797,0.11972866378628781,0.21097717770084035
53013,82395340.60639861,300000.0,46717.065547295104,10760219.89697418,8720718.5363387,11504031.9463716,10019807.775668375,15726326.93591224,0.13059257741740032,0.10583994764943627,0.13961993313828508,0.12160648529305627,0.19086427485064578
53015,2376029452.3687816,400000.0,54516.44333379094,145326766.53502324,330727845.6446512,661858595.319014,561705860.491535,515361192.13569766,0.06116370585816593,0.13919349581922572,0.2785565619395729,0.2364052600154188,0.2169001699965918
53017,1032386434.2528468,500000.0,60484.895231147835,90596644.2795375,152967022.49066064,225151367.6288137,134542023.65958938,192643301.82725435,0.08775458614496771,0.14816837708775699,0.21808826632999984,0.13032137889041462,0.18659999340912797
53019,228786503.44932657,350000.0,54847.331816204256,23193167.90969999,17041200.890083324,65992367.02842665,53066844.75896998,45085158.979933314,0.10137472079875987,0.0744851668833592,0.2884451924981805,0.23194919262675667,0.19706214440188394
53021,2677274115.9061127,413613.28125,56799.84473070472,314006878.82625514,515464066.28472066,489229472.27742076,348847342.0434621,620952359.7763828,0.11728603991675346,0.19253316768061454,0.18273417330367123,0.1302994489697205,0.23193454719007134
53023,82395340.60639861,300000.0,46717.065547295104,10760219.89697418,8720718.5363387,11504031.9463716,10019807.775668375,15726326.93591224,0.13059257741740032,0.10583994764943627,0.13961993313828508,0.12160648529305627,0.19086427485064578
53025,2334396597.7126155,400000.0,49835.89002826472,229834530.571,135798681.6411081,589963870.7269269,501611968.8376475,504056873.0246297,0.09845564836592288,0.05817292647452106,0.2527264952771991,0.21487864115684438,0.2159259799806663
53027,1707944804.5832655,400000.0,53563.425303052885,186666142.744515,282865595.34576,461622169.106406,345636649.292193,364259742.63714,0.10929284262793322,0.1656175273268146,0.27027932510912767,0.20236991755510947,0.21327372035656533
53029,2205049068.943811,600000.0,63892.24237783411,405575604.85483634,435881833.9962182,342085807.26240003,297578026.04145455,412086432.16974545,0.18393042157973458,0.19767443733349652,0.1551375033237943,0.1349530177049486,0.18688311202395572
53031,812862970.9831096,489853.3333333333,57616.71173279347,82770888.53941113,133590457.63168724,135286640.20666668,106737059.52790225,174856262.88009003,0.10182637356368275,0.16434560608673993,0.16643228322117504,0.13131002805898526,0.21511161059361794
53033,136660137795.8769,794491.8617411007,102139.29971441482,27742466481.7695,42185767977.256676,7283414937.43768,6189732335.01682,26129881352.556,0.2030033551056942,0.30869109791377247,0.05329582609024285,0.04529288814461862,0.19120338801051867
53035,9649705194.448101,540642.2018348625,67937.75390403323,1529014066.3078,1503910270.6902,1697962818.79592,1152750345.4206,1707299268.9797,0.15845189417677846,0.15585038510352273,0.17596007179295306,0.11945964381210608,0.17692760914208905
53037,1420937059.4772444,400000.0,49835.89002826472,139899279.47800002,82660067.0858919,359108443.051173,305329024.50987244,306817227.0584703,0.09845564836592288,0.05817292647452107,0.2527264952771991,0.21487864115684438,0.2159259799806663
53039,534213552.5368275,400000.0,52857.759394142704,61718194.139520004,48662397.010425,109890381.40759501,101999407.6674075,131657808.1933875,0.11553094047584142,0.09109165572333608,0.20570496739694638,0.19093377018056068,0.24645164385699722
53041,1869747433.8788962,400000.0,52857.759394142704,216013679.48832,170318389.53648752,384616334.9265825,356997926.83592623,460802328.6768562,0.11553094047584142,0.09109165572333609,0.20570496739694638,0.19093377018056068,0.24645164385699722
53043,329581362.42559475,300000.0,46717.065547295104,43040879.58789676,34882874.14535483,46016127.78548644,40079231.10267354,62905307.74364901,0.13059257741740032,0.10583994764943627,0.13961993313828508,0.12160648529305627,0.19086427485064578
53045,1545283394.6229546,400000.0,53563.425303052885,168888414.86408502,255926014.83664,417658153.00103396,312718873.169127,329568338.57646,0.10929284262793323,0.1656175273268146,0.27027932510912767,0.20236991755510944,0.21327372035656533
53047,991408181.6137489,350000.0,54847.331816204256,100503727.6087,73845203.85702777,285966923.7898489,229956327.28887,195369022.24637777,0.10137472079875987,0.0744851668833592,0.2884451924981805,0.23194919262675667,0.19706214440188394
53049,950411780.9475124,400000.0,54516.44333379094,58130706.61400929,132291138.25786044,264743438.12760553,224682344.1966139,206144476.854279,0.06116370585816595,0.13919349581922572,0.2785565619395729,0.23640526001541878,0.2169001699965918
53051,381310839.08221114,350000.0,54847.331816204256,38655279.84950001,28402001.48347222,109987278.38071112,88444741.26495,75141931.63322222,0.10137472079875987,0.0744851668833592,0.2884451924981805,0.23194919262675667,0.19706214440188394
53053,32996820128.43968,513349.77781435155,66925.36015486468,4747688119.16168,4667533328.53664,5895201669.59456,4697767012.48448,6545700429.516581,0.14388320149279138,0.141454034369625,0.1786596904382776,0.14237029490109912,0.19837367370666414
53055,826893400.853929,600000.0,63892.24237783411,152090851.8205636,163455687.7485818,128282177.7234,111591759.76554546,154532412.06365454,0.18393042157973458,0.1976744373334965,0.1551375033237943,0.1349530177049486,0.18688311202395572
53057,4183382306.39078,500000.0,65228.77578804971,594825053.51536,545920385.8938,807166011.1653,657554956.147,920248755.7616,0.1421875912719405,0.13049736933194464,0.19294579171791829,0.15718261157783273,0.21997720704506832
53059,445177960.4473562,400000.0,52857.759394142704,51431828.449599996,40551997.508687496,91575317.83966249,84999506.38950625,109714840.16115624,0.11553094047584142,0.09109165572333608,0.20570496739694638,0.19093377018056068,0.24645164385699722
53061,35579029484.25356,658762.2549019608,79941.50937951468,6282848502.66018,9020027051.51244,4274952915.33168,3427765643.5149403,7724981854.97406,0.17658852964049568,0.2535208852592365,0.12015372474461881,0.09634230312639608,0.21712176995701793
53063,16074687831.408539,437350.54727526783,57294.12811519488,3026179817.6208,2151679118.23952,2522494861.18048,1905532972.5504,2687936481.94378,0.18825745478602132,0.133855110643911,0.1569234119901069,0.11854245584957207,0.16721547006914725
53065,1143932517.2466335,350000.0,54847.331816204256,115965839.54850003,85206004.45041667,329961835.1421334,265334223.79485005,225425794.8996667,0.10137472079875987,0.0744851668833592,0.2884451924981805,0.23194919262675667,0.19706214440188394
53067,9551732206.175621,480000.0,63411.913208358834,1311998037.5025997,1521796694.4822001,1363372436.50326,943412632.91916,2110309983.4258199,0.1373570792378721,0.1593215410183182,0.14273562188246638,0.09876874817629432,0.2209347935928742
53069,79200981.7456258,400000.0,54516.44333379094,4844225.551167426,11024261.521488337,22061953.177300394,18723528.683051102,17178706.4045232,0.06116370585816593,0.13919349581922572,0.2785565619395729,0.23640526001541878,0.21690016999659184
53071,1432270197.6862662,427226.5625,53753.04216931152,178648107.13515863,156715606.63046208,294932616.01868695,187699297.94032827,342533168.2452207,0.12473072987467891,0.10941762726308579,0.20591967667492508,0.13105020145189333,0.23915401493276858
53073,7308281460.63114,558664.7727272727,59728.067315568565,1376655563.2072,1107050247.167,1126213882.32868,1041390229.413,1473340839.0746,0.18836925898695653,0.15147887408695884,0.15410105486432932,0.14249454335097078,0.20159880910598685
53075,988744087.2767844,300000.0,46717.065547295104,129122638.7636903,104648622.43606451,138048383.35645935,120237693.30802064,188715923.23094708,0.13059257741740032,0.10583994764943627,0.13961993313828508,0.12160648529305627,0.19086427485064578
53077,5699166485.2246,340000.0,47264.51092072862,686136837.4216,678559575.7420001,1585412578.6462002,1277984582.3263803,1136234867.4832,0.12039248883155935,0.11906295025793734,0.27818323657616756,0.2242406123140331,0.19936860423869893
54001,267013488.9845694,150000.0,49887.488417005065,30793249.800533336,40300539.016329415,53814583.548687056,41852998.656216465,42073292.90716863,0.11532469733135042,0.15093072327390308,0.20154256533383216,0.15674488511939985,0.15756991553936073
54003,3629930967.5629063,250000.0,56137.55477696154,455053767.808361,563770139.3639805,877492617.6848,528402744.1420634,835239403.3614674,0.12536154871118083,0.15531153192769648,0.2417381006763163,0.14556826255481847,0.23009787536599835
54005,424061570.6388741,100000.0,50785.81684297896,48039586.20819997,38681153.75988569,90412494.7510714,49906208.6063114,96541276.23217137,0.11328446040471307,0.09121589042272853,0.21320605546703883,0.11768623252308553,0.2276586300586638
54007,168814075.1469503,120000.0,47527.78001394491,15167181.826238709,17472226.516277414,47091278.25173225,31071608.36157096,42491296.89930968,0.0898454812671034,0.10349982074106133,0.2789535067543388,0.18405816182402776,0.2517047044941104
54009,554753132.0876654,150000.0,51664.361997428925,98559177.75643636,64094390.303127274,108813361.8972691,92748307.0122691,84306484.80032364,0.177663129878213,0.11553677950753542,0.19614735925469953,0.16718843328245048,0.15197117406630706
54011,2723964408.5070567,180000.0,51343.75416574165,274368309.85069436,296322148.794166,446911997.8392226,412350022.16572833,642201293.9917358,0.10072389675644457,0.10878341430186803,0.1640667537518102,0.15137863801668688,0.23575979626830434
54013,112542716.76463342,120000.0,47527.78001394491,10111454.550825795,11648151.010851597,31394185.501154803,20714405.57438062,28327531.26620642,0.0898454812671034,0.10349982074106134,0.2789535067543388,0.1840581618240278,0.2517047044941104
54015,168814075.1469503,120000.0,47527.78001394491,15167181.826238709,17472226.516277414,47091278.25173225,31071608.36157096,42491296.89930968,0.0898454812671034,0.10349982074106133,0.2789535067543388,0.18405816182402776,0.2517047044941104
54017,122628062.2999421,150000.0,45768.12476982168,17446137.01411554,20235597.167599976,25299573.43258042,23451190.01729509,24489485.726378642,0.14226871636806232,0.16501603946170754,0.20631145072405147,0.19123836402090943,0.1997053958699811
54019,941664860.6377046,140000.0,47944.241705852844,85816823.17216668,129195764.40480667,188556278.99021333,123862329.30586664,210223355.21398464,0.0911330843481307,0.13719930498130092,0.2002371404859699,0.13153546923476137,0.22324646910114002
54021,168814075.1469503,120000.0,47527.78001394491,15167181.826238709,17472226.516277414,47091278.25173225,31071608.36157096,42491296.89930968,0.0898454812671034,0.10349982074106133,0.2789535067543388,0.18405816182402776,0.2517047044941104
54023,186792841.64476824,180000.0,48875.19296448519,22255834.954876658,23602584.24894332,37697825.00774998,33004499.382699985,37396429.99899999,0.11914715124470085,0.12635700619528742,0.20181621884334044,0.17669038648422097,0.20020269336722413
54025,473077099.1912998,145853.65853658537,39979.95526185078,59255745.517333314,59363610.521733314,104500230.88642852,98900484.57779996,86232837.49206662,0.12525600080542446,0.1254840080469172,0.22089471476227895,0.2090578570530366,0.18228072684024885
54027,560378524.934305,180000.0,48875.19296448519,66767504.86463,70807752.74683,113093475.02325,99013498.1481,112189289.99700001,0.11914715124470085,0.12635700619528742,0.20181621884334044,0.17669038648422097,0.20020269336722413
54029,554753132.0876654,150000.0,51664.361997428925,98559177.75643636,64094390.303127274,108813361.8972691,92748307.0122691,84306484.80032364,0.177663129878213,0.11553677950753542,0.19614735925469953,0.16718843328245048,0.15197117406630706
54031,311321402.74128056,180000.0,48875.19296448519,37093058.25812778,39337640.414905556,62829708.346250005,55007498.97116667,62327383.33166668,0.11914715124470085,0.12635700619528742,0.20181621884334044,0.17669038648422097,0.20020269336722413
54033,1668834306.1535585,150000.0,49887.488417005065,192457811.25333333,251878368.8520588,336341147.17929405,261581241.6013529,262958080.6698039,0.11532469733135042,0.15093072327390308,0.20154256533383216,0.15674488511939985,0.15756991553936073
54035,393899508.6762174,120000.0,47527.78001394491,35390090.92789032,40768528.53798064,109879649.25404193,72500419.51033224,99146359.43172258,0.0898454812671034,0.10349982074106134,0.2789535067543388,0.18405816182402776,0.2517047044941104
54037,2094190942.8247533,250000.0,56137.55477696154,262531019.88943902,325252003.47921944,506245740.97199994,304847737.00503653,481868886.5546927,0.12536154871118083,0.15531153192769648,0.2417381006763163,0.14556826255481847,0.23009787536599835
54039,4029057193.8489,130000.0,49487.897731976904,773679340.93968,615841173.2734,528648364.4293199,489945177.429,625066292.09158,0.1920249089838795,0.15284994569290186,0.13120895013265121,0.12160293434826189,0.15513959271808284
54041,333766861.2307117,150000.0,49887.488417005065,38491562.25066666,50375673.77041176,67268229.4358588,52316248.320270576,52591616.133960776,0.11532469733135042,0.15093072327390308,0.20154256533383214,0.15674488511939985,0.15756991553936073
54043,318046177.9791556,100000.0,50785.81684297896,36029689.656149976,29010865.31991427,67809371.06330355,37429656.45473356,72405957.17412853,0.11328446040471306,0.09121589042272853,0.2132060554670388,0.11768623252308555,0.2276586300586638
54045,530076963.2985927,100000.0,50785.81684297896,60049482.760249965,48351442.19985712,113015618.43883924,62382760.75788926,120676595.29021424,0.11328446040471307,0.09121589042272853,0.2132060554670388,0.11768623252308555,0.22765863005866382
54047,424061570.6388741,100000.0,50785.81684297896,48039586.20819997,38681153.75988569,90412494.7510714,49906208.6063114,96541276.23217137,0.11328446040471307,0.09121589042272853,0.21320605546703883,0.11768623252308553,0.2276586300586638
54049,1909109647.127277,200000.0,53426.70054157618,337684624.52024996,256150742.09178996,270268447.759807,187978832.321077,351817020.93288803,0.17688068625517617,0.13417288131000307,0.14156779741095127,0.0984641362029348,0.1842832974325403
54051,693441415.1095816,150000.0,51664.361997428925,123198972.1955454,80117987.87890907,136016702.37158632,115935383.76533633,105383106.0004045,0.177663129878213,0.11553677950753542,0.19614735925469953,0.16718843328245048,0.15197117406630706
54053,560816201.7514528,180000.0,51343.75416574165,56487593.204554714,61007501.2223283,92011293.67278112,84895592.79882641,132217913.46888678,0.10072389675644455,0.10878341430186803,0.1640667537518102,0.15137863801668688,0.23575979626830434
54055,756923358.7060798,145853.65853658537,39979.95526185078,94809192.82773332,94981776.83477332,167200369.41828567,158240775.32447997,137972539.98730662,0.12525600080542446,0.1254840080469172,0.22089471476227895,0.2090578570530366,0.18228072684024885
54057,435849963.83779263,180000.0,48875.19296448519,51930281.561378874,55072696.58086776,87961591.68474998,77010498.55963331,87258336.66433333,0.11914715124470085,0.12635700619528742,0.20181621884334044,0.17669038648422097,0.20020269336722413
54059,371053874.30901504,100000.0,50785.81684297896,42034637.932174996,33846009.5399,79110932.9071875,43667932.5305225,84473616.70315,0.11328446040471307,0.09121589042272853,0.2132060554670388,0.11768623252308555,0.22765863005866382
54061,2545479529.503036,200000.0,53426.70054157618,450246166.02699995,341534322.7890533,360357930.3464094,250638443.09476933,469089361.2438507,0.17688068625517617,0.13417288131000307,0.14156779741095127,0.0984641362029348,0.1842832974325403
54063,141923129.75738993,145853.65853658537,39979.95526185078,17776723.655199993,17809083.156519994,31350069.265928555,29670145.37333999,25869851.247619987,0.12525600080542446,0.1254840080469172,0.22089471476227895,0.2090578570530366,0.18228072684024885
54065,373585683.2895365,180000.0,48875.19296448519,44511669.909753315,47205168.49788664,75395650.01549996,66008998.76539997,74792859.99799998,0.11914715124470085,0.12635700619528742,0.20181621884334044,0.17669038648422097,0.20020269336722413
54067,450170867.0585341,120000.0,47527.78001394491,40445818.20330322,46592604.043406434,125576742.00461933,82857622.29752256,113310125.06482579,0.0898454812671034,0.10349982074106134,0.2789535067543388,0.18405816182402776,0.2517047044941104
54069,1248194547.1972475,150000.0,51664.361997428925,221758149.95198184,144212378.1820364,244830064.2688555,208683690.7776055,189689590.80072823,0.177663129878213,0.11553677950753542,0.19614735925469953,0.16718843328245048,0.15197117406630706
54071,186792841.64476824,180000.0,48875.19296448519,22255834.954876658,23602584.24894332,37697825.00774998,33004499.382699985,37396429.99899999,0.11914715124470085,0.12635700619528742,0.20181621884334044,0.17669038648422097,0.20020269336722413
54073,122628062.2999421,150000.0,45768.12476982168,17446137.01411554,20235597.167599976,25299573.43258042,23451190.01729509,24489485.726378642,0.14226871636806232,0.16501603946170754,0.20631145072405147,0.19123836402090943,0.1997053958699811
54075,236538549.5956499,145853.65853658537,39979.95526185078,29627872.758666657,29681805.260866657,52250115.44321426,49450242.28889998,43116418.74603331,0.12525600080542446,0.1254840080469172,0.22089471476227895,0.2090578570530366,0.18228072684024885
54077,1000009815.1619068,200000.0,53426.70054157618,176882422.36774996,134174198.23855664,141569186.92180365,98465102.64437366,184285106.20294133,0.17688068625517617,0.13417288131000307,0.14156779741095127,0.0984641362029348,0.1842832974325403
54079,961399203.0024904,180000.0,51343.75416574165,96835874.06495093,104584287.80970563,157733646.2961962,145535301.94084525,226659280.23237732,0.10072389675644457,0.10878341430186803,0.1640667537518102,0.15137863801668686,0.23575979626830434
54081,1231407894.6800754,140000.0,47944.241705852844,112221999.53283335,168948307.29859334,246573595.6025867,161973815.24613333,274907464.5105953,0.0911330843481307,0.13719930498130092,0.2002371404859699,0.13153546923476137,0.22324646910114002
54083,467273605.7229964,150000.0,49887.488417005065,53888187.15093333,70525943.27857646,94175521.21020234,73242747.64837882,73628262.5875451,0.11532469733135042,0.15093072327390308,0.20154256533383216,0.15674488511939985,0.15756991553936073
54085,183942093.44991314,150000.0,45768.12476982168,26169205.521173306,30353395.751399964,37949360.148870625,35176785.02594263,36734228.58956796,0.14226871636806232,0.16501603946170754,0.20631145072405147,0.19123836402090943,0.1997053958699811
54087,281356791.9115838,120000.0,47527.78001394491,25278636.37706451,29120377.52712902,78485463.75288707,51786013.93595159,70818828.16551611,0.0898454812671034,0.10349982074106134,0.2789535067543388,0.18405816182402776,0.2517047044941104
54089,189230839.67651993,145853.65853658537,39979.95526185078,23702298.206933327,23745444.208693326,41800092.35457141,39560193.831119984,34493134.996826656,0.12525600080542446,0.1254840080469172,0.22089471476227895,0.20905785705303656,0.18228072684024887
54091,267013488.9845694,150000.0,49887.488417005065,30793249.800533336,40300539.016329415,53814583.548687056,41852998.656216465,42073292.90716863,0.11532469733135042,0.15093072327390308,0.20154256533383216,0.15674488511939985,0.15756991553936073
54093,186792841.64476824,180000.0,48875.19296448519,22255834.954876658,23602584.24894332,37697825.00774998,33004499.382699985,37396429.99899999,0.11914715124470085,0.12635700619528742,0.20181621884334044,0.17669038648422097,0.20020269336722413
54095,183942093.44991314,150000.0,45768.12476982168,26169205.521173306,30353395.751399964,37949360.148870625,35176785.02594263,36734228.58956796,0.14226871636806232,0.16501603946170754,0.20631145072405147,0.19123836402090943,0.1997053958699811
54097,400520233.476854,150000.0,49887.488417005065,46189874.700799994,60450808.52449411,80721875.32303056,62779497.98432469,63109939.360752925,0.11532469733135042,0.15093072327390308,0.20154256533383216,0.15674488511939985,0.15756991553936073
54099,583084659.6284521,100000.0,50785.81684297896,66054431.03627498,53186586.41984285,124317180.28272319,68621036.8336782,132744254.81923568,0.11328446040471307,0.09121589042272853,0.2132060554670388,0.11768623252308555,0.22765863005866382
54101,189230839.67651993,145853.65853658537,39979.95526185078,23702298.206933327,23745444.208693326,41800092.35457141,39560193.831119984,34493134.996826656,0.12525600080542446,0.1254840080469172,0.22089471476227895,0.20905785705303656,0.18228072684024887
54103,306570155.7498556,150000.0,45768.12476982168,43615342.53528889,50588992.91899999,63248933.58145111,58627975.04323778,61223714.31594667,0.14226871636806232,0.16501603946170754,0.20631145072405147,0.19123836402090943,0.1997053958699811
54105,122628062.2999421,150000.0,45768.12476982168,17446137.01411554,20235597.167599976,25299573.43258042,23451190.01729509,24489485.726378642,0.14226871636806232,0.16501603946170754,0.20631145072405147,0.19123836402090943,0.1997053958699811
54107,1716792872.1991913,150000.0,45768.12476982168,244245918.19761783,283298360.34639996,354194028.05612624,328316660.2421316,342852800.1693014,0.14226871636806232,0.16501603946170754,0.20631145072405147,0.19123836402090943,0.19970539586998112
54109,318046177.9791556,100000.0,50785.81684297896,36029689.656149976,29010865.31991427,67809371.06330355,37429656.45473356,72405957.17412853,0.11328446040471306,0.09121589042272853,0.2132060554670388,0.11768623252308555,0.2276586300586638
55001,873040323.446756,200000.0,49947.38451684036,120900439.20583999,116301014.24714401,215735514.19720003,183533703.765296,133862236.265576,0.1384820791879647,0.13321379451064594,0.24710830462615746,0.21022362751895177,0.1533288127369524
55003,481649525.17057323,202736.84210526323,49053.72307141034,52525123.94146701,59276173.40325405,101338043.27148388,73234322.54421179,88415079.96827488,0.10905258117479832,0.12306909963684019,0.21039788887074193,0.15204898731764824,0.18356725242688285
55005,1264139123.137734,225000.0,55246.97237683265,102492756.2508,139281319.03265998,340877932.292382,268842305.710446,272440544.62229997,0.0810771175220031,0.1101787900424664,0.2696522289779981,0.21266829005588364,0.21551468476513266
55007,421443334.52425164,202736.84210526323,49053.72307141034,45959483.448783636,51866651.7278473,88670787.86254841,64080032.22618532,77363194.97224054,0.10905258117479832,0.1230690996368402,0.21039788887074193,0.15204898731764824,0.18356725242688285
55009,8310685739.72652,260000.0,54623.838787090484,1546746237.0263999,1633709797.053,1663156933.05902,1345570388.0209398,1541406205.6460001,0.18611535623741426,0.19657942174898801,0.2001227076977344,0.16190846702202683,0.18547280620632917
55011,569450120.3626819,250000.0,53428.28593021848,94462839.50260709,75184212.9057071,112830708.82329278,98341846.9719714,104447789.42930351,0.1658843086071241,0.13202949690803895,0.1981397576164021,0.1726961562662198,0.1834186800466051
55013,361237143.87793005,202736.84210526323,49053.72307141034,39393842.95610027,44457130.05244055,76003532.45361294,54925741.90815885,66311309.97620618,0.10905258117479832,0.12306909963684018,0.21039788887074193,0.15204898731764824,0.18356725242688285
55015,1444634899.251461,250000.0,53112.036625046145,152862798.68355295,108756374.38484822,399456232.40722287,265350441.62750587,212389165.55857003,0.10581413944987689,0.07528294826685998,0.27651016365048464,0.18367993308551347,0.14701926809924062
55017,1640833968.256998,250000.0,56842.34507846486,216984547.54581422,274099445.3255013,342822208.9734038,283026030.2665529,284779679.9479071,0.13224040441843699,0.16704886090130608,0.20893168693818068,0.17248913402688867,0.1735578891326944
55019,842759415.4251561,225000.0,55246.97237683265,68328504.16720001,92854212.68844001,227251954.86158803,179228203.806964,181627029.74820003,0.0810771175220031,0.11017879004246642,0.2696522289779981,0.2126682900558836,0.2155146847651327
55021,1165079398.9137776,275734.375,51221.77410938027,161624199.5618162,147342262.3706378,299060957.85733944,188015615.00123996,254225850.36266103,0.1387237639876742,0.1264654258825685,0.25668719070662377,0.1613757956552403,0.21820474261211717
55023,500992501.1589401,200000.0,45171.0847677342,53949242.68556,36993067.89748,143926926.11772,113099044.650084,111088544.95890401,0.10768473093062242,0.0738395640890919,0.2872835936361833,0.22574997507638,0.22173694157482235
55025,22164312287.07052,365714.28571428574,64431.57702681186,4274515429.9627,4548503531.54274,1549518163.73588,1248047965.53338,4565483675.199,0.19285576626964532,0.20521744472063294,0.06991050043270625,0.05630889645339571,0.20598354760875034
55027,2385383153.78599,250000.0,50163.470848580044,343880238.51453656,328818874.23424387,574135742.9875121,425146833.90893656,365690901.47348297,0.14416142663233905,0.13784740355542252,0.24068910777552255,0.17822999765641823,0.15330488977968681
55029,1040939126.6819334,230000.0,55108.54200080824,189122322.18060002,178798733.8885,246024283.83537778,212374123.70327777,139774518.79474446,0.18168432459969172,0.17176675302659966,0.23634838726794474,0.20402165531065702,0.1342773224792554
55031,903092859.6948254,202736.84210526323,49053.72307141034,98484607.3902507,111142825.13110141,190008831.1340324,137314354.7703972,165778274.94051552,0.10905258117479832,0.12306909963684019,0.21039788887074193,0.15204898731764824,0.18356725242688285
55033,1726107755.0460799,301409.2664092664,63520.56211989696,193300748.73573333,242825602.75026664,269125225.01399994,251613304.1673333,272188196.9253333,0.1119864899341542,0.1406781251288592,0.15591449851681793,0.1457691754363367,0.15768899486699023
55035,3698802824.5231485,275000.0,58437.717780097075,607706621.2081857,749682214.6336286,632071890.3664471,544884550.5082101,544717828.0014429,0.1642981932367621,0.20268239487198889,0.17088553252306282,0.14731375971046978,0.1472686849890865
55037,232076605.76538134,200000.0,51946.92675335497,41540878.44661713,23000809.62282285,49394608.64809427,36745201.2248657,40909622.03010284,0.17899640642199421,0.09910869536792347,0.2128375175308705,0.15833220717651045,0.17627637174020275
55039,3020600243.8894186,250000.0,53112.036625046145,319622215.4292471,227399691.89559174,835226667.7605569,554823650.6756941,444086437.07701004,0.10581413944987689,0.07528294826685998,0.27651016365048464,0.18367993308551347,0.14701926809924062
55041,259538061.98700595,203166.66666666657,50210.71344179498,44756776.7633244,31248543.88337775,57225318.78044438,48165655.27288885,44045914.439431064,0.17244783451286308,0.12040062118111308,0.2204891195623917,0.18558224140280555,0.16970888239751236
55043,1238415185.6461134,225000.0,47021.28229811092,168980622.6208,147865283.371,317011105.2901267,240439832.07686,253351793.05771998,0.1364490879790354,0.11939879701479503,0.25598128072431037,0.19415123043037968,0.20457742766254902
55045,825610123.7640755,225000.0,47021.28229811092,112653748.41386665,98576855.58066665,211340736.86008444,160293221.3845733,168901195.3718133,0.1364490879790354,0.11939879701479501,0.25598128072431037,0.19415123043037968,0.20457742766254902
55047,513126315.3551768,225000.0,48782.84748344092,56258110.89697548,50230796.12263355,141395795.08926195,119432942.3656258,81770403.69804774,0.10963793750869048,0.09789167816868775,0.2755574813803699,0.23275544206489676,0.15935726009578702
55049,619207592.8230565,225000.0,47021.28229811092,84490311.31039996,73932641.68549997,158505552.64506328,120219916.03842995,126675896.52885994,0.1364490879790354,0.11939879701479503,0.25598128072431037,0.19415123043037968,0.20457742766254902
55051,240824762.5852864,202736.84210526323,49053.72307141034,26262561.97073348,29638086.701626997,50669021.6357419,36617161.27210586,44207539.9841374,0.10905258117479831,0.12306909963684019,0.21039788887074193,0.15204898731764824,0.18356725242688285
55053,569450120.3626819,250000.0,53428.28593021848,94462839.50260709,75184212.9057071,112830708.82329278,98341846.9719714,104447789.42930351,0.1658843086071241,0.13202949690803895,0.1981397576164021,0.1726961562662198,0.1834186800466051
55055,2504652311.47529,250000.0,50163.470848580044,361074250.4402634,345259817.9459561,602842530.1368878,446404175.6043834,383975446.5471571,0.14416142663233905,0.13784740355542252,0.24068910777552258,0.17822999765641823,0.15330488977968681
55057,667990001.5452533,200000.0,45171.0847677342,71932323.58074665,49324090.52997333,191902568.15695998,150798726.20011196,148118059.94520533,0.10768473093062242,0.0738395640890919,0.2872835936361833,0.22574997507637998,0.22173694157482238
55059,5516301087.74252,253000.0,57836.80643910503,1065988649.9580001,1070854911.3238,915734941.7684,682346473.4012,1221152662.691,0.1932433768574882,0.1941255370747057,0.16600525011283485,0.12369637961158536,0.2213716480060268
55061,624563476.0091598,230000.0,55108.54200080824,113473393.30835997,107279240.33309996,147614570.30122662,127424474.22196661,83864711.27684663,0.18168432459969172,0.17176675302659966,0.23634838726794474,0.20402165531065702,0.1342773224792554
55063,3362446175.35848,269177.6315789473,47739.64157935172,426996159.9888,648185381.8234,455905000.68600005,424876847.14147997,553138777.2374,0.12698973833931385,0.19277197255188633,0.13558730070597924,0.12635944933636972,0.16450487186710977
55065,516006327.3525473,225000.0,47021.28229811092,70408592.75866666,61610534.73791667,132087960.5375528,100183263.36535834,105563247.10738334,0.1364490879790354,0.11939879701479503,0.25598128072431037,0.19415123043037968,0.20457742766254902
55067,454191608.4772607,203166.66666666657,50210.71344179498,78324359.33581775,54684951.795911096,100144307.86577773,84289896.72755554,77080350.26900442,0.17244783451286308,0.12040062118111308,0.2204891195623917,0.18558224140280555,0.16970888239751236
55069,648845154.9675155,203166.66666666657,50210.71344179498,111891941.90831111,78121359.70844445,143063296.95111108,120414138.18222223,110114786.09857777,0.17244783451286308,0.12040062118111308,0.22048911956239167,0.18558224140280555,0.16970888239751236
55071,2081878253.3638668,230000.0,55108.54200080824,378244644.36120003,357597467.777,492048567.67075557,424748247.40655553,279549037.5894889,0.18168432459969172,0.17176675302659966,0.23634838726794474,0.20402165531065702,0.1342773224792554
55073,4097800978.28304,212020.83333333334,57090.725138735805,672854454.9658,530493141.4696001,704949187.4612,560281112.5382,700209448.2792,0.1641989102281202,0.12945800547196762,0.1720310945302596,0.13672726311197164,0.17087444021563597
55075,1005665291.649986,200000.0,51946.92675335497,180010473.26867425,99670175.03223237,214043304.14174187,159229205.3077514,177275028.79711235,0.17899640642199421,0.09910869536792347,0.21283751753087046,0.15833220717651045,0.17627637174020275
55077,427605262.7959805,225000.0,48782.84748344092,46881759.08081289,41858996.76886128,117829829.24105157,99527451.9713548,68142003.08170642,0.1096379375086905,0.09789167816868777,0.2755574813803699,0.23275544206489676,0.159357260095787
55078,232076605.76538134,200000.0,51946.92675335497,41540878.44661713,23000809.62282285,49394608.64809427,36745201.2248657,40909622.03010284,0.17899640642199421,0.09910869536792347,0.2128375175308705,0.15833220717651045,0.17627637174020275
55079,27565074835.6487,212765.7894736842,53601.28067998047,5471060955.2298,3964961157.48762,3839394832.9837,3111394679.98344,5218293947.501699,0.1984780011608863,0.1438400287729279,0.1392847600042928,0.11287452323400225,0.1893081727009538
55081,751488751.73841,200000.0,45171.0847677342,80923864.02834,55489601.846219994,215890389.17657998,169648566.97512597,166632817.43835598,0.10768473093062243,0.0738395640890919,0.2872835936361833,0.22574997507638,0.22173694157482232
55083,928306423.0615257,200000.0,51946.92675335497,166163513.78646857,92003238.49129143,197578434.59237713,146980804.89946285,163638488.12041143,0.17899640642199421,0.09910869536792347,0.21283751753087046,0.15833220717651045,0.17627637174020275
55085,1038152247.9480247,203166.66666666657,50210.71344179498,179027107.05329776,124994175.5335111,228901275.12177774,192662621.09155557,176183657.75772443,0.17244783451286308,0.12040062118111308,0.2204891195623917,0.18558224140280555,0.16970888239751236
55087,6363651727.12358,272790.6976744186,59416.7403701479,1162479095.9356,1036053868.2973999,981111329.6148001,859117742.8190001,1464293228.5354,0.18267484547917734,0.16280807195677635,0.1541742652937844,0.13500389079389924,0.23010266609880484
55089,3778909102.3924727,310000.0,68322.20609403364,1033753263.1908307,566877664.5625923,484430646.9162092,407239759.80853844,701415168.6939862,0.27355864753040743,0.15001092886931183,0.12819325201802562,0.10776648730468538,0.18561313587826492
55091,227780048.14507276,250000.0,53428.28593021848,37785135.80104284,30073685.162282847,45132283.52931712,39336738.78878856,41779115.77172141,0.1658843086071241,0.13202949690803895,0.1981397576164021,0.1726961562662198,0.1834186800466051
55093,911120192.5802914,250000.0,53428.28593021848,151140543.20417142,120294740.64913143,180529134.11726853,157346955.1551543,167116463.0868857,0.1658843086071241,0.13202949690803895,0.1981397576164021,0.1726961562662198,0.1834186800466051
55095,1474828976.9940228,225000.0,55246.97237683265,119574882.29259999,162494872.20476997,397690921.00777894,313649356.662187,317847302.05934995,0.0810771175220031,0.11017879004246642,0.2696522289779981,0.21266829005588364,0.2155146847651327
55097,1636950606.4626675,200000.0,49947.38451684036,226688323.51094997,218064401.71339503,404504089.11975,344125694.55993,250991692.997955,0.1384820791879647,0.13321379451064594,0.24710830462615746,0.21022362751895177,0.1533288127369524
55099,361237143.87793005,202736.84210526323,49053.72307141034,39393842.95610027,44457130.05244055,76003532.45361294,54925741.90815885,66311309.97620618,0.10905258117479832,0.12306909963684018,0.21039788887074193,0.15204898731764824,0.18356725242688285
55101,5495845651.90858,250000.0,55264.62252789031,564450533.351,697665852.821,1293682284.48562,973995797.44222,927361117.2332,0.10270494644531718,0.1269442224198412,0.23539276144633978,0.17722400866625027,0.16873856654091968
55103,516006327.3525473,225000.0,47021.28229811092,70408592.75866666,61610534.73791667,132087960.5375528,100183263.36535834,105563247.10738334,0.1364490879790354,0.11939879701479503,0.25598128072431037,0.19415123043037968,0.20457742766254902
55105,4372248015.89078,224015.26717557255,51939.27317522904,733686953.038,531967160.594,832748725.3634,591335590.03748,585131211.29668,0.16780542877975832,0.12166902670218711,0.19046237137893465,0.13524749462708696,0.13382845830566822
55107,301030953.2316084,202736.84210526323,49053.72307141034,32828202.463416893,37047608.37703379,63336277.04467745,45771451.590132385,55259424.98017182,0.10905258117479832,0.12306909963684019,0.21039788887074193,0.15204898731764824,0.18356725242688285
55109,3452215510.0921597,301409.2664092664,63520.56211989696,386601497.47146666,485651205.5005333,538250450.0279999,503226608.3346666,544376393.8506666,0.1119864899341542,0.1406781251288592,0.15591449851681793,0.1457691754363367,0.15768899486699023
55111,2150915813.379282,275734.375,51221.77410938027,298383137.6525838,272016484.3765622,552112537.5827805,347105750.77151996,469340031.43875885,0.1387237639876742,0.1264654258825685,0.25668719070662377,0.1613757956552403,0.21820474261211717
55113,481649525.17057323,202736.84210526323,49053.72307141034,52525123.94146701,59276173.40325405,101338043.27148388,73234322.54421179,88415079.96827488,0.10905258117479832,0.12306909963684019,0.21039788887074193,0.15204898731764824,0.18356725242688285
55115,850947554.4730654,200000.0,51946.92675335497,152316554.30426288,84336301.9503505,181113565.0430124,134732404.4911743,150001947.4437105,0.17899640642199421,0.09910869536792347,0.21283751753087046,0.15833220717651048,0.17627637174020275
55117,3761188412.62292,230000.0,60508.17909625032,579072103.6757,584067792.8516,716591777.1658,673795062.2726,658725250.6640201,0.1539598765465396,0.15528809747775751,0.1905227014846816,0.17914419283311553,0.1751375305882771
55119,361237143.87793005,202736.84210526323,49053.72307141034,39393842.95610027,44457130.05244055,76003532.45361294,54925741.90815885,66311309.97620618,0.10905258117479832,0.12306909963684018,0.21039788887074193,0.15204898731764824,0.18356725242688285
55121,911120192.5802914,250000.0,53428.28593021848,151140543.20417142,120294740.64913143,180529134.11726853,157346955.1551543,167116463.0868857,0.1658843086071241,0.13202949690803895,0.1981397576164021,0.1726961562662198,0.1834186800466051
55123,584491251.3520967,200000.0,45171.0847677342,62940783.13315333,43158579.21372666,167914747.13734,131948885.42509799,129603302.45205466,0.10768473093062242,0.0738395640890919,0.2872835936361833,0.22574997507638,0.22173694157482235
55125,519076123.9740122,203166.66666666657,50210.71344179498,89513553.52664885,62497087.766755536,114450637.56088883,96331310.54577775,88091828.87886219,0.17244783451286308,0.12040062118111308,0.2204891195623917,0.18558224140280555,0.16970888239751236
55127,3170940515.7541,300000.0,57577.043483269474,607715981.83988,275285173.16036,582795515.94904,535298129.8036,530693986.5156,0.1916516499822626,0.0868149912597439,0.1837926359871945,0.16881367756477691,0.16736169722483507
55129,361237143.87793005,202736.84210526323,49053.72307141034,39393842.95610027,44457130.05244055,76003532.45361294,54925741.90815885,66311309.97620618,0.10905258117479832,0.12306909963684018,0.21039788887074193,0.15204898731764824,0.18356725242688285
55131,5153057866.898827,310000.0,68322.20609403364,1409663540.7147694,773014997.1308076,660587245.7948308,555326945.1934615,956475230.0372539,0.27355864753040743,0.15001092886931183,0.12819325201802562,0.10776648730468538,0.18561313587826492
55133,16968303025.183899,343686.86868686875,74094.3216271247,3916699734.3577995,2712512350.75062,1736736372.9285998,1298520407.15462,3652442707.7938,0.2308244807123458,0.15985760902105425,0.10235180090495688,0.07652623867144469,0.21525091238487093
55135,1026252630.7103536,225000.0,48782.84748344092,112516221.79395096,100461592.2452671,282791590.1785239,238865884.7312516,163540807.39609548,0.10963793750869048,0.09789167816868775,0.2755574813803699,0.23275544206489676,0.15935726009578702
55137,684168420.4735689,225000.0,48782.84748344092,75010814.52930063,66974394.83017805,188527726.78568256,159243923.1541677,109027204.9307303,0.1096379375086905,0.09789167816868775,0.2755574813803699,0.2327554420648968,0.15935726009578702
55139,5236707462.0997,225000.0,57177.41013571467,930412636.559,695869156.2496,738909128.1376001,543153414.0418,972083038.9416999,0.17767130268261033,0.13288295389534432,0.1411018533086682,0.10372040408459599,0.18562866953655177
55141,1855210687.3243563,200000.0,49947.38451684036,256913433.31240994,247139655.27518103,458437967.66905,390009120.50125396,284457252.064349,0.1384820791879647,0.13321379451064594,0.24710830462615746,0.21022362751895177,0.1533288127369524
56001,966969158.8282166,265000.0,45751.7596337006,100719825.153739,93497046.56930551,178097347.0498585,146234536.803014,139927385.040465,0.10416032841811869,0.09669082588177498,0.1841810004216461,0.1512297837712038,0.1447071850875063
56003,365995020.6317563,350000.0,57821.953455913506,98878459.82497856,44563743.49079997,68973103.21164823,54168915.06499859,78476926.96237236,0.27016340182525195,0.12176051852803078,0.18845366555149148,0.14800451375402815,0.21442075038865474
56005,902034356.6701356,265877.0718232044,51339.46253102651,128067736.67664282,92303737.05242856,204220549.94052136,159441797.38579285,175630639.96167138,0.14197656190104058,0.10232840508777101,0.22639996850497196,0.17675800950018472,0.19470504494974314
56007,439531435.8310075,265000.0,45751.7596337006,45781738.706245,42498657.5315025,80953339.5681175,66470244.00137,63603356.836574994,0.10416032841811869,0.09669082588177498,0.1841810004216461,0.1512297837712038,0.1447071850875063
56009,351625148.664806,265000.0,45751.7596337006,36625390.964996,33998926.025202,64762671.654494,53176195.201096006,50882685.46926,0.10416032841811869,0.09669082588177498,0.1841810004216461,0.1512297837712038,0.1447071850875063
56011,180406871.33402708,265877.0718232044,51339.46253102651,25613547.33532856,18460747.410485707,40844109.98810426,31888359.47715856,35126127.99233427,0.14197656190104058,0.10232840508777101,0.22639996850497196,0.17675800950018472,0.19470504494974314
56013,944507700.6013533,266337.20930232556,48639.99831437748,152836792.97833332,98237237.1429,210362817.46007997,133320051.15574665,172374598.04279998,0.16181635457394844,0.10400893193391,0.2227221835524954,0.14115295308959774,0.1825020568207668
56015,360813742.66805416,265877.0718232044,51339.46253102651,51227094.67065712,36921494.820971414,81688219.97620852,63776718.95431712,70252255.98466854,0.14197656190104058,0.10232840508777101,0.22639996850497196,0.17675800950018472,0.19470504494974314
56017,157417950.1002254,266337.20930232556,48639.99831437748,25472798.829722192,16372872.857149985,35060469.57667996,22220008.525957752,28729099.67379997,0.16181635457394844,0.10400893193391,0.2227221835524954,0.14115295308959774,0.1825020568207668
56019,270610307.00104064,265877.0718232044,51339.46253102651,38420321.00299284,27691121.11572856,61266164.9821564,47832539.21573784,52689191.98850141,0.14197656190104058,0.10232840508777101,0.226399968504972,0.17675800950018472,0.19470504494974314
56021,2828655698.5781,330000.0,56115.21382673584,501409453.4354,403106814.2128,499030469.35348,378433214.4104801,536457117.866,0.1772606873602351,0.1425082644082249,0.17641965743810073,0.1337855344504139,0.1896509066605966
56023,609991701.0529276,350000.0,57821.953455913506,164797433.04163104,74272905.818,114955172.0194138,90281525.10833105,130794878.27062069,0.27016340182525195,0.12176051852803078,0.18845366555149148,0.14800451375402815,0.21442075038865474
56025,1758125743.32403,265000.0,45751.7596337006,183126954.82498,169994630.12601,323813358.27247,265880976.00548,254413427.34629998,0.10416032841811869,0.09669082588177498,0.1841810004216461,0.1512297837712038,0.1447071850875063
56027,90203435.66701354,265877.0718232044,51339.46253102651,12806773.66766428,9230373.705242854,20422054.99405213,15944179.73857928,17563063.996167134,0.14197656190104058,0.10232840508777101,0.22639996850497196,0.17675800950018472,0.19470504494974314
56029,853988381.4740986,350000.0,57821.953455913506,230716406.25828344,103982068.1452,160937240.82717928,126394135.15166345,183112829.57886896,0.27016340182525195,0.12176051852803078,0.18845366555149146,0.14800451375402815,0.21442075038865474
56031,270610307.00104064,265877.0718232044,51339.46253102651,38420321.00299284,27691121.11572856,61266164.9821564,47832539.21573784,52689191.98850141,0.14197656190104058,0.10232840508777101,0.226399968504972,0.17675800950018472,0.19470504494974314
56033,853988381.4740986,350000.0,57821.953455913506,230716406.25828344,103982068.1452,160937240.82717928,126394135.15166345,183112829.57886896,0.27016340182525195,0.12176051852803078,0.18845366555149146,0.14800451375402815,0.21442075038865474
56035,236126925.15033823,266337.20930232556,48639.99831437748,38209198.244583316,24559309.28572499,52590704.36501998,33330012.78893665,43093649.51069998,0.16181635457394844,0.10400893193391,0.2227221835524954,0.14115295308959774,0.1825020568207668
56037,1023216675.6514661,266337.20930232556,48639.99831437748,165573192.39319444,106423673.57147501,227893052.24842,144430055.41872555,186739147.8797,0.16181635457394844,0.10400893193391,0.2227221835524954,0.14115295308959774,0.1825020568207668
56039,853988381.4740986,350000.0,57821.953455913506,230716406.25828344,103982068.1452,160937240.82717928,126394135.15166345,183112829.57886896,0.27016340182525195,0.12176051852803078,0.18845366555149146,0.14800451375402815,0.21442075038865474
56041,472253850.30067647,266337.20930232556,48639.99831437748,76418396.48916663,49118618.57144998,105181408.73003995,66660025.5778733,86187299.02139996,0.16181635457394844,0.10400893193391,0.2227221835524954,0.14115295308959774,0.1825020568207668
56043,270610307.00104064,265877.0718232044,51339.46253102651,38420321.00299284,27691121.11572856,61266164.9821564,47832539.21573784,52689191.98850141,0.14197656190104058,0.10232840508777101,0.226399968504972,0.17675800950018472,0.19470504494974314
56045,180406871.33402708,265877.0718232044,51339.46253102651,25613547.33532856,18460747.410485707,40844109.98810426,31888359.47715856,35126127.99233427,0.14197656190104058,0.10232840508777101,0.22639996850497196,0.17675800950018472,0.19470504494974314
