puma_id,wage_total,median_home_value,mean_wage,rate_cognitive_AIOE,rate_cognitive_GPT,rate_embodied,rate_robot_reachable,rate_placebo_random20
0100100,4266563648.3458,200000.0,50377.410479688755,0.14574629336719108,0.08958633754907037,0.16929390452985416,0.1409025977332557,0.2035878373759114
0100200,3634471643.61744,287965.1162790697,68524.51297380117,0.19238153206590197,0.15556779491624892,0.14983238987700295,0.09297625077054225,0.18643285268820817
0100300,4416692465.5804,200000.0,57242.18442132249,0.13058552754254493,0.14086777202701167,0.16863971870885547,0.16360585298094624,0.19038153633986432
0100401,4019776317.5913,290000.0,67121.56554887957,0.212083439206151,0.22798543179883912,0.07562368394492029,0.06326884764100398,0.22201631631529953
0100402,6271568820.58286,300000.0,65651.6290572697,0.21256560166263216,0.24857081409217766,0.06294098394090718,0.05339144903100661,0.22477768878941937
0100403,3363463756.27428,300000.0,63729.726135897836,0.14381069399124383,0.22727509295142911,0.06776306756232932,0.0489975809746234,0.21530802630506635
0100501,2464753541.68428,200000.0,47607.848676587346,0.11711726960454705,0.13009949265283377,0.20414047101709418,0.20138924272251746,0.2519797317258729
0100600,2056197026.53982,150081.30081300813,41628.47768028141,0.10217919486213752,0.12771490506878933,0.21977497000754884,0.2100256724840842,0.1623856723966203
0100700,2346853064.7789803,200000.0,45820.865023604594,0.14822126347162679,0.09959029448629389,0.22374475238456057,0.18250972661301157,0.21696245668151065
0100800,2395073666.40808,150000.0,45713.61949894223,0.21951105369559096,0.08764626696172498,0.21863791340311042,0.14837297849420383,0.22758010955765276
0100900,3613878165.0463,200000.0,51024.739008927514,0.18982747687151513,0.13635675091002594,0.19227835212859135,0.14659476067157695,0.19347766619609932
0101000,2783084885.40208,180000.0,46328.38189206599,0.11787492215193603,0.10633595322296627,0.25154532308349575,0.21173976279093035,0.16403496300116077
0101100,1967422710.7886,100000.0,39444.69928202013,0.1315751972384927,0.13457091011995964,0.1926715980975228,0.11462154031047525,0.13800986517633795
0101201,3015283800.55724,220000.0,58040.919338554406,0.10827151336038975,0.08453618315633608,0.16071433631104426,0.1077145336157005,0.17644619251412327
0101202,2994926177.28022,225000.0,41983.96547669755,0.10621178217470212,0.09382627350664344,0.13432754095874955,0.11658899172082979,0.15380737454711563
0101301,2597624743.24374,160000.0,51790.90723430378,0.14075282138891027,0.14303851218856972,0.20582516720970123,0.18192292568359558,0.20071208352378958
0101401,3003404274.86944,230000.0,55782.84717723371,0.21507233523208585,0.13108513629192145,0.12726668461881174,0.09597786634121072,0.24572032520466502
0101402,3417797438.80728,225000.0,54167.35247012188,0.1446074521052588,0.19908793012562387,0.17214803123701922,0.1386380262613095,0.20560359704881384
0101403,3840126194.41618,125000.0,45165.2027006043,0.16749835583567035,0.09881218082518992,0.20154969555099964,0.1809291879582176,0.18180615701785344
0101404,8650069457.26244,400000.0,91185.82211277899,0.2628869181472155,0.14439840799099193,0.04460013279934466,0.036066635293422786,0.20640085434780947
0101501,5467185328.91906,350000.0,73998.88103894128,0.27233278195136207,0.15527775210939226,0.07044555978290706,0.05073047871915778,0.2403683975671086
0101502,3471232630.32206,210000.0,54129.75034808602,0.10214800572455503,0.10348963497965566,0.22262094978128927,0.1719530438601232,0.21976452286757936
0101600,3003142483.0374,150000.0,50287.04760611855,0.10040655552580548,0.09379307305862922,0.2570660057869075,0.2159230564208713,0.1685651784820413
0101700,1919451799.31288,150000.0,40568.368755820266,0.12295127506847646,0.08675128929906369,0.16768234703303198,0.12465059584794466,0.2231987296407049
0101801,2019492859.458,121584.26966292135,41485.06284835661,0.17623361104506138,0.12105904037244974,0.19405335437500726,0.169474781038867,0.2341361277160949
0101802,3171032863.69454,250000.0,55309.99901790518,0.288829478244356,0.11171351893832156,0.07857807732427287,0.06723955353959365,0.2595594551802428
0101901,2564510727.23748,240000.0,54717.73336258172,0.1514121213389031,0.22636993565347704,0.1767047285392915,0.15075665888369602,0.2544340141172578
0102000,2094667916.36384,120000.0,42578.0127726612,0.1077822299948688,0.0945966967013505,0.1974728123720168,0.18360239507024467,0.17521283123185552
0102101,3618559159.60114,280220.58823529416,50563.252422289384,0.1871646103699055,0.12253355094077659,0.08795885022710621,0.0658293601918717,0.188658069235554
0102201,2425832769.1524,202316.43356643358,50228.440640061286,0.11052236121852652,0.15668662470804515,0.15812265134308692,0.138194067072098,0.18241791032481494
0102300,3012663710.6635,175000.0,43259.91457135164,0.13965338102444233,0.12705809574708124,0.20549690849024527,0.16202536507547874,0.1827767673864693
0102400,2246127316.73542,175000.0,48895.820726983045,0.11875336138749241,0.13830144284621232,0.23411154807443232,0.18783545307600988,0.16822456542433337
0102500,2311874482.88806,166674.52830188678,40953.649765071656,0.12770469338498913,0.14030696398983783,0.23866679724143847,0.1656443319701376,0.19271065292793926
0102600,2394242901.9706,128150.68493150688,45740.54145595675,0.08861748691144511,0.08809547341182428,0.36682340839855376,0.28992955095895445,0.19062733043641886
0102701,3905542904.19948,300000.0,65050.099172196075,0.1408485647336019,0.08991180701018983,0.12978134919193585,0.10955311259224265,0.20247512078408095
0102702,3115281673.91988,268697.67441860464,53544.656742233376,0.1903465310130639,0.0949170165457163,0.15434685819802574,0.15347583001601045,0.1908344514454617
0102801,3109473163.8233,196309.85915492958,51713.36898706614,0.1253589102371655,0.14531966788180908,0.23675089350400771,0.176904899920551,0.22598872664676653
0102802,3702000713.1353,200000.0,50878.91470891412,0.15798171937381392,0.12584234319340432,0.14119880945546856,0.10727805862329266,0.25899106540808453
0102803,2716357136.64186,140000.0,45510.02959843617,0.14056152525091944,0.12922744691906154,0.18776271445313464,0.16416053410194584,0.1271174797636802
0200101,4392768313.45988,350000.0,69467.35689823484,0.12407988869590496,0.07656749597856338,0.09074825163168734,0.07940641733652083,0.2143379985468654
0200102,7155831669.88882,380989.9569583931,75158.40426309021,0.2779634168475799,0.1565777115194534,0.09598014955749108,0.0646366892420607,0.18906361735242164
0200200,4700267777.9915,325000.0,55573.82950437471,0.08778779746606731,0.10028936935938387,0.21181353622610147,0.13272338901880074,0.27195299292012204
0200300,5299898910.72512,350000.0,60957.615369952146,0.14518961534398778,0.16334738489337594,0.1705814455141953,0.10256047903824857,0.22007458304996608
0200400,3016023124.4253,222292.4901185771,53764.42812316702,0.09775821508105367,0.07625950367465645,0.270467915117056,0.26925811214128625,0.17827059399161338
0400101,6478345993.23694,429906.015037594,68482.90654386922,0.22844831039598837,0.229269735518752,0.07581633020495515,0.07294420646741098,0.22892149224667988
0400102,4270716563.16218,420000.0,60764.574124072395,0.20304035097275336,0.16796242651848395,0.11748444960580409,0.09518486263778375,0.22039092499434904
0400103,3111413316.77248,350000.0,47924.669481885925,0.1412011969038976,0.18210399618413417,0.17012571035007465,0.13595811030339341,0.17157424282189526
0400104,2805109002.60672,330000.0,51042.816118471506,0.16806877836585024,0.23439141887199652,0.10202249100881854,0.0672115020829488,0.15929115308216993
0400105,6973786994.59192,540000.0,75834.17964780635,0.24641849228581988,0.20105349688074978,0.08926254469839973,0.06177188015170915,0.19644577509333086
0400106,4359349624.6945,400000.0,64699.89647502894,0.22096789027273894,0.23129864517766496,0.09245063501651206,0.08215554517825546,0.18669509425838615
0400107,6256866382.0904,600000.0,92783.6640037132,0.24613984351001425,0.14648806758807295,0.04697806912430773,0.029476952795878853,0.14383504814372067
0400108,4612480039.6137,485867.3469387755,72400.32711140988,0.213091523173446,0.18558504058577813,0.04879691768922002,0.07429304575308242,0.20828132249419104
0400109,3347826368.79992,365851.06382978725,42135.93405912829,0.19128083329418075,0.22106722491237749,0.09258015395422779,0.09656141377863674,0.17849796038926946
0400110,6827156816.4972,510750.9881422925,99987.65109105447,0.31775752586958167,0.1555579389060069,0.05075132733654882,0.03248862077092308,0.19755771090478702
0400111,6441286106.12974,600000.0,106269.05294457855,0.2531555881730548,0.1936588945877131,0.03924525191741395,0.050162946830313,0.23720476706834626
0400112,8143745570.23574,750000.0,123169.87159677758,0.2826607070806322,0.17413142806073081,0.04505671723653547,0.03478757176191584,0.23047122709070453
0400113,4658988707.39792,550000.0,81500.72085013417,0.26276112700572,0.23241244907890232,0.04705483709791614,0.04345594515276596,0.16829425082537175
0400114,3985011131.01296,420000.0,61915.58887251732,0.22574362897945802,0.18269700271653075,0.0904908601400409,0.0694044214036351,0.16504011061706142
0400115,3342702760.70056,400000.0,50480.27365218762,0.1588234676227373,0.21609457176210692,0.13933243576865006,0.11093953408953423,0.17692788050242655
0400116,4393712091.46766,450000.0,69508.66291417096,0.25908854218555455,0.17439661654517857,0.09068387750570768,0.08467358750035621,0.22186694438232404
0400117,5644759907.1546,500000.0,84923.19588311244,0.2889625646145885,0.16015911081389406,0.07756176261624106,0.06208821663943291,0.18286119333977363
0400118,4023396891.08398,350000.0,58479.60597505785,0.1445794406573891,0.14218110595013123,0.18934419103020056,0.16977924691689136,0.17084960987746411
0400119,2725841916.49946,320000.0,47414.19232039416,0.18938820910368895,0.14282135400089227,0.1764322413371822,0.14382533451452179,0.14297935105352144
0400120,5386747285.60808,500000.0,87623.58132617737,0.2906010929367167,0.193548002707446,0.06726819586980413,0.07300164964880641,0.1995779917288399
0400121,4525892222.946,380000.0,48043.01494555491,0.15013120468403762,0.1511999219687483,0.23711856988358612,0.21574600377045927,0.21302914660977412
0400122,1551849689.2549,300000.0,32652.646746094768,0.07642476905302865,0.08303666832869015,0.3359917058907603,0.24087578509093657,0.1809647867274806
0400123,2506443794.08244,300000.0,44278.765397350806,0.13383893014828416,0.1416281572544707,0.2638213112293675,0.24370481210026645,0.1916179154753482
0400124,2327773060.67884,350000.0,42084.41315951042,0.1305915272650115,0.13699054617583956,0.23387666706239615,0.16921549262380833,0.161452779245327
0400125,2414937975.51044,350000.0,46318.19355384633,0.11040430782452922,0.1450225401166151,0.13684676674760063,0.12265407843553101,0.23871983279576686
0400126,3839998173.5409203,402555.1330798479,60823.94585305498,0.1984762425404102,0.1603827972249365,0.1494828489830226,0.09382611359282737,0.18151489848115482
0400127,3702114134.5128,380000.0,58627.84870795933,0.17453111604092444,0.20563732561189296,0.13953469223016843,0.08760691528039075,0.19447915251860548
0400128,3957119045.42198,450000.0,67057.31211845214,0.21662469717046096,0.1856940390323387,0.11844953337147751,0.10136316276824237,0.22184032684336083
0400129,6391410041.75778,540214.2857142858,81362.23081608783,0.19972633145282054,0.23802932358159212,0.060018113970559984,0.05541764233073176,0.2070274942791139
0400130,1804234907.88236,325000.0,43974.62545717322,0.09854969165799633,0.15070447036940318,0.2033526677114499,0.17214569103872543,0.23651297640707403
0400131,3399293941.5506,430000.0,57258.016802833175,0.12912935143057738,0.1214776652039443,0.12396107907443447,0.13648695959083884,0.2607716589026742
0400132,4836673271.2353,500000.0,59271.50402239284,0.14581258760197333,0.1276131875014248,0.13488583509587274,0.10231483002383382,0.23176059897914625
0400133,3843352999.47172,400000.0,56711.7160907735,0.08816811097673762,0.13839294484704118,0.18595113117825873,0.1393113127662006,0.18644642870339934
0400134,5598371246.83416,444026.31578947365,57705.054236207674,0.14868958957874176,0.13979367569689924,0.16452720123469247,0.119871041819953,0.22473937963788465
0400135,8231802165.70532,600000.0,84707.62372225811,0.2365125332996366,0.17994053496063875,0.06162584154025209,0.0469974625652962,0.21665574171720733
0400400,2089319840.98642,275000.0,50634.22051199428,0.13370437066529334,0.09920470299728859,0.1995483685014744,0.1400949355332631,0.16021583712800042
0400500,4271837941.20556,400000.0,54980.02446916987,0.11279440957981181,0.11446342051881009,0.09789262933122987,0.08573934667925068,0.12441849172045277
0400601,1686582224.82696,217749.99999999997,40437.85903967968,0.06260786627419464,0.1098512904951365,0.21955743143363923,0.1442137977770961,0.14391458851696542
0400602,2045659991.95924,400000.0,49498.16085847948,0.12774257674261968,0.15307036713602556,0.20592815385865632,0.16084830978930156,0.209110176770844
0400701,1987233485.00078,235000.0,49346.51448935413,0.08758200544317604,0.10867485768608373,0.28771217649003916,0.2551275717353268,0.2365219536588754
0400803,4056046883.66772,400000.0,53727.45663396235,0.14231097737683032,0.17019983885266501,0.17769855088402023,0.10379535972550388,0.20118409312712704
0400805,2906550788.72722,350000.0,47287.90024773806,0.1657203952290562,0.11749444112832605,0.17369090485066332,0.15837241735988147,0.22792148178229285
0400807,3833258527.45976,350000.0,50837.62403463781,0.12346257453163342,0.18209824686327464,0.22538005615572174,0.16667517670515558,0.1933994946404205
0400900,2953754737.2019,250000.0,43893.285243883554,0.11451356229441731,0.17490165226541196,0.1502891068831273,0.13554451346513188,0.20067449442386245
0401000,2734939881.03268,200000.0,46578.33133560434,0.07149695812010555,0.10920569466738168,0.21866579355735902,0.23076820420343946,0.1450428122352573
0401101,2500551285.89784,260000.0,48193.17900585591,0.10670956374461717,0.12832135272378067,0.13714323778772142,0.11305217703339254,0.1505092870089512
0401901,2133278439.37314,275000.0,46631.07544314812,0.14756105846909517,0.1137042406264963,0.17924545853857773,0.18875015010598425,0.22281799926777288
0401902,4490097629.04306,353428.5714285715,60714.73658007762,0.2171200974287436,0.16029290019900763,0.13907310258991062,0.08796659392348195,0.20491995655530904
0401903,3364971704.95772,400000.0,64482.82433231871,0.15700515314479835,0.15997202091866136,0.11756186664486991,0.0717342865671475,0.2243039355779913
0401904,4339325098.33844,489600.0,83837.11235414981,0.23030875444632434,0.12896414360919897,0.05378121938929184,0.04539421516056154,0.10737485588199182
0401905,3014146028.66442,380000.0,62957.34874810803,0.1773411304213596,0.18329812834933193,0.11590862529261904,0.10323508473541301,0.16916248918772195
0401906,2905974699.88614,340000.0,52126.97675048683,0.1497988453475717,0.14012579467094285,0.11169646665489476,0.07003325176732406,0.16439716510763783
0401907,2727990418.14712,267908.2840236686,38719.61419554496,0.15536705759240038,0.14432471576986564,0.1439324914666268,0.1341385441031507,0.11389861524602439
0401908,2133998963.3292801,250000.0,38585.306536890756,0.07112311991998872,0.12500276139498717,0.24253442054964028,0.21115516051024003,0.17364425634429062
0401909,3360867380.3692203,300000.0,50686.464179788265,0.12332638234873326,0.20192161457350527,0.12313979196868348,0.09329482600528964,0.18410291278200497
0402502,3264881024.87154,425000.0,52846.03721000858,0.1714032404235675,0.158964199165518,0.12654091201747097,0.10784436272327372,0.193131931126798
0402503,2224209198.81724,380000.0,57140.89142754631,0.18050743183927886,0.1497473139533795,0.16077006302696364,0.13160413980351132,0.15905516952022503
0500101,6466313815.119,325000.0,69341.61705381061,0.2078567345584456,0.24216314318574136,0.08967834632934965,0.07151354891166689,0.23651757530779757
0500102,4760432216.50384,300000.0,75099.89613970846,0.1894010860153317,0.2468511490321001,0.10098156363105358,0.09511539133489408,0.2531688239964729
0500201,4250867342.92622,250000.0,57201.43368579568,0.24878785516096394,0.10853938830450302,0.16959942573658737,0.14313485291857073,0.18026274400754919
0500202,3501678261.86692,330000.0,55188.86447173194,0.17266967941050632,0.10356954517638749,0.056214959110107154,0.05902267618110905,0.16371925328532305
0500300,2661306916.4681,165000.0,38431.53472256383,0.11226084912990572,0.15473559861780642,0.17006612828711862,0.13313607047646472,0.22159344085358104
0500400,2070237736.6792,150000.0,40713.44051366202,0.10037730638227711,0.1580632643167719,0.20602255170923495,0.20122765419005298,0.19282465851054004
0500500,1817235281.46418,132142.85714285722,39719.253397975604,0.11396712486318866,0.1360545321803414,0.25590016493687934,0.20981494127133232,0.1765620874435595
0500600,2631733492.76742,130000.0,43378.55400233101,0.07192730562308836,0.09935115015310067,0.2602910958991008,0.2535482112273556,0.12273733329894826
0500700,3090221024.30404,180149.5327102804,47805.8975619814,0.20591540232987343,0.08838067575800972,0.15467047810238896,0.13137865879416644,0.19374772814684368
0500800,2315230787.11996,150000.0,45780.88244720319,0.12881469459593337,0.08577453023378032,0.2811648113039158,0.19664119082769047,0.19519510797098968
0500900,5889395922.39176,200000.0,56235.16082033229,0.16308918440255413,0.12954426478644712,0.1578478656370526,0.12773797829845704,0.2642901696134705
0501000,2625741938.40912,170000.0,46038.993887909106,0.12504743593124595,0.0862317941462764,0.23232078334758002,0.20041543112703486,0.18406131432497874
0501100,4646810177.47108,189317.2323759791,49140.87390648449,0.16686731463035448,0.1284582406820114,0.17371060688205264,0.1612422502551565,0.15396670376646834
0501200,2323018038.92202,140000.0,43119.46465682927,0.11699383789760712,0.11871752530679233,0.2841031180862278,0.2304959963953143,0.15421797237052187
0501300,3434231916.03958,170000.0,45748.28043959583,0.16083882508621877,0.11617138146709308,0.2317629772054762,0.16748183956280344,0.18487165602754907
0501400,4385792139.20272,200038.23529411765,56552.19191008368,0.21448272151698528,0.12441654352679715,0.1712115691143319,0.11943615034966616,0.1821704890438882
0501501,5176084729.856,200000.0,52918.7086436838,0.20714746054356598,0.1558506099674768,0.16368652934651068,0.15092231778186768,0.1902107389572408
0501502,6110035460.90148,223943.3384379786,65237.73154350381,0.24840343490073122,0.15622469209341816,0.05880155910795837,0.06362932425507715,0.14421121389672859
0501600,2760126553.2685,100000.0,42312.46249185216,0.08077699223290338,0.11185368962253062,0.2491944007018838,0.2377272328936833,0.143412641240401
0501700,2446538527.24088,100000.0,45999.6714782251,0.10849430101538143,0.13410011436590713,0.2032151620079227,0.17960578057977855,0.2016469417383621
0600101,7000925258.768881,1200000.0,88603.60516831043,0.24550109179150717,0.19315077379140477,0.016568500641416333,0.016385142718520047,0.15940208721576368
0600111,6152407954.354879,878717.9487179486,95117.77549171144,0.233642504092583,0.2795829458913644,0.03240085129013238,0.04659015251746847,0.26320693018933594
0600112,8765508634.2025,1200000.0,140601.32868489646,0.3301938207593049,0.20410530201468155,0.01583884292293912,0.021104205354950358,0.24636002744339003
0600113,3334141572.3943396,636153.846153846,58676.94858319558,0.12128171406099303,0.17050200809150412,0.1610876667432455,0.1703431455552143,0.19563459767288296
0600114,8805335268.86774,900000.0,94682.04248290563,0.1989972335619035,0.20071236342248425,0.08184139772376499,0.06936195364575092,0.2074968381701314
0600115,4402404756.81516,900000.0,85022.97759352556,0.18457780974783672,0.2665896350600542,0.1192569933882532,0.09836166756152294,0.1755968718653775
0600116,3889703162.79248,885800.0,71612.47446042566,0.1701054583927643,0.18836268682376292,0.13274424425325926,0.1264976342127243,0.24437968388944484
0600117,6281050980.2792,1100000.0,111607.57276874088,0.1572476477260015,0.40328644421822585,0.060427675645732246,0.05487093536032405,0.16801293025956157
0600118,6536397256.40032,1100000.0,108943.58572619621,0.23375913258541114,0.3470944436052268,0.05719157886138814,0.039742033699747714,0.1569576274265768
0600119,7722603890.410139,1250000.0,126649.89324340952,0.24205833126802032,0.3381975391053097,0.03783073393933249,0.02722894551798543,0.20736160036590365
0600120,7190176335.877701,1000000.0,124721.18535780921,0.20086767078030202,0.33854991640830945,0.061289877144216916,0.0328672064359813,0.18917269653409177
0600121,8009449704.418261,1200000.0,126091.36670421215,0.1435892719923299,0.37040805085967904,0.031910916486985276,0.026808368376962734,0.19459788724783625
0600122,3090981411.41398,800000.0,61327.77943719331,0.09336205649343841,0.13723233488167638,0.23873854539818423,0.1995143351178326,0.18105985988334528
0600123,3486666369.07592,750000.0,59714.43883395708,0.1581691569048979,0.17195463992096838,0.09607837085048779,0.07503007880508333,0.19628307058870714
0600300,5167912773.13182,498655.737704918,63192.09563507196,0.12816843820082505,0.09626850725441026,0.25571832746851036,0.15383929508025793,0.21973254407419832
0600700,5198168621.40098,450000.0,53533.626032697706,0.1715089732786312,0.1095047903739425,0.1352429994987441,0.09208981859917117,0.1603765803161298
0601100,2594469161.71568,396206.18556701037,50075.643429304204,0.09925409612581855,0.11806801254963965,0.27617115933711023,0.2004953820020794,0.27235810883603667
0601301,3772014225.677,650000.0,57001.45413118445,0.14289109834676264,0.1246191180797132,0.2121685420150243,0.20331379669963376,0.2035443009577676
0601305,10592597597.9174,1400000.0,145883.45404100537,0.2529163610346534,0.30359422477561737,0.023281014407069048,0.021389410872055176,0.21318097724854296
0601308,3753462607.17072,671205.8823529411,66218.48891503131,0.10436469850117329,0.1773841009300661,0.161101284237703,0.1229009616957717,0.21398312188316648
0601309,5444480214.47114,750000.0,86764.62493181099,0.149987025980059,0.22236404123782813,0.14711176691654146,0.09803916960632192,0.21126920325402118
0601310,6035664120.620581,800000.0,81039.5569244687,0.1515042618316838,0.1645064747902689,0.10217436119500177,0.10105657891315634,0.20925099176826673
0601311,4333382368.697161,800000.0,73314.19914218553,0.20863434751812984,0.1897989616853676,0.10559916980678968,0.08235164624641489,0.23629691439953796
0601312,7489968244.32932,1300000.0,173419.03784045659,0.3474232071489657,0.1487242820627935,0.024468699081648868,0.011069793702339563,0.21099229530510624
0601313,9054208737.35384,900000.0,97495.46385572899,0.28298887023241237,0.22226040716173467,0.08256619619198921,0.051602186833935054,0.1774773717375146
0601314,2932014290.6855803,600000.0,59706.64652056897,0.18179078722613176,0.15428299041155993,0.1865619656456029,0.14937307198550276,0.19528859035810292
0601500,2683747894.19258,400000.0,54711.18778041262,0.1843165387762403,0.13202311646765097,0.14934678751440084,0.13331184521369457,0.22043525875934175
0601700,7290186198.77202,700000.0,81074.13477282051,0.2585910171634772,0.13493955032900298,0.1170482285943304,0.06517003065240329,0.20338772311754613
0601901,2710735239.12,350000.0,45217.355404093476,0.08979017165380393,0.07441692617833341,0.3039077492440312,0.2848256683365678,0.19970186246633873
0601902,7043988689.76606,500000.0,69663.8318112829,0.19906614461761288,0.1436805087603303,0.09397879908914866,0.08075552518745625,0.17117898256736774
0601903,2117274270.1030998,350000.0,41468.02205537036,0.09075260223298487,0.11710057460478512,0.2141211724363533,0.23255662497448826,0.17447481219908825
0601904,3064429064.23162,370000.0,42474.795407038684,0.0773181490691186,0.12921023812462848,0.23939355769279172,0.22938047146298404,0.18366099898794735
0601905,2039686839.9008403,350000.0,40092.91268429533,0.1166276736128595,0.11712266561636189,0.2582671137199717,0.20458174955136066,0.15885239590375147
0601906,4194587859.3143196,500000.0,69426.12895683934,0.17270834629832327,0.1332447723046057,0.1120228455526336,0.1063352865636511,0.18675708055671902
0601907,2905598548.7200403,400000.0,49616.61427776234,0.0975395280792822,0.09729928017066884,0.2493728378697006,0.19518690982024045,0.20985256567959218
0602300,3170242370.2180605,500000.0,50357.27694731253,0.12868272840891323,0.11965367325139505,0.17892940122590142,0.16078547463988976,0.16573757354749477
0602500,3269019462.53232,350000.0,48988.75262299296,0.09384144186194701,0.059726776291675145,0.26398221472197436,0.24294050518840193,0.1975306703744092
0602903,2745357285.37114,350000.0,40295.86504287597,0.10717000242160646,0.12254716071052946,0.2919717189610159,0.26929579150243593,0.22781686921382552
0602904,1685913135.55392,300000.0,37503.072820080975,0.06594565251256043,0.10723372349382704,0.3798362233501438,0.35482209449732827,0.2414408928718982
0602905,4149085247.8144283,344588.6075949368,54956.22728833119,0.13032582944465565,0.14541153546088437,0.18014033521170228,0.15078991194353072,0.24939447170353934
0602906,3086297766.11234,350000.0,43005.61229167895,0.04357430947954257,0.1037540597206084,0.3705868193341939,0.30757038695362476,0.2703091919909174
0602907,3816617353.14814,459437.5,74266.25971761865,0.12236828963714885,0.09048887658589311,0.16357363480953818,0.12605986509497627,0.22846831836575646
0602908,4885060298.982719,406728.81355932204,57703.469240741804,0.1315597023707022,0.13324776124541396,0.16334237151493608,0.13665323282015876,0.2013549387672317
0603100,2856839213.38938,375000.0,44517.081892812974,0.06505893725607699,0.11308579106582245,0.33241496606614396,0.2308856640210916,0.249823411292879
0603300,3127724717.79182,450000.0,47816.49443964807,0.1118761323680182,0.09080535838675552,0.23396921662791542,0.19352191901883592,0.23370432723314002
0603703,3620850485.52542,450000.0,53908.17641885777,0.1244092517164052,0.13505305368681644,0.18231025555061284,0.16466902200160294,0.1727845204726302
0603704,4339392101.061399,500000.0,54069.37924966856,0.16731369158027765,0.11298382289309118,0.23469798644945955,0.18566975728054863,0.18637809262951333
0603705,7223613926.506801,861171.8749999999,76593.54610285969,0.26437147688942203,0.17134770970061403,0.06900675065945479,0.0689815041025796,0.17747910024590835
0603706,3895708939.42688,800000.0,58825.35204872601,0.12943433962183568,0.1253461229104653,0.1653776459567899,0.15109749681884527,0.21800148153104607
0603707,3316872374.99472,611482.7586206897,48867.36464080619,0.09334850208262623,0.0898993126223238,0.26727006995791663,0.24347072723022256,0.1933403554607436
0603708,3120597175.6972,779564.5161290322,50109.145990384735,0.18426718230465902,0.14865021719091992,0.2044881898047193,0.15034623981257006,0.1728919307981684
0603709,5944526429.60802,1000000.0,112173.5749256146,0.33441024449116336,0.18960822108356287,0.03249947730747648,0.031084609740783763,0.19268811389938256
0603710,4690138611.782,650000.0,53654.31866499645,0.1405987241402772,0.18167982472634145,0.13449511330553401,0.12917182152919268,0.19799421739524545
0603711,5223978045.81674,800000.0,67717.23070902131,0.17956422108556977,0.13762237992555315,0.11739008704235908,0.0708404637848247,0.22915444270213817
0603712,3505662670.74826,600000.0,47131.158101507914,0.13251330451422058,0.12023120554158619,0.24975903572026092,0.2143556439053522,0.16678732463166507
0603713,2952144663.4004,750000.0,57934.035822367885,0.14292147630299723,0.19997262769752383,0.136879574094433,0.10554367519195665,0.2677135852888275
0603714,3046300800.57484,800000.0,64458.33264017859,0.26257409274752574,0.19886453910900875,0.07058534615098572,0.07379400068416758,0.20214416463331508
0603715,3092790943.717,700000.0,50904.273478232964,0.1378383603671106,0.13673576925492192,0.21024449153582986,0.18685876743380722,0.1709069955760213
0603716,2168143987.3034,680000.0,47651.51620447033,0.10548870063019239,0.15134778805383883,0.20543870148365284,0.2121655686964433,0.23692429213213373
0603717,6800319371.30132,937612.1212121211,73944.64602078313,0.2217190540827309,0.23603835746728444,0.07444523127214875,0.06553357820186022,0.1828434051289068
0603718,5741974108.9604,996428.5714285714,84959.29731390692,0.25959763693766946,0.20226266545536067,0.0488623995698332,0.0400636248151161,0.18931082225545032
0603719,6915398678.77774,998369.5652173916,80526.78457302583,0.30179820237951577,0.23696894012034572,0.05505808099504906,0.06414379940139625,0.1762688489146437
0603720,4756031405.88576,950000.0,80956.48202297543,0.20446032664077776,0.17766396493608358,0.06176170535270339,0.0874261223035556,0.17637339143158484
0603721,4585554834.30838,800000.0,63288.314599522186,0.1953357121238957,0.13436432899050244,0.06543950657510766,0.07625991046967011,0.19456641934270227
0603722,4899389247.2510605,800000.0,57211.12658373204,0.23354479322842953,0.15148004387978145,0.13396281379736374,0.14199001140269105,0.20573438536263097
0603723,2753738905.97202,700000.0,44844.78562309905,0.1504405636863778,0.09822727032430881,0.15794643816072784,0.14323795978452425,0.16530486095293784
0603724,6262118592.190281,850000.0,80493.06004332147,0.2733948225089408,0.15094977341519455,0.07422871968973975,0.060379329772442446,0.1950960204798174
0603725,6874150703.48316,875000.0,76608.42633519252,0.23768232943312026,0.16478999972120337,0.07013499738990427,0.0860097934288543,0.20340065365362486
0603728,7225182261.241381,1860891.0891089109,124632.27525773444,0.36587520665761164,0.20022621553045267,0.024616385479477396,0.013982791712501663,0.20188668271746849
0603730,8566951998.3053,1300000.0,92487.71427975666,0.3525706191985693,0.15296771577068885,0.03975119027786853,0.028742773804371773,0.2611661484067961
0603731,8325429509.4787,1500000.0,121795.15345366464,0.2538693135850047,0.16262245149492296,0.028922202868435214,0.02376320585021538,0.29973229450808847
0603732,7439116419.66992,1102061.8556701033,73498.88770002095,0.22014852238452623,0.13406790399468613,0.07156094399853752,0.06498238058165104,0.1938150545501981
0603733,2812908478.4296002,619491.2280701754,46578.272895457936,0.18414355454464662,0.1415316434903923,0.12648487316609455,0.1133307783542871,0.1739028824773912
0603734,6243656232.4848995,905608.8560885609,65677.75976947247,0.19541712367408928,0.20667537098418892,0.0808127194583723,0.0991886751897175,0.2004670609667694
0603735,6334810184.80956,1000000.0,70799.77853936361,0.19630451487866707,0.1864744413856486,0.07301982564699463,0.08397211067513488,0.2279569572256429
0603736,4499053381.01046,900000.0,75837.3936959201,0.26925930439690055,0.21641874170732278,0.07143531024184413,0.05969806440969089,0.1547774931538162
0603737,3196821877.35994,800000.0,54833.99446586518,0.2395493717905937,0.26894138217598207,0.11321029526392067,0.11037714021054006,0.18232615835760982
0603738,2101808018.92022,650000.0,40418.607698317726,0.11903963749885045,0.1549476151987037,0.23191714700157035,0.18910035805764353,0.16714651043986475
0603739,5403224847.671061,780690.0,65667.95308359234,0.20233712671521173,0.15822396011118695,0.13933492496685246,0.12733952969065243,0.1898502679827307
0603740,2894723594.8983603,650000.0,50683.25795598908,0.11010412326037333,0.13143356065578304,0.20423220882685975,0.17166030592221967,0.18820267918848702
0603741,2211341005.74412,600000.0,41777.015902367566,0.09843447483883334,0.13180242709664,0.34213519173023715,0.3021722380027714,0.1844096038926285
0603742,1999283005.1199,552337.6623376623,37974.5290442163,0.05367224270191037,0.1049308798094939,0.2818338507075481,0.23263418016055573,0.2037939109938891
0603743,2129743750.0767798,600000.0,44889.633042677255,0.09877876679784402,0.1463197044252228,0.2618250827880007,0.2400751133377276,0.17868307529235888
0603744,5318342327.78606,600000.0,59684.89936577441,0.23790704763204512,0.1338164129252322,0.13569988665464705,0.1175875458130789,0.17462443593952104
0603745,1472642469.2446,600000.0,31404.313420864524,0.0898262500937208,0.0845411231696057,0.32663802692471744,0.2795083276350848,0.1469508284019859
0603746,2048074863.07476,800000.0,38699.876480003775,0.09338000484273261,0.12302638510719448,0.18152133227096273,0.19598974509905295,0.14710466824508966
0603747,5075635944.07232,800000.0,62909.92853425614,0.2235099418892514,0.19498181833608255,0.09976802012018866,0.09903266713725874,0.20851251569399012
0603748,12856635898.63344,1074765.1933701658,123237.5666062789,0.33287555940428354,0.1294121701755161,0.04582467095161513,0.03060914913085695,0.19586620680114794
0603750,3376364166.1162,700000.0,43899.62640085554,0.11255834910733403,0.10535636418460838,0.22603274020956868,0.19879938735267916,0.18315751916545994
0603751,2350028047.73458,600000.0,37173.98876464527,0.07982023517865089,0.11454130669090702,0.30608380647695177,0.2469807974688282,0.2152094817027141
0603752,2986087149.92864,600000.0,39342.90504392205,0.09826801443240277,0.12306626364946582,0.31392824976934847,0.2798950280821554,0.2067780959351959
0603753,3192329748.5146,800000.0,59984.775146368775,0.1546358989691764,0.18090033877268144,0.1850716273144732,0.10755426640019287,0.25457676217475605
0603754,3927980119.90254,700000.0,62257.9743850653,0.15496013863002503,0.16736504652003975,0.12598521255888598,0.10097844816028277,0.18326835936633032
0603757,2784795310.36032,598471.1538461539,43155.71774489486,0.053948730781423634,0.0949483017689326,0.3066283711220469,0.2615793504115919,0.16657164499813842
0603758,3907100248.5300198,650000.0,54447.52920929807,0.20932265455249072,0.1437384599857894,0.14632661759413448,0.14439229686994948,0.1863352923815838
0603759,3032381137.8076,812333.3333333331,53930.09066315003,0.1549094682960677,0.15496981805841065,0.1329706654430402,0.1455603991516471,0.18700253052100974
0603760,10571987562.37394,1200000.0,140581.20212725646,0.41742216435491775,0.16090787039052235,0.03645377111168876,0.026373125551823088,0.20078496169989332
0603761,5052389343.22424,900000.0,78697.65332124985,0.2695496136756371,0.205378605236866,0.07559337126094658,0.05652339657492726,0.26510407883367926
0603762,3321811144.48068,662397.1518987342,62130.57410419302,0.15816253456345636,0.1850401467703231,0.1366313123023601,0.14235471823631554,0.2563070333744411
0603763,3970862311.18486,675000.0,53404.82436970251,0.1432456283723104,0.11909977562457547,0.1849600003237101,0.16951575172314337,0.2067727627423584
0603764,5870047397.64078,800000.0,75049.18939399587,0.16992627646978,0.14955398939981826,0.08187833180503261,0.08342902874060734,0.21470450887538917
0603766,2594676501.09134,600000.0,54153.91440926972,0.2051544038769021,0.1802666938173864,0.1050988884245498,0.13774415279402819,0.17210752899938478
0603767,4639438817.64676,700000.0,55229.44201572277,0.13125368051510838,0.18456230430605386,0.21455273756531917,0.1919999856195414,0.16188816669813563
0603768,5620490678.77662,1300000.0,115353.63842822058,0.3122709453472888,0.1924363233586614,0.05101889851027304,0.0431872749344074,0.17888424835257327
0603770,7103611315.63248,1500000.0,107125.685265378,0.3114256463704546,0.19314430320553652,0.02627955447886421,0.024851290054194362,0.1800999990619462
0603771,3488100270.1670203,750000.0,74164.40445158658,0.19000232392564384,0.17173243183720666,0.09577780599363422,0.09006849394445784,0.18298236680022914
0603772,3297897381.24858,632725.6097560975,72997.86137608084,0.2369670669765739,0.21589846454544123,0.10972183601392216,0.08527669387760795,0.13938954277896937
0603773,5732284120.51976,785427.3504273505,84823.45285546931,0.21600943396555278,0.16518693536717827,0.09128123533959717,0.07183623798206681,0.16934957114745713
0603774,8803085590.253761,1500000.0,139470.28724379354,0.4317155232823821,0.1398050525426418,0.008726088198125273,0.007852533180303581,0.21043745302711742
0603775,8805748234.82882,1500000.0,134090.8822114941,0.37565052616280076,0.15789689416472727,0.019631874729809443,0.013163666624481159,0.184574156928028
0603776,5645702278.22754,1000000.0,82168.30805611405,0.2782596440188844,0.1467786056781158,0.0279769841805098,0.018241240405445513,0.18323439451196774
0603778,2909797046.1862,652187.5,51216.19752501496,0.13286216637318732,0.11824546302992663,0.11283207553060066,0.1425742256492251,0.2125571753863901
0603779,5983948295.2369,989623.4567901235,92878.07001981903,0.27834105848367147,0.14366151587263448,0.05627319454371536,0.04201577487730389,0.2035658716842197
0603780,4136707375.61112,700000.0,64267.5186914276,0.2304328875518728,0.12088115536314605,0.11990769448803518,0.11062247186875199,0.2568494891072236
0603781,2628293261.81376,660000.0,48743.40724047699,0.10070049828851804,0.11194956980830609,0.29879789586275174,0.2549156463935247,0.16356103689889598
0603782,3171220087.98006,600000.0,47247.02157300447,0.10189672580196894,0.10257134204172753,0.20680421270064928,0.19967936632059505,0.24680624876601792
0603900,3291743020.0608597,440715.1898734178,50793.01649607079,0.11176530231159966,0.1325166220346493,0.22792992665026696,0.2107487501946473,0.25005108750722044
0604103,5147586173.78754,1000000.0,106476.08178276017,0.3251571220276346,0.18371983153396218,0.08430317085506862,0.041920135444070826,0.17834827472110074
0604104,8971431257.06416,1400000.0,123281.36174715769,0.4069794319954704,0.1728383693609046,0.030071130593680107,0.028178470671326023,0.2113427892811619
0604701,2472439055.78512,450000.0,51855.93355114663,0.058102041435024544,0.09012282944318835,0.35451830011674873,0.32005565579768674,0.2135201653714215
0604702,3618262102.64148,400000.0,47784.12993279909,0.15032895839638294,0.09059609660640455,0.23150305802531257,0.1892411809473181,0.23239333876822732
0605301,6556528393.753639,950000.0,76203.25887672756,0.23292217404463555,0.11839750508286573,0.10789795350246167,0.06379093312833986,0.15552798303322896
0605302,3715244517.02998,600000.0,46563.3673442452,0.10306983394264435,0.1189261784209598,0.2888205112511417,0.2514467826281867,0.2590184626290196
0605303,4378213215.70878,628128.2722513089,59401.04219071419,0.12962076678545845,0.09203293611162536,0.3140734874282798,0.20124177858329903,0.21256753404398473
0605500,5222963064.67184,800000.0,78089.87298414927,0.19293375607329002,0.13588785580297666,0.1731803741268293,0.16347945609268968,0.18110654140335797
0605700,3000254096.78678,644409.4488188977,68201.54342449091,0.1747833243041705,0.22092915547722908,0.11524290876459459,0.07367028197795608,0.2225835231483926
0605906,7863779445.340296,800000.0,81168.6324120094,0.24536113909881466,0.18796043247326577,0.06382952872278569,0.046376638673977746,0.21365098933775545
0605907,6796130385.938101,850000.0,67672.34295496331,0.2015229935564503,0.13909595075726522,0.08537258336321808,0.0671470235487263,0.2201749245402763
0605908,6702583737.01442,833854.1666666667,73704.98292258923,0.24593104497780538,0.19893582694499523,0.09069614647043273,0.07088455435897793,0.14928402993611825
0605909,3497414698.762,750000.0,52138.74235993381,0.16461715473060604,0.1513352294838679,0.21318269654294075,0.19607239147880792,0.1546550476189921
0605912,4462997831.28024,800000.0,55801.4232468147,0.1519073740468393,0.1495150349486737,0.1634940132859685,0.12963045860550687,0.19014300918200788
0605913,3664388451.1757,798636.3636363635,48005.927411514174,0.13442703256991057,0.13229687203496632,0.17428838113489006,0.1441921950509568,0.17917213925968664
0605914,8125933744.5758,998586.2068965518,81494.0402817695,0.2581223193443224,0.18027929475427867,0.09254358528309377,0.06218861585577208,0.18902277549765864
0605916,3487787176.1892204,700000.0,46242.405284647066,0.17980914376311602,0.16909128034162038,0.19037052734562207,0.17236975395544724,0.20155425824561887
0605917,3989332878.01014,700000.0,48967.49534191091,0.16897812541505508,0.1548937739770708,0.18313232168121493,0.15548696945061585,0.16585085070630154
0605918,7559682232.677799,950000.0,78783.61974548276,0.26585757589885456,0.181100346487507,0.06805448678860192,0.04470547779703271,0.17859158214145301
0605919,6754542044.55922,800000.0,60117.85896986534,0.26981262338787143,0.2117063457045245,0.12093596817930623,0.08314708082795709,0.18811405058992667
0605920,6108215784.39436,900000.0,79828.21836185893,0.24292937419051708,0.2502477059143384,0.08653298983444606,0.06316163241578296,0.20406106942772123
0605921,7170643482.27232,950000.0,95252.96868055685,0.235474741892582,0.25629922976967,0.059550119488730055,0.033705423819931773,0.16828399796226165
0605922,6285482029.801161,900000.0,87315.33950769817,0.31872413524261956,0.21589416739991987,0.07261428432059944,0.07593655513966988,0.16178190306727655
0605923,6962623537.566601,1000000.0,95829.98702882901,0.2626283312443286,0.26032518393791765,0.0333404950914136,0.042736982333270904,0.21542604912251476
0605924,4897326772.53224,900000.0,80577.29396380665,0.25240686163901727,0.17619921853632434,0.03360146248540263,0.030156108788639703,0.18093448767573878
0605925,9744678750.5694,927075.8928571428,112569.3546030705,0.4077621283667684,0.15324883180780896,0.03689819527647231,0.014800160613119524,0.18835734521231798
0605926,5214160556.45502,990000.0,87743.55164417367,0.31472431425051695,0.2044691821350931,0.03850278681864979,0.044301757250192704,0.20743478733377405
0605927,6417779477.215761,1000000.0,105916.18631221034,0.321027924486838,0.18852123335632093,0.05508503011919784,0.05921017854136915,0.1816650013331712
0605928,9207616161.35356,1000000.0,105048.61509114054,0.2739424091064416,0.19177954056579777,0.045671981065246774,0.01878335380400736,0.21641794863979924
0606101,6846821218.51012,700000.0,81509.77641083476,0.2476715853765787,0.18935145159969738,0.0886412344638531,0.06029392123850879,0.1974009998422602
0606102,5672378476.45654,650000.0,81095.37902206728,0.22316885086130392,0.18257991381991925,0.08325735432461112,0.054794911333491195,0.2336887945586922
0606103,4630721775.62388,750000.0,85654.17708273459,0.23895161924927413,0.1409050164149178,0.10788248016433988,0.07873296245306814,0.13750185416575048
0606501,3718991092.75228,500000.0,44073.275020173496,0.10616716769923701,0.0986245257427486,0.23982892934952513,0.2706739871176807,0.1947611913312658
0606502,4006394939.9377003,600000.0,61952.32553368229,0.18692503412128544,0.120617244317285,0.10660361020625224,0.11700424141043103,0.20726325297777867
0606507,3976017983.12532,460000.0,55054.25066637109,0.10018896024234715,0.1292965803269599,0.23605188886214803,0.22093075654298744,0.1794177149795138
0606509,3734989481.35526,530000.0,53770.25541094785,0.14604019854239528,0.13561279019859768,0.25521572888302657,0.19304336989649998,0.19445691442971894
0606511,4438946157.84828,560000.0,53992.58225908337,0.1628491788724479,0.11701259568558912,0.2510719044610886,0.24069226309388317,0.18284665032689534
0606514,5357035635.6569605,650000.0,62745.65322811718,0.18771700344806042,0.14697661578882554,0.19576179575811467,0.16542849182953775,0.24301202612920658
0606515,4141275631.86552,500000.0,63108.03742442351,0.16428745565441114,0.07985428554240671,0.1396068409403024,0.08474592294044064,0.18109427665179703
0606516,2879647309.35048,550000.0,57564.164104957126,0.13246148628327556,0.15125899199324022,0.2736853868423783,0.21698630417116493,0.1626830990045326
0606517,3717689382.3650603,550000.0,62086.69788014262,0.16529555588182734,0.16636424700617095,0.12612148568622888,0.10601563217315552,0.15419252148928198
0606518,2480927511.67722,554049.2957746478,48963.41967824942,0.088547745979763,0.09150743444508054,0.25062703730027297,0.1988939250275842,0.20859113540223784
0606519,2575107026.3994,500000.0,47863.553212754414,0.15814062373617188,0.12311769662012748,0.2668431725400538,0.2564726943054229,0.19489408598427677
0606520,4483345106.44956,640108.4337349398,56461.748081979225,0.1685542852637195,0.12355170401010304,0.11442427515678277,0.08496978390806505,0.19786216641900176
0606521,4106070584.4412603,750000.0,73206.34321241705,0.17811142562648322,0.12559779047183048,0.09762769812656508,0.10401249241156821,0.20645934891953568
0606522,4037713574.5507803,650000.0,58957.63414690487,0.1337025048195653,0.1296270220179823,0.16568573770469325,0.1630636079350902,0.2380006610470171
0606523,4955989838.25224,700000.0,70510.76071325054,0.19353686059252614,0.1810464434848046,0.0973147416589988,0.06794893219752815,0.23071527760400634
0606524,6827303773.899792,650000.0,71525.29280273843,0.1330361169346339,0.15583097856508174,0.17157116719476337,0.10616915575264091,0.22938024200301502
0606525,2660036760.16298,400000.0,50380.43826896305,0.12935090014204104,0.11904705007099138,0.25106287977790265,0.22267452508968655,0.14001529432171467
0606701,3058358252.5439997,489440.8602150538,55292.852410760766,0.17483815630867044,0.14091005157663428,0.18492356844171362,0.13827834981438814,0.22346576847584917
0606703,4423631784.26186,600000.0,76687.32723566084,0.237540548083601,0.16829791639614675,0.07976680004696166,0.06999730374504211,0.20728367179512083
0606704,2897617058.34862,421569.76744186046,49296.80767533677,0.12097219180748855,0.2036263544963338,0.14319800724811246,0.15445212702076624,0.24228384564415242
0606705,4448694126.27758,500000.0,71899.24889739761,0.24522787336787327,0.20188951239651026,0.08118675911149037,0.08049461256776373,0.24240870883981117
0606706,3033960626.0691,450000.0,51197.4455968461,0.1209371373811109,0.16853071016079643,0.23050230109442177,0.20062357070517134,0.16099585686903875
0606707,6616181299.304661,750000.0,85823.00527045519,0.22196064590532577,0.16972714342380824,0.056295390662759556,0.049958215161180354,0.17711823064627283
0606709,3833048058.1638403,500000.0,53138.61974635521,0.17619199283953582,0.19954501926511103,0.1588421046494417,0.14232178463640904,0.20166515390852924
0606712,5149824260.48186,700000.0,86384.70620618737,0.20672937428419846,0.22165511242463123,0.06266210060377975,0.03688320320173944,0.19878499913645858
0606713,3211737915.0685797,499604.3956043956,61130.54902203277,0.2569126778650558,0.17053658490503099,0.11031812252464394,0.10483043335358537,0.22691418228471433
0606714,3515193512.4291,400000.0,52471.05686309167,0.1288835316143176,0.16496948596890548,0.15055804516459734,0.11876603232500432,0.17558117919081384
0606715,3918943357.03486,625000.0,72836.04417869827,0.20247514295811797,0.20130339572794761,0.10843587842931404,0.10706685850878646,0.22461815045538813
0606716,2610116244.80622,550000.0,55438.84464659247,0.1493483994040046,0.17098783015722505,0.13714089863946852,0.11604305000748609,0.24115182841687202
0606717,3735312056.85046,649620.4819277108,72877.0277407172,0.23205623747180854,0.1525295866359284,0.10338604627149103,0.08540884648304285,0.21744343895311571
0607101,3286993942.09398,336338.9121338912,48582.487541665134,0.09324940715167174,0.13000860425771416,0.18285459679134858,0.14744430481850374,0.23962132097512714
0607102,4125024759.62984,406109.9476439791,51593.12045363951,0.12206725729515001,0.07983764170733189,0.32808844849095287,0.29313635833243035,0.168957955152095
0607103,4104129707.6343,450000.0,52949.68013977939,0.09436297273358704,0.10990302625932297,0.2813287402319308,0.2542571201014736,0.19771108302142945
0607104,2894537583.83926,500000.0,58615.23599366692,0.1694677910761031,0.10322675035944279,0.19646288238169216,0.13635922863336308,0.20619532245297797
0607105,4837970077.74094,570566.037735849,65615.60893154859,0.11837037540703553,0.10204239230531162,0.11613140478081416,0.08250353983875412,0.1643985218684581
0607107,2072073664.30324,480333.3333333333,44119.52867674311,0.10517282779214329,0.09201226302719814,0.3054648778251982,0.248923839093935,0.16556821607785904
0607108,3295161881.91724,400000.0,42762.65468312081,0.07035686865718081,0.1274316235753926,0.31821294310399384,0.2960632313665135,0.1729728579770926
0607110,2382880445.22686,500000.0,45206.51183295441,0.07895752301634573,0.0986696924409969,0.3539460622761138,0.3149194324091477,0.18186110150597296
0607111,6284898620.820841,750000.0,70884.44713548724,0.19467435175996575,0.111299274290353,0.14366779776429736,0.11417961726037783,0.2067619424120291
0607112,4352285618.961639,675000.0,64722.81387406706,0.14361177626989488,0.14496477433384203,0.16861048801821937,0.11445315591536101,0.18482057560017176
0607115,3650151606.1634803,600000.0,56549.41448477846,0.13732015869878664,0.16838884966685183,0.21044094679447053,0.17908665181643496,0.2899810965751634
0607116,2931709199.92408,480000.0,49174.075377381036,0.1188479808947023,0.10718709909441826,0.23139400616130942,0.19442868841550898,0.16360112310560018
0607117,2639488721.5091,530000.0,49032.87550870502,0.1220015415857839,0.12201536954576059,0.31341479173402403,0.232589940788714,0.18735415292360252
0607118,4956296855.90276,600000.0,51678.15546209098,0.12341859159753309,0.15105632420994938,0.20683808268685208,0.17496376186455237,0.14449747234127555
0607119,5601291248.33796,750000.0,66349.50128922852,0.1876159586819959,0.1408024904402997,0.18060346473721933,0.14314811902375507,0.21173705363464457
0607301,6627162201.436899,725598.5915492957,56667.59757701628,0.14124881560083738,0.12245700039623622,0.14874905072497888,0.12614988819998027,0.17535892689580268
0607302,3710433554.3205004,750000.0,73070.23679711102,0.15524123174432816,0.1311713559358243,0.1965571383028204,0.15424381451913874,0.1741400350428666
0607306,4082975300.4547396,700000.0,57995.16065530439,0.14172591977741122,0.12643825102059852,0.17628499741122516,0.13130396569207042,0.17150768644689296
0607307,3716698482.23532,710685.4838709679,70055.00965498021,0.14065373944635776,0.13367113415264242,0.15209946374159708,0.10684348369840607,0.2050695446958086
0607308,6874826603.13644,950000.0,103527.19036135952,0.21821991113915024,0.2392018404972189,0.026763548955177678,0.029533297020868945,0.178732994948826
0607310,10173424199.5426,1200000.0,98105.32598716092,0.2713329154482625,0.14895405252129676,0.04345272507361634,0.039555129878301204,0.17175223725163838
0607311,8648408968.29584,1103000.0,136451.1283869904,0.23867389812456322,0.197281662319711,0.024641190723360594,0.025249560027112053,0.1660972567954145
0607312,5038094987.20164,850000.0,69531.24551052527,0.14097937909318994,0.23022294900329915,0.02394792107220966,0.03850615316888935,0.23123543392132428
0607313,5350426793.7352,700437.5,62181.005435873834,0.1429973351353671,0.15727463151461005,0.14576537438173548,0.0908957750047237,0.1997759868890154
0607314,6518289077.24814,800000.0,79813.50423352973,0.2108808705805841,0.20406465176082023,0.058738978199819485,0.042851469260722204,0.22321917839211694
0607315,7655653907.11628,900000.0,78840.54979883505,0.23705453708776641,0.21194516120596035,0.057829406168932194,0.052133417482705696,0.19795359637289597
0607316,10082951326.02266,800000.0,76977.9083560916,0.2166818314171033,0.17265306720831908,0.04637080037333003,0.04160645641307911,0.22100492508843758
0607317,4666329073.87504,750000.0,51267.63723920324,0.1374653591515174,0.17405021226065148,0.12624553110747364,0.10899108901855804,0.18425183519088092
0607322,3862648499.0915203,650000.0,58261.03710601246,0.1396795498733307,0.15154082482484021,0.12571497863182982,0.12084155585330172,0.16463185119846258
0607323,3793685263.40788,750000.0,62751.17876485179,0.15964297097186073,0.16348921612786835,0.13718852182473304,0.11051637399244171,0.1992657915437946
0607324,6535125499.451941,1000000.0,104011.16486212125,0.2954048953424964,0.12939395960804664,0.030328205964540642,0.033006702107739115,0.22334144896198313
0607325,4548024918.81764,800000.0,66894.52431043185,0.22486166743120384,0.15855600305654663,0.11240544005547437,0.08813179546326749,0.18757611905419427
0607326,10150143291.91382,1100000.0,113758.96096288956,0.3194272241105745,0.2263793878532517,0.02878187251150783,0.024260168103850524,0.14909636589059982
0607327,3277424358.72914,650000.0,48395.26828400136,0.10649992394422385,0.152321837621778,0.17796334287345278,0.1357845380471948,0.1965515867187823
0607328,3858147592.1962,750000.0,59964.06012023748,0.17701614457829415,0.16621489935525222,0.13196439518483527,0.10024749979910345,0.2162127655312724
0607329,7179247102.9177,800000.0,80354.21235567407,0.18529673460220636,0.15231127206068748,0.06375167878651115,0.053603759541685135,0.17376441465438733
0607330,4154655082.6301003,600000.0,50604.81221230329,0.09424441180761696,0.14116581120451033,0.23522313881077692,0.16094976120869364,0.17602201330688189
0607507,3653692738.8136,900000.0,77622.53534764393,0.22160847261127828,0.2376887173786797,0.08441601819236479,0.0798733961331849,0.17036135827960092
0607508,7138747433.444759,1500000.0,132018.1128350919,0.28715368355316984,0.2596492595182585,0.029787531072799016,0.0203169605802979,0.2192965976076809
0607509,6056600147.04454,900000.0,100817.31414139892,0.25044365974512217,0.25102764292717955,0.03628048290529556,0.0379418161128559,0.22315961750404462
0607510,11345124693.05568,1000000.0,157571.17629243998,0.22286467056204712,0.2767404509569802,0.021438120579941548,0.013865463147926988,0.22395954627233378
0607511,11406375499.36328,1400000.0,153938.4252987743,0.3014650697477695,0.2537944708434048,0.01718888659067418,0.03504165365288139,0.16899669778211351
0607512,5700117797.4704,1300000.0,110611.02201444512,0.3211750871866621,0.21843667908139675,0.02382040270200312,0.012186583391772567,0.19178026843461507
0607513,5154712553.6316395,1250000.0,96073.22014447459,0.20663085677171103,0.21937355272041975,0.033787203490277466,0.06482312132633386,0.23457896398370726
0607514,8696782395.673141,1161224.4897959195,144628.19124048995,0.37455979374333515,0.27606752978380894,0.02451735443879602,0.011555822891578893,0.19426402195556292
0607705,5308900836.662741,500000.0,57831.16379806907,0.12420644169083578,0.17658154982892812,0.18984494132076535,0.18864500248837898,0.21245310324040845
0607706,3625794668.65196,400000.0,43505.533514740164,0.08701845523748436,0.11064913339071114,0.31438665622016754,0.29706995247264295,0.19515734030335477
0607707,5110869884.6367,750000.0,76793.98200887562,0.14330451311375197,0.24012608034431265,0.11352894633603161,0.12220354787133395,0.19561425942434588
0607708,4470895863.90818,509181.81818181823,58397.28139900967,0.13971735333776247,0.1315503017486696,0.1864720282496479,0.16668751395043122,0.23578143169388063
0607709,4378697282.855181,606000.0,65903.54273498563,0.12571267552751844,0.24164243564614887,0.12156087583195561,0.16136308162677077,0.1907627607104225
0607901,5958922370.40414,800000.0,64968.62593113978,0.1931508771323262,0.1705929887355583,0.06695651501302242,0.06965385705082948,0.1720898656241517
0607902,3195442581.65292,750000.0,60763.72141273522,0.14088852914087494,0.12502530973787776,0.13763217065609268,0.11144994834104707,0.249886147257723
0608101,6334204591.11756,1000000.0,82951.86735355631,0.1658649898979717,0.2088026300435696,0.0754667948352867,0.07974359425774116,0.17615383796002987
0608102,6263535243.036819,1000000.0,98146.84325796514,0.2027925540410555,0.17305684751061728,0.07767292412047504,0.06556697490856696,0.1794724501035097
0608103,7739156162.75216,1700000.0,139193.4561646072,0.34324294230345914,0.15624698491441003,0.031798313157129256,0.022835095696913055,0.1819225645872896
0608104,8327154299.44556,1300000.0,130060.98085818916,0.2685890664429644,0.2452508867811873,0.03650910541993224,0.03554133422929434,0.20764263350212273
0608105,10919171265.491741,1676415.0943396227,153328.99802695736,0.25344605194289627,0.2553853653029058,0.03327848205866891,0.02466854996701707,0.1460579156523906
0608106,7662532258.62134,1600000.0,137845.0791289728,0.30568026616081473,0.1862795014719137,0.041456510186974986,0.0450217586045856,0.2308791647698778
0608301,3039407727.22986,560000.0,49253.08259973845,0.10321169592745323,0.06686778632428927,0.25820801560563655,0.23614983337007836,0.23019147793463782
0608302,2654546767.87996,600000.0,56515.79237555802,0.1836430085022501,0.132585394256469,0.19555339595059423,0.14256835245590743,0.21517155702662277
0608303,7494995609.92948,1250000.0,69364.70967616962,0.27994662581417334,0.14929297113028306,0.08142222384535085,0.06453043980960393,0.168705611816402
0608505,4357942679.65932,1000000.0,80395.94656789507,0.14750623950649405,0.215173694861885,0.09712711723020855,0.0807969752360593,0.16317314801125146
0608506,5947457656.005,1000000.0,89353.49012191824,0.18826689705623334,0.11905622559664085,0.11568801241429495,0.09489007426377975,0.2663605091026592
0608507,12455207781.97872,2000000.0,189987.61069554774,0.18588146993828736,0.32499887547935535,0.010877130162807867,0.012382267239631626,0.15273877371346212
0608508,9289437955.66522,1500000.0,126768.07756199212,0.16913109374640206,0.30043299354195924,0.03782342108847629,0.03635133459946107,0.1850676784537918
0608510,8807926944.794819,1000000.0,106875.4558721903,0.24487120230721252,0.2925336590067531,0.07348764752892467,0.06266005895458034,0.1546997428088252
0608511,6187032518.81548,1182549.019607843,106483.87378991584,0.17367131722513027,0.22563894317217423,0.07146644869254597,0.04213120583581889,0.2162043728586218
0608512,7564255433.5945,1222336.0655737708,129524.921808125,0.1764437228119322,0.297597444228544,0.029860975745112397,0.015046655626529366,0.18895896191125675
0608515,7250718566.98012,2213333.333333333,146683.63106107747,0.22842953288118445,0.29748849378449665,0.007014572969032388,0.009304127223889392,0.14405000050942726
0608516,14682236019.43222,1450000.0,150474.37323267933,0.11011839523871943,0.4716933353541621,0.024440610308883788,0.025427601331531872,0.14207289351942634
0608517,10151361799.437061,1200000.0,126061.5917572623,0.10977401134590593,0.44456664766570175,0.027006291230286257,0.0324937559861468,0.14171781567668473
0608518,6585437805.380919,1000000.0,117343.55776591507,0.11541857788554953,0.41648032607990815,0.03267920834942148,0.03906929573006843,0.14639902764172164
0608519,9627786566.77092,900000.0,89800.55186190965,0.14499031962718567,0.3036899224449612,0.06597069402761228,0.05452531302549082,0.14326944458611202
0608520,4992557920.07142,1000000.0,94722.86261922363,0.12852902572055097,0.25161485846694587,0.059896572676325054,0.05204801902047894,0.19037468999073795
0608521,4021216427.54702,800000.0,68721.12155083346,0.09485525080137953,0.20259670822835213,0.10458626848476993,0.09490107973822003,0.11672520686272156
0608522,11816158464.0762,1575454.5454545438,173110.23563649977,0.14007353563229316,0.39870497583599596,0.01475241571231148,0.010350695424730152,0.1911609872139265
0608701,5024739729.5992,825869.5652173914,76329.02521037825,0.2190080706181728,0.1467924282065918,0.12575719110900166,0.07773339730894988,0.1698010268508487
0608702,4825902960.74114,900000.0,70548.97976377663,0.24428724279973274,0.2003015632637065,0.11699671176440089,0.08167613980110501,0.19067342066488305
0608900,4807694348.87078,400000.0,59792.73124979206,0.17435606246455462,0.113485091605137,0.20869087430394945,0.1385188800770869,0.22216829168226906
0609501,5014445799.08572,623941.3680781759,65114.21632366862,0.16213215522066948,0.18371725888124446,0.14619332099250162,0.12378921906728317,0.19453038630966063
0609502,5168694672.07156,600000.0,66106.82942268612,0.10453047740234554,0.13961008306806974,0.18023490032953188,0.1484489524718393,0.17628521326627614
0609503,4779338086.929581,604772.7272727275,70100.88425781895,0.15112121522744282,0.12063683536216323,0.16983315608790903,0.1072110552320568,0.25668420681716786
0609702,4908375756.037484,750000.0,70848.37985042558,0.1733880751428723,0.15589356749296854,0.1571130611112306,0.10661935699810418,0.1806498691158535
0609704,4538181431.74692,775000.0,77602.281664619,0.17738456928504143,0.11367894618241652,0.11271128750059303,0.10477864028667538,0.172425614521583
0609705,3037758514.13234,675125.7396449704,55356.777354988335,0.1518435362637601,0.1462662489326639,0.20340997618195822,0.15582685265652352,0.19864890507228478
0609706,5836080932.04918,800000.0,86498.90220911783,0.2876198405520766,0.14568764339710072,0.10315213771206609,0.08144246156475245,0.19103657620164835
0609901,2923882064.57786,476602.9411764706,52296.227232657126,0.07198387275048568,0.07565955075651758,0.3958956441069464,0.31060753599872704,0.21303252006210094
0609902,3136477606.06758,440000.0,56276.848654613605,0.11459048071668455,0.07659610696848178,0.2568284976873906,0.19876972342188853,0.1700997169184777
0609903,5246245297.674021,480000.0,59703.26494985912,0.09992204549962935,0.09156234992217617,0.2927653525075478,0.2269248453448836,0.20340600490062066
0609904,3249987263.6312,500000.0,61922.211367651704,0.15296468840082614,0.10719036238642682,0.141436184636249,0.12361057973973269,0.17785471805291753
0610100,4292766402.8059597,450000.0,52613.87918624782,0.12385898791023353,0.13581036505190722,0.2322357466109537,0.1894843395389916,0.19231581122488509
0610701,4024288041.5726,397687.265917603,59136.354228043674,0.1650792602041469,0.11019618059245717,0.16059438610573445,0.14723980825414543,0.23456811923311488
0610702,3179496300.61492,350000.0,44044.66532685377,0.07799134192049274,0.08893811454088188,0.28299034061445,0.21878952280198027,0.25520540459385627
0610703,2915395882.2109003,350000.0,42221.51893136713,0.10396388102172466,0.06989407597273245,0.3225981358712655,0.30561376869501455,0.21906456940716748
0611102,7231346644.29104,900137.6146788992,98569.39662079033,0.25529384898430535,0.165387894369881,0.07355482588516228,0.04070774487834557,0.2398859921372044
0611103,4617148320.779079,650000.0,52552.395009891865,0.08591233328650517,0.13487418882968055,0.21864834115176435,0.20213029093909732,0.2568195691246837
0611104,4990292163.658581,756171.0037174722,74445.3055011499,0.17349495178443317,0.12787860321487585,0.13805702617297405,0.11107270016471972,0.2185624640422599
0611107,2795875676.66864,700000.0,53288.27027786304,0.1438719495839204,0.15300456417226435,0.21240964794550984,0.1809172837747566,0.27884504390554776
0611108,5244520691.2204,761358.552631579,79599.92549586255,0.20600859879219718,0.20161101287377206,0.07879389931544725,0.06857072752105328,0.1939445865722593
0611109,5139010742.814859,800000.0,79332.65526590601,0.21599896871575586,0.1270358037169644,0.08455574175436487,0.07484437796524697,0.248840070569226
0611301,3024830883.15982,510000.0,62541.732309724386,0.16367242542962424,0.13306053708197815,0.09886372865777157,0.09009332764874486,0.16173322748313523
0611302,4449811548.59112,661089.1089108911,66982.95322421603,0.23569580642161514,0.1313283005227549,0.09591893168024572,0.04703137419314792,0.16615043878567984
0800100,4337103487.055,475000.0,69224.19496360909,0.2840049152899956,0.10934255821921228,0.1443186381990434,0.1273447972501644,0.22323740838925524
0800200,5205023972.57996,675000.0,77410.7879739431,0.16772627429868933,0.1788094514199286,0.1076052319597258,0.07705074141416725,0.18612150661024024
0800301,3527107997.38912,559380.1652892563,58520.81427866005,0.15936575770338895,0.15583920637113394,0.10550159119716548,0.09237475221875242,0.13209687093462663
0800302,5809030713.4467,555203.2520325204,69869.6276620043,0.22004021835962842,0.18548859553871705,0.05859944012102242,0.05059129054895752,0.19580253021828617
0800303,4100804233.62672,500000.0,62088.24239381541,0.1595737941820428,0.1365185103286156,0.15391501270129967,0.11569049609523617,0.21413517983246705
0800401,5693601089.3903,750000.0,97396.43999778132,0.3184246909964926,0.16290754960580575,0.036639700042304726,0.04033869314044172,0.2757033638312754
0800501,5079247239.9512005,600000.0,71563.89207398662,0.20536107486290064,0.19247488623262857,0.0957658361234397,0.08968852802415989,0.19975395866454176
0800502,5036914923.663144,814939.9999999999,62853.01509475086,0.2453103754129309,0.19580587021815624,0.037739202343349466,0.030114831759803687,0.21431221161832992
0800601,8091359788.98872,650000.0,87567.88118081752,0.23435800445761681,0.262187344012555,0.04365661426885444,0.037019974472132275,0.24771087877152784
0800701,5545281437.43224,596607.142857143,77940.08879282959,0.25120018664487515,0.19599969603910317,0.08118363720512266,0.05897949666378795,0.266923090222738
0800702,4811330276.30454,550000.0,63865.8030968944,0.25395473519013534,0.1867562650224358,0.1298052286613527,0.10242412002729612,0.1445806581113513
0800703,6505059495.62956,571388.8888888889,76016.77490393765,0.27199468033694946,0.23656793715398083,0.08508372733412405,0.06279639001836153,0.1837809438240501
0800801,7531121057.81378,650000.0,93810.67585717214,0.3131865226013104,0.21064372110177096,0.03955557955044706,0.022536915004719184,0.2594274160818556
0800901,7769280065.00176,700000.0,96548.77674912091,0.347677840860019,0.17108750863809916,0.06647282814381117,0.03431674400831882,0.20004324311658703
0800902,7741011807.854321,700000.0,94931.65333449002,0.23074005419892188,0.21028751649170904,0.045887116831780046,0.04340876072733201,0.2063127246594242
0801001,4031611280.14732,500000.0,67638.8101694039,0.15849067999642347,0.1859183078868681,0.1608585062023396,0.11065798090472102,0.23394000772915685
0801002,3265024940.03242,365000.0,47506.473926673556,0.12376210734340903,0.15311079310372316,0.2476572974594096,0.18106427991904708,0.16520480715833188
0801003,4589439738.23292,550000.0,69273.51644855051,0.2185465881326049,0.16408559617208363,0.13370579783852415,0.1135127008375201,0.23798272834080936
0801101,7211948540.379721,475000.0,69520.12782444134,0.21931098372775176,0.1481309719714322,0.13925727108758892,0.13258640497200141,0.26615575275179865
0801201,4558370742.797319,521910.51454138703,67849.05249460168,0.17413185765177527,0.17693664607298962,0.20622335638313777,0.18354813212184606,0.17487711434760853
0801202,6331678245.90392,500000.0,61030.57704300812,0.14992754710227343,0.19505270528614613,0.13704163067122582,0.1274065671670015,0.23631296609210314
0801301,3512442343.1061,400000.0,47403.94006567291,0.1358549409751794,0.11667674518477372,0.2869065457018092,0.22739602019209948,0.17604855591866472
0801401,4890637949.42338,570000.0,69854.2814006653,0.15285501046630107,0.168951620948392,0.1132264285858021,0.0735822015427106,0.23371452447134927
0801501,5062529204.17756,600000.0,78609.48128410366,0.26637951593471965,0.21165274983453095,0.08770334826226661,0.07400835525071256,0.2394493545468273
0801601,3662373628.7282,464797.00499168056,60472.13032260951,0.13185190191834392,0.23317547263214447,0.1356475348568181,0.09861076588584251,0.25851478619350454
0801602,6633816656.59398,650000.0,96111.62609883776,0.3833713702897798,0.19503020848162497,0.0394650126769133,0.03021248511874073,0.17425756217831995
0801603,5056940196.30638,525000.0,73724.92705135264,0.245992986298514,0.21385557233991043,0.08830862102620445,0.06527829790600118,0.18468854519030484
0801701,11015336342.49482,600000.0,98997.35184548095,0.2742582946333325,0.22771976488191192,0.033671161602941715,0.040648741690949466,0.1971415681745554
0801702,8245812157.767361,508623.188405797,81005.68956379476,0.3363400353319625,0.16343242126654092,0.08481396040811083,0.06463610701761476,0.19322875466493894
0801703,3741474247.9364204,450000.0,59517.907957565185,0.19742486809780982,0.1364867501436075,0.19227983775527116,0.10120372102025342,0.1664725082115771
0801704,8889969668.65708,800000.0,103258.87598040607,0.33384708232437305,0.19358626813332772,0.022030509344237753,0.02710565859352372,0.16915380861812998
0801705,7533062689.06406,550000.0,71885.85664043114,0.2349547175706437,0.19623694558023996,0.09140681008293204,0.07819187306319668,0.20598033292384366
0801800,3257734356.61924,378969.69696969696,59004.09977213721,0.1645992057789115,0.11320950914943054,0.18057347324948114,0.1374968932365388,0.16883633385756938
0801900,2220697938.0445204,250000.0,46973.05055513411,0.13991369894007216,0.11883908033597193,0.16437678221272878,0.13459731186914248,0.24639573401723505
0802001,3644520380.05192,450000.0,55038.212873416895,0.11719344928226613,0.1385150950649831,0.16172763194492085,0.13183225278923402,0.22296679427322166
0802002,7271948398.10132,631513.8408304498,84462.27392477462,0.18848944401769974,0.23641900487343995,0.03687227553016034,0.023689317944263523,0.2691124130234007
0802003,4673950878.296061,500000.0,76085.80300009866,0.20319281449423968,0.11574070603218559,0.07830975191845299,0.04737067634346143,0.21913039972285395
0802004,3238725728.9742804,400000.0,52683.623082135506,0.20913769092689324,0.21018726325874873,0.1087082533486416,0.0663818582376252,0.22666120476889248
0802005,4760479175.50292,450000.0,58946.002668436355,0.20271008408733412,0.23673748409663825,0.10896205451981646,0.0734098361171133,0.2548066645111314
0802006,3456956472.69576,360000.0,49651.0803977847,0.09939826977388759,0.16515559043292788,0.1976154733838278,0.1478454992411588,0.20642730170632484
0802101,3212175013.02072,400000.0,59170.24357619172,0.20914262687238785,0.16397050587212278,0.12595784876968974,0.08976132974772012,0.23565239585546743
0802200,3803334083.7116804,500000.0,62188.66025232481,0.12443388079848647,0.1043570645195754,0.13668674057003755,0.1265083520113283,0.23182327182029355
0802301,3753819418.0803604,328785.21126760566,50671.82432851015,0.1473337118604996,0.13009822156925752,0.21251331310397156,0.14367324346075255,0.19698047533454113
0802401,2418158194.4797,400000.0,53870.927519152116,0.14535254896449276,0.0960777622951129,0.21237209137799903,0.1627763124629208,0.20440772292966275
0802501,3745408945.12008,395000.0,51687.90462753001,0.18807772934312136,0.13321897795205995,0.1745387183397463,0.11878030584465239,0.18205676232800758
0920100,4249901104.9369,300000.0,71327.41058585334,0.2580033335655889,0.1521876168837117,0.10595394734829851,0.06886137376338435,0.28401100572501464
0920201,2677290073.47216,266517.2413793103,47415.87690337489,0.18003787397938534,0.1288351010324645,0.1959179814777192,0.16116218582788794,0.17938964197858864
0920202,5720464634.24698,300000.0,68140.5180908742,0.26798167342821017,0.20909159001593763,0.09692638667927847,0.0872791756118466,0.20001065737510185
0920203,4372526884.64932,350000.0,64165.985041226224,0.24011512319476652,0.20403538994874612,0.10371201738220753,0.06277931969195781,0.17754084369180959
0920204,4762509300.9156,253997.63033175358,59977.44853492349,0.22649464900199176,0.18611136835382064,0.1021181914152064,0.08215299603269662,0.2018612369887815
0920205,5166335854.05568,350000.0,83825.54280334372,0.2711319081016724,0.18296123358599842,0.07108589897849911,0.045178011505382955,0.22531726221697052
0920206,5020935061.74126,300000.0,57390.64160093796,0.13558428681479753,0.15347532302127795,0.11788468936595492,0.1126662775716559,0.2260969700213383
0920207,8339111818.26036,400000.0,98966.4595934153,0.31144050054266265,0.14287656920623398,0.032231773026153245,0.021548538879869187,0.2472490872025271
0920301,4002850779.31912,319117.6470588236,65327.06823969579,0.1402119500807041,0.14533509803034822,0.1597994955370343,0.12402666785634395,0.22713395160622274
0920401,4240176473.27462,350000.0,63910.05446107708,0.15906983087614435,0.162639005223247,0.09826342699996744,0.08385939615130036,0.19540184828371854
0920402,4899765082.36658,300000.0,57997.05363643076,0.10132998733400388,0.11768600407521713,0.1742326189819828,0.15369943673153774,0.17080158916185922
0920500,7114104194.88848,375000.0,73602.3029598626,0.2364776346134711,0.15099104124791898,0.0901805924289048,0.07635363581162939,0.2507787791041184
0920601,3584639306.3725,300000.0,50262.757037108444,0.09991508139011118,0.13040850593943212,0.10796900893803388,0.10988506515368435,0.1616833153738378
0920602,5190498461.24122,375000.0,68977.6403838087,0.21318519557915255,0.15511763254419014,0.09314505022666097,0.062053786297206134,0.2113231491590003
0920603,5247833757.69392,300000.0,56573.708322397564,0.16910737578897223,0.09869876318757613,0.11158122024410987,0.08302473934132047,0.17273343128579918
0920604,5669701558.62948,360000.0,81526.82558710285,0.1995471138186475,0.1723514512225245,0.08915715455753048,0.0737192931043153,0.1917536123037492
0920701,1899573094.61636,246953.21637426902,39593.4113140955,0.16102821467471717,0.14677155950174553,0.1237560601290564,0.1297111364468775,0.22897251643029987
0920702,6816016308.82206,325000.0,69895.67263986853,0.17790026004781612,0.14817696894095952,0.11549464460636624,0.08343025948240078,0.2176312870131845
0920703,6411802960.74796,350000.0,70199.40397372325,0.1592555135031915,0.13898684737159847,0.10584028735568564,0.11255023216356246,0.20716848060000995
0920801,3231412756.94582,300000.0,44007.909202835704,0.15469920931886127,0.15349157712631267,0.1685465558072103,0.13806408493719402,0.1953633795445169
0920802,9760096829.52678,450000.0,101851.21969305915,0.34857012206729826,0.15294614469128964,0.03924617540991877,0.04367946993395044,0.21673016179534782
0920901,13409034373.2655,600000.0,120815.17257059772,0.40763863292711183,0.2030222788138122,0.038212130860718965,0.028054006183582458,0.19424201142805356
0920902,8475617244.65852,900000.0,167287.42217820033,0.5235820170718661,0.19869192098728963,0.01120453487458377,0.005546195023686904,0.22034307791088115
0920903,6379210988.9336,550000.0,100467.92643410663,0.40838283614869103,0.17213366377047254,0.04121826565506891,0.03839866204794526,0.16605008031535193
0920904,7995541235.95866,425000.0,74401.35147218779,0.2189944864921779,0.17234763763328617,0.11500321772910613,0.07250666746733259,0.20606871746420433
1000101,6105822496.4749,400000.0,91044.71096974383,0.30059269930922805,0.154425233733926,0.061929788115509206,0.041037994671686416,0.15847657475340068
1000102,3559076533.94648,262636.36363636365,53813.69783852427,0.1581157920440669,0.14904337122505296,0.15925410997282122,0.1420161815654737,0.19822728223291677
1000103,3346377949.7725,280000.0,56487.53312355463,0.2433383767776618,0.18571055250278862,0.09693579719489034,0.09671208305421748,0.22435716268744876
1000104,2966994350.8776,311934.1085271318,50857.81982683283,0.19243931983622256,0.23247920447343495,0.09608104369153223,0.056491129180014574,0.20421844845215084
1000105,5052534910.00428,450000.0,83163.8231228278,0.2649311561430193,0.17921791901092138,0.05791803098016241,0.0419284469134723,0.2088840210914893
1000200,4916917463.39376,319506.57894736837,48324.46302034202,0.17578367436357828,0.08919849884620226,0.14111948049151804,0.11534761506912461,0.20689056777452253
1000301,4033817710.80774,425000.0,67069.32879103054,0.22234721528454027,0.15138987270039933,0.11368391895701031,0.08856701111276565,0.16061879785040206
1000302,2742727693.56964,300000.0,44798.97577004786,0.06815591340601075,0.11100508591122722,0.21588171388125663,0.1912707525129599,0.168553271989304
1100101,8146850909.91676,1200000.0,134756.69759687642,0.5039685630207844,0.23143833776345182,0.00583641249380441,0.009647179472172645,0.19304620261063904
1100102,6499382268.86584,700000.0,103837.26784358767,0.3549362729079782,0.24257177761048285,0.026982037717255544,0.03175680017412136,0.24381774858652042
1100103,8398273010.27998,800000.0,109174.81976314566,0.4791324505804382,0.17502576976202355,0.009334058833946703,0.015570452139021447,0.2356140534839213
1100104,3948923048.46336,450000.0,69950.6323572416,0.37148874669782295,0.2432804554368854,0.04383412568645957,0.05667192499324198,0.19228300867571219
1100105,9167991401.4475,700000.0,124140.05580685019,0.46059151949386573,0.19068604935153427,0.01068198539862699,0.015276793196979528,0.23771521220309033
1100106,7834406752.4996,600000.0,102131.51980210406,0.44492237815876384,0.24221435412541492,0.007024718136908198,0.012139910792512155,0.23454696047283813
1200101,3668775742.9851,300000.0,42456.294110667375,0.1669383671756051,0.127335133146866,0.040717047023063765,0.06343673681276442,0.14232984996176715
1200102,4896952303.57084,350000.0,74621.36266565342,0.21198989912436314,0.14227507060090386,0.12729645439248505,0.11703842530190757,0.11976467671456378
1200398,3748804959.57808,346762.82051282056,60832.53484102361,0.21142449559979354,0.1399225195628732,0.15692248107535814,0.11017780035344549,0.22911904362463015
1200500,5372591349.54434,325000.0,55068.48311375679,0.20428149935834647,0.14040382887218406,0.12779701288411446,0.09096450803083113,0.18891465549389325
1200798,3503011159.30976,200000.0,42918.013247935705,0.14037155250344394,0.11972910291037206,0.2578836372020869,0.2189635523970861,0.2188732047052442
1200901,2477496242.28678,300000.0,52608.588161441825,0.11855693429851033,0.14823464419103213,0.17921370957213548,0.14559286843464236,0.21767913064393418
1200902,4275519746.94932,400000.0,73170.8609486124,0.23485984132829751,0.2229488953266479,0.06609185972372719,0.05280406406254779,0.24792033238188776
1200903,4046638343.36616,350000.0,58796.90723245031,0.16977224940524818,0.2043369606626791,0.10354892198418646,0.09720772422207201,0.16209365805346637
1200904,4004365650.52978,300000.0,52120.496824503505,0.18174927921198028,0.17872118242819737,0.13529399973655354,0.11302675042493203,0.160778194040967
1200905,3272765640.6426,400000.0,64782.86665695283,0.19627139338216593,0.24703132511909948,0.07580508049146094,0.07505395374682873,0.17801267725751638
1201101,4934814847.00426,600000.0,87645.90165892761,0.32940823320948326,0.1553944833891633,0.0396341698292761,0.0640818685117989,0.16193929077811864
1201102,2522434679.03294,320000.0,51475.10721859764,0.21736484548579268,0.16201189038959585,0.14856786063083072,0.13781848773551542,0.2176297855671177
1201103,2651778338.11722,350000.0,55645.33287414164,0.17991818483837016,0.1681668271099994,0.10451709640270412,0.11646295536399703,0.24459727650830834
1201104,2887334811.51142,350000.0,52869.97018075551,0.2525673717588106,0.13616922606925214,0.13823170451315756,0.12040627237142462,0.15565260054691876
1201105,2876394883.8076,300000.0,47950.30396265191,0.14016199887698283,0.2144004727985918,0.15896796409577588,0.10998202903157457,0.2064235561109126
1201106,6708978306.83812,400000.0,62923.02064150101,0.242454594914708,0.16176431824203638,0.0861248099460492,0.07141748961871565,0.2067352430720367
1201107,2044726633.42542,263651.68539325846,41688.27747156704,0.12698625105617112,0.16967825429239933,0.23131325057120958,0.16301008412177914,0.18561737068909917
1201108,5545573682.26694,450000.0,73841.54248634426,0.24507048270643114,0.1490903973172386,0.09328858443848147,0.06843908121144514,0.1568070284598451
1201109,3403809325.60152,400000.0,53256.916833844756,0.2056175389730789,0.13397663251257777,0.10871875578864967,0.10020259592449589,0.23734422440831424
1201110,3899231210.994,390000.0,62278.0899376138,0.25835930348485053,0.12827602381749853,0.08966716109965453,0.07869682263399697,0.1674271417302226
1201111,4087083417.6502,450000.0,63281.25936968073,0.23467542684242063,0.17011082186415624,0.08837172279484716,0.06774163960542291,0.1852025083871542
1201112,3748831089.82442,550000.0,66770.52435344947,0.22644746185269168,0.1937819550449322,0.051456690211704036,0.05787624440477576,0.18188063335420496
1201113,3230686849.93464,394688.7417218543,50298.72100162914,0.14652543809220533,0.1447524850659113,0.15907767538775766,0.11039991864776859,0.178108345272412
1201114,2340907042.09456,320000.0,49150.839693756905,0.1688467245684136,0.15777836106840182,0.13709234254001468,0.12437176295624958,0.2081528425917722
1201115,3434751462.4123797,525000.0,62258.722514679976,0.2607413852190437,0.13888219277805428,0.13673793340074633,0.10130161323075237,0.2111488480775342
1201116,4717514566.38548,400000.0,78015.4222227171,0.32120008293739816,0.1607144194730289,0.096050206906298,0.09427595498847655,0.12719022100112595
1201117,5059497392.1347,650000.0,95860.12489834597,0.3318424491142224,0.15940747948975875,0.03002982295711696,0.03093011050889652,0.16270205879368582
1201398,3836835159.72664,210000.0,49424.64459263996,0.1494768741860312,0.12595972598557825,0.1748992105897274,0.11296717387257801,0.19563964055007255
1201500,4562436896.6319,350000.0,58364.080446091946,0.19118062610578032,0.15511056135705634,0.12650171073017372,0.11291078358935656,0.14175972089780814
1201700,3460167832.0536,280000.0,58635.98027577231,0.15879299284498077,0.1553777761513424,0.17076516889647422,0.11144999601051904,0.2634403374594113
1201901,3471693809.28936,300000.0,59033.37600179156,0.13103735485138315,0.10996421469874526,0.16805267562326442,0.13648890942044065,0.2039469269175938
1201902,3291058403.52868,350000.0,57157.26920454818,0.24535487372968565,0.19843757162792292,0.1315477985638936,0.12132504282162929,0.18660220618540851
1202101,4483216045.66594,582000.0000000001,88445.54135346801,0.30470799752042793,0.10055549273669591,0.05939094073492262,0.03404666720060486,0.22876875519983417
1202102,3367811694.68888,400000.0,61089.65689000127,0.22371104256278823,0.12361507779000071,0.13053150771930286,0.09495391018457226,0.2033032861834788
1202103,4138658885.99082,500000.0,62956.87252412334,0.18618283365160362,0.147123375163843,0.19531276752929114,0.14910898791654337,0.16281476218888716
1202799,2733276211.16992,220000.0,41597.9455943799,0.132324203771631,0.123048982229221,0.24279855497759778,0.19179200559634577,0.236976203475139
1203101,4608375969.9047,338832.82674772036,50915.09286058822,0.16186565333488312,0.16453267447343276,0.17773428022044346,0.12069371610574171,0.22310939280101363
1203102,2030573134.0097,200000.0,39368.21446731616,0.10227900132407045,0.19269451412880303,0.20897351891725213,0.1907089833321463,0.17423649048602544
1203103,5235780241.0642395,255000.0,58351.03746909293,0.1639019135162115,0.20478118009480548,0.14948125619267325,0.11218626959740521,0.14779906461645273
1203104,3193775863.43134,300000.0,49266.89697700522,0.17579565724633703,0.1686920166103204,0.1428579669014737,0.11502723588957256,0.19593958326042474
1203105,5623320605.86512,400000.0,73494.9695589654,0.22765994830462755,0.11824119134816913,0.09318280238673778,0.06660597481010562,0.15712313347829643
1203106,6932700133.72688,400000.0,69533.5158794307,0.3020908893625035,0.23348519107596663,0.05313422947817232,0.054847898217367214,0.19401428489293854
1203107,4874690883.35652,375000.0,70030.61262148776,0.23277172294873744,0.2252685776251481,0.09578632863856412,0.08062552154789739,0.1863231974436505
1203301,2934091762.51418,300000.0,56469.365509616815,0.24062231656287125,0.14842167409272883,0.12269939311145185,0.08528965937283653,0.2490078713119147
1203302,3105965919.9515,280564.51612903224,50836.63551322487,0.16033452111547195,0.13421179373046993,0.14479397164799623,0.15008277109739795,0.20952188069325686
1203303,2806195003.3755,300000.0,53555.38385769496,0.14573455917675462,0.1364802497100561,0.11578303832127644,0.12856830800019872,0.11969889978000685
1203500,3154476574.4516,387827.8688524589,58218.935357060334,0.2330927302542508,0.17530009344923875,0.1390312267318215,0.10143185409637262,0.1646243727792716
1204798,1708161526.3282,200000.0,45207.397812047115,0.10029305983389994,0.13081020918495273,0.2528911017207872,0.21894382551322175,0.18061703535847082
1205199,2159617778.65976,236857.14285714275,49223.179529100606,0.20045222492817877,0.16545102876525866,0.3123842772093263,0.2295673912373121,0.2157754599864384
1205300,4392463253.28392,300000.0,48301.735834127874,0.1416632263110475,0.13238547686931168,0.16354566134027168,0.1395366181480819,0.23478081667424275
1205701,3758673516.59642,325000.0,50311.5264308564,0.19261903097563907,0.18385074008097163,0.16719713919719975,0.1453391669945714,0.195510870067815
1205702,3526537169.26092,400000.0,60723.84277677004,0.2482133442534081,0.26071230371420906,0.08321847578771022,0.06359022192832814,0.22975990157500903
1205703,6124293827.93868,425000.0,69828.33165656097,0.2426343583262639,0.19696430739179713,0.1056028139850503,0.08411212597782593,0.1950272595279599
1205704,5311866063.98502,412478.9915966387,77465.19759059981,0.3336264463910244,0.16624564137148215,0.05088506748476298,0.0358976310481645,0.19539142483399918
1205705,5579627479.77042,400000.0,54177.978577591544,0.26128817036283336,0.1920322933824046,0.07402525575718089,0.05982669752094902,0.18241237093084184
1205706,3181709796.53508,300000.0,47611.14215115268,0.16892354451155997,0.19352287087745756,0.19416443754133839,0.1532351311446278,0.22514442027049963
1205707,4639751605.76916,300000.0,55621.84240156757,0.17226238202891522,0.17048802689769582,0.12444120665694232,0.1270386557012866,0.1583945776739419
1205708,3641141595.44812,351391.7525773196,60632.13487166537,0.31949829994634593,0.17339520793206015,0.11990790232475616,0.08300825152507214,0.16886926724235957
1205709,3846931976.63,450000.0,71243.43901753801,0.1740517082595139,0.18972807513877166,0.0596719039245644,0.046261546636418925,0.32990123990104114
1205710,7994283894.9948,600000.0,107870.5153824693,0.3732936783737202,0.13022108522497963,0.024596228968214284,0.02642327450665766,0.21601529890953708
1205711,4428528814.6809,390000.0,60540.38024170745,0.17368900731811637,0.22161264873691844,0.11920745716449384,0.10485171036240355,0.17448391999668583
1205998,3420831279.69096,319525.3164556962,57113.80381819785,0.17135607874836664,0.13161327127062336,0.1539414590535357,0.12141693275878916,0.21435958242727063
1206100,4029028677.93044,339718.3908045977,58538.49038793555,0.25488806057977875,0.17211020793216403,0.09181497654854534,0.06456142244527625,0.23912155087862924
1206901,2269299564.13576,280000.0,47368.85140242052,0.09842225504575922,0.10650818041488878,0.20875889633293865,0.15161879434284167,0.18096935428848987
1206902,2657536096.60776,250000.0,49541.15348895028,0.14180917205551818,0.16630689199538357,0.19010063808415134,0.1551518822950749,0.22269195500392433
1206903,4921204944.39096,400000.0,57841.40929691658,0.1826429691907572,0.12428486204239853,0.11954070847256394,0.11747508446109373,0.22913923291337243
1207101,2958357422.5791597,360292.68292682926,70313.19633453344,0.168669625861629,0.10854001218766121,0.12038691016817804,0.09267966925097385,0.18985881905515115
1207102,2706672205.0105,384454.3918918919,49870.51267661311,0.20329292967910956,0.14909889138002747,0.15908745290114273,0.12966483006273694,0.1823419906493943
1207103,4293890992.33104,300000.0,50041.2669401219,0.15605940239703647,0.15114184830930755,0.22503825355238627,0.16098274988735634,0.21303549868498312
1207104,4034117255.3913198,391005.1282051282,63409.57647581452,0.16181959254158487,0.10867174833515705,0.1107709542376237,0.08541241188015404,0.17578933785706488
1207105,4242657776.18302,440000.0,67842.36174077778,0.33453595617832677,0.16345129215754714,0.07737707990428272,0.06651275517132986,0.2125577651414366
1207106,3431663372.97592,400000.0,58083.06037331032,0.1926524971532396,0.1779921489650978,0.141024252160993,0.13311558745071742,0.2407519844434337
1207301,5019584078.0491,350000.0,66047.15892169869,0.22555975033510037,0.16676892311363564,0.0701548513137776,0.05290026686266866,0.23521296880730347
1207302,3384950403.97968,250000.0,37378.3986570046,0.2101285696995606,0.17376624225904932,0.09585148704345615,0.07186737375808841,0.18193654128212655
1208101,5032324821.17704,400000.0,68483.7759067124,0.20415978715394123,0.18508347032255945,0.10961029640880461,0.10998718172578945,0.17976419082112635
1208102,3095829107.357,326835.9375,48704.12666536089,0.13684804342016457,0.10376522919097803,0.18925393080298225,0.1779380723887858,0.18000530534290185
1208103,5473213402.41212,450000.0,76849.38784628082,0.2276317596283611,0.16685817074114415,0.13572913540715315,0.06892917644557667,0.21236283290849858
1208301,2093080832.69324,250000.0,45816.4966441914,0.11392839756888103,0.1363502737234357,0.19723871997556292,0.1374099762135617,0.17834743517930338
1208302,2568504056.90132,320000.0,46673.76672968545,0.13244742433166026,0.11075742649120118,0.15573025329328008,0.10400074187927312,0.19208919266821128
1208303,3081219098.36642,290000.0,44088.58726753788,0.127315408984314,0.15765387557925375,0.17084397835229806,0.13962406363756705,0.13742969147241182
1208500,4746084774.17898,400000.0,68964.74482597799,0.17153398013312832,0.1105880464259754,0.12709938039911037,0.11103117654200326,0.21178349026895724
1208601,3779578345.76958,500000.0,60790.33592449545,0.22405185516856227,0.11925256753184874,0.10843397806671247,0.10354298264742424,0.23241014068433655
1208602,2491728254.78368,399555.55555555556,46031.44694876651,0.12460727909840034,0.14189645857087857,0.21931358857690603,0.21478819437647828,0.1895443933455104
1208603,2062045817.79258,350000.0,44695.910215510565,0.15723515551612915,0.13733685101748133,0.1505478692347013,0.1697511666485239,0.14857681193629899
1208604,4089776087.0303597,420000.0,81865.92643734331,0.33313779286877765,0.14970499092751308,0.044893914241656875,0.04426925701103206,0.15960169234496152
1208605,2918511457.85264,427110.3896103896,54062.52700527268,0.25490326672336217,0.10310849660624978,0.12175686955762573,0.10161506667094057,0.21957679755635787
1208606,2313975211.961276,381352.2012578616,39742.63554481444,0.09627190427817255,0.07042014912860137,0.2992165080614368,0.295150949235927,0.19677771742544492
1208607,2280084270.22408,360582.8220858896,40655.53323153326,0.10782122228571815,0.161582846216992,0.2592078344594328,0.20962992524580074,0.22985543107303397
1208608,2257898437.07428,300000.0,46707.731264853435,0.20166993000852146,0.15204241082223058,0.21169430173886755,0.1574807770897192,0.1816614001693054
1208609,2077705318.61236,375000.0,38642.76077542656,0.09819242870392021,0.11783418246823925,0.26356187812664844,0.22710177609620574,0.14836095714462125
1208610,3316032251.382,541654.1353383459,66230.57145046737,0.24049977417711463,0.14622360800713533,0.08833278145848071,0.07670393282314886,0.23806831196086517
1208611,4589073190.92638,403654.82233502535,68450.72030855852,0.29729286120110754,0.07991933899514997,0.14512376216820813,0.1022094260029475,0.1861522867094112
1208612,4269616289.1414,472775.80071174377,86310.6713257338,0.34984212646344726,0.12829128255500705,0.03373076379291246,0.05048015614020019,0.15302191398969592
1208613,3472545749.1157,373963.4146341463,51489.364922684676,0.22768729843957963,0.1648771853711649,0.1587560182881357,0.12883439448173958,0.16585423627195262
1208614,7762566967.16932,650000.0,111892.85718442264,0.44464854095709755,0.1499615888332997,0.04258673492453611,0.030306246485681178,0.15347679090217803
1208615,2650195434.47042,447594.3396226415,53513.355836976414,0.26827514841654426,0.1201709190902897,0.13412736054532942,0.13238088958034383,0.15231672092532447
1208616,6212596973.4462,700000.0,109345.90561542875,0.4108304582553978,0.1367910052231492,0.0403098144171429,0.032844623828674153,0.18648585778706525
1208617,3389669181.8716,500000.0,65261.24724435118,0.23611868973316155,0.19977543150122404,0.08281995040748909,0.06361901892825148,0.19286874105992458
1208618,2686451655.92858,450000.0,59252.55642887094,0.18998877849682363,0.12990976532178408,0.13494469993489352,0.12438402632880417,0.25356956980359296
1208619,2809455595.25756,400000.0,54614.04290769332,0.21430694168426717,0.19441196454835843,0.12622104496806988,0.10547988536306895,0.1679333263663657
1208620,3344265579.84276,455876.6233766233,75656.98210172975,0.31996211181771955,0.18757729879805018,0.05383023864990539,0.04301838332150768,0.17538798404807848
1208621,4267981675.54164,450000.0,55938.316542263754,0.2509431549437192,0.13221573710758416,0.09644554607006396,0.07625026014183621,0.2564491013079846
1208622,3382877244.71222,450000.0,48428.517668707434,0.15675315994012973,0.1685328325444751,0.21711769910131698,0.20217656215814073,0.20527891460905645
1208623,3520924987.7456,500000.0,62531.967956267545,0.23382560027464158,0.11653857317486463,0.1068915151825419,0.08348735979229534,0.23332098457712352
1208624,2262497421.6012,400000.0,45868.25247539229,0.08183609340264532,0.17347349479993404,0.28660610024390054,0.21808914035676366,0.16766541242152405
1208625,3591580286.8683,600000.0,61854.478375412036,0.17081884512553477,0.07786276788308213,0.1713006861246759,0.15632225058442853,0.16601955049188763
1209101,3389098659.5988,350000.0,59207.53759715589,0.12276537575800565,0.14080409200772295,0.15220235648904465,0.10488296701243835,0.16328857752530324
1209102,3335102447.71898,350000.0,62317.39690793714,0.16314159097839087,0.13836931793721155,0.07714313578653784,0.08099670373818804,0.1289992723922019
1209501,4218348185.08742,360000.0,57285.71485920692,0.2056777636455867,0.1635262283519881,0.12974963939702794,0.10673484476542072,0.230267230710537
1209502,5166610899.62172,420000.0,65286.09390712073,0.20182553679968168,0.16067898137465347,0.08588696637685825,0.0792438535138569,0.2296396048768116
1209503,8037331105.4606,500000.0,77870.55152848063,0.2818645519645259,0.20946442855173636,0.0422829859121406,0.06649890872178651,0.21248257221824265
1209504,4740378154.71132,350000.0,51702.31174564623,0.15382890713502737,0.11932639564955702,0.14231611202408045,0.1279078371783452,0.19503944095090953
1209505,4942746431.96958,326037.7358490567,67181.52626601579,0.2509949623140682,0.16449398256641215,0.07982395966737471,0.07647179485199339,0.16770283412141293
1209506,2991020974.7523,280000.0,44748.96730628815,0.16022480503985356,0.1376980123304912,0.1832412799568445,0.16346429991534586,0.20203746397306518
1209507,5194691647.0185995,380000.0,74884.9146883853,0.3015252050702119,0.1777374019887218,0.08099253446749455,0.05777301246121211,0.19621628622322546
1209508,2575538200.95196,300428.5714285714,37193.49864906725,0.13933077353069845,0.18074321399606486,0.14586578500126365,0.11257572060248705,0.198801849974762
1209509,5208081792.527,421488.7640449438,60972.42694694265,0.1730864786493321,0.21061198210429474,0.083785645008742,0.08592458288851654,0.16506220322640666
1209510,4896354988.365,400000.0,59577.95907189964,0.21382662683422116,0.23348778036143833,0.10016508705929632,0.09891564339654366,0.24605857118540045
1209701,2907625860.26304,350000.0,48447.511667939216,0.18342163467240338,0.19932332321145677,0.17729016994227917,0.15530333567502008,0.18487466982721448
1209702,3669799542.9607,400000.0,55583.65331718795,0.15198843331153936,0.2204317761225093,0.10523160345617702,0.10253594229924118,0.18033698521755667
1209703,4568703608.70322,340439.7590361446,45568.557836656895,0.20538390010678273,0.186012569082488,0.15702825111000163,0.1554817948007631,0.15399711828344678
1209901,5261672756.197,600000.0,99149.633605883,0.37590428025584094,0.13979307845283656,0.048509443480419225,0.04968684492936028,0.15760382093073524
1209902,4678162965.93716,450000.0,77141.39842255061,0.3799436221391514,0.14812880004849932,0.08949203799216766,0.05304710391330423,0.17691577746603826
1209903,5900803727.29614,350000.0,61761.35864118544,0.22258670382362358,0.12686088676174526,0.12233932348675634,0.11029751870695911,0.20530628202430307
1209904,3075723600.6862,300000.0,45809.916454717684,0.13344435896503523,0.09535630466956345,0.2708736479938335,0.2227536095788147,0.24613883350626808
1209905,3748864580.99072,400000.0,52606.783152180964,0.15931092169975566,0.1087793803665189,0.17738130043002642,0.1547897712211431,0.18656232502491968
1209906,4612372500.85506,390037.5,62515.214161765514,0.2420757847985198,0.13918924056302584,0.11200707171820734,0.06955833659461015,0.2165926009744227
1209907,4300665138.90132,380000.0,79293.93474752145,0.39340234535465907,0.12783295227510957,0.058779516473021626,0.043429775392676916,0.15732697210769866
1209908,5618841802.12004,564750.0,90343.79203974725,0.3441875072639754,0.14029840852841982,0.0495846442207856,0.03760497588725775,0.1790999174604455
1209909,4201651416.45926,500000.0,73432.33626584747,0.28502665053585174,0.1332841384388628,0.09773477961250138,0.050956745248220664,0.19027582208024227
1209910,5965434307.14,650000.0,100197.09268421319,0.2967349941807107,0.15467409416481662,0.0412464046021093,0.026079832787294293,0.19473344920640617
1209911,5008212445.64336,500000.0,63728.25589020271,0.19888637365974285,0.12180819921201115,0.11810517295657888,0.08185140491030829,0.19680660852197185
1210101,4902920796.43198,375000.0,59403.421494038725,0.24358303954691032,0.1913413551309068,0.09420230255881672,0.08319667436880632,0.24938295551007134
1210102,3453287676.00168,300000.0,57178.370328697405,0.210943228129612,0.10646503727192555,0.20078199284763631,0.12998099337455304,0.17296705826477152
1210103,3041647934.52162,250000.0,51214.81620679609,0.1578208164952195,0.19181270564272568,0.11540486358800345,0.13465604055783556,0.16645520280652365
1210104,6352586755.53706,400000.0,68999.6063251443,0.24535108267489245,0.17962130770228774,0.08286045422839391,0.050481245484662186,0.2197980495388851
1210301,4397290303.98744,450000.0,76069.7904021631,0.24774671488100405,0.1730085727433412,0.056819665140333125,0.03347308502250308,0.22157692871376614
1210302,2984066740.5225,350000.0,58168.94231038012,0.2654687256438147,0.1886612078916923,0.09213335946985567,0.07783596428179443,0.21981964945457091
1210303,3370886805.6612,400000.0,60160.03008390206,0.25919600729915926,0.1611793887489462,0.06587598893693578,0.06204956796209383,0.198577472087527
1210304,2778055745.8406,280000.0,52481.50046927495,0.23614122455747183,0.1527179940251866,0.14554688941868343,0.11567755648825595,0.15753896229316044
1210305,3635095598.82862,400000.0,63371.144639807186,0.25082666501723183,0.20890893999787838,0.0789475970002323,0.06672724921765551,0.20417850649555697
1210306,2787245854.41066,250000.0,47620.80735367606,0.15056290553928647,0.17786927586702808,0.13983637875856172,0.11134352876259608,0.19601132800763188
1210307,6192134604.88986,396311.4754098364,71195.23771345298,0.23044868649000916,0.1724955015775208,0.07380545609310586,0.08142938492951715,0.16885065577530306
1210308,4076971725.97922,360000.0,68242.9735525965,0.26392118159459715,0.15945727197062085,0.06854249293595036,0.06151208111326457,0.19603434055516764
1210501,2394133925.69158,265000.0,48225.07655738906,0.13580314942835175,0.15660849540331906,0.12471831695119033,0.13562399428035554,0.1506615971663346
1210502,5482980058.60636,300000.0,48276.293714341715,0.1684698354393042,0.12215246034351555,0.15416913292804427,0.15407613387967103,0.13588173423234556
1210503,5227951800.73498,325899.99999999994,61826.083571647956,0.21454761423168284,0.1464358924145155,0.1979791941174533,0.1538637482092917,0.16916846723207443
1210504,3290780003.7484202,250000.0,45506.188256218215,0.1547413735134176,0.1315307161606937,0.18867649410785928,0.18895057101146656,0.22029071316656168
1210505,3192218519.1008,300000.0,50015.95824612685,0.19958860537951834,0.17548702285863496,0.15589849796187008,0.13154285182844042,0.20957812473651477
1210799,2299492834.39008,250000.0,53853.552410831166,0.139957978436216,0.09162882179229154,0.19822466669660277,0.13171233766846419,0.2403457751184303
1210902,5589974139.75486,519218.74999999994,83260.95712941792,0.28171134354733507,0.3012737229234578,0.03487989658545191,0.03358324242573913,0.16986016290254957
1210903,6926546047.80902,500000.0,95057.37916764818,0.3313305495463989,0.20879941909541413,0.047676224678453935,0.03802830583233028,0.19104356072141793
1211101,1938760644.4233,260441.1764705882,45008.95285950784,0.18903729290916044,0.1693218292894778,0.1808282658111124,0.15987739768479844,0.08797691324353053
1211102,2686821292.37466,350000.0,47272.39812753418,0.13040134452974397,0.13646353538621303,0.17286074912494626,0.13725298394575058,0.1982105551856474
1211103,3446337254.7692,400000.0,53844.8129797547,0.1936307127579393,0.13599695937656808,0.17675954811195518,0.10578647347379691,0.14837191571996752
1211300,5983110506.3204,350000.0,61439.59362428786,0.1388551905287692,0.1426288028912267,0.11846748877980075,0.08693151845327578,0.1951485846342271
1211501,3965604069.616492,400000.0,63152.59530554658,0.2913610339850038,0.10226655375956885,0.12287472537295521,0.08375906628704925,0.17383696270408253
1211502,4862488547.68438,400000.0,79124.03664015979,0.27299389044038985,0.14685180245786966,0.07773720926425828,0.06595856269458464,0.1756988056489905
1211503,4465488330.241,375000.0,58688.47032700295,0.13909344053578088,0.1459071719072114,0.15006643722219604,0.12494105079235739,0.17935922595424952
1211701,4330533672.28228,400000.0,71332.64709157258,0.28070995644473107,0.2090145850468287,0.09580074477606264,0.11019158441178728,0.16871188399561668
1211702,3790134537.09338,360000.0,58903.32639821866,0.1748457302774297,0.18748055301459948,0.11164739919121092,0.08003813701228148,0.20384199870770056
1211703,3263234370.7642,350000.0,49423.475157728775,0.18900215601791562,0.2271525101570348,0.1474901897576324,0.09490914647540637,0.18335537548106906
1211704,4700461170.36092,460653.8461538462,72010.12899825232,0.21165359845846998,0.21743927480045577,0.08736125726805431,0.06050707663255982,0.1817567306323393
1211900,1839310578.47242,400000.0,51600.801752627856,0.247647939827488,0.1611917808087818,0.1612355699996573,0.14519065062639414,0.21140246252339515
1212701,3717044465.8638,330000.0,56013.32829812839,0.16600346675858402,0.13592601585991174,0.14290514610708552,0.13394661119370196,0.20899954005669022
1212702,3529134992.88154,325000.0,51932.64749075195,0.15061119499512482,0.11868182907636911,0.14197439363987466,0.11615477780481141,0.21310396074583488
1212703,3738754408.40156,300000.0,57744.056225022934,0.16914628331609782,0.13404332805819685,0.14555303802207695,0.11812576602149616,0.1560665542965319
1212704,3605594611.88184,340000.0,48537.97065157827,0.14866359641314164,0.12919732223547764,0.1606748970417047,0.12955333689226403,0.22358609443684704
1300100,3883023331.83238,227450.98039215693,47091.49413430491,0.1547072904611463,0.14481949560649066,0.20220451864518788,0.148598111703849,0.23847657714528858
1300200,2065010983.94378,250000.0,40306.267131414905,0.11157604889169577,0.13390944697189483,0.241136941467502,0.21646513207000434,0.22182120187340892
1300300,4583877869.930901,250000.0,50602.49784658667,0.16426134558987943,0.12515767391616137,0.2001895722348582,0.15550220489430386,0.2372718955358545
1300400,3721113188.88374,300000.0,54044.31453798295,0.17625836839291367,0.1814266276789928,0.14153826361387126,0.10004762272771907,0.20352325606948948
1300500,3328432342.9606,200000.0,45793.82170467097,0.1537732290419396,0.14326165462022267,0.24566885951981612,0.22646256942075468,0.17957940972245728
1300601,3785552914.9579997,380000.0,64550.30974436013,0.20165021985784853,0.17503768433815478,0.1171456265026268,0.09354274792281668,0.20695061594400987
1300602,2367581772.21764,300000.0,50573.14476594339,0.13551662810229906,0.09722502684652362,0.22418359753777015,0.17595097332896092,0.15661425920840993
1300701,4914812648.092401,480000.0,75352.82485116522,0.21668188776211894,0.23014742315144587,0.06798772333221965,0.059153486102433865,0.2971790448475994
1300702,7091608377.29078,550000.0,90680.89071263337,0.2247389177797586,0.3524190804152585,0.021805505618131143,0.021161040350557245,0.18961898228022564
1300801,4299316846.73668,400000.0,72160.40360417389,0.22034312535514802,0.18153844414370576,0.12092617505895636,0.08151216627871478,0.21437841471564614
1300802,5701786982.92554,400000.0,62071.75186620153,0.2509337632691573,0.19782134596162443,0.08857433396144032,0.06644589003860854,0.21867192956441642
1300900,3119539721.43242,300000.0,53835.290122397055,0.1527145310551932,0.12195642905175358,0.19304664634338944,0.16523682408725074,0.20019176041305906
1301000,3691263322.87736,220000.0,46967.41809442895,0.13500162122456,0.11608780422735424,0.18312458080802663,0.1476180560434279,0.1937389035550418
1301100,5563559050.28084,350000.0,56585.66379797642,0.15001549244098877,0.16755479085563835,0.15677513564576462,0.12886934493331356,0.19147564530113256
1301200,4379316323.9896,310000.0,55330.02721436279,0.16774643804418282,0.19309184087858736,0.1370563508054472,0.10783081330288519,0.1916967269666802
1301301,5367169094.03724,380000.0,67836.66494820763,0.22705605047507837,0.21631811171961265,0.07957796772140165,0.06635371432441943,0.18843227230098197
1301302,7969126493.12076,464683.54430379753,98442.61405673435,0.3400732343887182,0.23210549979306636,0.03330868132138929,0.02628400803922663,0.23163972985251335
1301303,5357376317.791841,355256.8093385214,62094.34986661537,0.22891119578743208,0.1989995598092543,0.1360665786447566,0.0858816879507991,0.2538609709733375
1301304,5636545110.28406,375000.0,72706.16072601173,0.21753303083913536,0.17321161265498639,0.10335798903584047,0.09594422706527511,0.22679865244258746
1301305,8501839563.6691,400000.0,77080.63213901522,0.2899651927324407,0.17557783924887282,0.07072976040053448,0.05514515877292877,0.2436459802876636
1301401,8475156534.669499,550000.0,110842.86805913471,0.3801156761650808,0.19295954925024558,0.016691841880430436,0.01517076114875723,0.21323609456513415
1301402,8572327692.42534,600000.0,107121.95956744651,0.3513615675813985,0.26449620414312547,0.029037118721162086,0.027768687958310133,0.22999376682292774
1301403,6907367925.29656,530872.7272727271,101123.88260616286,0.34127558969738697,0.18677522470665406,0.030569741374089934,0.01768839029312809,0.22167581966076605
1301404,12122619967.5272,500000.0,113089.41618104576,0.4229409203302484,0.1843012618669543,0.018655594492576633,0.014370448629904156,0.17382728038163847
1301405,7918767309.754141,375000.0,84875.15739455022,0.3426834584400046,0.18084064215258033,0.02427321857255682,0.03841055972664053,0.18864855902886493
1301406,4101762427.61902,300000.0,49947.18135967244,0.25791603337580254,0.19130044316132724,0.0753014173122677,0.09243003834159018,0.16862832553715223
1301407,3066879261.6458397,275000.0,52071.90963284785,0.19665670830625873,0.21389428830301077,0.1282685049269956,0.12613261872380524,0.2129778827223451
1301408,3296875253.2825,325000.0,60548.67315486685,0.18249150466156455,0.1963890781895836,0.10749042426247785,0.10489261142316197,0.2503532924340754
1301501,8252914711.4758,500000.0,92880.70127146249,0.31265350294279076,0.24166393480867954,0.04572157437886864,0.03189451663507256,0.23697534382713523
1301502,3502636404.88332,300000.0,54098.948256750635,0.25619441562010853,0.13771549435336514,0.14307857599644128,0.1230144281225654,0.16313796193885988
1301503,4980461807.9797,330954.54545454547,68604.23719960467,0.23980262569708838,0.1341577207566378,0.08023289281786794,0.05811516604990693,0.22317035519016476
1301504,6617985305.82012,500000.0,100957.79390133207,0.3555881789715722,0.17869555922391825,0.034187157984111365,0.041093035161645586,0.18177338737659587
1301505,2792630754.7782397,266510.3448275862,49843.48459302919,0.11585599608126218,0.16875516726307171,0.18088496867778464,0.17088963316039127,0.16673068367979577
1301506,3411748964.7590404,275000.0,50914.78703993554,0.16339390456934494,0.14845286262512902,0.16534224761235938,0.1519642130740464,0.21248285577652393
1301601,5554097933.43602,400000.0,63900.43412683241,0.20742161176936524,0.24355939992522335,0.11065888944665653,0.08677512811810267,0.192255236460227
1301602,5376837009.913179,430000.0,73279.86766311199,0.2894432787239592,0.2110951832218785,0.09107512619012924,0.06184741605531198,0.1830919462024563
1301603,4179969520.86168,400000.0,58872.81015298141,0.20212303927575878,0.219160431244234,0.12101641290581051,0.08559527002248196,0.23911673916468126
1301604,3810082314.1344,356738.2075471698,55719.249987341325,0.12475489283143948,0.21513278279480397,0.10951752205857483,0.10340576410714844,0.2683616041440023
1301605,3420718724.90376,350000.0,49826.20897708418,0.1876055061383964,0.20562626960694919,0.1602307557143333,0.13318380683213224,0.23046142761924385
1301606,3146547385.35358,320000.0,48785.19311224503,0.11322645318826664,0.1187611553362348,0.20868427615316953,0.19214254195127028,0.20333279611122257
1301607,3919010951.07826,350000.0,51602.59857106707,0.19500705162911874,0.15020494088572017,0.13161043094541233,0.11744640242486748,0.2023665124085699
1301700,4592471601.25168,319283.6538461539,49892.13889765862,0.1601095599354374,0.13931452749030016,0.20554130562371425,0.15638608179740396,0.21202438353155917
1301800,3102622543.20784,300000.0,41728.27650811453,0.12272793327057709,0.10209748285180949,0.10176448084244107,0.07872990312828936,0.20998625642151036
1301900,3644703832.12084,320000.0,59665.125104292965,0.258363553565792,0.13094333375148623,0.12731671564284597,0.09614061135400984,0.18046618880795592
1302000,3482698415.2151,305965.5172413793,51671.31667505081,0.18306587354783133,0.15818720208516074,0.17958050622266478,0.14798459653882162,0.2012205738164433
1302100,5710296461.2788,300000.0,51875.473180399174,0.16437926200227296,0.20887130647894514,0.1677886442160819,0.13537397210336496,0.2087788047534425
1302201,3270765050.6663804,300000.0,52595.63977465355,0.16219251215999697,0.16241522629559396,0.1740996047000207,0.12945173256495324,0.2433568215131294
1302202,3921218656.13618,315224.93573264783,52145.94539856882,0.16977922940910323,0.16494007015343512,0.15810641224916916,0.16026451868221836,0.21429530179652326
1302301,2956462485.2532797,220000.0,40317.23012755052,0.09875183894896884,0.17909115263846817,0.3265345097549024,0.26634696558212534,0.18297198430369965
1302302,3545207724.7370796,250000.0,42676.3256540962,0.21122456274054724,0.14738398698686977,0.18610414200112083,0.1944057732499478,0.1388537238895099
1302400,4839125568.8566,430000.0,82352.67556468747,0.19437102459658714,0.1752452810487899,0.06820242530275622,0.06445739190045044,0.24583463754442048
1302500,5110822946.02798,350000.0,63237.88893735359,0.19592401653514804,0.15593781758868955,0.14441636238771774,0.10446691204475098,0.2061888697767913
1302600,3242176827.98982,282388.1578947368,50045.17755637602,0.10953437929231759,0.13493940105779254,0.23074940149271497,0.16797942889659997,0.14192514291395855
1302700,2393756337.0051003,250000.0,50596.18982911163,0.12584168574571095,0.12795363165618115,0.2009669413192973,0.16824415231045378,0.21219019166014547
1302800,3387333109.3023,250000.0,46904.2774557908,0.09743042169176482,0.1065194503445215,0.24157312259828664,0.1914699385310967,0.1875164908577386
1302900,4252422923.49062,210000.0,49430.684468901054,0.18035400123858156,0.13650091901293937,0.17064942128963684,0.1423658011104444,0.22282330933658132
1303000,3341533526.48226,227424.24242424252,48501.829254405406,0.16183592825139081,0.15256833869815925,0.16363038397011961,0.12702244262913379,0.1722748152256961
1303100,2261693460.29194,130000.0,43849.96433153554,0.1127371000950268,0.12812755247901472,0.21002573288543044,0.19419360980028966,0.289316532530866
1303200,5357766344.59792,330000.0,64733.90455740184,0.15249727800798973,0.15170746913267985,0.14219663350902892,0.10527230743677155,0.2506249700962596
1303301,2339674526.394,200957.23684210525,47994.3081169665,0.2045987965399543,0.1279111396964464,0.10828726344654607,0.08032779884638999,0.12054513454498553
1303302,2190076694.52416,200000.0,42847.74312844403,0.0864792384618066,0.15831824561602129,0.16172880959027652,0.13265238308968047,0.19573231489627688
1303400,4329613924.31376,250000.0,53818.119856228914,0.14833388180286597,0.10954291728410698,0.14177805552583855,0.12566705734877684,0.2319532919653744
1303500,2590837557.03824,160000.0,44064.111383884214,0.11163697997741005,0.12430599171660323,0.19189197997410462,0.18926018757914845,0.21775415355874939
1303600,4650638018.97316,225000.0,53008.38921026238,0.16775064122063257,0.12247951029127116,0.16483410173326246,0.13094350557721068,0.23418807393263294
1303700,3025100668.01298,175000.0,48689.85462760309,0.12765487512514842,0.13287246654290027,0.23553351173731676,0.17767393172586274,0.21618739439724785
1303800,4652815882.73922,200000.0,45606.45242390507,0.15598870154060612,0.15641786701913016,0.1334146652969745,0.1044743603853978,0.18349760394695863
1303900,2213483920.4331403,130034.3347639485,45402.00439835785,0.13942289740203323,0.12308465156525154,0.2831868036353028,0.23247611198083845,0.2373319730817841
1304000,2494651681.86796,200000.0,47406.1091512829,0.17568453600112555,0.14765789411930283,0.155351405158579,0.1310498951809593,0.17571134550775372
1304100,2152761703.623,169285.71428571426,43798.940074932354,0.1241086340190623,0.1286502772728166,0.22741619242939481,0.19787317222408105,0.1619293613194298
1304200,2492596180.6522603,150000.0,44174.603563113815,0.08551710127495285,0.08293406751939474,0.2397286134308585,0.1908353167220796,0.1100704421102039
1304300,2856862070.98294,225000.0,49424.11416332959,0.1410653509650682,0.11752962123812838,0.16576243092347312,0.13387817287972387,0.14015148756195972
1304400,3095723159.04644,128863.63636363635,43387.85086259902,0.1355381687894352,0.11681737375036867,0.22636069890362176,0.2222510086901988,0.1946487228713401
1304500,2972346596.08364,160000.0,44532.205616570885,0.10853187737528655,0.12631073992055916,0.22154761195158068,0.1851803632256255,0.1485154753395314
1304600,3155557467.4351997,275000.0,45352.80501645922,0.13438640576096822,0.12546346757620255,0.1703682352472891,0.15897124607740687,0.15105500340791636
1304701,4758235940.242701,270000.0,51851.83989977443,0.15628573084218883,0.16392526592260898,0.15614182266316629,0.13156036488406883,0.17714067514092371
1304702,4196966517.15048,330000.0,60646.29959468354,0.21116200822657752,0.13858425778385736,0.11449659861109886,0.11448867948983255,0.1996444722653377
1304800,4037704898.4526,280000.0,56690.22939532461,0.1454416399814797,0.12638432471703595,0.1447181282463057,0.1206992000844762,0.1872825806709651
1500100,6380576347.82956,900000.0,55072.860058775565,0.10414539766863558,0.0931684879243137,0.18136850488641035,0.15382216279924332,0.19884357731046948
1500200,4934143820.64702,600000.0,58705.56247720996,0.14363069147284566,0.09424448055108006,0.15364877552958847,0.14029084455159416,0.29424382389648673
1500301,2340978918.11356,750000.0,51193.55576700403,0.12913206723416368,0.06571364407226907,0.1557378245045923,0.12420904441071723,0.1208032574629455
1500302,3818727796.18886,1000000.0,70405.57156637954,0.1216764931597707,0.11920970846175653,0.09377110539676979,0.07723151054611437,0.19173468007013428
1500303,4382312850.51448,1000737.3737373737,74248.80299743281,0.28322884477389254,0.16493868686094432,0.06524624803912668,0.06050336175437412,0.20595953854968116
1500304,4887915632.45978,533750.0,68160.35855170376,0.19460983293568074,0.13751311335424748,0.08470094414732243,0.06086285445968117,0.18345114305636054
1500305,3281574602.40836,800000.0,53204.94507617562,0.19723936273890486,0.17166564812459462,0.1248739332438332,0.14281455668478513,0.17884502293687818
1500306,4151031134.5328403,899936.0465116279,56289.74743074474,0.12127403534954559,0.13657641664328374,0.15617552689933242,0.130358177147712,0.12590375687673977
1500307,4262368087.0914803,900000.0,57622.92939153008,0.12926831101308742,0.11402300150671364,0.18486701148721515,0.17385116426913977,0.1798258179300106
1500308,4362733292.78952,800000.0,61716.41381793069,0.11255783553626714,0.12965387708657475,0.15483353377679632,0.12213686631306694,0.1992265799688281
1600100,3067727847.25796,400000.0,48834.39480504242,0.16202664952058365,0.13381407051812746,0.15787175174866008,0.11177381819787185,0.18920489756886597
1600200,4544329482.11822,450000.0,53230.98842823264,0.12410901591297244,0.1739690073609045,0.23115515382748228,0.18485833930463802,0.20428174186711617
1600300,2396498208.32394,350000.0,49002.13078812292,0.09416771327404028,0.10849830552918698,0.20761765530483736,0.14230723660118047,0.24368983294496965
1600400,4002700263.798708,491605.2631578947,60427.23828198532,0.18164548287105114,0.17696551171517394,0.1530033064815483,0.1305640165712267,0.25986862093606156
1600500,3365159948.76124,380811.9658119658,47290.0498701692,0.09922965124707421,0.13431296105585755,0.3056591454091917,0.23628534892479655,0.17989691923818035
1600600,5227247089.50302,431113.20754716976,54881.539272022135,0.15278776651989728,0.15958511608329395,0.1617405135950024,0.11769399580594372,0.2191404475379618
1600701,5033416317.1478405,450000.0,67405.20552197339,0.18524600642073477,0.14679210938809736,0.10792047343010291,0.08250955476516801,0.2563965989375431
1600702,3685685091.31144,425000.0,60483.53367102811,0.1379443003947183,0.1621635177281335,0.11009409389508591,0.10311903786189329,0.2282731251998617
1600800,4425805253.90534,450000.0,59785.557544514784,0.14638683611383704,0.16574919177932038,0.10278552751388859,0.07157522482795066,0.19821304078350727
1600900,2566279539.99158,350000.0,43903.29906063983,0.08459297859589851,0.08244833071735211,0.2590305103850772,0.1884553307536352,0.2095122022157275
1601000,2613097702.85506,350000.0,43746.299413306886,0.07255138519009888,0.07479485737517437,0.28143560261816636,0.25449713234121146,0.2125972700560496
1601100,3590401248.964912,400000.0,41819.84821866089,0.19867218878282844,0.12877820024027586,0.17704443665565472,0.1463477610171495,0.2044303252861232
1601200,3121846187.199,382976.1904761904,49315.927952845836,0.1750135243015329,0.0672971562961849,0.18771976765470408,0.162019349262699,0.22318921400008918
1601300,3346109082.48554,329000.0,49487.674073586335,0.1270897445765018,0.11035029834691461,0.22784775465473328,0.20161318808415607,0.1901663516079918
1700100,3212284274.76478,150000.0,47788.33774326872,0.11472923301602458,0.12287007157173271,0.2289729302284428,0.20460814616547843,0.1963008158840406
1700701,3615870568.29298,200000.0,50859.702768028415,0.1425991039745705,0.07790830929328064,0.2551302601966509,0.16974438147583282,0.17798229720125722
1701901,4349217124.66114,225000.0,49741.72108354843,0.16439925563852098,0.12586750139604755,0.08084650734754835,0.08234991306974242,0.16023355224793395
1701902,3208667320.561,140000.0,51064.96889569507,0.11475511793748142,0.1092808602586489,0.24322520100551612,0.18899254410094943,0.1826814578299491
1702900,2971712578.2298,153958.33333333358,48126.45880400661,0.12885199712599857,0.099996263921652,0.22529267062050565,0.19289452447012956,0.1161771128938239
1703101,5510708052.77524,375000.0,80071.8963816111,0.25719576314343495,0.22235100621952247,0.0718052099511901,0.044703825874875765,0.2474000275415798
1703102,3932766236.95836,250000.0,59424.400310638404,0.20495144905657767,0.1833900188444982,0.16610187508048332,0.14773937596636053,0.19071231971002633
1703103,3842104966.7072,304970.9302325581,72472.03558817694,0.18907227564211426,0.22203370293256525,0.13394609237546617,0.08248314789686773,0.2594650717687098
1703104,4082250392.5712,300000.0,66540.34869716708,0.30962405918895497,0.15879834521549221,0.10317608578250724,0.08618839137419801,0.2077426968328251
1703105,4720087350.64402,316875.0000000002,66580.44307116387,0.23590332987402735,0.20482979549458669,0.11546976773708122,0.09814975184732325,0.1780048271944758
1703106,9776200269.26448,575532.7380952381,145813.3262128163,0.513661941280854,0.15505586055789,0.011972326084533648,0.02082271026934021,0.20356305982186315
1703107,5672344047.33368,400000.0,74719.67394235237,0.32229831589364727,0.18514637776477247,0.043285664723054555,0.03336545039627188,0.21639022521562412
1703108,6405757749.15732,326747.31182795693,72615.28934033123,0.23046203766154064,0.15433754612001324,0.11886780062046017,0.07550788741906904,0.21371240732559565
1703109,3705304002.4312,289246.9879518072,61402.00517741652,0.1789921186856016,0.13630239025851093,0.2388645575941063,0.21390734632185335,0.1431654809677522
1703110,2637042337.0922,243524.39024390237,49030.2383067864,0.10798571336833404,0.11775123997804188,0.2670764493615241,0.22948378615456475,0.1844607460749284
1703111,6354454614.46486,400000.0,93399.78855684368,0.3653582800599352,0.1218717851391277,0.04673023690111087,0.04259885316409587,0.18319007549792884
1703112,3660358857.2566,260000.0,50934.52712424301,0.13149044461305384,0.12948458641304586,0.2995044096376005,0.23137104736319306,0.1969049688190379
1703113,5712175065.92632,300000.0,78050.1061121843,0.2780795048458497,0.19072796287463312,0.16524586647203704,0.14289809927903369,0.17660976690727578
1703114,4654598866.79352,230000.0,56720.51457183008,0.18820196030496303,0.16471822286294793,0.18569164905606927,0.13984786963616896,0.19015729055514843
1703115,4521322294.68208,325000.0,69581.284640916,0.2055330080476696,0.14802774558115436,0.18493788991585156,0.1595367894795299,0.1851258593083011
1703116,3914961099.3365,249679.10447761195,57183.60427291384,0.1631999433335067,0.15201901400431914,0.187869414722494,0.15278868612836927,0.15957940753696911
1703117,3094860361.3534,179000.0,43227.92917497835,0.16338814524771336,0.1064351618403845,0.2388571092748271,0.23215871544555125,0.1819242799629847
1703118,4190024547.72222,220000.0,55302.174428136896,0.2110370673671819,0.16887192349501942,0.13488622485448712,0.12042848343456833,0.1258755731704524
1703151,5511742618.86092,388243.07692307694,73490.88146323178,0.30028055034656964,0.13537914968428036,0.08910135897922127,0.06792361620151459,0.17107508128862306
1703152,6676167566.85132,393222.2222222222,82505.34574323785,0.2820591139632994,0.16875381777077708,0.06959048171831884,0.06471525862532651,0.2482751939992811
1703153,7364546660.79586,308458.90410958906,63402.20617786305,0.22420856365689198,0.20703285709535185,0.03693381252862968,0.046890665822879256,0.22604976176786093
1703154,15150162778.7622,435000.0,117813.00034031027,0.4719549863211428,0.22490045489462274,0.016793003777916267,0.01883417128400735,0.21199039343072998
1703155,8097286940.39496,452913.53383458644,80590.86868637618,0.2752671562506442,0.20197185144198299,0.06922941670130034,0.05312060844994823,0.21396646801362973
1703156,4525194138.58104,300000.0,64491.77161031597,0.18783426871279588,0.15246482020750196,0.1538518909776343,0.11294388776718933,0.1600781863986822
1703157,3650116514.35392,320000.0,47534.367088436105,0.15897624376555317,0.09675159980450905,0.18047076788292565,0.17890852512843394,0.15494385757833984
1703158,3516158771.68114,250000.0,51234.29995601189,0.2879013616686307,0.22621932101584072,0.14414475309602487,0.09050075305952568,0.2551040700379791
1703159,13240277402.30836,455887.0967741935,111596.68758899193,0.3628749368487668,0.25771071681515606,0.017824481921568706,0.020024877535237698,0.20974621970453505
1703160,15600948178.05458,400000.0,119339.9081907684,0.5191740640874541,0.1609082745796694,0.015899547444579186,0.018849617956007494,0.13961696792586958
1703161,4222105496.33426,250000.0,58935.02926206393,0.1971032566297856,0.14235245128200305,0.05656089959730697,0.07824576157754196,0.1762467383634243
1703162,3646932355.73632,291776.72955974843,47902.752531607206,0.16752034176017816,0.15468110965335005,0.14081579905035407,0.12191564784914447,0.1818102124689202
1703163,2907713977.20378,240000.0,40778.542559480826,0.10855387829399248,0.11560950360118623,0.3102405674693289,0.2653262942785764,0.1905450382525333
1703164,3899054987.3077,250000.0,48489.07471997239,0.13669313161926422,0.15581428158274288,0.24379641916806435,0.15965434565118491,0.1840674175598033
1703165,2017928286.74484,180000.0,36660.27699194899,0.06985573327830771,0.11778298205142983,0.2274853955929531,0.22517143188025232,0.14469859233512064
1703166,3813673902.73034,250000.0,60230.48584494678,0.14897570193981866,0.11717530185947246,0.14894220788304346,0.0861779838782243,0.20775655789184125
1703167,1986037702.53376,198000.0,39593.26374142781,0.12406908377441109,0.1591847546739239,0.21362475033063377,0.12754174461947013,0.20658620560222
1703168,2608514571.83304,190000.0,48300.458686683705,0.1376020143515127,0.1146785430215901,0.1756124425573116,0.16541224246790873,0.145367250883761
1703700,4172979960.33318,225000.0,49764.828873198414,0.13521336287120575,0.13173667008200732,0.169980315194604,0.14197795714295636,0.22929304472025408
1704301,6144362774.694,300000.0,63805.05274918743,0.18135948614282396,0.15210833132976023,0.12063444655669996,0.08513876423594674,0.27081193077576193
1704302,3595041315.98916,346614.17322834645,60288.127249067766,0.16911550374349946,0.19430167622543848,0.14315657669380502,0.09866777838509534,0.18841876481201544
1704303,6168803608.34174,350000.0,92060.70332410667,0.3143809205085596,0.16184392554010638,0.07220739283226081,0.05982084639172011,0.1854070934827269
1704304,5522691834.37372,400000.0,84939.66124323229,0.2768377687843917,0.15005318828488923,0.09188476465174805,0.06485139827985624,0.21248731166464527
1704305,6724763259.3478,360000.0,91987.7335250366,0.2778727318090702,0.2619068013735127,0.05231167130261737,0.04430471814216631,0.220501360964209
1704306,5400327000.2934,400000.0,85092.7612550958,0.32770721850362966,0.22077603729533493,0.05946246751875465,0.044130506033736874,0.2114368720680367
1704307,7435605943.92606,397096.0451977401,96868.23793546196,0.3472647663766347,0.16322111444496265,0.06397046656870686,0.04820890995797835,0.2139114085169999
1704900,2483407570.77366,130000.0,46218.409342173385,0.14782341924891326,0.10131023838572752,0.245330391691718,0.17864979075169116,0.19112675390871617
1707300,2897577297.14662,134156.25000000003,43436.72868541434,0.14645471818214856,0.09002443326259973,0.2285767167040259,0.195645457290251,0.1940605158973907
1708901,5574053367.05722,350000.0,82865.83663451402,0.24007290021646882,0.16933030082247702,0.09361362791258747,0.06774899287940803,0.23261481517876714
1708902,3940315339.5508,250000.0,50394.75296462162,0.17603915111892462,0.1486238151833203,0.15927671866499576,0.13757421121884075,0.13782112699678226
1708903,5658885033.38438,372900.7633587786,84713.8478051554,0.3123858868594415,0.15024910840312652,0.07239623509630193,0.05383717861544087,0.17500858532128624
1708904,3217337434.17034,240000.0,46876.729232892445,0.12413081857349736,0.15729960928416736,0.18244762170366796,0.15556859414463906,0.222332103701339
1709100,4564877163.9408,227096.15384615387,56433.84346376886,0.12130678879235257,0.10320372666301819,0.23498068648171647,0.18133824260652007,0.19202040538109158
1709300,5047613400.95806,312994.35028248583,63992.66463346003,0.16818364675453748,0.1530111561727382,0.16149844526644508,0.13007425355937147,0.20594711854804296
1709500,3439223975.7314,150000.0,50244.3239697794,0.1607069705677889,0.13758496924585156,0.20855667618816875,0.17375090869481352,0.20344918511014892
1709701,5573779534.7176,250000.0,62260.866310530255,0.21941992655229128,0.18447775676389333,0.15962301364466824,0.1298782683209729,0.18346752701244243
1709702,3416531258.62236,200000.0,46425.307895183716,0.14789995745964662,0.15756501306686943,0.22322936887307437,0.17691281983649176,0.15000247588568805
1709703,7229350978.5867605,350000.0,83274.0223764227,0.2308823530780535,0.15254241074293767,0.12320537476317947,0.062023752975874244,0.21534734256517413
1709704,6618444598.67912,370000.0,97911.7787839387,0.35402322191999946,0.2290839537223281,0.05154296995718331,0.04873838701742968,0.26603499348411863
1709705,8576464570.22358,450000.0,112903.18405307295,0.42675356759458594,0.2015648644227856,0.022110098197100886,0.02386475815389561,0.22410427817493972
1709900,3889143743.0707,150000.0,54118.861487423295,0.0913081333649602,0.14689967685829353,0.30386000964980453,0.265215948882224,0.23077183769637397
1711101,5094828625.30182,323769.6335078534,66563.39249946852,0.22449222788883183,0.18285611352240733,0.13369231139246593,0.08485454587721078,0.22015122635962148
1711102,6443041960.8100605,295000.0,65320.741312185695,0.17587961855438963,0.18304563304524593,0.1533548893237028,0.10469066733335293,0.2383951310732494
1711300,5429502618.26566,200000.0,58470.397250300564,0.2126675498253904,0.19092058134741652,0.0907653144359396,0.05676495852584186,0.22083784803207404
1711500,3397823980.10784,125000.0,52483.341006593044,0.10530669266206183,0.13132994449358068,0.25839008364105287,0.22926351089156075,0.19375326064627563
1711700,3129659875.1028,134000.00000000006,49453.42300865608,0.08600667951333801,0.12112398536347292,0.24093307306412395,0.21425003239683196,0.21908363321170107
1711901,3074504226.57266,126441.17647058822,48331.38236795404,0.1258640908868026,0.14039398478641152,0.18252905223551738,0.14913052411240982,0.20090750937791954
1711902,4567561412.10228,250000.0,65052.00404623408,0.17359811061781613,0.1198268092223615,0.14312840290388215,0.11783590204442942,0.23391020111553035
1712100,3969628235.62176,150000.0,50455.38964387818,0.14694895485149456,0.10040203282471212,0.240417117762162,0.2089669524830737,0.20724989256304507
1713500,3054940461.18152,140000.0,48622.321521272,0.14988044341614215,0.1128361806817871,0.20437532991477894,0.14750573113773846,0.18286423222337442
1714300,4911101724.91456,160000.0,58879.05197116126,0.2153675850295691,0.12033745940529905,0.10784120939342463,0.0786675514955743,0.18924582457588762
1716100,3809082003.85352,150000.0,53130.45909438188,0.15320081451337556,0.1233008341153217,0.23548487879923677,0.22221098132733966,0.17652543347960367
1716301,3909112501.79216,150000.0,54641.569195177035,0.19065629802798292,0.16692537180274117,0.15248595411171223,0.12336241015485608,0.18608163933734626
1716302,4840454459.5937,225000.0,66906.0840061606,0.22555425636551543,0.15745092953461487,0.13036652875224197,0.10044732734069596,0.1872388550527165
1716500,2499813511.69714,115000.0,46555.79684695298,0.10000606740031406,0.09909389777320779,0.26108459529883205,0.2031600621190534,0.195133736135249
1716700,5864835784.74766,180000.0,59136.23175949241,0.20280418342007775,0.1874690386616692,0.11402464292155334,0.10802856886588513,0.19980836801285132
1717900,3860401134.7834,150454.54545454544,57827.66054171698,0.1409816774414912,0.1493615905553638,0.14870661830568804,0.1464586351239799,0.1913532703042652
1719500,3771988737.727,140000.0,46108.94968250495,0.1281126900503314,0.13603007370850642,0.2539888504075854,0.1883387793830249,0.16996793454955994
1719701,8813496194.40716,377296.51162790693,83830.27720937043,0.25133730546709593,0.17721460741821538,0.07883592826986828,0.06703955449990454,0.22796039021810052
1719702,4792075322.9156,280000.0,59488.2418585513,0.15390037584987043,0.15311140003619317,0.21704387317820933,0.1512099799201512,0.19343930906019408
1719703,3263168571.07248,230000.0,47009.559476661816,0.11186643400736894,0.14038078251796976,0.247204627931458,0.1997806815449743,0.19152735515112868
1719704,5071967402.25774,350000.0,77096.80335412377,0.16298971377919574,0.13200696164008519,0.12430324959400481,0.0891347380954493,0.27735545936392325
1719705,3635058957.3517,255691.48936170217,59140.30679820548,0.16855682752347684,0.11998000879632034,0.19082902198972107,0.14916602185886865,0.18622342763039407
1719900,3740447052.96588,133751.21951219512,46272.04528880548,0.14911824440925403,0.11819603427314516,0.1644364077868717,0.13668213472216303,0.16799761644465447
1720101,4592001960.28498,150000.0,46740.31207985119,0.13610480228496089,0.0924108127111132,0.2358631018012422,0.20577063326767384,0.177907637840834
1800101,1928037140.0005202,165000.0,42601.02390738699,0.10936398986055999,0.13513984847145097,0.27731539896117136,0.24177239705438153,0.15137356199835508
1800102,2400425279.51296,150000.0,46037.1929865741,0.11547911710704985,0.15053306757622367,0.29266844312253754,0.2789420120714009,0.13630231086500832
1800103,3793304809.87582,240000.0,59289.84213375983,0.20827208060310431,0.13047749716611956,0.22557102120744454,0.16918284839572625,0.16781221349945744
1800104,5269784092.380899,300000.0,66313.28449666406,0.18893069374145366,0.12196389924578792,0.204139826683158,0.1502408767997346,0.15056088701158335
1800200,5461758526.36168,260000.0,58943.44466778558,0.13376823404186486,0.11135670887697616,0.2315078081993016,0.1569240290513429,0.24152829510783175
1800300,2635215829.81448,190000.0,51725.66697708318,0.12417168722359881,0.09147140091996556,0.2892041662133053,0.18934125249138573,0.18059759954474186
1800401,2587353211.54072,157956.98924731178,41709.975682562545,0.10975900403087684,0.1365230767111446,0.17191940843843287,0.17409899560884545,0.16782531199493564
1800402,4484700158.018539,220000.0,55911.28595851616,0.1408494291225676,0.14670133993149786,0.1390802277524975,0.10113770971071573,0.1973146064597574
1800501,2274600180.95028,195000.0,44243.45336504406,0.1578186934979615,0.09952074410590586,0.19548897968183165,0.18711087850361122,0.1815375228446911
1800502,2700805674.14454,235000.0,53268.227567838345,0.11753513937049419,0.10081935244639433,0.2331382569313064,0.2036238428444994,0.1393792103465398
1800600,3959464038.77378,200000.0,46475.85556229053,0.10987544796339949,0.0798454688666823,0.23668376186046292,0.19111328027762742,0.16878681516603694
1800700,2284346854.5917196,185000.0,45580.2792384165,0.06821472291258095,0.08495160439331971,0.27285005478898666,0.24218288791431306,0.18272678887462726
1800800,3062278421.59616,200000.0,49570.68152026936,0.12841159900647917,0.13557287866849285,0.19996999520370717,0.16656607138443472,0.19528881217815192
1800900,3444516416.0115604,195000.0,49146.29554712801,0.1332171730635352,0.08397641984645696,0.26325811797809023,0.21834725734626773,0.18544699851453872
1801001,3022792683.1645803,165442.62295081967,43881.72582078218,0.15988454015021386,0.11097561912992614,0.17455954029380946,0.15567341942480123,0.134192425368331
1801002,3209322116.19168,200000.0,46013.76569876382,0.17321587707919503,0.15671497140350024,0.2037696549313847,0.15208903526287468,0.20084877012661365
1801003,4387400775.48384,300000.0,70532.45411040833,0.21806432116872015,0.12196273664924756,0.10009678657203802,0.07211753586265587,0.18111739645682773
1801100,2969966857.5584,180000.0,48014.20812141749,0.11318722458975786,0.09880732569960997,0.27205315846768235,0.20252956909814007,0.1624185749601937
1801200,5042900434.318741,240000.0,46360.414377424626,0.11969209835286809,0.10810272156171293,0.1429665182930381,0.13512656322533487,0.15405665902312277
1801300,3227372029.8901596,160095.0920245399,46990.070613700234,0.10336730943209975,0.07930696259181223,0.20886236385191126,0.1418222417528164,0.1617811617142168
1801400,2599377600.54114,142856.25,40800.79110551319,0.11117109273429181,0.12178391395313165,0.21714845857288767,0.17459717425565202,0.19222836703417676
1801500,2062221613.28132,140000.0,44284.092365601275,0.059109028916365755,0.07953393002114051,0.26958093028722485,0.21721162485132678,0.1707353406372086
1801600,2359418511.9820004,160000.0,47704.533289836036,0.0960505546291691,0.06946192911825821,0.2891253706926091,0.23920529726922207,0.1408392096096833
1801700,2167537679.9488,142520.00000000003,41122.72439144738,0.10346523793325586,0.10856792736322751,0.18475717972780964,0.1407251908899619,0.1695865029169702
1801801,7014084921.8430195,350000.0,82651.86149255882,0.26313241973349044,0.19557073514624052,0.08151984089188322,0.05661240489045322,0.11695254630978352
1801901,7319604655.7367,400000.0,93261.19202059884,0.34552572094871575,0.19423591749350105,0.032652022435649596,0.026240746425541535,0.1634287331276066
1801902,6873981483.88552,373209.2198581561,85976.35436118572,0.27765622663382,0.17772288911166143,0.0483670045212675,0.029702537068923,0.16575930407899483
1802000,3195477805.99982,175000.0,47367.077851232105,0.1276133689317268,0.11309342385775918,0.212794933522833,0.16460250459106135,0.20673952245113392
1802100,2465546257.71,150000.0,40280.12183809835,0.10826796838333655,0.09742249348211277,0.20027838046267177,0.17390663036084594,0.17998742941970644
1802200,3625762718.996876,232965.5172413793,57877.9267139736,0.12304841045445822,0.1323410844310172,0.21293224376847183,0.17019589750252814,0.226934412186163
1802300,6369150079.454201,300000.0,62629.92358969665,0.16347583513548247,0.1350441346129666,0.14739987657543951,0.11162216890532484,0.19496712207959352
1802401,3514016794.94868,245000.0,56161.3679870334,0.1528805484630149,0.1454620034565615,0.12180821962352949,0.13619490765320305,0.20259437019976942
1802402,4854934194.57424,315000.0,72185.88965407161,0.23186133826312705,0.17081611987029757,0.061268158817177454,0.05213007937472053,0.23322032902851653
1802403,4213291834.59052,255000.0,61714.22470141817,0.17002695769262385,0.23088743410088128,0.11820527490871106,0.1019296147490192,0.1961370789070713
1802404,3351170775.2567596,160000.0,40939.330481898425,0.13815081916789168,0.18305180321639075,0.2209215503324077,0.20836863765646182,0.20837453966818442
1802405,5197548000.01366,191647.2868217054,56533.80031993279,0.23566750557724153,0.20347179912833907,0.13444769214513524,0.11876131435082037,0.2117838138784186
1802406,4127168265.6393003,225000.0,49344.431679092544,0.1697894721877528,0.18400434064262364,0.16943999704952106,0.12477956292374921,0.20231840600721854
1802407,3647303857.90034,210000.0,47322.10418429483,0.12291873844121327,0.13989213123545619,0.18490275370282225,0.1510286729511505,0.16139130648000544
1802500,5835644476.39338,290000.0,65064.60560144253,0.16301892751419758,0.15726853761259424,0.11731596073645904,0.09023394054273155,0.22707977138714772
1802600,4152706671.58512,250000.0,58615.13785460387,0.2406819685793242,0.1654495565586246,0.14492132565537125,0.11677659531196194,0.1728938648482346
1802700,2550903179.71076,150000.0,48379.448474420315,0.10078647668311405,0.08649106082184455,0.18419828444138656,0.14989190021236115,0.13465953932455754
1802800,3630279385.6014404,175000.0,46936.793876725285,0.11916105192320665,0.11587618182811221,0.2008812406072548,0.1710177843951542,0.20214020069445007
1802900,3881082669.1242,265660.71428571426,49405.92793742219,0.1254013790493225,0.12086550059513523,0.10298756542895193,0.068156880750116,0.12694924813002814
1803000,4414525031.48348,217708.33333333337,62554.3783067192,0.10650612859984174,0.1518406002703189,0.12038918526195443,0.09147536145547647,0.24950401867952388
1803100,2738287325.65316,160000.0,51814.39838126628,0.11790303861257162,0.11394118591129884,0.1711348466997566,0.140988167154903,0.20223640311401847
1803200,3190773719.36228,230000.0,52248.664942315736,0.14136231310384165,0.10651775863978488,0.23956299471417677,0.15127168280513134,0.21053865533951582
1803300,3604192203.7017603,220117.64705882352,58218.521091002134,0.17382728982620105,0.09056606855267213,0.1356700871085848,0.1393269178634106,0.15453515694444594
1803400,4769581544.3539,190000.0,51532.40283457295,0.1419993610673755,0.11636692149335812,0.1535777303882382,0.11115791805179823,0.15769990924318075
1803500,3651979357.25316,180000.0,50380.4679016273,0.14188348171117024,0.08955170663559943,0.20800950821484623,0.18029677532729713,0.16423631687582455
1803600,4049514464.81524,228152.31788079473,53895.795155654276,0.1486043071245224,0.14792393769813847,0.20054626634204478,0.13328601262705356,0.19931494375319522
1803700,3563939573.6354,225000.0,52253.34760846565,0.14344455259922426,0.1804774554687784,0.19909630383272894,0.14629922279314736,0.18150176803838694
1900100,3359372226.63668,200000.0,50989.19656724971,0.15991050795244272,0.11633032056607077,0.18788053602410779,0.15224424218701305,0.20546167658301842
1900200,2707120864.29676,160000.0,49597.31897506065,0.08662781935453781,0.07113854121856043,0.1864832433183446,0.1616565462964297,0.24811226046831214
1900301,3951222030.96782,270000.0,72479.53830996643,0.2539985198441949,0.14724031559995573,0.1265650021708114,0.08638230418086565,0.14973560759957671
1900302,3400873572.54462,180000.0,48274.94850875284,0.14055589851025796,0.1996837613994691,0.14167373768104946,0.12013214032042638,0.1684833063339882
1900400,2653260635.72778,180000.0,45949.47674571428,0.15659864352256922,0.11211882595755701,0.23345478008238582,0.17254863273491508,0.23150263140258628
1900500,3316929070.3907,195000.0,48991.62634985673,0.1551986701783056,0.13117509123797752,0.1871111419640323,0.15818833156215062,0.1733297270865307
1900600,3369314759.8811,150000.0,51426.57264345285,0.1468439901465483,0.08734570923857092,0.24033708488876118,0.19263268408247616,0.24075176815306665
1900700,4387954842.73612,200000.0,52289.8474991196,0.1796530719264758,0.12107934776961203,0.17602809980377238,0.13606097973704778,0.2037431733006473
1900800,3035515176.92032,200000.0,48367.035961126836,0.13141301324472707,0.1304160703526575,0.19561583321707987,0.16073219586212176,0.2073908730585223
1900900,5369415550.97434,215000.0,59558.922620149526,0.18979660401387138,0.14498765122035168,0.1296763367449277,0.09831959392154016,0.19653061729441157
1901100,5311210483.32548,280000.0,55328.56723675939,0.12465429564611505,0.17097038561357134,0.0726338897241891,0.08087584685120763,0.16938574004339424
1901200,2805183865.81346,175000.0,47779.52795580828,0.12410784075091037,0.1151964564007972,0.23284032250463332,0.20274766478716819,0.1712664491491012
1901300,3499981121.22822,234605.26315789472,45397.11170639869,0.1172872941688741,0.10786424627476819,0.1251299058636959,0.10921079795747729,0.13188888059579346
1901400,3896830378.64134,250000.0,58097.480076353575,0.19731949123612358,0.12842285528362746,0.19031070235988246,0.12570717488806718,0.20733812400674262
1901501,7366630239.53728,300000.0,78659.61473900483,0.2557318083615844,0.2324440983245219,0.06646679807792763,0.052391761196843065,0.24025856252100586
1901502,4879071986.69166,300000.0,57324.63885295619,0.17125894450075183,0.1641123938425306,0.16824105693791958,0.11526394291124455,0.20484568481226678
1901503,5346518604.01954,177000.0,48245.50486847508,0.23030948753704175,0.17844142042243105,0.1819372728387508,0.12682989376857723,0.19039062940802587
1901600,4758026368.12262,310875.2642706131,67979.57435310635,0.24271081399985192,0.26779448188362015,0.08547278274968134,0.041045357223788936,0.2063957626649731
1901800,2256365449.02876,150000.0,43141.09305626477,0.1143188435123535,0.11218579340007148,0.2637273057190459,0.24059499898430703,0.18698276708958878
1901900,2662852954.34402,150000.0,47726.51099301036,0.15110628271828952,0.10526196476087046,0.23856045772553403,0.20056582047194085,0.17324956427173363
1902000,3431680562.0494,170000.0,51178.628279859215,0.11807848244523377,0.08082107834581355,0.22628365387314905,0.22349665252349887,0.1823191457901767
1902100,5018867632.16496,180000.0,57555.16143352668,0.15281334504507846,0.12767113244797754,0.22544226553136779,0.15129031277240174,0.19738684611826782
1902200,2461977169.87632,150000.0,43557.085962817255,0.13178179144175362,0.11788892852153479,0.2534370581184979,0.19314566226432892,0.1895542753515233
1902300,2218875121.42196,135000.0,43329.78815094924,0.08890720275189598,0.11246003726288406,0.2293951328402877,0.1933501336443233,0.16034612484302146
2000100,2319212027.339356,150000.0,41098.1911952536,0.1484720777232392,0.12709602782241403,0.2230673383196959,0.18349950571437096,0.20921388201321275
2000200,3163651849.03476,150000.0,44464.53758306058,0.09737529592397802,0.07816835049699011,0.216542367494045,0.18494371837901666,0.1562697386177995
2000300,3263824885.78498,222530.12048192773,41323.131379980245,0.12261776752681004,0.1174540347560776,0.1877035527776045,0.1365533334246909,0.13053042010883995
2000400,3762151102.6896,175000.0,44481.96439563475,0.15593341606218886,0.17061512134324258,0.22313438680379366,0.19880265916036716,0.22789482704010852
2000501,3130403521.72718,150000.0,48031.47760958634,0.21473378307475074,0.1775865707457983,0.17770639263609986,0.1426455519810767,0.18173031205693221
2000601,3457801969.16834,210000.0,51011.31473288102,0.17015159576545336,0.14917744112172648,0.1880295080267065,0.15635636456835478,0.225971238870493
2000700,3193655009.76762,297606.08203677513,47104.75095160135,0.16350282984635675,0.10656598410288648,0.15294316633972965,0.11913813624089137,0.20908193120339147
2000801,5361909125.40538,361557.9710144928,69079.85319838417,0.25969143625979046,0.21198125421819172,0.06761796406786902,0.057025416533448434,0.2343729831699805
2000802,6537554868.11342,300000.0,73515.14560221099,0.26524582258091356,0.13437461955046026,0.05920972440497527,0.05517614737959274,0.2498209589368123
2000803,8561066361.67202,474487.1794871795,94641.3403090055,0.3066068628387092,0.22591576827584178,0.02370133875537567,0.014242009444326638,0.19162836113416057
2000804,6650077051.12778,336000.0,63657.20324243809,0.22011492729209187,0.17384809610155383,0.10922950964001435,0.0749120268494206,0.21593282092604857
2000900,3411612114.8579,265000.0,52101.59002531919,0.14786574439603656,0.1080557638744212,0.17883885781218506,0.13697943702909635,0.1843868975189172
2001000,3076436631.18504,130000.0,39966.179473927456,0.10795832690591292,0.11811921198281403,0.22290477262494074,0.16667511394412937,0.16165878322591937
2001101,2765813139.20746,140000.0,41270.321548375185,0.10270948135845553,0.08369193750837745,0.2197535027444636,0.2175003447556467,0.18113668654324136
2001201,5466392470.16082,250000.0,59659.188559712966,0.2384669389882373,0.19294145483490524,0.10091076016136315,0.09406925229537201,0.2019036951086115
2001301,5064806562.70524,245457.14285714287,57871.598559213424,0.1874525782730971,0.16557812004481992,0.13474820782321717,0.08653125267709182,0.18009300766756334
2001401,2165458587.08658,120000.0,39314.78916279194,0.12686907106047357,0.15962953448953643,0.2199672560619767,0.18465188486541714,0.1694561716366495
2001501,4506325072.7551,192282.35294117648,50004.716846302625,0.16166100623488924,0.174897042275124,0.21076488096204335,0.17397454232718784,0.1797820839062288
2001600,2460735835.34506,147000.0,45489.99584695271,0.1230692400328838,0.11776906243748128,0.2191673660947739,0.1906023436507685,0.22079491688745717
2001701,2398338999.04884,112886.17886178862,44061.19560274912,0.15308152009545148,0.10265766332518625,0.2572785995356841,0.21577814118726316,0.19753041753461167
2001800,3007312066.97308,160000.0,45437.970340304906,0.098678660749063,0.09780831257663855,0.3111971199242281,0.21961162896897055,0.21861940560938975
2100100,4483038068.40868,174427.7108433735,47134.80111037293,0.13414035779560987,0.08891915785772009,0.21886950281779147,0.17073763213385745,0.18111625543492516
2100200,2118704205.26918,140000.0,43511.47403670302,0.12284857142723782,0.08210688541593679,0.20998704030479595,0.2199994888705951,0.16681768691173954
2100300,2344575033.36942,195255.81395348837,47658.807467617036,0.12429068201805957,0.07308620842666821,0.17365312447872044,0.16913007945867686,0.2220096051306818
2100400,3762944501.79238,180000.0,47926.440830317515,0.07928515296196659,0.09059706572106382,0.23530191200429598,0.19176153853262798,0.18153170443888456
2100500,3194456106.2313,250000.0,41331.31630932345,0.15524352780288045,0.13292096303503112,0.16991488224229764,0.120875057509249,0.13379748290009927
2100600,1773922211.28952,150000.0,40183.07913037467,0.1456217161201324,0.1353836168480128,0.23638816543104937,0.19006040845820027,0.2520605569212434
2100700,1712773173.26868,150000.0,42168.874443427136,0.09527815175967884,0.05974752986526782,0.2646933220036966,0.2344021570786366,0.20962227921247262
2100800,2078329579.67894,150000.0,41542.4969453505,0.14565767965077264,0.10783279041980473,0.25342724839432124,0.20859747788385533,0.17679590533491907
2100900,1715151321.34584,120000.0,41677.43108268753,0.06858412345248742,0.12515045628648527,0.19274122289091156,0.1672015483798441,0.15924102196550627
2101000,1583224743.9941,80000.0,42415.00104466204,0.11499084351013555,0.11108403586429506,0.17405865659288036,0.09509768709484058,0.16638348416956122
2101100,2268627987.2388,100000.0,48647.510126491405,0.12889935208421582,0.06369140596385955,0.1942584399059391,0.1453093268253241,0.22528377941976005
2101200,4039580862.5485,189058.59375,48009.660718894476,0.16372828464766478,0.0967714534112378,0.22823139125078248,0.2061123518146243,0.1573613146029622
2101300,3009899236.6306,213479.5918367347,53918.62201298031,0.14330648614338892,0.10568165917510375,0.1377674728117456,0.10655003983874546,0.1736660726956928
2101400,2461796480.70118,160000.0,48879.112095724806,0.09876078109834283,0.06889968650377179,0.20672473592953095,0.16007354156878137,0.12759380019027966
2101500,2503377338.81794,200000.0,46802.597569883714,0.1050157436808687,0.11935224972423912,0.1548813115995845,0.14093882672501865,0.16728864112964495
2101600,3143522026.85966,250000.0,56020.28062265496,0.08633409929566119,0.12089822542094975,0.2131814713724027,0.17372982285124008,0.14119088604191757
2101701,1961837515.91474,120000.0,36296.71629814505,0.17576142774648898,0.1153201746796202,0.15805435284417088,0.14168350799239174,0.1552654647459387
2101702,4345788577.38376,300000.0,75335.23866074542,0.31105405385191837,0.1477015934053936,0.050151371302468654,0.04457850770455751,0.21835878462775077
2101703,5756916113.7925005,399000.0,85286.3826282944,0.2807780911120049,0.13800661315019402,0.05060209861372664,0.052822852624418264,0.15055052250616122
2101704,4412163103.9377,290000.0,62057.485498012604,0.14248277168968335,0.15388515755320703,0.10507065868537437,0.09418326981742232,0.23298927374771303
2101705,3271848614.78714,200000.0,48738.26719082302,0.11893963115665653,0.12656088081805697,0.24171492444889645,0.22187762006553868,0.17352765526749075
2101706,3025951669.88276,199230.35230352305,44424.16016857902,0.10101539617387313,0.1360531102834008,0.2335296847649186,0.2026203500080737,0.18456256497467394
2101800,4858032836.022,300000.0,69969.21887949188,0.1799194086751623,0.09143473208662528,0.1220169195192726,0.08697267110021785,0.18457968671334424
2101901,3243277662.7455,250000.0,51207.491201615194,0.19323062482411243,0.12196606157025179,0.05632186536646028,0.06565221836595755,0.14123698628554482
2101902,3498238214.4265,290000.0,59511.05276060255,0.1515990559463207,0.1394661548828869,0.0894452639101871,0.09359734564501582,0.19692198515315082
2101903,3604786674.45238,288955.22388059704,59920.98729121794,0.2536337566757386,0.16437938856529352,0.10445343868715913,0.0685787053425998,0.1650757110729496
2102000,3534976453.79988,213563.2911392405,54949.813523804696,0.18518288368367694,0.12703180836016442,0.11873881778143296,0.09513144004897457,0.22269006152755685
2102100,3305107055.71328,185000.0,53751.192176052304,0.16300057606916304,0.12686137289442573,0.17887687217542508,0.115898260223747,0.2675053621516637
2102200,2977404302.53948,230000.0,46813.06094996195,0.13224117228772597,0.10005994513375284,0.13439935666979977,0.09837655809700237,0.23201234229295942
2102300,3860461541.2249002,250000.0,52159.23609669788,0.14860119244784353,0.14994486215843314,0.14996441819003553,0.11513741030420112,0.16617532522400205
2102400,5369517349.84664,250000.0,60687.598610351044,0.23040908933730062,0.17575349741106874,0.12174523798816869,0.09364412412406514,0.21399243044840108
2102500,4892752725.4156,260000.0,65441.75383422189,0.19870753674211428,0.16181051793173373,0.13727398239855845,0.11951992840634054,0.22380661710415503
2102600,4798869604.96638,200000.0,54623.23405839666,0.18409471908022165,0.12070334436335618,0.19749417336217032,0.16037747928621032,0.14477489487828402
2102700,2802767710.10526,140000.0,43986.373139962336,0.11936773427050627,0.10821714602770598,0.22161449839392963,0.19205729509817426,0.24536885033329164
2102800,2765595849.33612,150000.0,48497.10394094133,0.08357509136249384,0.12461285740203436,0.24221058287962022,0.19879415052070443,0.2139615605599946
2200101,1787547518.8198,167833.3333333334,37738.246433588785,0.10280209711131319,0.11075395501156346,0.15127277236105707,0.17354756767722787,0.20097390896080314
2200102,3067441760.31198,200000.0,61241.05095655606,0.2078717517128502,0.10705870133156166,0.15869792113856776,0.15461904382578465,0.22678243306456403
2200200,4606770076.127,200000.0,58924.419950205294,0.11538272506839267,0.07879452743579754,0.16521189803912803,0.13815379688713914,0.1610756175091868
2200300,3016248927.27194,139485.14851485146,44465.80465661168,0.12400113945394504,0.07443522409256975,0.24297553707221764,0.18532970926398654,0.16381139387898175
2200400,3976981774.27144,200000.0,53302.887969219555,0.18076854772197207,0.12757925264748016,0.12148439383806547,0.11436123220766306,0.18125659581436135
2200500,2271424219.2574,120000.0,42230.770446908115,0.08532615767404435,0.10134499624832687,0.2738840730535163,0.23018081327440115,0.2249797335142838
2200600,2006570713.49232,140000.0,48056.96971529243,0.08760351261544154,0.07082318830541624,0.2722778146921913,0.23786088242669187,0.17642617640965333
2200700,3765710193.129772,175000.0,48629.967884830985,0.11884046528324486,0.08487582823375954,0.1699232416107515,0.15912913449471855,0.1672777921916181
2200801,3507469766.40326,180000.0,57253.59548175476,0.09161948776782515,0.12513503207201646,0.15047936347415336,0.12808860771698152,0.17509242021233498
2200901,3861903384.36122,200000.0,49235.1077839978,0.16906576226945041,0.10604918261504932,0.13299118734524015,0.18207012680531434,0.16179074384856698
2201000,2029861439.07944,121058.39416058394,45564.691442668525,0.05193970060528545,0.05423638444234294,0.3094663916505761,0.248408705031943,0.13979143597450985
2201100,2238309642.51624,155000.0,44501.85185033382,0.09725436964270263,0.0736074887093753,0.27541991361914403,0.2508567594631296,0.1927806721463781
2201201,2571599986.4312,200000.0,49999.99973617981,0.1288489024838719,0.1169259811532685,0.19595214561045088,0.14407820047222286,0.18193107715748422
2201202,4110080858.49426,250000.0,59261.49316551453,0.21718282818090856,0.18811771079590303,0.06214998369038942,0.0562273207752569,0.1749984342272775
2201300,2457400288.49964,170000.0,48521.112990159934,0.08832151353905555,0.11200084727769019,0.27554290779194685,0.1838212228806232,0.13499601622994137
2201400,2891262963.38952,200000.0,64710.45128445658,0.17752940285544297,0.21236546707075823,0.17115631994796565,0.08770195675066943,0.1505809962400662
2201501,2688118537.27304,220000.0,53197.414206586844,0.16947074345238508,0.143615875483019,0.18106751479946412,0.18300906479929954,0.19855466333290894
2201502,1414436035.44162,114521.27659574464,34449.70615815724,0.11162659224720858,0.11002001293696746,0.18388784682397563,0.25226272052903104,0.16019957767341006
2201503,3946628531.44774,278170.73170731706,51421.200133519305,0.25009076747102255,0.1261650991421647,0.058706979720994305,0.04864046826418225,0.15937069932702094
2201504,3976642682.58464,300000.0,70788.99677058958,0.2591023372395414,0.1086185218410069,0.062406696875893605,0.05581697305580727,0.17699338318743182
2201600,4725479785.24962,255129.31034482757,66366.30177449856,0.14257997029950456,0.11422430155161638,0.13616348425852187,0.11178402607445212,0.16028861309120776
2201700,3682090800.9928,200000.0,49781.52911502468,0.09523406193754146,0.09425989525527691,0.2642080727885782,0.16910480608093986,0.18657678996309557
2201800,3807918101.7143598,200000.0,47803.93564550962,0.10621461472895384,0.08806929397358036,0.2097493869654744,0.18272652938900683,0.24934290410732743
2201900,2893783996.91438,200000.0,55705.39764599946,0.10197568693664012,0.16276063537144356,0.20592366486398506,0.14306378606412934,0.24428738318781845
2202000,2693854213.0037003,170000.0,52102.473995777815,0.08174062713173912,0.08792335065352501,0.282598169919136,0.23481625533442746,0.1651340300656385
2202100,3500187012.88832,175000.0,51584.092505796565,0.09992498962127874,0.10558315783802708,0.25962871650963276,0.20560381974225728,0.1988497107566428
2202201,4846180164.43832,300000.0,64192.06787785046,0.2233628721134965,0.1232733623499613,0.08007810000146337,0.06893349532029183,0.21851329406675796
2202202,3317148215.7848,250000.0,56838.44032461404,0.11831747644394733,0.12063146682691368,0.11381827438014415,0.10963779192041809,0.19853772552101281
2202301,2860648713.76264,250000.0,57287.44795759768,0.2402237315998596,0.16632943004461467,0.1583977678217771,0.13987774716860302,0.22420813425937416
2202302,4507394251.47688,280000.0,64527.776605922234,0.26482912920765234,0.20628000908262,0.0968605763091943,0.061951461001421196,0.21246351103012942
2202303,2730522778.51696,200000.0,47221.27107285833,0.12172599862196518,0.1231372939851531,0.20738917780571176,0.18092042624032317,0.19864598684471693
2202401,3539955657.36972,250000.0,57499.48278030894,0.24603832086692004,0.1669640614884883,0.09093468547766603,0.08303762476932612,0.20356464015456963
2202402,3319348478.36132,290000.0,61379.6201549829,0.2496442243439553,0.10982496127052258,0.04289797449398747,0.06868710623638895,0.19136957645338687
2202403,4439434496.7751,350000.0,69144.6849431524,0.2967224441225792,0.1094340611004924,0.06534133188907716,0.06164830050823131,0.19078293673031013
2202501,2701096287.75044,203084.7457627119,48174.50440975298,0.11172703672675684,0.10466766411554183,0.2055989902383329,0.1851594964897484,0.14540001384019008
2300100,2365820799.55696,165000.0,46852.575493751065,0.09838552655362093,0.1280903388258862,0.20390134193210932,0.1522249722468421,0.20672452612437392
2300200,3458965973.2593,188454.5454545454,46096.80521954902,0.14913472679736284,0.08893535468691904,0.20466932931782533,0.18692290981316653,0.18393384757454678
2300300,3724656279.00842,250000.0,52125.17184013127,0.10624158096380025,0.11080239477398689,0.12793052833514434,0.10020260882792624,0.20137569949186832
2300400,3396267451.3917,250000.0,52290.49193828637,0.11905760307889401,0.15626921098627852,0.18717011520141486,0.13529837157282926,0.2588025302167898
2300500,4809899248.215164,300000.0,55510.79365034582,0.1334254324848535,0.07670557968313928,0.15968171853370644,0.08962520995235114,0.2104970628302667
2300600,2772672384.9452,260000.0,46948.294641626875,0.09629582590973042,0.1086989391126917,0.15285704315729193,0.14995886514422718,0.19055535327843734
2300700,3495503510.3192,375000.0,60838.978510472545,0.18266672974420578,0.0981487286706432,0.1380978983629512,0.09441590529315831,0.19383932914120475
2300800,6331904701.24208,400000.0,61396.1205178032,0.2237124243836979,0.13113120657346666,0.15077275153063,0.12785397363668394,0.22246170235379012
2300900,6214186962.7431,426693.54838709673,72505.0108245896,0.24893015969586463,0.1378029895538889,0.05549357939957693,0.04188988767420217,0.2246257721490615
2301000,4979110875.26344,425000.0,66844.4699181538,0.21697734743286662,0.11556508087364001,0.07696143175781867,0.05816485833986918,0.219377410131725
2400101,2569235540.67596,190000.0,52715.24356099881,0.14079383735211332,0.15726129349171997,0.21525182750200408,0.1792265390752963,0.23403745264943673
2400201,3762689102.3382,275000.0,55130.975858435166,0.1327999808380892,0.12281332508222322,0.1664384009461302,0.128464164991422,0.19781115270354863
2400301,6624437111.38434,400000.0,75466.36034842038,0.2597000094171453,0.21858602636579375,0.07967169802075565,0.05218787430984521,0.19436520680045108
2400302,5911256926.91158,460000.0,81097.21264506702,0.17114800434593475,0.23911437135879757,0.0893761423126352,0.0724985458616068,0.257437892290944
2400400,7301004273.68448,415000.0,75503.93780246006,0.18077600553880163,0.18118014692936832,0.08783949971419441,0.06121613141123261,0.22821417404953104
2400501,5453351234.29756,500000.0,104133.19395630162,0.24208654003564314,0.15754369246892366,0.06701355814773098,0.044938741458740245,0.2181105615856503
2400502,5140462546.64204,305805.3691275168,59023.36089011666,0.16681885404992805,0.22544719284893977,0.12009774322468382,0.08079494574329818,0.21113927552723388
2400503,4647068788.4069605,426865.07936507935,81097.84629518971,0.27668751688695664,0.15465515778127134,0.06360050534348086,0.04233690408431513,0.15960703500621523
2400504,3567973836.94694,320000.0,58255.48740259833,0.17805095206006336,0.17215830625821227,0.10229586021823395,0.08965372431556229,0.22963805534053433
2400505,3888960362.36804,320000.0,66471.13735972447,0.18366071240239745,0.20177583652068562,0.142147873100452,0.12877254407578004,0.1922148413563227
2400506,3178582771.7062,250000.0,53379.393952780156,0.11668752425040917,0.16033885413266424,0.2584016471723073,0.1806377516417469,0.1803785567253415
2400507,3879996882.4542,350000.0,57280.317735568446,0.16474105049695106,0.1818658844539908,0.11544973300562636,0.1044670348443417,0.22383227979989792
2400601,5785574530.28336,400000.0,77166.71597577006,0.21784779282051195,0.20374666866586308,0.07820325697680372,0.05612219659334287,0.19849811734430353
2400602,4536034316.64374,320000.0,66004.60277699954,0.19247104554261463,0.21062272270457702,0.12561133166624375,0.09861289669320018,0.23640066046735336
2400700,3632543184.53972,329010.989010989,66524.00301327204,0.1656034551148286,0.17918285243930948,0.1518002969485938,0.10328829195181655,0.21243984992491752
2400801,2701636795.41332,200164.83516483512,45650.40799265508,0.133326201534242,0.14331738714077,0.11407913672002266,0.12761243117866078,0.22135196268542484
2400802,3765376184.75972,295000.0,62020.29557187574,0.23185169450546397,0.16068570386558326,0.0709271033954453,0.06361638691983329,0.18446038637404358
2400803,3472612772.22902,250000.0,56268.53718267877,0.14943428981547746,0.1947485950110992,0.12636724410574718,0.15164515546695403,0.22008877642139688
2400804,3826017635.3539,285000.0,72718.62309183677,0.21821120688937315,0.18600314026617745,0.06226191176783886,0.04193393305994513,0.17748035814761468
2400805,3660201851.4846,239628.09917355372,62739.147265762775,0.2123726616339237,0.16845551290250044,0.10209642843822607,0.1060660343273949,0.22943569420347124
2400901,6952672980.71552,700000.0,113411.18963731376,0.28187977883598225,0.24813981489597559,0.02847876607045926,0.03025003645978406,0.1785587013315845
2400902,4857897280.90872,450000.0,85604.7311078579,0.17870587161855475,0.23703853987966544,0.03850218314521716,0.047138845866614126,0.2088239180135397
2400903,5259421629.86746,479647.8873239437,85492.63853228206,0.2569737335160291,0.30916514281556784,0.061135354604780534,0.058123549461065675,0.2684096800217128
2401001,6328702639.8884,650000.0,108035.21065019461,0.3002887228922976,0.20640745861511278,0.05454518097802226,0.03177767348174007,0.28248298465489685
2401002,6776965812.81986,424654.4117647059,69579.41881148533,0.2017177612516809,0.24806985366391832,0.10403756032176716,0.058989879848016645,0.27922121556142177
2401003,6873523343.08186,533262.7118644067,79770.71400647424,0.23566839668996062,0.2049421641721227,0.08109188373917506,0.05932469288224016,0.22749311081610413
2401004,8300670790.11856,750000.0,127743.89864600194,0.3674226726646098,0.1592952276588377,0.022612432914872783,0.0126301501162417,0.19920256995246796
2401005,5298700202.24144,500000.0,72049.00809378785,0.22888823758844873,0.19462689656277507,0.08662164160928426,0.08109365194593071,0.2376098061269237
2401006,4639908142.56288,550000.0,71713.08237218713,0.25992875941785215,0.22444557425681558,0.0597408066747829,0.05997570036208723,0.2060865744012736
2401007,5976371635.07292,540000.0,83686.27489109866,0.3437760165846567,0.2102365186878158,0.0630986410659917,0.043105270045659866,0.24878477718999123
2401008,8514948199.86734,950000.0,147905.9961762609,0.41178025768502347,0.17311239221753869,0.009181596696620895,0.007401523004884738,0.1469820563608712
2401101,3189988303.08544,350000.0,45933.4797702661,0.16616740569954455,0.11173526793005716,0.22331701314468416,0.16905250520333212,0.20958615190078736
2401102,5223947001.49364,400000.0,65879.90417420569,0.20223172178208138,0.2500227959433654,0.10831917992887183,0.07170208176485385,0.19229807305356963
2401103,2948173161.61694,375000.0,49348.417555772154,0.15666547878585982,0.12899715029986888,0.21097789503913042,0.2032387209226934,0.15244098681844456
2401104,3669119116.6475,300000.0,60043.187743789684,0.13713783573414062,0.185715424363369,0.16137590727105441,0.13733862063192642,0.240218048620038
2401105,10442974206.7313,470000.0,83340.44297299629,0.26693538609814604,0.21873780011244404,0.06915309168620849,0.04456378563051777,0.2407844944352929
2401106,5616170461.05644,450000.0,74691.06369103682,0.24380773346937046,0.28368861119936517,0.09820720623481395,0.08934955923468312,0.29297140390726906
2401107,3170528875.16642,359132.07547169813,55673.126396713196,0.13230804981411226,0.2775083749803153,0.12159714688564816,0.12006826325515116,0.20841201994633027
2401201,6116469343.33926,462311.82795698935,78415.26830860194,0.21573975764273,0.25874178060227043,0.0708784000593582,0.06620784576347026,0.22170236350192807
2401202,4411911813.14106,350000.0,63783.60290792338,0.20051810343021353,0.2580494386314697,0.1409448422180823,0.14955347119114412,0.2255890420532706
2401203,4805683023.37002,500000.0,85537.77052027376,0.22494871253909676,0.18609828018096064,0.07246831547093598,0.05214664073848233,0.24722534333191326
2401204,5032880621.6099205,450000.0,80244.91177489948,0.2660622844376271,0.21026699275594718,0.07017625524380544,0.04045316703307253,0.2227418905051643
2401205,5805013353.7436,490000.0,93813.84908600149,0.3272868473769434,0.23348787703682283,0.07552333117229969,0.060117755902205326,0.17529715500512286
2401300,5890340589.419236,350000.0,66101.16135403301,0.12768307468029683,0.14832956090848806,0.19551075783019903,0.13924648401667472,0.1596070038465083
2401400,4537237072.61388,290000.0,48281.32027256057,0.1541189815241308,0.11530346301225794,0.15501564535692372,0.12231426376133464,0.17553484362145816
2401501,4555126371.44664,430000.0,81328.47170002392,0.22277383442289145,0.16057419612486118,0.11670451961478964,0.07089970838073009,0.29258598340452485
2401601,4112048558.8198,400000.0,72598.44562807507,0.212648240865027,0.2109117137838173,0.11195038258870266,0.07968683712432774,0.25258570091815785
2401700,6414766261.18122,400000.0,66345.69550385492,0.1547920572454898,0.23305671824708213,0.10281638338314937,0.07542246229135549,0.23172249166582803
2500100,4210442567.24556,363474.5762711864,63980.710054181254,0.23808122162862808,0.10993686524755863,0.10280426797146605,0.0828322541646819,0.22832447441102277
2500201,3740048237.9146404,374680.2325581396,60300.98895433372,0.16688257998448977,0.11735738411062108,0.15909068432403997,0.09658105286544814,0.22042401435715797
2500301,3118062521.41186,400000.0,45502.554124945054,0.1850320056348199,0.21356976294755928,0.08369290213277614,0.06215152037543197,0.15382253039705698
2500401,4501476479.63624,350000.0,60737.19512691583,0.13948442554740148,0.17284810276979948,0.1643173186190883,0.14357244796857094,0.2447509394766471
2500402,3076420950.9982004,280000.0,45984.67812137637,0.11798577039082592,0.11313775737194413,0.244890771241026,0.18585221947961386,0.18942064073771187
2500403,5936175965.477221,370000.0,69978.96880130642,0.1590719782055496,0.09840228798475997,0.11925659232854098,0.07974723655394589,0.14106512933268156
2500501,3665287798.58904,400000.0,61809.23775023676,0.18647202895366213,0.1423401568862986,0.15185681178756655,0.10416483432083354,0.20053707384559266
2500502,4233393823.92422,400000.0,67387.12272650059,0.1570681586539071,0.1771100130909298,0.12032543156441244,0.0793726626433834,0.19726765261302298
2500503,8579916352.31618,600000.0,96516.3376565445,0.29750875698154283,0.16918241503332873,0.05282910976515969,0.05432795842758614,0.18546475153199252
2500504,3432513243.1807203,400000.0,60806.25762941931,0.16782220306733747,0.13411714228208219,0.11855640229824875,0.11625963388072193,0.2770720532604009
2500505,2727389728.3367,400000.0,49327.02250482348,0.2516784645524118,0.12423048931385121,0.12410162300931529,0.0974432987232072,0.23340505510357795
2500506,4716308894.59386,425000.0,76130.89418230604,0.16607240939409434,0.16873046634119757,0.11911147294279927,0.08819436634001881,0.18669068507591519
2500507,5889655134.84326,430064.9350649351,69430.5551804034,0.15852885649910772,0.16817785766773935,0.1657640066039761,0.10066882444735854,0.2090764513406795
2500601,5870567158.11236,600000.0,87589.03016997434,0.19887867258423655,0.2177148184600902,0.06556635330174225,0.04863745969467966,0.17890154099446529
2500602,3488484924.1132402,450000.0,55662.575378370566,0.19738558741870835,0.20580973286794516,0.07673232200022854,0.0928024909534885,0.2397307937132002
2500603,4274440607.53668,600000.0,74363.96324872442,0.21339241138822462,0.2174127526494086,0.08853199451264866,0.059787317266002504,0.1882570139627083
2500604,7119894985.76222,700000.0,112055.50899073356,0.27447000967607016,0.1593247789633402,0.0332145506225782,0.017838173871189952,0.23125805555498238
2500605,4255212080.0543003,550000.0,67039.7189364659,0.1888514925856164,0.19746995078537127,0.1285842103316782,0.12296326838161332,0.2298836212916836
2500606,7556393491.90376,700000.0,119078.95885251052,0.32864794942404907,0.18882897660138062,0.030826346792074487,0.019657309973832138,0.21194881090211995
2500607,9841508787.79762,850000.0,129999.85189418816,0.2784677372213871,0.1703742704264382,0.037567943500311486,0.029284531601936985,0.1644932371406312
2500608,8833032504.17856,625000.0,94672.43120843892,0.3001142003697093,0.21128770856909238,0.07342552696917475,0.06025916931701128,0.17494900281926565
2500609,5812801207.061279,600000.0,75305.10697060861,0.21418469509044658,0.19349201638014024,0.06775613704176825,0.06505420794040472,0.2018104663112442
2500610,6829657255.75846,700000.0,75736.13289151846,0.18737381460100877,0.2129730198398292,0.060884490700056595,0.0740601367001613,0.21260923069525317
2500611,7216192029.1752205,750000.0,89780.43233272644,0.19458921355291775,0.24651044529783067,0.01647309905567836,0.009347298676051096,0.1553770770577667
2500612,6901012800.62428,800000.0,106393.67282771811,0.2576077434034582,0.1793948434255052,0.039247115437910624,0.03326674710773356,0.20485266739437358
2500613,9234465188.27392,814538.4615384614,106554.80001239177,0.23031452751755313,0.14455548441345248,0.031459046967342655,0.023988467401197276,0.16502206662815316
2500701,4290602965.2195997,500000.0,64689.60837710098,0.165691757906249,0.15824891334416644,0.1690168394526628,0.09541078449035376,0.20455764103096855
2500702,4169286205.83846,607444.4444444445,59807.29581475872,0.2037746978612477,0.1360868220713806,0.15198962421510298,0.13193694239889106,0.17602064749757657
2500703,6064764589.921061,650000.0,88034.20751507541,0.29711771981699525,0.18361145942165816,0.08667737192593031,0.04152811813625205,0.21522791456447776
2500704,6817308751.79066,600000.0,73974.9422376017,0.2500640415093156,0.18119691756045786,0.1028838046464846,0.06691713171737664,0.22960296977033337
2500705,3275447299.22836,500000.0,60453.79928809657,0.13142310487261125,0.1330819002647154,0.13644040937977628,0.1376113721111576,0.20044977045799975
2500706,7586839255.98596,600000.0,83300.4595619794,0.34252911736969177,0.15275699888941272,0.07844079947697014,0.06383993616894634,0.1781919949943199
2500801,4128171716.0356197,515280.89887640456,54761.90857523638,0.2110404617983393,0.16046074606661165,0.03530924076903934,0.02636877570111736,0.22011832639281118
2500802,12367962529.12872,766279.0697674418,118043.06875808847,0.4214866694106028,0.14775402455207917,0.02264542799806902,0.020477569067105003,0.1840012256542725
2500803,7983234644.37584,650000.0,95612.180755675,0.3164089090672456,0.21172216408925415,0.05341320405041638,0.03397001048559343,0.15009836252470385
2500804,3486421338.1197996,550000.0,50826.17301727239,0.133896277486631,0.11547082485385093,0.1415122268451097,0.1528757299558283,0.15863470812338046
2500805,6444002224.423901,590000.0,86747.01789626305,0.23458933377440708,0.16162401883588914,0.057088067901014485,0.02313531404802211,0.2111395577032156
2500806,3866050824.36594,596363.6363636362,62500.82165620053,0.20222854158604214,0.13544880695454453,0.19585586518265297,0.1413901638212296,0.13625356685853526
2500901,8716538890.747,900000.0,134724.4762785669,0.3805757487733586,0.16505970963896663,0.015417328851365139,0.009480065684433422,0.2216652661247079
2500902,7776353022.102659,800000.0,110251.27276739482,0.283966788102451,0.14799479241365734,0.028541783617974992,0.014784503128423204,0.2137502068556754
2500903,4395036995.8893795,600000.0,70365.62593482836,0.23070985476198738,0.23693514860692877,0.06077076429090483,0.0522431908491173,0.19187276273790552
2500904,6429808505.02308,596612.2448979593,83628.90687420277,0.18004646939709204,0.16647274476242863,0.09548176661746417,0.07381739453714825,0.2342216288778439
2500905,5539606208.9237995,600000.0,84262.81842541753,0.2415376337193367,0.2003816433888088,0.07766774605225703,0.05226474141483196,0.1972819043064281
2500906,6895528334.12882,600000.0,91408.98687800017,0.2930355331249736,0.20967852411966453,0.07090991710365806,0.042728556415061736,0.23102676777237344
2501001,4900307639.26064,480000.0,68090.09058554692,0.250499848696383,0.11877586510824412,0.13025029002009797,0.09169892981963854,0.19085192000470166
2501002,6441061455.33844,500000.0,73504.60418289177,0.2652620760375007,0.17231687194639583,0.13163711638057157,0.09709113633746265,0.2114726074746991
2501003,3537231505.27372,422230.67915690865,54667.05054128305,0.16729610457147834,0.08870583626544948,0.23134542948058362,0.1587999567224632,0.24630735408514937
2501004,4352790392.51862,430000.0,52826.40831717541,0.13239656080180406,0.09475912087964287,0.21956463810501112,0.15611304990862437,0.19899594353532035
2501101,2891947528.9458,450000.0,57728.11260271878,0.1062700049224717,0.07728950369901026,0.23433362484603398,0.11717432145739007,0.221139616886246
2501102,5501979429.02788,560000.0,71343.0942560669,0.25776473426467866,0.12323632408494127,0.13012975911049193,0.09429986392700687,0.17583875208929242
2501103,8486339913.07654,700000.0,113220.64083406543,0.41130830572478605,0.15428927903361853,0.07226047171088244,0.041336038735317174,0.1929099596843635
2501104,6449156958.407801,500000.0,74410.48757826007,0.19633250881749365,0.105719095938925,0.14902268164459032,0.10092083836960701,0.18958504161149414
2501201,5267501411.96926,569153.8461538464,75393.26737900954,0.20564383839282804,0.08612301818891042,0.12706970493697634,0.07707406916962194,0.2354273237761093
2501301,4847424547.3284,600000.0,81339.45041242386,0.24390318746143488,0.14814177306730344,0.1164877103420885,0.0956861276805959,0.2682530424383944
2600100,3481892451.572488,170000.0,41606.6301600326,0.12765843005876265,0.10648667381060291,0.1883770645945998,0.16897307013040333,0.1671071411320571
2600200,2758775712.30886,160000.0,47046.77283563601,0.16434454812883337,0.10707767208317658,0.2255964782519741,0.1569731219717572,0.1989928331444362
2600300,2824645006.52272,175000.0,47607.4463446828,0.15495452876352073,0.07215672921834138,0.21529455551845772,0.18629050297912808,0.1744921324898657
2600400,3880766893.81406,225000.0,53465.87255888433,0.13038353568206962,0.11968257737189761,0.1724704163540489,0.14492346597138,0.19128449322144916
2600500,4415893032.970096,277740.9090909092,55898.795323553706,0.19299474559278154,0.17230350290360683,0.15520320687402875,0.1086124836771353,0.19230209839119322
2600600,2441170897.50822,184500.0000000002,45573.99229922935,0.1084242253946126,0.1152019459243996,0.2347504597835844,0.16247694358157258,0.2090389801100116
2600700,3889974792.97322,200000.0,46219.53581708375,0.10130989805673866,0.10174493890359888,0.18014763916667476,0.134869031279353,0.2408284070922126
2600801,4536937619.78692,280000.0,52564.38988538001,0.14592049195401827,0.14669160152399385,0.12589356183710224,0.10156276842910637,0.22393878076294046
2600802,4123124581.98144,307990.6542056074,50968.843339902836,0.1722921737644933,0.13940204066768297,0.1311901244760484,0.11029445480465647,0.17244907044527444
2600900,3163869200.07718,225000.0,52837.70938187311,0.10759111478593872,0.10171082418513067,0.2351726977156481,0.17739647653224366,0.149513887802903
2601001,4601059358.1969795,250000.0,52766.257534054836,0.19781465180737506,0.13920945378313865,0.14534048914796696,0.1205942015487872,0.20546470507788822
2601002,5743552343.21476,250000.0,50566.56169191752,0.15728789006379235,0.17920209973458834,0.1096764677022925,0.10657510925233539,0.21115900714368252
2601003,7226892349.75868,341800.4807692308,75615.67319311402,0.2985536400278948,0.1468983395174621,0.10747814599508135,0.07839321445660082,0.16331791654884853
2601004,3965959408.34214,300000.0,59958.566911212336,0.2533599110977374,0.12879289352588724,0.1319189769596162,0.08168542795643059,0.18647306947644382
2601100,4166192162.41688,200000.0,45039.428356632685,0.08508532658833455,0.0838205561154951,0.2581006659607275,0.22730463062315204,0.20940413472956448
2601200,2442849911.11688,159351.85185185188,35688.0922003927,0.09168352904746428,0.11587719684987896,0.2220793371795994,0.19185793618281596,0.1996275580017849
2601300,2283651788.00004,150000.0,49269.72573894369,0.1454497442552718,0.11703732912913574,0.19010958891364588,0.1792759155924313,0.20430235410903713
2601400,4536624780.68862,175000.0,51425.74311854427,0.12287707396848996,0.13869523430120922,0.13660337754360022,0.10599250219464512,0.2059541499105632
2601500,4492161306.79312,150000.0,48318.39632992492,0.2101227153290402,0.135483788766143,0.1872847230686379,0.15548607265864747,0.23186766557807598
2601600,2462615734.78044,168937.5,44179.61168225256,0.09173947380472754,0.09499606490756762,0.2541122069886689,0.19556564419012712,0.14830880697375334
2601701,3410330968.14874,226449.27536231882,52862.693846957045,0.10968010351964355,0.10509788959537951,0.24041488167311528,0.1763692007936653,0.19465858016037185
2601702,3020286045.23388,179450.3311258278,51100.34760568277,0.11993054458918002,0.1072452084542335,0.1876535465574128,0.10832696313076018,0.1224288022392814
2601703,1452171006.5877,69149.99999999999,34383.932532739025,0.09193958466484292,0.11396265219402416,0.308421150218572,0.24763661327780565,0.21903709509778763
2601704,4865766481.56762,200000.0,52101.021314341,0.11369346712741789,0.1317813722729285,0.18951440199993186,0.1365087726474054,0.19719216422208524
2601801,4805703434.12038,250000.0,48163.9583286935,0.16602385936872482,0.1622740142973969,0.10263856530530642,0.0970291476311394,0.19995347138460345
2601802,2667535315.05298,150000.0,42060.757715157124,0.13910650686528217,0.17969413725976474,0.15989423234141095,0.1656856676482358,0.18506175680534354
2601900,5467368464.9374,240000.0,54574.90407300187,0.185159179072375,0.15766494683004137,0.1461430365860715,0.1075841526300011,0.2510450902962245
2602000,4854606378.75652,200000.0,48990.40677703289,0.15189004750759466,0.12192220938773779,0.2195902085692179,0.15832651453950336,0.20916405568742555
2602101,4394000543.6954,250647.32142857142,60682.233720417076,0.22246241966395214,0.11387385863129423,0.13861820941987643,0.112106273577946,0.1747458508302423
2602102,3396097426.37484,215000.0,47378.59132777399,0.22302955564538027,0.1416222980418449,0.11102729648712456,0.10137794952340673,0.21772368107079992
2602200,2308603848.7537,175000.0,46983.95980042534,0.12747950385159312,0.08981183441325913,0.261713093424917,0.21478717288099008,0.20087734663794893
2602300,3130395630.65786,200000.0,52609.038714986804,0.11854449715221917,0.1015649326771468,0.2162623919656346,0.16222601266354247,0.17577669074996874
2602400,3994384691.65194,220000.0,54142.06099072788,0.1583569339612214,0.14118405427409458,0.14762155766413126,0.13693422477997053,0.17685367346283024
2602500,3160576962.3564,200000.0,46777.6242837581,0.1206857987520152,0.11723081202881303,0.16329363938837765,0.14307453657978925,0.16395862441548897
2602600,3762796437.19324,200000.0,48424.12247851799,0.13418764044430542,0.15847510308838328,0.18992183339314123,0.14250577505688813,0.16552953055866124
2602701,4581243527.17552,350000.0,79235.59319200802,0.20982906246912789,0.14583695668409785,0.08089562127366061,0.05526632792012667,0.1452682690183788
2602702,4890622809.58108,396808.98876404495,66961.81074512679,0.19937792056012665,0.16215367334566316,0.023834675368625456,0.020881530780646664,0.13197593328353355
2602703,4726077436.8964,286038.961038961,61366.471510327996,0.19514264367687648,0.1801620579930131,0.0796876598363819,0.07052265383219664,0.17827393123970708
2602800,7357870286.0017805,300000.0,69034.1826182579,0.21629946321624985,0.12054641125685989,0.10316963577559544,0.0683221927274077,0.18419318354958725
2602901,4946953727.87608,320000.0,64925.764861748685,0.1644966729603549,0.15946882149599145,0.11351146725085892,0.0655757967963201,0.21336479377816414
2602902,6434139264.55938,370000.0,84094.30362378455,0.2807781801364097,0.19152926562347136,0.04805098720679809,0.033519810928473816,0.1962143041994687
2602903,7639581246.627,382526.0416666666,77273.64102835208,0.2110685287769057,0.1788874807470354,0.043513131317579716,0.03448208215670303,0.22021669548230682
2602904,4611971035.05702,220000.0,52246.08644739131,0.15394206151136902,0.17956910720714467,0.13750735908387146,0.115301763892831,0.2011616348749358
2602905,6068589026.23302,360000.0,83252.24334284056,0.2106638190536304,0.19750630781913442,0.0782567075534511,0.0582263161315996,0.22152773823847
2602906,9004313597.8001,450000.0,118802.95542801483,0.3416254469669006,0.11028398945034897,0.04853903567497483,0.03872973794821868,0.18829426103084954
2602907,6433467602.022908,280000.0,67632.43347654544,0.25621154369949845,0.21196664526751496,0.0643958854549514,0.05952922540960428,0.18885292829545422
2602908,7823985800.2385,250000.0,70077.88655529033,0.22885537624227514,0.18645253709319504,0.08636649490828084,0.06744871249295896,0.24817312734488994
2603001,4129032607.23,300000.0,61236.17202393664,0.14231801352350687,0.14122716503888286,0.1594107039902617,0.12695975417192903,0.18779528813069676
2603002,6229446170.21054,320000.0,66844.57169755819,0.17381803664543174,0.15542382215558612,0.11156812890814825,0.09100526248496338,0.2017351077930009
2603003,3365971933.67716,250000.0,50842.425437695,0.17793693645225897,0.21018099163896797,0.1611591225168631,0.1408310483389984,0.1531496302465732
2603004,4630771925.7143,200000.0,52828.92130275509,0.18467792845182815,0.159071487088014,0.16562384755740153,0.12668785626338244,0.21419364665017515
2603005,3856697011.79062,175000.0,49642.76811119489,0.1497776648321682,0.17239751597777228,0.20037399767486697,0.1736428795788113,0.1372118122308254
2603006,3609419496.78172,200000.0,51157.529541233365,0.11786995362571141,0.15483277534886017,0.16889605394206875,0.10855816704048131,0.16217733837663706
2603100,4218500052.4887,221879.56204379562,52168.48314419079,0.11995068370239292,0.08536315231916536,0.2177946599419323,0.17677517482280453,0.20296908965744134
2603201,9327146449.92884,350000.0,80596.1136980034,0.2246677425300197,0.14960599401499972,0.048330526520213385,0.053788387313316775,0.14519229913907183
2603202,4499934407.68534,225000.0,62757.96560374517,0.17284072619984422,0.21065581172597506,0.13737672876324888,0.07749720759578353,0.21812361805577563
2603203,3401951590.48746,200000.0,48791.687087480066,0.13384624749118057,0.1296192633169174,0.10845666042980692,0.09314213136962861,0.1374497644611688
2603204,3600788522.4684,165000.0,45805.1484203025,0.1052865778305999,0.1524413043371161,0.2892413893236464,0.23374410345071475,0.137051369453628
2603205,2506917635.4632998,170043.55400696862,46284.689464455434,0.06499492349164789,0.14736051151797333,0.2609011944592765,0.16976504380868818,0.12369603806640088
2603206,3762421030.27528,200000.0,55621.73514296054,0.13219633721508542,0.10123352859244795,0.2053595141693296,0.16457774853812548,0.18307369713649602
2603207,2644727382.21476,150000.0,48361.171434065865,0.09537253716402812,0.1498983564917043,0.2360233786583874,0.1672880996354252,0.16562518496329098
2603208,1931997875.6739,87849.86595174263,35737.36844812157,0.10292314654312966,0.1026720662130176,0.2836953905888834,0.20486300066693544,0.1733225513381571
2603209,2388191022.73224,100000.0,41986.48070907595,0.14693767693177698,0.13837803937849075,0.15731274809382031,0.15666894067591916,0.23165647477816026
2603210,1410547033.05472,72109.375,33224.520858667296,0.09403155249872097,0.09819354806627482,0.22967696762075435,0.2118566546364904,0.19541058151685692
2603211,3504351835.67494,178031.08808290155,64050.88162880063,0.374793222490754,0.12473547087822333,0.06716134256725684,0.05628532975970741,0.13664875655598957
2603212,1535919649.13864,85000.0,36932.68687663548,0.06344641078630005,0.08146886084436385,0.28867363513583016,0.2724804394309975,0.21044503306398155
2603213,3287815693.99234,200000.0,70698.11190178132,0.3073051291331156,0.169527470608971,0.04536331098447134,0.04063137216058049,0.2594431148122585
2603300,4200088556.53634,250000.0,54044.06501282027,0.16938480495756292,0.10952284182281381,0.18837083980463795,0.15432106444620197,0.20347618548285382
2700101,3455434230.36996,225000.0,46251.294744611965,0.11255297589234102,0.1232676339357777,0.23323494435939893,0.19057757013813975,0.22340044612749896
2700201,3632278803.13196,250000.0,50195.942665099916,0.1265884812144734,0.11788355484320022,0.19604776122358952,0.16113194154471877,0.21046613090804278
2700301,2734020428.72438,220000.0,52879.338311594685,0.1330709027594018,0.09889235790492944,0.25968955774620356,0.19844114774330912,0.15034743843597623
2700401,3181775861.3014803,251350.21097046413,52290.55780471799,0.18421472707711353,0.19858716252594322,0.0803215044188132,0.06749837767623021,0.15200962723495
2700501,2729982372.80588,250000.0,50600.20708789072,0.13474309507930157,0.115610442808805,0.22916648009615764,0.1457587258252142,0.19603286104747092
2700600,3887172688.53094,274970.58823529416,55377.56344603442,0.15666369024523796,0.14338297967837343,0.21154145235959845,0.19015898929974087,0.1634906638501768
2700700,3508558030.502,258141.8918918919,50450.90921577706,0.130175693593488,0.14434367925276684,0.2093887845866887,0.1198524084315955,0.19015819193935937
2700800,2999725058.7014,235000.0,51971.189014040436,0.11250484442887537,0.1159206107418173,0.1895112978555906,0.1586930797237927,0.18284822883126056
2700901,3054472145.58822,289000.0,52089.43102010983,0.14063331834099166,0.1423674259623332,0.2182373530242255,0.15487198750836903,0.24961382044969088
2701001,2854907298.14564,280000.0,50483.76329588584,0.12917748209216515,0.1220004851134861,0.14471385178700955,0.11337856459617608,0.14382812792440203
2701101,3513564659.10604,330000.0,57556.96058818969,0.1427553989513936,0.12818115898205468,0.22258052083907803,0.14476018682274935,0.15473003918422906
2701200,3615698697.94854,285523.0125523012,54968.206664060024,0.12482633019069764,0.11561699768699854,0.258377230328249,0.18215556488932133,0.18989703569416505
2701301,4748417625.0714,363203.5928143712,67959.7776627127,0.1981753649904478,0.17934767450855685,0.13351539619122424,0.077218883565804,0.23966708579599458
2701302,4300592640.97634,300000.0,53863.788995470306,0.1636949113786741,0.1512247241109898,0.17508598087738356,0.15037733692619176,0.17652029244101022
2701303,4039652453.10246,320824.0223463687,69855.13242667969,0.24444547263099767,0.21935572694875216,0.06819991945266295,0.04985021424225287,0.24617627856669896
2701401,5660233886.28392,375000.0,77352.01757818818,0.2513848102749277,0.1677359143359569,0.09445379476333934,0.07257337130029594,0.1796193105618255
2701402,5612559379.2763405,375000.0,73144.96402122114,0.23605126169825943,0.17054605494821817,0.10410228395355607,0.07713523461017166,0.21324964726458184
2701501,4679233327.29982,330000.0,65546.4969924892,0.16473075067171372,0.13177980278851134,0.07016858481152677,0.07333498576054502,0.2237006619209203
2701502,3583201266.03832,316605.0955414013,61439.29744068723,0.1868493696602863,0.17568122426245758,0.06304730430966085,0.06976211630647675,0.2218275426161617
2701503,3571113452.82312,260000.0,60640.405040297504,0.18371924360939543,0.2259114735223057,0.07666608872024562,0.06416866826721625,0.22190735885440124
2701504,4754257108.12482,350000.0,70180.78780279616,0.22830456984479586,0.2051630201429972,0.051746629064227084,0.05638204350705099,0.1638580689903545
2701505,2404335722.3634,255901.63934426228,46406.788696456286,0.11736855386427114,0.10329955867055947,0.17124611845373947,0.15600293312196128,0.17030735150900458
2701601,6694217837.3811,420000.0,98072.28218496147,0.3261378706713139,0.16161859100481005,0.04569619128374134,0.027220793067661588,0.23826284781419463
2701602,5267511627.53962,470000.0,85799.87339826398,0.30061469454536854,0.14085631530703618,0.07021148999223888,0.058512411766669936,0.24046594016203388
2701603,4444384022.175961,340000.0,67639.42992643037,0.20479656360913895,0.18830421096902814,0.08089552522159742,0.06952307806941502,0.23342863351325535
2701604,4155858276.99298,319513.8888888889,65254.42047816634,0.21443677347650453,0.22881317892944267,0.08428151106973651,0.07916450673047236,0.2171395229824158
2701605,6056225219.30004,420000.0,94609.30153718838,0.22037928975495674,0.21467626664062614,0.039484458684305265,0.034075632002151926,0.16506756265902883
2701606,7041581821.86684,400000.0,96095.38902884726,0.2739807154406113,0.16051685468306048,0.042531380251720305,0.01988002974551635,0.19651139863766642
2701607,4436414388.79888,325000.0,64038.77749900948,0.23389198497828612,0.16699567487138683,0.11755656605978136,0.08404961494774922,0.22170934512115753
2701608,3378176400.14192,300000.0,58082.19112379079,0.14397812123593268,0.2411673971281587,0.10514810873411981,0.06459961303073221,0.24497611506931163
2701609,4703174719.46972,300000.0,57512.19437579906,0.29146917283076407,0.1649209075699519,0.048839293371380106,0.044367475922894736,0.1701639791836682
2701610,7070405920.2278805,390000.0,102411.76610651777,0.3380314332259398,0.22261066912408212,0.03920796414541151,0.03494790690450713,0.2487734958118514
2701611,3295728672.75416,321706.34920634923,57345.94269725879,0.2683664367187958,0.12700611475325269,0.10028722334960691,0.1187310613426304,0.22966827436691165
2701701,4059014557.8332,364932.8859060403,72165.39056703054,0.23679482774929664,0.20395528865718834,0.08254775805555732,0.07721300294471108,0.16783310929470052
2701702,4365213637.351,320111.6625310174,68825.89614894992,0.21320424897489737,0.17313396756783522,0.1129508533461851,0.09904444425500529,0.2114647304324308
2701703,4174621730.9493003,350000.0,64394.35639836031,0.18342739452780848,0.17552615894685458,0.13894986504937656,0.09708449188852321,0.25777414755779443
2701704,5906490690.45676,400000.0,88123.69549357345,0.20179989459135605,0.21645700143391422,0.08602564557944083,0.08292449529792172,0.23560793459633536
2701800,6205952784.835381,350000.0,70748.90883097403,0.22796356066436416,0.18891130668208564,0.10610938554268548,0.08692015628722008,0.23136740659052366
2701900,5295823622.00926,376878.10945273633,83075.65253281347,0.24772068870572858,0.2118680748976496,0.06652855652117183,0.06554098877330644,0.23851861626693563
2702001,5012150038.258141,350000.0,67004.6660997305,0.17405958733054752,0.1267885849614047,0.11937785479505306,0.11202788299073681,0.20492931024941105
2702100,3431768179.42632,250000.0,49260.301717140646,0.12295810647079856,0.10036902865373025,0.2222354404094195,0.18501310151302772,0.1800746855700449
2702200,2646886598.9966,200000.0,44934.83743309736,0.15401781062937925,0.12763805229130404,0.1779843893436045,0.16976793166140366,0.2138918726143383
2702300,2764519472.8172603,200000.0,53170.99364947705,0.17408863597185914,0.07560057180672108,0.2306686910056764,0.1852456025533345,0.24195193015156388
2702400,2555025121.5703,290000.0,44573.98024406937,0.11983603997404983,0.10368695383127206,0.16013853098317657,0.10732356471781766,0.16700275648222024
2702500,4103648203.556152,254075.00000000003,49373.730100297806,0.11979429319920586,0.1347153864589532,0.2130259005281855,0.18535558878976696,0.16355899172160016
2702600,3230649474.40476,250000.0,50232.44510378393,0.1387531703554659,0.126099235230569,0.21192548795162203,0.19027301943200078,0.1481162990862897
2702700,7033068020.75726,330000.0,78277.40206523529,0.12555975516015536,0.09483581843383118,0.09684730089032488,0.09269628065238089,0.215157258724654
2702800,3082548825.10828,230000.0,59231.943912768154,0.13040217494257533,0.08053482528033588,0.18878349453854265,0.14717948437753728,0.16412314542525658
2800100,5628998260.8264,250000.0,54613.35268095857,0.1727074530501764,0.15138059334118523,0.1746944650859623,0.152668345131781,0.16259821806527772
2800200,2576971408.77082,125000.0,42778.40984015306,0.12264146363833676,0.11194799772256854,0.23844784768717917,0.20973085617013382,0.2340013231092966
2800300,2044529387.27796,115000.0,45946.54562627444,0.11928543192499655,0.07773262974487802,0.30787407338016576,0.26826717871116246,0.13218664463881213
2800400,3644308085.81878,150000.0,51077.213216986645,0.14945200462579214,0.12122619261289552,0.18497436625562538,0.16354172443342022,0.15960511743690808
2800500,3084694268.20194,170000.0,47333.76710095199,0.08597253956694509,0.09943944319373929,0.2146891588216566,0.19209383887572634,0.19016951862376824
2800600,3195580665.17084,150000.0,40819.31207586081,0.08900133332551473,0.12311849599906953,0.21406876162824967,0.17666127580554103,0.16938773209209593
2800700,2140333769.00782,100000.0,43715.96750424469,0.1164278522054611,0.15154781878153645,0.22560918121230453,0.15092348520237725,0.11922570689677683
2800800,1588572768.3956199,119684.30335097002,39643.95119651668,0.15499442198059957,0.12188904097491005,0.20431419716500468,0.1844744385429489,0.17079215178969456
2800900,4200749713.95934,250000.0,62997.70120363132,0.25438479959488086,0.13237057836687915,0.09763194330060715,0.06120598914388181,0.20638113441194927
2801001,2579911515.16958,167914.82300884958,46264.82166217596,0.11676103544866719,0.10319875614854161,0.2119650302342307,0.20617870358473755,0.15841572154468866
2801101,3316934004.85782,140000.0,40442.52346929648,0.1716825629651953,0.12792340807925967,0.15935749158345328,0.18370478506385574,0.2033821198539393
2801300,4822590353.05072,207549.50495049497,51460.17556475186,0.1709275047302635,0.12376393606900302,0.13243307609672542,0.13410983626405845,0.21727625435550646
2801400,1867188146.12708,100000.0,39215.10787010291,0.07998396629593622,0.08636273756866762,0.23018346537263648,0.21739256113840696,0.18289369197953223
2801500,1976864099.96012,125000.0,41970.74584319059,0.1230998155489339,0.12146486453552574,0.2544473612353765,0.1895503989921003,0.10687273850127689
2801600,2970857345.36032,100000.0,46847.12604642866,0.14023534336983468,0.08071348437593771,0.2746718284734639,0.22836728407788784,0.1678842558765904
2801700,2296262124.5806,150000.0,45493.959753152114,0.12734488456852827,0.10381459997122056,0.23256302652526525,0.20506227029886806,0.16960640752524409
2801800,3834211032.5416203,180000.0,43036.05258035559,0.1560205583397049,0.1164277005726847,0.1854206266372697,0.14038564520127442,0.15258921555197139
2801900,3175723329.5716,180807.6923076923,48869.311362359964,0.08159278380335303,0.10099577961108677,0.2672066195340358,0.21695785280562985,0.14184072804036257
2802001,2187415925.86222,210000.0,45492.50100580704,0.18136153544874026,0.08998875056722919,0.17015217651875303,0.13874570434923147,0.1971907631670544
2802002,2608951924.66468,200000.0,49855.76007385209,0.1500810436005122,0.10203929006382738,0.20378750608742396,0.14797527223527474,0.20890565891216653
2802100,4147706333.40714,200000.0,56771.233690215435,0.16214197590280205,0.13050624080754217,0.1689118654569244,0.13909310496165006,0.20360809418234746
2900100,2226923767.44404,150000.0,44141.204508306044,0.10898191860700891,0.10200340634134802,0.25441004699932857,0.22517914029742875,0.17885664471833737
2900200,2447231738.3098,200000.0,46052.535534621755,0.18480723748408115,0.11684352955453614,0.2378793517412714,0.18872978128348034,0.1979046577228924
2900300,2298708111.38548,170000.0,42513.55856085593,0.13094682990452222,0.09721555701185124,0.25751083449713147,0.23661078924678286,0.17033075066108772
2900400,3633257856.46254,240000.0,47884.151200149456,0.1668380600886068,0.14537909407918345,0.26927493560326304,0.19405968041324717,0.18561938883809947
2900501,4640717701.02596,225000.0,52829.079971608306,0.18786918501451913,0.16535135059158115,0.13350741488634543,0.13296790085733082,0.20418457432683632
2900601,4199788532.7792997,260000.0,49767.01386175094,0.21080414076722861,0.16779122939027072,0.08023371733510745,0.07087766603877785,0.1540776552798938
2900700,2938203672.3166,150000.0,46346.0995365175,0.12490637861392431,0.10398553592307885,0.18899143313787448,0.15794938343388376,0.15771050034565096
2900800,3445558801.8003,225000.0,48302.451905854236,0.13807195318931403,0.16311243251171587,0.23369733691677955,0.193339088163456,0.19922440430266242
2900901,5005796993.40258,300000.0,68182.14870198835,0.2385915306174598,0.18254444297579833,0.08603972927860243,0.0683841956480535,0.22262035546242084
2900902,4083863626.8785,225000.0,56166.464404875536,0.1512515943763117,0.15526192395637123,0.13775736870692953,0.10833615235063354,0.22536561606912883
2901000,4157533161.55374,300000.0,63779.541029572916,0.23095999847158122,0.180313188183721,0.08648121503839808,0.0657963345722947,0.18963594198897382
2901101,5812058732.8826,165000.0,58504.376035619665,0.18320642783815938,0.15967655153521074,0.10801684054108496,0.10906159385925185,0.25995207647247953
2901102,2798465435.90188,180000.0,43544.36080573047,0.14179912725558255,0.15973434439097112,0.15187152117745922,0.14558230891426474,0.1789813004791965
2901103,4147369494.85512,250000.0,58556.334376087085,0.20237694230866218,0.1963938610730061,0.18687400423942074,0.15097994163596315,0.20536442685021802
2901104,4702219838.91092,305219.7802197801,69759.66292186038,0.2637463638981713,0.2096792901999149,0.09221948262275087,0.06178647185587358,0.22965619084939123
2901105,4049159438.0621,200000.0,53734.44944677991,0.2446259901716443,0.2053900667934245,0.13589833189729802,0.0953950860034314,0.20922364092353313
2901200,3542083248.7032,255046.7289719627,52632.03388910979,0.1958522883813025,0.18288018809348397,0.1888963542409628,0.11657783079991081,0.20599696212651605
2901300,2334156446.39008,150000.0,44318.304214894815,0.08254751264414599,0.11391258073220212,0.2546353424173316,0.20508085502527712,0.2789826613887536
2901400,2184001152.27302,175000.0,42264.991142025385,0.1221585916456734,0.09100407060552415,0.27830567345269286,0.21348331543101443,0.1765287623498214
2901500,2055277716.96404,225000.0,47456.13422069408,0.1532497063217617,0.1084540710271808,0.2088484903236608,0.12419201218803753,0.24265391691673066
2901600,3030321589.10544,200000.0,44271.232437368555,0.1109027702135103,0.12855337997129826,0.18234321793452848,0.15922261665419285,0.1408070390872806
2901700,3187078568.1279,220000.0,49499.55841530612,0.20871293408079722,0.13255265835004243,0.1982102542012855,0.1717320699171215,0.15922196155897703
2901801,5359732107.83926,350000.0,79057.92621637673,0.2548819867287236,0.19793226964227512,0.07864766625601688,0.05682462967101228,0.2917729019635732
2901802,5885644391.81198,319340.9090909092,65829.79399612984,0.2376939197827926,0.18548631697588894,0.11942734596427088,0.07901374662311676,0.17194615786177952
2901803,4325933800.7747,250000.0,57170.679434558,0.23078757450611215,0.2090970560519471,0.12064396108459567,0.09164888266741382,0.20952355858517346
2901901,2694252395.95378,179069.44444444444,49566.78924044779,0.13943088699773193,0.14149788529810034,0.1393624335720332,0.13003547457831052,0.1554728659531963
2901902,3657105218.4873,214482.70893371757,55423.28132889747,0.21920001585685409,0.28364089929270986,0.07949812053207943,0.06660177009381986,0.21104287989686132
2901903,3209924916.40436,121274.72527472526,40691.19498516017,0.18831439438537734,0.15526224518830403,0.20125510873839408,0.1499985443737422,0.18998969538573338
2901904,5651294344.65272,400000.0,107255.53890022244,0.34117393185353234,0.2050866250744231,0.017311563937378305,0.01406753317947826,0.16219200352588004
2901905,6462922653.56668,400000.0,98956.11234809879,0.30431935367129764,0.14809539848365524,0.04888805537251354,0.042260752551855074,0.2326849343152958
2901906,6150854555.559,351023.6220472441,92448.17692812589,0.43045560073133204,0.19161940033984182,0.036534746934847186,0.030131654528214806,0.17548222510133887
2901907,6217195478.79966,230000.0,71312.83382807988,0.31876295073682065,0.15668728246972832,0.09852514525186261,0.09175476811829904,0.20061767303203878
2901908,3853396750.46318,321204.26829268294,71775.22958003204,0.2509571839886878,0.17868257288238948,0.08831021881977154,0.04777414472285314,0.285919452649761
2902001,3082615297.68188,130000.0,49672.332742742874,0.22348109951795023,0.1284563153918613,0.06697859366124097,0.0571318502093461,0.17994730825333263
2902002,6191484702.9455805,200000.0,63830.39725095702,0.22022104268582318,0.1378090915875238,0.08597908074309571,0.05347489271862133,0.23640424434649937
2902101,3856120015.57852,250000.0,57108.2448288512,0.14664196901251392,0.1610586311576779,0.14727921402811836,0.13433768717600014,0.229370649075974
2902102,3159636620.12428,220000.0,55430.27648370724,0.18296128445595164,0.11312746635166564,0.1843883220709995,0.16247687678597908,0.15664120738546594
2902200,2808229635.05774,170000.0,47387.48308428376,0.1280430300744144,0.08562328768881328,0.2504427669992876,0.20754044502525754,0.23969717084344486
2902300,3089050332.175,200000.0,49619.313021845635,0.19778680077394972,0.12894319555432704,0.18867257717838384,0.13853251537791933,0.1954959425395948
2902400,1790026905.03436,150000.0,38599.79525239056,0.10037858178201572,0.1111288103357204,0.27013322712887283,0.20567982369233317,0.1839880532056462
2902500,1958967328.06042,150000.0,38867.6281831793,0.12921042259965304,0.11645254757519055,0.23685501523710417,0.16769722364693146,0.23644547859099055
2902600,1866430664.64344,150000.0,39782.39118090715,0.13144033480368603,0.09410508907886707,0.32210622512575904,0.24796975918073877,0.22085664127825966
2902701,4438206375.19712,250000.0,51478.95208663465,0.1638998254688398,0.14433808452878627,0.20367135112868032,0.16384893233909206,0.20331032346703876
2902702,2578537928.76336,189000.0,40121.64574536877,0.13148591718610117,0.13291381842397273,0.267154702774209,0.26815783679405275,0.1917745485489663
2902703,4068118547.7178,250000.0,53831.74164319382,0.22178383835887847,0.18791893343881746,0.1087381599454328,0.09635363272022106,0.14561192115626412
2902800,2916467028.60242,180000.0,42069.48472560288,0.1341313179688026,0.1348454605604293,0.2112656394090149,0.1632328470606887,0.23711402159883355
2902900,4388574882.99818,175000.0,48178.44860026546,0.14721876785454588,0.09819044137002564,0.16342038059554684,0.14125175638511647,0.15089748425791522
3000100,3787299104.60768,480000.0,55489.935893566195,0.2121552233898444,0.09295323571341416,0.15561264160193916,0.11454624065051731,0.1868229583760257
3000200,4832800287.515216,450000.0,51804.05496318165,0.21615868798582358,0.17075847488547843,0.13988219688763365,0.12705721645217619,0.2310670788984479
3000300,2746343760.79276,350000.0,45705.361483037545,0.12383454927253133,0.10109349405380234,0.21012613111033865,0.15308958701926548,0.17821995817737485
3000400,4647538857.57122,600000.0,58304.1305897634,0.19954337426451274,0.18748819845116207,0.14480726509538103,0.08418057385995822,0.18496407067628842
3000500,4475424960.4762,325000.0,54859.34004015935,0.2298525069526234,0.17562570990726364,0.09524620548082292,0.07445851022948731,0.28442268150418454
3000600,3211619600.00468,343387.8504672897,51386.73578784749,0.17068562319447833,0.10128613969420475,0.1795750510090795,0.12457030178443829,0.22677089745028917
3000700,3485928411.36198,260000.0,49973.16949598572,0.14915500767884496,0.10236214800429157,0.1758145090282001,0.1858738194921403,0.19121066712881085
3000800,3179289124.36214,325000.0,51750.45372120355,0.16228769526455597,0.07917682501729807,0.13388353737290218,0.1067921581009775,0.15348505894033843
3100100,2682873575.9461403,158429.05405405405,51842.96765113315,0.08707166203663473,0.0654799285276224,0.17555604815791565,0.16798959889112863,0.16751924567708462
3100200,4361595378.16418,200000.0,46622.64837536937,0.09639109249339785,0.07334740406485221,0.2446120002589657,0.2003950795385585,0.22089065047544953
3100300,2711642966.9713,210816.76136363635,47370.73470941949,0.159818419186742,0.10589267442092391,0.20987923456225552,0.21916194248789167,0.16781906481610062
3100400,2257006042.7737,150000.0,46789.93392569397,0.08800657277926298,0.09747175797023677,0.25987913120224226,0.2454401389034221,0.17623212677819192
3100500,3053511300.84912,185000.0,47102.461950254066,0.13129838761095527,0.08695230667372578,0.18485490731612356,0.1826069009831222,0.18830626430408343
3100600,3551430595.495364,180000.0,48679.742245156114,0.13285384389644506,0.10691652351715954,0.2339910437025317,0.21618824939765774,0.1619986193891962
3100701,3086501343.46658,225000.0,54178.611937484944,0.18121733805066018,0.14604473547906002,0.2354736180616244,0.17097791017438257,0.19698572210667928
3100702,7183778095.7892,300000.0,63012.83361071181,0.18565537859048817,0.18535675163584192,0.11467833369622142,0.08841683917688183,0.20754848671691922
3100801,5398184065.21402,233200.89285714287,49425.32036746372,0.20583104032547436,0.13163723555361706,0.1205619477723195,0.09250778237486823,0.18433599172873116
3100802,5230408349.74634,275000.0,64617.61649716273,0.31021912169658616,0.14295128622553172,0.09588277813447618,0.07691172920469383,0.1546801628668049
3100901,8381029808.550324,300000.0,75026.89901752195,0.2911809567169548,0.18454478934646934,0.09056318423861462,0.07001906942455666,0.21618642334426924
3100902,7536436600.37182,300000.0,82339.33070799222,0.3061401639780491,0.19373521136049432,0.06183567550529494,0.04406382500703796,0.1594622478020619
3100903,2686625361.40542,175000.0,44944.13171295682,0.18001252121434858,0.14569972327136474,0.1433234635010556,0.15176358574506585,0.20182360244161215
3100904,3194263519.2811003,200000.0,51013.53518719018,0.23779699889067143,0.1510544414243547,0.18761921156682757,0.18103326646742807,0.16680713672027211
3200101,4948952411.35364,450000.0,57320.67468963422,0.15176826024664894,0.12976557712304695,0.18234612807010384,0.16071093435102465,0.20995134617202785
3200102,6114509177.25174,450000.0,58246.734274993716,0.19232229049683947,0.09577909126802975,0.13861780774919988,0.12332946257219314,0.1611972671863111
3200103,5864764000.48528,600000.0,79624.7912631224,0.2548170400372363,0.15643595652757464,0.09694519324907779,0.07538297835619953,0.18402781394570952
3200200,4580078748.25088,280000.0,56734.69859591319,0.10407416962977725,0.0887866265115853,0.2620015127962357,0.18510205030537644,0.112452704972484
3200300,4618216755.25272,400000.0,55287.459209787026,0.13292137908906101,0.13465180714528216,0.17306684639717881,0.11835226320297952,0.18908788160293133
3200401,4983337929.42878,425000.0,62629.92571673009,0.168122052501592,0.13730882901780525,0.12552848465436187,0.10395442618806726,0.19225514652433376
3200402,3296254122.13618,379139.34426229517,44353.971798325816,0.07951165858704753,0.0924897345684456,0.2672490824589179,0.28581707624155,0.1284578701713055
3200403,5238801134.06932,400000.0,47104.74332892137,0.14994304552706583,0.17739353643554112,0.20832065536598762,0.21738684780106998,0.15830509579031987
3200404,5061759824.91886,450000.0,62500.89304356083,0.22935655591058585,0.11751266844958116,0.10698351062069221,0.10326529586175673,0.1788201936025223
3200405,6857517083.79992,475000.0,75209.3912392099,0.22664132711972498,0.13970409571391626,0.08291799891530394,0.07900499227915701,0.15893192685088744
3200406,3182162442.13672,350000.0,45608.015280294676,0.11875567330241393,0.12254390883444592,0.26017798030171346,0.23896331025965548,0.14709115605786213
3200407,2469555889.46666,334735.0993377483,39697.726847669306,0.08859817556769406,0.07563905127036478,0.26767277942393947,0.276545473290395,0.14209055214627378
3200408,3338300726.66088,350000.0,41979.58711628078,0.0884322568229753,0.11009894126393865,0.220117995920805,0.23500027406621754,0.10170406763497371
3200409,3598029135.83032,320000.0,43765.25489989685,0.14535500083017222,0.10729569333582127,0.16803838425284856,0.1990648766470849,0.22039375155115376
3200410,2872482208.21274,400000.0,53168.515311382296,0.1173498928264328,0.12952406017577847,0.1348909994345571,0.1655183758689821,0.1466488210928901
3200411,5550960448.35246,500000.0,76105.1913728435,0.17565707131400335,0.15948505705549712,0.05590750727217122,0.09416082617449269,0.1838753118434562
3200412,5774442290.8992,450000.0,58915.66635615231,0.16946878105636995,0.12182767743692395,0.12060101968002791,0.12992415430626672,0.15778501096348124
3200413,3438337351.9027,420000.0,56575.79477906177,0.1384108373915217,0.178434488600065,0.15690551375693135,0.13135174748714434,0.27517833031701155
3200414,5357737716.53248,500000.0,89606.26365621622,0.20638132445700072,0.09140452189138272,0.04836127616685456,0.05250847044384139,0.1946873867019908
3200415,7957889488.06692,450000.0,73659.60872363768,0.2433183189479242,0.16892833054565978,0.10738048220396625,0.12284082645526422,0.19450450797328084
3300100,5363595214.46896,300000.0,60364.81845822831,0.16113808479985578,0.12468864908292947,0.15134589041423976,0.11533653042622612,0.15811264019601526
3300201,4238826529.49082,350000.0,60820.537341676754,0.15410028281201327,0.12878008592004642,0.13995115575344394,0.12204241965415405,0.25051363117075626
3300301,5053295745.70214,355189.8734177214,56230.201469957494,0.17250064189256756,0.1334220500823664,0.12545626132050425,0.08186619617255718,0.2366643163575673
3300401,4610591178.6151,375000.0,68573.25210623922,0.14563141306679134,0.14790650414301876,0.13701688298812792,0.10398123911697667,0.19338036438318795
3300501,3867414929.25476,350000.0,60434.96834426827,0.21052560776854426,0.11857079586699111,0.12589971905288308,0.09597206479794561,0.20604009913259794
3300601,3931021831.46518,350000.0,55836.792015357234,0.16018548806738614,0.11732281371576636,0.11585036921116726,0.10823722372022875,0.20328415190426763
3300602,5340246937.09074,450000.0,80174.25740287564,0.24162992328560076,0.22857016942400984,0.0783826086458158,0.05850019689628665,0.19327743238620612
3300603,5020172564.22906,450000.0,77493.32475423822,0.1937717239607253,0.2741647785872804,0.1238819635567459,0.07668252253072054,0.16088083993421637
3300701,6868438864.08334,450000.0,74781.30874261913,0.24335683038082564,0.2082506323602394,0.11273685028904183,0.09169472285883888,0.17301393309286667
3300801,9418667763.135405,450000.0,81801.87391988366,0.20580475557113387,0.21483618084572947,0.11898872572032229,0.06667095763326931,0.17412038156134751
3400101,4480104588.87692,326185.89743589744,61074.2906260912,0.19100735844060207,0.0988349789206148,0.08864392375062705,0.11412728267652655,0.25149231990670246
3400102,3873963986.641,300000.0,62622.67606351233,0.21452310839032426,0.18320446907790794,0.1414238040717675,0.09166362593605269,0.13879669177281592
3400301,4374132768.23184,450000.0,69092.8913917963,0.2593718410235661,0.19980870842765336,0.09967227523461675,0.0851632496649118,0.16271265115468864
3400302,5153812054.16296,500000.0,73734.38136347712,0.2110755572838363,0.20799952330553192,0.09861437584829899,0.08661079704740934,0.2059586919286671
3400303,5970466821.30606,500000.0,88968.03393494159,0.2587543635224408,0.2094098364698555,0.08883525243273621,0.09906305305540879,0.22092095962502376
3400304,4850799029.56624,477936.13707165106,67459.34372962633,0.18341840359573905,0.22980745919098222,0.1268370979059128,0.09250266388748823,0.18180091572861098
3400305,8148439828.71976,671274.5098039216,115533.18250251329,0.3343858808872979,0.15673044522760532,0.042922005983021476,0.03592026724563622,0.20232436255800684
3400306,6155340485.7349,650000.0,109883.43691620223,0.39577785214446065,0.15502473121927912,0.03177851470340653,0.027207450937623518,0.17007014599775067
3400307,4826013772.15256,529247.7876106194,80779.56868842476,0.22855276355641782,0.1452736121194884,0.0838681083621253,0.06678335079550442,0.20209535405916954
3400308,7109973617.71148,706659.0909090909,128841.21516583575,0.3430694958270916,0.20506962268370638,0.029594975140488453,0.02734985481909435,0.23871693880494432
3400501,3683433679.51686,423233.5329341318,53770.39953749267,0.1264163912638375,0.14487397117647968,0.1840788322394706,0.16073636260378063,0.21055926511144069
3400502,4143345997.65366,472953.4883720933,69355.14969039119,0.21028628821928053,0.1912868204577228,0.12354288613677777,0.08765851716583088,0.2144309607080432
3400503,2792955369.30944,400000.0,37442.091445819235,0.09800281591502008,0.11927091084178824,0.23479889337492085,0.2179089006358448,0.14351042805809766
3400504,4753521138.47098,461188.679245283,84693.74511761001,0.1972827511441023,0.13207607680477193,0.08212238772408759,0.08672672372740661,0.27085175225196073
3400601,11005297872.6066,668000.0,109112.42958306002,0.31577795867672354,0.2707872773563344,0.029457593956138492,0.038273087193980454,0.2077584618699518
3400602,3875258774.501,400000.0,63089.27593815222,0.13876462927078814,0.1499550323928568,0.12790757969566197,0.08989956642466022,0.20478089127283783
3400603,9429639236.76518,600000.0,108745.39269504204,0.3712705698099001,0.2617657362225837,0.052940232602859585,0.05103759651486915,0.21544278537412195
3400604,4642801518.334592,427500.0,60653.744393365974,0.22198106510365945,0.18022350820717783,0.1368727588617807,0.13513221374231185,0.18015839943916218
3400605,4341493388.83048,435775.8620689655,66490.4416698136,0.12801650156798186,0.17714647131543287,0.14737222645476716,0.14009032302146116,0.19845223429136533
3400800,6895695769.56996,500000.0,96363.78051076678,0.2708452793040889,0.16873252806368544,0.09703377223420175,0.05692096220333663,0.2674803666337831
3400901,5578090230.13966,450000.0,80035.73039873247,0.20406194513829168,0.20432170052442203,0.08904574379166395,0.09049143275395923,0.21207453611717242
3400902,6219423288.75254,550000.0,97688.2997008221,0.23879622983281604,0.29542786411534544,0.0421950420002747,0.03658326179830673,0.23169959543331808
3400903,4976327693.07524,460000.0,77364.6703834591,0.1781824739113284,0.24781594637416382,0.06516660385994337,0.06792989754326233,0.23495400438885888
3400904,5500308989.5656,450000.0,88351.28085399728,0.18381058553153162,0.320646756265031,0.060744289370257235,0.06914153176976973,0.20275420475649975
3400905,4213338406.17276,450000.0,65129.20308805973,0.133913907161025,0.2434605568794513,0.13307447544373913,0.10956741108054996,0.20852716956464068
3400906,4900911040.98894,442071.42857142864,55718.13050385907,0.20376786118588386,0.18440272529908985,0.13357677726582456,0.11158056318909504,0.2671374741048181
3400907,3181221559.56006,400000.0,53929.064055333365,0.13092901006021124,0.17325817345794148,0.20087836078640636,0.1713463562126563,0.21539700376227858
3401001,8447066163.0227,600000.0,131008.98247472277,0.2799288694126978,0.18176826788416786,0.017945403929185803,0.01927930007903767,0.22782071925447858
3401002,6066011847.8519,500000.0,93251.52725368025,0.2641836740276221,0.18122702113061218,0.050385461002542056,0.03732269785079185,0.24817460036875857
3401003,5225790442.96534,430000.0,74874.49412507292,0.17486088410703243,0.16808821157906234,0.12245186048650444,0.11284485718374819,0.208508180642181
3401101,4964310206.21168,550000.0,87671.48569884997,0.3147109825720633,0.21231799146901587,0.07326748384238878,0.057625454858572116,0.1783239533132979
3401102,5062218557.04296,550000.0,90366.10002040309,0.2836202198643269,0.20217729916537747,0.06589850020352825,0.050396685342468696,0.1836292267618921
3401103,4410561114.91394,600000.0,70923.02558233004,0.2540743037399371,0.14656764922052634,0.12151252730091175,0.09867162077975007,0.15968412536170976
3401104,6013358269.81182,550000.0,105347.80872465129,0.4125249749014387,0.26561552807456185,0.05432316939872311,0.05030778275897852,0.17464934675754246
3401105,5030442587.04544,500000.0,89006.02616945822,0.29775174025936463,0.2687936937508648,0.0937806385831829,0.07823733218264536,0.16169810959161485
3401106,5110252230.04676,545280.3738317756,91529.09138212423,0.2888626356121942,0.25069255272396557,0.10347375491783928,0.07503233438255777,0.20171622416096824
3401201,4465437119.85186,400000.0,66732.97646046268,0.18354936334684993,0.14611710331521716,0.16342849559990452,0.14983404590893812,0.19322153473252443
3401202,5230864757.3694,360000.0,67838.15891177829,0.2184035338643189,0.1941427829483613,0.1372876412961112,0.09150630867191767,0.22453167568011317
3401203,2459188696.3897,500000.0,60156.27926589285,0.22200346945327912,0.2125922867130619,0.11095727156459731,0.044528271036159375,0.23132386028219332
3401204,2675488687.11796,340000.0,55181.781728740025,0.14343735793896858,0.15346038066185172,0.15913257144119208,0.09190788813500168,0.262211314665084
3401205,4418266132.39412,440000.0,72753.81008075418,0.24941841478358442,0.1576779131619308,0.10499009140344408,0.06808345534699604,0.2873060343656924
3401401,5080748816.64714,431295.73170731706,72040.7908664484,0.3057152680396471,0.19705251302812674,0.0908954762933862,0.06842115265677444,0.252264887129915
3401402,4517959822.36628,470000.0,83036.99429076586,0.2737692614737741,0.14209370773394053,0.09579584181259944,0.07708224423749786,0.20266176176813488
3401403,7491346041.34488,700000.0,131466.33278951407,0.4351404634390895,0.19550218418273374,0.022609417753287106,0.021028441705880575,0.2205183480565836
3401404,8477900597.95204,650000.0,145700.9400373286,0.4317772367986318,0.25273505385142064,0.031226670420640576,0.04154421013184336,0.19631992064915876
3401405,2384037006.83642,400000.0,45738.675955651444,0.07422518935937883,0.10835973864634119,0.16959786442347904,0.15461939321753684,0.10743572927220686
3401406,3476837022.71986,358478.26086956525,48937.82933198012,0.12802004689785643,0.10667498110790334,0.3019566218183906,0.30047776759088424,0.09907176789280123
3401407,3393340894.38716,400000.0,48825.048840103016,0.10102324266920171,0.15948946321781843,0.24070742910475407,0.22951629508913715,0.17575871093617076
3401501,5808230932.16124,450000.0,77074.15082685863,0.18627836061943354,0.16877987599510033,0.12452369575788794,0.09272031689993586,0.21439976180737544
3401502,7106244567.5036,500000.0,94709.51817229448,0.27552284653172515,0.22168843873379704,0.06635045288943064,0.0487126811651694,0.20450110026968807
3401503,6431297093.0597,550000.0,95588.60737889895,0.27728877776781097,0.2500578554889769,0.04848351404502681,0.05325053525987389,0.2393017954331524
3401504,9038848821.89836,675000.0,124699.57676620486,0.39256745434635626,0.2040720827771957,0.05066590662898353,0.019849994417089675,0.22765392063021928
3401600,6170040477.38416,375000.0,74156.4664421254,0.19723566629555356,0.14466305359348558,0.10791770131918088,0.08042103510464628,0.20681031176768272
3401700,4291241550.51408,375000.0,66336.4953935612,0.1917740737676472,0.1568984806534933,0.1408200116369136,0.1128465446210521,0.19286125450399172
3401901,3907551436.22092,415000.0,65623.50216174188,0.17833685492696913,0.19383927328054168,0.1389540257155817,0.12183958733230689,0.1837865798047547
3401902,6973166882.9636,629009.2024539877,125103.91077994941,0.40824958197545835,0.21018570456803604,0.06867470013393336,0.04200459840885311,0.20474497439949663
3401903,5753528724.4567795,550000.0,95290.22879572003,0.31276963832822485,0.13531325841445327,0.09146148750068224,0.09232613049012864,0.23088181561989504
3401904,4170489257.46882,450000.0,64896.197831893754,0.1474933559365004,0.14416735476669554,0.15173070416161621,0.1630340967079888,0.17807770352784622
3401905,3271741055.63814,400000.0,48599.83742777986,0.11335254447973578,0.1068991516212836,0.29898640952537264,0.24949847944087525,0.18549896765165166
3402001,5333085516.41298,337955.6786703601,58110.43875143536,0.21972688439677687,0.1881210829441329,0.1309193438253378,0.12197122389773964,0.1714518199223779
3402002,8427171971.84776,400000.0,86736.77897700405,0.2666025813818989,0.20357743900591574,0.053906298289863194,0.06059666545756179,0.1994685568119657
3402003,4580780074.68308,360000.0,62214.34590559534,0.18172898372170673,0.16638799764632048,0.12502605170489509,0.10108024998757759,0.22982704668116094
3402101,2584370071.28718,227640.84507042257,41462.69968373464,0.08709972059147357,0.12525279114135426,0.264548930785473,0.23427831603894161,0.20628610030129033
3402102,3846840770.54972,300000.0,67224.2550424598,0.23547245049483975,0.14706274671362513,0.12839350488578177,0.11072718749158705,0.20275070080253516
3402103,5544948299.73056,300000.0,58309.56727199706,0.19502430421191616,0.1611791902569458,0.17785457846507263,0.1294845346888966,0.20754103144985495
3402104,5415383303.28848,425000.0,85933.91258511029,0.30871832189252163,0.18281147069387096,0.06789328548653874,0.052423610014686504,0.19690183124025448
3402201,4771174561.61926,325000.0,63687.84037401401,0.19935014483859093,0.13341395386417557,0.1423180098261486,0.11166591550391396,0.2225376574663103
3402202,6399360559.17236,350000.0,66383.40829016971,0.17228233410654825,0.15046743469384896,0.14845013748634023,0.10811330618877942,0.19223022031522433
3402301,2738222056.1108,300000.0,45666.71763497606,0.14964711080934304,0.13504559497082547,0.19634447918434453,0.16104956563044928,0.16417422797507752
3402302,7040299288.6132,600000.0,109324.8127055685,0.3153095378486773,0.17506608556224912,0.018037460885986616,0.017886917495856285,0.1962350974598949
3402303,5546971227.34616,375000.0,75030.04500671121,0.19566291374513908,0.2360951819148986,0.09236873640419654,0.06092508326731765,0.24245598164550772
3402401,2254743426.4763002,260000.0,42515.856664271305,0.09598640174479953,0.10289771169484264,0.21807894757130072,0.1784657365780725,0.169322594725752
3402501,2702165354.32524,255378.612716763,49703.22176222713,0.1264592807205648,0.11746275472496359,0.23484069315767728,0.20098269333366356,0.2395251709287872
3402601,3925644638.65368,400000.0,76430.91465779525,0.21377636028920116,0.14705187865455366,0.11031430185797927,0.06832435562058069,0.21421526538087315
3500100,1767475758.1948001,100000.0,42519.082927056224,0.08946812790162839,0.07798655382961592,0.17819396153269773,0.10236901162676003,0.18720170397682653
3500200,2352198316.09154,200000.0,50860.54134430764,0.09778225722998479,0.11677690713186033,0.2125672019506971,0.14877703067731513,0.16593233390648793
3500300,3247535251.47494,250000.0,53894.73839512322,0.1333124218517327,0.11492137068081336,0.1621992992554479,0.14381612159765775,0.1799302499033917
3500400,3221895495.24474,173060.3448275861,43616.34102593429,0.08952129871769493,0.07953255247935818,0.25164739849631024,0.21312499671106178,0.1377741319914168
3500500,4410440607.88634,400000.0,65351.47889826843,0.19447163780043442,0.16082683646438067,0.09215692583368182,0.07244148223635113,0.28793305107187295
3500600,4787308923.3379,300000.0,65649.72056907244,0.17259666670219595,0.12096490480926207,0.08658614172594153,0.04085890776077535,0.1845609936266561
3500701,4147640921.1322603,325000.0,58043.05915547959,0.19091824951096076,0.201644050207723,0.07955236984259621,0.07046442846557122,0.16339610218437933
3500702,2502699481.6901,275000.0,49053.3022675441,0.14763154904339051,0.16661323704690542,0.07187092142558439,0.09152558025453084,0.11700388092742631
3500703,4291004594.14052,370921.875,76042.54185153946,0.199650302136485,0.14924982681874224,0.06860308131130374,0.045063977881648384,0.20347915716596576
3500704,2843682201.06204,280000.0,54982.25446755684,0.16407957290816147,0.1419088165243244,0.0887470572737513,0.07251669663430899,0.2253336030266978
3500705,2465459068.53064,245000.0,47361.66951995236,0.08765531645925771,0.12702363106212242,0.11947083114505148,0.12157621315310628,0.18452450768434495
3500706,2199288712.53604,210154.76190476192,40754.738576384996,0.13965414682742203,0.1384173496718255,0.27612013376063227,0.215836030513807,0.23586636375211215
3500800,2967830386.2231402,230562.5,51191.554742960594,0.15124022641422347,0.1265058833140377,0.16951411794167626,0.11300197354307455,0.20830259160313055
3500900,2864138768.56096,150000.0,39726.736137385706,0.08254865812587385,0.1036269190286207,0.18033754605477897,0.14968267331094415,0.1698571240380616
3501001,2032891222.28148,200000.0,43354.47264409213,0.12623281141349135,0.08643793677312137,0.1738380732022601,0.13616940603695077,0.13566358169990336
3501002,2385964752.25154,225000.0,40705.70250365163,0.12098597153700415,0.12616576352175055,0.1669235674907791,0.1094612997107453,0.2315275404487457
3501100,3581126179.88184,200000.0,56082.15769919098,0.10222316330012104,0.06377730129445926,0.21067737486684524,0.17927262945876507,0.12897669610302306
3600100,2164014980.18412,147086.9565217392,44440.18852416306,0.09890320880892882,0.10128806821587291,0.13847283592713594,0.0961002839582959,0.21678053388395968
3600200,4186040811.7227597,200000.0,54566.13193929166,0.11623702195587327,0.10225373581874883,0.12885707530142548,0.1582593370437679,0.2295065350588437
3600300,3474618877.79762,240000.0,54134.43760688042,0.19190888726347344,0.1024450696876496,0.19904262246045457,0.14836559691027104,0.1858786878936246
3600401,2899808237.01976,175000.0,52376.19862764852,0.1524407475667805,0.1211826001124244,0.1642137597819904,0.14165423698284393,0.2373640212325218
3600402,3658820618.69338,185000.0,49060.978836549875,0.13125206005187995,0.15658348993528826,0.11541213098817613,0.112853971106257,0.19465104876137246
3600403,2661895779.86972,175000.0,48539.310355027716,0.14729168687174865,0.12158446470110863,0.1470107913885917,0.11569413161383525,0.19192273892751868
3600500,3386196897.27202,175000.0,47520.23488270819,0.15392830066146282,0.06883821228983739,0.20148515866066963,0.15257415780117195,0.1680672838177497
3600600,2838599057.6321,153000.0,50474.75119371422,0.1351021266561359,0.0865859871826798,0.2237018870337693,0.2204474879545467,0.18066392567105763
3600701,3043048558.5452003,150000.0,40115.59326819147,0.13760071139309768,0.13766237734402476,0.09845912515025336,0.09663990254059296,0.1489500070256166
3600702,4409295770.73378,240000.0,66211.60721286872,0.20303376042306592,0.11584667922705354,0.11310588813632821,0.0865888684412438,0.18922330497143125
3600703,6209711890.4339,220000.0,71072.10422599803,0.20513654700699666,0.1342024747181257,0.07667656123871634,0.06300322515102434,0.2004435503099368
3600704,3353973491.40984,200000.0,60048.939940019336,0.1999938214410695,0.11989841957897598,0.15694506622159154,0.11214020928456421,0.19994731354397388
3600800,3586365615.42118,193043.47826086983,53087.29965393421,0.15805679620827776,0.12000909933655904,0.14422754895667106,0.126442216118505,0.2194630871204933
3600901,4431530714.06564,235000.0,64392.12906039785,0.17671693865917776,0.1939290853546977,0.09282602766805664,0.058802383784277254,0.1817512912428637
3600902,2821160273.60836,160000.0,50565.677401927875,0.1439335970900497,0.10511170438395517,0.10632928881489093,0.10407566407416391,0.27462455590877005
3600903,2123912637.26614,149686.54434250767,42729.5022183668,0.16799616434255885,0.09969011282184319,0.13753690726564285,0.12724429610818086,0.15162202217395973
3600904,3350901061.76986,200000.0,53097.03943605286,0.13048259367755374,0.154442825983247,0.13204644842092003,0.08325354149891041,0.21300170152568362
3600905,3104083430.9404,220000.0,55733.61039483616,0.12511951260992285,0.1248741976848761,0.12495016681349214,0.08803199492566949,0.22739977543617546
3600906,6978056165.04584,300000.0,71720.60398834308,0.2196243397739021,0.18223602277640397,0.05542073941933362,0.05690375360597166,0.18187318365300992
3601000,3496441895.07676,180000.0,51938.41107379432,0.10148656679829364,0.10345368168924164,0.20879705309759558,0.17018018945370664,0.20838558844772231
3601101,2691293367.30094,170000.0,50236.940328920704,0.10752219493276903,0.1467174608330415,0.1550158873101661,0.13506686394190967,0.1801043805201038
3601102,3107339200.50232,201249.99999999985,57081.382157398824,0.1780425805821153,0.13986460179073568,0.13486419369995237,0.1582171149534188,0.14283817211498814
3601201,3191934481.386,224101.35135135133,53001.03748316286,0.2107883635857235,0.15204640818544107,0.10304552119935083,0.059350261129088255,0.20555996866003776
3601202,4496431037.98194,300000.0,64730.378872249516,0.3006734728795879,0.19729713821817169,0.08654608244534652,0.08490070276352658,0.18825137052676838
3601203,4385150882.77108,300000.0,72423.17598591356,0.23067629641946952,0.13553810375423458,0.09042511266030252,0.06627931647522575,0.18844831412003654
3601204,4216961120.65324,200000.0,51771.074725037935,0.148746073894756,0.15386428518347106,0.16372826233766322,0.12623393700976285,0.1811161341122461
3601205,3064174918.7845798,160976.5625,44371.677292447974,0.12106953537331033,0.17242602063206303,0.16770572877616036,0.16542179279186092,0.20338998265823685
3601206,3349719746.2632604,277603.17460317456,51335.127601656044,0.21522988020084305,0.1814592797972147,0.11135170705347286,0.0966613449157346,0.18247134107420418
3601207,5905672251.9919,275000.0,68741.74729652665,0.22889602972807407,0.15068381801954092,0.10795297434082435,0.08326216149759243,0.20575192844133244
3601300,5026437981.51252,204457.1428571428,55329.82532349078,0.21479542857781714,0.12019684418563142,0.15276466897210186,0.1217758884411365,0.2163762192091877
3601500,2913720885.50316,180000.0,49583.43348824382,0.13184188614873535,0.12957526373492803,0.12248235671263062,0.10527852929237183,0.20217494308014808
3601600,2521375858.61404,170000.0,48754.27060511331,0.11380811216251334,0.15402074714329445,0.22861707112261087,0.20185828848776538,0.18475978815592756
3601700,4798893655.396,250000.0,59567.7075469328,0.22089378379790875,0.16872767962418703,0.0776310159587102,0.06574224637148499,0.22633947748703956
3601801,5181096925.02832,350000.0,78874.32902551943,0.22963344572313646,0.13921557938244078,0.09946257904097851,0.06737845978895518,0.2644328580006002
3601802,4641271911.01076,300000.0,73299.82960897614,0.19296176992822683,0.123974824437358,0.08763152148455478,0.0761301606538391,0.2789891548223489
3601900,5266809968.744553,250000.0,60352.82487933071,0.17233820248411613,0.1737818382462593,0.13424425784364052,0.11772519582887053,0.23263020091494874
3602001,2941071066.6916,238539.94490358126,47325.1869258134,0.16983317400210804,0.1470299048844929,0.07332933947992042,0.08355990859848539,0.20705698784185703
3602002,7355988785.92314,325000.0,65438.335980670396,0.23321947769711096,0.17461478830604366,0.10547114122600385,0.08608955614715871,0.18571949341747604
3602100,3487451734.37686,300000.0,73542.34905161975,0.17963799123297103,0.1610074341884276,0.1342009458527534,0.09990549353924037,0.2687754424238031
3602201,3404269892.85802,150000.0,52563.419946854316,0.13053767203837083,0.16425384945121355,0.21128398414279256,0.12830098375776935,0.3026038123434309
3602204,3787831588.6639,180000.0,53394.11043915225,0.13461301630045713,0.13546333427004145,0.15901379372557015,0.13660299505340873,0.2262519604489637
3602300,3055005791.8949604,250000.0,50103.417717305085,0.13206644273310505,0.09682943117757957,0.1133673834123808,0.0801317936929846,0.107426357934998
3602403,3366169720.16916,182680.85106382988,56706.75561680497,0.14913154742048268,0.1258284067140604,0.11465968069761029,0.09198309095621006,0.2726569469885426
3602404,2487987062.1164203,150000.0,48548.93090554413,0.09552462093658548,0.12422170224257302,0.22796010774148504,0.15092990175339935,0.21850472983618016
3602500,2370510123.57386,125000.0,42972.04922728338,0.08175673680144967,0.08874753391562351,0.2014748244405458,0.1640938157790323,0.19692216808322577
3602600,2520959966.6363,141379.3103448275,44313.66286340593,0.09981247809957856,0.10349075201404004,0.16085465516945385,0.16113774677322584,0.21741757085282376
3602701,3774659956.44844,300000.0,68959.934896842,0.1937163900470111,0.13899934512147802,0.12082469836335036,0.0928888957649156,0.18840385813018445
3602702,5104779386.0565,350000.0,70697.44046279395,0.15965019734417563,0.10560340224164848,0.12002248029491606,0.11435452010257334,0.22952533294667862
3602803,4239094632.13928,386750.0,72487.93830607523,0.1992024314848452,0.12834415723501694,0.12336865489515149,0.10533631178262613,0.22596990072939874
3602804,4610625312.07774,375000.0,64172.829931350505,0.15051177074787622,0.1923979511281187,0.10747722040656786,0.10943257204765303,0.19726142287017076
3602805,6042884591.7809,465000.0,79798.28319860683,0.20893822578935298,0.18323992254990723,0.11804158611180422,0.08421628700396531,0.21905652528824518
3602901,3972369525.81534,375009.4696969697,59052.885856801746,0.15927734888730796,0.12901759973773005,0.17213914808916175,0.11484882920828447,0.18411108224028752
3602902,4162253173.06244,350000.0,61118.826053397745,0.17764748053602067,0.12088487172826091,0.14284907790842846,0.11835067854495697,0.26186387740634665
3602903,4526768427.30074,450000.0,66846.35666948331,0.23518071390013956,0.117971406374599,0.09314461410331554,0.07264503792536342,0.18649648675200786
3603001,3570859083.08212,500000.0,71527.33375562607,0.220603793520654,0.17904773055445058,0.12060099665914381,0.0858904720824142,0.24527100711516886
3603002,4737210002.5263195,600000.0,84849.09821651626,0.3259327082868164,0.21385494575074657,0.07278399217389231,0.058038563077164845,0.19325074396980224
3603003,2900355473.50144,500000.0,62958.137394752106,0.1565623139080419,0.1580970347445145,0.10009958134300942,0.12819932640757228,0.14147611234481886
3603102,7541493154.772321,550000.0,94413.82569165493,0.31239752425466816,0.15009315305825177,0.08229949080805575,0.04920105189532617,0.21327117876952545
3603103,8960301158.667799,600000.0,134930.0700026774,0.4563274502560492,0.15266152214997378,0.024885825502092042,0.019530190719350568,0.18716388966769282
3603110,9259057196.0507,650000.0,112095.12343887045,0.4687299249912351,0.12602609285992042,0.04596085159848815,0.03577518644943753,0.18664952013663064
3603111,8218558871.569639,700000.0,147914.23918020335,0.3411033822203175,0.13977035892773146,0.018188723340111606,0.014958194950536508,0.21251514091543255
3603112,7193633837.46628,500000.0,64219.12600289492,0.22154390699801452,0.1158257335716812,0.130108215595285,0.08209286820269411,0.19274360144564412
3603113,5566995050.2348,550000.0,88700.09002636628,0.34037258608708126,0.1237224376900335,0.06704249743783379,0.05642869577801233,0.260884632544472
3603114,7255314839.58916,700000.0,110543.70270426707,0.32319106972126654,0.08226453442238181,0.04425861171686152,0.030524117909218194,0.22033553173282316
3603201,8406281191.63264,900000.0,146558.1294960187,0.4289266983170613,0.19433138622177434,0.03352606632339693,0.02931749950731009,0.15484199644161067
3603202,5995536187.800799,800000.0,106322.68465686822,0.3059670937523743,0.12491872643032471,0.07076842302373525,0.04552241552088987,0.23987300203395634
3603203,4647942138.1113,650000.0,88099.28613880929,0.275875156492642,0.22853278379576167,0.0706841330611704,0.028929876523273553,0.237250328356113
3603204,5231864455.93948,700000.0,85759.8343759545,0.1808154027033041,0.1368463144324934,0.12024135001430111,0.07885418002277318,0.2202085176442742
3603205,4933753712.2795,623341.1764705882,85054.45398451049,0.32519439148252893,0.22387893786916818,0.07377829057000544,0.07193393301025289,0.18033643397100643
3603206,4910844765.59784,500000.0,61571.042335007216,0.13115343820280403,0.136130819716639,0.1663760398363913,0.15835713508736163,0.23348487034381205
3603207,4838785702.336121,550000.0,84446.52185577872,0.18715504911713352,0.25094240904303083,0.10181885641658792,0.09826910371322117,0.14656741783700006
3603208,5450967733.7509,600000.0,88565.93714967261,0.3188478095350298,0.17221687402802358,0.10616181641963189,0.0800469448641832,0.14064005816168595
3603209,5129160159.898861,650000.0,98997.51326743087,0.3680065587089057,0.14763497387103072,0.05382642466279391,0.038051759592870375,0.18440421629026507
3603210,5369718490.55286,619724.1379310346,94775.90572308558,0.31995484904734917,0.10105904291362366,0.055045181568273926,0.04597999524492381,0.1958763643510682
3603211,4275050197.73924,620471.6981132076,74170.6894364697,0.21495694376827812,0.1765117887640362,0.10462154173836934,0.08358406464428499,0.20739428381881195
3603212,5644956857.64184,700000.0,92997.64180629062,0.33664091460706985,0.14912077287719974,0.05249842624590043,0.037401082428998,0.15741956833700596
3603301,5542091916.1499605,650000.0,105722.74310200036,0.3851101906102433,0.19123892344349233,0.0700340737426589,0.052578809614263936,0.1668013608746482
3603302,5342481333.1299,656558.1395348837,93645.59742558983,0.24665203192841925,0.18992551634044028,0.06053729158453126,0.04628841624753453,0.16008800651341173
3603303,5581600196.124519,600000.0,86208.97669510417,0.2596063420782985,0.20679987430426294,0.12012980756393853,0.06752546795730258,0.1532095269752643
3603304,4838376883.774263,515879.80769230775,78438.11821176097,0.21808928877294767,0.11496755517227962,0.10203327324989607,0.06411114824853156,0.19878605691587403
3603305,7229708023.985539,700000.0,91617.34620825146,0.407692537019901,0.12941041785253588,0.07389379067070725,0.06621426790765755,0.193024282460095
3603306,4792710125.7983,450000.0,67204.79738902475,0.15891900815894533,0.13479249442589544,0.16043174274190586,0.1389188458515632,0.2576344643537836
3603307,4795980352.12546,480000.0,69821.66507192505,0.16373139266535894,0.12334618904172796,0.1538893707090135,0.11633494183505878,0.22466372226989761
3603308,4100963543.5094,500000.0,71383.17743271367,0.24340341005326274,0.16879785776506093,0.11225972468095527,0.09316744584704068,0.1475384686256022
3603309,3681897123.15834,550000.0,68406.2337090952,0.16416786261933958,0.177858693919471,0.14657768412718108,0.12236815683520233,0.1787325244519548
3603310,3041008329.7091403,450000.0,46059.83262967663,0.1021013804245966,0.13340908656523257,0.255920209313546,0.22316909627265338,0.175549857557365
3603311,4134839200.63274,550000.0,72157.46471620578,0.16560599672297158,0.16129548944762395,0.11244181041157623,0.11092214925819488,0.19470148440664986
3603312,4015283811.5242996,500000.0,70017.32979099691,0.13912755765877677,0.13722747293304385,0.15490421353256212,0.11216703394438857,0.19871321547378776
3603313,3687198412.85474,489000.0,63824.382698148554,0.18301594153615863,0.16731756406441708,0.1638116339258674,0.12898556203786704,0.19378990559121556
3604103,6859426253.59708,800000.0,89415.57282369686,0.35562843733940225,0.2703768955781153,0.03482282578303681,0.028107980196141528,0.21988963415811041
3604104,11298694252.8876,940207.7922077923,143073.96706243558,0.4260529152010756,0.24364238567279206,0.014730967464214978,0.019535401223357254,0.32068670902540664
3604107,20787956645.66856,1000000.0,170172.69966493035,0.48953951359763925,0.17284514009341406,0.008407299989312597,0.016027986351252292,0.22843926654556843
3604108,22880577879.6474,999481.8652849741,194107.17940587905,0.41077030646654444,0.2004247129858623,0.010436187486995402,0.00692987826696637,0.1873517834606658
3604109,3431993472.51396,700000.0,59991.49546416515,0.25997006877202644,0.13289166137315397,0.07425958062522607,0.04731196943560024,0.17608143126768197
3604110,5454608432.5289,700000.0,78271.84640869159,0.2456116201845075,0.12017399477817915,0.041103281400504475,0.043296421110636474,0.19478213228777919
3604111,3724440712.1225004,522857.14285714284,63811.82044550766,0.2962988471215334,0.1510630550235739,0.07195531513824925,0.05742049901608582,0.1763648041016783
3604112,5883366085.132561,500000.0,61598.832439536396,0.21705568726961635,0.14430232893190278,0.11621185199470294,0.08523660110750715,0.20538032454983207
3604121,19363448842.88084,1091661.0486891386,196981.19899981527,0.5030583709549465,0.19365544819585506,0.015956574263845433,0.010842090669554797,0.20884901545776177
3604165,20879219360.173462,932227.4031563845,157313.06591252118,0.4731493267716407,0.2569363988007467,0.007963036024188729,0.0064123732017961664,0.1870408687756435
3604204,2391524336.83324,257346.43734643733,40510.96549163601,0.10803502543065106,0.052645003505887,0.19322779388124733,0.18584513481795753,0.21357749006968027
3604205,1781967268.6082401,283184.7826086957,35172.257788730465,0.054111997585517324,0.07997762145491576,0.292890725779017,0.20213878666250062,0.239150418558159
3604207,2062938171.31244,200000.0,33729.634429006066,0.07788347729296347,0.16513780673943637,0.21078856530876672,0.20886226594849464,0.11618608304063362
3604208,3136032474.3136,350000.0,72102.64575145078,0.1873849803146637,0.1295582971000735,0.05695190941780403,0.051127062877081214,0.23233202704607603
3604209,3258394555.69532,465730.1587301587,45608.9492972666,0.10411829327170125,0.1474225053167308,0.20302569067625767,0.19980834005790596,0.18103723138648603
3604210,3630630242.52596,450000.0,53911.7106576081,0.1599837199725653,0.1384890190660072,0.10770553519191757,0.10654047614210997,0.16676901543187395
3604211,2500317123.0036,550000.0,49541.64185943054,0.1234658302133923,0.14028325631240138,0.17320853243013865,0.12828321651546684,0.17253373789200693
3604212,3756987753.7785997,568955.3990610328,53030.344038881514,0.16603726986789127,0.09820737921229944,0.1238089381762758,0.1028814625053734,0.2108880345509454
3604221,2578973130.41202,308333.3333333333,47168.284629673355,0.08601307181171014,0.14468407794639848,0.2842039212367452,0.2942524649120567,0.1450194273570617
3604263,2449004415.03712,383177.570093458,34866.73237143353,0.08867192904080923,0.08183309455534908,0.15292245369406715,0.1421504932076994,0.15013655605125845
3604301,13226584225.46482,1115259.74025974,118100.82884319536,0.375798971566986,0.24285596976179352,0.018649063441996228,0.014321979573789985,0.23374925268742758
3604302,11021502338.421955,900000.0,134992.985956543,0.3388230057058154,0.22791375324709662,0.021113655971844426,0.028612739079720798,0.24779349437968085
3604303,6250200212.6715,935174.4186046512,71049.22374299761,0.23041601893665478,0.1804897827790738,0.056987403687690535,0.045308391665226135,0.22969895372666138
3604304,4128171277.64288,900000.0,69586.8666583993,0.2436878105004891,0.19358783075565358,0.06324522982182963,0.0746499572887099,0.23261067357075632
3604305,3850999170.37294,600000.0,48645.83864348618,0.08633643508757279,0.117082653088636,0.18197319547081983,0.18443434051558547,0.20875672008710047
3604306,10940830731.69332,1000000.0,150389.42586520026,0.43278975524903207,0.21587971161654623,0.022552189566703216,0.028157247245915555,0.1846564828229563
3604307,4636624071.18128,900000.0,76719.57229434907,0.27139034232495196,0.20121835528514279,0.07422725791830624,0.07677648385120545,0.16654265373260385
3604308,5728274182.9077,800000.0,91992.39080293082,0.3032474321073869,0.1958304759763409,0.031965289494235515,0.01991415973218929,0.22234002122393207
3604309,3654354018.57876,900000.0,71196.11164625078,0.23628932604286212,0.1479185398216092,0.07308636080619066,0.05766071206985844,0.24535470826138184
3604310,4751143612.2998,700000.0,76595.52164793565,0.24818701124403597,0.1521172941999033,0.09459332536097646,0.05622794763496677,0.20262615692536398
3604311,4201370753.34904,800000.0,49129.64536869171,0.20117134586155458,0.21896392003230875,0.18464387192908893,0.11745654681341162,0.179269052289713
3604312,4498379300.177292,807247.8991596639,61910.83417301768,0.1775609458682419,0.12751561393766517,0.09980314640485868,0.05522230470404964,0.21113077796008448
3604313,2356583844.1348,574591.5492957747,56974.61061203037,0.22559834903229922,0.12089422283305079,0.17263613271666334,0.0984219729396281,0.22138237136338343
3604314,5274069208.09634,750000.0,66812.80508875751,0.22037201313827912,0.16934132209216274,0.08720864569765774,0.07047297666815347,0.14704289253309963
3604315,4549226563.51316,675449.6402877697,66946.66259787147,0.17252211453898272,0.12096714823005499,0.16163826540939277,0.13297182862672127,0.24831409725599
3604316,2134492950.38582,600000.0,48581.867953064,0.08919056637858115,0.1584013606915711,0.17882822714729724,0.12832539438484888,0.19609147748487246
3604317,4381907143.52156,650000.0,59753.55083688871,0.15476148192031247,0.08185462825447826,0.15064253028492142,0.10024639913013682,0.21454044861911042
3604318,5340127602.508841,699939.5973154362,60558.70995462561,0.1859738912872084,0.17529322536664055,0.16791880213514346,0.14044124349067152,0.1713377198720834
3604401,9879240924.68366,700000.0,82845.4823494005,0.22596330096942963,0.19906199469449332,0.06548354572390135,0.058191954132711714,0.23324892152378252
3604402,7504653779.21334,596045.197740113,97966.86568864994,0.297244384153939,0.25022724786862105,0.0628346845341411,0.053709068031659514,0.16160362557489322
3604403,4228238080.6175,528235.2941176471,51036.091162339464,0.17066175422331384,0.14458005571709004,0.19615287448162702,0.18083924055249315,0.18543337172184376
3604404,3883699200.90012,450000.0,49996.77133974587,0.11529418178648373,0.16072596815863788,0.21186989688635302,0.1915028332641273,0.14915538020867894
3604405,5800767254.982019,700000.0,61779.29873776047,0.12187664100365486,0.1678502059485264,0.16065260515605512,0.16135513590250075,0.19493537443882586
3604406,5014767416.234,428111.11111111124,84012.1193518956,0.24161824832788242,0.26774162934867973,0.08028595400916856,0.07349248174795167,0.21707571598794248
3604407,6789947447.66084,650000.0,58590.094380492024,0.23983125101751765,0.16516236847714352,0.1175845636440749,0.10093393706763673,0.1547675963104142
3604408,3981661606.5757604,500000.0,57709.42251722241,0.19546673736744918,0.20064626239924513,0.14279745388281068,0.06392403907485529,0.1766176478375271
3604409,3949034294.1894484,650000.0,59002.454716710716,0.1807727062275932,0.17480660686001404,0.1331970808540479,0.13520519116109392,0.20506922532161986
3604410,3565031487.60858,600000.0,62671.95498925146,0.1986485108501109,0.15063278292344795,0.1320056557955007,0.134930285360053,0.16502644827966093
3604411,4635744165.9762,800000.0,77683.1866941969,0.2059540629891485,0.23768818441204223,0.0753815832558811,0.05591189778728412,0.24852200108647554
3604412,5965642299.00718,600000.0,50475.44440690064,0.10316869317304324,0.13583127463143002,0.18421567057884328,0.14027493749348463,0.2042154449589358
3604413,5974186461.3628,600000.0,57407.6688002114,0.16503397564830807,0.1695313909760899,0.10513275624795365,0.08977903498858139,0.19449288037201723
3604414,3288656602.6339197,637307.6923076924,68699.74102013619,0.21848189828987807,0.10003765263241801,0.17302786773455112,0.09719626711177226,0.19067925353842238
3604501,4792882108.289721,550000.0,63468.43196527518,0.1539705531879925,0.12339376922914504,0.18614105123429653,0.1616019596872965,0.17473813090300921
3604502,4925102051.94596,600000.0,70733.48822970256,0.19790589255986749,0.1287259397029762,0.13212919622481362,0.1146244452348242,0.1843184977624745
3604503,6514740022.94316,618226.0479041917,74138.13142766447,0.18472580683562909,0.18741715537956363,0.1136892440402241,0.09188926402701718,0.20038353653756072
3700100,2528486996.66404,270000.0,38104.299420770076,0.15030280586263808,0.15310856124613814,0.1682845991814831,0.1191501834871685,0.21469870025765855
3700200,2797641604.1868,200000.0,42255.979038270874,0.13802996309221885,0.1260325946456568,0.23838513461657457,0.1935921936169123,0.1738388815263797
3700300,3284288069.95572,200000.0,49127.01105344143,0.11091040205611169,0.11798130642404464,0.21406118944331173,0.19355035477697619,0.15746337785100942
3700400,2867778700.661424,200000.0,47276.27267822987,0.14124197557153872,0.2256454218299106,0.1505032338122511,0.14139632999405324,0.20809108135866394
3700500,2618228029.57804,235000.0,45131.74684257046,0.09580076238196261,0.1404480702099975,0.20922743238982341,0.14275240854947066,0.19975589148503958
3700600,1707111249.47014,120000.0,40405.95634145518,0.10815431472301916,0.1316681829341384,0.23446764768086148,0.22426457991760576,0.19037950311596533
3700700,2812436930.96424,300000.0,47413.67451091998,0.1314696583116734,0.11726485313166775,0.2307824359321972,0.19577131207981596,0.17833412554830275
3700800,2965304377.45044,230000.0,45147.065018048444,0.12643276655395083,0.08599418268075648,0.2024363064521975,0.14515239658852652,0.2028904284540332
3700900,3506741392.15852,200000.0,51787.53865018342,0.09843086324096885,0.12687321029342902,0.2004628935617339,0.14469158242298566,0.2626195850959886
3701001,3286317396.066288,225000.0,48158.93251756749,0.1611708177417676,0.1380526722197495,0.1979800592207425,0.13683789393091517,0.20532285187884802
3701101,5810852875.538704,343793.7649880096,58083.55282767114,0.1395101400034406,0.12328880492777643,0.12933454499188143,0.11001632707392782,0.22596851647863034
3701201,6728209750.14198,500000.0,69715.15646194156,0.29565712463783145,0.17059374409042152,0.043116954187463946,0.04711424023878428,0.23956895698472927
3701202,5997160228.9989,420000.0,75389.51123205698,0.2588205692095549,0.19447302557411356,0.049124732671612936,0.05261191977479811,0.22863556767645127
3701203,5963071370.2714,420000.0,71511.66107345838,0.2880262711410461,0.21355333024911313,0.0577230727155885,0.05621491366864912,0.24620680156206137
3701204,4275522499.64792,315000.0,53613.58420564937,0.14203552914377315,0.15740936476639303,0.12369345837294739,0.09368952701967682,0.25515195228359433
3701205,5154623580.29578,402534.6534653465,70638.37609351231,0.21279918988622995,0.17689177433178913,0.0698598481270861,0.05983368427718681,0.2958249295164441
3701206,9173499041.587101,550000.0,101213.64860801127,0.22847063465277195,0.2389890141269912,0.025195794904297686,0.04024318643690947,0.19460225093394098
3701207,6779799797.59,500000.0,88361.48208724325,0.2600796691130307,0.23437379370391448,0.03178820166300627,0.020404736537792078,0.19541058991684968
3701208,9216831839.43506,550000.0,108837.93679366894,0.22198811657030404,0.20505565668224712,0.015694857272546988,0.020896868837618446,0.2632660508015919
3701301,8008194759.3217,413458.3333333333,68463.66383963152,0.19602777922928108,0.158707663270586,0.05590848795758343,0.03984711090196167,0.22561531039452826
3701302,4532777119.75662,350000.0,61925.72263558097,0.1726336447285137,0.16921353683553342,0.07115085326055402,0.07268666069685122,0.21326900602919238
3701400,6249575064.62426,450000.0,73186.89180045274,0.20270150280825264,0.16161852860769607,0.04683477949777337,0.04317523753166771,0.17648147061464428
3701500,4311550124.78012,300000.0,62017.95320522029,0.22780901869774983,0.14039981770288967,0.1095492897514598,0.13311227000323203,0.16640621711330084
3701600,4400498820.929096,270000.0,47084.30152930768,0.18215342949455943,0.14434902931383714,0.14372052137804453,0.12312488533402337,0.2191150618828756
3701701,4450787278.29302,300000.0,57560.23069542471,0.23755329329226868,0.07817844561309815,0.10150367446373773,0.08902780610893825,0.18321556818423038
3701702,2628747477.47312,220000.0,38792.11211500214,0.1454943850460094,0.17655640862862065,0.17168955565471009,0.13278667776099817,0.2098687234203694
3701703,5042611900.52956,316250.00000000006,66860.40706085335,0.22849005171256603,0.1366839320626316,0.09438819968260809,0.06679767264803912,0.20057441432512857
3701704,3286659662.5321403,225000.0,48737.464596538055,0.1595737567727767,0.15999109828605743,0.1496239740247188,0.1301914438953308,0.19876173401930744
3701801,2950427713.52696,257527.47252747242,57034.03594608571,0.17047280380421498,0.13898760961391468,0.10147377710579666,0.09096973731057909,0.1790215947945249
3701802,3733978323.40286,250000.0,50043.93710835581,0.1440081767019634,0.12361485873599179,0.15030521130415464,0.12004733048324065,0.1295295036092307
3701803,3988550428.53068,300000.0,56551.11907742351,0.2427427735875128,0.15728544230594638,0.11713242334363189,0.09170862170255405,0.1424443030823848
3701900,2450404213.25112,222949.43820224726,49383.39809051028,0.12625417265649103,0.08910294902313917,0.2134511871481173,0.15939731278750136,0.20542112370095514
3702000,2752062961.11254,200000.0,46673.613749279895,0.1586631191462571,0.1103318105829423,0.1991917926322046,0.19121863669756364,0.20420056034198386
3702100,2533240101.72702,200000.0,41735.149456769905,0.11736972914730828,0.0816812479137429,0.24604594803770627,0.2081809639467366,0.15508030692060862
3702201,3651013557.65658,375000.0,54970.24236888464,0.19330479291112637,0.09050443533222317,0.10965749122583197,0.0957046671001124,0.19588670777165912
3702202,3864590568.73454,350000.0,58421.62613355314,0.19792004049548254,0.11639591524576286,0.12223300903589407,0.10594322379939122,0.2044140768190142
3702300,2435106559.7599,265000.0,47386.67704055227,0.17917054263679483,0.12145089442670648,0.17803769208725997,0.16235982424111353,0.19079810761456392
3702400,2158023772.46194,250000.0,40322.57277718081,0.0912195886575535,0.1202514848244457,0.2536752947379661,0.22548551210724999,0.2293270873126715
3702500,3272386859.12006,300000.0,47229.449378960846,0.16715803733049125,0.09002905990021613,0.17904355137990854,0.10739339919635901,0.17730605817419115
3702600,2762809781.91198,200000.0,45303.84661406238,0.14970330407941812,0.081597056376928,0.1523796363683544,0.10555064070748629,0.18000960553188183
3702700,4074253018.10934,300000.0,55340.15672094401,0.19952335213476527,0.154250875932157,0.1591978085738006,0.10788699766698771,0.18941838416066897
3702800,4592959950.37368,250000.0,54431.85530189239,0.16196206837886273,0.07873184865889796,0.1681591070867627,0.1324425474067129,0.18753400254252647
3702900,6092157988.47752,350000.0,66098.4071312985,0.2737710204951876,0.17526059338920572,0.1254654224978198,0.08919716585898012,0.20550160152886515
3703001,3066661472.21068,266190.47619047615,55241.22693754152,0.13929346737703877,0.17483887859310637,0.17444156510648876,0.15655191947760502,0.1937234203311458
3703002,3654398673.46716,300000.0,57400.43467316674,0.2377968764874195,0.16627154192182592,0.10058021319394587,0.08880739288747895,0.1566865711000991
3703101,6730476566.85354,400000.0,80848.50767410077,0.31578309503242186,0.1811523849677986,0.059812809481424076,0.05134157834141962,0.23442192014018096
3703102,3229652314.4345,260169.60352422908,47829.694840863995,0.1940428958659382,0.20365634409311567,0.17645370467776328,0.1526859291606514,0.1816902602899736
3703103,3350316245.8547,317202.7027027027,46419.345283750605,0.16507496637467742,0.16793598116522435,0.1634085008789774,0.15878412987932344,0.2922411368238527
3703104,9982835728.91656,600000.0,111479.03079784877,0.4001786358102208,0.19123563011025851,0.0264068800686366,0.022815284649677293,0.18698709399082836
3703105,5565263572.22986,400000.0,72955.48906348545,0.28051737848072583,0.22349091722188577,0.0776174962341494,0.05520044719199359,0.2153616675433709
3703106,8587987264.61138,425000.0,81834.7794956441,0.31279219516168644,0.1893917282927412,0.0885446760341476,0.0745713823572583,0.1385466472278755
3703107,4921738927.13864,375000.0,60945.798790661254,0.23225466694930205,0.22023272724958717,0.08634121044807089,0.09656218233400672,0.21092843807929124
3703108,6714182997.20402,475000.0,79361.0509935111,0.3135398478447149,0.22289177080817146,0.051221305011885106,0.046999245885488816,0.2464344221902331
3703200,6607934153.12798,350000.0,66065.46778304536,0.1538516901366148,0.18256918476354478,0.12436618902044977,0.11595486570438893,0.18392085569529157
3703300,3733960390.08124,290000.0,59290.85840991537,0.18724853522460314,0.17513028576202236,0.140103682530981,0.11050690301008319,0.20460307812841527
3703400,3674642691.85344,250000.0,50061.887848470615,0.18234411105544418,0.10840685896529288,0.17718038423768132,0.13217699483611503,0.2380020833372176
3703500,4322174470.88222,225000.0,50994.89683309013,0.1495298674978018,0.16130862274624705,0.19257671826860448,0.17153994801031344,0.16170781562911737
3703600,3325662547.04374,200000.0,46840.97729607093,0.13872838852021147,0.13088064486967182,0.21936071494752446,0.1856173761741561,0.19917345487719693
3703700,3693481161.9442,300000.0,63498.97125372555,0.13561469326843348,0.06762330247731026,0.125476078137848,0.09261780185498293,0.21704591724364428
3703800,3121306586.9071403,280000.0,51862.73074084707,0.12848257972805505,0.18956618929417685,0.17584551083928782,0.15548344752016446,0.22777632239719206
3703900,1973379305.87468,160296.2962962963,40888.883715442375,0.09284231032289693,0.07876089043302774,0.280939526222217,0.23778896371919273,0.21280292657121258
3704000,2570890330.53694,172727.27272727268,45204.851781842386,0.14729161897097073,0.0800035546251959,0.26746619375404734,0.20635678704536525,0.21858751965605303
3704101,2319751401.29822,190000.0,46061.5424585644,0.15883159224873908,0.06145046486630583,0.17795123825138337,0.11309942870152898,0.18475751389366296
3704200,4389837311.35686,240000.0,49509.257236140395,0.14265582720477538,0.08913260901535769,0.11992721152048243,0.11586179902308764,0.17720566964891843
3704300,4341339594.54018,254450.54945054944,52852.28563738182,0.200664712722219,0.09475549604910612,0.15616176882009764,0.12902784520313243,0.19205064973148886
3704501,4155036341.58138,296664.4518272425,45112.44182208568,0.12318012997359379,0.08974325009597434,0.133662692919612,0.12587109168647367,0.15764029761999887
3704601,3770328993.00854,327000.0,57624.73815905088,0.1649796364452674,0.1985435127993629,0.15609908994109545,0.12599829244824842,0.17318398512241473
3704701,6098722389.60966,365000.0,60074.6893646476,0.2655656855523245,0.1634137906395485,0.09131452539409712,0.07395024522680492,0.20321724075489914
3704800,3822844834.16682,325000.0,58447.02912787347,0.2024454895830407,0.10241930026815585,0.12909672620656099,0.09960391091457627,0.2449316597720797
3704900,3388142728.93646,130000.0,44702.581095041234,0.08506057497785087,0.10591208958903622,0.26533999641925937,0.24682382592755972,0.2181319734346587
3705001,2662977376.32074,200000.0,48938.295990457416,0.15104955560754726,0.1276724562751412,0.11594935449433215,0.10014491482287362,0.1714292542122655
3705002,2900018441.241,269128.4403669724,44973.37966969589,0.14852085577796725,0.0682919789579854,0.10987113901760222,0.08849511135438765,0.1364484331953653
3705003,2417510973.86776,208719.512195122,47659.161633667034,0.12294283287623989,0.1263722987365895,0.1595251276666906,0.12272790216679674,0.1765683042414472
3705200,2405022918.27612,169546.66666666666,41329.09881557809,0.11642127547362263,0.11408009445301269,0.2333411816395214,0.20073548387435902,0.18987623271162996
3705301,2646148090.74294,250000.0,42507.03737619578,0.12416325363972888,0.14792879152387037,0.2513924069955626,0.21152215640200686,0.2290913289942132
3705401,6911623474.99,450000.0,82147.25358629378,0.27798858437553703,0.18780376454518571,0.04525365063232883,0.038937988481120116,0.2573739048471783
3800100,3403698147.16362,249128.78787878787,59560.399446403484,0.10350317592295731,0.11156837732906201,0.1784943084898165,0.17917628394182133,0.20954695602123086
3800200,3165768562.11118,200000.0,53840.51705150053,0.11084497327081495,0.10299261905500383,0.21321717123545514,0.18416223957345143,0.23103651522517502
3800300,4328355054.0729,265000.0,58374.53544361142,0.19402217394591212,0.16116334043816433,0.15364796568727127,0.11104178030927891,0.18514736650459238
3800400,2703186901.16606,170000.0,49153.3212322222,0.12653099244701033,0.1438603781285823,0.21002764701667323,0.1732954785783133,0.18519653822177437
3800500,3690744500.36234,200000.0,53752.35938892459,0.13262875075761632,0.08726656708031126,0.1869335411640298,0.15418447204826363,0.19382706213661463
3800600,7106879431.55738,263732.39436619723,59397.23720482557,0.15479290091447756,0.13978100757690887,0.12035362120539081,0.08368838765981504,0.18417953182517444
3900100,3869373963.6773,160000.0,46344.24811571528,0.08166537992075903,0.11883058385398974,0.2638568938478562,0.22295183538122512,0.1785644489752562
3900200,3082088186.48552,200000.0,56102.22958089302,0.14623184557341593,0.07816512149164355,0.195975689246891,0.17073255703901066,0.15187158367871026
3900301,4921466073.5363,250000.0,67135.92439276866,0.22624359343802905,0.12629480377727034,0.1118773692135986,0.08589388050584558,0.17088263242998805
3900302,3499050586.75926,145000.0,42888.40579468358,0.13551042704025437,0.13775283888462472,0.18139559110788847,0.16063056197994607,0.17420431988093973
3900303,1580593133.54696,80000.0,36015.88510110195,0.08973126121516597,0.10187593674992762,0.24909062804877907,0.213001507830198,0.19421779718498286
3900401,3561003800.18814,190000.0,57560.87933707492,0.16246186656746459,0.0821973585877149,0.18418641203377184,0.16229705755022375,0.18196521650506667
3900500,3436150200.32766,185000.0,50857.70825184507,0.12650435195733573,0.09853407760709479,0.20767201707153957,0.1594935361601249,0.20340704876928592
3900601,2969981273.54292,150000.0,45363.310069235544,0.12461087550256289,0.15236802879318234,0.19760528884510448,0.17490473642694943,0.13858831512273903
3900602,6703633840.55442,269000.0,66566.3797644075,0.20275086607910417,0.14101913163867197,0.13201877799838274,0.11271473799346245,0.22998560465066978
3900701,3928916914.21202,250000.0,74304.35195952833,0.28925284458867856,0.17399429954127804,0.05543177423816281,0.030831146164946154,0.14872940083440167
3900702,5203690759.08654,225000.0,64820.07447883681,0.2457166174223336,0.17969951126429892,0.09788791807465835,0.06560070117226635,0.19681538311646
3900703,2472513307.2810597,150000.0,47420.66181973647,0.17205986311928104,0.14720787973943383,0.1746716088344947,0.1626698291882965,0.1434946976504622
3900704,3514014613.18016,185000.0,52248.34383817295,0.16157103205940804,0.17199971780880371,0.18437783049978526,0.15535791095328913,0.19719075971681913
3900705,4615504184.8812,300000.0,73482.41844392224,0.2846633707251244,0.1327980244672612,0.11246860437422858,0.08611858860048481,0.18863506731419202
3900706,2507151064.3045797,130000.0,42105.14844746964,0.18255063569013516,0.1893516350145734,0.18320458027889283,0.17122328172374096,0.17754604734261162
3900707,2798656136.74378,124364.40677966102,45512.5241778407,0.2017725392553641,0.09033267040006675,0.18465233175493598,0.15438884606294076,0.24819501375791653
3900708,2075417938.22274,80000.0,32034.975738936497,0.06943248594160248,0.13831529461799016,0.17497685288242204,0.181506594562599,0.20638561037399578
3900709,4005001615.663,150000.0,52826.67601845306,0.1810209049472314,0.1423272519087953,0.11042336199734823,0.08067900635092,0.14534008548419514
3900710,6810398774.83724,290000.0,88995.7370119208,0.27179467945699515,0.09201401604568687,0.042847012131934044,0.03798205531231054,0.2001131754404896
3900801,3735197381.4658203,215000.0,63385.782335491116,0.21957949826146428,0.19258364605565959,0.10162047330053618,0.0669399414632161,0.1687307567104984
3900802,3891293376.38334,216211.38211382116,59614.75283241934,0.17035136473182164,0.12778610792971332,0.14894891728238122,0.09413907204441857,0.25362205981327596
3900900,5829441912.39462,230144.69453376206,62516.80407089441,0.25493674571498104,0.13708952166769645,0.17375048105787774,0.13915698381187433,0.18021012192907937
3901001,2907239279.4278,170000.0,49175.22461819689,0.10188582681873336,0.09524028082516017,0.2726401600010044,0.22791933642731171,0.1702261632235663
3901002,2043727750.46974,150000.0,41009.88763860219,0.10591953286206804,0.10189162593493063,0.19994336730983794,0.15588401633435522,0.15968510017347937
3901003,4484363019.728228,150000.0,50770.588725043905,0.14540591840754172,0.09126797944106767,0.16634320862911037,0.14137425120072047,0.16948156481523666
3901100,4481452585.38134,220000.0,49172.16293292963,0.15540112078734386,0.1165934166950331,0.183572276581937,0.11391639322050734,0.15596777313525972
3901201,6466366310.10082,349514.9253731343,99973.19630340934,0.247320428128085,0.20028447481602807,0.05312661811821232,0.04537920901075969,0.2553890760016427
3901202,3646979426.88238,200000.0,59406.734433659876,0.22370934436233456,0.1860388782509197,0.12667343592791244,0.11944798416238761,0.1620183703196022
3901203,4407231491.468101,150000.0,43470.68069387774,0.15126023282814555,0.17048300187610838,0.12392108789973078,0.11815358401957204,0.1805390713798495
3901204,2844400349.54124,180000.0,50800.12054474282,0.1720232825423177,0.10777612563121199,0.14819327088237952,0.10820467870100632,0.1916210082590195
3901300,6071100537.45976,275000.0,63649.04530591881,0.23364465123499892,0.12626340806860356,0.1578006566225325,0.12303723364513153,0.17753700930114835
3901400,2568796332.32156,180000.0,44784.538299509404,0.1147982558406602,0.11248646928053496,0.22443886562791523,0.18649227052404233,0.20387531537414305
3901500,2693774405.1346602,185838.70967741936,44439.98952643956,0.14865715112286168,0.14039041582359046,0.297912938867961,0.2488274494882183,0.17160064942301365
3901600,2593329259.0302396,180000.0,45413.34837632851,0.13920141925934698,0.13189625991252177,0.17880782944507428,0.14724503578608156,0.18377669803400876
3901700,2688656852.97222,150000.0,43984.047457339024,0.13844349118278723,0.10789970237536946,0.2455754618498808,0.20038867287503825,0.18802809946968096
3901800,3866251496.09388,220000.0,54370.77579622664,0.14348226014051568,0.17266173080122632,0.16722674276702063,0.132372264642505,0.21189987752498415
3901900,2738885884.67096,183227.2727272727,49794.30377192495,0.15336609138838347,0.13404916132272798,0.19925835480862467,0.17981441706311402,0.18383142578866074
3902000,2517578541.4808803,175000.0,48937.283341060946,0.13234165923579008,0.07713102500547141,0.19068831399037642,0.17554361271631308,0.1990550336911131
3902100,3595427387.0654,195000.0,53985.39620218318,0.14952973481249746,0.12333615371176841,0.19314285367532816,0.16694073175904248,0.1280673742178469
3902200,3342758976.92308,175000.0,48547.80301972377,0.1009779947386638,0.08684613921259098,0.2754727340765106,0.2113506880394437,0.1503390152446651
3902300,3112291160.512164,242533.33333333337,55557.7779059277,0.15382804014548396,0.17141181527289787,0.18059014426703193,0.15538136243565312,0.17602432592384148
3902400,2914792643.6054797,175000.0,46891.01918575119,0.09386948512315287,0.12715682483853763,0.2186088695645568,0.1921252941676071,0.1976608452676201
3902500,5860746803.905061,275000.0,65369.99390892935,0.18951804039193784,0.11954512843852408,0.11043393512190099,0.09008873194031143,0.2027728966841631
3902600,3826673634.01582,200000.0,51394.410653341125,0.1448688151678127,0.12665138669510492,0.22282540929818812,0.17622365762220946,0.15717086710559378
3902701,3671403642.38672,200000.0,51564.65789868989,0.15256689629837747,0.12136455026188206,0.19262017654388708,0.1588610405175834,0.20066633268881479
3902702,2675240485.4608603,154759.25925925924,40594.22301995175,0.15039370226676632,0.13092326868545529,0.15995131021571873,0.13935451531579865,0.19830159606305847
3902703,3277350647.57774,190000.0,52800.02976555461,0.18344874797841987,0.13331233834167763,0.20544001457745423,0.16255360260994564,0.14892948391376612
3902800,3453665407.42068,150000.0,45445.35774804832,0.10270389556129764,0.10224607169022934,0.24448346736865892,0.21944787568808705,0.1439021134128768
3902900,2113734438.357948,180000.0,45824.23392715651,0.10218889239359676,0.10589667767210144,0.26216129839737984,0.2120337834544109,0.17909021644629466
3903000,2826611136.79054,170000.0,44141.65904256329,0.11971296508242514,0.10313820550094413,0.25293235157544036,0.2066205483688925,0.20884250165589868
3903100,2654542659.2224197,180000.0,44642.67362723117,0.15161715404931353,0.10304693718228934,0.23394658554314293,0.17995389517577715,0.2200155155510214
3903200,5245165505.76986,250000.0,54817.58189216442,0.17365278256742284,0.1527470059299885,0.16827557307266536,0.14661685026744747,0.19862441253149493
3903301,4660531105.59458,350000.0,79357.90603450789,0.23432171434527463,0.20723043289985402,0.08871898207189619,0.07181168666350576,0.20427374324266484
3903302,6725140644.13068,450000.0,99174.774655007,0.2626183725465714,0.15945733039229537,0.053816144645103314,0.029649995374896036,0.20768401059278427
3903401,5770540615.90356,350000.0,81304.99360193254,0.2993627945159707,0.24394122853045452,0.04695869859444183,0.05968921833090108,0.28367412980391676
3903402,3357914652.33762,260000.0,52432.18856608247,0.1976094555307903,0.15499646698279754,0.1041673450595882,0.058376600873324073,0.16602550015346443
3903403,4678325579.05816,304043.4782608695,65724.35873418693,0.24032765289650712,0.17034571624296796,0.03012983597415157,0.0293657846007498,0.2210595959155974
3903404,5518408502.814779,375000.0,85155.36853920713,0.298171513431402,0.2099824000951263,0.026835226519215594,0.023151913041456147,0.2609430352197201
3903405,5892059464.14266,350000.0,79894.49834765228,0.24206154965653065,0.17277132755063324,0.05718374107305889,0.04713775572095878,0.22314289874630608
3903406,4373879815.62086,364653.84615384624,54867.5918012577,0.24085651543176245,0.11712147187051686,0.058251903699743916,0.061091082947301104,0.1637910578015296
3903407,2310373782.9776,165642.44186046513,41551.9906294306,0.14322801842354888,0.1273318473430982,0.2398504339884611,0.2007436820409231,0.21772410499036424
3903408,3099828859.98424,230000.0,49463.512422158325,0.1555036613438881,0.11831090693079893,0.17061214069330552,0.12642704715091677,0.17233962185265803
3903409,4390133267.23708,223707.182320442,49805.81164260116,0.17511167087272034,0.15507868064330313,0.15772470238908734,0.13950321756848086,0.1633827626327648
3903410,2369360137.8554,200000.0,43498.44203883606,0.09050054769786388,0.13156926012445005,0.2632784944132752,0.21084334627667647,0.16270923028710454
3903411,3388911465.89882,260725.8064516129,56826.605840412165,0.1585886787483418,0.17774459572977944,0.17474608457481045,0.13688301270439557,0.19611344170203315
3903500,5100341923.76632,295000.0,60962.93371940189,0.17366872528599184,0.12938006642989797,0.13697487238909048,0.09270986876276814,0.20037634323185896
3903600,5732852083.802381,250000.0,64382.96198243972,0.1638038151269648,0.17406180730107218,0.10831499272480534,0.10204306132957708,0.1808891387020421
3903701,3031360488.14262,175000.0,47749.991937222294,0.1721319533667586,0.21687075807054915,0.1526980605420038,0.11258330478534737,0.24175362422033425
3903702,3040203144.97828,200000.0,50925.52881921439,0.10992362489441064,0.1449584283430996,0.14059588709788462,0.12824937659466357,0.20214902314267252
3903703,3428000642.41394,129460.4316546763,40695.197331472766,0.135674027655634,0.15701939364666062,0.14398857012279329,0.13281580888345185,0.2015561369034329
3903704,4816901157.14568,260000.0,70985.01513669251,0.21073632434262132,0.1730977497004477,0.12226250625025828,0.104481489258132,0.21992294783282004
3903801,3463311057.0235,230000.0,47825.21897127016,0.10946002265375718,0.11080474708885385,0.20419543579265667,0.20960340617365295,0.188671440524173
3903802,3293829331.11052,209612.67605633798,49074.469689812424,0.13845415865637575,0.19798656799936623,0.21930850849435285,0.15627849764684973,0.1220575747745475
3903803,5384603504.32876,350000.0,77648.3647842523,0.24439989404411513,0.17656748594147773,0.07315255576425268,0.05646824524616576,0.1817002310710312
3903901,4951444694.4709,310717.21311475406,71636.52099235955,0.29384735377044835,0.21447282655622546,0.08982174563836155,0.07356662769709561,0.25319315873234544
3903902,5899242865.6285,347518.7969924812,83916.4549371755,0.23627164879768062,0.1824287093712599,0.08312680331487841,0.07253876966318276,0.18987014296643417
3904000,2686975433.30108,180000.0,48223.68372190958,0.12693536317441362,0.13442898384360707,0.2461392071179656,0.214308850818323,0.20473721188137028
3904100,2307487690.64248,150000.0,45932.95028749263,0.12018398556353044,0.11813035828602995,0.18833866572442526,0.17552147773363463,0.18734099963117773
3904200,3216135565.1808596,180000.0,43079.97542268917,0.13591237817570634,0.09542823874242405,0.20324682380828088,0.1351159862220867,0.15397928887667128
3904300,2462075043.60432,130000.0,46613.43538507583,0.14487522059759125,0.16356723593292724,0.18810188031816472,0.172569404864445,0.138851841733359
3904400,2609527789.2118,150000.0,47761.183615714624,0.12455208786819318,0.0893008165707202,0.24636746616160266,0.24108841558978988,0.1407676625070749
3904501,2940627841.4362803,200000.0,56857.78614119144,0.23625620336991363,0.18468261965980842,0.17630041035575017,0.15758275576275135,0.1621309466284433
3904602,4959182428.2837,300000.0,66719.34814518828,0.19379385337549448,0.18986696622412189,0.12607721430973579,0.10701537956945667,0.21831963690376724
3904701,5857862036.94334,383104.6511627907,108250.39799207858,0.2977380127308843,0.16064490804475087,0.03521252881448412,0.023956457807730605,0.22998693985479926
3904702,3746546798.57434,235679.61165048546,62998.93725532773,0.20613299807969182,0.14175528840565796,0.10715559546763634,0.06003869635435884,0.17976589791652012
3904703,4000719589.0871,185000.0,51618.8579973821,0.1823182164182215,0.21686089302199063,0.14005470182812188,0.10907664859951259,0.20396034691473974
3904704,3466631178.56158,245000.0,59147.43522541512,0.17522917575352018,0.14126696796888594,0.1136129747494578,0.07847357041582888,0.1728693595484994
3904705,2452202377.92844,150000.0,43112.614109397844,0.11369830656486551,0.14045728127682744,0.18564763681053936,0.1375320632113186,0.20067844487509937
3904706,3294433130.45084,220000.0,44417.92568931548,0.17417081083588934,0.1351691433725414,0.07995796808219074,0.07843715490766005,0.21127526363191007
3904707,5689940785.28116,288000.0,88206.56340057917,0.2949078602541702,0.2039395689234506,0.03183928720063966,0.03335005300527452,0.19189874252559655
4020100,2568917012.66722,150000.0,48351.53421169245,0.07653299374971621,0.07520406923137396,0.29541210135682466,0.2480251280531567,0.19776677150473324
4020200,2849038085.94734,150000.0,49672.886636922725,0.19169607570581096,0.0592085483433997,0.21490114387853665,0.18649658552097745,0.2639665290810509
4020300,2293648926.62854,175000.0,48617.947869269774,0.1342812491192032,0.1529186682863097,0.22617548360164325,0.19484014437891145,0.21349266752345658
4020400,2788985243.87528,214023.43749999994,53451.36348413661,0.1615998681323804,0.10282502073152751,0.17422591050457686,0.15966079970493846,0.15927024438249923
4020500,2331994976.47346,166461.5384615385,42426.135728877125,0.1331405938854661,0.1063603952218131,0.22844473851005437,0.21885136823829185,0.1706863837092704
4020600,2049517103.8231,171734.2342342342,44270.80902523167,0.07517568008981035,0.09940120543877348,0.20921944000400539,0.19614383157335086,0.1845486285259353
4020700,3580619958.6093,200000.0,50891.4403281688,0.1651858240294577,0.14881437417266594,0.1552883485695699,0.12482496974328268,0.15769159701154703
4020801,2738307624.25654,165000.0,45673.476736440265,0.10766054786428217,0.13924796685135235,0.25163494277246534,0.20565969751499333,0.16012274362368065
4020802,4463015163.08624,220000.0,72765.7606398774,0.3116581283904284,0.1891830864626361,0.0891325260343762,0.08642967032824449,0.14926876570584646
4020803,3320892120.3699403,190000.0,46647.63973493757,0.1647509876252927,0.15417494839608475,0.17441499984973824,0.15186000554327578,0.20593468211524332
4020804,5798709796.29176,300000.0,69583.12589298327,0.22426165251705057,0.16307854441171282,0.07410726103828605,0.05049462442210268,0.21396320013738002
4020805,3820688777.89078,250000.0,59422.50459416116,0.1950110149601144,0.16592143151794866,0.10649397515713364,0.07815640419089279,0.20151630446008803
4020900,2346087967.49588,156483.8709677419,50150.444998950006,0.14312613851142378,0.14892583117781732,0.17117313953610958,0.15288138662251158,0.1781368816814981
4021000,2028574022.33458,150000.0,45925.47196881619,0.10247789821164976,0.1312028816492959,0.20431196803965646,0.2022144057727873,0.20938173522929254
4021100,2942998271.76218,220000.0,43216.468255953536,0.20304180562168792,0.10631995837980736,0.12058801204581145,0.08049798068977733,0.175779043416565
4021200,1900498613.05676,150000.0,40682.83448692626,0.14433633438953078,0.09344738753807022,0.2480916921201238,0.19055717823218635,0.18755348986496442
4021301,4120795911.11282,225000.0,54765.77416289432,0.12685981595529391,0.18746425618869972,0.1988602659212269,0.14331008722941624,0.18472885115272064
4021302,4005265568.8732,239970.83333333334,48409.020871585,0.19084796229810236,0.1297475270627809,0.12260941935516058,0.11057814826774631,0.12841944155296126
4021401,5205700718.43318,225000.0,59529.78053487461,0.23158764249721528,0.1969771488380584,0.08905798036275468,0.07755877777409391,0.18404376074527454
4021402,6676853009.19308,300000.0,75174.5480554964,0.21683788344649674,0.11278835278217562,0.0621325537376681,0.04729146827148146,0.1592948573662307
4021403,3482509916.53208,198194.80519480517,59554.516665505165,0.21830079747656533,0.19547395838462622,0.1534837309513448,0.12268991931225247,0.23704713461424984
4021404,4589373897.76048,250000.0,73277.56502890756,0.26087368982061626,0.11657635066976677,0.05311139629717771,0.043570213906907074,0.17963789848665473
4021405,2037013051.99404,130000.0,41793.45613446943,0.13132498883467278,0.205954979995203,0.24131675276358427,0.20441344061857208,0.13089940661029215
4021406,2668329611.3316,180000.0,48654.855974100145,0.21421198357265736,0.18690175192536337,0.17145408788825445,0.14073855948286407,0.15502660773755256
4021500,4907073517.53994,243031.91489361704,56287.334306885146,0.21380308085246877,0.18489978174975144,0.14010762304585017,0.09407465452170141,0.18936458039309104
4021600,2389495067.81568,150000.0,41412.39285642427,0.1498605721457226,0.10824060841717163,0.2660592485778004,0.24082381559369206,0.20577691707155632
4021700,2757336968.50726,160000.0,46397.16247130626,0.12101053854967798,0.10510038460859124,0.1699161313578734,0.1439933230730173,0.18634471913191814
4021800,3077921814.03154,220000.0,50894.0888938198,0.19816743575928594,0.15746414960865332,0.2572924922685333,0.20419097265557762,0.15744463981801268
4021900,2870319861.51064,175000.0,51636.53123051505,0.11357795212016007,0.14570226143106446,0.23388299641580257,0.20219331211901892,0.16041045525576983
4022000,2647218023.90804,160000.0,46656.87940900349,0.10206548888902017,0.11781510923553393,0.16849368219333893,0.16299275145045206,0.22620135871800845
4022100,2077380897.78958,140000.0,39667.38395626466,0.10329928510734589,0.07162836950202477,0.2768547836669555,0.2616460991390206,0.1732598385655404
4100301,3205491379.25848,500000.0,52449.299353008704,0.12610013301127823,0.11693936304733187,0.10569960407036826,0.07593354227248186,0.21204183539355928
4100501,4354542036.589601,550000.0,73587.52913543896,0.1255851197182828,0.12313993903132839,0.12366206674824914,0.07708820884322007,0.22096793361792622
4100502,3039354029.2168,500000.0,60627.025237708454,0.182966482662699,0.1352997731492855,0.13404164193921872,0.09333846241989212,0.20764431359042004
4100503,3405953940.846564,500000.0,62020.0291502916,0.16714957241755807,0.1212050878414968,0.2809772665849788,0.18844994122183728,0.1996351951230791
4100504,5555886851.08508,700000.0,97859.70428514955,0.33294996278077954,0.13806077921248397,0.05522844782677183,0.04416375476352237,0.2472102393489092
4101701,4796348530.6608,659979.5918367347,76881.80891002469,0.18497819631377924,0.18633182695402914,0.051000253883197066,0.03694967671129264,0.20154423646881633
4101702,3981418675.82672,500000.0,57308.03863066356,0.25233853501025905,0.12740719479803764,0.1573507235885849,0.12034583023242278,0.20833081958906738
4101900,2523098385.25094,350000.0,54118.19281135387,0.09761522380115369,0.08096600861130605,0.2339421054265526,0.16488067722351812,0.152234730457488
4102901,2716462677.14522,420000.0,52194.49855212258,0.14879530142603611,0.15512499449278197,0.13604051126664687,0.11556024687484354,0.1656100508163802
4102902,2686623934.08022,450000.0,55672.09445232335,0.16267569049064765,0.09601693697801232,0.14672310438727368,0.1195972454801357,0.16680412100334507
4103903,4022121086.64914,438529.4117647059,48001.254137019525,0.14347475285943312,0.13893387730796736,0.12304666314314076,0.09011048568220696,0.16090414562600036
4103904,3107788655.01262,425424.24242424243,53664.91089797482,0.11978887495653345,0.14497012325351014,0.12910132243921546,0.08443245673350154,0.2139071456239615
4103905,2701839077.9797,443358.20895522385,54992.55211535894,0.21290897978866305,0.13339857832161683,0.16823694179362048,0.11527311002810954,0.17533327762504117
4104301,3023692670.835224,400000.0,52430.94626036456,0.15338298916717974,0.11131299634255115,0.14817936774145138,0.12078785725918206,0.1882066646307772
4104703,2146406160.94834,396297.0588235294,40307.33997386603,0.13320602821251473,0.18197028346304706,0.24065509866332901,0.2003250364531025,0.21396920611338743
4104704,3536058519.22918,462678.5714285714,53676.67803981936,0.1857181610295169,0.17177411888036484,0.09821783620048469,0.08496412548235543,0.1851542206362073
4104705,3251648558.01702,466000.0,58770.39759284666,0.12657484701603036,0.16380166978789842,0.2198945770293966,0.18148716465100564,0.29349231807512105
4105101,5138376215.20202,526761.7449664429,69442.20846276126,0.23929910916226227,0.1922204888753105,0.05457843369488937,0.04763764349863126,0.2302453093209887
4105102,2872522050.97618,425000.0,45515.39432073933,0.08756997899198578,0.1621582305982662,0.1690628326373767,0.11696690978047644,0.19302903414843028
4105103,5515790288.83416,515628.2722513089,74769.08661715525,0.2428237269978032,0.1998466239876805,0.08299309415537201,0.07107647922991717,0.24740473637570698
4105105,6063619987.25764,600000.0,81758.51125541212,0.23310329599721058,0.18864158935277262,0.03383735729834122,0.03740427981404158,0.17803670352911427
4105114,8676471955.68916,650000.0,90896.89227993756,0.25598748412086625,0.15227653611942749,0.028849651367898417,0.03299662899834038,0.1934788445106963
4105116,4096262423.66924,450000.0,51570.72168789173,0.13789882110302304,0.14381913826192147,0.22471783598030723,0.1937597110894983,0.21431323118818965
4105901,2022695593.69356,350000.0,45433.41405421294,0.10593665409925408,0.09992578425056937,0.23919516481988193,0.17450106992918785,0.21164352173806936
4106501,2532091808.40844,375000.0,49739.56053997368,0.12412902316830242,0.11359072180134987,0.19977828864389366,0.1554501299069279,0.1861096530447546
4106720,4847958428.12428,565492.3076923077,73209.8826355222,0.22557727368564084,0.14241390108226,0.07488392378897962,0.05455843424043889,0.21945300514402977
4106721,5446465440.3111,600000.0,79809.87706154624,0.15375640107731345,0.18713873766285777,0.1409700854411672,0.07738216553230648,0.19275689496592738
4106722,5040794681.06082,500000.0,71384.19147576038,0.15595577719915366,0.24592525531648468,0.07083986963318482,0.04785564859004211,0.18071050451856505
4106723,4598626380.44178,500000.0,73097.33401856241,0.1912452798206911,0.2023107090160743,0.07963814107094681,0.05450882929204157,0.19064167790195174
4106724,5205081554.9566,596623.9316239315,79834.98811246664,0.17919509952700002,0.16297493002406438,0.057784046828382084,0.043449881642768175,0.18439449718052356
4107100,3153228643.6388803,451011.81102362205,58535.1249074399,0.1379275369969931,0.10733037646915373,0.14228335025444522,0.08363402137520412,0.23779204243618796
4109000,3173043363.3857203,450000.0,56470.89934659311,0.11461465217107744,0.1843667234977797,0.18549540735748546,0.11748105549060067,0.1812469992827228
4109100,3656466327.33742,399806.5068493151,53637.46996240898,0.13424650940965785,0.12545704849611988,0.17196707101358052,0.12831181440913214,0.2814895797873923
4109200,2088614936.04604,280000.0,41543.807778141025,0.11434852811716913,0.08530931342802212,0.190657943086232,0.1616707680584434,0.175291140207871
4109300,3284785166.54216,450000.0,53856.00023842733,0.18746145985431725,0.16830242397458306,0.13904259701259764,0.1121961037078952,0.20962949652207097
4200111,3315401292.08216,160000.0,43862.637156115685,0.12115549395630926,0.09649826054687795,0.1548132897763498,0.1236012107172832,0.1883348895578359
4200112,2993709749.5737,200000.0,54144.61213531497,0.18541589307835965,0.11904465988192367,0.1352128917575063,0.11072333318400067,0.1820424461316481
4200200,2556594271.91928,150000.0,45183.87953623555,0.10236771642562106,0.0881940077473971,0.21387698385144632,0.18925977611324984,0.19128015378988542
4200300,3817792308.901456,150000.0,48657.85104765945,0.07121669898157312,0.08132559094419145,0.3444879163603416,0.2946964668274836,0.1605438613357531
4200400,3280356115.2754803,175000.0,50987.87794198396,0.14340941387727763,0.10544770775168452,0.258532997155176,0.2223131566704175,0.16548558072275393
4200500,2714106010.31232,260000.0,54489.17908677615,0.19268667223931316,0.14810358427191436,0.1656650387470825,0.13371623040513356,0.20124012045258644
4200600,4421497392.74332,260000.0,53419.72710487405,0.16008120676064583,0.15524145061999525,0.17580621185962236,0.152570876810946,0.25066437956312965
4200701,2470467022.50808,180468.085106383,46178.67999753411,0.1825817483595755,0.12290660922085103,0.15767356563065638,0.12275635159732562,0.17764053817138725
4200702,3267168293.1141796,200000.0,52225.39191985453,0.1946482268504236,0.11576000928733994,0.17923232975875827,0.14334876737089847,0.196139355046442
4200801,3313795082.2538795,176058.8235294116,53310.731696490984,0.1808728158914203,0.13607887331285876,0.17252751119780882,0.1464563562426754,0.16475540549165799
4200802,3339968556.1570797,190000.0,48040.511998116905,0.10655101243272394,0.07433842747318456,0.23945553123727864,0.19445528633698164,0.1908458289718767
4200803,3196298630.1368003,199761.62790697676,49183.661811389975,0.12063652934910431,0.10929921512103762,0.2462018337105878,0.16722516637068532,0.15158101750638475
4200900,3645746819.4252,200000.0,48431.085450073726,0.20874752380583247,0.10151857768536787,0.19497628798870142,0.15638545590971958,0.2502200840872726
4201000,2467616878.37764,200000.0,49548.54982485924,0.07747835524297346,0.07866948836601825,0.22004617646222055,0.2184548080005322,0.18316369178312536
4201100,3113141958.478344,200000.0,43655.84493946718,0.08852339991418257,0.06293410827682398,0.3041474012259074,0.29532291740110045,0.19608775053767807
4201200,3767931066.28218,300000.0,42593.299642587066,0.1647767127741565,0.14568675481540516,0.0847140363796707,0.08113296529954243,0.15533495105768147
4201300,2736498795.42094,140000.0,44822.42670872273,0.08664139003555789,0.09358980783774265,0.24305359310621188,0.2173885601788955,0.1729152243901986
4201400,2359666927.7378798,185718.75000000003,44134.79711470831,0.10924579903398787,0.10421843377114016,0.24901383787494927,0.22603489267492427,0.21659563180468241
4201511,2869949592.9634,175000.0,51453.99704113523,0.2076225193527986,0.18483013696985331,0.1903731298931729,0.14890285680710555,0.1990897995503598
4201512,3652184463.8844004,200000.0,50357.59343515202,0.1672335704402504,0.1450407169674567,0.18314571185644568,0.13553165150391688,0.1883593674148914
4201600,7165882567.70146,275000.0,67623.71840008172,0.23421552019303518,0.17947084575128908,0.14806078259913819,0.12560444511555355,0.17774864874766744
4201701,7758092690.08416,280000.0,61786.455325885494,0.19763296400677152,0.18193131676291285,0.04238571132132643,0.04614940405456229,0.19257757921515536
4201702,3408076365.26282,150000.0,52131.187231553646,0.13778629592039293,0.1848998653683057,0.09533069453804484,0.07851431938531837,0.20943329234841157
4201801,4646379675.8004,240000.0,71873.09041100746,0.2512899491243723,0.1532618026334943,0.08070596313122064,0.06575023305909532,0.19081425711231237
4201802,8484432823.0961,350000.0,100395.60789369424,0.30464453216223236,0.15481052493372102,0.0521962862082035,0.032559922060599364,0.1790276847921948
4201803,4717970097.22306,250000.0,71094.45310905427,0.20269058210302343,0.22432346281021,0.07869084380834031,0.08184320134294062,0.18148896802249428
4201804,4934981874.6382,180000.0,56453.34288111237,0.16680850793064997,0.16310397702520663,0.10619244285859519,0.09845284734656502,0.18109245173990013
4201805,2508106791.06332,149147.36842105264,46104.05674644437,0.17516292915276774,0.1275555388660176,0.19384585789709527,0.1317993660672858,0.18192227332232466
4201806,4359825464.33064,200000.0,68185.13104785098,0.270237204193133,0.15258430285192023,0.09765334321239055,0.08239669785665447,0.2096128036457777
4201807,4780509013.54776,279876.03305785125,72475.87952619405,0.2829420392025973,0.18324108701531444,0.06431454614616183,0.04799373695310528,0.209842107296589
4201900,3034981826.2738,150000.0,44415.88482934247,0.12365889162243772,0.08615898106174351,0.2056917864081212,0.171704564689913,0.18456530532261117
4202011,3729292639.06522,250000.0,64855.00746174429,0.1960314478879958,0.10840762174494767,0.13790573956961222,0.11640779060696499,0.22230446192975778
4202012,4033529829.51008,200000.0,57707.59170067071,0.16386087243868944,0.14119895077195357,0.14925523945723818,0.12222993940091498,0.1960537142463356
4202013,2859258743.70216,180000.0,49509.25931053747,0.18906674843181373,0.09303787772433597,0.2198535840776924,0.21796484740498134,0.20246750805981026
4202100,3070183641.826,150000.0,48038.422835286576,0.13747195247935598,0.09982333839298374,0.15243421762651144,0.13429830972698142,0.18667333907372866
4202200,3563230142.0351,162206.22568093386,45860.58846590087,0.1552939502152845,0.10536422817937133,0.20731133743953475,0.16501506023816295,0.18610558820436351
4202301,3416520676.0255203,240000.0,45110.92051369917,0.11945017179423374,0.11740401617654482,0.21116876537794757,0.19530690997396313,0.20115878851545002
4202302,6232544199.9475,300000.0,67594.42763350686,0.26252946224589674,0.1924220292026653,0.10400220341918476,0.10176994512512931,0.213372053749851
4202401,4919613976.35678,225000.0,55012.00939702085,0.20735690893829983,0.14308785473288305,0.13074466147036834,0.10284961869760029,0.20127585654671473
4202402,3999381135.27116,250000.0,63471.15797672089,0.2161442448829649,0.10615609815482484,0.10556814036546536,0.09652364186313707,0.18015124045009281
4202500,4001286971.24446,218948.71794871794,51817.389130194126,0.16798160999913325,0.09051776198995151,0.226134850767398,0.19128549316405388,0.16007698829391648
4202600,3593892186.66582,150000.0,51835.232669375626,0.16463422606613032,0.081309992501779,0.26496021523697544,0.2298318957003273,0.1675837767171125
4202701,4511894352.95298,271661.29032258067,61043.31244778293,0.19504231450141205,0.18136962981937269,0.16680471268136166,0.12576706544469785,0.1831024442700663
4202702,3132492748.59832,200000.0,42739.31683241674,0.11538021759601076,0.12287848472059076,0.21220490426624083,0.1764909937670642,0.157578140889831
4202703,4288884343.3366404,275000.0,56231.4393661716,0.1587132578054159,0.14376721294210523,0.1934405129126328,0.15905675121583832,0.24397973243398946
4202801,4425933254.39024,269868.1818181818,62495.52745538322,0.17548237933972236,0.0979884260986465,0.159265800339412,0.14364049541232096,0.20252477650381817
4202802,6032567671.13652,320000.0,71078.4201048228,0.19450971793318247,0.09955232735865138,0.12169467479772032,0.10736261799645593,0.20887131634195386
4202803,2175205678.7304,200000.0,37629.410073874686,0.11395952347875582,0.053109287432270565,0.2885094359537952,0.2383896550877246,0.1871086709985757
4202901,5309742146.994411,280000.0,57489.00669107536,0.15064373013751203,0.1327514531883241,0.11245051039947014,0.11147332886449919,0.14411377158072708
4202902,4935366763.07356,300000.0,61772.38864365625,0.16759525012384002,0.12572906077731177,0.18805490838589714,0.14768518174419942,0.20758876436416318
4203011,3924033025.3799996,375000.0,70287.90258257504,0.2415059328485208,0.14392451369348724,0.1342496239194993,0.08694319170882148,0.19626073355833215
4203012,5993439294.1543,480000.0,89392.94356343853,0.23983948420831253,0.1615103485016927,0.0798885113837733,0.04796782539728158,0.21125737713201623
4203013,6616058559.53264,456250.0,90660.7454441548,0.26102835343222747,0.18385462129919933,0.09306940571786247,0.05295527791352397,0.2782564894982377
4203014,4461626569.37506,365491.8032786885,63284.5855998505,0.24704152393067402,0.21657480749782837,0.10844701668646664,0.06906274714083928,0.15717820157451387
4203015,5440945627.12658,350000.0,70592.8722299913,0.2648365096982942,0.22199467791295388,0.09809570066574441,0.08111842958046381,0.178383479913761
4203111,4553051203.72872,350000.0,70600.88701703705,0.17754644719953488,0.20507860966376115,0.09410417019956023,0.0670804398761595,0.1978109813120086
4203112,4940868683.71718,400000.0,74775.54155392549,0.22324202501910842,0.1788968563739379,0.08468958538150695,0.07265375337933752,0.20263095417611954
4203113,4690992091.08052,399577.92207792215,83339.11475057773,0.2345196145444357,0.2149899982094617,0.08891155183737036,0.07634146702876056,0.2333014503951366
4203114,6909001376.645801,376038.6965376782,84710.65935073321,0.2216264057972122,0.27346285778910195,0.0798073042008988,0.05873253293685123,0.16413696446153384
4203115,6096212122.1948805,435589.28571428574,79991.23646448519,0.29289813220900907,0.1873656694638038,0.054717254348393994,0.046011390349128885,0.27267750909968425
4203116,7069149527.41576,500000.0,109830.79869827481,0.3371544657754167,0.14057911193400519,0.0342142945912785,0.03684182347100644,0.15405127634694488
4203117,5676109188.478761,352206.7901234568,81707.08069036204,0.2747044333893251,0.1421533877283022,0.05548594830724309,0.05402816978941692,0.16109028290113933
4203216,6089788893.720201,300000.0,71807.62075913782,0.22779483553206678,0.10909694544329884,0.08275100068156052,0.03970279668504201,0.2212830705477842
4203221,3443149833.6940002,300000.0,54635.82725633133,0.11345524575888014,0.1936593655220116,0.18424420228038754,0.1176930048948355,0.139944682525606
4203222,3229234882.98458,200000.0,43044.41267091321,0.1292498515136946,0.11157312463273068,0.268094522845836,0.21687020062437004,0.2093662036167929
4203223,1800868642.9596,220000.0,42199.61670672759,0.1782525987150532,0.16453526006285582,0.21168956701688335,0.1633128814767185,0.20094008567293267
4203224,3114013954.26278,175000.0,41906.84656110755,0.1450963396157831,0.11457363314785336,0.19034233915426502,0.14863357322357781,0.16482676959138212
4203225,1994510284.5306,120000.0,41851.36044087123,0.0952611851589001,0.2721977878234755,0.20642094186006865,0.2175803254129282,0.20130773658612336
4203227,3142155923.71556,180000.0,45006.24389417268,0.10795751028563771,0.11997936068439578,0.21505035516823354,0.14014506846009175,0.18279599624584209
4203228,4485296351.75458,250000.0,52691.94403104425,0.1990403612236609,0.12719493547105898,0.10281635888277495,0.07681632161884235,0.22329904723461674
4203229,3608842317.0563803,190000.0,48607.86483832202,0.18846569880131844,0.1787915220908001,0.06406579039074928,0.13208874908605567,0.2241017122150325
4203230,11716661683.810558,450000.0,113568.75856671215,0.3371088226980048,0.15134633096993938,0.029101881331548833,0.018576004662411237,0.16445121801469897
4203231,5570811177.47506,300000.0,68431.59897152653,0.2874009399505926,0.15808279516004875,0.06662926940812862,0.050766177275278164,0.20025899050677243
4203311,8560640631.34558,450000.0,99214.69370156205,0.3035972545201077,0.18767847948592878,0.048085453881546385,0.038585743480996915,0.17428417069240842
4203312,4639602429.8954,250000.0,56887.15306769906,0.20471186007375483,0.2232350570736188,0.11687885262226348,0.10263399883312319,0.21802326954786194
4203313,3213252859.684536,200000.0,45072.98161992616,0.12616432405577951,0.204651088725971,0.16295432357950884,0.14556599212350838,0.21351998158252564
4203314,4290093675.1978803,375000.0,81621.23390342422,0.28243734463176057,0.16553837481057876,0.0986050337243249,0.06565607214775047,0.19588869165488268
4203411,5243694371.8814,462557.8703703704,93052.49808137068,0.23546248150484805,0.22651761445403037,0.07178347286385163,0.05244719871200385,0.2730688111908071
4203412,6823658381.26092,525000.0,114575.49837566189,0.3764011637466218,0.2312968120057255,0.04528848286175411,0.020812849505510662,0.17073943112177187
4203413,6128890630.69708,450000.0,80717.64296980218,0.32518460367071694,0.21207314299367228,0.032814224007382216,0.03432489751665104,0.27441422971372414
4203414,3695688479.58528,325000.0,71747.00989293885,0.2684998141319401,0.1609922893665991,0.08655585006366566,0.06798167877656001,0.23885899521960238
4203415,4586410230.30074,400000.0,80103.57395383436,0.2730673641081333,0.08018414271461395,0.10213299766256725,0.07930769351610072,0.15707822211066372
4203501,3133180285.030052,245052.08333333334,46496.0123027046,0.21336145030600692,0.1736465359627212,0.14109164279729913,0.16405107100932428,0.1478237513690846
4203502,3388041174.7484803,277565.44502617803,55859.41626545233,0.17801305193469905,0.17098201404332267,0.1412335655575328,0.1554031648776249,0.15421334947145313
4203503,4756946392.70522,294767.6767676768,51704.81503342558,0.10909447759024996,0.13681242174154756,0.2605171126867427,0.18586749354187437,0.20229707516621429
4203504,4206073667.54088,323144.6850393701,57077.94364962519,0.19374397965289078,0.11450911203825671,0.09109718566670254,0.08059732799435215,0.2210320184224791
4203601,4904556113.49916,250000.0,51941.838023163175,0.20602369866953976,0.13590666973579404,0.15440101979153548,0.14126056947651205,0.19643934133118263
4203602,4189548116.76564,235029.76190476186,54490.389885878314,0.17043436720737468,0.1505573162348489,0.18128401180181164,0.1614917919291789,0.20756031845273681
4203603,4360898659.95334,275000.0,58019.992282713865,0.1648919109414879,0.18431104509913102,0.17002696441130635,0.1685109776878105,0.23328409086453872
4203701,3588809573.38524,271284.94623655913,48906.52312431338,0.10905992560708815,0.1410292066980813,0.1786856490139448,0.14084755866515292,0.2406136116119154
4203702,3314609779.0876803,250000.0,51833.70258319672,0.11374992611853582,0.11874279363520474,0.23333060691660423,0.18761486076253742,0.19505561619454131
4203800,2811807837.3823404,160000.0,44734.119851443626,0.08684245564384797,0.09619878606484562,0.3003504818130087,0.2691207397501625,0.18631174321743862
4203900,2631341233.21692,150000.0,49178.43294615408,0.12175728285666566,0.09863477702460499,0.24754168588524655,0.19812493147429913,0.20877915188605706
4204011,4303595743.39232,250000.0,60911.71986175137,0.231107708208069,0.1193076981711275,0.15846336378011228,0.12585301683814434,0.1994499799659161
4204012,2848956636.65432,166711.11111111112,52825.95606709165,0.12253934028788077,0.11513502910898812,0.2666661308360171,0.1743818288079477,0.2370868475509746
4400103,5361325430.96002,361534.09090909094,51688.87740385469,0.15598954551841984,0.1275856839981667,0.1390281917914485,0.1041973716177435,0.18880935776814786
4400105,6216440423.76886,400000.0,65026.2076357374,0.18139587667675972,0.15920213555782609,0.12919982033678754,0.09490976147647183,0.24202567862857424
4400106,4363164263.43848,350000.0,55819.20865131234,0.15074682688546315,0.11755153774398615,0.1489354712069374,0.13688825977179975,0.23373335566919784
4400107,5120815751.70498,380000.0,63241.808917959046,0.1373627448399797,0.15922873851852964,0.11584044521502153,0.08581976609368909,0.20472722531203436
4400200,6381416695.73624,375000.0,70361.28447804444,0.19752984155280437,0.1509411509753276,0.10844794554479979,0.06215591037996592,0.22840568782130571
4400300,5919653881.06318,500000.0,79781.85235536241,0.31634680809112886,0.12880177735662487,0.06630058824409689,0.058870626522054346,0.1977587321177648
4400400,5061132474.71274,475000.0,70224.25767247214,0.22362698093573202,0.13164986853789432,0.11120868092200763,0.08487647323721588,0.14736430483484864
4500101,2168852042.5544,300000.0,43479.65283177098,0.09991572537754824,0.09839224346302888,0.14276883031073495,0.14514813587054726,0.16802454982553724
4500201,2513290112.33194,201541.09589041103,46498.49424306562,0.09811186495036539,0.15336518749057648,0.19978720941264844,0.13199246399899353,0.17725468582688717
4500301,2636993298.2764,300000.0,53512.587732383625,0.2475413779603696,0.13139242696857364,0.10547812732045322,0.0766189209876568,0.19027119093072833
4500302,2454604607.02076,200000.0,46274.0052223727,0.10629350279003748,0.11099650150558676,0.1713013805932467,0.16538049502494342,0.29060386877321914
4500303,4220915525.11984,308263.15789473674,71360.72503541633,0.2463665641566412,0.19211024227942525,0.04528883308015803,0.04540035188639773,0.1886414639414024
4500304,4723969216.40492,316050.42016806727,69153.85833035558,0.19266363360818875,0.12176001100361468,0.07237474659557436,0.05761218514444945,0.22933991040968202
4500305,4189759891.0446,350000.0,63802.154642209294,0.1998724166786449,0.16165761421500754,0.07336750301377301,0.08015187162720043,0.2386451488833436
4500401,2754327229.0291,250000.0,46243.804318750525,0.17411417085843045,0.13544090367719291,0.19038967852149846,0.15704695383096398,0.1937954153754476
4500402,3251821060.4626203,250000.0,56019.51937125517,0.19992628529409612,0.1449467739523234,0.13428217307070345,0.11395803560288176,0.23948610530716252
4500403,2560066583.026328,217176.47058823533,44568.628384365315,0.14937469752663354,0.10332450613534674,0.15155566300287815,0.15061894546607676,0.16305451302683838
4500501,2705038407.02514,200000.0,49153.02467656024,0.10562461300560183,0.1531197959268275,0.17271433330709007,0.16554706523322135,0.20104850717490966
4500601,5567423084.67192,430555.5555555555,81427.21665967444,0.2708341431906563,0.2284401770362575,0.05403150143368827,0.04598842883914361,0.24667312809202976
4500602,2924693101.34204,298090.6593406594,47837.56585662011,0.14719799490625338,0.16250683610619157,0.19511335193580143,0.13696339673202282,0.17886108049892868
4500700,4486954658.95266,250000.0,60221.92087928194,0.24201544435641176,0.17228363253739667,0.13499126403756925,0.10074643763757483,0.20773919367199348
4500800,2633824942.1878,150000.0,43324.47719618706,0.08607610870951912,0.10552134721884757,0.2211893417598445,0.19734929378589575,0.2060775091883683
4500901,4130217654.17248,275000.0,56867.33473092676,0.18953748944842133,0.15035244237573228,0.11562512008943561,0.10270840900736822,0.17660001881541038
4501001,2098709581.37606,200000.0,43832.69802372724,0.11011749703066191,0.1058126800188311,0.18284874452496147,0.13257504378716792,0.1741503287511551
4501100,2918830403.86376,192444.44444444447,50285.64740914394,0.12898478134095553,0.1160354693002604,0.1694130132816928,0.13516227373366585,0.14532891184471833
4501200,4379107129.09118,200000.0,51783.30687381666,0.12821218277163315,0.09832361001044031,0.1486439225533472,0.12939604260359755,0.23705676558537675
4501301,5399861121.34812,300000.0,64558.43431426563,0.21039876802505567,0.14320157132759503,0.08199305277281345,0.06287822234928009,0.23771094922183797
4501302,3425445312.3035603,200000.0,48249.10644839158,0.12241869948546957,0.14085799849804786,0.208675043493234,0.17002968527847448,0.20038811531438344
4501401,3630009896.4085,270000.0,60541.53498905085,0.20319300651878872,0.13899581823223223,0.0963562792834156,0.06582426998111159,0.22703831600801092
4501402,3300343888.00764,225600.00000000006,48715.00100383243,0.3445786313660558,0.14807567586583228,0.04818853648730191,0.04343114255627782,0.18842944288794686
4501403,2520965655.54674,200000.0,43260.55626088376,0.1782965941855793,0.14889767836007733,0.10627194382142302,0.10223203354394991,0.12775521567501527
4501501,3984911697.42242,250000.0,55545.806406691016,0.20613729204221398,0.18910822662340085,0.10866071743283087,0.08394881881668415,0.21694677608459875
4501600,2310267426.85984,120000.0,40323.729371124566,0.11087378165373755,0.10146626433876545,0.23187267642998255,0.20015454456809675,0.1674850609800658
4501700,2493133764.337516,180000.0,44768.87292530869,0.1184075339438689,0.07283911927527674,0.20466679448901715,0.17368656022704845,0.2364686957240326
4501800,2223887255.4232,145185.95041322315,43482.007144847004,0.10324467967082569,0.11401645174712251,0.1925184398163234,0.15101217505571415,0.21368415638218533
4501901,3416210090.062,206136.36363636382,46227.47077215155,0.11622709620273793,0.08896472463813963,0.20138836322810402,0.15973359567793927,0.16736486024718208
4502001,4789912986.40868,450000.0,68770.1969305348,0.2948839746793444,0.12309826480716204,0.07007200009477646,0.0854658521822826,0.19487933163766177
4502100,4544952071.17528,300000.0,52367.83545351691,0.14180660171717444,0.15119629327789635,0.16254359220055886,0.15690520564785462,0.18957007686120705
4502201,3189576774.64474,300000.0,53230.58702678137,0.16642745675301232,0.17330314822936582,0.20054923320267376,0.15168433153111588,0.23155877212942885
4502202,4450569917.05542,300000.0,60917.476519736374,0.24771760926228173,0.1264165050015535,0.1754416878092777,0.10423149584256346,0.14574677116070633
4502301,6763032437.535521,450000.0,77113.77662465532,0.30022247606150654,0.1582088072112075,0.05286857613427232,0.049237101490369875,0.15945959889788505
4502302,4840698379.2752,300000.0,55796.05541080489,0.20509917552269719,0.1322039405678115,0.1577448684784061,0.1367945216142859,0.15935256804806308
4502303,5738607222.13166,705517.3913043478,98435.74774660642,0.4230210541572251,0.19023172654193093,0.02274057389098061,0.031931503058913464,0.17489784761750557
4502400,2618902063.51338,200000.0,50096.640272268494,0.16176084793995413,0.10033475581850734,0.20810490205582885,0.16176548440939267,0.14334596699236288
4502500,3265952385.3618402,175000.0,50547.93124021978,0.167635489268452,0.1066260932960351,0.1586066173589024,0.12772508554180406,0.19873275561302783
4502601,1910987047.2142801,150000.0,38211.33445070645,0.04849252065108792,0.144115047736333,0.24120680037946599,0.19718141535089534,0.18314129826739559
4502701,4154045808.4781203,300000.0,59770.44328745497,0.1984344735003761,0.1386265846022466,0.09830526414926771,0.0842114544975997,0.18008935012197044
4502702,3657619962.93032,300000.0,45211.61882484944,0.18332696119478564,0.09334410403326099,0.12767563618707656,0.13503706452845862,0.23130254442942988
4600100,6210164872.4764805,300000.0,57184.36516428771,0.1469638207260425,0.10909675900778847,0.15830537005964543,0.13980463033935145,0.1553652731273012
4600200,1670371093.40292,150000.0,43173.19962271698,0.14207940861854546,0.1289314576758369,0.1926691651881752,0.16366769744503415,0.2260010226850709
4600300,3091702102.571072,185506.36942675157,46201.35243986778,0.15247081320169448,0.1481440064182481,0.2263417323928263,0.203639000843836,0.19450060592376506
4600400,3310158828.57436,200000.0,45099.98948954112,0.13053984349738978,0.14311993796256522,0.21799399456943913,0.15844193918148067,0.1979156218520235
4600501,4830392652.93846,275000.0,56674.128579254735,0.1508682304180965,0.11952304864408615,0.1830508327690612,0.11835203850099582,0.23400088541423186
4600601,7638999733.95016,300000.0,64414.66666062484,0.19189866545396117,0.11979017942465742,0.15227914558094546,0.1483011901366943,0.148463086504409
4700100,1951599373.42622,170000.0,42382.76920160314,0.12165283855691685,0.125909207421197,0.17534783266080875,0.2224854370066106,0.16287061255608493
4700200,2191918722.943912,158193.27731092434,44881.418627788036,0.11869355176033929,0.1264716183357742,0.24145744936597036,0.21609999882211536,0.16698492125897035
4700301,3009589955.6501203,320000.0,59072.957301708055,0.15295812258250271,0.14777555545267898,0.1404886332747165,0.10112669242466803,0.191220121249469
4700302,2901806777.7648,280000.0,44205.20958145147,0.07582901959263222,0.09845203533515073,0.1929497779115677,0.15603727299633455,0.14273529596941045
4700401,4557715580.14016,350000.0,55855.04209782178,0.15664520531609055,0.13163633106376285,0.20623494651934254,0.16447276472454816,0.20034381374957583
4700501,4499866935.9841,400000.0,66143.38746448877,0.2176886664501675,0.1611251751484595,0.12705695113257015,0.10019654735910463,0.242074420693592
4700600,2276003822.74714,250000.0,47810.184282053146,0.09951984052830151,0.13188666062515172,0.25682600758098156,0.1880696230898006,0.14392183538840747
4700700,2638158036.42032,250000.0,46070.0970316485,0.16704111291245224,0.08454751632313622,0.15593282735704855,0.10595844981086022,0.2632638070407792
4700800,2369555222.6247,200000.0,44784.63849224532,0.1402946009207115,0.09108041499073452,0.29086609101276134,0.24801304143743913,0.1924195450921614
4700900,2734789124.90602,183759.2592592593,47090.64356273819,0.12630967883977912,0.12812381521988137,0.16341739990046872,0.15118474200024776,0.1536798272556546
4701000,3885666595.3702602,220000.0,52367.474331135585,0.11654751814002381,0.13864824090360847,0.15742163100683965,0.10787188508656886,0.2065197357798666
4701101,1983322930.00336,192531.2500000002,45292.720317964784,0.14431664842079706,0.08708820184004397,0.22349284874453051,0.1677923301056355,0.22259049347493406
4701201,3006831455.9927,250000.0,49014.303393745315,0.19419939726392751,0.14103664006215239,0.09436190031786366,0.06483626536913324,0.1883074430359008
4701300,3308667783.49936,230000.0,46976.101876952,0.11153531372101001,0.09499481580510297,0.20899099206541227,0.16773932126229357,0.17021392664486856
4701400,2882038690.77128,200000.0,44437.50294145923,0.10678066021967325,0.1265769789643503,0.15281282938001728,0.17368732522947444,0.19070689202886157
4701501,2879163833.52452,260139.17525773196,37106.93035950716,0.1785684553783214,0.15235183257440163,0.12496876199675831,0.13531615692097504,0.1533875104374254
4701502,5380151962.495,500000.0,92214.31445384273,0.29578535014858864,0.11903828816771925,0.037558114911403456,0.024853782413905984,0.1922378782875803
4701503,4248673778.58296,350000.0,60545.70530806664,0.16636430241814065,0.16561984595759902,0.10636104930850158,0.09810579887717806,0.20184514915923307
4701504,3041207798.40584,300000.0,48642.98073296716,0.1742183908694868,0.15010661062867653,0.18311414199520112,0.13661955382772378,0.18891504105946355
4701600,3893678375.62146,320000.0,54156.33998110436,0.12326858537212733,0.09628143767274176,0.1735891883434058,0.14508879280765793,0.20759872453575873
4701700,3669751676.5906,248829.20110192837,52963.740858310244,0.10651011292773237,0.16394758745021215,0.17647229680749532,0.14291124645287215,0.21336124575416338
4701800,2018853489.13466,250000.0,45057.65944593715,0.12156614965104579,0.1130786750760163,0.25030622730779734,0.19399934815802578,0.17018747670662818
4701900,5629260480.856,450000.0,64757.73606727407,0.22419244653437875,0.16690104776027928,0.14875683963682282,0.11770386880937254,0.25702813659786156
4702001,4123364066.75964,375000.0,49503.734563829814,0.16158096719103934,0.15156258381135804,0.1292347793777102,0.0952958880201556,0.18442534196789576
4702002,3068878220.39326,359105.88235294115,49102.05152629216,0.14050585254958234,0.14648960425607618,0.20615418839348007,0.16299364448319525,0.14562058764193428
4702003,4098263829.25986,425000.0,65539.71357022693,0.2623107039212375,0.16944606871466686,0.12862583017609705,0.11778224520811177,0.1947265868428497
4702101,7036629258.3023405,700000.0,98082.42393998412,0.34078297164493976,0.1668867497046614,0.0266710224416283,0.01651890476125546,0.17350498284633978
4702102,6338888848.13,600000.0,97905.45753540815,0.28388184384969284,0.1484573709677549,0.047746011884130926,0.04400319419191046,0.18094186844143217
4702200,3225945703.8178,350000.0,57101.43736291353,0.14346850728264457,0.13470790017442394,0.18020571539527483,0.1460385512601325,0.12490770220256571
4702300,3397938176.3190203,300000.0,53112.701267960176,0.14564487065446136,0.165341500683211,0.2008508695595127,0.14206178176061654,0.22052608572023874
4702401,8157405235.52262,500000.0,76884.84562081283,0.2943949758649134,0.18149635908364264,0.045882167453683086,0.050548333395280004,0.21424516993034134
4702402,4494199578.15462,400000.0,65243.958279323204,0.2518603057675462,0.14539947313949,0.08604660588753574,0.07136660697669739,0.18637927090817816
4702403,3138111373.4674,350000.0,55134.86960780435,0.1881879288999476,0.23930009486898832,0.1241029380341863,0.0988111146129853,0.1943344166112769
4702404,2342185211.81116,347773.43749999994,50681.29163913879,0.1714796835837004,0.17826116211456244,0.15852744002881028,0.13829382798744927,0.2014764761429323
4702405,2925378869.92956,300000.0,50268.56035620861,0.12867553896991943,0.14749901478525063,0.25476588029247155,0.22154456231613023,0.16881672765452477
4702406,7837436362.38358,560252.2935779818,104140.90677912753,0.3308267616902535,0.13522106785368396,0.010887473969542873,0.015207949909879797,0.17465747991906247
4702501,3395396762.62934,200000.0,56113.91301507776,0.17443686162154026,0.12033302496842918,0.11183715364043113,0.12033378764092405,0.14945053965729876
4702502,3106087018.29954,238991.93548387097,53604.98098680692,0.2567347165362956,0.13049658788931298,0.1456564450640288,0.12750254172404127,0.14720859968028271
4702503,2126446863.35392,175000.0,41115.39015359771,0.16073168826081966,0.16669969735020915,0.2568548608879553,0.1928721383071112,0.1847628002496805
4702504,3134175962.62114,350000.0,64896.48954593933,0.15717479357049974,0.13199079480931047,0.16637927512651096,0.09319301658448942,0.16298562232108751
4702505,3779100324.36492,300000.0,59996.19496046802,0.1634986127504394,0.16217680862669218,0.10951687800290191,0.11036872890933187,0.17699444435982406
4702506,5250178587.92284,425000.0,78041.71876093053,0.29476859144250206,0.1502099461810289,0.10350847164812418,0.07888053150337644,0.20229155460522188
4702507,2924067932.90444,220000.0,50218.41985512632,0.13231209197869337,0.15645712727603414,0.20398480858635126,0.20212539948818456,0.17914317695166865
4702508,1582848439.9003,132920.35398230088,34936.839268536176,0.1056288289328138,0.12313562269352625,0.25362843873499774,0.20546776122586008,0.1989425304251079
4702600,2648210942.68342,300000.0,51836.26179696641,0.1010740009127732,0.12046272235921203,0.21289024000879855,0.13496771405571073,0.19702881605556274
4702700,2032675838.9088001,175000.0,43677.765243646056,0.09782563772920494,0.09587921645195693,0.27024780695946793,0.21225006038836336,0.20058583734384292
4702800,2764240940.49966,240000.0,47321.548609916455,0.12275571744562322,0.10191820234131818,0.12922596482909732,0.12572261767700374,0.16977452584309474
4702900,2204830435.16238,200000.0,46674.93194382447,0.10341902766005986,0.08735213037224594,0.24194021178224245,0.1850855971529465,0.18879133763469844
4703000,2115317070.81296,200000.0,42358.86641060835,0.09474196883863778,0.13817266100947748,0.18212214499188153,0.19188163881455744,0.19377698329521215
4703100,2850743912.8794003,275000.0,49543.68983106361,0.09238946740079987,0.1406320570904119,0.24806118429995788,0.17403126271047417,0.21341279063924729
4703200,2408238151.80236,250000.0,45865.08754646733,0.15580690887301982,0.13047258851129878,0.18970392712941833,0.16158405779194526,0.20860166096756863
4703300,1833216134.35756,200000.0,38698.305631123025,0.08233408527778134,0.09655493484691087,0.2578978831684699,0.21550984332851303,0.16693459273433978
4703401,3712549778.0282803,260000.0,54095.144660181846,0.18872968046858676,0.12218552751142252,0.12788679344827988,0.12369067839331256,0.17777857550082182
4703402,4252632393.6589003,325000.0,68783.88370036717,0.28429167299325514,0.10631106346609433,0.07584553439425992,0.06811208201977333,0.17563251390891518
4703403,4560034851.05282,350000.0,66347.0806205852,0.1759119478008806,0.14031237287493017,0.07505193705832836,0.07957908778783074,0.194362556149888
4703500,2263931047.42244,200000.0,43888.24145902683,0.09416570800985205,0.12738664206467185,0.187179829962095,0.15417957153523165,0.23976607599860933
4703600,2834746135.98722,250000.0,46869.252603869245,0.1298812136460956,0.1343915551979846,0.21946588520165278,0.16250184199523565,0.1916190064654343
4703700,2187865941.10742,270000.0,48694.99089934164,0.12590705091572843,0.11489064237572427,0.18804664081110628,0.14656084813139675,0.19624337812657577
4800100,3864280268.23606,150000.0,47809.27497291821,0.10638988352474377,0.0873451436050397,0.29580745426622657,0.26033931229797236,0.19635988187186718
4800200,2289295054.6191797,150101.69491525422,42457.252496646506,0.11522052367158864,0.14293919956579568,0.23440069849848366,0.20582231763791642,0.15760090921981115
4800300,4494515863.223761,250000.0,57244.769891022755,0.11996775789390865,0.11663303732233421,0.14524610766890503,0.12358710320474535,0.2140680774577433
4800400,2410202926.11124,110000.0,43115.56011719361,0.05186815850510265,0.06751132388206638,0.3324983450724402,0.25662585009750044,0.18267678673188992
4800501,3761688618.73926,190405.40540540536,43556.71547698969,0.13301932831960525,0.13371833324539872,0.1565031429054034,0.11546880013019688,0.17279563839572942
4800502,4603964403.371719,250000.0,57476.272794333716,0.19606056261875934,0.11121717541310852,0.1270068522192849,0.1243088842419905,0.18131242539374662
4800600,4266038555.7950797,210250.0,52901.60781482224,0.14464153041068764,0.11744294310477076,0.23849173057687476,0.17294607444260054,0.20827029016180762
4800700,3272856530.6723003,190000.0,51701.44433395416,0.12504461365543953,0.09832250786504769,0.17017043347005326,0.15702424258726447,0.1975284809760364
4800800,5973756775.30652,250000.0,56410.47777395721,0.1531809930746514,0.16576187785890742,0.15155550733364853,0.1259954217716137,0.19356204011257042
4800900,7847026682.74454,320255.10204081633,65096.78360386697,0.18086785730953583,0.15572981205997294,0.12388603501980062,0.10263239341087615,0.15720031918249544
4801000,3126971100.2813997,190000.0,42932.848673440974,0.1296562725405792,0.11658212935686992,0.2518947967682774,0.21382478206745492,0.19366059674534378
4801100,2465807733.49146,180000.0,49965.7088853386,0.10956087775800451,0.10565126300034872,0.17262269339479067,0.14580918120421058,0.2940188281618799
4801200,2838584417.35362,180000.0,48431.742319631805,0.0797207041218,0.09801455483609811,0.1544176523848277,0.14429033437432418,0.19326205812477643
4801300,2948941490.7721,200000.0,50061.81867334567,0.1783166760066717,0.11329285799988069,0.25162082464047925,0.20125632762364845,0.16042698496080854
4801400,5624881243.2388,340000.0,61958.26670968552,0.20648307149322903,0.1332476714714136,0.16713900316693445,0.124342696071407,0.21715954439615218
4801501,2871853359.31516,263549.3827160493,54756.20346467281,0.1718129264173378,0.21333584003672837,0.1258167840699932,0.11075896262609042,0.17117580163216556
4801502,2985685571.98362,250000.0,49003.505317483265,0.16556786667250303,0.13257707863256926,0.14875934590711706,0.11884814745697767,0.16109939435448323
4801600,3013805050.86932,200000.0,47789.627217894835,0.19799659602393246,0.12477218100311865,0.1900392473516544,0.15995614557675086,0.21123577180580028
4801700,2799918034.9531,200000.0,49254.442440155864,0.14519896467101037,0.17032464351464066,0.254327484484712,0.2009037672638808,0.16621448202536238
4801800,3074191152.98522,200000.0,49889.502645005196,0.16316311281330773,0.07971077097800044,0.2054872366389173,0.16322260200241115,0.1560248114026389
4801901,6197321474.08112,450000.0,68468.8550161979,0.32671594913804486,0.22291800218186922,0.05134569855736918,0.050029425477827266,0.1985623242043701
4801902,7036671558.10416,500000.0,104693.67907671488,0.31416014819861754,0.2844060745465557,0.026692841379796526,0.036090810691443216,0.21418496318187405
4801903,3848318205.0594196,377137.0967741936,64450.14578897035,0.23275231767575985,0.27166096526028255,0.08806630220869875,0.0848840901102138,0.21713827586776122
4801904,7336016978.84286,462133.1877729257,90534.57952416217,0.22115781880171037,0.28924416127555036,0.03994661290228145,0.037174082088522596,0.20589627003434915
4801905,7892229929.09602,450000.0,83895.6323783487,0.3267996866285193,0.22428237586384245,0.04536509778118048,0.02878939618078576,0.24984544941070352
4801907,9553939605.37814,400000.0,74744.67892895643,0.24774969351226667,0.19067842994981304,0.08724316751698055,0.07215921051663732,0.22505593199781773
4801908,8136372171.375421,550000.0,102873.55288686982,0.24739213153730794,0.2414673814729742,0.018897052048557975,0.006536751155193189,0.25738709847383795
4801909,6280344107.669081,550000.0,101430.0220883924,0.2874589894163369,0.2556546277592599,0.055259432286923725,0.06190072488725551,0.240613540172115
4802001,6610921754.792288,420000.0,78228.35417702807,0.2473708856451625,0.24747755769888766,0.06114180813861832,0.06319652193722367,0.23728440065071182
4802002,4429003074.06414,325000.0,60421.3128436351,0.22670056951838083,0.2440411337775349,0.10522507262207667,0.09024940175984429,0.19075866020032586
4802003,9261306150.8069,550000.0,101800.56225124375,0.30902578092610045,0.23954857001915528,0.0286561833569315,0.030493016430732635,0.26735949180034263
4802004,10721685062.32346,450000.0,97782.76906394516,0.32793648467705067,0.23584717136782027,0.05864309995438023,0.03678464618073312,0.23856085008702108
4802005,4047872469.90516,341899.3288590604,49075.23331965569,0.18101427314254478,0.1789619877612579,0.12606759654574204,0.10171867689535362,0.1752666903087444
4802006,9582658132.65028,400321.96969696967,74901.9676451529,0.2259229607183159,0.21905182068993953,0.09649014061345358,0.07150593040722086,0.19441303759020473
4802101,6610737562.5533,345000.0,57191.258435446834,0.17853827562619778,0.15119105241899272,0.17177191898617056,0.1068565955073405,0.18969137551693419
4802102,5413281689.27364,289000.0,55694.490403654876,0.17686581173315374,0.14715156314373973,0.22879788727538208,0.18965763903617583,0.164488268015086
4802200,3364632470.5384,269000.0,47644.86144717994,0.15340664685626298,0.1304288067203302,0.19304211587425657,0.2002513954529318,0.1796058673443106
4802301,4321274868.58938,350000.0,66775.99351891244,0.24890148024809758,0.23838225964095794,0.08571239335416486,0.0852939244690346,0.17368027666821315
4802302,2101961609.30692,240000.0,43574.80843540197,0.076624094432489,0.1343858640733406,0.29187856044184135,0.2690045627610495,0.16084427022407793
4802303,3261032813.3998203,250000.0,49924.720424376064,0.17654347539759466,0.19869446171787353,0.16374494537456574,0.1435001978004463,0.17827369977442867
4802304,2174438695.3389997,200000.0,37399.4030948728,0.10869390412322147,0.16268379211373912,0.3054995696992302,0.26194877135122885,0.16357674533203959
4802305,2393398761.45696,220000.0,43307.67685618312,0.08493491540935419,0.13232821432288328,0.3529627496367832,0.2909386314423569,0.12931809162079982
4802306,5158604930.62312,327818.1818181818,79383.9147257455,0.2530254453314638,0.15240783454228032,0.10289866797628205,0.07790953213911907,0.1986270003382158
4802307,3940780749.5178,450000.0,61180.847505399615,0.26077609117197054,0.16580070079786832,0.09327384667174307,0.07718208070390549,0.19797986054049466
4802308,3318001154.73878,322984.8484848484,57659.24328332227,0.19418025590021945,0.2055135250000491,0.18422923825368723,0.16504052117127485,0.16999166204793115
4802309,4777637806.17544,405348.8372093023,80568.60665737095,0.28812627637731214,0.2419668844156307,0.04558256734298854,0.046525991737377315,0.18093297356400675
4802310,4411490986.6962,300000.0,59578.51288670674,0.21082620784357256,0.24798497049677817,0.1084063804508763,0.11025041414609014,0.19747770061256018
4802311,5800189636.86394,576808.5106382979,101934.75750626421,0.44464053860935826,0.13625641781637132,0.06027815588013013,0.05478930316540866,0.1672907544589583
4802312,7012611473.648701,608333.3333333328,108069.21673060102,0.3798495619518819,0.10004005824266544,0.05205805136984949,0.041384111108525704,0.17001136310166626
4802313,10111183951.016,469090.90909090906,96838.36256994819,0.37721481743790747,0.2157834769095625,0.030171073439856286,0.03694789632826935,0.22050123557969398
4802314,2143248632.1409001,196539.79238754325,41754.308048722,0.16488892883612355,0.15415749906568899,0.2736455606128871,0.23433259797493364,0.16433594134917195
4802315,2890249429.9601803,230433.962264151,55057.61367673455,0.1914476164070114,0.13408365451875176,0.15485547584769052,0.16305155207143926,0.17003041474741182
4802316,1841770206.4281402,200000.0,37160.1841379283,0.09434054122667734,0.1104115224380649,0.28672960054878827,0.20046504235266846,0.1939822964682861
4802317,3242560988.489328,287861.1111111111,56316.94927643552,0.18138455854837524,0.1559132930238496,0.21474025224993595,0.16126116410794564,0.20516067342971722
4802318,3351772178.72978,285000.0,56018.78860711949,0.18223300939363843,0.22143662764128355,0.16819016541681495,0.16865302519900577,0.19087252128921542
4802319,2478410739.7376003,260000.0,43568.02622328166,0.09638200199822027,0.16869987994882027,0.24033646416366974,0.1904935459327397,0.17528615817796006
4802320,2295746268.86296,250000.0,40969.131787832106,0.06302911882255466,0.1670794542588437,0.333733425872219,0.2624492598289511,0.2066115482269413
4802321,3943643240.01122,300000.0,63328.30022660254,0.1843386658750176,0.2838063877128033,0.12921744845026858,0.09540069465703739,0.17731068438107772
4802322,6541551205.35536,438181.8181818182,89235.01446458537,0.22680272531151172,0.3402230474404577,0.047086525730416155,0.04473698489908897,0.169419623734581
4802400,5953588029.973216,359379.5180722892,69197.99655930839,0.25850366165653615,0.15835967109444782,0.1438143859550611,0.10183239083805527,0.17418622319241417
4802501,8069408761.0295,575000.0,117958.2914679282,0.37145169501127,0.15022010473187983,0.05927920797483211,0.03353681704069158,0.17577607571214904
4802502,4994547366.7159,350000.0,56789.13195961183,0.15785069231596804,0.22535426893878593,0.12558103376062696,0.11074281413754825,0.23014762784783996
4802503,2750006837.99086,230000.0,38271.61419512713,0.07177848581911637,0.13080631806116097,0.2828338319882334,0.3482826838482877,0.15543914262501216
4802504,3376770647.9428,300000.0,52555.105645626594,0.1455092903207808,0.1544581686329071,0.12330804221556158,0.13008224388659775,0.19102062162758007
4802505,4867812409.5093,360000.0,71930.31902221385,0.19518852526389344,0.14074009240544277,0.06397776443570755,0.07017096758887487,0.22506253820525476
4802506,4097102455.52534,280000.0,55314.67220463811,0.17667508995080414,0.13051708776812468,0.19417114404574834,0.17715216367078496,0.19286660671161554
4802507,3446719655.58064,265535.71428571426,53443.31408960104,0.17915162624661374,0.1537588660319754,0.17006621590702387,0.15556838997897285,0.22340354868685222
4802508,1729088356.6998,180000.0,34712.98220673747,0.0647086553362672,0.0690950238330373,0.3794646666031048,0.28601107049167446,0.1984938437879886
4802509,4233639741.861,300000.0,52598.98547454932,0.18592268751823413,0.1922176993415795,0.17048044358827186,0.12616363837552447,0.25501954864548976
4802510,5538297443.47202,400000.0,85595.6824795144,0.27819922270106295,0.20324580345493443,0.08000860943889797,0.0683000446154154,0.1781131351232316
4802511,5175358119.377399,375000.0,71823.1139150589,0.22826548176732514,0.21905031900037494,0.09455442099098055,0.08077946971909132,0.23892903213580075
4802512,2629426252.16716,230000.0,48830.52763644258,0.12015024134775228,0.10106399564664655,0.24453625193237913,0.20683294970800567,0.21403615593331413
4802513,3949332372.7061443,250000.0,57484.132755573184,0.21313126726728146,0.11243850792208841,0.13005237825596316,0.11293180313433336,0.2455656346373258
4802514,5621251708.182899,317111.11111111107,69058.84306964421,0.29306112315292165,0.1916165547763572,0.07392587384092265,0.0386083301047473,0.18842689222959394
4802515,4194648989.6136,300000.0,67354.70542276603,0.24647120032611752,0.14384483343789434,0.08833009442182926,0.08732334856102984,0.29171832737807224
4802516,7886423019.6427,350000.0,62991.10232224459,0.19830977610570222,0.19806240047555648,0.14477612861624667,0.1171430700219851,0.203610408772147
4802600,3715927532.9189005,140000.0,45114.27553412047,0.11101604234352634,0.10048856194963626,0.24865871025631922,0.19094979872014795,0.18205116453189032
4802700,3411138722.06496,200000.0,47043.05170339617,0.13450828796468464,0.07711220714452985,0.1646606440858501,0.12392862609782469,0.17346508377437125
4802900,2655833705.4513597,200000.0,45265.006143394065,0.15625453264779354,0.10581113585439683,0.1832141727771711,0.16030705566907616,0.20628374735265728
4803000,6736363753.154181,285000.0,72308.83903300931,0.23552734507991857,0.11088671844413439,0.14790097081613113,0.1208862318533798,0.1821672226737773
4803100,4458269551.48056,200000.0,58310.809363178785,0.1044607294022273,0.07945441165417262,0.2913321383969314,0.23696125836241205,0.14697701049531464
4803305,2555782725.3961,175000.0,40615.68708317866,0.15598605973834256,0.12986347688903058,0.13687378157790167,0.10632131161849297,0.2074461098940367
4803306,4123455201.4736605,275000.0,57169.37071379179,0.23370514072373044,0.11798264423028862,0.08155930967801209,0.0799489680141747,0.16918599797186526
4803307,3408341297.2103,230000.0,46820.44751374114,0.11761505075460335,0.12011160271040794,0.19674619372070012,0.15614295974038517,0.20247795539268698
4803308,4576526482.4642,225796.29629629626,47406.47706047567,0.15484082011054842,0.1419588564435849,0.17734039289120376,0.15058731716254,0.18206708400759658
4803309,1672618855.32306,150000.0,35662.75463898553,0.0917127963493938,0.102111080043165,0.3006873708408961,0.22411661720816659,0.1722106554009674
4803310,2610109199.93684,137569.89247311826,41551.00052433004,0.1439986271377822,0.13630432249969043,0.19959893761763173,0.1558178540193956,0.20553833848751685
4803400,4776747043.103661,253403.31491712708,51188.39057303236,0.15129751250025245,0.1279804859086304,0.18879069620688932,0.14930857022269634,0.20530256746432832
4803501,4279279382.6972,250000.0,43408.76419084002,0.11364779832558378,0.1299593072342647,0.23562536543843776,0.20605899371780623,0.1648323608718004
4803502,5121652235.63844,280000.0,51387.127620083076,0.11779842222280693,0.09920384052431164,0.16109964277859787,0.1382592665718526,0.21499347685132308
4803600,3560012685.95962,250000.0,49254.443758261434,0.15327465480210067,0.11226150483946143,0.2101505719909465,0.15303117128806754,0.17297301549659833
4803700,3437637952.35952,185000.0,45985.391644164534,0.12720204974713648,0.11968542368477164,0.21705299771876768,0.18809542651931832,0.17484278195275188
4803801,1905822872.4937,175000.0,31621.94283120178,0.12015526466159408,0.09287591593629858,0.2005263202520744,0.1912978833165542,0.205677301175981
4803802,4603850563.99184,300000.0,60030.38861930632,0.17264044918639732,0.1306018154103721,0.15418195941633914,0.12187797909773218,0.17842400998710087
4803900,3538594672.2059803,191911.6465863454,43215.254353235476,0.11377378181079363,0.1278320762990142,0.22949308959166065,0.208461625491856,0.21610656991082652
4804000,3284470247.62714,180000.0,46445.27125906274,0.08826706422341485,0.09459747629124257,0.20545808662385762,0.1741592368315455,0.16174687066055865
4804100,2297273384.4848,150000.0,53653.30089648504,0.17067536161288524,0.10079893716469085,0.2488314261399402,0.21462762775343613,0.2351436315267571
4804200,3934904400.6934996,200000.0,57537.095157020856,0.14327954521915087,0.10040552540361813,0.20401600876469958,0.1638815768038604,0.21198389744254756
4804301,2526740480.7686,200000.0,47073.93398853491,0.11885020128369168,0.09588641749971161,0.22182645053032285,0.20471595477943003,0.19331029854851645
4804302,2919452687.06542,180000.0,51045.62948377284,0.08038978199907403,0.07648450555992736,0.26617486281568464,0.23174937781766455,0.22535400660427188
4804400,3843629863.857872,216895.16129032258,54872.93869539834,0.1296457365551623,0.10974249878828538,0.26057233065603913,0.19423269100690024,0.22193241167853903
4804501,5807613644.59778,280000.0,59272.25046026597,0.15503204461869072,0.11656090169487902,0.2020125335641974,0.17689454174015573,0.17414136158254087
4804502,7558072699.22084,354580.4597701149,76955.14589794571,0.2256986780162164,0.19686970031603862,0.09643971524896047,0.09769893871247402,0.15738439618132644
4804503,6364855155.9756,500000.0,101477.23535562641,0.2918625218929053,0.16978112877130536,0.02993233610190427,0.04145667561780592,0.245713273747277
4804504,6012360651.05846,300000.0,70526.22464584705,0.2333455746722235,0.17395721964660807,0.14258860715906582,0.12232315487463742,0.14998136498342804
4804601,8175750105.9736805,450000.0,102365.77986144238,0.3402938613029761,0.18740811992795178,0.05465004226914154,0.04243742450928049,0.2054736207640943
4804602,3303028676.51366,202191.78082191784,57418.01405475194,0.20892165449376962,0.15613565005361746,0.20781975740022043,0.18263111556675743,0.19320282354833526
4804603,5705819727.15526,320000.0,77292.63660957261,0.2546942742447874,0.11829744970735791,0.04846363137086815,0.04965057650320176,0.16138931294853764
4804604,12209443323.43844,600000.0,108773.00349620427,0.4051555691821105,0.17502123161622737,0.023576146926667155,0.01636821848728799,0.1921549768610717
4804605,2041733155.25936,180000.0,44901.87493697873,0.1859504322062948,0.06929544875220851,0.29820983495871,0.22511831749435116,0.15650116651697799
4804606,1920378602.34596,200000.0,40339.003536234086,0.04936323957036171,0.0988469390510335,0.39517094429240396,0.3419996585075685,0.1713232659710968
4804607,2694992249.9712,200000.0,48639.923655335966,0.14039745200723433,0.14381801093622512,0.262893478334556,0.2018067348455685,0.23362989854272442
4804608,1355265769.7118,170000.0,33171.76839905522,0.057488335578466,0.10247042830391266,0.4173296559647296,0.3464666636726549,0.1304701553824395
4804609,3944362377.42288,250000.0,64362.02560901508,0.3268920862006194,0.19733313217795956,0.13833217826146052,0.11384479413387258,0.13595574350183673
4804610,2036309441.8415198,200000.0,39202.76922475636,0.12997760345178366,0.10162213708927303,0.336645846092478,0.2727416546858128,0.20398506474888092
4804611,2448406887.771536,250000.0,45262.078747578955,0.20260602192027824,0.1821560907214766,0.18035832294227944,0.18049969093251372,0.19802836400027413
4804612,3478748547.6036,350000.0,68608.95683976807,0.2909957773840085,0.17443097903486196,0.08997605087841677,0.0668893766751534,0.18569994368946596
4804613,6201847970.878241,550000.0,89103.1704219393,0.36809353324889155,0.16561052292514583,0.03776596345576533,0.03804185816770193,0.2289628235500451
4804614,2464005490.74214,200000.0,40141.49668054901,0.2002858094834683,0.14122054643783874,0.24431684839155235,0.19858846475135883,0.19110880250748571
4804615,2521154235.7911997,243225.80645161285,55577.325921812924,0.16993924998798976,0.08312101751134424,0.24705368831039853,0.1874424256266478,0.16504456893404493
4804616,3278032674.5341997,280000.0,57679.34745450098,0.16920968766329272,0.15932985429653043,0.15698305797550438,0.1200735152857286,0.15998115123459508
4804617,2855047492.0658197,230000.0,49621.06978232824,0.14976273889672398,0.09999701862900508,0.1598201791565787,0.14293952731553783,0.1841011765831188
4804618,1878658478.0703998,180000.0,41449.52956646368,0.0861325881340612,0.1361143865108715,0.29954908924591234,0.2625456885705529,0.15714057166772455
4804619,1814008445.8231,218892.47311827957,38832.22258473049,0.06428834757331257,0.08806922483748979,0.27818177848241965,0.2429328102829433,0.14048223819915517
4804620,3674454081.02344,280000.0,59760.82491987509,0.20397429258717112,0.1534231588795309,0.08312753675035829,0.05700104947988977,0.17833733267584678
4804621,4452455168.9603,316480.2631578948,74106.30752904864,0.26646454857503776,0.17736528868844434,0.11418749773954955,0.08886332009442582,0.16114994636685978
4804622,3530499699.2859797,250000.0,58401.702165122406,0.11924425620677516,0.1487230130956225,0.2222101597938735,0.19403019473263278,0.23669710030430152
4804623,2599141673.88076,200000.0,46532.06713358684,0.09466331149121024,0.16207913019512699,0.3055921197429266,0.26341981468283365,0.15258595019480048
4804624,4886366199.588921,320000.0,82249.59517226212,0.2710746108271282,0.1870069314558894,0.07786128097272102,0.06866888473177232,0.19831236347259895
4804625,5397303456.54152,295692.6605504587,60593.47796822328,0.16720409389719063,0.15980851396588594,0.1629911164457115,0.10989869231812331,0.17616590317366856
4804626,2797021064.36092,250000.0,40943.000283406574,0.11985289716293057,0.13636171080232679,0.2354344944133131,0.188514384065919,0.161417148361905
4804627,4312232447.3968,263315.21739130444,54752.94506458772,0.20190649991857537,0.1399682330397948,0.1528983296504679,0.14422934740936286,0.23367402754290303
4804628,3326369205.55508,250000.0,53918.09776725204,0.19892885500062177,0.2068767493512696,0.15912931008182252,0.10089257506278428,0.20679151288523734
4804629,3688855404.8746,300000.0,62574.94198358976,0.22976693579330273,0.21821644129387185,0.13691895111171204,0.09714726355368822,0.2403528162504218
4804630,7646237883.552601,350000.0,80853.53428240333,0.27413879443040484,0.1642493921583051,0.07094883172218899,0.05467623863749804,0.25377219591038264
4804631,4297767587.18388,320000.0,60748.40752517958,0.2212014677317463,0.19486136516819258,0.064960854393366,0.08639587079428397,0.2433323748207225
4804633,4275397557.71702,300000.0,61543.07697879689,0.16468229721349384,0.20601898980578948,0.14322623605474075,0.13467950165700862,0.2654432783883148
4804634,3543806458.41716,280000.0,51777.48576796985,0.1599847469015648,0.17802495816252478,0.19496392052685538,0.17193858661230366,0.2002865036563598
4804635,3288057207.61136,300000.0,57965.89111507228,0.23935832107803892,0.159467514765204,0.1193319785307632,0.06454537395058757,0.20850609749215587
4804636,5587141256.06416,375000.0,83508.57568289606,0.31686484364401574,0.1649936215953467,0.04254310213130406,0.03319285665976553,0.22783164065630032
4804637,3688960088.98284,250000.0,50772.259919661425,0.18900711243239565,0.21301374610899332,0.11838169164866545,0.11666510213594287,0.17928984554779134
4804638,2011443346.8456202,230000.0,39757.344827261084,0.0926506678304688,0.16455925456745396,0.14519526205110425,0.1790478522413395,0.13605056412409286
4804639,4506229625.47994,378630.90306545154,77008.50409255487,0.30865212441260476,0.26118297070972,0.042384764753673164,0.034429490634196404,0.19689312495558922
4804640,4226063193.844,319200.6172839506,57696.84616011796,0.17685137695595682,0.18992356383037753,0.08328324276179581,0.05073652198541045,0.19360617858233634
4804701,5298137305.96328,250000.0,55515.663079198195,0.13870055726587338,0.17171037835268313,0.1753935966800028,0.14040271564538717,0.1791915684251766
4804702,6954641048.067539,350000.0,79463.44890387956,0.20478154931292283,0.14173716007990111,0.09812758267005135,0.08822321565293839,0.1864396893420067
4804801,5692193430.69252,350000.0,76967.2971860636,0.19576285236712873,0.15178158459644758,0.09542516086424634,0.06604885187278323,0.2099769793422475
4804802,4287752810.89398,275000.0,62682.778944125785,0.2157379754835108,0.12333065078594045,0.13647691394159273,0.11698060393807583,0.2065346972426804
4804803,2806046704.28722,224420.73170731706,55837.28069978947,0.08588525928638001,0.12385502377063301,0.20358477853569124,0.15892763954820932,0.15981020189830003
4804901,3986159200.0375805,275357.1428571429,61433.27065988935,0.18984771937906178,0.12635542874376707,0.10668425651182993,0.09317214144254414,0.22466882788177572
4804902,4948808649.1204605,350967.94871794875,80460.58350600691,0.25092690470234696,0.20867175427536386,0.053097083660549486,0.04205288086497084,0.2356292171222351
4804903,4058378174.6976,345828.8770053477,58800.883448001274,0.1933398518123723,0.12533491235876293,0.12842245270862046,0.1057801108111291,0.21447356071942625
4804904,6938318391.56948,370000.0,69894.81395383689,0.2485680653953785,0.1460147419887188,0.07648380751298445,0.05404347983900748,0.2308750087352285
4804906,10307565271.94214,499636.36363636365,106080.92533413752,0.382667633936095,0.20299298461421425,0.04748601395588112,0.02039001327815989,0.233529151061476
4804907,4647273334.3033,320000.0,71525.12288458922,0.26029255813074437,0.11273413544666012,0.16328780240397947,0.12473050422795924,0.23994113074086423
4805000,5200411866.85638,225000.0,56504.1056418834,0.2055214129354876,0.13944225854551662,0.16805213384871612,0.13471872739036425,0.2239611880946016
4805100,4716509872.1772,250000.0,53124.61841563831,0.17458711498820395,0.15607479063772084,0.18283804943453347,0.1411190235543291,0.20086562765754487
4805201,6249253569.81814,380000.0,66086.30919204479,0.14877219717654308,0.19806589898580804,0.11498503838510608,0.09443917131164109,0.20804588022681808
4805202,5858468558.396721,420000.0,72214.43875448957,0.22729943847602116,0.23968961142597467,0.06866741263845462,0.049887579721479926,0.2510624327320728
4805203,7498249432.21202,450000.0,85568.12735751885,0.19600719588252324,0.31923558751521075,0.03442910337235369,0.03148327297123249,0.23630395636007684
4805204,10741797308.00824,450000.0,87576.61515138469,0.22990768675914822,0.25365187665446776,0.07808882947964266,0.05674317733975738,0.20601382363415033
4805301,7412988457.05024,350000.0,68251.3921634633,0.15366693510577525,0.23066177501911245,0.11088940055670034,0.09679205225494354,0.23291475789714675
4805302,5012995891.56202,356260.24590163934,67526.91907757614,0.11436331021264057,0.31552136849958384,0.10893887818626863,0.06042942153691014,0.2366974720868789
4805303,6772019142.069401,375000.0,68239.49396980421,0.20441642447286124,0.22387824845676768,0.06861272009509009,0.0629356678884639,0.2035454857678655
4805304,5247148050.277479,376451.6129032258,57343.373516758606,0.17709996896921149,0.2567718965176809,0.11970643621953528,0.09247319162030136,0.20999772269382222
4805305,7795112357.206261,650000.0,113910.33956637626,0.35230322413362153,0.22640587926459588,0.01988601686241202,0.013739320920318855,0.21571794023706153
4805306,9625735918.4609,665950.5208333334,90218.15583313869,0.25860051661197164,0.23463669123842007,0.016684197240287336,0.02476897648075535,0.21146468004826227
4805307,7618572243.1046,500000.0,98302.88955116192,0.33251932358710046,0.2624492525793521,0.030460141573355148,0.036962620182314616,0.23041502546924114
4805308,7264602169.3957,620000.0,109594.818957181,0.3793600701332069,0.22712810477862042,0.02115909714260188,0.030481131558263944,0.1991492936981222
4805309,10301161353.13838,500000.0,108696.43719677514,0.34621104079408466,0.24479880245200009,0.06665264964366553,0.03263551099801745,0.1818678627366971
4805401,5416197225.2886,500000.0,87311.54748744378,0.24886145576786647,0.22406757170441374,0.07428710173916547,0.05105818481919565,0.2442213119051103
4805402,4098986902.0109997,312020.48417132214,43136.33294758166,0.14636240709988735,0.1456386489838552,0.20751075017886395,0.15229438918824942,0.16485400065091171
4805500,3517010609.5556803,200000.0,52300.66635272998,0.11717828555772956,0.10646353445863042,0.21568891948393493,0.17671173628012354,0.1783894862171206
4805600,2802906313.57736,200000.0,55954.05173531951,0.07786024223102407,0.07116433487383299,0.22251871396385361,0.17015673079764415,0.18671450387068234
4805700,5638983134.65336,300000.0,57899.85968717513,0.17545687867832582,0.12593044810407159,0.1290372572513873,0.08178388311763758,0.20863969437640867
4805800,7144466776.497061,400000.0,75176.42552818995,0.27472018538740667,0.17252492110928178,0.06265359312727768,0.04315090580332365,0.2078875436435324
4805901,2346105075.0079203,150000.0,43628.98566236323,0.15279369924724698,0.12180020181206731,0.16152824796195484,0.14989665957416368,0.19265880489230605
4805902,3715002524.2375,300000.0,59583.0396830393,0.28290606341795577,0.11783913649765618,0.09291382643163797,0.09948927397126348,0.23174410527236583
4805903,2236438378.39832,165963.63636363635,38562.60674882869,0.08673002570851684,0.14574699710055952,0.2921905769014373,0.26023808445793084,0.15306936208425653
4805904,1896428911.29954,190000.0,38765.92214430785,0.11801219406438938,0.16458783911728678,0.21169473397681657,0.19774514592188025,0.20357535167982946
4805905,1569754912.9588199,155441.66666666666,34359.6487536405,0.07200505598810326,0.10304006748730156,0.313010615118699,0.25659720905003897,0.12248742207092812
4805906,1960745061.5970201,153734.37500000003,37091.76840825206,0.16266572200886717,0.115915185851281,0.2787879577594703,0.22531266757646257,0.16986546368629965
4805907,3673861302.6727,274353.9325842697,47918.471646593796,0.1197752152671841,0.1804553712804174,0.22579857268474132,0.18629497681251314,0.20932544252851787
4805908,3586914707.42562,250000.0,52269.099840079565,0.20174231213915914,0.1339974393316869,0.0999429519643056,0.08115105745076767,0.17636440780701723
4805909,3018580412.01024,250000.0,48200.884822518805,0.15228666813870537,0.21745143177381532,0.10319043114846904,0.09361594126068336,0.21655597870364185
4805910,3699856860.48972,290000.0,52480.239155882555,0.16709843822151774,0.1730830199668421,0.11879726258415917,0.08945936765162583,0.21019513133544937
4805911,4236383397.33634,359055.55555555556,64611.517948607376,0.22355231396248681,0.1699648839361302,0.05828150287890423,0.04571297991972205,0.20138642236541313
4805912,2904398433.3015203,289798.24561403506,51932.88333336052,0.16587971189116252,0.2071821129296589,0.10973507387142728,0.11234621238047106,0.2269536750624906
4805913,3201586166.5353804,240000.0,43145.154188199995,0.14266871599926131,0.12243589645403605,0.19725022171571197,0.17665985601965514,0.15545544907291814
4805914,7383998880.72262,363383.06451612903,67072.38514599527,0.17080333925719313,0.18294688571783735,0.08199313766803687,0.07120439469651792,0.19985123954346853
4805915,7365891292.890881,450000.0,86664.6817136809,0.3115624891209208,0.15693704291811694,0.037143844967994576,0.04959389919840508,0.17507789365347404
4805916,3281517427.83892,260000.0,54789.66536722021,0.16796083818990312,0.1854314593727854,0.14182679890751002,0.1043797583377069,0.17972038692178763
4806000,4194869185.1112404,328344.82758620684,65737.93620496521,0.2547303963043758,0.16271397379003122,0.08859995125895781,0.05935972496585894,0.2280716117581219
4806100,2674529463.4124804,200000.0,46521.64660658341,0.11441713473380614,0.12872392715791292,0.23541122218158844,0.17891556622197544,0.17315508804818014
4806301,1716691272.6993,182764.70588235295,36204.894396391515,0.10842382885859934,0.12508178174073592,0.2532724351296676,0.23198180738767984,0.20153247987834375
4806302,3360027695.14924,230000.0,46147.25378238508,0.17229257044093713,0.1207742320939934,0.19982468500840087,0.1869808363570036,0.19668078746120196
4806500,2908001878.8918,200000.0,50701.80243905152,0.12005517874666753,0.11939529719929683,0.25597228034721503,0.23990787041093176,0.20242513305174603
4806601,3416221223.1985598,250000.0,58045.69312533659,0.1578753596522728,0.1350984806130674,0.1653799915335349,0.15921492731247702,0.1662732147062084
4806603,2969983485.8969803,250000.0,48264.94654906932,0.15425231771113324,0.13935487995570503,0.16386111202755724,0.12062259832019366,0.19568153734392818
4806604,1908884831.6838202,130000.0,39852.2898533126,0.12134368786737074,0.1237699559656481,0.2383378997481382,0.20653743379763154,0.15669372187747752
4806701,1962295513.9858801,160000.0,42001.1882274375,0.16942507625984018,0.08648278765693654,0.14253441833198452,0.14221064282380455,0.19585020363337863
4806702,2818557066.9327,150000.0,43519.757074541805,0.15622955116090761,0.12389832567498563,0.1686113131145865,0.12584457633464313,0.19829710120747587
4806703,2798100927.63134,160000.0,39283.72167730864,0.10770589604797376,0.10855132216968355,0.2220071579168731,0.13621981673801112,0.27509352747365085
4806801,1784392029.0483599,121107.38255033558,38090.59533467873,0.15096692778305348,0.127395010974037,0.2186435365543916,0.15943649541761637,0.168847881578513
4806802,1347223424.31096,132190.0,29936.96778611973,0.11742596885747529,0.1580813422580775,0.26709310413707943,0.18986217464191035,0.22961367992589124
4806803,2433973029.06196,150000.0,40640.72514713575,0.0553653835087626,0.08829655679489008,0.26181953843873,0.18548083720126857,0.16975537269949015
4806804,2949163523.441176,200000.0,49013.03823172585,0.10606965953884974,0.12089782860625146,0.1855251493829787,0.1924700016254551,0.10936446636423118
4806805,3068266101.7860603,200000.0,48445.79691454922,0.23590065674690575,0.13240526165618954,0.10399208457456277,0.10170404997674434,0.18607789677402936
4806806,2262755757.26722,175000.0,46601.91035459211,0.07334883369217288,0.07054082400787814,0.2047245508622933,0.1586074546416796,0.18833386104228722
4806807,1533199187.6978,153441.86046511625,40860.250718167525,0.04093501260866215,0.06698792716360594,0.38432341293207267,0.2652203472015207,0.16811735714355536
4807200,2614572535.554824,166024.1935483871,55109.764044323165,0.07478289485906676,0.09300366582531983,0.2443384224705394,0.20893480256542282,0.27114246315830887
4807300,2340313672.42338,178178.3439490446,55868.07525479541,0.06373577363471282,0.048519677268568186,0.22219569942958775,0.20658107287369543,0.1463853405886625
4807401,2810624370.69276,280000.0,37149.56145092668,0.13789148312001376,0.15473001213043963,0.08935269047001825,0.06295978707790965,0.16269870625644253
4807402,3212801578.19798,320000.0,52138.095425228086,0.20656561209299315,0.16545907778517732,0.10034108807110231,0.06859706144707302,0.1670624188323668
4807500,2472081592.38396,172686.56716417908,42358.451575263614,0.08079706288868202,0.08155961408756139,0.23323000414037673,0.2173418849264298,0.14023799070324305
4807600,1535990577.0059,100000.0,34518.19355939368,0.07706793585931308,0.07105632702249369,0.2201485405686191,0.19677840291857404,0.2263776611881288
4807700,1898074270.61902,150000.0,39811.10956266166,0.07663521132677348,0.11866016147963852,0.23810361839045902,0.19477160921487674,0.20250820726875107
4903000,3975089110.4707003,450000.0,55074.94333948543,0.13866801074170862,0.14397751581041404,0.21885807490103873,0.16075295576969684,0.18462667235515035
4905000,6884066943.35836,500000.0,62525.58531660636,0.2378552498806173,0.1654976628162188,0.09321116585515413,0.0733819572144801,0.16767719457060937
4911002,4345694170.01696,550000.0,64792.44636306243,0.286817564135245,0.173054409738333,0.07553280391366311,0.05374415220938764,0.23326235743714194
4911003,3485448503.84902,500000.0,59889.48939566686,0.2057742696350185,0.17806186627248582,0.14725161513503518,0.11997010379806004,0.253554002896679
4911004,4113905845.34594,500000.0,57752.80902595623,0.203059351111803,0.16775088014557324,0.14205179689785988,0.10218061825011254,0.1680233608690366
4913000,4370376660.01624,400000.0,58018.72714984322,0.15607997882422,0.1275946748030473,0.15206792638869035,0.173520585494977,0.16485092940815377
4921000,3478664580.10112,390000.0,43283.66136322612,0.10072692458541505,0.13710173476503915,0.2571058786451327,0.19858645600668948,0.22144733792866206
4935008,4208567571.69176,500000.0,75540.13554631342,0.25907470065896265,0.18380256603461165,0.0968043021888396,0.08794767095439879,0.20218394182484595
4935009,4790949397.82194,600000.0,78468.1177578279,0.3068517080808537,0.1624904564414548,0.05538371380316165,0.037521037782482745,0.20908068673883096
4935011,3585944432.14502,413315.3153153153,56394.301227373835,0.2137114848824873,0.15278200139255352,0.11044988339032426,0.09629945935510098,0.2217155814636803
4935012,4800907488.91104,650000.0,70671.21264939044,0.2595157795461713,0.15062047349494326,0.034601030816479895,0.026783217848875034,0.20290114714188154
4935013,3204361304.72656,425000.0,45170.6579558009,0.12821637250886087,0.1598591011909351,0.25864600138582816,0.23412582650869931,0.1792100403996681
4935014,3230763741.9822,400000.0,46937.626098446926,0.14632657464331064,0.2134334774553128,0.22902159917364723,0.16240506641883404,0.1996141168790092
4935015,6618117710.62278,550000.0,70587.23213616737,0.21731141860909314,0.20501456799530407,0.09764573464447918,0.07676521275926236,0.1668159121733739
4935016,4333046824.933001,500000.0,59390.161939349506,0.17675746192407296,0.17919342245058842,0.17210053378825663,0.1591582067547455,0.19780647178703242
4935017,8086552200.883821,600000.0,69640.81538507226,0.21182942156495085,0.2509360338388983,0.08856384054491424,0.06187754133141085,0.2179038638718751
4949001,6513786753.2228,550000.0,58404.42174880794,0.1935381259468688,0.24884107184932253,0.11528051295486054,0.09079226623482181,0.23263058216508825
4949002,5770992180.81612,500000.0,52463.56528014655,0.20112113424741132,0.22731770153431077,0.1059676873587338,0.08741586363748255,0.20777247975135754
4949003,2410480520.47228,462678.2608695652,34008.38782251838,0.20181493349927043,0.14331766890445308,0.14615290349103294,0.10776825871254218,0.17901007077064332
4949004,6124332426.890161,600000.0,67335.87416318675,0.25600172351116546,0.19841190657010255,0.10295535266939038,0.06921593293222171,0.1909934329358341
4953000,4257299339.2557,500000.0,46283.545212220735,0.13622863271235117,0.16139236586057967,0.15696412766700787,0.10351652342990929,0.1781889616426798
4957001,5157550779.59666,450000.0,56722.5081890401,0.14197317008090873,0.18183287732483375,0.20661084465059487,0.14744689300990096,0.1818771169529345
4957002,2935253992.64382,450000.0,49051.704422523726,0.19030895735018058,0.13403497472191006,0.1717596075933785,0.13683040053111215,0.20066857990885772
5000100,4250509420.74196,300000.0,55093.38078238727,0.15813498653205435,0.090257197209066,0.15683726927972624,0.12416703189419895,0.17866570692190048
5000200,3661934919.93762,300000.0,54124.1969898256,0.2641768620208956,0.17030020068407534,0.1344132253223071,0.1145270925840332,0.17725164405697766
5000300,6448947539.21542,401136.3636363637,60906.35455375669,0.1916895188344788,0.14950199982161375,0.08083666997645678,0.061595758412701686,0.1791444778140858
5000400,5717368052.22558,282820.75471698114,59046.03013792955,0.16209677839124606,0.12282023692875495,0.13170310149668676,0.10739760413643093,0.22381096542048415
5101301,9578410229.34184,900000.0,123371.11798634502,0.41615238277251093,0.23461975653045475,0.013702637673665238,0.008662040647355004,0.2348131139200899
5101302,7443730584.81986,600000.0,100693.00757280839,0.3082868171796595,0.2978067200493322,0.026777461695823006,0.02960739766354312,0.2908166672687802
5101500,3926478420.86444,250000.0,48173.51173352522,0.17438389732977458,0.1505003008613763,0.20262265248036812,0.1760389399906252,0.2191950144903736
5101900,3259049127.03204,255000.0,51694.8341956735,0.1416156100436907,0.12425262620780952,0.1720268198452009,0.12881040047095701,0.20873475193667804
5104101,3776742933.6742396,340000.0,59313.737690018526,0.17119261070003444,0.19611843160043035,0.11956559379042177,0.0918628590005817,0.22888937956738442
5104102,4427701424.848,350000.0,60008.96433980266,0.27093975135714643,0.20970182383530406,0.09635891479865234,0.07126761711432082,0.1759462492654739
5104103,5689236165.80582,409130.8411214954,80325.81029559096,0.26408108041856937,0.19029793937479372,0.056185725667115875,0.035546366181266796,0.2284331752481792
5105901,5858693433.48198,550000.0,79578.02604495912,0.23286179524525483,0.3222388396052276,0.054744716744938124,0.03787644737649892,0.2543438450965303
5105902,9812285181.1131,650000.0,94147.92636020322,0.23575101228405043,0.33175867993379293,0.03572034451122014,0.039527819785003596,0.22908457970903634
5105904,8621343181.6535,800000.0,118441.31311517378,0.3447675729552071,0.24692471491572268,0.009379913592755312,0.007944237269680781,0.2228496628827294
5105905,5313800793.09844,710000.0,94797.88762797375,0.3195491800977914,0.29843726743292354,0.041322571398760416,0.026863023243437496,0.21824022992408712
5105906,4990823169.4137,600000.0,91254.92621114443,0.23279482756149977,0.2730830572074964,0.04802389993383725,0.058522508781755085,0.26301775375475933
5105907,5898691826.344681,600000.0,79408.36835271436,0.23787587953404107,0.2961514031421316,0.07195932453021779,0.06457043160440974,0.2506836580507934
5105908,5901662803.74848,600000.0,83255.6894696905,0.3101534889643637,0.22628255575033268,0.06541713168925632,0.04676275591813052,0.25513112890744044
5106100,5749842820.25066,400000.0,63272.6942827504,0.20332390145834192,0.20413815511813083,0.13141774624768243,0.08396027971990973,0.22670749982747068
5106900,4297790179.70276,380000.0,60493.063363212,0.16981394681512246,0.1773279928794032,0.1644605992351363,0.10402662327252116,0.2605990795205504
5107300,3791945629.25894,275000.0,52577.55202033999,0.1277691612961984,0.1277046608016995,0.21908846400912602,0.1373176730793001,0.19867329123758792
5108300,3522517943.83988,190000.0,47032.751770343544,0.10027945330820343,0.10962953622346512,0.18977691832615037,0.17153666058358807,0.25164431280041
5108501,3550612903.3176804,350000.0,59297.45321015532,0.19329761895833258,0.17262261217123764,0.16979297617419267,0.11055932772079984,0.19910037410828105
5108701,4716650259.8058,300000.0,60148.31299087953,0.19856130307044656,0.15098921005402718,0.17013666769188024,0.11672572074103034,0.17715299335885104
5108702,8227133160.682159,430288.46153846156,81069.0771920633,0.29210282812813737,0.239138653358749,0.0604334762248062,0.04090458857363341,0.15628183091990344
5109500,6101086766.037676,410000.0,67673.30448713522,0.16027621056598518,0.18712628823746347,0.07586262944265065,0.06303892639057757,0.17381987927025838
5110701,5906027136.012521,579953.8461538461,84693.65210675597,0.2790312484352775,0.30971799505597836,0.05409851482251006,0.06375004334139955,0.23228392522652502
5110702,9712249605.97482,700000.0,115635.78528366257,0.2471852759930627,0.3843882082257286,0.019503669592600782,0.025636664361441613,0.2851514570798378
5110703,10457016283.0248,746538.4615384615,117704.84667017254,0.30518028992913554,0.22554209277811899,0.03528406396693807,0.037097986164059606,0.26298318126481185
5110901,4103893373.1667204,325000.0,64486.06808872911,0.19727937434867404,0.12998921449125284,0.1491340440254017,0.10062417189337242,0.24550956734188734
5112100,4523671641.37574,250000.0,48936.830140695376,0.12349100467997463,0.1361460030326822,0.09734686046448233,0.09166599311766833,0.16508760885984253
5114300,3379320156.6054,150000.0,43392.487693641335,0.13792646788763727,0.15617138685328927,0.17934171925858405,0.16082107380282168,0.25635425518534477
5114501,4690987615.3965,400000.0,76427.83432820391,0.27915914210517767,0.257745349876692,0.07527968222511534,0.06160384775063494,0.3387702626613261
5114900,4288150565.6464996,250000.0,47790.01845163213,0.15086451222989325,0.14452825915865258,0.1855291396151514,0.17154984891727865,0.16984442732495228
5115301,7311787613.61868,650000.0,95138.6735058511,0.19467970271698254,0.29642713844667123,0.06632388691328456,0.03247464817192422,0.2775461819164697
5115302,5997460415.87882,450000.0,69863.82917908813,0.20177728820493998,0.20465082651565092,0.10026971567077878,0.06802174476340268,0.2791967662820891
5115303,3978082262.3910003,441977.2727272727,66830.44539926082,0.17555816367026064,0.1928524244895051,0.09242741626599899,0.06995747867494616,0.1885538277329559
5116101,5601010473.08076,250000.0,57143.25548711713,0.15499881009129515,0.1325465028120642,0.13094676720402282,0.11023659286189255,0.17721691080609553
5116500,3543608835.0480404,300000.0,46938.32485658707,0.09485510137990248,0.1319776225160754,0.20549404324875717,0.16842755575933333,0.2387900382717633
5117100,2792677744.3628597,300000.0,53067.51058171705,0.11998902882267563,0.18569675195521526,0.23881768818649013,0.15098211922321053,0.24659590551050714
5117700,7883887855.59836,400000.0,70797.04249857093,0.1689147948884882,0.21306458173804535,0.11492369123806294,0.09698762388668028,0.2743668171023686
5117900,8001565945.04232,463261.9047619048,76956.63327763713,0.1773222881818111,0.25726347360771173,0.1007695569080179,0.08020751423130407,0.2567283161183439
5118500,2922768465.45682,140000.0,45998.15025663462,0.10159037210502798,0.08379169378896466,0.25706488198071054,0.181779687073454,0.1700658472090127
5119100,3697914709.28526,198980.76923076934,45379.311432036964,0.12218452390734837,0.1051777553675311,0.17633023982988247,0.13329842520233617,0.18187488870820742
5151000,9959197347.69144,646533.0188679246,99382.27687271299,0.3115045270431685,0.22581761563372507,0.03356286662380497,0.035531810773821774,0.26984548639200867
5154001,5554897062.22996,470000.0,72096.57696799346,0.23326345213958505,0.16052809346112862,0.07383930331496391,0.04647974173219909,0.23312477309798085
5155001,3198599733.2387,300000.0,51818.48677626808,0.21538047864471221,0.18543757736289918,0.1193209115809984,0.11395132854575894,0.22151024108721312
5155002,4797266117.25116,400000.0,71434.66134449877,0.2139600498031037,0.1542928225056079,0.11401533959429583,0.08174118370189008,0.1932755660050153
5160001,7615255251.48678,680000.0,87058.35230856127,0.2706186684791228,0.2721980249777447,0.03446468499386919,0.03497447376497336,0.22570789566501032
5161001,8670540032.93868,971285.7142857142,131923.4987666405,0.4141561776498167,0.2600866774315888,0.010978226843526666,0.010688450135269147,0.2684283668230956
5165000,3649254083.6873603,260000.0,50229.23090468755,0.11618337856485729,0.17925264571225222,0.20098491488855064,0.16745351735090436,0.20512818893866072
5168000,3447527572.61974,240479.797979798,47590.17659120041,0.1490806698972526,0.1330067479308822,0.12595050366788,0.09959120449766758,0.21432906642562208
5168701,4928954677.93062,450000.0,64264.44858967144,0.14924968587170176,0.29658858011564315,0.11331596885230315,0.09947089466427049,0.24089161141791146
5170000,4806034033.22224,269685.393258427,48239.30816551647,0.11306641842477191,0.15070096096718757,0.19314040308749442,0.16342732778664032,0.19998016642115532
5171001,3139627641.41772,301263.15789473685,55100.52020740119,0.1338718026956876,0.1085349122123692,0.13213046075982313,0.11793474904546374,0.23176223667524665
5171002,4165284077.73428,275293.29608938546,54861.230674546656,0.1843803135997759,0.15256027959626198,0.11396426657134778,0.08267400309921145,0.19170362507993616
5174001,2784571118.3521204,267024.0,47426.824014308935,0.1246623932873471,0.19994582431799648,0.15860874792422905,0.12229228042590737,0.22294427418495433
5176001,5000986077.590928,450000.0,70982.28741577381,0.3029832658145108,0.1576141929349829,0.05032377690398882,0.039405923751955674,0.17280105974129212
5176002,3581006366.12648,250000.0,54133.82059419329,0.13656255628905173,0.23807691334889072,0.11484893981533734,0.11482340208788032,0.22599603656747483
5177001,3373988719.76174,221750.0,51101.68450983325,0.24444527554610243,0.17075179638599483,0.15051996513454344,0.10584510509142978,0.13232106682381758
5180000,5085533914.18496,350000.0,58455.75661722063,0.16329586386260342,0.13676372587045227,0.14745660312395792,0.12494623283765009,0.18421552803988386
5181001,6005154381.78388,420000.0,78002.18714567239,0.245653906499167,0.09044233390610379,0.06085556165266162,0.041870179779576064,0.15223518286506246
5181002,5669925485.563,310000.0,57520.64973382908,0.14360331705529483,0.15338292475507645,0.19032130253317592,0.15646415722288998,0.22491420966941922
5181003,4575290683.91568,430000.0,63263.65348813871,0.2768467068750607,0.18120668571642592,0.04928564561547228,0.04271676142612535,0.24278067122743527
5320501,2966845409.49298,427226.5625,53753.04216931152,0.12473072987467891,0.10941762726308579,0.20591967667492506,0.13105020145189333,0.23915401493276858
5320502,4058404498.65236,450000.0,69835.22900940152,0.11798347923456108,0.07956188166700012,0.1342027054265825,0.09855395559658364,0.19053688581337203
5320503,3694513077.28308,400000.0,59846.64729209791,0.11552768958313701,0.21216410450240789,0.17725802348167513,0.13012212984898444,0.23022939175906634
5320700,3670707321.7879,500000.0,60484.895231147835,0.08775458614496771,0.14816837708775699,0.21808826632999984,0.13032137889041462,0.18659999340912797
5320900,2660278814.12654,489853.3333333333,57616.71173279347,0.10182637356368275,0.16434560608673993,0.16643228322117504,0.13131002805898526,0.21511161059361794
5321101,5121056888.10234,550000.0,71789.84618978803,0.19481317249527552,0.13925023591844332,0.1602330629287479,0.10354427125512598,0.2029958035405104
5321102,4619214873.5699,550000.0,74717.97860906959,0.1582211710622516,0.2219541719173687,0.13971507640384592,0.10501337070200262,0.22723581964490666
5321103,3927130841.01818,439476.1904761904,57150.99819570952,0.12226824651921425,0.1383359067798131,0.15661374975129147,0.13319835368204339,0.19205846549594716
5321104,4732662632.117668,500000.0,69586.72320827025,0.190297126788347,0.17258886385795094,0.15098545950685333,0.14042675036908828,0.21944327209947181
5321500,3405642215.06192,400000.0,54516.44333379094,0.06116370585816594,0.13919349581922572,0.2785565619395729,0.23640526001541878,0.2169001699965918
5322500,3755333657.18986,400000.0,49835.89002826472,0.09845564836592288,0.05817292647452106,0.2527264952771991,0.21487864115684438,0.2159259799806663
5322700,3253228199.20622,400000.0,53563.425303052885,0.10929284262793322,0.1656175273268146,0.27027932510912767,0.20236991755510947,0.21327372035656533
5322900,3031942469.79774,600000.0,63892.24237783411,0.18393042157973458,0.19767443733349652,0.1551375033237943,0.1349530177049486,0.18688311202395572
5323301,7276622266.22534,800000.0,96956.99222152351,0.19358442793257638,0.3533313298818389,0.06462960188369854,0.0425917241807811,0.1941755801140337
5323302,8424301060.13566,949487.9518072286,136664.95344303656,0.21597410779197637,0.30972104100438963,0.04601648609399976,0.042122100400158985,0.21717546467498372
5323303,13890491074.41204,950000.0,136772.62551238236,0.17651717069861947,0.461992098658127,0.01649261247189542,0.019554999751705868,0.16587921263798158
5323304,11977777728.34426,1100000.0,141309.03493675613,0.20409785117681703,0.44264903228807967,0.021059536047357354,0.014947013015881735,0.15352601962018536
5323305,12319444656.44118,1100000.0,151361.264223823,0.23464661206870221,0.2921467669832528,0.017840316904113637,0.022747042935355222,0.19158144698835833
5323306,5888335868.35608,650000.0,88363.03413001711,0.17645513297305815,0.24201689354392353,0.11782091371872919,0.08268615986090302,0.2331553929193901
5323307,3651235985.89864,510000.0,59005.106430165484,0.150077981524367,0.17843333682886361,0.19195829986862886,0.15435997914386954,0.2001479933960278
5323308,4614655018.14382,565000.0,68961.9077372201,0.1477191415562833,0.13140943408855718,0.20532064736902306,0.14079563286874736,0.1718225697769134
5323309,4485881035.1324,579035.7142857142,62315.15461308847,0.2044685754446737,0.1944177613745522,0.14377896845405838,0.13109483727938476,0.1925259439666593
5323310,5593710030.92852,650000.0,71812.7435190392,0.16752622589023416,0.24590570766005038,0.08300991545956908,0.07049896641870804,0.1790950743329301
5323311,4999519148.1947,600000.0,69583.69842579159,0.1758538236820573,0.15781348149197522,0.12876423257837868,0.13356513556667246,0.1799232031303681
5323312,6737608706.97434,760300.0,106202.750697094,0.254293269321276,0.21328489947154078,0.03630847904966228,0.03075987874342868,0.2416925630526679
5323313,5149667703.29778,750000.0,85379.55240483761,0.22816810226736606,0.2364386491856314,0.056508196243017464,0.055115025077474955,0.20287178305650158
5323314,9062457606.51594,889673.9130434782,112957.37958239464,0.2173201504994931,0.28762534042455884,0.02591449693349657,0.026281513880511975,0.15713389590132867
5323315,10417066551.75624,800000.0,131060.30914480129,0.20644387280290868,0.4213819596525407,0.02137327486706547,0.017950439014741124,0.19192935387689788
5323316,8134881034.5438,900000.0,126986.48217392486,0.228979985459844,0.29600991915912384,0.020678596342181613,0.011964804596021771,0.22745098687965792
5323317,6987998861.41314,1000000.0,97237.86073071927,0.20118370523490028,0.2536512468176841,0.012751805832129157,0.015746341359195386,0.1948315935076377
5323318,7048483459.16302,747355.9322033898,95576.54493285177,0.205441553153783,0.3030814051747627,0.05372688048026835,0.04540862972540849,0.20065502604988508
5323501,5102963379.81418,600000.0,74019.28286236318,0.19089024221390183,0.17829122286539514,0.13125165536757372,0.09344837588008803,0.18579311710367477
5323502,4546741814.63392,481284.4036697249,61856.22494570328,0.1220452300459199,0.130664267663862,0.22613785207814457,0.14865297678131278,0.166977547248138
5324100,2849138946.86308,400000.0,52857.759394142704,0.11553094047584142,0.09109165572333608,0.20570496739694638,0.19093377018056068,0.24645164385699722
5325301,5265467279.85084,550000.0,74632.43111252466,0.17557784375871563,0.12480185494683683,0.1396669341110088,0.1027216317823215,0.22377593367953444
5325302,3435473699.15876,400000.0,63191.584798564545,0.13627227332994504,0.14900825912943294,0.2347334134547172,0.2627410381723103,0.2296216348177449
5325303,4481925560.1719,600000.0,80691.44390342612,0.17005601561949354,0.1938566514548885,0.17158397592714697,0.08205434150764764,0.2048344631378012
5325304,4550610192.17168,506645.16129032255,67772.88245098936,0.14153564831494167,0.1451651834123695,0.2968764974263109,0.23209250866859443,0.15328013062132323
5325305,5138944096.9232,500153.06122448976,70683.09992466989,0.13688543960888175,0.11992346330242833,0.1306086499395385,0.11974342386873338,0.20893644725041002
5325306,3080740954.6196,450000.0,55560.90309153801,0.10153916148663189,0.12744970798827254,0.21113176278398085,0.18967812887460173,0.2123754509868447
5325307,3159171047.0344,500000.0,58838.766427668925,0.10149476675762552,0.15916225007025547,0.141998646654258,0.11406630180720193,0.1989802919349036
5325308,3884487298.5093,600000.0,64031.76952953598,0.15751760767409678,0.1177240982101528,0.11922882981141794,0.06957592833624576,0.15610458968714996
5325701,4183382306.39078,500000.0,65228.77578804971,0.1421875912719405,0.13049736933194464,0.19294579171791829,0.15718261157783273,0.21997720704506832
5326101,4860814570.49464,552573.5294117647,63726.65806406524,0.15863898345769045,0.14070589848877968,0.23003863023670407,0.1787267040269003,0.2006416588957876
5326102,6091176855.33022,600000.0,76640.74959208601,0.14997534824830744,0.21980282853348818,0.15341853097399158,0.11209110077362633,0.2091385045354488
5326103,8523552891.00662,850000.0,112146.10929696621,0.17529401303452763,0.36712479966015493,0.048449225739224576,0.04230489615508387,0.23745237607515046
5326104,5656606838.85194,700000.0,82952.39604716077,0.22559220922941028,0.2419792569701745,0.07247845739135896,0.06573898763419667,0.262522016977901
5326105,4915401827.5446,700000.0,81875.60302397933,0.18863401086640602,0.2966376058306436,0.1228865423985155,0.1083253028223904,0.17257748984158774
5326106,5531476501.02554,550000.0,62307.54025283058,0.16284644132325146,0.1882212951156118,0.1437771585133175,0.11051869047814966,0.2022228432597648
5326301,3678267547.32172,500000.0,61447.83740931708,0.15448895354987557,0.09868590584295818,0.17819958755818846,0.12106696666735164,0.1829357052400805
5326302,4303084495.89604,435849.5575221239,54724.34245467545,0.17078808814484298,0.20418873266942872,0.16338419196426243,0.13880125015519326,0.18565607424454833
5326303,4168181058.52164,433552.6315789475,58193.68746714377,0.26122605049440584,0.11935287937411397,0.09706558433388637,0.06439675952355141,0.16081975988957867
5326304,3925154729.66914,380000.0,54810.64512964322,0.1615668953690027,0.10510672850861491,0.193466561256384,0.15146547285927603,0.13905957855078221
5326500,2745438041.39192,350000.0,54847.331816204256,0.10137472079875987,0.0744851668833592,0.2884451924981805,0.23194919262675667,0.19706214440188394
5326701,3550926619.20146,500000.0,65127.13202137556,0.12617018486649323,0.13779116163103133,0.1899343575039211,0.13230758898226766,0.2143871852271103
5326702,6000805586.97416,460000.0,61696.694395342114,0.1439768306085468,0.17206196331324775,0.11480616403189375,0.07892241906781496,0.22480928619242885
5327301,3973948259.63352,540000.0,64194.30190830337,0.1647031736033122,0.14212525075620538,0.17081763155116703,0.18188476410924814,0.20350003290515378
5327302,3334333200.99762,577329.5454545454,55261.83272283375,0.21657513798985067,0.16262677470630718,0.13417778780397277,0.09554821561680733,0.19933287929260984
5327500,2554255558.79836,300000.0,46717.065547295104,0.13059257741740032,0.10583994764943627,0.13961993313828508,0.12160648529305627,0.19086427485064578
5327701,2625959870.5768,330000.0,45731.69869171209,0.07131074436201036,0.10883338491826416,0.33611137468689917,0.3009686617274549,0.24940128608764514
5327702,3073206614.6478,350000.0,48797.323149745156,0.16233131934839762,0.12780379701630068,0.2286854366785043,0.1586788704685795,0.15661722718306742
5400100,3051142226.48216,150000.0,51664.361997428925,0.177663129878213,0.11553677950753542,0.19614735925469953,0.16718843328245048,0.15197117406630706
5400200,2759131401.7487,150000.0,45768.12476982168,0.14226871636806232,0.16501603946170754,0.20631145072405147,0.19123836402090943,0.1997053958699811
5400300,5454598991.79222,200000.0,53426.70054157618,0.17688068625517617,0.13417288131000307,0.14156779741095127,0.0984641362029348,0.1842832974325403
5400400,5724121910.38766,250000.0,56137.55477696154,0.12536154871118083,0.15531153192769648,0.2417381006763163,0.14556826255481847,0.23009787536599835
5400500,2241514099.73722,180000.0,48875.19296448519,0.11914715124470085,0.12635700619528742,0.20181621884334044,0.17669038648422097,0.20020269336722413
5400600,3404421984.55326,150000.0,49887.488417005065,0.11532469733135042,0.15093072327390308,0.20154256533383216,0.15674488511939985,0.15756991553936073
5400700,1744412109.85182,120000.0,47527.78001394491,0.0898454812671034,0.10349982074106134,0.2789535067543388,0.18405816182402776,0.2517047044941104
5400800,4246179813.261,180000.0,51343.75416574165,0.10072389675644455,0.10878341430186803,0.1640667537518102,0.15137863801668688,0.23575979626830434
5400900,4029057193.8489,130000.0,49487.897731976904,0.1920249089838795,0.15284994569290186,0.13120895013265121,0.12160293434826189,0.15513959271808284
5401000,2173072755.31778,140000.0,47944.241705852844,0.0911330843481307,0.13719930498130092,0.2002371404859699,0.13153546923476137,0.22324646910114002
5401100,1986923816.60346,145853.65853658537,39979.95526185078,0.12525600080542446,0.1254840080469172,0.22089471476227895,0.2090578570530366,0.18228072684024885
5401200,2968430994.4721203,100000.0,50785.81684297896,0.11328446040471307,0.09121589042272853,0.2132060554670388,0.11768623252308555,0.22765863005866382
5500100,4274639535.88884,202736.84210526323,49053.72307141034,0.10905258117479832,0.12306909963684019,0.21039788887074193,0.15204898731764824,0.18356725242688285
5500200,2919803197.35382,203166.66666666657,50210.71344179498,0.17244783451286308,0.12040062118111308,0.2204891195623917,0.18558224140280555,0.16970888239751236
5500300,3249072480.71534,200000.0,51946.92675335497,0.17899640642199421,0.09910869536792347,0.21283751753087046,0.15833220717651045,0.17627637174020275
5500400,6363651727.12358,272790.6976744186,59416.7403701479,0.18267484547917734,0.16280807195677635,0.1541742652937844,0.13500389079389924,0.23010266609880484
5500501,3132840995.55676,220000.0,52200.96635102491,0.1633782250141417,0.18076356512161834,0.2605300450541785,0.2115016598745141,0.15815098563300942
5500502,5177844744.16976,300000.0,57046.71122315606,0.19987239615210634,0.2061487631391221,0.163573411175125,0.13190223946107726,0.20200380004536264
5500600,3747380856.0549603,230000.0,55108.54200080824,0.18168432459969172,0.17176675302659966,0.23634838726794474,0.20402165531065702,0.1342773224792554
5500700,3761188412.62292,230000.0,60508.17909625032,0.1539598765465396,0.15528809747775751,0.1905227014846816,0.17914419283311553,0.1751375305882771
5500800,4465235143.14088,250000.0,53112.036625046145,0.10581413944987689,0.07528294826685998,0.27651016365048464,0.18367993308551347,0.14701926809924062
5500900,5236707462.0997,225000.0,57177.41013571467,0.17767130268261033,0.13288295389534432,0.1411018533086682,0.10372040408459599,0.18562866953655177
5501000,2651152629.33508,225000.0,48782.84748344092,0.10963793750869048,0.09789167816868775,0.2755574813803699,0.23275544206489676,0.15935726009578702
5501100,4365201617.23378,200000.0,49947.38451684036,0.1384820791879647,0.13321379451064594,0.24710830462615746,0.21022362751895177,0.1533288127369524
5501200,4097800978.28304,212020.83333333334,57090.725138735805,0.1641989102281202,0.12945800547196762,0.1720310945302596,0.13672726311197164,0.17087444021563597
5501300,4213797077.12578,225000.0,55246.97237683265,0.0810771175220031,0.11017879004246642,0.2696522289779981,0.2126682900558836,0.2155146847651327
5501400,4707567231.21128,275000.0,58437.717780097075,0.1642981932367621,0.20268239487198889,0.17088553252306282,0.14731375971046978,0.1472686849890865
5501500,5178323265.13824,301409.2664092664,63520.56211989696,0.1119864899341542,0.1406781251288592,0.15591449851681793,0.1457691754363367,0.15768899486699023
5501600,3188920674.03102,250000.0,53428.28593021848,0.1658843086071241,0.13202949690803895,0.1981397576164021,0.1726961562662198,0.1834186800466051
5501700,3362446175.35848,269177.6315789473,47739.64157935172,0.12698973833931385,0.19277197255188633,0.13558730070597924,0.12635944933636972,0.16450487186710977
5501800,2504962505.7947,200000.0,45171.0847677342,0.10768473093062242,0.0738395640890919,0.2872835936361833,0.22574997507638,0.22173694157482235
5501900,3715245556.93834,225000.0,47021.28229811092,0.1364490879790354,0.11939879701479503,0.25598128072431037,0.19415123043037968,0.20457742766254902
5502000,3315995212.29306,275734.375,51221.77410938027,0.1387237639876742,0.1264654258825685,0.25668719070662377,0.1613757956552403,0.21820474261211717
5502101,3302730752.9637,378571.4285714286,44320.653161793634,0.2245456759459166,0.17751527036337977,0.0390434406718946,0.033827947914774496,0.18786889831204465
5502102,4814876496.34948,350000.0,61792.56283816067,0.1783235444319649,0.16923777350478791,0.060391676127323525,0.06982047972459544,0.236178577771948
5502103,5428240526.34792,400000.0,76312.21568840917,0.16423226397695925,0.30282697260046954,0.06791230056018191,0.052463164670081344,0.22359134154592694
5502104,4294715578.48944,350000.0,74173.42668502168,0.21419860882101996,0.158772586917161,0.049342835234163586,0.04315856835171227,0.1726366472962985
5502105,4323748932.91998,350000.0,65559.02676067413,0.19956786526667397,0.19003385168435413,0.1270267984525374,0.07632495029838207,0.1972130522170356
5502200,4372248015.89078,224015.26717557255,51939.27317522904,0.16780542877975832,0.12166902670218711,0.19046237137893465,0.13524749462708696,0.13382845830566822
5502300,4890035465.26128,250000.0,50163.470848580044,0.14416142663233905,0.13784740355542252,0.24068910777552258,0.17822999765641823,0.15330488977968681
5502400,3170940515.7541,300000.0,57577.043483269474,0.1916516499822626,0.0868149912597439,0.1837926359871945,0.16881367756477691,0.16736169722483507
5502501,5144863469.4071,380000.0,75198.61247068856,0.2539553567476826,0.15141331782858622,0.10548603521013214,0.05936894877344915,0.17862358028970318
5502502,4910925225.9584,301060.60606060614,69887.50695126443,0.22992316150972175,0.16525945021006003,0.12051839137996552,0.0910022626959431,0.19874507484966292
5502503,6912514329.8184,350000.0,77196.84545942108,0.21424890741819372,0.1623048642905995,0.08711277643592524,0.0790117658844041,0.25423839855078745
5502600,8931966969.2913,310000.0,68322.20609403364,0.27355864753040743,0.15001092886931183,0.12819325201802562,0.10776648730468538,0.18561313587826492
5502801,2236878402.36712,190000.0,42164.67931550998,0.1714366902515527,0.0949390353433463,0.2163706628226303,0.15133067503454017,0.14014376231361655
5502802,5043657742.48432,322126.3157894737,69599.37271426055,0.272809390254037,0.13308135434102303,0.07591916108010782,0.04970552203728947,0.2101601240244932
5502803,2082058038.56638,150000.0,41836.11707690598,0.16010207352967235,0.12539062744642918,0.17533017274261808,0.19789139880879644,0.15634058788636507
5502804,2260739762.37402,150000.0,50501.267979583165,0.15871704419353538,0.1464511149401478,0.15841788651651476,0.15747374295770078,0.22884716729806717
5502805,2117349459.5556,180000.0,42549.52492977774,0.1173378918537826,0.06481046787911986,0.18685282486993782,0.17049281539003347,0.14450387521425845
5502806,3253053932.99448,200000.0,49934.822291383665,0.11638321151407803,0.139039860505924,0.18724330150170723,0.14566440814422982,0.15529200235142773
5502807,6258523068.25486,250000.0,65285.43632912105,0.24966673075561632,0.15727674881646955,0.12231401919300028,0.07925244501417275,0.2186666233828557
5502808,4312814429.05192,260000.0,66939.02480330163,0.19241954971325514,0.2122437990899655,0.11107598210000168,0.09815165844018373,0.19066227703638133
5502900,5495845651.90858,250000.0,55264.62252789031,0.10270494644531718,0.1269442224198412,0.23539276144633978,0.17722400866625027,0.16873856654091968
5503000,5516301087.74252,253000.0,57836.80643910503,0.1932433768574882,0.1941255370747057,0.16600525011283485,0.12369637961158536,0.2213716480060268
5600100,3537951866.10698,350000.0,57821.953455913506,0.27016340182525195,0.12176051852803078,0.18845366555149148,0.14800451375402815,0.21442075038865474
5600200,2525696198.67638,265877.0718232044,51339.46253102651,0.14197656190104058,0.10232840508777101,0.226399968504972,0.17675800950018472,0.19470504494974314
5600300,2828655698.5781,330000.0,56115.21382673584,0.1772606873602351,0.1425082644082249,0.17641965743810073,0.1337855344504139,0.1896509066605966
5600400,3516251486.64806,265000.0,45751.7596337006,0.10416032841811869,0.09669082588177498,0.1841810004216461,0.1512297837712038,0.1447071850875063
5600500,2833523101.80406,266337.20930232556,48639.99831437748,0.16181635457394844,0.10400893193391,0.2227221835524954,0.14115295308959774,0.1825020568207668
