puma_id,county_fips,tracts,tracts_total,afact
0100100,01033,15,52,0.28846153846153844
0100100,01059,11,52,0.21153846153846154
0100100,01077,26,52,0.5
0100200,01083,23,23,1.0
0100300,01079,11,42,0.2619047619047619
0100300,01103,31,42,0.7380952380952381
0100401,01089,23,23,1.0
0100402,01089,38,38,1.0
0100403,01089,31,31,1.0
0100501,01089,3,29,0.10344827586206896
0100501,01095,26,29,0.896551724137931
0100600,01049,21,37,0.5675675675675675
0100600,01071,16,37,0.43243243243243246
0100700,01019,8,41,0.1951219512195122
0100700,01055,33,41,0.8048780487804879
0100800,01015,38,38,1.0
0100900,01009,16,40,0.4
0100900,01115,24,40,0.6
0101000,01043,22,41,0.5365853658536586
0101000,01093,11,41,0.2682926829268293
0101000,01133,8,41,0.1951219512195122
0101100,01007,8,47,0.1702127659574468
0101100,01057,5,47,0.10638297872340426
0101100,01063,4,47,0.0851063829787234
0101100,01065,7,47,0.14893617021276595
0101100,01075,4,47,0.0851063829787234
0101100,01091,8,47,0.1702127659574468
0101100,01107,6,47,0.1276595744680851
0101100,01119,5,47,0.10638297872340426
0101201,01125,23,23,1.0
0101202,01125,36,36,1.0
0101301,01073,13,33,0.3939393939393939
0101301,01127,20,33,0.6060606060606061
0101401,01073,32,32,1.0
0101402,01073,32,32,1.0
0101403,01073,67,67,1.0
0101404,01073,45,45,1.0
0101501,01117,33,33,1.0
0101502,01021,12,34,0.35294117647058826
0101502,01117,22,34,0.6470588235294118
0101600,01027,4,38,0.10526315789473684
0101600,01029,4,38,0.10526315789473684
0101600,01111,6,38,0.15789473684210525
0101600,01121,24,38,0.631578947368421
0101700,01001,17,42,0.40476190476190477
0101700,01047,17,42,0.40476190476190477
0101700,01085,4,42,0.09523809523809523
0101700,01105,4,42,0.09523809523809523
0101801,01101,38,38,1.0
0101802,01101,27,27,1.0
0101901,01051,20,26,0.7692307692307693
0101901,01101,6,26,0.23076923076923078
0102000,01011,4,40,0.1
0102000,01017,9,40,0.225
0102000,01037,3,40,0.075
0102000,01087,12,40,0.3
0102000,01123,12,40,0.3
0102101,01081,35,35,1.0
0102201,01081,13,31,0.41935483870967744
0102201,01113,18,31,0.5806451612903226
0102300,01061,6,38,0.15789473684210525
0102300,01067,6,38,0.15789473684210525
0102300,01069,26,38,0.6842105263157895
0102400,01031,16,30,0.5333333333333333
0102400,01045,14,30,0.4666666666666667
0102500,01005,9,49,0.1836734693877551
0102500,01013,9,49,0.1836734693877551
0102500,01039,14,49,0.2857142857142857
0102500,01041,6,49,0.12244897959183673
0102500,01109,11,49,0.22448979591836735
0102600,01023,4,47,0.0851063829787234
0102600,01025,9,47,0.19148936170212766
0102600,01035,5,47,0.10638297872340426
0102600,01053,10,47,0.2127659574468085
0102600,01099,9,47,0.19148936170212766
0102600,01129,5,47,0.10638297872340426
0102600,01131,5,47,0.10638297872340426
0102701,01003,20,20,1.0
0102702,01003,24,24,1.0
0102801,01097,37,37,1.0
0102802,01097,35,35,1.0
0102803,01097,63,63,1.0
0200101,02020,30,30,1.0
0200102,02020,31,31,1.0
0200200,02122,14,38,0.3684210526315789
0200200,02170,24,38,0.631578947368421
0200300,02063,2,41,0.04878048780487805
0200300,02066,1,41,0.024390243902439025
0200300,02068,1,41,0.024390243902439025
0200300,02090,22,41,0.5365853658536586
0200300,02100,1,41,0.024390243902439025
0200300,02110,6,41,0.14634146341463414
0200300,02130,5,41,0.12195121951219512
0200300,02230,1,41,0.024390243902439025
0200300,02240,2,41,0.04878048780487805
0200400,02013,1,37,0.02702702702702703
0200400,02016,2,37,0.05405405405405406
0200400,02050,3,37,0.08108108108108109
0200400,02060,1,37,0.02702702702702703
0200400,02070,2,37,0.05405405405405406
0200400,02105,1,37,0.02702702702702703
0200400,02150,5,37,0.13513513513513514
0200400,02158,1,37,0.02702702702702703
0200400,02164,1,37,0.02702702702702703
0200400,02180,2,37,0.05405405405405406
0200400,02185,3,37,0.08108108108108109
0200400,02188,2,37,0.05405405405405406
0200400,02195,1,37,0.02702702702702703
0200400,02198,4,37,0.10810810810810811
0200400,02220,2,37,0.05405405405405406
0200400,02275,1,37,0.02702702702702703
0200400,02282,1,37,0.02702702702702703
0200400,02290,4,37,0.10810810810810811
0400101,04013,42,42,1.0
0400102,04013,35,35,1.0
0400103,04013,32,32,1.0
0400104,04013,26,26,1.0
0400105,04013,36,36,1.0
0400106,04013,26,26,1.0
0400107,04013,28,28,1.0
0400108,04013,24,24,1.0
0400109,04013,24,24,1.0
0400110,04013,33,33,1.0
0400111,04013,28,28,1.0
0400112,04013,30,30,1.0
0400113,04013,25,25,1.0
0400114,04013,27,27,1.0
0400115,04013,23,23,1.0
0400116,04013,32,32,1.0
0400117,04013,29,29,1.0
0400118,04013,36,36,1.0
0400119,04013,26,26,1.0
0400120,04013,28,28,1.0
0400121,04013,34,34,1.0
0400122,04013,20,20,1.0
0400123,04013,26,26,1.0
0400124,04013,24,24,1.0
0400125,04013,23,23,1.0
0400126,04013,29,29,1.0
0400127,04013,27,27,1.0
0400128,04013,24,24,1.0
0400129,04013,30,30,1.0
0400130,04013,30,30,1.0
0400131,04013,25,25,1.0
0400132,04013,31,31,1.0
0400133,04013,25,25,1.0
0400134,04013,34,34,1.0
0400135,04013,37,37,1.0
0400400,04007,16,28,0.5714285714285714
0400400,04009,9,28,0.32142857142857145
0400400,04011,3,28,0.10714285714285714
0400500,04005,39,39,1.0
0400601,04015,33,33,1.0
0400602,04015,33,33,1.0
0400701,04012,12,45,0.26666666666666666
0400701,04027,33,45,0.7333333333333333
0400803,04021,31,31,1.0
0400805,04021,29,29,1.0
0400807,04021,33,33,1.0
0400900,04003,38,52,0.7307692307692307
0400900,04023,14,52,0.2692307692307692
0401000,04001,18,55,0.32727272727272727
0401000,04017,37,55,0.6727272727272727
0401101,04027,34,34,1.0
0401901,04019,27,27,1.0
0401902,04019,34,34,1.0
0401903,04019,28,30,0.9333333333333333
0401903,04021,2,30,0.06666666666666667
0401904,04019,32,32,1.0
0401905,04019,26,26,1.0
0401906,04019,31,31,1.0
0401907,04019,31,31,1.0
0401908,04019,30,30,1.0
0401909,04019,31,31,1.0
0402502,04025,42,42,1.0
0402503,04025,30,30,1.0
0500101,05007,35,35,1.0
0500102,05007,22,22,1.0
0500201,05143,30,30,1.0
0500202,05143,24,24,1.0
0500300,05005,10,39,0.2564102564102564
0500300,05009,7,39,0.1794871794871795
0500300,05015,8,39,0.20512820512820512
0500300,05087,4,39,0.10256410256410256
0500300,05089,5,39,0.1282051282051282
0500300,05101,2,39,0.05128205128205128
0500300,05129,3,39,0.07692307692307693
0500400,05023,9,37,0.24324324324324326
0500400,05049,4,37,0.10810810810810811
0500400,05063,10,37,0.2702702702702703
0500400,05065,4,37,0.10810810810810811
0500400,05137,4,37,0.10810810810810811
0500400,05141,6,37,0.16216216216216217
0500500,05021,6,35,0.17142857142857143
0500500,05055,12,35,0.34285714285714286
0500500,05075,6,35,0.17142857142857143
0500500,05121,5,35,0.14285714285714285
0500500,05135,6,35,0.17142857142857143
0500600,05035,20,58,0.3448275862068966
0500600,05037,6,58,0.10344827586206896
0500600,05077,4,58,0.06896551724137931
0500600,05093,14,58,0.2413793103448276
0500600,05107,7,58,0.1206896551724138
0500600,05123,7,58,0.1206896551724138
0500700,05031,22,30,0.7333333333333333
0500700,05111,8,30,0.26666666666666666
0500800,05067,6,33,0.18181818181818182
0500800,05095,3,33,0.09090909090909091
0500800,05117,3,33,0.09090909090909091
0500800,05145,19,33,0.5757575757575758
0500800,05147,2,33,0.06060606060606061
0500900,05045,28,46,0.6086956521739131
0500900,05085,18,46,0.391304347826087
0501000,05029,6,35,0.17142857142857143
0501000,05071,6,35,0.17142857142857143
0501000,05115,17,35,0.4857142857142857
0501000,05149,6,35,0.17142857142857143
0501100,05033,15,51,0.29411764705882354
0501100,05047,5,51,0.09803921568627451
0501100,05131,31,51,0.6078431372549019
0501200,05061,3,43,0.06976744186046512
0501200,05081,6,43,0.13953488372093023
0501200,05083,6,43,0.13953488372093023
0501200,05091,14,43,0.32558139534883723
0501200,05113,7,43,0.16279069767441862
0501200,05127,3,43,0.06976744186046512
0501200,05133,4,43,0.09302325581395349
0501300,05019,6,51,0.11764705882352941
0501300,05051,30,51,0.5882352941176471
0501300,05059,9,51,0.17647058823529413
0501300,05097,3,51,0.058823529411764705
0501300,05109,3,51,0.058823529411764705
0501400,05053,5,38,0.13157894736842105
0501400,05105,3,38,0.07894736842105263
0501400,05125,30,38,0.7894736842105263
0501501,05119,53,53,1.0
0501502,05119,54,54,1.0
0501600,05001,8,64,0.125
0501600,05003,7,64,0.109375
0501600,05011,5,64,0.078125
0501600,05017,4,64,0.0625
0501600,05025,2,64,0.03125
0501600,05041,5,64,0.078125
0501600,05043,5,64,0.078125
0501600,05069,24,64,0.375
0501600,05079,4,64,0.0625
0501700,05013,2,45,0.044444444444444446
0501700,05027,7,45,0.15555555555555556
0501700,05039,3,45,0.06666666666666667
0501700,05057,7,45,0.15555555555555556
0501700,05073,3,45,0.06666666666666667
0501700,05099,3,45,0.06666666666666667
0501700,05103,8,45,0.17777777777777778
0501700,05139,12,45,0.26666666666666666
0600101,06001,42,42,1.0
0600111,06001,37,37,1.0
0600112,06001,28,28,1.0
0600113,06001,27,27,1.0
0600114,06001,42,42,1.0
0600115,06001,22,22,1.0
0600116,06001,20,20,1.0
0600117,06001,22,22,1.0
0600118,06001,24,24,1.0
0600119,06001,22,22,1.0
0600120,06001,22,22,1.0
0600121,06001,26,26,1.0
0600122,06001,21,21,1.0
0600123,06001,24,24,1.0
0600300,06003,1,59,0.01694915254237288
0600300,06005,10,59,0.1694915254237288
0600300,06009,14,59,0.23728813559322035
0600300,06027,6,59,0.1016949152542373
0600300,06043,6,59,0.1016949152542373
0600300,06051,4,59,0.06779661016949153
0600300,06109,18,59,0.3050847457627119
0600700,06007,54,54,1.0
0601100,06011,6,32,0.1875
0601100,06021,8,32,0.25
0601100,06103,14,32,0.4375
0601100,06105,4,32,0.125
0601301,06013,24,24,1.0
0601305,06013,26,26,1.0
0601308,06013,22,22,1.0
0601309,06013,24,24,1.0
0601310,06013,35,35,1.0
0601311,06013,27,27,1.0
0601312,06013,23,23,1.0
0601313,06013,40,40,1.0
0601314,06013,21,21,1.0
0601500,06015,9,45,0.2
0601500,06035,9,45,0.2
0601500,06049,4,45,0.08888888888888889
0601500,06063,7,45,0.15555555555555556
0601500,06093,16,45,0.35555555555555557
0601700,06017,55,55,1.0
0601901,06019,32,32,1.0
0601902,06019,42,42,1.0
0601903,06019,23,23,1.0
0601904,06019,42,42,1.0
0601905,06019,26,26,1.0
0601906,06019,25,25,1.0
0601907,06019,35,35,1.0
0602300,06023,36,36,1.0
0602500,06025,40,40,1.0
0602903,06029,47,47,1.0
0602904,06029,30,30,1.0
0602905,06029,52,52,1.0
0602906,06029,39,39,1.0
0602907,06029,29,29,1.0
0602908,06029,39,39,1.0
0603100,06031,31,31,1.0
0603300,06033,21,45,0.4666666666666667
0603300,06045,24,45,0.5333333333333333
0603703,06037,39,39,1.0
0603704,06037,39,39,1.0
0603705,06037,49,49,1.0
0603706,06037,36,36,1.0
0603707,06037,39,39,1.0
0603708,06037,40,40,1.0
0603709,06037,24,24,1.0
0603710,06037,41,41,1.0
0603711,06037,36,36,1.0
0603712,06037,31,31,1.0
0603713,06037,25,25,1.0
0603714,06037,22,22,1.0
0603715,06037,25,25,1.0
0603716,06037,25,25,1.0
0603717,06037,42,42,1.0
0603718,06037,33,33,1.0
0603719,06037,42,42,1.0
0603720,06037,32,32,1.0
0603721,06037,39,39,1.0
0603722,06037,41,41,1.0
0603723,06037,36,36,1.0
0603724,06037,47,47,1.0
0603725,06037,47,47,1.0
0603728,06037,24,24,1.0
0603730,06037,51,51,1.0
0603731,06037,29,29,1.0
0603732,06037,55,55,1.0
0603733,06037,35,35,1.0
0603734,06037,61,61,1.0
0603735,06037,55,55,1.0
0603736,06037,28,28,1.0
0603737,06037,31,31,1.0
0603738,06037,29,29,1.0
0603739,06037,39,39,1.0
0603740,06037,28,28,1.0
0603741,06037,32,32,1.0
0603742,06037,31,31,1.0
0603743,06037,27,27,1.0
0603744,06037,62,62,1.0
0603745,06037,30,30,1.0
0603746,06037,32,32,1.0
0603747,06037,48,48,1.0
0603748,06037,47,47,1.0
0603750,06037,46,46,1.0
0603751,06037,37,37,1.0
0603752,06037,35,35,1.0
0603753,06037,26,26,1.0
0603754,06037,29,29,1.0
0603757,06037,35,35,1.0
0603758,06037,39,39,1.0
0603759,06037,26,26,1.0
0603760,06037,34,34,1.0
0603761,06037,30,30,1.0
0603762,06037,28,28,1.0
0603763,06037,32,32,1.0
0603764,06037,34,34,1.0
0603766,06037,25,25,1.0
0603767,06037,53,53,1.0
0603768,06037,29,29,1.0
0603770,06037,31,31,1.0
0603771,06037,26,26,1.0
0603772,06037,27,27,1.0
0603773,06037,24,24,1.0
0603774,06037,42,42,1.0
0603775,06037,36,36,1.0
0603776,06037,34,34,1.0
0603778,06037,27,27,1.0
0603779,06037,30,30,1.0
0603780,06037,28,28,1.0
0603781,06037,22,22,1.0
0603782,06037,29,29,1.0
0603900,06039,34,34,1.0
0604103,06041,26,26,1.0
0604104,06041,37,37,1.0
0604701,06047,27,27,1.0
0604702,06047,36,36,1.0
0605301,06053,51,51,1.0
0605302,06053,35,35,1.0
0605303,06053,18,30,0.6
0605303,06069,12,30,0.4
0605500,06055,40,40,1.0
0605700,06057,26,27,0.9629629629629629
0605700,06091,1,27,0.037037037037037035
0605906,06059,39,39,1.0
0605907,06059,40,40,1.0
0605908,06059,38,38,1.0
0605909,06059,25,25,1.0
0605912,06059,33,33,1.0
0605913,06059,28,28,1.0
0605914,06059,45,45,1.0
0605916,06059,26,26,1.0
0605917,06059,26,26,1.0
0605918,06059,39,39,1.0
0605919,06059,36,36,1.0
0605920,06059,29,29,1.0
0605921,06059,22,22,1.0
0605922,06059,22,22,1.0
0605923,06059,25,25,1.0
0605924,06059,18,18,1.0
0605925,06059,41,41,1.0
0605926,06059,25,25,1.0
0605927,06059,19,19,1.0
0605928,06059,38,38,1.0
0606101,06061,32,32,1.0
0606102,06061,28,28,1.0
0606103,06061,32,32,1.0
0606501,06065,48,48,1.0
0606502,06065,45,45,1.0
0606507,06065,33,33,1.0
0606509,06065,24,24,1.0
0606511,06065,36,36,1.0
0606514,06065,30,30,1.0
0606515,06065,41,41,1.0
0606516,06065,18,18,1.0
0606517,06065,19,19,1.0
0606518,06065,23,23,1.0
0606519,06065,22,22,1.0
0606520,06065,36,36,1.0
0606521,06065,20,20,1.0
0606522,06065,32,32,1.0
0606523,06065,26,26,1.0
0606524,06065,34,34,1.0
0606525,06065,31,31,1.0
0606701,06067,26,26,1.0
0606703,06067,26,26,1.0
0606704,06067,30,30,1.0
0606705,06067,29,29,1.0
0606706,06067,28,28,1.0
0606707,06067,40,40,1.0
0606709,06067,34,34,1.0
0606712,06067,24,24,1.0
0606713,06067,26,26,1.0
0606714,06067,32,32,1.0
0606715,06067,21,21,1.0
0606716,06067,20,20,1.0
0606717,06067,27,27,1.0
0607101,06071,41,41,1.0
0607102,06071,37,37,1.0
0607103,06071,36,36,1.0
0607104,06071,38,38,1.0
0607105,06071,30,30,1.0
0607107,06071,27,27,1.0
0607108,06071,36,36,1.0
0607110,06071,21,21,1.0
0607111,06071,36,36,1.0
0607112,06071,28,28,1.0
0607115,06071,23,23,1.0
0607116,06071,25,25,1.0
0607117,06071,22,22,1.0
0607118,06071,36,36,1.0
0607119,06071,30,30,1.0
0607301,06073,40,40,1.0
0607302,06073,28,28,1.0
0607306,06073,30,30,1.0
0607307,06073,24,24,1.0
0607308,06073,30,30,1.0
0607310,06073,55,55,1.0
0607311,06073,25,25,1.0
0607312,06073,27,27,1.0
0607313,06073,43,43,1.0
0607314,06073,34,34,1.0
0607315,06073,34,34,1.0
0607316,06073,55,55,1.0
0607317,06073,35,35,1.0
0607322,06073,29,29,1.0
0607323,06073,23,23,1.0
0607324,06073,26,26,1.0
0607325,06073,25,25,1.0
0607326,06073,41,41,1.0
0607327,06073,33,33,1.0
0607328,06073,29,29,1.0
0607329,06073,31,31,1.0
0607330,06073,40,40,1.0
0607507,06075,29,29,1.0
0607508,06075,29,29,1.0
0607509,06075,43,43,1.0
0607510,06075,30,30,1.0
0607511,06075,36,36,1.0
0607512,06075,21,21,1.0
0607513,06075,24,24,1.0
0607514,06075,32,32,1.0
0607705,06077,44,44,1.0
0607706,06077,39,39,1.0
0607707,06077,28,28,1.0
0607708,06077,40,40,1.0
0607709,06077,23,23,1.0
0607901,06079,44,44,1.0
0607902,06079,26,26,1.0
0608101,06081,29,29,1.0
0608102,06081,28,28,1.0
0608103,06081,26,26,1.0
0608104,06081,33,33,1.0
0608105,06081,31,31,1.0
0608106,06081,27,27,1.0
0608301,06083,27,27,1.0
0608302,06083,29,29,1.0
0608303,06083,53,53,1.0
0608505,06085,22,22,1.0
0608506,06085,26,26,1.0
0608507,06085,31,31,1.0
0608508,06085,27,27,1.0
0608510,06085,36,36,1.0
0608511,06085,22,22,1.0
0608512,06085,25,25,1.0
0608515,06085,22,22,1.0
0608516,06085,35,35,1.0
0608517,06085,25,25,1.0
0608518,06085,22,22,1.0
0608519,06085,36,36,1.0
0608520,06085,25,25,1.0
0608521,06085,26,26,1.0
0608522,06085,28,28,1.0
0608701,06087,38,38,1.0
0608702,06087,32,32,1.0
0608900,06089,50,50,1.0
0609501,06095,38,38,1.0
0609502,06095,34,34,1.0
0609503,06095,28,28,1.0
0609702,06097,26,26,1.0
0609704,06097,39,39,1.0
0609705,06097,19,19,1.0
0609706,06097,38,38,1.0
0609901,06099,26,26,1.0
0609902,06099,25,25,1.0
0609903,06099,38,38,1.0
0609904,06099,23,23,1.0
0610100,06101,21,40,0.525
0610100,06115,19,40,0.475
0610701,06107,32,32,1.0
0610702,06107,35,35,1.0
0610703,06107,36,36,1.0
0611102,06111,34,34,1.0
0611103,06111,43,43,1.0
0611104,06111,30,30,1.0
0611107,06111,23,23,1.0
0611108,06111,28,28,1.0
0611109,06111,32,32,1.0
0611301,06113,25,25,1.0
0611302,06113,28,28,1.0
0800100,08045,12,28,0.42857142857142855
0800100,08081,4,28,0.14285714285714285
0800100,08103,2,28,0.07142857142857142
0800100,08107,10,28,0.35714285714285715
0800200,08037,16,41,0.3902439024390244
0800200,08049,6,41,0.14634146341463414
0800200,08057,1,41,0.024390243902439025
0800200,08097,6,41,0.14634146341463414
0800200,08117,12,41,0.2926829268292683
0800301,08069,30,30,1.0
0800302,08069,35,35,1.0
0800303,08069,21,21,1.0
0800401,08013,7,33,0.21212121212121213
0800401,08019,4,33,0.12121212121212122
0800401,08047,2,33,0.06060606060606061
0800401,08059,20,33,0.6060606060606061
0800501,08013,25,25,1.0
0800502,08013,31,31,1.0
0800601,08013,15,47,0.3191489361702128
0800601,08014,24,47,0.5106382978723404
0800601,08059,8,47,0.1702127659574468
0800701,08059,30,30,1.0
0800702,08059,34,34,1.0
0800703,08059,36,36,1.0
0800801,08035,24,31,0.7741935483870968
0800801,08059,7,31,0.22580645161290322
0800901,08035,27,27,1.0
0800902,08035,21,21,1.0
0801001,08123,20,20,1.0
0801002,08123,33,33,1.0
0801003,08123,30,30,1.0
0801101,08001,36,40,0.9
0801101,08059,4,40,0.1
0801201,08001,24,24,1.0
0801202,08001,35,35,1.0
0801301,08001,7,30,0.23333333333333334
0801301,08005,23,30,0.7666666666666667
0801401,08001,5,21,0.23809523809523808
0801401,08005,16,21,0.7619047619047619
0801501,08005,26,33,0.7878787878787878
0801501,08059,7,33,0.21212121212121213
0801601,08005,26,26,1.0
0801602,08005,32,32,1.0
0801603,08005,29,29,1.0
0801701,08031,44,44,1.0
0801702,08031,35,35,1.0
0801703,08031,27,27,1.0
0801704,08031,33,33,1.0
0801705,08005,9,48,0.1875
0801705,08031,39,48,0.8125
0801800,08017,1,37,0.02702702702702703
0801800,08025,2,37,0.05405405405405406
0801800,08039,7,37,0.1891891891891892
0801800,08061,1,37,0.02702702702702703
0801800,08063,2,37,0.05405405405405406
0801800,08073,2,37,0.05405405405405406
0801800,08075,7,37,0.1891891891891892
0801800,08087,8,37,0.21621621621621623
0801800,08095,2,37,0.05405405405405406
0801800,08115,1,37,0.02702702702702703
0801800,08121,2,37,0.05405405405405406
0801800,08125,2,37,0.05405405405405406
0801900,08003,5,38,0.13157894736842105
0801900,08009,2,38,0.05263157894736842
0801900,08011,2,38,0.05263157894736842
0801900,08021,2,38,0.05263157894736842
0801900,08023,2,38,0.05263157894736842
0801900,08071,6,38,0.15789473684210525
0801900,08079,1,38,0.02631578947368421
0801900,08089,7,38,0.18421052631578946
0801900,08099,5,38,0.13157894736842105
0801900,08105,4,38,0.10526315789473684
0801900,08109,2,38,0.05263157894736842
0802001,08041,21,29,0.7241379310344828
0802001,08119,8,29,0.27586206896551724
0802002,08041,27,27,1.0
0802003,08041,30,30,1.0
0802004,08041,32,32,1.0
0802005,08041,27,27,1.0
0802006,08041,30,30,1.0
0802101,08015,6,38,0.15789473684210525
0802101,08027,2,38,0.05263157894736842
0802101,08043,15,38,0.39473684210526316
0802101,08055,3,38,0.07894736842105263
0802101,08065,3,38,0.07894736842105263
0802101,08093,6,38,0.15789473684210525
0802101,08101,3,38,0.07894736842105263
0802200,08007,5,34,0.14705882352941177
0802200,08033,1,34,0.029411764705882353
0802200,08051,6,34,0.17647058823529413
0802200,08053,1,34,0.029411764705882353
0802200,08067,12,34,0.35294117647058826
0802200,08083,8,34,0.23529411764705882
0802200,08111,1,34,0.029411764705882353
0802301,08101,55,55,1.0
0802401,08029,9,30,0.3
0802401,08077,3,30,0.1
0802401,08085,12,30,0.4
0802401,08091,2,30,0.06666666666666667
0802401,08113,4,30,0.13333333333333333
0802501,08077,30,30,1.0
0920100,09003,3,37,0.08108108108108109
0920100,09005,34,37,0.918918918918919
0920201,09003,41,41,1.0
0920202,09003,42,42,1.0
0920203,09003,1,22,0.045454545454545456
0920203,09013,21,22,0.9545454545454546
0920204,09003,29,36,0.8055555555555556
0920204,09013,7,36,0.19444444444444445
0920205,09003,24,24,1.0
0920206,09003,42,42,1.0
0920207,09003,39,39,1.0
0920301,09011,1,29,0.034482758620689655
0920301,09013,4,29,0.13793103448275862
0920301,09015,24,29,0.8275862068965517
0920401,09011,34,34,1.0
0920402,09011,28,34,0.8235294117647058
0920402,09015,6,34,0.17647058823529413
0920500,09007,41,45,0.9111111111111111
0920500,09011,4,45,0.08888888888888889
0920601,09009,32,32,1.0
0920602,09009,30,30,1.0
0920603,09009,42,42,1.0
0920604,09009,32,32,1.0
0920701,09009,28,28,1.0
0920702,09003,14,38,0.3684210526315789
0920702,09005,12,38,0.3157894736842105
0920702,09009,12,38,0.3157894736842105
0920703,09001,9,32,0.28125
0920703,09009,23,32,0.71875
0920801,09001,38,38,1.0
0920802,09001,40,40,1.0
0920901,09001,48,48,1.0
0920902,09001,25,25,1.0
0920903,09001,30,30,1.0
0920904,09001,37,43,0.8604651162790697
0920904,09005,6,43,0.13953488372093023
1000101,10003,33,33,1.0
1000102,10003,39,39,1.0
1000103,10003,28,28,1.0
1000104,10003,25,25,1.0
1000105,10003,20,20,1.0
1000200,10001,42,42,1.0
1000301,10005,49,49,1.0
1000302,10005,26,26,1.0
1100101,11001,29,29,1.0
1100102,11001,31,31,1.0
1100103,11001,34,34,1.0
1100104,11001,44,44,1.0
1100105,11001,32,32,1.0
1100106,11001,36,36,1.0
1200101,12001,32,32,1.0
1200102,12001,26,26,1.0
1200398,12003,4,28,0.14285714285714285
1200398,12089,24,28,0.8571428571428571
1200500,12005,50,50,1.0
1200798,12007,6,47,0.1276595744680851
1200798,12023,13,47,0.2765957446808511
1200798,12029,6,47,0.1276595744680851
1200798,12041,5,47,0.10638297872340426
1200798,12075,13,47,0.2765957446808511
1200798,12125,4,47,0.0851063829787234
1200901,12009,29,29,1.0
1200902,12009,39,39,1.0
1200903,12009,27,27,1.0
1200904,12009,31,31,1.0
1200905,12009,22,22,1.0
1201101,12011,16,16,1.0
1201102,12011,20,20,1.0
1201103,12011,22,22,1.0
1201104,12011,28,28,1.0
1201105,12011,23,23,1.0
1201106,12011,37,37,1.0
1201107,12011,22,22,1.0
1201108,12011,34,34,1.0
1201109,12011,29,29,1.0
1201110,12011,22,22,1.0
1201111,12011,22,22,1.0
1201112,12011,17,17,1.0
1201113,12011,28,28,1.0
1201114,12011,26,26,1.0
1201115,12011,20,20,1.0
1201116,12011,32,32,1.0
1201117,12011,19,19,1.0
1201398,12013,4,59,0.06779661016949153
1201398,12037,7,59,0.11864406779661017
1201398,12039,10,59,0.1694915254237288
1201398,12045,6,59,0.1016949152542373
1201398,12063,13,59,0.22033898305084745
1201398,12065,6,59,0.1016949152542373
1201398,12077,4,59,0.06779661016949153
1201398,12129,9,59,0.15254237288135594
1201500,12015,47,47,1.0
1201700,12017,42,42,1.0
1201901,12019,23,23,1.0
1201902,12019,22,22,1.0
1202101,12021,33,33,1.0
1202102,12021,39,39,1.0
1202103,12021,37,37,1.0
1202799,12027,9,48,0.1875
1202799,12049,8,48,0.16666666666666666
1202799,12055,31,48,0.6458333333333334
1203101,12031,29,29,1.0
1203102,12031,35,35,1.0
1203103,12031,40,40,1.0
1203104,12031,26,26,1.0
1203105,12031,31,31,1.0
1203106,12031,30,30,1.0
1203107,12031,28,28,1.0
1203301,12033,21,21,1.0
1203302,12033,32,32,1.0
1203303,12033,26,26,1.0
1203500,12035,24,24,1.0
1204798,12047,6,33,0.18181818181818182
1204798,12067,3,33,0.09090909090909091
1204798,12079,5,33,0.15151515151515152
1204798,12121,11,33,0.3333333333333333
1204798,12123,8,33,0.24242424242424243
1205199,12043,5,31,0.16129032258064516
1205199,12051,10,31,0.3225806451612903
1205199,12055,4,31,0.12903225806451613
1205199,12093,12,31,0.3870967741935484
1205300,12053,47,47,1.0
1205701,12057,43,43,1.0
1205702,12057,31,31,1.0
1205703,12057,34,34,1.0
1205704,12057,32,32,1.0
1205705,12057,41,41,1.0
1205706,12057,31,31,1.0
1205707,12057,32,32,1.0
1205708,12057,22,22,1.0
1205709,12057,18,18,1.0
1205710,12057,33,33,1.0
1205711,12057,18,18,1.0
1205998,12059,7,35,0.2
1205998,12131,21,35,0.6
1205998,12133,7,35,0.2
1206100,12061,45,45,1.0
1206901,12069,23,23,1.0
1206902,12069,30,30,1.0
1206903,12069,22,22,1.0
1207101,12071,49,49,1.0
1207102,12071,23,23,1.0
1207103,12071,49,49,1.0
1207104,12071,40,40,1.0
1207105,12071,39,39,1.0
1207106,12071,23,23,1.0
1207301,12073,37,37,1.0
1207302,12073,42,42,1.0
1208101,12081,30,30,1.0
1208102,12081,35,35,1.0
1208103,12081,29,29,1.0
1208301,12083,33,33,1.0
1208302,12083,25,25,1.0
1208303,12083,35,35,1.0
1208500,12085,43,43,1.0
1208601,12086,28,28,1.0
1208602,12086,29,29,1.0
1208603,12086,26,26,1.0
1208604,12086,30,30,1.0
1208605,12086,25,25,1.0
1208606,12086,32,32,1.0
1208607,12086,30,30,1.0
1208608,12086,28,28,1.0
1208609,12086,31,31,1.0
1208610,12086,22,22,1.0
1208611,12086,27,27,1.0
1208612,12086,34,34,1.0
1208613,12086,37,37,1.0
1208614,12086,41,41,1.0
1208615,12086,28,28,1.0
1208616,12086,31,31,1.0
1208617,12086,27,27,1.0
1208618,12086,27,27,1.0
1208619,12086,26,26,1.0
1208620,12086,27,27,1.0
1208621,12086,34,34,1.0
1208622,12086,28,28,1.0
1208623,12086,27,27,1.0
1208624,12086,22,22,1.0
1208625,12086,10,39,0.2564102564102564
1208625,12087,29,39,0.7435897435897436
1209101,12091,20,20,1.0
1209102,12091,29,29,1.0
1209501,12095,27,27,1.0
1209502,12095,27,27,1.0
1209503,12095,25,25,1.0
1209504,12095,34,34,1.0
1209505,12095,32,32,1.0
1209506,12095,21,21,1.0
1209507,12095,31,31,1.0
1209508,12095,25,25,1.0
1209509,12095,20,20,1.0
1209510,12095,25,25,1.0
1209701,12097,17,17,1.0
1209702,12097,16,16,1.0
1209703,12097,26,26,1.0
1209901,12099,27,27,1.0
1209902,12099,36,36,1.0
1209903,12099,44,44,1.0
1209904,12099,31,31,1.0
1209905,12099,30,30,1.0
1209906,12099,41,41,1.0
1209907,12099,38,38,1.0
1209908,12099,35,35,1.0
1209909,12099,26,26,1.0
1209910,12099,25,25,1.0
1209911,12099,40,40,1.0
1210101,12101,32,32,1.0
1210102,12101,29,29,1.0
1210103,12101,43,43,1.0
1210104,12101,27,27,1.0
1210301,12103,31,31,1.0
1210302,12103,29,29,1.0
1210303,12103,32,32,1.0
1210304,12103,33,33,1.0
1210305,12103,33,33,1.0
1210306,12103,31,31,1.0
1210307,12103,52,52,1.0
1210308,12103,34,34,1.0
1210501,12105,28,28,1.0
1210502,12105,38,38,1.0
1210503,12105,34,34,1.0
1210504,12105,45,45,1.0
1210505,12105,29,29,1.0
1210799,12107,17,25,0.68
1210799,12109,8,25,0.32
1210902,12109,15,15,1.0
1210903,12109,28,28,1.0
1211101,12111,29,29,1.0
1211102,12111,20,20,1.0
1211103,12111,19,19,1.0
1211300,12113,37,37,1.0
1211501,12115,40,40,1.0
1211502,12115,42,42,1.0
1211503,12115,41,41,1.0
1211701,12117,22,22,1.0
1211702,12117,25,25,1.0
1211703,12117,21,21,1.0
1211704,12117,21,21,1.0
1211900,12119,28,28,1.0
1212701,12127,25,25,1.0
1212702,12127,41,41,1.0
1212703,12127,37,37,1.0
1212704,12127,27,27,1.0
1300100,13047,15,47,0.3191489361702128
1300100,13055,9,47,0.19148936170212766
1300100,13083,5,47,0.10638297872340426
1300100,13295,18,47,0.3829787234042553
1300200,13313,22,22,1.0
1300300,13111,5,47,0.10638297872340426
1300300,13123,8,47,0.1702127659574468
1300300,13129,15,47,0.3191489361702128
1300300,13213,10,47,0.2127659574468085
1300300,13227,9,47,0.19148936170212766
1300400,13085,7,44,0.1590909090909091
1300400,13187,8,44,0.18181818181818182
1300400,13241,8,44,0.18181818181818182
1300400,13281,4,44,0.09090909090909091
1300400,13291,8,44,0.18181818181818182
1300400,13311,9,44,0.20454545454545456
1300500,13011,4,41,0.0975609756097561
1300500,13119,8,41,0.1951219512195122
1300500,13137,11,41,0.2682926829268293
1300500,13147,10,41,0.24390243902439024
1300500,13257,8,41,0.1951219512195122
1300601,13139,24,24,1.0
1300602,13139,26,26,1.0
1300701,13117,20,20,1.0
1300702,13117,28,28,1.0
1300801,13057,25,25,1.0
1300802,13057,31,31,1.0
1300900,13015,28,28,1.0
1301000,13115,26,42,0.6190476190476191
1301000,13143,8,42,0.19047619047619047
1301000,13233,8,42,0.19047619047619047
1301100,13223,33,33,1.0
1301200,13097,31,31,1.0
1301301,13067,36,36,1.0
1301302,13067,40,40,1.0
1301303,13067,33,33,1.0
1301304,13067,35,35,1.0
1301305,13067,42,42,1.0
1301401,13121,37,37,1.0
1301402,13121,38,38,1.0
1301403,13121,35,35,1.0
1301404,13121,53,53,1.0
1301405,13121,53,53,1.0
1301406,13121,54,54,1.0
1301407,13121,31,31,1.0
1301408,13121,26,26,1.0
1301501,13089,40,40,1.0
1301502,13089,34,34,1.0
1301503,13089,36,36,1.0
1301504,13089,33,33,1.0
1301505,13089,28,28,1.0
1301506,13089,32,32,1.0
1301601,13135,40,40,1.0
1301602,13135,30,30,1.0
1301603,13135,27,27,1.0
1301604,13135,28,28,1.0
1301605,13135,31,31,1.0
1301606,13135,33,33,1.0
1301607,13135,31,31,1.0
1301700,13013,18,35,0.5142857142857142
1301700,13157,17,35,0.4857142857142857
1301800,13059,34,34,1.0
1301900,13105,6,38,0.15789473684210525
1301900,13133,8,38,0.21052631578947367
1301900,13195,7,38,0.18421052631578946
1301900,13219,11,38,0.2894736842105263
1301900,13221,6,38,0.15789473684210525
1302000,13159,5,31,0.16129032258064516
1302000,13211,6,31,0.1935483870967742
1302000,13297,20,31,0.6451612903225806
1302100,13217,22,46,0.4782608695652174
1302100,13247,24,46,0.5217391304347826
1302201,13151,29,29,1.0
1302202,13151,30,30,1.0
1302301,13063,38,38,1.0
1302302,13063,32,32,1.0
1302400,13113,24,24,1.0
1302500,13077,27,27,1.0
1302600,13045,28,28,1.0
1302700,13149,3,28,0.10714285714285714
1302700,13199,7,28,0.25
1302700,13285,18,28,0.6428571428571429
1302800,13035,5,39,0.1282051282051282
1302800,13171,4,39,0.10256410256410256
1302800,13231,5,39,0.1282051282051282
1302800,13255,17,39,0.4358974358974359
1302800,13293,8,39,0.20512820512820512
1302900,13009,14,53,0.2641509433962264
1302900,13079,3,53,0.05660377358490566
1302900,13169,9,53,0.16981132075471697
1302900,13207,5,53,0.09433962264150944
1302900,13225,8,53,0.1509433962264151
1302900,13237,8,53,0.1509433962264151
1302900,13289,3,53,0.05660377358490566
1302900,13319,3,53,0.05660377358490566
1303000,13021,48,48,1.0
1303100,13033,7,36,0.19444444444444445
1303100,13125,1,36,0.027777777777777776
1303100,13141,2,36,0.05555555555555555
1303100,13163,4,36,0.1111111111111111
1303100,13165,2,36,0.05555555555555555
1303100,13181,2,36,0.05555555555555555
1303100,13189,6,36,0.16666666666666666
1303100,13265,1,36,0.027777777777777776
1303100,13301,2,36,0.05555555555555555
1303100,13303,5,36,0.1388888888888889
1303100,13317,4,36,0.1111111111111111
1303200,13073,25,25,1.0
1303301,13245,32,32,1.0
1303302,13245,24,24,1.0
1303400,13031,20,42,0.47619047619047616
1303400,13103,16,42,0.38095238095238093
1303400,13251,6,42,0.14285714285714285
1303500,13023,4,47,0.0851063829787234
1303500,13043,3,47,0.06382978723404255
1303500,13091,7,47,0.14893617021276595
1303500,13107,9,47,0.19148936170212766
1303500,13167,4,47,0.0851063829787234
1303500,13175,14,47,0.2978723404255319
1303500,13283,2,47,0.0425531914893617
1303500,13315,4,47,0.0851063829787234
1303600,13153,38,42,0.9047619047619048
1303600,13235,4,42,0.09523809523809523
1303700,13061,1,47,0.02127659574468085
1303700,13081,6,47,0.1276595744680851
1303700,13093,3,47,0.06382978723404255
1303700,13145,7,47,0.14893617021276595
1303700,13193,4,47,0.0851063829787234
1303700,13197,2,47,0.0425531914893617
1303700,13239,1,47,0.02127659574468085
1303700,13243,2,47,0.0425531914893617
1303700,13249,2,47,0.0425531914893617
1303700,13259,2,47,0.0425531914893617
1303700,13261,8,47,0.1702127659574468
1303700,13263,3,47,0.06382978723404255
1303700,13269,4,47,0.0851063829787234
1303700,13307,2,47,0.0425531914893617
1303800,13053,5,64,0.078125
1303800,13215,59,64,0.921875
1303900,13007,2,42,0.047619047619047616
1303900,13037,2,42,0.047619047619047616
1303900,13087,8,42,0.19047619047619047
1303900,13099,5,42,0.11904761904761904
1303900,13131,8,42,0.19047619047619047
1303900,13201,3,42,0.07142857142857142
1303900,13205,7,42,0.16666666666666666
1303900,13253,3,42,0.07142857142857142
1303900,13273,4,42,0.09523809523809523
1304000,13095,29,37,0.7837837837837838
1304000,13177,8,37,0.21621621621621623
1304100,13071,15,35,0.42857142857142855
1304100,13275,14,35,0.4
1304100,13321,6,35,0.17142857142857143
1304200,13017,6,41,0.14634146341463414
1304200,13019,6,41,0.14634146341463414
1304200,13027,6,41,0.14634146341463414
1304200,13075,5,41,0.12195121951219512
1304200,13155,3,41,0.07317073170731707
1304200,13277,12,41,0.2926829268292683
1304200,13287,3,41,0.07317073170731707
1304300,13185,29,29,1.0
1304400,13003,3,49,0.061224489795918366
1304400,13005,3,49,0.061224489795918366
1304400,13025,5,49,0.10204081632653061
1304400,13049,3,49,0.061224489795918366
1304400,13065,2,49,0.04081632653061224
1304400,13069,12,49,0.24489795918367346
1304400,13101,2,49,0.04081632653061224
1304400,13173,3,49,0.061224489795918366
1304400,13229,6,49,0.12244897959183673
1304400,13299,10,49,0.20408163265306123
1304500,13001,7,48,0.14583333333333334
1304500,13109,3,48,0.0625
1304500,13161,5,48,0.10416666666666667
1304500,13209,3,48,0.0625
1304500,13267,7,48,0.14583333333333334
1304500,13271,5,48,0.10416666666666667
1304500,13279,9,48,0.1875
1304500,13305,7,48,0.14583333333333334
1304500,13309,2,48,0.041666666666666664
1304600,13029,9,32,0.28125
1304600,13179,18,32,0.5625
1304600,13183,5,32,0.15625
1304701,13051,53,53,1.0
1304702,13051,35,35,1.0
1304800,13039,17,51,0.3333333333333333
1304800,13127,26,51,0.5098039215686274
1304800,13191,8,51,0.1568627450980392
1500100,15005,2,71,0.028169014084507043
1500100,15007,21,71,0.29577464788732394
1500100,15009,48,71,0.676056338028169
1500200,15001,60,60,1.0
1500301,15003,34,34,1.0
1500302,15003,36,36,1.0
1500303,15003,42,42,1.0
1500304,15003,51,51,1.0
1500305,15003,37,37,1.0
1500306,15003,49,49,1.0
1500307,15003,48,48,1.0
1500308,15003,33,33,1.0
1600100,16009,2,35,0.05714285714285714
1600100,16017,16,35,0.45714285714285713
1600100,16021,2,35,0.05714285714285714
1600100,16055,3,35,0.08571428571428572
1600100,16057,9,35,0.2571428571428571
1600100,16079,3,35,0.08571428571428572
1600200,16055,36,36,1.0
1600300,16003,2,37,0.05405405405405406
1600300,16015,3,37,0.08108108108108109
1600300,16023,1,37,0.02702702702702703
1600300,16033,1,37,0.02702702702702703
1600300,16035,3,37,0.08108108108108109
1600300,16037,1,37,0.02702702702702703
1600300,16049,6,37,0.16216216216216217
1600300,16059,3,37,0.08108108108108109
1600300,16061,3,37,0.08108108108108109
1600300,16069,10,37,0.2702702702702703
1600300,16085,4,37,0.10810810810810811
1600400,16001,13,31,0.41935483870967744
1600400,16027,6,31,0.1935483870967742
1600400,16045,4,31,0.12903225806451613
1600400,16075,5,31,0.16129032258064516
1600400,16087,3,31,0.0967741935483871
1600500,16027,28,31,0.9032258064516129
1600500,16073,3,31,0.0967741935483871
1600600,16001,18,38,0.47368421052631576
1600600,16027,20,38,0.5263157894736842
1600701,16001,32,32,1.0
1600702,16001,30,30,1.0
1600800,16001,36,36,1.0
1600900,16031,6,23,0.2608695652173913
1600900,16083,17,23,0.7391304347826086
1601000,16013,8,32,0.25
1601000,16025,1,32,0.03125
1601000,16039,7,32,0.21875
1601000,16047,4,32,0.125
1601000,16053,6,32,0.1875
1601000,16063,1,32,0.03125
1601000,16067,5,32,0.15625
1601100,16011,9,37,0.24324324324324326
1601100,16043,4,37,0.10810810810810811
1601100,16051,6,37,0.16216216216216217
1601100,16065,11,37,0.2972972972972973
1601100,16081,7,37,0.1891891891891892
1601200,16019,24,24,1.0
1601300,16005,24,34,0.7058823529411765
1601300,16007,2,34,0.058823529411764705
1601300,16011,1,34,0.029411764705882353
1601300,16029,2,34,0.058823529411764705
1601300,16041,2,34,0.058823529411764705
1601300,16071,1,34,0.029411764705882353
1601300,16077,2,34,0.058823529411764705
1700100,17001,19,47,0.40425531914893614
1700100,17009,2,47,0.0425531914893617
1700100,17057,12,47,0.2553191489361702
1700100,17125,6,47,0.1276595744680851
1700100,17149,5,47,0.10638297872340426
1700100,17169,3,47,0.06382978723404255
1700701,17007,10,30,0.3333333333333333
1700701,17201,20,30,0.6666666666666666
1701901,17019,40,40,1.0
1701902,17019,8,46,0.17391304347826086
1701902,17053,5,46,0.10869565217391304
1701902,17075,9,46,0.1956521739130435
1701902,17183,24,46,0.5217391304347826
1702900,17023,4,36,0.1111111111111111
1702900,17029,13,36,0.3611111111111111
1702900,17033,6,36,0.16666666666666666
1702900,17035,3,36,0.08333333333333333
1702900,17041,5,36,0.1388888888888889
1702900,17045,5,36,0.1388888888888889
1703101,17031,26,26,1.0
1703102,17031,27,27,1.0
1703103,17031,21,21,1.0
1703104,17031,22,22,1.0
1703105,17031,27,27,1.0
1703106,17031,33,33,1.0
1703107,17031,35,35,1.0
1703108,17031,38,38,1.0
1703109,17031,25,25,1.0
1703110,17031,26,26,1.0
1703111,17031,28,28,1.0
1703112,17031,26,26,1.0
1703113,17031,33,33,1.0
1703114,17031,38,38,1.0
1703115,17031,25,25,1.0
1703116,17031,31,31,1.0
1703117,17031,41,41,1.0
1703118,17031,38,38,1.0
1703151,17031,33,33,1.0
1703152,17031,39,39,1.0
1703153,17031,41,41,1.0
1703154,17031,54,54,1.0
1703155,17031,52,52,1.0
1703156,17031,31,31,1.0
1703157,17031,40,40,1.0
1703158,17031,60,60,1.0
1703159,17031,51,51,1.0
1703160,17031,31,31,1.0
1703161,17031,64,64,1.0
1703162,17031,47,47,1.0
1703163,17031,35,35,1.0
1703164,17031,41,41,1.0
1703165,17031,53,53,1.0
1703166,17031,40,40,1.0
1703167,17031,44,44,1.0
1703168,17031,36,36,1.0
1703700,17037,23,36,0.6388888888888888
1703700,17141,13,36,0.3611111111111111
1704301,17043,43,43,1.0
1704302,17043,27,27,1.0
1704303,17043,32,32,1.0
1704304,17043,28,28,1.0
1704305,17043,28,28,1.0
1704306,17043,26,26,1.0
1704307,17043,35,35,1.0
1704900,17025,4,37,0.10810810810810811
1704900,17049,8,37,0.21621621621621623
1704900,17051,7,37,0.1891891891891892
1704900,17079,3,37,0.08108108108108109
1704900,17101,5,37,0.13513513513513514
1704900,17159,5,37,0.13513513513513514
1704900,17191,5,37,0.13513513513513514
1707300,17067,7,44,0.1590909090909091
1707300,17071,3,44,0.06818181818181818
1707300,17073,14,44,0.3181818181818182
1707300,17109,11,44,0.25
1707300,17131,4,44,0.09090909090909091
1707300,17187,5,44,0.11363636363636363
1708901,17089,26,26,1.0
1708902,17089,26,26,1.0
1708903,17089,22,22,1.0
1708904,17089,30,30,1.0
1709100,17063,10,40,0.25
1709100,17091,30,40,0.75
1709300,17093,21,21,1.0
1709500,17011,10,44,0.22727272727272727
1709500,17095,16,44,0.36363636363636365
1709500,17123,5,44,0.11363636363636363
1709500,17155,2,44,0.045454545454545456
1709500,17175,2,44,0.045454545454545456
1709500,17203,9,44,0.20454545454545456
1709701,17097,33,33,1.0
1709702,17097,34,34,1.0
1709703,17097,35,35,1.0
1709704,17097,24,24,1.0
1709705,17097,34,34,1.0
1709900,17099,28,38,0.7368421052631579
1709900,17105,10,38,0.2631578947368421
1711101,17111,29,29,1.0
1711102,17111,35,35,1.0
1711300,17113,47,47,1.0
1711500,17021,10,47,0.2127659574468085
1711500,17115,37,47,0.7872340425531915
1711700,17013,2,43,0.046511627906976744
1711700,17017,5,43,0.11627906976744186
1711700,17061,5,43,0.11627906976744186
1711700,17083,6,43,0.13953488372093023
1711700,17117,13,43,0.3023255813953488
1711700,17137,10,43,0.23255813953488372
1711700,17171,2,43,0.046511627906976744
1711901,17119,40,40,1.0
1711902,17119,23,23,1.0
1712100,17005,4,50,0.08
1712100,17027,9,50,0.18
1712100,17081,11,50,0.22
1712100,17121,12,50,0.24
1712100,17157,10,50,0.2
1712100,17189,4,50,0.08
1713500,17039,5,38,0.13157894736842105
1713500,17107,8,38,0.21052631578947367
1713500,17129,3,38,0.07894736842105263
1713500,17135,8,38,0.21052631578947367
1713500,17139,4,38,0.10526315789473684
1713500,17147,4,38,0.10526315789473684
1713500,17173,6,38,0.15789473684210525
1714300,17143,49,49,1.0
1716100,17161,43,43,1.0
1716301,17163,48,48,1.0
1716302,17133,7,27,0.25925925925925924
1716302,17163,20,27,0.7407407407407407
1716500,17003,4,49,0.08163265306122448
1716500,17047,3,49,0.061224489795918366
1716500,17059,2,49,0.04081632653061224
1716500,17065,3,49,0.061224489795918366
1716500,17069,2,49,0.04081632653061224
1716500,17087,4,49,0.08163265306122448
1716500,17127,4,49,0.08163265306122448
1716500,17151,2,49,0.04081632653061224
1716500,17153,2,49,0.04081632653061224
1716500,17165,9,49,0.1836734693877551
1716500,17181,5,49,0.10204081632653061
1716500,17185,4,49,0.08163265306122448
1716500,17193,5,49,0.10204081632653061
1716700,17167,54,54,1.0
1717900,17179,30,30,1.0
1719500,17015,6,54,0.1111111111111111
1719500,17085,7,54,0.12962962962962962
1719500,17103,9,54,0.16666666666666666
1719500,17177,13,54,0.24074074074074073
1719500,17195,19,54,0.35185185185185186
1719701,17197,38,38,1.0
1719702,17197,35,35,1.0
1719703,17197,40,40,1.0
1719704,17197,26,26,1.0
1719705,17197,33,33,1.0
1719900,17055,12,53,0.22641509433962265
1719900,17077,17,53,0.32075471698113206
1719900,17145,6,53,0.11320754716981132
1719900,17199,18,53,0.33962264150943394
1720101,17201,60,60,1.0
1800101,18089,31,31,1.0
1800102,18089,44,44,1.0
1800103,18089,26,26,1.0
1800104,18089,31,31,1.0
1800200,18127,43,43,1.0
1800300,18091,31,31,1.0
1800401,18141,41,41,1.0
1800402,18141,41,41,1.0
1800501,18039,23,23,1.0
1800502,18039,22,22,1.0
1800600,18033,9,37,0.24324324324324326
1800600,18087,9,37,0.24324324324324326
1800600,18113,10,37,0.2702702702702703
1800600,18151,9,37,0.24324324324324326
1800700,18049,6,29,0.20689655172413793
1800700,18073,8,29,0.27586206896551724
1800700,18111,4,29,0.13793103448275862
1800700,18131,4,29,0.13793103448275862
1800700,18149,7,29,0.2413793103448276
1800800,18085,21,33,0.6363636363636364
1800800,18099,12,33,0.36363636363636365
1800900,18001,7,31,0.22580645161290322
1800900,18069,9,31,0.2903225806451613
1800900,18179,7,31,0.22580645161290322
1800900,18183,8,31,0.25806451612903225
1801001,18003,40,40,1.0
1801002,18003,32,32,1.0
1801003,18003,24,24,1.0
1801100,18007,3,36,0.08333333333333333
1801100,18015,7,36,0.19444444444444445
1801100,18023,8,36,0.2222222222222222
1801100,18107,9,36,0.25
1801100,18181,9,36,0.25
1801200,18157,43,43,1.0
1801300,18017,11,37,0.2972972972972973
1801300,18067,21,37,0.5675675675675675
1801300,18159,5,37,0.13513513513513514
1801400,18053,16,34,0.47058823529411764
1801400,18103,10,34,0.29411764705882354
1801400,18169,8,34,0.23529411764705882
1801500,18009,4,32,0.125
1801500,18065,13,32,0.40625
1801500,18075,7,32,0.21875
1801500,18135,8,32,0.25
1801600,18021,6,32,0.1875
1801600,18045,5,32,0.15625
1801600,18121,5,32,0.15625
1801600,18153,8,32,0.25
1801600,18165,5,32,0.15625
1801600,18171,3,32,0.09375
1801700,18167,32,32,1.0
1801801,18011,11,22,0.5
1801801,18057,11,22,0.5
1801901,18057,25,25,1.0
1801902,18057,21,21,1.0
1802000,18095,39,39,1.0
1802100,18035,34,34,1.0
1802200,18013,5,31,0.16129032258064516
1802200,18109,17,31,0.5483870967741935
1802200,18133,9,31,0.2903225806451613
1802300,18063,31,31,1.0
1802401,18097,25,25,1.0
1802402,18097,33,33,1.0
1802403,18097,27,27,1.0
1802404,18097,39,39,1.0
1802405,18097,58,58,1.0
1802406,18097,38,38,1.0
1802407,18097,33,33,1.0
1802500,18081,28,28,1.0
1802600,18059,15,25,0.6
1802600,18145,10,25,0.4
1802700,18041,7,32,0.21875
1802700,18139,5,32,0.15625
1802700,18161,2,32,0.0625
1802700,18177,18,32,0.5625
1802800,18027,8,45,0.17777777777777778
1802800,18055,9,45,0.2
1802800,18093,13,45,0.28888888888888886
1802800,18101,3,45,0.06666666666666667
1802800,18117,6,45,0.13333333333333333
1802800,18119,6,45,0.13333333333333333
1802900,18105,33,33,1.0
1803000,18005,16,27,0.5925925925925926
1803000,18071,11,27,0.4074074074074074
1803100,18031,6,24,0.25
1803100,18077,7,24,0.2916666666666667
1803100,18079,6,24,0.25
1803100,18143,5,24,0.20833333333333334
1803200,18029,13,30,0.43333333333333335
1803200,18047,5,30,0.16666666666666666
1803200,18115,2,30,0.06666666666666667
1803200,18137,7,30,0.23333333333333334
1803200,18155,3,30,0.1
1803300,18051,8,31,0.25806451612903225
1803300,18129,7,31,0.22580645161290322
1803300,18173,16,31,0.5161290322580645
1803400,18163,59,59,1.0
1803500,18025,3,38,0.07894736842105263
1803500,18037,9,38,0.23684210526315788
1803500,18083,11,38,0.2894736842105263
1803500,18123,5,38,0.13157894736842105
1803500,18125,4,38,0.10526315789473684
1803500,18147,6,38,0.15789473684210525
1803600,18043,20,36,0.5555555555555556
1803600,18061,9,36,0.25
1803600,18175,7,36,0.19444444444444445
1803700,18019,27,27,1.0
1900100,19041,5,37,0.13513513513513514
1900100,19059,6,37,0.16216216216216217
1900100,19063,4,37,0.10810810810810811
1900100,19119,3,37,0.08108108108108109
1900100,19141,4,37,0.10810810810810811
1900100,19143,2,37,0.05405405405405406
1900100,19147,4,37,0.10810810810810811
1900100,19167,9,37,0.24324324324324326
1900200,19033,12,36,0.3333333333333333
1900200,19067,5,36,0.1388888888888889
1900200,19081,4,36,0.1111111111111111
1900200,19109,6,36,0.16666666666666666
1900200,19131,3,36,0.08333333333333333
1900200,19189,3,36,0.08333333333333333
1900200,19195,3,36,0.08333333333333333
1900301,19113,23,23,1.0
1900302,19113,31,31,1.0
1900400,19005,5,38,0.13157894736842105
1900400,19017,8,38,0.21052631578947367
1900400,19037,4,38,0.10526315789473684
1900400,19043,6,38,0.15789473684210525
1900400,19065,7,38,0.18421052631578946
1900400,19089,3,38,0.07894736842105263
1900400,19191,5,38,0.13157894736842105
1900500,19013,39,39,1.0
1900600,19023,5,45,0.1111111111111111
1900600,19069,3,45,0.06666666666666667
1900600,19075,4,45,0.08888888888888889
1900600,19079,5,45,0.1111111111111111
1900600,19083,6,45,0.13333333333333333
1900600,19091,4,45,0.08888888888888889
1900600,19187,13,45,0.28888888888888886
1900600,19197,5,45,0.1111111111111111
1900700,19019,6,43,0.13953488372093023
1900700,19055,4,43,0.09302325581395349
1900700,19061,27,43,0.627906976744186
1900700,19097,6,43,0.13953488372093023
1900800,19031,5,34,0.14705882352941177
1900800,19045,12,34,0.35294117647058826
1900800,19105,7,34,0.20588235294117646
1900800,19139,10,34,0.29411764705882354
1900900,19163,48,48,1.0
1901100,19103,36,36,1.0
1901200,19011,7,33,0.21212121212121213
1901200,19095,4,33,0.12121212121212122
1901200,19127,11,33,0.3333333333333333
1901200,19157,5,33,0.15151515151515152
1901200,19171,6,33,0.18181818181818182
1901300,19015,7,34,0.20588235294117646
1901300,19169,27,34,0.7941176470588235
1901400,19099,10,34,0.29411764705882354
1901400,19125,10,34,0.29411764705882354
1901400,19181,14,34,0.4117647058823529
1901501,19153,36,36,1.0
1901502,19153,23,23,1.0
1901503,19153,53,53,1.0
1901600,19049,19,23,0.8260869565217391
1901600,19121,4,23,0.17391304347826086
1901800,19003,2,45,0.044444444444444446
1901800,19007,5,45,0.1111111111111111
1901800,19039,3,45,0.06666666666666667
1901800,19053,3,45,0.06666666666666667
1901800,19071,3,45,0.06666666666666667
1901800,19117,4,45,0.08888888888888889
1901800,19135,3,45,0.06666666666666667
1901800,19137,4,45,0.08888888888888889
1901800,19145,6,45,0.13333333333333333
1901800,19159,2,45,0.044444444444444446
1901800,19173,3,45,0.06666666666666667
1901800,19175,4,45,0.08888888888888889
1901800,19185,3,45,0.06666666666666667
1901900,19021,6,45,0.13333333333333333
1901900,19025,4,45,0.08888888888888889
1901900,19027,6,45,0.13333333333333333
1901900,19035,5,45,0.1111111111111111
1901900,19047,6,45,0.13333333333333333
1901900,19073,4,45,0.08888888888888889
1901900,19093,3,45,0.06666666666666667
1901900,19133,4,45,0.08888888888888889
1901900,19151,3,45,0.06666666666666667
1901900,19161,4,45,0.08888888888888889
1902000,19149,6,35,0.17142857142857143
1902000,19193,29,35,0.8285714285714286
1902100,19001,3,58,0.05172413793103448
1902100,19009,3,58,0.05172413793103448
1902100,19029,5,58,0.08620689655172414
1902100,19077,3,58,0.05172413793103448
1902100,19085,5,58,0.08620689655172414
1902100,19129,5,58,0.08620689655172414
1902100,19155,30,58,0.5172413793103449
1902100,19165,4,58,0.06896551724137931
1902200,19051,2,37,0.05405405405405406
1902200,19101,5,37,0.13513513513513514
1902200,19107,4,37,0.10810810810810811
1902200,19123,7,37,0.1891891891891892
1902200,19177,2,37,0.05405405405405406
1902200,19179,11,37,0.2972972972972973
1902200,19183,6,37,0.16216216216216217
1902300,19057,11,30,0.36666666666666664
1902300,19087,5,30,0.16666666666666666
1902300,19111,11,30,0.36666666666666664
1902300,19115,3,30,0.1
2000100,20023,1,37,0.02702702702702703
2000100,20039,1,37,0.02702702702702703
2000100,20051,8,37,0.21621621621621623
2000100,20063,1,37,0.02702702702702703
2000100,20065,1,37,0.02702702702702703
2000100,20071,1,37,0.02702702702702703
2000100,20101,1,37,0.02702702702702703
2000100,20109,1,37,0.02702702702702703
2000100,20135,1,37,0.02702702702702703
2000100,20137,1,37,0.02702702702702703
2000100,20141,1,37,0.02702702702702703
2000100,20147,3,37,0.08108108108108109
2000100,20153,1,37,0.02702702702702703
2000100,20163,2,37,0.05405405405405406
2000100,20167,2,37,0.05405405405405406
2000100,20171,1,37,0.02702702702702703
2000100,20179,1,37,0.02702702702702703
2000100,20181,2,37,0.05405405405405406
2000100,20183,2,37,0.05405405405405406
2000100,20193,2,37,0.05405405405405406
2000100,20195,1,37,0.02702702702702703
2000100,20199,1,37,0.02702702702702703
2000100,20203,1,37,0.02702702702702703
2000200,20027,2,45,0.044444444444444446
2000200,20029,4,45,0.08888888888888889
2000200,20041,6,45,0.13333333333333333
2000200,20053,2,45,0.044444444444444446
2000200,20089,1,45,0.022222222222222223
2000200,20105,1,45,0.022222222222222223
2000200,20117,4,45,0.08888888888888889
2000200,20123,2,45,0.044444444444444446
2000200,20131,3,45,0.06666666666666667
2000200,20143,2,45,0.044444444444444446
2000200,20157,3,45,0.06666666666666667
2000200,20169,13,45,0.28888888888888886
2000200,20201,2,45,0.044444444444444446
2000300,20061,11,33,0.3333333333333333
2000300,20149,5,33,0.15151515151515152
2000300,20161,17,33,0.5151515151515151
2000400,20209,64,64,1.0
2000501,20177,36,36,1.0
2000601,20005,5,35,0.14285714285714285
2000601,20013,3,35,0.08571428571428572
2000601,20043,3,35,0.08571428571428572
2000601,20085,3,35,0.08571428571428572
2000601,20087,4,35,0.11428571428571428
2000601,20139,5,35,0.14285714285714285
2000601,20177,10,35,0.2857142857142857
2000601,20197,2,35,0.05714285714285714
2000700,20045,27,27,1.0
2000801,20091,37,37,1.0
2000802,20091,41,41,1.0
2000803,20091,37,37,1.0
2000804,20091,39,39,1.0
2000900,20103,19,30,0.6333333333333333
2000900,20107,3,30,0.1
2000900,20121,8,30,0.26666666666666666
2001000,20001,5,49,0.10204081632653061
2001000,20003,2,49,0.04081632653061224
2001000,20011,5,49,0.10204081632653061
2001000,20021,6,49,0.12244897959183673
2001000,20037,12,49,0.24489795918367346
2001000,20059,6,49,0.12244897959183673
2001000,20099,8,49,0.16326530612244897
2001000,20133,5,49,0.10204081632653061
2001101,20017,1,51,0.0196078431372549
2001101,20019,1,51,0.0196078431372549
2001101,20031,3,51,0.058823529411764705
2001101,20035,6,51,0.11764705882352941
2001101,20049,1,51,0.0196078431372549
2001101,20073,3,51,0.058823529411764705
2001101,20111,12,51,0.23529411764705882
2001101,20115,4,51,0.0784313725490196
2001101,20125,12,51,0.23529411764705882
2001101,20127,2,51,0.0392156862745098
2001101,20205,4,51,0.0784313725490196
2001101,20207,2,51,0.0392156862745098
2001201,20015,16,45,0.35555555555555557
2001201,20173,29,45,0.6444444444444445
2001301,20079,7,35,0.2
2001301,20173,28,35,0.8
2001401,20173,38,38,1.0
2001501,20015,3,43,0.06976744186046512
2001501,20173,40,43,0.9302325581395349
2001600,20113,7,27,0.25925925925925924
2001600,20155,17,27,0.6296296296296297
2001600,20159,3,27,0.1111111111111111
2001701,20007,2,39,0.05128205128205128
2001701,20009,8,39,0.20512820512820512
2001701,20033,1,39,0.02564102564102564
2001701,20035,5,39,0.1282051282051282
2001701,20047,2,39,0.05128205128205128
2001701,20077,3,39,0.07692307692307693
2001701,20095,3,39,0.07692307692307693
2001701,20097,1,39,0.02564102564102564
2001701,20145,2,39,0.05128205128205128
2001701,20151,3,39,0.07692307692307693
2001701,20165,1,39,0.02564102564102564
2001701,20185,2,39,0.05128205128205128
2001701,20191,6,39,0.15384615384615385
2001800,20025,1,41,0.024390243902439025
2001800,20055,12,41,0.2926829268292683
2001800,20057,9,41,0.21951219512195122
2001800,20067,2,41,0.04878048780487805
2001800,20069,2,41,0.04878048780487805
2001800,20075,1,41,0.024390243902439025
2001800,20081,1,41,0.024390243902439025
2001800,20083,1,41,0.024390243902439025
2001800,20093,1,41,0.024390243902439025
2001800,20119,2,41,0.04878048780487805
2001800,20129,1,41,0.024390243902439025
2001800,20175,5,41,0.12195121951219512
2001800,20187,1,41,0.024390243902439025
2001800,20189,2,41,0.04878048780487805
2100100,21007,3,59,0.05084745762711865
2100100,21035,11,59,0.1864406779661017
2100100,21039,3,59,0.05084745762711865
2100100,21075,2,59,0.03389830508474576
2100100,21083,10,59,0.1694915254237288
2100100,21105,1,59,0.01694915254237288
2100100,21145,19,59,0.3220338983050847
2100100,21157,10,59,0.1694915254237288
2100200,21033,4,34,0.11764705882352941
2100200,21055,4,34,0.11764705882352941
2100200,21107,13,34,0.38235294117647056
2100200,21139,3,34,0.08823529411764706
2100200,21177,10,34,0.29411764705882354
2100300,21047,21,36,0.5833333333333334
2100300,21143,4,36,0.1111111111111111
2100300,21219,4,36,0.1111111111111111
2100300,21221,7,36,0.19444444444444445
2100400,21003,6,54,0.1111111111111111
2100400,21009,13,54,0.24074074074074073
2100400,21031,6,54,0.1111111111111111
2100400,21061,5,54,0.09259259259259259
2100400,21099,6,54,0.1111111111111111
2100400,21141,6,54,0.1111111111111111
2100400,21169,3,54,0.05555555555555555
2100400,21171,4,54,0.07407407407407407
2100400,21213,5,54,0.09259259259259259
2100500,21227,27,27,1.0
2100600,21001,7,35,0.2
2100600,21045,6,35,0.17142857142857143
2100600,21053,4,35,0.11428571428571428
2100600,21057,2,35,0.05714285714285714
2100600,21087,4,35,0.11428571428571428
2100600,21207,5,35,0.14285714285714285
2100600,21217,7,35,0.2
2100700,21147,6,36,0.16666666666666666
2100700,21199,21,36,0.5833333333333334
2100700,21231,9,36,0.25
2100800,21051,8,34,0.23529411764705882
2100800,21109,5,34,0.14705882352941177
2100800,21125,16,34,0.47058823529411764
2100800,21203,5,34,0.14705882352941177
2100900,21013,9,43,0.20930232558139536
2100900,21095,11,43,0.2558139534883721
2100900,21121,11,43,0.2558139534883721
2100900,21235,12,43,0.27906976744186046
2101000,21025,7,43,0.16279069767441862
2101000,21119,5,43,0.11627906976744186
2101000,21129,3,43,0.06976744186046512
2101000,21131,4,43,0.09302325581395349
2101000,21133,10,43,0.23255813953488372
2101000,21189,2,43,0.046511627906976744
2101000,21193,10,43,0.23255813953488372
2101000,21237,2,43,0.046511627906976744
2101100,21071,14,52,0.2692307692307692
2101100,21115,7,52,0.1346153846153846
2101100,21153,5,52,0.09615384615384616
2101100,21159,4,52,0.07692307692307693
2101100,21195,22,52,0.4230769230769231
2101200,21027,6,50,0.12
2101200,21085,9,50,0.18
2101200,21123,5,50,0.1
2101200,21155,6,50,0.12
2101200,21163,9,50,0.18
2101200,21179,11,50,0.22
2101200,21229,4,50,0.08
2101300,21093,28,28,1.0
2101400,21091,3,36,0.08333333333333333
2101400,21101,14,36,0.3888888888888889
2101400,21149,3,36,0.08333333333333333
2101400,21183,8,36,0.2222222222222222
2101400,21225,4,36,0.1111111111111111
2101400,21233,4,36,0.1111111111111111
2101500,21059,24,24,1.0
2101600,21029,22,26,0.8461538461538461
2101600,21215,4,26,0.15384615384615385
2101701,21111,50,50,1.0
2101702,21111,34,34,1.0
2101703,21111,26,26,1.0
2101704,21111,33,33,1.0
2101705,21111,32,32,1.0
2101706,21111,41,41,1.0
2101800,21103,5,34,0.14705882352941177
2101800,21185,15,34,0.4411764705882353
2101800,21211,12,34,0.35294117647058826
2101800,21223,2,34,0.058823529411764705
2101901,21067,33,33,1.0
2101902,21067,26,26,1.0
2101903,21067,23,23,1.0
2102000,21005,6,39,0.15384615384615385
2102000,21073,20,39,0.5128205128205128
2102000,21167,5,39,0.1282051282051282
2102000,21239,8,39,0.20512820512820512
2102100,21021,7,31,0.22580645161290322
2102100,21079,6,31,0.1935483870967742
2102100,21113,11,31,0.3548387096774194
2102100,21137,7,31,0.22580645161290322
2102200,21065,6,41,0.14634146341463414
2102200,21151,31,41,0.7560975609756098
2102200,21197,4,41,0.0975609756097561
2102300,21017,8,44,0.18181818181818182
2102300,21049,10,44,0.22727272727272727
2102300,21097,5,44,0.11363636363636363
2102300,21181,2,44,0.045454545454545456
2102300,21209,19,44,0.4318181818181818
2102400,21117,44,44,1.0
2102500,21015,30,30,1.0
2102600,21037,25,46,0.5434782608695652
2102600,21041,3,46,0.06521739130434782
2102600,21077,3,46,0.06521739130434782
2102600,21081,7,46,0.15217391304347827
2102600,21187,4,46,0.08695652173913043
2102600,21191,4,46,0.08695652173913043
2102700,21011,4,41,0.0975609756097561
2102700,21023,3,41,0.07317073170731707
2102700,21069,4,41,0.0975609756097561
2102700,21135,4,41,0.0975609756097561
2102700,21161,5,41,0.12195121951219512
2102700,21165,2,41,0.04878048780487805
2102700,21173,7,41,0.17073170731707318
2102700,21175,5,41,0.12195121951219512
2102700,21201,1,41,0.024390243902439025
2102700,21205,6,41,0.14634146341463414
2102800,21019,15,41,0.36585365853658536
2102800,21043,8,41,0.1951219512195122
2102800,21063,3,41,0.07317073170731707
2102800,21089,9,41,0.21951219512195122
2102800,21127,6,41,0.14634146341463414
2200101,22017,41,41,1.0
2200102,22017,33,33,1.0
2200200,22015,33,46,0.717391304347826
2200200,22119,13,46,0.2826086956521739
2200300,22013,5,54,0.09259259259259259
2200300,22027,6,54,0.1111111111111111
2200300,22031,9,54,0.16666666666666666
2200300,22061,12,54,0.2222222222222222
2200300,22069,11,54,0.2037037037037037
2200300,22081,2,54,0.037037037037037035
2200300,22085,9,54,0.16666666666666666
2200400,22073,47,47,1.0
2200500,22021,3,48,0.0625
2200500,22035,3,48,0.0625
2200500,22041,6,48,0.125
2200500,22049,5,48,0.10416666666666667
2200500,22065,5,48,0.10416666666666667
2200500,22067,8,48,0.16666666666666666
2200500,22083,6,48,0.125
2200500,22107,3,48,0.0625
2200500,22111,6,48,0.125
2200500,22123,3,48,0.0625
2200600,22009,12,36,0.3333333333333333
2200600,22025,3,36,0.08333333333333333
2200600,22029,6,36,0.16666666666666666
2200600,22043,7,36,0.19444444444444445
2200600,22059,3,36,0.08333333333333333
2200600,22127,5,36,0.1388888888888889
2200700,22079,39,55,0.7090909090909091
2200700,22115,16,55,0.2909090909090909
2200801,22003,7,39,0.1794871794871795
2200801,22011,9,39,0.23076923076923078
2200801,22019,23,39,0.5897435897435898
2200901,22019,33,46,0.717391304347826
2200901,22023,5,46,0.10869565217391304
2200901,22053,8,46,0.17391304347826086
2201000,22039,11,39,0.28205128205128205
2201000,22097,28,39,0.717948717948718
2201100,22001,21,38,0.5526315789473685
2201100,22113,17,38,0.4473684210526316
2201201,22055,30,30,1.0
2201202,22055,28,28,1.0
2201300,22045,23,40,0.575
2201300,22099,17,40,0.425
2201400,22037,5,34,0.14705882352941177
2201400,22047,9,34,0.2647058823529412
2201400,22077,7,34,0.20588235294117646
2201400,22121,6,34,0.17647058823529413
2201400,22125,7,34,0.20588235294117646
2201501,22033,20,20,1.0
2201502,22033,29,29,1.0
2201503,22033,36,36,1.0
2201504,22033,23,23,1.0
2201600,22005,29,29,1.0
2201700,22063,34,37,0.918918918918919
2201700,22091,3,37,0.08108108108108109
2201800,22105,31,44,0.7045454545454546
2201800,22117,13,44,0.29545454545454547
2201900,22089,13,31,0.41935483870967744
2201900,22093,7,31,0.22580645161290322
2201900,22095,11,31,0.3548387096774194
2202000,22007,7,34,0.20588235294117646
2202000,22057,27,34,0.7941176470588235
2202100,22101,17,52,0.3269230769230769
2202100,22109,35,52,0.6730769230769231
2202201,22103,31,31,1.0
2202202,22103,28,28,1.0
2202301,22051,35,35,1.0
2202302,22051,40,40,1.0
2202303,22051,39,39,1.0
2202401,22071,59,59,1.0
2202402,22071,69,69,1.0
2202403,22071,56,56,1.0
2202501,22051,14,42,0.3333333333333333
2202501,22075,10,42,0.23809523809523808
2202501,22087,18,42,0.42857142857142855
2300100,23003,24,47,0.5106382978723404
2300100,23019,9,47,0.19148936170212766
2300100,23029,14,47,0.2978723404255319
2300200,23007,10,57,0.17543859649122806
2300200,23017,19,57,0.3333333333333333
2300200,23021,8,57,0.14035087719298245
2300200,23025,20,57,0.3508771929824561
2300300,23019,37,37,1.0
2300400,23011,36,36,1.0
2300500,23009,18,49,0.3673469387755102
2300500,23013,13,49,0.2653061224489796
2300500,23015,10,49,0.20408163265306123
2300500,23027,8,49,0.16326530612244897
2300600,23001,32,32,1.0
2300700,23005,20,29,0.6896551724137931
2300700,23023,9,29,0.3103448275862069
2300800,23005,9,52,0.17307692307692307
2300800,23031,43,52,0.8269230769230769
2300900,23005,19,35,0.5428571428571428
2300900,23031,16,35,0.45714285714285713
2301000,23005,33,33,1.0
2400101,24001,22,34,0.6470588235294118
2400101,24023,9,34,0.2647058823529412
2400101,24043,3,34,0.08823529411764706
2400201,24043,33,33,1.0
2400301,24021,32,32,1.0
2400302,24021,33,33,1.0
2400400,24013,37,37,1.0
2400501,24005,28,28,1.0
2400502,24005,35,35,1.0
2400503,24005,29,29,1.0
2400504,24005,31,31,1.0
2400505,24005,23,23,1.0
2400506,24005,40,40,1.0
2400507,24005,33,33,1.0
2400601,24025,32,32,1.0
2400602,24025,27,27,1.0
2400700,24015,21,21,1.0
2400801,24510,43,43,1.0
2400802,24510,37,37,1.0
2400803,24510,34,34,1.0
2400804,24510,43,43,1.0
2400805,24510,42,42,1.0
2400901,24027,21,21,1.0
2400902,24027,20,20,1.0
2400903,24027,18,18,1.0
2401001,24031,24,24,1.0
2401002,24031,31,31,1.0
2401003,24031,40,40,1.0
2401004,24031,28,28,1.0
2401005,24031,31,31,1.0
2401006,24031,23,23,1.0
2401007,24031,29,29,1.0
2401008,24031,26,26,1.0
2401101,24033,25,25,1.0
2401102,24033,32,32,1.0
2401103,24033,27,27,1.0
2401104,24033,31,31,1.0
2401105,24033,38,38,1.0
2401106,24033,32,32,1.0
2401107,24033,29,29,1.0
2401201,24003,22,22,1.0
2401202,24003,27,27,1.0
2401203,24003,26,26,1.0
2401204,24003,25,25,1.0
2401205,24003,30,30,1.0
2401300,24011,9,50,0.18
2401300,24019,10,50,0.2
2401300,24029,6,50,0.12
2401300,24035,14,50,0.28
2401300,24041,11,50,0.22
2401400,24039,7,46,0.15217391304347827
2401400,24045,21,46,0.45652173913043476
2401400,24047,18,46,0.391304347826087
2401501,24009,19,21,0.9047619047619048
2401501,24037,2,21,0.09523809523809523
2401601,24037,21,21,1.0
2401700,24017,35,35,1.0
2500100,25003,40,40,1.0
2500201,25011,19,30,0.6333333333333333
2500201,25015,11,30,0.36666666666666664
2500301,25015,24,24,1.0
2500401,25013,35,35,1.0
2500402,25013,37,37,1.0
2500403,25013,32,32,1.0
2500501,25027,27,27,1.0
2500502,25027,27,27,1.0
2500503,25027,31,31,1.0
2500504,25027,22,22,1.0
2500505,25027,24,24,1.0
2500506,25027,27,27,1.0
2500507,25027,33,33,1.0
2500601,25017,26,26,1.0
2500602,25017,26,26,1.0
2500603,25017,18,18,1.0
2500604,25017,26,26,1.0
2500605,25017,23,23,1.0
2500606,25017,23,23,1.0
2500607,25017,27,27,1.0
2500608,25017,33,33,1.0
2500609,25017,27,27,1.0
2500610,25017,36,36,1.0
2500611,25017,33,33,1.0
2500612,25017,27,27,1.0
2500613,25017,32,32,1.0
2500701,25009,25,25,1.0
2500702,25009,25,25,1.0
2500703,25009,25,25,1.0
2500704,25009,36,36,1.0
2500705,25009,23,23,1.0
2500706,25009,40,40,1.0
2500801,25025,34,34,1.0
2500802,25025,57,57,1.0
2500803,25025,38,38,1.0
2500804,25025,37,37,1.0
2500805,25025,41,41,1.0
2500806,25025,28,28,1.0
2500901,25021,23,23,1.0
2500902,25021,26,26,1.0
2500903,25021,23,23,1.0
2500904,25021,30,30,1.0
2500905,25021,26,26,1.0
2500906,25021,26,26,1.0
2501001,25005,23,23,1.0
2501002,25005,29,29,1.0
2501003,25005,33,33,1.0
2501004,25005,46,46,1.0
2501101,25023,23,23,1.0
2501102,25023,27,27,1.0
2501103,25023,32,32,1.0
2501104,25023,29,29,1.0
2501201,25001,31,31,1.0
2501301,25001,26,38,0.6842105263157895
2501301,25007,5,38,0.13157894736842105
2501301,25019,7,38,0.18421052631578946
2600100,26013,3,68,0.04411764705882353
2600100,26043,7,68,0.10294117647058823
2600100,26053,7,68,0.10294117647058823
2600100,26061,12,68,0.17647058823529413
2600100,26071,5,68,0.07352941176470588
2600100,26083,3,68,0.04411764705882353
2600100,26103,27,68,0.39705882352941174
2600100,26131,4,68,0.058823529411764705
2600200,26003,4,56,0.07142857142857142
2600200,26033,17,56,0.30357142857142855
2600200,26041,13,56,0.23214285714285715
2600200,26095,4,56,0.07142857142857142
2600200,26097,6,56,0.10714285714285714
2600200,26109,8,56,0.14285714285714285
2600200,26153,4,56,0.07142857142857142
2600300,26001,6,55,0.10909090909090909
2600300,26007,11,55,0.2
2600300,26031,10,55,0.18181818181818182
2600300,26039,5,55,0.09090909090909091
2600300,26119,5,55,0.09090909090909091
2600300,26135,5,55,0.09090909090909091
2600300,26137,6,55,0.10909090909090909
2600300,26141,7,55,0.12727272727272726
2600400,26009,11,55,0.2
2600400,26029,14,55,0.2545454545454545
2600400,26047,11,55,0.2
2600400,26079,6,55,0.10909090909090909
2600400,26113,5,55,0.09090909090909091
2600400,26165,8,55,0.14545454545454545
2600500,26019,7,51,0.13725490196078433
2600500,26055,24,51,0.47058823529411764
2600500,26089,10,51,0.19607843137254902
2600500,26101,10,51,0.19607843137254902
2600600,26085,4,32,0.125
2600600,26105,9,32,0.28125
2600600,26123,11,32,0.34375
2600600,26127,8,32,0.25
2600700,26121,46,46,1.0
2600801,26139,36,36,1.0
2600802,26139,29,29,1.0
2600900,26005,31,31,1.0
2601001,26081,33,33,1.0
2601002,26081,52,52,1.0
2601003,26081,34,34,1.0
2601004,26081,26,26,1.0
2601100,26067,16,50,0.32
2601100,26107,13,50,0.26
2601100,26117,14,50,0.28
2601100,26133,7,50,0.14
2601200,26035,12,40,0.3
2601200,26057,10,40,0.25
2601200,26073,18,40,0.45
2601300,26011,7,50,0.14
2601300,26051,10,50,0.2
2601300,26069,12,50,0.24
2601300,26129,8,50,0.16
2601300,26143,13,50,0.26
2601400,26017,28,49,0.5714285714285714
2601400,26111,21,49,0.42857142857142855
2601500,26145,61,61,1.0
2601600,26063,13,40,0.325
2601600,26151,13,40,0.325
2601600,26157,14,40,0.35
2601701,26049,18,42,0.42857142857142855
2601701,26087,24,42,0.5714285714285714
2601702,26049,35,35,1.0
2601703,26049,47,47,1.0
2601704,26049,34,52,0.6538461538461539
2601704,26155,18,52,0.34615384615384615
2601801,26065,47,47,1.0
2601802,26065,37,37,1.0
2601900,26037,23,52,0.4423076923076923
2601900,26045,29,52,0.5576923076923077
2602000,26015,16,56,0.2857142857142857
2602000,26025,40,56,0.7142857142857143
2602101,26077,33,33,1.0
2602102,26077,35,35,1.0
2602200,26023,13,31,0.41935483870967744
2602200,26149,18,31,0.5806451612903226
2602300,26027,15,38,0.39473684210526316
2602300,26159,23,38,0.6052631578947368
2602400,26021,54,54,1.0
2602500,26059,13,38,0.34210526315789475
2602500,26091,25,38,0.6578947368421053
2602600,26075,46,46,1.0
2602701,26161,30,30,1.0
2602702,26161,35,35,1.0
2602703,26161,42,42,1.0
2602800,26093,60,60,1.0
2602901,26125,36,36,1.0
2602902,26125,35,35,1.0
2602903,26125,45,45,1.0
2602904,26125,48,48,1.0
2602905,26125,31,31,1.0
2602906,26125,45,45,1.0
2602907,26125,51,51,1.0
2602908,26125,59,59,1.0
2603001,26099,29,29,1.0
2603002,26099,37,37,1.0
2603003,26099,31,31,1.0
2603004,26099,49,49,1.0
2603005,26099,52,52,1.0
2603006,26099,46,46,1.0
2603100,26147,51,51,1.0
2603201,26163,54,54,1.0
2603202,26163,49,49,1.0
2603203,26163,47,47,1.0
2603204,26163,47,47,1.0
2603205,26163,41,41,1.0
2603206,26163,43,43,1.0
2603207,26163,41,41,1.0
2603208,26163,57,57,1.0
2603209,26163,44,44,1.0
2603210,26163,46,46,1.0
2603211,26163,61,61,1.0
2603212,26163,57,57,1.0
2603213,26163,40,40,1.0
2603300,26115,41,41,1.0
2700101,27005,10,52,0.19230769230769232
2700101,27007,3,52,0.057692307692307696
2700101,27029,3,52,0.057692307692307696
2700101,27069,2,52,0.038461538461538464
2700101,27077,3,52,0.057692307692307696
2700101,27087,2,52,0.038461538461538464
2700101,27089,4,52,0.07692307692307693
2700101,27107,3,52,0.057692307692307696
2700101,27113,5,52,0.09615384615384616
2700101,27119,10,52,0.19230769230769232
2700101,27125,2,52,0.038461538461538464
2700101,27135,5,52,0.09615384615384616
2700201,27007,11,55,0.2
2700201,27021,11,55,0.2
2700201,27057,7,55,0.12727272727272726
2700201,27061,21,55,0.38181818181818183
2700201,27071,5,55,0.09090909090909091
2700301,27031,4,44,0.09090909090909091
2700301,27075,5,44,0.11363636363636363
2700301,27137,35,44,0.7954545454545454
2700401,27137,37,37,1.0
2700501,27001,8,33,0.24242424242424243
2700501,27017,9,33,0.2727272727272727
2700501,27065,4,33,0.12121212121212122
2700501,27115,9,33,0.2727272727272727
2700501,27137,3,33,0.09090909090909091
2700600,27035,21,40,0.525
2700600,27097,8,40,0.2
2700600,27153,8,40,0.2
2700600,27159,3,40,0.075
2700700,27027,16,35,0.45714285714285713
2700700,27111,17,35,0.4857142857142857
2700700,27167,2,35,0.05714285714285714
2700800,27011,3,41,0.07317073170731707
2700800,27023,5,41,0.12195121951219512
2700800,27041,11,41,0.2682926829268293
2700800,27051,2,41,0.04878048780487805
2700800,27073,3,41,0.07317073170731707
2700800,27121,4,41,0.0975609756097561
2700800,27149,3,41,0.07317073170731707
2700800,27151,4,41,0.0975609756097561
2700800,27155,2,41,0.04878048780487805
2700800,27173,4,41,0.0975609756097561
2700901,27009,5,26,0.19230769230769232
2700901,27145,21,26,0.8076923076923077
2701001,27009,5,23,0.21739130434782608
2701001,27141,2,23,0.08695652173913043
2701001,27145,16,23,0.6956521739130435
2701101,27141,17,20,0.85
2701101,27171,3,20,0.15
2701200,27025,13,29,0.4482758620689655
2701200,27059,9,29,0.3103448275862069
2701200,27095,7,29,0.2413793103448276
2701301,27003,29,29,1.0
2701302,27003,36,36,1.0
2701303,27003,25,25,1.0
2701401,27163,34,34,1.0
2701402,27163,25,25,1.0
2701501,27123,33,33,1.0
2701502,27123,25,25,1.0
2701503,27123,29,29,1.0
2701504,27123,31,31,1.0
2701505,27123,25,25,1.0
2701601,27053,25,25,1.0
2701602,27053,26,26,1.0
2701603,27053,25,25,1.0
2701604,27053,30,30,1.0
2701605,27053,30,30,1.0
2701606,27053,34,34,1.0
2701607,27053,36,36,1.0
2701608,27053,36,36,1.0
2701609,27053,31,31,1.0
2701610,27053,27,27,1.0
2701611,27053,29,29,1.0
2701701,27037,28,28,1.0
2701702,27037,28,28,1.0
2701703,27037,28,28,1.0
2701704,27037,22,22,1.0
2701800,27139,32,32,1.0
2701900,27019,25,25,1.0
2702001,27171,24,24,1.0
2702100,27067,12,37,0.32432432432432434
2702100,27085,9,37,0.24324324324324326
2702100,27093,6,37,0.16216216216216217
2702100,27129,6,37,0.16216216216216217
2702100,27143,4,37,0.10810810810810811
2702200,27033,4,40,0.1
2702200,27063,4,40,0.1
2702200,27081,2,40,0.05
2702200,27083,7,40,0.175
2702200,27101,3,40,0.075
2702200,27105,6,40,0.15
2702200,27117,5,40,0.125
2702200,27127,6,40,0.15
2702200,27133,3,40,0.075
2702300,27015,8,34,0.23529411764705882
2702300,27043,6,34,0.17647058823529413
2702300,27047,10,34,0.29411764705882354
2702300,27091,7,34,0.20588235294117646
2702300,27165,3,34,0.08823529411764706
2702400,27013,16,23,0.6956521739130435
2702400,27103,7,23,0.30434782608695654
2702500,27079,7,36,0.19444444444444445
2702500,27131,16,36,0.4444444444444444
2702500,27147,8,36,0.2222222222222222
2702500,27161,5,36,0.1388888888888889
2702600,27049,11,30,0.36666666666666664
2702600,27157,6,30,0.2
2702600,27169,13,30,0.43333333333333335
2702700,27109,35,35,1.0
2702800,27039,5,27,0.18518518518518517
2702800,27045,6,27,0.2222222222222222
2702800,27055,5,27,0.18518518518518517
2702800,27099,11,27,0.4074074074074074
2800100,28033,41,41,1.0
2800200,28003,10,44,0.22727272727272727
2800200,28009,3,44,0.06818181818181818
2800200,28093,10,44,0.22727272727272727
2800200,28117,8,44,0.18181818181818182
2800200,28139,6,44,0.13636363636363635
2800200,28141,7,44,0.1590909090909091
2800300,28027,7,35,0.2
2800300,28107,11,35,0.3142857142857143
2800300,28119,3,35,0.08571428571428572
2800300,28135,4,35,0.11428571428571428
2800300,28137,6,35,0.17142857142857143
2800300,28143,4,35,0.11428571428571428
2800400,28013,5,42,0.11904761904761904
2800400,28017,5,42,0.11904761904761904
2800400,28057,6,42,0.14285714285714285
2800400,28071,15,42,0.35714285714285715
2800400,28095,11,42,0.2619047619047619
2800500,28081,23,35,0.6571428571428571
2800500,28115,6,35,0.17142857142857143
2800500,28145,6,35,0.17142857142857143
2800600,28019,3,50,0.06
2800600,28025,5,50,0.1
2800600,28087,18,50,0.36
2800600,28103,3,50,0.06
2800600,28105,13,50,0.26
2800600,28155,3,50,0.06
2800600,28159,5,50,0.1
2800700,28007,6,38,0.15789473684210525
2800700,28015,3,38,0.07894736842105263
2800700,28043,7,38,0.18421052631578946
2800700,28051,6,38,0.15789473684210525
2800700,28083,8,38,0.21052631578947367
2800700,28097,4,38,0.10526315789473684
2800700,28161,4,38,0.10526315789473684
2800800,28011,9,41,0.21951219512195122
2800800,28053,3,41,0.07317073170731707
2800800,28055,1,41,0.024390243902439025
2800800,28125,2,41,0.04878048780487805
2800800,28133,7,41,0.17073170731707318
2800800,28151,19,41,0.4634146341463415
2800900,28089,26,33,0.7878787878787878
2800900,28163,7,33,0.21212121212121213
2801001,28029,8,33,0.24242424242424243
2801001,28049,12,33,0.36363636363636365
2801001,28149,13,33,0.3939393939393939
2801101,28049,55,55,1.0
2801300,28121,37,46,0.8043478260869565
2801300,28127,9,46,0.1956521739130435
2801400,28061,7,36,0.19444444444444445
2801400,28069,2,36,0.05555555555555555
2801400,28079,6,36,0.16666666666666666
2801400,28099,8,36,0.2222222222222222
2801400,28123,8,36,0.2222222222222222
2801400,28129,5,36,0.1388888888888889
2801500,28023,5,36,0.1388888888888889
2801500,28075,25,36,0.6944444444444444
2801500,28101,6,36,0.16666666666666666
2801600,28001,10,56,0.17857142857142858
2801600,28005,4,56,0.07142857142857142
2801600,28021,3,56,0.05357142857142857
2801600,28037,3,56,0.05357142857142857
2801600,28063,4,56,0.07142857142857142
2801600,28077,3,56,0.05357142857142857
2801600,28085,10,56,0.17857142857142858
2801600,28113,11,56,0.19642857142857142
2801600,28147,5,56,0.08928571428571429
2801600,28157,3,56,0.05357142857142857
2801700,28031,5,40,0.125
2801700,28041,4,40,0.1
2801700,28065,4,40,0.1
2801700,28067,20,40,0.5
2801700,28153,7,40,0.175
2801800,28035,21,47,0.44680851063829785
2801800,28073,17,47,0.3617021276595745
2801800,28091,6,47,0.1276595744680851
2801800,28111,3,47,0.06382978723404255
2801900,28039,6,45,0.13333333333333333
2801900,28045,18,45,0.4
2801900,28109,16,45,0.35555555555555557
2801900,28131,5,45,0.1111111111111111
2802001,28047,41,41,1.0
2802002,28047,41,41,1.0
2802100,28059,43,43,1.0
2900100,29005,2,42,0.047619047619047616
2900100,29061,2,42,0.047619047619047616
2900100,29075,2,42,0.047619047619047616
2900100,29079,4,42,0.09523809523809523
2900100,29081,3,42,0.07142857142857142
2900100,29087,3,42,0.07142857142857142
2900100,29115,5,42,0.11904761904761904
2900100,29117,5,42,0.11904761904761904
2900100,29129,2,42,0.047619047619047616
2900100,29147,6,42,0.14285714285714285
2900100,29171,2,42,0.047619047619047616
2900100,29197,2,42,0.047619047619047616
2900100,29211,3,42,0.07142857142857142
2900100,29227,1,42,0.023809523809523808
2900200,29003,5,34,0.14705882352941177
2900200,29021,26,34,0.7647058823529411
2900200,29063,3,34,0.08823529411764706
2900300,29001,8,41,0.1951219512195122
2900300,29045,3,41,0.07317073170731707
2900300,29103,2,41,0.04878048780487805
2900300,29111,4,41,0.0975609756097561
2900300,29121,5,41,0.12195121951219512
2900300,29127,8,41,0.1951219512195122
2900300,29137,3,41,0.07317073170731707
2900300,29173,3,41,0.07317073170731707
2900300,29199,2,41,0.04878048780487805
2900300,29205,3,41,0.07317073170731707
2900400,29007,7,38,0.18421052631578946
2900400,29113,13,38,0.34210526315789475
2900400,29139,4,38,0.10526315789473684
2900400,29163,5,38,0.13157894736842105
2900400,29219,9,38,0.23684210526315788
2900501,29019,9,38,0.23684210526315788
2900501,29027,11,38,0.2894736842105263
2900501,29051,18,38,0.47368421052631576
2900601,29019,31,31,1.0
2900700,29033,3,39,0.07692307692307693
2900700,29041,3,39,0.07692307692307693
2900700,29053,5,39,0.1282051282051282
2900700,29089,3,39,0.07692307692307693
2900700,29159,11,39,0.28205128205128205
2900700,29175,6,39,0.15384615384615385
2900700,29195,8,39,0.20512820512820512
2900800,29025,3,36,0.08333333333333333
2900800,29049,5,36,0.1388888888888889
2900800,29101,14,36,0.3888888888888889
2900800,29107,8,36,0.2222222222222222
2900800,29177,6,36,0.16666666666666666
2900901,29047,26,26,1.0
2900902,29047,29,29,1.0
2901000,29165,27,27,1.0
2901101,29095,77,77,1.0
2901102,29095,36,36,1.0
2901103,29095,38,38,1.0
2901104,29095,30,30,1.0
2901105,29095,46,46,1.0
2901200,29013,4,28,0.14285714285714285
2901200,29037,24,28,0.8571428571428571
2901300,29011,3,34,0.08823529411764706
2901300,29039,4,34,0.11764705882352941
2901300,29057,2,34,0.058823529411764705
2901300,29083,6,34,0.17647058823529413
2901300,29109,10,34,0.29411764705882354
2901300,29185,3,34,0.08823529411764706
2901300,29217,6,34,0.17647058823529413
2901400,29015,8,33,0.24242424242424243
2901400,29059,4,33,0.12121212121212122
2901400,29085,4,33,0.12121212121212122
2901400,29105,9,33,0.2727272727272727
2901400,29167,8,33,0.24242424242424243
2901500,29029,19,40,0.475
2901500,29131,9,40,0.225
2901500,29135,4,40,0.1
2901500,29141,8,40,0.2
2901600,29073,5,37,0.13513513513513514
2901600,29125,3,37,0.08108108108108109
2901600,29151,4,37,0.10810810810810811
2901600,29161,12,37,0.32432432432432434
2901600,29169,13,37,0.35135135135135137
2901700,29055,8,36,0.2222222222222222
2901700,29071,28,36,0.7777777777777778
2901801,29183,24,24,1.0
2901802,29183,30,30,1.0
2901803,29183,31,31,1.0
2901901,29189,27,27,1.0
2901902,29189,28,28,1.0
2901903,29189,46,46,1.0
2901904,29189,21,21,1.0
2901905,29189,27,27,1.0
2901906,29189,24,24,1.0
2901907,29189,38,38,1.0
2901908,29189,25,25,1.0
2902001,29510,52,52,1.0
2902002,29510,52,52,1.0
2902101,29099,26,26,1.0
2902102,29099,23,23,1.0
2902200,29157,5,35,0.14285714285714285
2902200,29186,5,35,0.14285714285714285
2902200,29187,19,35,0.5428571428571428
2902200,29221,6,35,0.17142857142857143
2902300,29031,19,30,0.6333333333333333
2902300,29201,11,30,0.36666666666666664
2902400,29017,3,37,0.08108108108108109
2902400,29069,10,37,0.2702702702702703
2902400,29133,4,37,0.10810810810810811
2902400,29143,6,37,0.16216216216216217
2902400,29155,6,37,0.16216216216216217
2902400,29207,8,37,0.21621621621621623
2902500,29023,12,38,0.3157894736842105
2902500,29035,2,38,0.05263157894736842
2902500,29065,4,38,0.10526315789473684
2902500,29093,4,38,0.10526315789473684
2902500,29123,4,38,0.10526315789473684
2902500,29179,2,38,0.05263157894736842
2902500,29181,4,38,0.10526315789473684
2902500,29203,2,38,0.05263157894736842
2902500,29223,4,38,0.10526315789473684
2902600,29067,3,31,0.0967741935483871
2902600,29091,10,31,0.3225806451612903
2902600,29149,3,31,0.0967741935483871
2902600,29153,3,31,0.0967741935483871
2902600,29215,8,31,0.25806451612903225
2902600,29229,4,31,0.12903225806451613
2902701,29043,19,36,0.5277777777777778
2902701,29077,9,36,0.25
2902701,29225,8,36,0.2222222222222222
2902702,29077,36,36,1.0
2902703,29077,33,33,1.0
2902800,29009,10,46,0.21739130434782608
2902800,29119,6,46,0.13043478260869565
2902800,29209,12,46,0.2608695652173913
2902800,29213,18,46,0.391304347826087
2902900,29097,29,42,0.6904761904761905
2902900,29145,13,42,0.30952380952380953
3000100,30029,32,42,0.7619047619047619
3000100,30035,4,42,0.09523809523809523
3000100,30053,6,42,0.14285714285714285
3000200,30047,10,45,0.2222222222222222
3000200,30061,2,45,0.044444444444444446
3000200,30063,29,45,0.6444444444444445
3000200,30089,4,45,0.08888888888888889
3000300,30001,3,36,0.08333333333333333
3000300,30023,3,36,0.08333333333333333
3000300,30039,2,36,0.05555555555555555
3000300,30057,4,36,0.1111111111111111
3000300,30077,2,36,0.05555555555555555
3000300,30081,13,36,0.3611111111111111
3000300,30093,9,36,0.25
3000400,30031,26,26,1.0
3000500,30013,25,42,0.5952380952380952
3000500,30049,17,42,0.40476190476190477
3000600,30005,4,50,0.08
3000600,30007,2,50,0.04
3000600,30009,5,50,0.1
3000600,30015,2,50,0.04
3000600,30027,3,50,0.06
3000600,30037,1,50,0.02
3000600,30041,6,50,0.12
3000600,30043,3,50,0.06
3000600,30045,1,50,0.02
3000600,30051,1,50,0.02
3000600,30059,1,50,0.02
3000600,30067,6,50,0.12
3000600,30069,1,50,0.02
3000600,30071,1,50,0.02
3000600,30073,2,50,0.04
3000600,30095,3,50,0.06
3000600,30097,1,50,0.02
3000600,30099,3,50,0.06
3000600,30101,3,50,0.06
3000600,30107,1,50,0.02
3000700,30003,5,52,0.09615384615384616
3000700,30011,1,52,0.019230769230769232
3000700,30017,6,52,0.11538461538461539
3000700,30019,1,52,0.019230769230769232
3000700,30021,3,52,0.057692307692307696
3000700,30025,1,52,0.019230769230769232
3000700,30033,1,52,0.019230769230769232
3000700,30055,1,52,0.019230769230769232
3000700,30065,2,52,0.038461538461538464
3000700,30075,1,52,0.019230769230769232
3000700,30079,1,52,0.019230769230769232
3000700,30083,5,52,0.09615384615384616
3000700,30085,3,52,0.057692307692307696
3000700,30087,4,52,0.07692307692307693
3000700,30091,2,52,0.038461538461538464
3000700,30103,1,52,0.019230769230769232
3000700,30105,3,52,0.057692307692307696
3000700,30109,1,52,0.019230769230769232
3000700,30111,10,52,0.19230769230769232
3000800,30111,26,26,1.0
3100100,31007,1,37,0.02702702702702703
3100100,31013,3,37,0.08108108108108109
3100100,31015,1,37,0.02702702702702703
3100100,31017,1,37,0.02702702702702703
3100100,31031,2,37,0.05405405405405406
3100100,31033,3,37,0.08108108108108109
3100100,31045,2,37,0.05405405405405406
3100100,31049,1,37,0.02702702702702703
3100100,31069,1,37,0.02702702702702703
3100100,31089,4,37,0.10810810810810811
3100100,31103,1,37,0.02702702702702703
3100100,31105,1,37,0.02702702702702703
3100100,31123,1,37,0.02702702702702703
3100100,31149,1,37,0.02702702702702703
3100100,31157,11,37,0.2972972972972973
3100100,31161,2,37,0.05405405405405406
3100100,31165,1,37,0.02702702702702703
3100200,31003,3,52,0.057692307692307696
3100200,31011,2,52,0.038461538461538464
3100200,31021,3,52,0.057692307692307696
3100200,31027,2,52,0.038461538461538464
3100200,31037,3,52,0.057692307692307696
3100200,31039,3,52,0.057692307692307696
3100200,31043,5,52,0.09615384615384616
3100200,31051,2,52,0.038461538461538464
3100200,31107,3,52,0.057692307692307696
3100200,31119,9,52,0.17307692307692307
3100200,31125,1,52,0.019230769230769232
3100200,31139,2,52,0.038461538461538464
3100200,31141,8,52,0.15384615384615385
3100200,31167,2,52,0.038461538461538464
3100200,31173,2,52,0.038461538461538464
3100200,31179,2,52,0.038461538461538464
3100300,31009,1,34,0.029411764705882353
3100300,31041,4,34,0.11764705882352941
3100300,31071,1,34,0.029411764705882353
3100300,31077,1,34,0.029411764705882353
3100300,31079,14,34,0.4117647058823529
3100300,31081,3,34,0.08823529411764706
3100300,31093,2,34,0.058823529411764705
3100300,31115,1,34,0.029411764705882353
3100300,31121,3,34,0.08823529411764706
3100300,31163,1,34,0.029411764705882353
3100300,31175,2,34,0.058823529411764705
3100300,31183,1,34,0.029411764705882353
3100400,31005,1,35,0.02857142857142857
3100400,31029,1,35,0.02857142857142857
3100400,31047,7,35,0.2
3100400,31057,1,35,0.02857142857142857
3100400,31063,1,35,0.02857142857142857
3100400,31065,1,35,0.02857142857142857
3100400,31073,1,35,0.02857142857142857
3100400,31075,1,35,0.02857142857142857
3100400,31085,1,35,0.02857142857142857
3100400,31087,1,35,0.02857142857142857
3100400,31091,1,35,0.02857142857142857
3100400,31101,3,35,0.08571428571428572
3100400,31111,8,35,0.22857142857142856
3100400,31113,1,35,0.02857142857142857
3100400,31117,1,35,0.02857142857142857
3100400,31135,1,35,0.02857142857142857
3100400,31145,3,35,0.08571428571428572
3100400,31171,1,35,0.02857142857142857
3100500,31001,9,34,0.2647058823529412
3100500,31019,11,34,0.3235294117647059
3100500,31035,2,34,0.058823529411764705
3100500,31061,2,34,0.058823529411764705
3100500,31083,1,34,0.029411764705882353
3100500,31099,2,34,0.058823529411764705
3100500,31129,2,34,0.058823529411764705
3100500,31137,3,34,0.08823529411764706
3100500,31181,2,34,0.058823529411764705
3100600,31023,3,45,0.06666666666666667
3100600,31059,2,45,0.044444444444444446
3100600,31067,7,45,0.15555555555555556
3100600,31095,3,45,0.06666666666666667
3100600,31097,2,45,0.044444444444444446
3100600,31127,2,45,0.044444444444444446
3100600,31131,5,45,0.1111111111111111
3100600,31133,1,45,0.022222222222222223
3100600,31143,2,45,0.044444444444444446
3100600,31147,3,45,0.06666666666666667
3100600,31151,5,45,0.1111111111111111
3100600,31159,4,45,0.08888888888888889
3100600,31169,2,45,0.044444444444444446
3100600,31185,4,45,0.08888888888888889
3100701,31025,6,25,0.24
3100701,31053,9,25,0.36
3100701,31155,5,25,0.2
3100701,31177,5,25,0.2
3100702,31153,47,47,1.0
3100801,31109,44,44,1.0
3100802,31109,37,37,1.0
3100901,31055,52,52,1.0
3100902,31055,41,41,1.0
3100903,31055,35,35,1.0
3100904,31055,35,35,1.0
3200101,32031,39,39,1.0
3200102,32031,60,60,1.0
3200103,32031,40,40,1.0
3200200,32001,7,54,0.12962962962962962
3200200,32007,15,54,0.2777777777777778
3200200,32009,1,54,0.018518518518518517
3200200,32011,1,54,0.018518518518518517
3200200,32013,5,54,0.09259259259259259
3200200,32015,2,54,0.037037037037037035
3200200,32017,2,54,0.037037037037037035
3200200,32021,2,54,0.037037037037037035
3200200,32023,15,54,0.2777777777777778
3200200,32027,1,54,0.018518518518518517
3200200,32033,3,54,0.05555555555555555
3200300,32005,17,51,0.3333333333333333
3200300,32019,18,51,0.35294117647058826
3200300,32029,1,51,0.0196078431372549
3200300,32510,15,51,0.29411764705882354
3200401,32003,32,32,1.0
3200402,32003,39,39,1.0
3200403,32003,50,50,1.0
3200404,32003,34,34,1.0
3200405,32003,40,40,1.0
3200406,32003,32,32,1.0
3200407,32003,36,36,1.0
3200408,32003,39,39,1.0
3200409,32003,46,46,1.0
3200410,32003,27,27,1.0
3200411,32003,26,26,1.0
3200412,32003,36,36,1.0
3200413,32003,29,29,1.0
3200414,32003,29,29,1.0
3200415,32003,40,40,1.0
3300100,33007,11,50,0.22
3300100,33009,28,50,0.56
3300100,33019,11,50,0.22
3300201,33001,18,42,0.42857142857142855
3300201,33003,19,42,0.4523809523809524
3300201,33013,5,42,0.11904761904761904
3300301,33015,5,35,0.14285714285714285
3300301,33017,30,35,0.8571428571428571
3300401,33013,31,31,1.0
3300501,33005,18,29,0.6206896551724138
3300501,33011,11,29,0.3793103448275862
3300601,33011,30,30,1.0
3300602,33011,25,25,1.0
3300603,33011,27,27,1.0
3300701,33011,10,32,0.3125
3300701,33013,3,32,0.09375
3300701,33015,19,32,0.59375
3300801,33015,49,49,1.0
3400101,34001,46,46,1.0
3400102,34001,24,24,1.0
3400301,34003,25,25,1.0
3400302,34003,25,25,1.0
3400303,34003,31,31,1.0
3400304,34003,27,27,1.0
3400305,34003,26,26,1.0
3400306,34003,23,23,1.0
3400307,34003,25,25,1.0
3400308,34003,21,21,1.0
3400501,34031,31,31,1.0
3400502,34031,27,27,1.0
3400503,34031,40,40,1.0
3400504,34031,22,22,1.0
3400601,34017,45,45,1.0
3400602,34017,32,32,1.0
3400603,34017,38,38,1.0
3400604,34017,33,33,1.0
3400605,34017,35,35,1.0
3400800,34019,30,30,1.0
3400901,34023,31,31,1.0
3400902,34023,24,24,1.0
3400903,34023,28,28,1.0
3400904,34023,27,27,1.0
3400905,34023,26,26,1.0
3400906,34023,31,31,1.0
3400907,34023,25,25,1.0
3401001,34035,25,25,1.0
3401002,34035,22,22,1.0
3401003,34035,27,27,1.0
3401101,34025,32,32,1.0
3401102,34025,24,24,1.0
3401103,34025,30,30,1.0
3401104,34025,26,26,1.0
3401105,34025,21,21,1.0
3401106,34025,22,22,1.0
3401201,34029,32,32,1.0
3401202,34029,45,45,1.0
3401203,34029,20,20,1.0
3401204,34029,23,23,1.0
3401205,34029,25,25,1.0
3401401,34013,26,26,1.0
3401402,34013,25,25,1.0
3401403,34013,26,26,1.0
3401404,34013,19,19,1.0
3401405,34013,27,27,1.0
3401406,34013,38,38,1.0
3401407,34013,50,50,1.0
3401501,34027,26,26,1.0
3401502,34027,29,29,1.0
3401503,34027,25,25,1.0
3401504,34027,30,30,1.0
3401600,34037,42,42,1.0
3401700,34041,23,23,1.0
3401901,34039,22,22,1.0
3401902,34039,19,19,1.0
3401903,34039,23,23,1.0
3401904,34039,25,25,1.0
3401905,34039,31,31,1.0
3402001,34005,45,45,1.0
3402002,34005,38,38,1.0
3402003,34005,34,34,1.0
3402101,34007,34,34,1.0
3402102,34007,29,29,1.0
3402103,34007,39,39,1.0
3402104,34007,27,27,1.0
3402201,34015,31,31,1.0
3402202,34015,38,38,1.0
3402301,34021,34,34,1.0
3402302,34021,24,24,1.0
3402303,34021,26,26,1.0
3402401,34011,30,30,1.0
3402501,34011,12,37,0.32432432432432434
3402501,34033,25,37,0.6756756756756757
3402601,34001,4,37,0.10810810810810811
3402601,34009,33,37,0.8918918918918919
3500100,35006,9,48,0.1875
3500100,35031,33,48,0.6875
3500100,35045,6,48,0.125
3500200,35045,30,30,1.0
3500300,35028,4,37,0.10810810810810811
3500300,35033,2,37,0.05405405405405406
3500300,35039,11,37,0.2972972972972973
3500300,35047,10,37,0.2702702702702703
3500300,35055,10,37,0.2702702702702703
3500400,35005,17,46,0.3695652173913043
3500400,35007,3,46,0.06521739130434782
3500400,35009,14,46,0.30434782608695654
3500400,35011,1,46,0.021739130434782608
3500400,35019,1,46,0.021739130434782608
3500400,35021,1,46,0.021739130434782608
3500400,35037,3,46,0.06521739130434782
3500400,35041,5,46,0.10869565217391304
3500400,35059,1,46,0.021739130434782608
3500500,35043,1,55,0.01818181818181818
3500500,35049,54,55,0.9818181818181818
3500600,35043,34,34,1.0
3500701,35001,31,31,1.0
3500702,35001,27,27,1.0
3500703,35001,25,25,1.0
3500704,35001,32,32,1.0
3500705,35001,29,29,1.0
3500706,35001,25,25,1.0
3500800,35001,7,40,0.175
3500800,35049,3,40,0.075
3500800,35057,5,40,0.125
3500800,35061,25,40,0.625
3500900,35003,2,61,0.03278688524590164
3500900,35017,10,61,0.16393442622950818
3500900,35023,2,61,0.03278688524590164
3500900,35027,9,61,0.14754098360655737
3500900,35029,7,61,0.11475409836065574
3500900,35035,21,61,0.3442622950819672
3500900,35051,4,61,0.06557377049180328
3500900,35053,6,61,0.09836065573770492
3501001,35013,31,31,1.0
3501002,35013,30,30,1.0
3501100,35015,13,31,0.41935483870967744
3501100,35025,18,31,0.5806451612903226
3600100,36089,30,30,1.0
3600200,36019,22,59,0.3728813559322034
3600200,36031,18,59,0.3050847457627119
3600200,36033,15,59,0.2542372881355932
3600200,36041,4,59,0.06779661016949153
3600300,36113,23,44,0.5227272727272727
3600300,36115,21,44,0.4772727272727273
3600401,36043,19,34,0.5588235294117647
3600401,36065,15,34,0.4411764705882353
3600402,36065,55,55,1.0
3600403,36043,1,36,0.027777777777777776
3600403,36065,5,36,0.1388888888888889
3600403,36077,22,36,0.6111111111111112
3600403,36095,8,36,0.2222222222222222
3600500,36045,36,45,0.8
3600500,36049,9,45,0.2
3600600,36075,45,45,1.0
3600701,36067,55,55,1.0
3600702,36067,29,29,1.0
3600703,36067,46,46,1.0
3600704,36011,25,37,0.6756756756756757
3600704,36067,12,37,0.32432432432432434
3600800,36099,11,45,0.24444444444444444
3600800,36117,26,45,0.5777777777777777
3600800,36123,8,45,0.17777777777777778
3600901,36055,35,35,1.0
3600902,36055,44,44,1.0
3600903,36055,38,38,1.0
3600904,36055,30,30,1.0
3600905,36055,24,24,1.0
3600906,36055,40,40,1.0
3601000,36037,18,44,0.4090909090909091
3601000,36073,14,44,0.3181818181818182
3601000,36121,12,44,0.2727272727272727
3601101,36063,37,37,1.0
3601102,36063,29,29,1.0
3601201,36029,26,26,1.0
3601202,36029,28,28,1.0
3601203,36029,26,26,1.0
3601204,36029,46,46,1.0
3601205,36029,54,54,1.0
3601206,36029,37,37,1.0
3601207,36029,44,44,1.0
3601300,36051,18,58,0.3103448275862069
3601300,36069,40,58,0.6896551724137931
3601500,36023,13,32,0.40625
3601500,36053,19,32,0.59375
3601600,36035,17,33,0.5151515151515151
3601600,36057,16,33,0.48484848484848486
3601700,36093,45,45,1.0
3601801,36091,30,30,1.0
3601802,36091,35,35,1.0
3601900,36083,48,48,1.0
3602001,36001,31,31,1.0
3602002,36001,54,54,1.0
3602100,36021,21,39,0.5384615384615384
3602100,36039,18,39,0.46153846153846156
3602201,36007,37,37,1.0
3602204,36007,20,54,0.37037037037037035
3602204,36017,16,54,0.2962962962962963
3602204,36025,18,54,0.3333333333333333
3602300,36109,26,26,1.0
3602403,36015,22,37,0.5945945945945946
3602403,36101,8,37,0.21621621621621623
3602403,36107,7,37,0.1891891891891892
3602404,36015,3,35,0.08571428571428572
3602404,36097,5,35,0.14285714285714285
3602404,36101,23,35,0.6571428571428571
3602404,36107,4,35,0.11428571428571428
3602500,36003,16,40,0.4
3602500,36009,24,40,0.6
3602600,36013,37,37,1.0
3602701,36105,31,43,0.7209302325581395
3602701,36111,12,43,0.27906976744186046
3602702,36111,38,38,1.0
3602803,36027,34,34,1.0
3602804,36027,39,39,1.0
3602805,36027,9,33,0.2727272727272727
3602805,36079,24,33,0.7272727272727273
3602901,36071,31,31,1.0
3602902,36071,30,30,1.0
3602903,36071,31,31,1.0
3603001,36087,22,22,1.0
3603002,36087,25,25,1.0
3603003,36087,33,33,1.0
3603102,36119,37,37,1.0
3603103,36119,31,31,1.0
3603110,36119,33,33,1.0
3603111,36119,25,25,1.0
3603112,36119,58,58,1.0
3603113,36119,32,32,1.0
3603114,36119,25,25,1.0
3603201,36059,26,26,1.0
3603202,36059,29,29,1.0
3603203,36059,21,21,1.0
3603204,36059,26,26,1.0
3603205,36059,23,23,1.0
3603206,36059,29,29,1.0
3603207,36059,22,22,1.0
3603208,36059,26,26,1.0
3603209,36059,20,20,1.0
3603210,36059,22,22,1.0
3603211,36059,21,21,1.0
3603212,36059,21,21,1.0
3603301,36103,28,28,1.0
3603302,36103,27,27,1.0
3603303,36103,27,27,1.0
3603304,36103,31,31,1.0
3603305,36103,52,52,1.0
3603306,36103,33,33,1.0
3603307,36103,29,29,1.0
3603308,36103,26,26,1.0
3603309,36103,26,26,1.0
3603310,36103,27,27,1.0
3603311,36103,28,28,1.0
3603312,36103,23,23,1.0
3603313,36103,28,28,1.0
3604103,36061,31,31,1.0
3604104,36061,23,23,1.0
3604107,36061,30,30,1.0
3604108,36061,42,42,1.0
3604109,36061,20,20,1.0
3604110,36061,25,25,1.0
3604111,36061,24,24,1.0
3604112,36061,32,32,1.0
3604121,36061,35,35,1.0
3604165,36061,48,48,1.0
3604204,36005,33,33,1.0
3604205,36005,30,30,1.0
3604207,36005,27,27,1.0
3604208,36005,26,26,1.0
3604209,36005,38,38,1.0
3604210,36005,36,36,1.0
3604211,36005,39,39,1.0
3604212,36005,49,49,1.0
3604221,36005,40,40,1.0
3604263,36005,43,43,1.0
3604301,36047,54,54,1.0
3604302,36047,36,36,1.0
3604303,36047,44,44,1.0
3604304,36047,30,30,1.0
3604305,36047,58,58,1.0
3604306,36047,38,38,1.0
3604307,36047,41,41,1.0
3604308,36047,29,29,1.0
3604309,36047,27,27,1.0
3604310,36047,47,47,1.0
3604311,36047,55,55,1.0
3604312,36047,57,57,1.0
3604313,36047,29,29,1.0
3604314,36047,45,45,1.0
3604315,36047,53,53,1.0
3604316,36047,25,25,1.0
3604317,36047,50,50,1.0
3604318,36047,87,87,1.0
3604401,36081,64,64,1.0
3604402,36081,43,43,1.0
3604403,36081,40,40,1.0
3604404,36081,41,41,1.0
3604405,36081,70,70,1.0
3604406,36081,32,32,1.0
3604407,36081,69,69,1.0
3604408,36081,42,42,1.0
3604409,36081,55,55,1.0
3604410,36081,37,37,1.0
3604411,36081,38,38,1.0
3604412,36081,88,88,1.0
3604413,36081,72,72,1.0
3604414,36081,34,34,1.0
3604501,36085,53,53,1.0
3604502,36085,37,37,1.0
3604503,36085,36,36,1.0
3700100,37009,9,36,0.25
3700100,37011,5,36,0.1388888888888889
3700100,37121,4,36,0.1111111111111111
3700100,37189,13,36,0.3611111111111111
3700100,37199,5,36,0.1388888888888889
3700200,37005,3,44,0.06818181818181818
3700200,37171,23,44,0.5227272727272727
3700200,37193,18,44,0.4090909090909091
3700300,37157,22,35,0.6285714285714286
3700300,37169,13,35,0.37142857142857144
3700400,37033,6,28,0.21428571428571427
3700400,37077,15,28,0.5357142857142857
3700400,37145,7,28,0.25
3700500,37069,16,28,0.5714285714285714
3700500,37181,12,28,0.42857142857142855
3700600,37083,16,41,0.3902439024390244
3700600,37091,8,41,0.1951219512195122
3700600,37131,10,41,0.24390243902439024
3700600,37185,7,41,0.17073170731707318
3700700,37029,2,33,0.06060606060606061
3700700,37041,4,33,0.12121212121212122
3700700,37053,10,33,0.30303030303030304
3700700,37073,3,33,0.09090909090909091
3700700,37139,10,33,0.30303030303030304
3700700,37143,4,33,0.12121212121212122
3700800,37013,13,52,0.25
3700800,37015,5,52,0.09615384615384616
3700800,37055,12,52,0.23076923076923078
3700800,37095,4,52,0.07692307692307693
3700800,37117,6,52,0.11538461538461539
3700800,37137,7,52,0.1346153846153846
3700800,37177,1,52,0.019230769230769232
3700800,37187,4,52,0.07692307692307693
3700900,37065,14,39,0.358974358974359
3700900,37127,25,39,0.6410256410256411
3701001,37079,5,43,0.11627906976744186
3701001,37101,13,43,0.3023255813953488
3701001,37195,25,43,0.5813953488372093
3701101,37101,40,40,1.0
3701201,37183,36,36,1.0
3701202,37183,32,32,1.0
3701203,37183,25,25,1.0
3701204,37183,23,23,1.0
3701205,37183,25,25,1.0
3701206,37183,32,32,1.0
3701207,37183,31,31,1.0
3701208,37183,26,26,1.0
3701301,37063,38,38,1.0
3701302,37063,30,30,1.0
3701400,37135,42,42,1.0
3701500,37037,19,35,0.5428571428571428
3701500,37105,16,35,0.45714285714285713
3701600,37001,37,37,1.0
3701701,37081,36,36,1.0
3701702,37081,31,31,1.0
3701703,37081,24,24,1.0
3701704,37081,35,35,1.0
3701801,37067,30,30,1.0
3701802,37067,31,31,1.0
3701803,37067,34,34,1.0
3701900,37059,10,26,0.38461538461538464
3701900,37097,7,26,0.2692307692307692
3701900,37197,9,26,0.34615384615384615
3702000,37003,7,26,0.2692307692307692
3702000,37027,19,26,0.7307692307692307
3702100,37023,21,33,0.6363636363636364
3702100,37111,12,33,0.36363636363636365
3702201,37021,33,33,1.0
3702202,37021,32,32,1.0
3702300,37075,3,36,0.08333333333333333
3702300,37087,21,36,0.5833333333333334
3702300,37115,7,36,0.19444444444444445
3702300,37173,5,36,0.1388888888888889
3702400,37039,12,35,0.34285714285714286
3702400,37043,4,35,0.11428571428571428
3702400,37099,9,35,0.2571428571428571
3702400,37113,10,35,0.2857142857142857
3702500,37089,30,42,0.7142857142857143
3702500,37175,12,42,0.2857142857142857
3702600,37045,13,43,0.3023255813953488
3702600,37149,8,43,0.18604651162790697
3702600,37161,22,43,0.5116279069767442
3702700,37045,11,29,0.3793103448275862
3702700,37109,18,29,0.6206896551724138
3702800,37035,34,34,1.0
3702900,37097,39,39,1.0
3703001,37071,44,44,1.0
3703002,37071,41,41,1.0
3703101,37119,43,43,1.0
3703102,37119,35,35,1.0
3703103,37119,30,30,1.0
3703104,37119,43,43,1.0
3703105,37119,36,36,1.0
3703106,37119,46,46,1.0
3703107,37119,34,34,1.0
3703108,37119,38,38,1.0
3703200,37025,36,36,1.0
3703300,37025,11,28,0.39285714285714285
3703300,37167,17,28,0.6071428571428571
3703400,37159,31,31,1.0
3703500,37057,42,42,1.0
3703600,37151,34,34,1.0
3703700,37123,10,39,0.2564102564102564
3703700,37125,29,39,0.7435897435897436
3703800,37085,28,28,1.0
3703900,37061,21,41,0.5121951219512195
3703900,37163,20,41,0.4878048780487805
3704000,37191,30,30,1.0
3704101,37103,3,30,0.1
3704101,37107,17,30,0.5666666666666667
3704101,37133,10,30,0.3333333333333333
3704200,37147,42,42,1.0
3704300,37031,33,59,0.559322033898305
3704300,37049,26,59,0.4406779661016949
3704501,37133,36,36,1.0
3704601,37129,11,27,0.4074074074074074
3704601,37141,16,27,0.5925925925925926
3704701,37129,44,44,1.0
3704800,37019,44,44,1.0
3704900,37017,11,61,0.18032786885245902
3704900,37047,15,61,0.2459016393442623
3704900,37155,35,61,0.5737704918032787
3705001,37051,29,29,1.0
3705002,37051,28,28,1.0
3705003,37051,24,24,1.0
3705200,37093,12,32,0.375
3705200,37153,11,32,0.34375
3705200,37165,9,32,0.28125
3705301,37007,9,29,0.3103448275862069
3705301,37179,20,29,0.6896551724137931
3705401,37179,28,28,1.0
3800100,38001,1,35,0.02857142857142857
3800100,38007,1,35,0.02857142857142857
3800100,38011,2,35,0.05714285714285714
3800100,38023,1,35,0.02857142857142857
3800100,38025,1,35,0.02857142857142857
3800100,38033,1,35,0.02857142857142857
3800100,38037,1,35,0.02857142857142857
3800100,38041,2,35,0.05714285714285714
3800100,38053,5,35,0.14285714285714285
3800100,38085,2,35,0.05714285714285714
3800100,38087,1,35,0.02857142857142857
3800100,38089,9,35,0.2571428571428571
3800100,38105,8,35,0.22857142857142856
3800200,38009,3,34,0.08823529411764706
3800200,38013,1,34,0.029411764705882353
3800200,38049,2,34,0.058823529411764705
3800200,38055,3,34,0.08823529411764706
3800200,38057,3,34,0.08823529411764706
3800200,38061,3,34,0.08823529411764706
3800200,38065,1,34,0.029411764705882353
3800200,38075,1,34,0.029411764705882353
3800200,38083,1,34,0.029411764705882353
3800200,38101,16,34,0.47058823529411764
3800300,38015,19,26,0.7307692307692307
3800300,38059,7,26,0.2692307692307692
3800400,38003,4,46,0.08695652173913043
3800400,38005,3,46,0.06521739130434782
3800400,38021,3,46,0.06521739130434782
3800400,38027,1,46,0.021739130434782608
3800400,38029,1,46,0.021739130434782608
3800400,38031,1,46,0.021739130434782608
3800400,38039,1,46,0.021739130434782608
3800400,38043,1,46,0.021739130434782608
3800400,38045,2,46,0.043478260869565216
3800400,38047,1,46,0.021739130434782608
3800400,38051,1,46,0.021739130434782608
3800400,38069,2,46,0.043478260869565216
3800400,38073,3,46,0.06521739130434782
3800400,38077,6,46,0.13043478260869565
3800400,38079,4,46,0.08695652173913043
3800400,38081,2,46,0.043478260869565216
3800400,38093,7,46,0.15217391304347827
3800400,38095,1,46,0.021739130434782608
3800400,38103,2,46,0.043478260869565216
3800500,38019,2,43,0.046511627906976744
3800500,38035,22,43,0.5116279069767442
3800500,38063,1,43,0.023255813953488372
3800500,38067,4,43,0.09302325581395349
3800500,38071,3,43,0.06976744186046512
3800500,38091,1,43,0.023255813953488372
3800500,38097,4,43,0.09302325581395349
3800500,38099,6,43,0.13953488372093023
3800600,38017,44,44,1.0
3900100,39039,9,41,0.21951219512195122
3900100,39107,9,41,0.21951219512195122
3900100,39125,5,41,0.12195121951219512
3900100,39161,9,41,0.21951219512195122
3900100,39171,9,41,0.21951219512195122
3900200,39051,10,25,0.4
3900200,39069,7,25,0.28
3900200,39137,8,25,0.32
3900301,39095,44,44,1.0
3900302,39095,61,61,1.0
3900303,39095,57,57,1.0
3900401,39095,7,37,0.1891891891891892
3900401,39123,15,37,0.40540540540540543
3900401,39143,15,37,0.40540540540540543
3900500,39043,20,33,0.6060606060606061
3900500,39077,13,33,0.3939393939393939
3900601,39093,40,40,1.0
3900602,39093,40,40,1.0
3900701,39035,27,27,1.0
3900702,39035,45,45,1.0
3900703,39035,39,39,1.0
3900704,39035,35,35,1.0
3900705,39035,28,28,1.0
3900706,39035,33,33,1.0
3900707,39035,46,46,1.0
3900708,39035,76,76,1.0
3900709,39035,56,56,1.0
3900710,39035,43,43,1.0
3900801,39085,28,28,1.0
3900802,39085,32,32,1.0
3900900,39007,29,50,0.58
3900900,39055,21,50,0.42
3901001,39099,11,34,0.3235294117647059
3901001,39155,23,34,0.6764705882352942
3901002,39155,31,31,1.0
3901003,39099,64,64,1.0
3901100,39133,38,38,1.0
3901201,39153,23,23,1.0
3901202,39153,26,26,1.0
3901203,39153,61,61,1.0
3901204,39153,28,28,1.0
3901300,39103,42,42,1.0
3901400,39169,32,32,1.0
3901500,39005,12,32,0.375
3901500,39031,10,32,0.3125
3901500,39075,10,32,0.3125
3901600,39139,30,30,1.0
3901700,39033,13,33,0.3939393939393939
3901700,39147,14,33,0.42424242424242425
3901700,39175,6,33,0.18181818181818182
3901800,39173,31,31,1.0
3901900,39063,15,23,0.6521739130434783
3901900,39065,8,23,0.34782608695652173
3902000,39003,35,35,1.0
3902100,39011,11,32,0.34375
3902100,39021,10,32,0.3125
3902100,39091,11,32,0.34375
3902200,39037,14,36,0.3888888888888889
3902200,39135,12,36,0.3333333333333333
3902200,39149,10,36,0.2777777777777778
3902300,39109,23,23,1.0
3902400,39023,45,45,1.0
3902500,39097,12,41,0.2926829268292683
3902500,39129,16,41,0.3902439024390244
3902500,39159,13,41,0.3170731707317073
3902600,39083,14,41,0.34146341463414637
3902600,39101,18,41,0.43902439024390244
3902600,39117,9,41,0.21951219512195122
3902701,39151,33,33,1.0
3902702,39151,34,34,1.0
3902703,39019,7,30,0.23333333333333334
3902703,39151,23,30,0.7666666666666667
3902800,39029,25,47,0.5319148936170213
3902800,39081,22,47,0.46808510638297873
3902900,39067,5,29,0.1724137931034483
3902900,39157,24,29,0.8275862068965517
3903000,39013,22,40,0.55
3903000,39059,10,40,0.25
3903000,39111,4,40,0.1
3903000,39121,4,40,0.1
3903100,39115,4,34,0.11764705882352941
3903100,39119,21,34,0.6176470588235294
3903100,39127,9,34,0.2647058823529412
3903200,39089,46,46,1.0
3903301,39041,21,21,1.0
3903302,39041,19,19,1.0
3903401,39049,23,23,1.0
3903402,39049,24,24,1.0
3903403,39049,31,31,1.0
3903404,39049,22,22,1.0
3903405,39049,30,30,1.0
3903406,39049,29,29,1.0
3903407,39049,36,36,1.0
3903408,39049,38,38,1.0
3903409,39049,45,45,1.0
3903410,39049,27,27,1.0
3903411,39049,23,23,1.0
3903500,39045,36,36,1.0
3903600,39057,42,42,1.0
3903701,39113,32,32,1.0
3903702,39113,25,25,1.0
3903703,39113,60,60,1.0
3903704,39113,39,39,1.0
3903801,39017,34,34,1.0
3903802,39017,29,29,1.0
3903803,39017,23,23,1.0
3903901,39165,23,23,1.0
3903902,39165,21,21,1.0
3904000,39027,10,28,0.35714285714285715
3904000,39047,7,28,0.25
3904000,39071,11,28,0.39285714285714285
3904100,39073,7,27,0.25925925925925924
3904100,39141,17,27,0.6296296296296297
3904100,39163,3,27,0.1111111111111111
3904200,39009,15,39,0.38461538461538464
3904200,39105,6,39,0.15384615384615385
3904200,39167,18,39,0.46153846153846156
3904300,39053,8,33,0.24242424242424243
3904300,39079,7,33,0.21212121212121213
3904300,39087,18,33,0.5454545454545454
3904400,39001,7,35,0.2
3904400,39131,7,35,0.2
3904400,39145,21,35,0.6
3904501,39015,10,27,0.37037037037037035
3904501,39025,17,27,0.6296296296296297
3904602,39025,31,31,1.0
3904701,39061,22,22,1.0
3904702,39061,25,25,1.0
3904703,39061,36,36,1.0
3904704,39061,25,25,1.0
3904705,39061,35,35,1.0
3904706,39061,52,52,1.0
3904707,39061,31,31,1.0
4020100,40003,3,43,0.06976744186046512
4020100,40007,3,43,0.06976744186046512
4020100,40011,5,43,0.11627906976744186
4020100,40025,2,43,0.046511627906976744
4020100,40043,3,43,0.06976744186046512
4020100,40045,2,43,0.046511627906976744
4020100,40059,2,43,0.046511627906976744
4020100,40073,4,43,0.09302325581395349
4020100,40093,3,43,0.06976744186046512
4020100,40129,1,43,0.023255813953488372
4020100,40139,6,43,0.13953488372093023
4020100,40151,4,43,0.09302325581395349
4020100,40153,5,43,0.11627906976744186
4020200,40047,17,34,0.5
4020200,40053,2,34,0.058823529411764705
4020200,40071,11,34,0.3235294117647059
4020200,40103,4,34,0.11764705882352941
4020300,40113,13,32,0.40625
4020300,40117,5,32,0.15625
4020300,40147,14,32,0.4375
4020400,40105,4,32,0.125
4020400,40131,28,32,0.875
4020500,40035,5,37,0.13513513513513514
4020500,40041,13,37,0.35135135135135137
4020500,40097,10,37,0.2702702702702703
4020500,40115,9,37,0.24324324324324326
4020600,40001,5,30,0.16666666666666666
4020600,40021,13,30,0.43333333333333335
4020600,40135,12,30,0.4
4020700,40101,20,45,0.4444444444444444
4020700,40145,25,45,0.5555555555555556
4020801,40143,37,37,1.0
4020802,40143,41,41,1.0
4020803,40143,45,45,1.0
4020804,40143,46,46,1.0
4020805,40143,39,39,1.0
4020900,40037,23,34,0.6764705882352942
4020900,40111,11,34,0.3235294117647059
4021000,40063,5,40,0.125
4021000,40091,8,40,0.2
4021000,40107,4,40,0.1
4021000,40121,14,40,0.35
4021000,40133,9,40,0.225
4021100,40083,13,36,0.3611111111111111
4021100,40119,23,36,0.6388888888888888
4021200,40081,8,28,0.2857142857142857
4021200,40125,20,28,0.7142857142857143
4021301,40027,32,32,1.0
4021302,40027,39,39,1.0
4021401,40109,53,53,1.0
4021402,40109,46,46,1.0
4021403,40109,40,40,1.0
4021404,40109,48,48,1.0
4021405,40109,34,34,1.0
4021406,40109,45,45,1.0
4021500,40017,37,37,1.0
4021600,40009,4,44,0.09090909090909091
4021600,40015,10,44,0.22727272727272727
4021600,40039,7,44,0.1590909090909091
4021600,40055,2,44,0.045454545454545456
4021600,40057,1,44,0.022727272727272728
4021600,40065,8,44,0.18181818181818182
4021600,40075,3,44,0.06818181818181818
4021600,40141,5,44,0.11363636363636363
4021600,40149,4,44,0.09090909090909091
4021700,40031,38,40,0.95
4021700,40033,2,40,0.05
4021800,40049,9,33,0.2727272727272727
4021800,40051,15,33,0.45454545454545453
4021800,40087,9,33,0.2727272727272727
4021900,40019,16,38,0.42105263157894735
4021900,40067,3,38,0.07894736842105263
4021900,40085,3,38,0.07894736842105263
4021900,40099,5,38,0.13157894736842105
4021900,40137,11,38,0.2894736842105263
4022000,40005,4,40,0.1
4022000,40013,13,40,0.325
4022000,40029,2,40,0.05
4022000,40069,4,40,0.1
4022000,40095,6,40,0.15
4022000,40123,11,40,0.275
4022100,40023,5,37,0.13513513513513514
4022100,40061,4,37,0.10810810810810811
4022100,40077,3,37,0.08108108108108109
4022100,40079,12,37,0.32432432432432434
4022100,40089,9,37,0.24324324324324326
4022100,40127,4,37,0.10810810810810811
4100301,41003,22,24,0.9166666666666666
4100301,41043,2,24,0.08333333333333333
4100501,41005,19,19,1.0
4100502,41005,20,20,1.0
4100503,41005,23,23,1.0
4100504,41005,25,25,1.0
4101701,41017,23,23,1.0
4101702,41013,7,37,0.1891891891891892
4101702,41017,22,37,0.5945945945945946
4101702,41031,8,37,0.21621621621621623
4101900,41019,30,30,1.0
4102901,41029,25,25,1.0
4102902,41029,27,27,1.0
4103903,41039,37,37,1.0
4103904,41039,27,27,1.0
4103905,41039,29,29,1.0
4104301,41043,26,26,1.0
4104703,41047,20,20,1.0
4104704,41047,22,22,1.0
4104705,41047,23,23,1.0
4105101,41051,31,31,1.0
4105102,41051,28,28,1.0
4105103,41051,26,26,1.0
4105105,41051,33,33,1.0
4105114,41051,46,46,1.0
4105116,41051,33,33,1.0
4105901,41001,6,30,0.2
4105901,41059,13,30,0.43333333333333335
4105901,41061,8,30,0.26666666666666666
4105901,41063,3,30,0.1
4106501,41021,1,28,0.03571428571428571
4106501,41023,3,28,0.10714285714285714
4106501,41027,6,28,0.21428571428571427
4106501,41049,3,28,0.10714285714285714
4106501,41055,1,28,0.03571428571428571
4106501,41059,5,28,0.17857142857142858
4106501,41065,8,28,0.2857142857142857
4106501,41069,1,28,0.03571428571428571
4106720,41067,28,28,1.0
4106721,41067,25,25,1.0
4106722,41067,28,28,1.0
4106723,41067,26,26,1.0
4106724,41067,27,27,1.0
4107100,41071,19,19,1.0
4109000,41007,12,34,0.35294117647058826
4109000,41009,11,34,0.3235294117647059
4109000,41057,11,34,0.3235294117647059
4109100,41011,22,52,0.4230769230769231
4109100,41015,8,52,0.15384615384615385
4109100,41033,22,52,0.4230769230769231
4109200,41025,3,35,0.08571428571428572
4109200,41035,22,35,0.6285714285714286
4109200,41037,2,35,0.05714285714285714
4109200,41045,8,35,0.22857142857142856
4109300,41041,19,35,0.5428571428571428
4109300,41053,16,35,0.45714285714285713
4200111,42049,45,45,1.0
4200112,42049,29,29,1.0
4200200,42039,23,36,0.6388888888888888
4200200,42123,13,36,0.3611111111111111
4200300,42023,2,50,0.04
4200300,42033,20,50,0.4
4200300,42047,9,50,0.18
4200300,42083,12,50,0.24
4200300,42105,7,50,0.14
4200400,42015,15,41,0.36585365853658536
4200400,42113,4,41,0.0975609756097561
4200400,42115,12,41,0.2926829268292683
4200400,42117,10,41,0.24390243902439024
4200500,42103,25,42,0.5952380952380952
4200500,42127,17,42,0.40476190476190477
4200600,42089,51,51,1.0
4200701,42069,35,35,1.0
4200702,42069,25,32,0.78125
4200702,42131,7,32,0.21875
4200801,42079,38,38,1.0
4200802,42079,42,42,1.0
4200803,42037,16,37,0.43243243243243246
4200803,42079,21,37,0.5675675675675675
4200900,42035,10,42,0.23809523809523808
4200900,42081,32,42,0.7619047619047619
4201000,42093,4,29,0.13793103448275862
4201000,42097,25,29,0.8620689655172413
4201100,42067,6,38,0.15789473684210525
4201100,42087,13,38,0.34210526315789475
4201100,42109,8,38,0.21052631578947367
4201100,42119,11,38,0.2894736842105263
4201200,42027,41,41,1.0
4201300,42031,13,45,0.28888888888888886
4201300,42053,2,45,0.044444444444444446
4201300,42065,13,45,0.28888888888888886
4201300,42121,17,45,0.37777777777777777
4201400,42085,35,35,1.0
4201511,42007,8,36,0.2222222222222222
4201511,42073,28,36,0.7777777777777778
4201512,42007,45,45,1.0
4201600,42019,47,47,1.0
4201701,42003,88,88,1.0
4201702,42003,41,41,1.0
4201801,42003,29,29,1.0
4201802,42003,42,42,1.0
4201803,42003,35,35,1.0
4201804,42003,54,54,1.0
4201805,42003,40,40,1.0
4201806,42003,35,35,1.0
4201807,42003,30,30,1.0
4201900,42005,19,43,0.4418604651162791
4201900,42063,24,43,0.5581395348837209
4202011,42129,35,35,1.0
4202012,42129,39,39,1.0
4202013,42129,39,39,1.0
4202100,42021,42,42,1.0
4202200,42013,38,51,0.7450980392156863
4202200,42061,13,51,0.2549019607843137
4202301,42041,20,30,0.6666666666666666
4202301,42099,10,30,0.3333333333333333
4202302,42041,35,35,1.0
4202401,42043,40,40,1.0
4202402,42043,27,27,1.0
4202500,42075,33,33,1.0
4202600,42107,42,42,1.0
4202701,42011,29,29,1.0
4202702,42011,41,41,1.0
4202703,42011,37,37,1.0
4202801,42025,17,31,0.5483870967741935
4202801,42077,14,31,0.45161290322580644
4202802,42077,34,34,1.0
4202803,42077,28,28,1.0
4202901,42077,5,43,0.11627906976744186
4202901,42095,38,43,0.8837209302325582
4202902,42095,36,36,1.0
4203011,42017,24,24,1.0
4203012,42017,28,28,1.0
4203013,42017,32,32,1.0
4203014,42017,28,28,1.0
4203015,42017,35,35,1.0
4203111,42091,31,31,1.0
4203112,42091,25,25,1.0
4203113,42091,25,25,1.0
4203114,42091,37,37,1.0
4203115,42091,36,36,1.0
4203116,42091,33,33,1.0
4203117,42091,32,32,1.0
4203216,42101,45,45,1.0
4203221,42101,30,30,1.0
4203222,42101,37,37,1.0
4203223,42101,20,20,1.0
4203224,42101,33,33,1.0
4203225,42101,33,33,1.0
4203227,42101,41,41,1.0
4203228,42101,47,47,1.0
4203229,42101,35,35,1.0
4203230,42101,47,47,1.0
4203231,42101,40,40,1.0
4203311,42045,37,37,1.0
4203312,42045,42,42,1.0
4203313,42045,47,47,1.0
4203314,42045,26,26,1.0
4203411,42029,23,23,1.0
4203412,42029,23,23,1.0
4203413,42029,29,29,1.0
4203414,42029,22,22,1.0
4203415,42029,27,27,1.0
4203501,42071,28,28,1.0
4203502,42071,24,24,1.0
4203503,42071,35,35,1.0
4203504,42071,29,29,1.0
4203601,42133,46,46,1.0
4203602,42133,28,28,1.0
4203603,42133,34,34,1.0
4203701,42001,27,33,0.8181818181818182
4203701,42055,6,33,0.18181818181818182
4203702,42055,27,27,1.0
4203800,42009,12,39,0.3076923076923077
4203800,42057,3,39,0.07692307692307693
4203800,42111,24,39,0.6153846153846154
4203900,42051,36,36,1.0
4204011,42125,37,37,1.0
4204012,42059,10,35,0.2857142857142857
4204012,42125,25,35,0.7142857142857143
4400103,44007,42,42,1.0
4400105,44007,39,39,1.0
4400106,44007,35,35,1.0
4400107,44007,29,29,1.0
4400200,44003,39,39,1.0
4400300,44001,11,35,0.3142857142857143
4400300,44005,24,35,0.6857142857142857
4400400,44009,31,31,1.0
4500101,45073,20,25,0.8
4500101,45077,5,25,0.2
4500201,45077,32,32,1.0
4500301,45045,25,25,1.0
4500302,45045,28,28,1.0
4500303,45045,29,29,1.0
4500304,45045,22,22,1.0
4500305,45045,19,19,1.0
4500401,45083,27,27,1.0
4500402,45083,25,25,1.0
4500403,45083,35,35,1.0
4500501,45021,16,29,0.5517241379310345
4500501,45091,13,29,0.4482758620689655
4500601,45091,17,17,1.0
4500602,45091,25,25,1.0
4500700,45023,11,41,0.2682926829268293
4500700,45039,8,41,0.1951219512195122
4500700,45057,22,41,0.5365853658536586
4500800,45059,20,40,0.5
4500800,45071,10,40,0.25
4500800,45087,10,40,0.25
4500901,45007,31,31,1.0
4501001,45001,7,27,0.25925925925925924
4501001,45007,20,27,0.7407407407407407
4501100,45037,7,34,0.20588235294117646
4501100,45047,18,34,0.5294117647058824
4501100,45065,3,34,0.08823529411764706
4501100,45081,6,34,0.17647058823529413
4501200,45003,43,43,1.0
4501301,45063,46,46,1.0
4501302,45063,46,46,1.0
4501401,45079,24,24,1.0
4501402,45079,40,40,1.0
4501403,45079,23,23,1.0
4501501,45055,18,29,0.6206896551724138
4501501,45079,11,29,0.3793103448275862
4501600,45025,14,41,0.34146341463414637
4501600,45031,19,41,0.4634146341463415
4501600,45069,8,41,0.1951219512195122
4501700,45061,9,35,0.2571428571428571
4501700,45085,26,35,0.7428571428571429
4501800,45011,8,51,0.1568627450980392
4501800,45017,4,51,0.0784313725490196
4501800,45075,39,51,0.7647058823529411
4501901,45005,3,48,0.0625
4501901,45009,6,48,0.125
4501901,45013,18,48,0.375
4501901,45029,14,48,0.2916666666666667
4501901,45049,7,48,0.14583333333333334
4502001,45013,25,32,0.78125
4502001,45053,7,32,0.21875
4502100,45035,31,31,1.0
4502201,45015,20,20,1.0
4502202,45015,28,28,1.0
4502301,45019,42,42,1.0
4502302,45019,34,34,1.0
4502303,45019,23,23,1.0
4502400,45027,12,45,0.26666666666666666
4502400,45043,21,45,0.4666666666666667
4502400,45089,12,45,0.26666666666666666
4502500,45041,36,36,1.0
4502601,45033,9,29,0.3103448275862069
4502601,45051,12,29,0.41379310344827586
4502601,45067,8,29,0.27586206896551724
4502701,45051,32,32,1.0
4502702,45051,34,34,1.0
4600100,46019,3,47,0.06382978723404255
4600100,46033,2,47,0.0425531914893617
4600100,46063,1,47,0.02127659574468085
4600100,46081,8,47,0.1702127659574468
4600100,46093,7,47,0.14893617021276595
4600100,46103,25,47,0.5319148936170213
4600100,46105,1,47,0.02127659574468085
4600200,46007,2,36,0.05555555555555555
4600200,46017,1,36,0.027777777777777776
4600200,46023,3,36,0.08333333333333333
4600200,46031,2,36,0.05555555555555555
4600200,46041,2,36,0.05555555555555555
4600200,46047,2,36,0.05555555555555555
4600200,46053,2,36,0.05555555555555555
4600200,46055,1,36,0.027777777777777776
4600200,46065,4,36,0.1111111111111111
4600200,46069,1,36,0.027777777777777776
4600200,46071,2,36,0.05555555555555555
4600200,46075,1,36,0.027777777777777776
4600200,46085,2,36,0.05555555555555555
4600200,46095,1,36,0.027777777777777776
4600200,46102,3,36,0.08333333333333333
4600200,46117,1,36,0.027777777777777776
4600200,46119,1,36,0.027777777777777776
4600200,46121,2,36,0.05555555555555555
4600200,46123,2,36,0.05555555555555555
4600200,46137,1,36,0.027777777777777776
4600300,46013,8,42,0.19047619047619047
4600300,46021,1,42,0.023809523809523808
4600300,46025,1,42,0.023809523809523808
4600300,46029,8,42,0.19047619047619047
4600300,46037,3,42,0.07142857142857142
4600300,46039,2,42,0.047619047619047616
4600300,46045,2,42,0.047619047619047616
4600300,46049,1,42,0.023809523809523808
4600300,46051,2,42,0.047619047619047616
4600300,46057,2,42,0.047619047619047616
4600300,46089,1,42,0.023809523809523808
4600300,46091,1,42,0.023809523809523808
4600300,46107,1,42,0.023809523809523808
4600300,46109,4,42,0.09523809523809523
4600300,46115,3,42,0.07142857142857142
4600300,46129,2,42,0.047619047619047616
4600400,46003,1,41,0.024390243902439025
4600400,46005,6,41,0.14634146341463414
4600400,46009,2,41,0.04878048780487805
4600400,46011,7,41,0.17073170731707318
4600400,46015,2,41,0.04878048780487805
4600400,46035,5,41,0.12195121951219512
4600400,46043,1,41,0.024390243902439025
4600400,46059,2,41,0.04878048780487805
4600400,46061,1,41,0.024390243902439025
4600400,46067,3,41,0.07317073170731707
4600400,46073,1,41,0.024390243902439025
4600400,46077,2,41,0.04878048780487805
4600400,46079,4,41,0.0975609756097561
4600400,46097,1,41,0.024390243902439025
4600400,46101,2,41,0.04878048780487805
4600400,46111,1,41,0.024390243902439025
4600501,46027,3,32,0.09375
4600501,46083,6,32,0.1875
4600501,46087,2,32,0.0625
4600501,46099,10,32,0.3125
4600501,46125,2,32,0.0625
4600501,46127,4,32,0.125
4600501,46135,5,32,0.15625
4600601,46083,7,44,0.1590909090909091
4600601,46099,37,44,0.8409090909090909
4700100,47045,10,33,0.30303030303030304
4700100,47095,2,33,0.06060606060606061
4700100,47131,10,33,0.30303030303030304
4700100,47183,11,33,0.3333333333333333
4700200,47005,5,40,0.125
4700200,47017,9,40,0.225
4700200,47079,12,40,0.3
4700200,47083,3,40,0.075
4700200,47085,5,40,0.125
4700200,47161,6,40,0.15
4700301,47125,23,23,1.0
4700302,47125,23,23,1.0
4700401,47147,15,37,0.40540540540540543
4700401,47165,22,37,0.5945945945945946
4700501,47165,21,21,1.0
4700600,47015,4,25,0.16
4700600,47041,5,25,0.2
4700600,47087,4,25,0.16
4700600,47111,5,25,0.2
4700600,47159,5,25,0.2
4700600,47169,2,25,0.08
4700700,47027,2,30,0.06666666666666667
4700700,47133,8,30,0.26666666666666666
4700700,47137,2,30,0.06666666666666667
4700700,47141,18,30,0.6
4700800,47013,13,35,0.37142857142857144
4700800,47025,9,35,0.2571428571428571
4700800,47067,2,35,0.05714285714285714
4700800,47151,6,35,0.17142857142857143
4700800,47173,5,35,0.14285714285714285
4700900,47059,17,30,0.5666666666666667
4700900,47073,13,30,0.43333333333333335
4701000,47163,40,40,1.0
4701101,47019,18,30,0.6
4701101,47091,5,30,0.16666666666666666
4701101,47171,4,30,0.13333333333333333
4701101,47179,3,30,0.1
4701201,47179,29,29,1.0
4701300,47057,6,30,0.2
4701300,47063,12,30,0.4
4701300,47089,12,30,0.4
4701400,47029,9,36,0.25
4701400,47155,27,36,0.75
4701501,47093,39,39,1.0
4701502,47093,24,24,1.0
4701503,47093,29,29,1.0
4701504,47093,29,29,1.0
4701600,47009,31,31,1.0
4701700,47001,20,41,0.4878048780487805
4701700,47129,5,41,0.12195121951219512
4701700,47145,16,41,0.3902439024390244
4701800,47035,17,28,0.6071428571428571
4701800,47049,5,28,0.17857142857142858
4701800,47185,6,28,0.21428571428571427
4701900,47189,28,28,1.0
4702001,47149,25,25,1.0
4702002,47149,23,23,1.0
4702003,47149,16,16,1.0
4702101,47187,28,28,1.0
4702102,47187,18,18,1.0
4702200,47119,21,21,1.0
4702300,47021,9,27,0.3333333333333333
4702300,47043,11,27,0.4074074074074074
4702300,47081,7,27,0.25925925925925924
4702401,47037,39,39,1.0
4702402,47037,29,29,1.0
4702403,47037,23,23,1.0
4702404,47037,26,26,1.0
4702405,47037,22,22,1.0
4702406,47037,35,35,1.0
4702501,47157,59,59,1.0
4702502,47157,33,33,1.0
4702503,47157,26,26,1.0
4702504,47157,27,27,1.0
4702505,47157,22,22,1.0
4702506,47157,26,26,1.0
4702507,47157,26,26,1.0
4702508,47157,30,30,1.0
4702600,47047,11,24,0.4583333333333333
4702600,47167,13,24,0.5416666666666666
4702700,47033,5,37,0.13513513513513514
4702700,47053,17,37,0.4594594594594595
4702700,47075,6,37,0.16216216216216217
4702700,47097,9,37,0.24324324324324326
4702800,47023,5,33,0.15151515151515152
4702800,47113,28,33,0.8484848484848485
4702900,47039,5,34,0.14705882352941177
4702900,47069,6,34,0.17647058823529413
4702900,47071,8,34,0.23529411764705882
4702900,47077,7,34,0.20588235294117646
4702900,47109,8,34,0.23529411764705882
4703000,47055,9,29,0.3103448275862069
4703000,47099,11,29,0.3793103448275862
4703000,47101,2,29,0.06896551724137931
4703000,47135,3,29,0.10344827586206896
4703000,47181,4,29,0.13793103448275862
4703100,47003,10,25,0.4
4703100,47103,9,25,0.36
4703100,47117,6,25,0.24
4703200,47031,17,29,0.5862068965517241
4703200,47051,10,29,0.3448275862068966
4703200,47127,2,29,0.06896551724137931
4703300,47061,4,27,0.14814814814814814
4703300,47115,7,27,0.25925925925925924
4703300,47153,4,27,0.14814814814814814
4703300,47175,2,27,0.07407407407407407
4703300,47177,10,27,0.37037037037037035
4703401,47065,34,34,1.0
4703402,47065,26,26,1.0
4703403,47065,27,27,1.0
4703500,47007,4,27,0.14814814814814814
4703500,47107,14,27,0.5185185185185185
4703500,47121,3,27,0.1111111111111111
4703500,47143,6,27,0.2222222222222222
4703600,47011,25,31,0.8064516129032258
4703600,47139,6,31,0.1935483870967742
4703700,47105,14,26,0.5384615384615384
4703700,47123,12,26,0.46153846153846156
4800100,48011,1,59,0.01694915254237288
4800100,48045,1,59,0.01694915254237288
4800100,48065,2,59,0.03389830508474576
4800100,48069,3,59,0.05084745762711865
4800100,48075,2,59,0.03389830508474576
4800100,48087,1,59,0.01694915254237288
4800100,48111,2,59,0.03389830508474576
4800100,48117,4,59,0.06779661016949153
4800100,48129,2,59,0.03389830508474576
4800100,48179,7,59,0.11864406779661017
4800100,48191,1,59,0.01694915254237288
4800100,48195,2,59,0.03389830508474576
4800100,48205,1,59,0.01694915254237288
4800100,48211,1,59,0.01694915254237288
4800100,48233,8,59,0.13559322033898305
4800100,48295,2,59,0.03389830508474576
4800100,48341,6,59,0.1016949152542373
4800100,48357,3,59,0.05084745762711865
4800100,48359,1,59,0.01694915254237288
4800100,48369,2,59,0.03389830508474576
4800100,48393,1,59,0.01694915254237288
4800100,48421,1,59,0.01694915254237288
4800100,48437,3,59,0.05084745762711865
4800100,48483,2,59,0.03389830508474576
4800200,48375,35,35,1.0
4800300,48381,33,33,1.0
4800400,48017,2,43,0.046511627906976744
4800400,48079,1,43,0.023255813953488372
4800400,48107,3,43,0.06976744186046512
4800400,48125,1,43,0.023255813953488372
4800400,48153,2,43,0.046511627906976744
4800400,48169,3,43,0.06976744186046512
4800400,48189,9,43,0.20930232558139536
4800400,48219,7,43,0.16279069767441862
4800400,48269,1,43,0.023255813953488372
4800400,48279,5,43,0.11627906976744186
4800400,48305,3,43,0.06976744186046512
4800400,48345,1,43,0.023255813953488372
4800400,48445,3,43,0.06976744186046512
4800400,48501,2,43,0.046511627906976744
4800501,48303,56,56,1.0
4800502,48303,50,50,1.0
4800600,48009,3,47,0.06382978723404255
4800600,48023,2,47,0.0425531914893617
4800600,48077,3,47,0.06382978723404255
4800600,48101,1,47,0.02127659574468085
4800600,48155,1,47,0.02127659574468085
4800600,48197,1,47,0.02127659574468085
4800600,48237,3,47,0.06382978723404255
4800600,48337,8,47,0.1702127659574468
4800600,48487,4,47,0.0851063829787234
4800600,48497,16,47,0.3404255319148936
4800600,48503,5,47,0.10638297872340426
4800700,48485,44,44,1.0
4800800,48097,9,48,0.1875
4800800,48147,9,48,0.1875
4800800,48181,30,48,0.625
4800900,48231,21,50,0.42
4800900,48397,29,50,0.58
4801000,48119,2,46,0.043478260869565216
4801000,48159,4,46,0.08695652173913043
4801000,48223,10,46,0.21739130434782608
4801000,48277,13,46,0.2826086956521739
4801000,48343,3,46,0.06521739130434782
4801000,48387,5,46,0.10869565217391304
4801000,48449,9,46,0.1956521739130435
4801100,48037,26,35,0.7428571428571429
4801100,48067,9,35,0.2571428571428571
4801200,48203,16,30,0.5333333333333333
4801200,48315,4,30,0.13333333333333333
4801200,48459,10,30,0.3333333333333333
4801300,48063,3,32,0.09375
4801300,48379,3,32,0.09375
4801300,48467,14,32,0.4375
4801300,48499,12,32,0.375
4801400,48257,27,27,1.0
4801501,48423,25,25,1.0
4801502,48423,31,31,1.0
4801600,48183,30,30,1.0
4801700,48073,14,35,0.4
4801700,48365,7,35,0.2
4801700,48401,14,35,0.4
4801800,48001,12,40,0.3
4801800,48213,28,40,0.7
4801901,48085,42,42,1.0
4801902,48085,31,31,1.0
4801903,48085,24,24,1.0
4801904,48085,28,28,1.0
4801905,48085,32,32,1.0
4801907,48085,31,31,1.0
4801908,48085,12,12,1.0
4801909,48085,20,20,1.0
4802001,48121,32,32,1.0
4802002,48121,29,29,1.0
4802003,48121,33,33,1.0
4802004,48121,35,35,1.0
4802005,48121,30,30,1.0
4802006,48121,34,34,1.0
4802101,48139,36,36,1.0
4802102,48251,39,39,1.0
4802200,48143,12,39,0.3076923076923077
4802200,48221,14,39,0.358974358974359
4802200,48363,10,39,0.2564102564102564
4802200,48425,3,39,0.07692307692307693
4802301,48113,23,23,1.0
4802302,48113,22,22,1.0
4802303,48113,28,28,1.0
4802304,48113,24,24,1.0
4802305,48113,28,28,1.0
4802306,48113,29,29,1.0
4802307,48113,36,36,1.0
4802308,48113,25,25,1.0
4802309,48113,28,28,1.0
4802310,48113,30,30,1.0
4802311,48113,35,35,1.0
4802312,48113,36,36,1.0
4802313,48113,46,46,1.0
4802314,48113,28,28,1.0
4802315,48113,27,27,1.0
4802316,48113,25,25,1.0
4802317,48113,24,24,1.0
4802318,48113,28,28,1.0
4802319,48113,27,27,1.0
4802320,48113,30,30,1.0
4802321,48113,36,36,1.0
4802322,48113,30,30,1.0
4802400,48367,29,29,1.0
4802501,48439,26,26,1.0
4802502,48439,34,34,1.0
4802503,48439,33,33,1.0
4802504,48439,20,20,1.0
4802505,48439,22,22,1.0
4802506,48439,25,25,1.0
4802507,48439,29,29,1.0
4802508,48439,29,29,1.0
4802509,48439,35,35,1.0
4802510,48439,24,24,1.0
4802511,48439,26,26,1.0
4802512,48439,24,24,1.0
4802513,48439,31,31,1.0
4802514,48439,37,37,1.0
4802515,48439,28,28,1.0
4802516,48439,26,26,1.0
4802600,48049,13,65,0.2
4802600,48059,3,65,0.046153846153846156
4802600,48083,3,65,0.046153846153846156
4802600,48093,5,65,0.07692307692307693
4802600,48133,7,65,0.1076923076923077
4802600,48151,2,65,0.03076923076923077
4802600,48207,2,65,0.03076923076923077
4802600,48253,6,65,0.09230769230769231
4802600,48263,1,65,0.015384615384615385
4802600,48275,2,65,0.03076923076923077
4802600,48335,2,65,0.03076923076923077
4802600,48353,5,65,0.07692307692307693
4802600,48399,4,65,0.06153846153846154
4802600,48415,4,65,0.06153846153846154
4802600,48417,1,65,0.015384615384615385
4802600,48429,3,65,0.046153846153846156
4802600,48433,1,65,0.015384615384615385
4802600,48447,1,65,0.015384615384615385
4802700,48441,41,41,1.0
4802900,48451,27,27,1.0
4803000,48329,37,37,1.0
4803100,48135,33,33,1.0
4803305,48141,30,30,1.0
4803306,48141,31,31,1.0
4803307,48141,24,24,1.0
4803308,48141,34,34,1.0
4803309,48141,29,29,1.0
4803310,48141,40,40,1.0
4803400,48053,15,55,0.2727272727272727
4803400,48099,19,55,0.34545454545454546
4803400,48193,3,55,0.05454545454545454
4803400,48281,6,55,0.10909090909090909
4803400,48299,8,55,0.14545454545454545
4803400,48333,2,55,0.03636363636363636
4803400,48411,2,55,0.03636363636363636
4803501,48027,40,40,1.0
4803502,48027,47,47,1.0
4803600,48051,7,47,0.14893617021276595
4803600,48185,8,47,0.1702127659574468
4803600,48289,6,47,0.1276595744680851
4803600,48313,4,47,0.0851063829787234
4803600,48331,7,47,0.14893617021276595
4803600,48395,6,47,0.1276595744680851
4803600,48477,9,47,0.19148936170212766
4803700,48035,7,53,0.1320754716981132
4803700,48145,6,53,0.11320754716981132
4803700,48161,8,53,0.1509433962264151
4803700,48217,12,53,0.22641509433962265
4803700,48293,8,53,0.1509433962264151
4803700,48349,12,53,0.22641509433962265
4803801,48309,26,26,1.0
4803802,48309,32,32,1.0
4803900,48225,8,47,0.1702127659574468
4803900,48373,13,47,0.2765957446808511
4803900,48407,9,47,0.19148936170212766
4803900,48455,5,47,0.10638297872340426
4803900,48471,12,47,0.2553191489361702
4804000,48005,21,38,0.5526315789473685
4804000,48347,17,38,0.4473684210526316
4804100,48241,10,34,0.29411764705882354
4804100,48351,5,34,0.14705882352941177
4804100,48403,3,34,0.08823529411764706
4804100,48405,3,34,0.08823529411764706
4804100,48419,7,34,0.20588235294117646
4804100,48457,6,34,0.17647058823529413
4804200,48199,13,37,0.35135135135135137
4804200,48361,24,37,0.6486486486486487
4804301,48245,33,33,1.0
4804302,48245,44,44,1.0
4804400,48071,8,25,0.32
4804400,48291,17,25,0.68
4804501,48339,42,42,1.0
4804502,48339,42,42,1.0
4804503,48339,25,25,1.0
4804504,48339,24,24,1.0
4804601,48201,35,35,1.0
4804602,48201,30,30,1.0
4804603,48201,50,50,1.0
4804604,48201,53,53,1.0
4804605,48201,26,26,1.0
4804606,48201,30,30,1.0
4804607,48201,28,28,1.0
4804608,48201,28,28,1.0
4804609,48201,34,34,1.0
4804610,48201,24,24,1.0
4804611,48201,28,28,1.0
4804612,48201,30,30,1.0
4804613,48201,42,42,1.0
4804614,48201,38,38,1.0
4804615,48201,29,29,1.0
4804616,48201,31,31,1.0
4804617,48201,20,20,1.0
4804618,48201,33,33,1.0
4804619,48201,27,27,1.0
4804620,48201,27,27,1.0
4804621,48201,26,26,1.0
4804622,48201,23,23,1.0
4804623,48201,25,25,1.0
4804624,48201,25,25,1.0
4804625,48201,26,26,1.0
4804626,48201,33,33,1.0
4804627,48201,25,25,1.0
4804628,48201,27,27,1.0
4804629,48201,28,28,1.0
4804630,48201,24,24,1.0
4804631,48201,26,26,1.0
4804633,48201,21,21,1.0
4804634,48201,23,23,1.0
4804635,48201,28,28,1.0
4804636,48201,29,29,1.0
4804637,48201,36,36,1.0
4804638,48201,26,26,1.0
4804639,48201,10,10,1.0
4804640,48201,11,11,1.0
4804701,48167,55,55,1.0
4804702,48167,48,48,1.0
4804801,48039,32,32,1.0
4804802,48039,23,23,1.0
4804803,48039,23,23,1.0
4804901,48157,23,23,1.0
4804902,48157,28,28,1.0
4804903,48157,22,22,1.0
4804904,48157,26,26,1.0
4804906,48157,15,15,1.0
4804907,48157,19,19,1.0
4805000,48015,8,49,0.16326530612244897
4805000,48089,5,49,0.10204081632653061
4805000,48321,13,49,0.2653061224489796
4805000,48473,11,49,0.22448979591836735
4805000,48481,12,49,0.24489795918367346
4805100,48021,21,45,0.4666666666666667
4805100,48055,11,45,0.24444444444444444
4805100,48149,9,45,0.2
4805100,48287,4,45,0.08888888888888889
4805201,48491,38,38,1.0
4805202,48491,31,31,1.0
4805203,48491,25,25,1.0
4805204,48491,41,41,1.0
4805301,48453,33,33,1.0
4805302,48453,28,28,1.0
4805303,48453,38,38,1.0
4805304,48453,34,34,1.0
4805305,48453,26,26,1.0
4805306,48453,37,37,1.0
4805307,48453,33,33,1.0
4805308,48453,25,25,1.0
4805309,48453,36,36,1.0
4805401,48209,22,22,1.0
4805402,48209,24,24,1.0
4805500,48123,6,40,0.15
4805500,48175,2,40,0.05
4805500,48177,6,40,0.15
4805500,48239,3,40,0.075
4805500,48255,5,40,0.125
4805500,48285,6,40,0.15
4805500,48493,12,40,0.3
4805600,48057,8,33,0.24242424242424243
4805600,48469,25,33,0.7575757575757576
4805700,48187,41,41,1.0
4805800,48091,33,33,1.0
4805901,48029,29,29,1.0
4805902,48029,26,26,1.0
4805903,48029,27,27,1.0
4805904,48029,26,26,1.0
4805905,48029,25,25,1.0
4805906,48029,24,24,1.0
4805907,48029,22,22,1.0
4805908,48029,19,19,1.0
4805909,48029,20,20,1.0
4805910,48029,24,24,1.0
4805911,48029,25,25,1.0
4805912,48029,25,25,1.0
4805913,48029,22,22,1.0
4805914,48029,21,21,1.0
4805915,48029,22,22,1.0
4805916,48029,18,18,1.0
4806000,48031,4,34,0.11764705882352941
4806000,48171,7,34,0.20588235294117646
4806000,48259,9,34,0.2647058823529412
4806000,48265,14,34,0.4117647058823529
4806100,48013,13,37,0.35135135135135137
4806100,48019,7,37,0.1891891891891892
4806100,48163,6,37,0.16216216216216217
4806100,48325,11,37,0.2972972972972973
4806301,48479,40,40,1.0
4806302,48479,29,29,1.0
4806500,48007,11,38,0.2894736842105263
4806500,48025,9,38,0.23684210526315788
4806500,48391,2,38,0.05263157894736842
4806500,48409,16,38,0.42105263157894735
4806601,48355,32,32,1.0
4806603,48355,29,29,1.0
4806604,48355,36,36,1.0
4806701,48061,32,32,1.0
4806702,48061,46,46,1.0
4806703,48061,44,44,1.0
4806801,48215,25,25,1.0
4806802,48215,26,26,1.0
4806803,48215,32,32,1.0
4806804,48215,24,24,1.0
4806805,48215,48,48,1.0
4806806,48215,29,29,1.0
4806807,48215,28,28,1.0
4807200,48033,1,43,0.023255813953488372
4807200,48081,2,43,0.046511627906976744
4807200,48095,1,43,0.023255813953488372
4807200,48105,1,43,0.023255813953488372
4807200,48115,4,43,0.09302325581395349
4807200,48173,1,43,0.023255813953488372
4807200,48227,10,43,0.23255813953488372
4807200,48235,1,43,0.023255813953488372
4807200,48267,2,43,0.046511627906976744
4807200,48307,3,43,0.06976744186046512
4807200,48317,2,43,0.046511627906976744
4807200,48319,2,43,0.046511627906976744
4807200,48327,1,43,0.023255813953488372
4807200,48371,5,43,0.11627906976744186
4807200,48383,1,43,0.023255813953488372
4807200,48413,1,43,0.023255813953488372
4807200,48431,1,43,0.023255813953488372
4807200,48435,1,43,0.023255813953488372
4807200,48443,1,43,0.023255813953488372
4807200,48461,2,43,0.046511627906976744
4807300,48003,4,28,0.14285714285714285
4807300,48043,3,28,0.10714285714285714
4807300,48103,1,28,0.03571428571428571
4807300,48109,1,28,0.03571428571428571
4807300,48165,4,28,0.14285714285714285
4807300,48229,1,28,0.03571428571428571
4807300,48243,1,28,0.03571428571428571
4807300,48301,1,28,0.03571428571428571
4807300,48377,2,28,0.07142857142857142
4807300,48389,4,28,0.14285714285714285
4807300,48475,3,28,0.10714285714285714
4807300,48495,3,28,0.10714285714285714
4807401,48041,35,35,1.0
4807402,48041,28,28,1.0
4807500,48137,1,40,0.025
4807500,48271,1,40,0.025
4807500,48323,13,40,0.325
4807500,48385,1,40,0.025
4807500,48463,6,40,0.15
4807500,48465,14,40,0.35
4807500,48507,4,40,0.1
4807600,48127,3,34,0.08823529411764706
4807600,48131,3,34,0.08823529411764706
4807600,48247,2,34,0.058823529411764705
4807600,48283,2,34,0.058823529411764705
4807600,48311,1,34,0.029411764705882353
4807600,48427,17,34,0.5
4807600,48505,6,34,0.17647058823529413
4807700,48047,2,35,0.05714285714285714
4807700,48249,11,35,0.3142857142857143
4807700,48261,2,35,0.05714285714285714
4807700,48273,10,35,0.2857142857142857
4807700,48297,4,35,0.11428571428571428
4807700,48489,6,35,0.17142857142857143
4903000,49003,12,29,0.41379310344827586
4903000,49045,17,29,0.5862068965517241
4905000,49005,28,46,0.6086956521739131
4905000,49029,3,46,0.06521739130434782
4905000,49033,1,46,0.021739130434782608
4905000,49043,14,46,0.30434782608695654
4911002,49011,23,23,1.0
4911003,49011,19,19,1.0
4911004,49011,24,24,1.0
4913000,49007,5,38,0.13157894736842105
4913000,49009,1,38,0.02631578947368421
4913000,49013,4,38,0.10526315789473684
4913000,49015,3,38,0.07894736842105263
4913000,49019,3,38,0.07894736842105263
4913000,49037,4,38,0.10526315789473684
4913000,49047,8,38,0.21052631578947367
4913000,49051,10,38,0.2631578947368421
4921000,49001,2,37,0.05405405405405406
4921000,49017,2,37,0.05405405405405406
4921000,49021,12,37,0.32432432432432434
4921000,49023,2,37,0.05405405405405406
4921000,49025,2,37,0.05405405405405406
4921000,49027,3,37,0.08108108108108109
4921000,49031,1,37,0.02702702702702703
4921000,49039,7,37,0.1891891891891892
4921000,49041,5,37,0.13513513513513514
4921000,49055,1,37,0.02702702702702703
4935008,49035,25,25,1.0
4935009,49035,23,23,1.0
4935011,49035,26,26,1.0
4935012,49035,29,29,1.0
4935013,49035,27,27,1.0
4935014,49035,26,26,1.0
4935015,49035,38,38,1.0
4935016,49035,27,27,1.0
4935017,49035,30,30,1.0
4949001,49049,35,35,1.0
4949002,49049,48,48,1.0
4949003,49049,32,32,1.0
4949004,49049,41,41,1.0
4953000,49053,35,35,1.0
4957001,49057,32,32,1.0
4957002,49057,26,26,1.0
5000100,50005,10,43,0.23255813953488372
5000100,50009,3,43,0.06976744186046512
5000100,50011,11,43,0.2558139534883721
5000100,50013,2,43,0.046511627906976744
5000100,50015,7,43,0.16279069767441862
5000100,50019,10,43,0.23255813953488372
5000200,50001,10,40,0.25
5000200,50017,10,40,0.25
5000200,50023,20,40,0.5
5000300,50007,41,41,1.0
5000400,50003,12,69,0.17391304347826086
5000400,50021,20,69,0.2898550724637681
5000400,50025,18,69,0.2608695652173913
5000400,50027,19,69,0.2753623188405797
5101301,51013,34,34,1.0
5101302,51013,37,37,1.0
5101500,51015,18,43,0.4186046511627907
5101500,51017,2,43,0.046511627906976744
5101500,51091,1,43,0.023255813953488372
5101500,51163,6,43,0.13953488372093023
5101500,51530,2,43,0.046511627906976744
5101500,51678,2,43,0.046511627906976744
5101500,51790,7,43,0.16279069767441862
5101500,51820,5,43,0.11627906976744186
5101900,51009,10,34,0.29411764705882354
5101900,51011,4,34,0.11764705882352941
5101900,51019,20,34,0.5882352941176471
5104101,51041,28,28,1.0
5104102,51041,24,24,1.0
5104103,51041,23,23,1.0
5105901,51059,25,25,1.0
5105902,51059,43,43,1.0
5105904,51059,31,31,1.0
5105905,51059,23,23,1.0
5105906,51059,26,26,1.0
5105907,51059,35,35,1.0
5105908,51059,31,31,1.0
5106100,51047,10,44,0.22727272727272727
5106100,51061,20,44,0.45454545454545453
5106100,51113,4,44,0.09090909090909091
5106100,51137,8,44,0.18181818181818182
5106100,51157,2,44,0.045454545454545456
5106900,51043,4,29,0.13793103448275862
5106900,51069,19,29,0.6551724137931034
5106900,51840,6,29,0.20689655172413793
5107300,51001,15,62,0.24193548387096775
5107300,51057,3,62,0.04838709677419355
5107300,51073,9,62,0.14516129032258066
5107300,51097,2,62,0.03225806451612903
5107300,51103,5,62,0.08064516129032258
5107300,51115,5,62,0.08064516129032258
5107300,51119,5,62,0.08064516129032258
5107300,51131,5,62,0.08064516129032258
5107300,51133,5,62,0.08064516129032258
5107300,51159,2,62,0.03225806451612903
5107300,51193,6,62,0.0967741935483871
5108300,51007,3,57,0.05263157894736842
5108300,51025,6,57,0.10526315789473684
5108300,51029,4,57,0.07017543859649122
5108300,51037,4,57,0.07017543859649122
5108300,51049,3,57,0.05263157894736842
5108300,51083,11,57,0.19298245614035087
5108300,51111,3,57,0.05263157894736842
5108300,51117,12,57,0.21052631578947367
5108300,51135,5,57,0.08771929824561403
5108300,51147,6,57,0.10526315789473684
5108501,51036,3,24,0.125
5108501,51085,13,24,0.5416666666666666
5108501,51101,4,24,0.16666666666666666
5108501,51127,4,24,0.16666666666666666
5108701,51087,37,37,1.0
5108702,51087,48,48,1.0
5109500,51095,17,40,0.425
5109500,51199,16,40,0.4
5109500,51735,4,40,0.1
5109500,51830,3,40,0.075
5110701,51107,24,24,1.0
5110702,51107,27,27,1.0
5110703,51107,24,24,1.0
5110901,51003,10,29,0.3448275862068966
5110901,51065,5,29,0.1724137931034483
5110901,51109,9,29,0.3103448275862069
5110901,51125,5,29,0.1724137931034483
5112100,51063,5,48,0.10416666666666667
5112100,51071,4,48,0.08333333333333333
5112100,51121,23,48,0.4791666666666667
5112100,51155,12,48,0.25
5112100,51750,4,48,0.08333333333333333
5114300,51089,14,60,0.23333333333333334
5114300,51141,6,60,0.1
5114300,51143,19,60,0.31666666666666665
5114300,51590,16,60,0.26666666666666666
5114300,51690,5,60,0.08333333333333333
5114501,51075,6,24,0.25
5114501,51085,12,24,0.5
5114501,51145,6,24,0.25
5114900,51053,9,51,0.17647058823529413
5114900,51081,3,51,0.058823529411764705
5114900,51149,7,51,0.13725490196078433
5114900,51181,2,51,0.0392156862745098
5114900,51183,5,51,0.09803921568627451
5114900,51570,5,51,0.09803921568627451
5114900,51595,2,51,0.0392156862745098
5114900,51670,7,51,0.13725490196078433
5114900,51730,11,51,0.21568627450980393
5115301,51153,26,26,1.0
5115302,51153,32,32,1.0
5115303,51153,21,21,1.0
5116101,51005,6,54,0.1111111111111111
5116101,51023,9,54,0.16666666666666666
5116101,51045,1,54,0.018518518518518517
5116101,51067,16,54,0.2962962962962963
5116101,51161,20,54,0.37037037037037035
5116101,51580,2,54,0.037037037037037035
5116500,51165,22,33,0.6666666666666666
5116500,51660,11,33,0.3333333333333333
5117100,51139,6,26,0.23076923076923078
5117100,51171,11,26,0.4230769230769231
5117100,51187,9,26,0.34615384615384615
5117700,51033,9,49,0.1836734693877551
5117700,51099,6,49,0.12244897959183673
5117700,51177,34,49,0.6938775510204082
5117900,51179,32,39,0.8205128205128205
5117900,51630,7,39,0.1794871794871795
5118500,51027,7,58,0.1206896551724138
5118500,51051,4,58,0.06896551724137931
5118500,51105,7,58,0.1206896551724138
5118500,51167,9,58,0.15517241379310345
5118500,51169,6,58,0.10344827586206896
5118500,51185,13,58,0.22413793103448276
5118500,51195,11,58,0.1896551724137931
5118500,51720,1,58,0.017241379310344827
5119100,51021,2,56,0.03571428571428571
5119100,51035,10,56,0.17857142857142858
5119100,51077,5,56,0.08928571428571429
5119100,51173,9,56,0.16071428571428573
5119100,51191,15,56,0.26785714285714285
5119100,51197,8,56,0.14285714285714285
5119100,51520,5,56,0.08928571428571429
5119100,51640,2,56,0.03571428571428571
5151000,51510,48,48,1.0
5154001,51003,19,35,0.5428571428571428
5154001,51079,4,35,0.11428571428571428
5154001,51540,12,35,0.34285714285714286
5155001,51550,29,29,1.0
5155002,51550,28,28,1.0
5160001,51059,33,38,0.868421052631579
5160001,51600,5,38,0.13157894736842105
5161001,51059,27,30,0.9
5161001,51610,3,30,0.1
5165000,51650,37,37,1.0
5168000,51031,12,35,0.34285714285714286
5168000,51680,23,35,0.6571428571428571
5168701,51153,14,24,0.5833333333333334
5168701,51683,7,24,0.2916666666666667
5168701,51685,3,24,0.125
5170000,51700,47,47,1.0
5171001,51710,32,32,1.0
5171002,51710,49,49,1.0
5174001,51550,4,35,0.11428571428571428
5174001,51740,31,35,0.8857142857142857
5176001,51760,40,40,1.0
5176002,51760,35,35,1.0
5177001,51161,2,32,0.0625
5177001,51770,25,32,0.78125
5177001,51775,5,32,0.15625
5180000,51093,9,53,0.16981132075471697
5180000,51175,6,53,0.11320754716981132
5180000,51620,2,53,0.03773584905660377
5180000,51800,36,53,0.6792452830188679
5181001,51810,37,37,1.0
5181002,51810,43,43,1.0
5181003,51810,32,32,1.0
5320501,53005,10,29,0.3448275862068966
5320501,53021,5,29,0.1724137931034483
5320501,53071,14,29,0.4827586206896552
5320502,53005,23,23,1.0
5320503,53005,12,29,0.41379310344827586
5320503,53021,17,29,0.5862068965517241
5320700,53007,23,32,0.71875
5320700,53017,9,32,0.28125
5320900,53009,25,36,0.6944444444444444
5320900,53031,11,36,0.3055555555555556
5321101,53011,30,30,1.0
5321102,53011,25,25,1.0
5321103,53011,33,33,1.0
5321104,53011,27,27,1.0
5321500,53015,30,43,0.6976744186046512
5321500,53049,12,43,0.27906976744186046
5321500,53069,1,43,0.023255813953488372
5322500,53025,23,37,0.6216216216216216
5322500,53037,14,37,0.3783783783783784
5322700,53027,21,40,0.525
5322700,53045,19,40,0.475
5322900,53029,24,33,0.7272727272727273
5322900,53055,9,33,0.2727272727272727
5323301,53033,26,26,1.0
5323302,53033,25,25,1.0
5323303,53033,30,30,1.0
5323304,53033,35,35,1.0
5323305,53033,31,31,1.0
5323306,53033,27,27,1.0
5323307,53033,26,26,1.0
5323308,53033,27,27,1.0
5323309,53033,30,30,1.0
5323310,53033,32,32,1.0
5323311,53033,29,29,1.0
5323312,53033,24,24,1.0
5323313,53033,21,21,1.0
5323314,53033,26,26,1.0
5323315,53033,26,26,1.0
5323316,53033,23,23,1.0
5323317,53033,30,30,1.0
5323318,53033,27,27,1.0
5323501,53035,29,29,1.0
5323502,53035,31,31,1.0
5324100,53039,6,32,0.1875
5324100,53041,21,32,0.65625
5324100,53059,5,32,0.15625
5325301,53053,27,27,1.0
5325302,53053,23,23,1.0
5325303,53053,20,20,1.0
5325304,53053,27,27,1.0
5325305,53053,27,27,1.0
5325306,53053,23,23,1.0
5325307,53053,22,22,1.0
5325308,53053,24,24,1.0
5325701,53057,42,42,1.0
5326101,53061,34,34,1.0
5326102,53061,31,31,1.0
5326103,53061,31,31,1.0
5326104,53061,27,27,1.0
5326105,53061,19,19,1.0
5326106,53061,33,33,1.0
5326301,53063,26,26,1.0
5326302,53063,32,32,1.0
5326303,53063,37,37,1.0
5326304,53063,35,35,1.0
5326500,53019,3,36,0.08333333333333333
5326500,53047,13,36,0.3611111111111111
5326500,53051,5,36,0.1388888888888889
5326500,53065,15,36,0.4166666666666667
5326701,53067,26,26,1.0
5326702,53067,36,36,1.0
5327301,53073,29,29,1.0
5327302,53073,25,25,1.0
5327500,53001,7,31,0.22580645161290322
5327500,53003,6,31,0.1935483870967742
5327500,53013,1,31,0.03225806451612903
5327500,53023,1,31,0.03225806451612903
5327500,53043,4,31,0.12903225806451613
5327500,53075,12,31,0.3870967741935484
5327701,53077,30,30,1.0
5327702,53077,27,27,1.0
5400100,54009,8,44,0.18181818181818182
5400100,54029,8,44,0.18181818181818182
5400100,54051,10,44,0.22727272727272727
5400100,54069,18,44,0.4090909090909091
5400200,54017,2,45,0.044444444444444446
5400200,54073,2,45,0.044444444444444446
5400200,54085,3,45,0.06666666666666667
5400200,54095,3,45,0.06666666666666667
5400200,54103,5,45,0.1111111111111111
5400200,54105,2,45,0.044444444444444446
5400200,54107,28,45,0.6222222222222222
5400300,54049,21,60,0.35
5400300,54061,28,60,0.4666666666666667
5400300,54077,11,60,0.18333333333333332
5400400,54003,26,41,0.6341463414634146
5400400,54037,15,41,0.36585365853658536
5400500,54023,3,36,0.08333333333333333
5400500,54027,9,36,0.25
5400500,54031,5,36,0.1388888888888889
5400500,54057,7,36,0.19444444444444445
5400500,54065,6,36,0.16666666666666666
5400500,54071,3,36,0.08333333333333333
5400500,54093,3,36,0.08333333333333333
5400600,54001,4,51,0.0784313725490196
5400600,54033,25,51,0.49019607843137253
5400600,54041,5,51,0.09803921568627451
5400600,54083,7,51,0.13725490196078433
5400600,54091,4,51,0.0784313725490196
5400600,54097,6,51,0.11764705882352941
5400700,54007,3,31,0.0967741935483871
5400700,54013,2,31,0.06451612903225806
5400700,54015,3,31,0.0967741935483871
5400700,54021,3,31,0.0967741935483871
5400700,54035,7,31,0.22580645161290322
5400700,54067,8,31,0.25806451612903225
5400700,54087,5,31,0.16129032258064516
5400800,54011,34,53,0.6415094339622641
5400800,54053,7,53,0.1320754716981132
5400800,54079,12,53,0.22641509433962265
5400900,54039,57,57,1.0
5401000,54019,13,30,0.43333333333333335
5401000,54081,17,30,0.5666666666666667
5401100,54025,10,42,0.23809523809523808
5401100,54055,16,42,0.38095238095238093
5401100,54063,3,42,0.07142857142857142
5401100,54075,5,42,0.11904761904761904
5401100,54089,4,42,0.09523809523809523
5401100,54101,4,42,0.09523809523809523
5401200,54005,8,56,0.14285714285714285
5401200,54043,6,56,0.10714285714285714
5401200,54045,10,56,0.17857142857142858
5401200,54047,8,56,0.14285714285714285
5401200,54059,7,56,0.125
5401200,54099,11,56,0.19642857142857142
5401200,54109,6,56,0.10714285714285714
5500100,55003,8,71,0.11267605633802817
5500100,55007,7,71,0.09859154929577464
5500100,55013,6,71,0.08450704225352113
5500100,55031,15,71,0.2112676056338028
5500100,55051,4,71,0.056338028169014086
5500100,55099,6,71,0.08450704225352113
5500100,55107,5,71,0.07042253521126761
5500100,55113,8,71,0.11267605633802817
5500100,55119,6,71,0.08450704225352113
5500100,55129,6,71,0.08450704225352113
5500200,55041,4,45,0.08888888888888889
5500200,55067,7,45,0.15555555555555556
5500200,55069,10,45,0.2222222222222222
5500200,55085,16,45,0.35555555555555557
5500200,55125,8,45,0.17777777777777778
5500300,55037,3,42,0.07142857142857142
5500300,55075,13,42,0.30952380952380953
5500300,55078,3,42,0.07142857142857142
5500300,55083,12,42,0.2857142857142857
5500300,55115,11,42,0.2619047619047619
5500400,55087,47,47,1.0
5500501,55009,27,27,1.0
5500502,55009,31,31,1.0
5500600,55029,10,36,0.2777777777777778
5500600,55061,6,36,0.16666666666666666
5500600,55071,20,36,0.5555555555555556
5500700,55117,29,29,1.0
5500800,55015,11,34,0.3235294117647059
5500800,55039,23,34,0.6764705882352942
5500900,55139,45,45,1.0
5501000,55047,6,31,0.1935483870967742
5501000,55077,5,31,0.16129032258064516
5501000,55135,12,31,0.3870967741935484
5501000,55137,8,31,0.25806451612903225
5501100,55001,8,40,0.2
5501100,55097,15,40,0.375
5501100,55141,17,40,0.425
5501200,55073,32,32,1.0
5501300,55005,12,40,0.3
5501300,55017,6,40,0.15
5501300,55019,8,40,0.2
5501300,55095,14,40,0.35
5501400,55017,6,28,0.21428571428571427
5501400,55035,22,28,0.7857142857142857
5501500,55033,9,27,0.3333333333333333
5501500,55109,18,27,0.6666666666666666
5501600,55011,5,28,0.17857142857142858
5501600,55053,5,28,0.17857142857142858
5501600,55091,2,28,0.07142857142857142
5501600,55093,8,28,0.2857142857142857
5501600,55121,8,28,0.2857142857142857
5501700,55063,28,28,1.0
5501800,55023,6,30,0.2
5501800,55057,8,30,0.26666666666666666
5501800,55081,9,30,0.3
5501800,55123,7,30,0.23333333333333334
5501900,55043,12,36,0.3333333333333333
5501900,55045,8,36,0.2222222222222222
5501900,55049,6,36,0.16666666666666666
5501900,55065,5,36,0.1388888888888889
5501900,55103,5,36,0.1388888888888889
5502000,55021,13,37,0.35135135135135137
5502000,55111,24,37,0.6486486486486487
5502101,55025,26,26,1.0
5502102,55025,36,36,1.0
5502103,55025,20,20,1.0
5502104,55025,20,20,1.0
5502105,55025,23,23,1.0
5502200,55105,41,41,1.0
5502300,55027,20,41,0.4878048780487805
5502300,55055,21,41,0.5121951219512195
5502400,55127,29,29,1.0
5502501,55133,28,28,1.0
5502502,55133,32,32,1.0
5502503,55133,38,38,1.0
5502600,55089,22,52,0.4230769230769231
5502600,55131,30,52,0.5769230769230769
5502801,55079,30,30,1.0
5502802,55079,34,34,1.0
5502803,55079,53,53,1.0
5502804,55079,37,37,1.0
5502805,55079,37,37,1.0
5502806,55079,36,36,1.0
5502807,55079,46,46,1.0
5502808,55079,29,29,1.0
5502900,55101,47,47,1.0
5503000,55059,43,43,1.0
5600100,56003,3,29,0.10344827586206896
5600100,56023,5,29,0.1724137931034483
5600100,56029,7,29,0.2413793103448276
5600100,56033,7,29,0.2413793103448276
5600100,56039,7,29,0.2413793103448276
5600200,56005,10,28,0.35714285714285715
5600200,56011,2,28,0.07142857142857142
5600200,56015,4,28,0.14285714285714285
5600200,56019,3,28,0.10714285714285714
5600200,56027,1,28,0.03571428571428571
5600200,56031,3,28,0.10714285714285714
5600200,56043,3,28,0.10714285714285714
5600200,56045,2,28,0.07142857142857142
5600300,56021,27,27,1.0
5600400,56001,11,40,0.275
5600400,56007,5,40,0.125
5600400,56009,4,40,0.1
5600400,56025,20,40,0.5
5600500,56013,12,36,0.3333333333333333
5600500,56017,2,36,0.05555555555555555
5600500,56035,3,36,0.08333333333333333
5600500,56037,13,36,0.3611111111111111
5600500,56041,6,36,0.16666666666666666
6600100,66010,57,57,1.0
7200100,72003,10,41,0.24390243902439024
7200100,72005,17,41,0.4146341463414634
7200100,72099,8,41,0.1951219512195122
7200100,72117,6,41,0.14634146341463414
7200200,72011,8,39,0.20512820512820512
7200200,72067,5,39,0.1282051282051282
7200200,72097,26,39,0.6666666666666666
7200300,72023,15,28,0.5357142857142857
7200300,72079,6,28,0.21428571428571427
7200300,72125,7,28,0.25
7200400,72055,8,38,0.21052631578947367
7200400,72059,6,38,0.15789473684210525
7200400,72111,7,38,0.18421052631578946
7200400,72121,6,38,0.15789473684210525
7200400,72153,11,38,0.2894736842105263
7200500,72113,46,46,1.0
7200600,72043,9,34,0.2647058823529412
7200600,72075,13,34,0.38235294117647056
7200600,72133,6,34,0.17647058823529413
7200600,72149,6,34,0.17647058823529413
7200700,72015,5,33,0.15151515151515152
7200700,72057,10,33,0.30303030303030304
7200700,72095,4,33,0.12121212121212122
7200700,72109,5,33,0.15151515151515152
7200700,72123,9,33,0.2727272727272727
7200800,72037,4,49,0.08163265306122448
7200800,72049,2,49,0.04081632653061224
7200800,72053,11,49,0.22448979591836735
7200800,72069,14,49,0.2857142857142857
7200800,72103,5,49,0.10204081632653061
7200800,72147,3,49,0.061224489795918366
7200800,72151,10,49,0.20408163265306123
7200900,72029,12,42,0.2857142857142857
7200900,72087,11,42,0.2619047619047619
7200900,72089,6,42,0.14285714285714285
7200900,72119,13,42,0.30952380952380953
7201000,72031,45,45,1.0
7201101,72127,81,81,1.0
7201102,72127,57,57,1.0
7201200,72033,16,43,0.37209302325581395
7201200,72061,27,43,0.627906976744186
7201300,72021,63,63,1.0
7201400,72051,9,33,0.2727272727272727
7201400,72137,24,33,0.7272727272727273
7201500,72047,6,24,0.25
7201500,72105,5,24,0.20833333333333334
7201500,72135,13,24,0.5416666666666666
7201600,72101,7,31,0.22580645161290322
7201600,72143,10,31,0.3225806451612903
7201600,72145,14,31,0.45161290322580644
7201700,72013,25,42,0.5952380952380952
7201700,72017,5,42,0.11904761904761904
7201700,72054,2,42,0.047619047619047616
7201700,72091,10,42,0.23809523809523808
7201800,72027,8,32,0.25
7201800,72065,7,32,0.21875
7201800,72071,12,32,0.375
7201800,72115,5,32,0.15625
7201900,72001,6,50,0.12
7201900,72039,4,50,0.08
7201900,72073,3,50,0.06
7201900,72081,8,50,0.16
7201900,72083,3,50,0.06
7201900,72093,2,50,0.04
7201900,72107,7,50,0.14
7201900,72131,9,50,0.18
7201900,72141,8,50,0.16
7202000,72007,6,44,0.13636363636363635
7202000,72009,6,44,0.13636363636363635
7202000,72019,6,44,0.13636363636363635
7202000,72035,11,44,0.25
7202000,72041,10,44,0.22727272727272727
7202000,72045,5,44,0.11363636363636363
7202100,72025,34,34,1.0
7202200,72063,11,28,0.39285714285714285
7202200,72139,17,28,0.6071428571428571
7202300,72077,7,24,0.2916666666666667
7202300,72085,8,24,0.3333333333333333
7202300,72129,9,24,0.375
