slack,phi,exit,T,alpha,turnover,horizon,reinstatement,reinstatement_rate,speed_limit,cumulative_ceiling
unemployment_CIRCULAR,0.0,dws_0.462,1.0,0.0,off_1.0,2,off_0.0000,0.0,0.067,0.134
unemployment_CIRCULAR,0.0,dws_0.462,1.0,0.0,off_1.0,2,AR_recent_0.0035,0.0035,0.0705,0.141
unemployment_CIRCULAR,0.0,dws_0.462,1.0,0.0,off_1.0,2,AR_postwar_0.0047,0.0047,0.0715,0.143
unemployment_CIRCULAR,0.0,dws_0.462,1.0,0.0,off_1.0,5,off_0.0000,0.0,0.0615,0.3075
unemployment_CIRCULAR,0.0,dws_0.462,1.0,0.0,off_1.0,5,AR_recent_0.0035,0.0035,0.065,0.325
unemployment_CIRCULAR,0.0,dws_0.462,1.0,0.0,off_1.0,5,AR_postwar_0.0047,0.0047,0.066,0.33
unemployment_CIRCULAR,0.0,dws_0.462,1.0,0.0,off_1.0,10,off_0.0000,0.0,0.0615,0.615
unemployment_CIRCULAR,0.0,dws_0.462,1.0,0.0,off_1.0,10,AR_recent_0.0035,0.0035,0.065,0.65
unemployment_CIRCULAR,0.0,dws_0.462,1.0,0.0,off_1.0,10,AR_postwar_0.0047,0.0047,0.066,0.66
unemployment_CIRCULAR,0.0,dws_0.462,1.0,0.0,off_1.0,20,off_0.0000,0.0,0.0615,1.23
unemployment_CIRCULAR,0.0,dws_0.462,1.0,0.0,off_1.0,20,AR_recent_0.0035,0.0035,0.065,1.3
unemployment_CIRCULAR,0.0,dws_0.462,1.0,0.0,off_1.0,20,AR_postwar_0.0047,0.0047,0.066,1.32
unemployment_CIRCULAR,0.0,dws_0.462,1.0,0.0,on_1.5,2,off_0.0000,0.0,0.0665,0.133
unemployment_CIRCULAR,0.0,dws_0.462,1.0,0.0,on_1.5,2,AR_recent_0.0035,0.0035,0.07,0.14
unemployment_CIRCULAR,0.0,dws_0.462,1.0,0.0,on_1.5,2,AR_postwar_0.0047,0.0047,0.0715,0.143
unemployment_CIRCULAR,0.0,dws_0.462,1.0,0.0,on_1.5,5,off_0.0000,0.0,0.0665,0.3325
unemployment_CIRCULAR,0.0,dws_0.462,1.0,0.0,on_1.5,5,AR_recent_0.0035,0.0035,0.07,0.35
unemployment_CIRCULAR,0.0,dws_0.462,1.0,0.0,on_1.5,5,AR_postwar_0.0047,0.0047,0.0715,0.3575
unemployment_CIRCULAR,0.0,dws_0.462,1.0,0.0,on_1.5,10,off_0.0000,0.0,0.0665,0.665
unemployment_CIRCULAR,0.0,dws_0.462,1.0,0.0,on_1.5,10,AR_recent_0.0035,0.0035,0.07,0.7
unemployment_CIRCULAR,0.0,dws_0.462,1.0,0.0,on_1.5,10,AR_postwar_0.0047,0.0047,0.0715,0.715
unemployment_CIRCULAR,0.0,dws_0.462,1.0,0.0,on_1.5,20,off_0.0000,0.0,0.0665,1.33
unemployment_CIRCULAR,0.0,dws_0.462,1.0,0.0,on_1.5,20,AR_recent_0.0035,0.0035,0.07,1.4
unemployment_CIRCULAR,0.0,dws_0.462,1.0,0.0,on_1.5,20,AR_postwar_0.0047,0.0047,0.0715,1.43
unemployment_CIRCULAR,0.0,dws_0.462,1.0,0.5,off_1.0,2,off_0.0000,0.0,0.067,0.134
unemployment_CIRCULAR,0.0,dws_0.462,1.0,0.5,off_1.0,2,AR_recent_0.0035,0.0035,0.0705,0.141
unemployment_CIRCULAR,0.0,dws_0.462,1.0,0.5,off_1.0,2,AR_postwar_0.0047,0.0047,0.0715,0.143
unemployment_CIRCULAR,0.0,dws_0.462,1.0,0.5,off_1.0,5,off_0.0000,0.0,0.0615,0.3075
unemployment_CIRCULAR,0.0,dws_0.462,1.0,0.5,off_1.0,5,AR_recent_0.0035,0.0035,0.065,0.325
unemployment_CIRCULAR,0.0,dws_0.462,1.0,0.5,off_1.0,5,AR_postwar_0.0047,0.0047,0.066,0.33
unemployment_CIRCULAR,0.0,dws_0.462,1.0,0.5,off_1.0,10,off_0.0000,0.0,0.0615,0.615
unemployment_CIRCULAR,0.0,dws_0.462,1.0,0.5,off_1.0,10,AR_recent_0.0035,0.0035,0.065,0.65
unemployment_CIRCULAR,0.0,dws_0.462,1.0,0.5,off_1.0,10,AR_postwar_0.0047,0.0047,0.066,0.66
unemployment_CIRCULAR,0.0,dws_0.462,1.0,0.5,off_1.0,20,off_0.0000,0.0,0.0615,1.23
unemployment_CIRCULAR,0.0,dws_0.462,1.0,0.5,off_1.0,20,AR_recent_0.0035,0.0035,0.065,1.3
unemployment_CIRCULAR,0.0,dws_0.462,1.0,0.5,off_1.0,20,AR_postwar_0.0047,0.0047,0.066,1.32
unemployment_CIRCULAR,0.0,dws_0.462,1.0,0.5,on_1.5,2,off_0.0000,0.0,0.0665,0.133
unemployment_CIRCULAR,0.0,dws_0.462,1.0,0.5,on_1.5,2,AR_recent_0.0035,0.0035,0.07,0.14
unemployment_CIRCULAR,0.0,dws_0.462,1.0,0.5,on_1.5,2,AR_postwar_0.0047,0.0047,0.0715,0.143
unemployment_CIRCULAR,0.0,dws_0.462,1.0,0.5,on_1.5,5,off_0.0000,0.0,0.0665,0.3325
unemployment_CIRCULAR,0.0,dws_0.462,1.0,0.5,on_1.5,5,AR_recent_0.0035,0.0035,0.07,0.35
unemployment_CIRCULAR,0.0,dws_0.462,1.0,0.5,on_1.5,5,AR_postwar_0.0047,0.0047,0.0715,0.3575
unemployment_CIRCULAR,0.0,dws_0.462,1.0,0.5,on_1.5,10,off_0.0000,0.0,0.0665,0.665
unemployment_CIRCULAR,0.0,dws_0.462,1.0,0.5,on_1.5,10,AR_recent_0.0035,0.0035,0.07,0.7
unemployment_CIRCULAR,0.0,dws_0.462,1.0,0.5,on_1.5,10,AR_postwar_0.0047,0.0047,0.0715,0.715
unemployment_CIRCULAR,0.0,dws_0.462,1.0,0.5,on_1.5,20,off_0.0000,0.0,0.0665,1.33
unemployment_CIRCULAR,0.0,dws_0.462,1.0,0.5,on_1.5,20,AR_recent_0.0035,0.0035,0.07,1.4
unemployment_CIRCULAR,0.0,dws_0.462,1.0,0.5,on_1.5,20,AR_postwar_0.0047,0.0047,0.0715,1.43
unemployment_CIRCULAR,0.0,dws_0.462,1.0,1.0,off_1.0,2,off_0.0000,0.0,0.067,0.134
unemployment_CIRCULAR,0.0,dws_0.462,1.0,1.0,off_1.0,2,AR_recent_0.0035,0.0035,0.0705,0.141
unemployment_CIRCULAR,0.0,dws_0.462,1.0,1.0,off_1.0,2,AR_postwar_0.0047,0.0047,0.0715,0.143
unemployment_CIRCULAR,0.0,dws_0.462,1.0,1.0,off_1.0,5,off_0.0000,0.0,0.0615,0.3075
unemployment_CIRCULAR,0.0,dws_0.462,1.0,1.0,off_1.0,5,AR_recent_0.0035,0.0035,0.065,0.325
unemployment_CIRCULAR,0.0,dws_0.462,1.0,1.0,off_1.0,5,AR_postwar_0.0047,0.0047,0.066,0.33
unemployment_CIRCULAR,0.0,dws_0.462,1.0,1.0,off_1.0,10,off_0.0000,0.0,0.0615,0.615
unemployment_CIRCULAR,0.0,dws_0.462,1.0,1.0,off_1.0,10,AR_recent_0.0035,0.0035,0.065,0.65
unemployment_CIRCULAR,0.0,dws_0.462,1.0,1.0,off_1.0,10,AR_postwar_0.0047,0.0047,0.066,0.66
unemployment_CIRCULAR,0.0,dws_0.462,1.0,1.0,off_1.0,20,off_0.0000,0.0,0.0615,1.23
unemployment_CIRCULAR,0.0,dws_0.462,1.0,1.0,off_1.0,20,AR_recent_0.0035,0.0035,0.065,1.3
unemployment_CIRCULAR,0.0,dws_0.462,1.0,1.0,off_1.0,20,AR_postwar_0.0047,0.0047,0.066,1.32
unemployment_CIRCULAR,0.0,dws_0.462,1.0,1.0,on_1.5,2,off_0.0000,0.0,0.0665,0.133
unemployment_CIRCULAR,0.0,dws_0.462,1.0,1.0,on_1.5,2,AR_recent_0.0035,0.0035,0.07,0.14
unemployment_CIRCULAR,0.0,dws_0.462,1.0,1.0,on_1.5,2,AR_postwar_0.0047,0.0047,0.0715,0.143
unemployment_CIRCULAR,0.0,dws_0.462,1.0,1.0,on_1.5,5,off_0.0000,0.0,0.0665,0.3325
unemployment_CIRCULAR,0.0,dws_0.462,1.0,1.0,on_1.5,5,AR_recent_0.0035,0.0035,0.07,0.35
unemployment_CIRCULAR,0.0,dws_0.462,1.0,1.0,on_1.5,5,AR_postwar_0.0047,0.0047,0.0715,0.3575
unemployment_CIRCULAR,0.0,dws_0.462,1.0,1.0,on_1.5,10,off_0.0000,0.0,0.0665,0.665
unemployment_CIRCULAR,0.0,dws_0.462,1.0,1.0,on_1.5,10,AR_recent_0.0035,0.0035,0.07,0.7
unemployment_CIRCULAR,0.0,dws_0.462,1.0,1.0,on_1.5,10,AR_postwar_0.0047,0.0047,0.0715,0.715
unemployment_CIRCULAR,0.0,dws_0.462,1.0,1.0,on_1.5,20,off_0.0000,0.0,0.0665,1.33
unemployment_CIRCULAR,0.0,dws_0.462,1.0,1.0,on_1.5,20,AR_recent_0.0035,0.0035,0.07,1.4
unemployment_CIRCULAR,0.0,dws_0.462,1.0,1.0,on_1.5,20,AR_postwar_0.0047,0.0047,0.0715,1.43
unemployment_CIRCULAR,0.0,dws_0.462,1.5,0.0,off_1.0,2,off_0.0000,0.0,0.067,0.134
unemployment_CIRCULAR,0.0,dws_0.462,1.5,0.0,off_1.0,2,AR_recent_0.0035,0.0035,0.0705,0.141
unemployment_CIRCULAR,0.0,dws_0.462,1.5,0.0,off_1.0,2,AR_postwar_0.0047,0.0047,0.072,0.144
unemployment_CIRCULAR,0.0,dws_0.462,1.5,0.0,off_1.0,5,off_0.0000,0.0,0.0475,0.2375
unemployment_CIRCULAR,0.0,dws_0.462,1.5,0.0,off_1.0,5,AR_recent_0.0035,0.0035,0.051,0.255
unemployment_CIRCULAR,0.0,dws_0.462,1.5,0.0,off_1.0,5,AR_postwar_0.0047,0.0047,0.052,0.26
unemployment_CIRCULAR,0.0,dws_0.462,1.5,0.0,off_1.0,10,off_0.0000,0.0,0.0465,0.465
unemployment_CIRCULAR,0.0,dws_0.462,1.5,0.0,off_1.0,10,AR_recent_0.0035,0.0035,0.05,0.5
unemployment_CIRCULAR,0.0,dws_0.462,1.5,0.0,off_1.0,10,AR_postwar_0.0047,0.0047,0.051,0.51
unemployment_CIRCULAR,0.0,dws_0.462,1.5,0.0,off_1.0,20,off_0.0000,0.0,0.0465,0.93
unemployment_CIRCULAR,0.0,dws_0.462,1.5,0.0,off_1.0,20,AR_recent_0.0035,0.0035,0.05,1.0
unemployment_CIRCULAR,0.0,dws_0.462,1.5,0.0,off_1.0,20,AR_postwar_0.0047,0.0047,0.051,1.02
unemployment_CIRCULAR,0.0,dws_0.462,1.5,0.0,on_1.5,2,off_0.0000,0.0,0.067,0.134
unemployment_CIRCULAR,0.0,dws_0.462,1.5,0.0,on_1.5,2,AR_recent_0.0035,0.0035,0.0705,0.141
unemployment_CIRCULAR,0.0,dws_0.462,1.5,0.0,on_1.5,2,AR_postwar_0.0047,0.0047,0.0715,0.143
unemployment_CIRCULAR,0.0,dws_0.462,1.5,0.0,on_1.5,5,off_0.0000,0.0,0.0525,0.2625
unemployment_CIRCULAR,0.0,dws_0.462,1.5,0.0,on_1.5,5,AR_recent_0.0035,0.0035,0.056,0.28
unemployment_CIRCULAR,0.0,dws_0.462,1.5,0.0,on_1.5,5,AR_postwar_0.0047,0.0047,0.057,0.285
unemployment_CIRCULAR,0.0,dws_0.462,1.5,0.0,on_1.5,10,off_0.0000,0.0,0.052,0.52
unemployment_CIRCULAR,0.0,dws_0.462,1.5,0.0,on_1.5,10,AR_recent_0.0035,0.0035,0.0555,0.555
unemployment_CIRCULAR,0.0,dws_0.462,1.5,0.0,on_1.5,10,AR_postwar_0.0047,0.0047,0.057,0.57
unemployment_CIRCULAR,0.0,dws_0.462,1.5,0.0,on_1.5,20,off_0.0000,0.0,0.052,1.04
unemployment_CIRCULAR,0.0,dws_0.462,1.5,0.0,on_1.5,20,AR_recent_0.0035,0.0035,0.0555,1.11
unemployment_CIRCULAR,0.0,dws_0.462,1.5,0.0,on_1.5,20,AR_postwar_0.0047,0.0047,0.057,1.14
unemployment_CIRCULAR,0.0,dws_0.462,1.5,0.5,off_1.0,2,off_0.0000,0.0,0.067,0.134
unemployment_CIRCULAR,0.0,dws_0.462,1.5,0.5,off_1.0,2,AR_recent_0.0035,0.0035,0.0705,0.141
unemployment_CIRCULAR,0.0,dws_0.462,1.5,0.5,off_1.0,2,AR_postwar_0.0047,0.0047,0.072,0.144
unemployment_CIRCULAR,0.0,dws_0.462,1.5,0.5,off_1.0,5,off_0.0000,0.0,0.0475,0.2375
unemployment_CIRCULAR,0.0,dws_0.462,1.5,0.5,off_1.0,5,AR_recent_0.0035,0.0035,0.051,0.255
unemployment_CIRCULAR,0.0,dws_0.462,1.5,0.5,off_1.0,5,AR_postwar_0.0047,0.0047,0.052,0.26
unemployment_CIRCULAR,0.0,dws_0.462,1.5,0.5,off_1.0,10,off_0.0000,0.0,0.0465,0.465
unemployment_CIRCULAR,0.0,dws_0.462,1.5,0.5,off_1.0,10,AR_recent_0.0035,0.0035,0.05,0.5
unemployment_CIRCULAR,0.0,dws_0.462,1.5,0.5,off_1.0,10,AR_postwar_0.0047,0.0047,0.051,0.51
unemployment_CIRCULAR,0.0,dws_0.462,1.5,0.5,off_1.0,20,off_0.0000,0.0,0.0465,0.93
unemployment_CIRCULAR,0.0,dws_0.462,1.5,0.5,off_1.0,20,AR_recent_0.0035,0.0035,0.05,1.0
unemployment_CIRCULAR,0.0,dws_0.462,1.5,0.5,off_1.0,20,AR_postwar_0.0047,0.0047,0.051,1.02
unemployment_CIRCULAR,0.0,dws_0.462,1.5,0.5,on_1.5,2,off_0.0000,0.0,0.067,0.134
unemployment_CIRCULAR,0.0,dws_0.462,1.5,0.5,on_1.5,2,AR_recent_0.0035,0.0035,0.0705,0.141
unemployment_CIRCULAR,0.0,dws_0.462,1.5,0.5,on_1.5,2,AR_postwar_0.0047,0.0047,0.0715,0.143
unemployment_CIRCULAR,0.0,dws_0.462,1.5,0.5,on_1.5,5,off_0.0000,0.0,0.0525,0.2625
unemployment_CIRCULAR,0.0,dws_0.462,1.5,0.5,on_1.5,5,AR_recent_0.0035,0.0035,0.056,0.28
unemployment_CIRCULAR,0.0,dws_0.462,1.5,0.5,on_1.5,5,AR_postwar_0.0047,0.0047,0.057,0.285
unemployment_CIRCULAR,0.0,dws_0.462,1.5,0.5,on_1.5,10,off_0.0000,0.0,0.052,0.52
unemployment_CIRCULAR,0.0,dws_0.462,1.5,0.5,on_1.5,10,AR_recent_0.0035,0.0035,0.0555,0.555
unemployment_CIRCULAR,0.0,dws_0.462,1.5,0.5,on_1.5,10,AR_postwar_0.0047,0.0047,0.057,0.57
unemployment_CIRCULAR,0.0,dws_0.462,1.5,0.5,on_1.5,20,off_0.0000,0.0,0.052,1.04
unemployment_CIRCULAR,0.0,dws_0.462,1.5,0.5,on_1.5,20,AR_recent_0.0035,0.0035,0.0555,1.11
unemployment_CIRCULAR,0.0,dws_0.462,1.5,0.5,on_1.5,20,AR_postwar_0.0047,0.0047,0.057,1.14
unemployment_CIRCULAR,0.0,dws_0.462,1.5,1.0,off_1.0,2,off_0.0000,0.0,0.067,0.134
unemployment_CIRCULAR,0.0,dws_0.462,1.5,1.0,off_1.0,2,AR_recent_0.0035,0.0035,0.0705,0.141
unemployment_CIRCULAR,0.0,dws_0.462,1.5,1.0,off_1.0,2,AR_postwar_0.0047,0.0047,0.072,0.144
unemployment_CIRCULAR,0.0,dws_0.462,1.5,1.0,off_1.0,5,off_0.0000,0.0,0.0475,0.2375
unemployment_CIRCULAR,0.0,dws_0.462,1.5,1.0,off_1.0,5,AR_recent_0.0035,0.0035,0.051,0.255
unemployment_CIRCULAR,0.0,dws_0.462,1.5,1.0,off_1.0,5,AR_postwar_0.0047,0.0047,0.052,0.26
unemployment_CIRCULAR,0.0,dws_0.462,1.5,1.0,off_1.0,10,off_0.0000,0.0,0.0465,0.465
unemployment_CIRCULAR,0.0,dws_0.462,1.5,1.0,off_1.0,10,AR_recent_0.0035,0.0035,0.05,0.5
unemployment_CIRCULAR,0.0,dws_0.462,1.5,1.0,off_1.0,10,AR_postwar_0.0047,0.0047,0.051,0.51
unemployment_CIRCULAR,0.0,dws_0.462,1.5,1.0,off_1.0,20,off_0.0000,0.0,0.0465,0.93
unemployment_CIRCULAR,0.0,dws_0.462,1.5,1.0,off_1.0,20,AR_recent_0.0035,0.0035,0.05,1.0
unemployment_CIRCULAR,0.0,dws_0.462,1.5,1.0,off_1.0,20,AR_postwar_0.0047,0.0047,0.051,1.02
unemployment_CIRCULAR,0.0,dws_0.462,1.5,1.0,on_1.5,2,off_0.0000,0.0,0.067,0.134
unemployment_CIRCULAR,0.0,dws_0.462,1.5,1.0,on_1.5,2,AR_recent_0.0035,0.0035,0.0705,0.141
unemployment_CIRCULAR,0.0,dws_0.462,1.5,1.0,on_1.5,2,AR_postwar_0.0047,0.0047,0.0715,0.143
unemployment_CIRCULAR,0.0,dws_0.462,1.5,1.0,on_1.5,5,off_0.0000,0.0,0.0525,0.2625
unemployment_CIRCULAR,0.0,dws_0.462,1.5,1.0,on_1.5,5,AR_recent_0.0035,0.0035,0.056,0.28
unemployment_CIRCULAR,0.0,dws_0.462,1.5,1.0,on_1.5,5,AR_postwar_0.0047,0.0047,0.057,0.285
unemployment_CIRCULAR,0.0,dws_0.462,1.5,1.0,on_1.5,10,off_0.0000,0.0,0.052,0.52
unemployment_CIRCULAR,0.0,dws_0.462,1.5,1.0,on_1.5,10,AR_recent_0.0035,0.0035,0.0555,0.555
unemployment_CIRCULAR,0.0,dws_0.462,1.5,1.0,on_1.5,10,AR_postwar_0.0047,0.0047,0.057,0.57
unemployment_CIRCULAR,0.0,dws_0.462,1.5,1.0,on_1.5,20,off_0.0000,0.0,0.052,1.04
unemployment_CIRCULAR,0.0,dws_0.462,1.5,1.0,on_1.5,20,AR_recent_0.0035,0.0035,0.0555,1.11
unemployment_CIRCULAR,0.0,dws_0.462,1.5,1.0,on_1.5,20,AR_postwar_0.0047,0.0047,0.057,1.14
unemployment_CIRCULAR,0.0,dws_0.462,2.0,0.0,off_1.0,2,off_0.0000,0.0,0.067,0.134
unemployment_CIRCULAR,0.0,dws_0.462,2.0,0.0,off_1.0,2,AR_recent_0.0035,0.0035,0.0705,0.141
unemployment_CIRCULAR,0.0,dws_0.462,2.0,0.0,off_1.0,2,AR_postwar_0.0047,0.0047,0.072,0.144
unemployment_CIRCULAR,0.0,dws_0.462,2.0,0.0,off_1.0,5,off_0.0000,0.0,0.0405,0.2025
unemployment_CIRCULAR,0.0,dws_0.462,2.0,0.0,off_1.0,5,AR_recent_0.0035,0.0035,0.044,0.22
unemployment_CIRCULAR,0.0,dws_0.462,2.0,0.0,off_1.0,5,AR_postwar_0.0047,0.0047,0.045,0.225
unemployment_CIRCULAR,0.0,dws_0.462,2.0,0.0,off_1.0,10,off_0.0000,0.0,0.038,0.38
unemployment_CIRCULAR,0.0,dws_0.462,2.0,0.0,off_1.0,10,AR_recent_0.0035,0.0035,0.0415,0.415
unemployment_CIRCULAR,0.0,dws_0.462,2.0,0.0,off_1.0,10,AR_postwar_0.0047,0.0047,0.0425,0.425
unemployment_CIRCULAR,0.0,dws_0.462,2.0,0.0,off_1.0,20,off_0.0000,0.0,0.0375,0.75
unemployment_CIRCULAR,0.0,dws_0.462,2.0,0.0,off_1.0,20,AR_recent_0.0035,0.0035,0.041,0.82
unemployment_CIRCULAR,0.0,dws_0.462,2.0,0.0,off_1.0,20,AR_postwar_0.0047,0.0047,0.0425,0.85
unemployment_CIRCULAR,0.0,dws_0.462,2.0,0.0,on_1.5,2,off_0.0000,0.0,0.067,0.134
unemployment_CIRCULAR,0.0,dws_0.462,2.0,0.0,on_1.5,2,AR_recent_0.0035,0.0035,0.0705,0.141
unemployment_CIRCULAR,0.0,dws_0.462,2.0,0.0,on_1.5,2,AR_postwar_0.0047,0.0047,0.072,0.144
unemployment_CIRCULAR,0.0,dws_0.462,2.0,0.0,on_1.5,5,off_0.0000,0.0,0.0435,0.2175
unemployment_CIRCULAR,0.0,dws_0.462,2.0,0.0,on_1.5,5,AR_recent_0.0035,0.0035,0.047,0.235
unemployment_CIRCULAR,0.0,dws_0.462,2.0,0.0,on_1.5,5,AR_postwar_0.0047,0.0047,0.048,0.24
unemployment_CIRCULAR,0.0,dws_0.462,2.0,0.0,on_1.5,10,off_0.0000,0.0,0.042,0.42
unemployment_CIRCULAR,0.0,dws_0.462,2.0,0.0,on_1.5,10,AR_recent_0.0035,0.0035,0.0455,0.455
unemployment_CIRCULAR,0.0,dws_0.462,2.0,0.0,on_1.5,10,AR_postwar_0.0047,0.0047,0.047,0.47
unemployment_CIRCULAR,0.0,dws_0.462,2.0,0.0,on_1.5,20,off_0.0000,0.0,0.042,0.84
unemployment_CIRCULAR,0.0,dws_0.462,2.0,0.0,on_1.5,20,AR_recent_0.0035,0.0035,0.0455,0.91
unemployment_CIRCULAR,0.0,dws_0.462,2.0,0.0,on_1.5,20,AR_postwar_0.0047,0.0047,0.0465,0.93
unemployment_CIRCULAR,0.0,dws_0.462,2.0,0.5,off_1.0,2,off_0.0000,0.0,0.067,0.134
unemployment_CIRCULAR,0.0,dws_0.462,2.0,0.5,off_1.0,2,AR_recent_0.0035,0.0035,0.0705,0.141
unemployment_CIRCULAR,0.0,dws_0.462,2.0,0.5,off_1.0,2,AR_postwar_0.0047,0.0047,0.072,0.144
unemployment_CIRCULAR,0.0,dws_0.462,2.0,0.5,off_1.0,5,off_0.0000,0.0,0.0405,0.2025
unemployment_CIRCULAR,0.0,dws_0.462,2.0,0.5,off_1.0,5,AR_recent_0.0035,0.0035,0.044,0.22
unemployment_CIRCULAR,0.0,dws_0.462,2.0,0.5,off_1.0,5,AR_postwar_0.0047,0.0047,0.045,0.225
unemployment_CIRCULAR,0.0,dws_0.462,2.0,0.5,off_1.0,10,off_0.0000,0.0,0.038,0.38
unemployment_CIRCULAR,0.0,dws_0.462,2.0,0.5,off_1.0,10,AR_recent_0.0035,0.0035,0.0415,0.415
unemployment_CIRCULAR,0.0,dws_0.462,2.0,0.5,off_1.0,10,AR_postwar_0.0047,0.0047,0.0425,0.425
unemployment_CIRCULAR,0.0,dws_0.462,2.0,0.5,off_1.0,20,off_0.0000,0.0,0.0375,0.75
unemployment_CIRCULAR,0.0,dws_0.462,2.0,0.5,off_1.0,20,AR_recent_0.0035,0.0035,0.041,0.82
unemployment_CIRCULAR,0.0,dws_0.462,2.0,0.5,off_1.0,20,AR_postwar_0.0047,0.0047,0.0425,0.85
unemployment_CIRCULAR,0.0,dws_0.462,2.0,0.5,on_1.5,2,off_0.0000,0.0,0.067,0.134
unemployment_CIRCULAR,0.0,dws_0.462,2.0,0.5,on_1.5,2,AR_recent_0.0035,0.0035,0.0705,0.141
unemployment_CIRCULAR,0.0,dws_0.462,2.0,0.5,on_1.5,2,AR_postwar_0.0047,0.0047,0.072,0.144
unemployment_CIRCULAR,0.0,dws_0.462,2.0,0.5,on_1.5,5,off_0.0000,0.0,0.0435,0.2175
unemployment_CIRCULAR,0.0,dws_0.462,2.0,0.5,on_1.5,5,AR_recent_0.0035,0.0035,0.047,0.235
unemployment_CIRCULAR,0.0,dws_0.462,2.0,0.5,on_1.5,5,AR_postwar_0.0047,0.0047,0.048,0.24
unemployment_CIRCULAR,0.0,dws_0.462,2.0,0.5,on_1.5,10,off_0.0000,0.0,0.042,0.42
unemployment_CIRCULAR,0.0,dws_0.462,2.0,0.5,on_1.5,10,AR_recent_0.0035,0.0035,0.0455,0.455
unemployment_CIRCULAR,0.0,dws_0.462,2.0,0.5,on_1.5,10,AR_postwar_0.0047,0.0047,0.047,0.47
unemployment_CIRCULAR,0.0,dws_0.462,2.0,0.5,on_1.5,20,off_0.0000,0.0,0.042,0.84
unemployment_CIRCULAR,0.0,dws_0.462,2.0,0.5,on_1.5,20,AR_recent_0.0035,0.0035,0.0455,0.91
unemployment_CIRCULAR,0.0,dws_0.462,2.0,0.5,on_1.5,20,AR_postwar_0.0047,0.0047,0.0465,0.93
unemployment_CIRCULAR,0.0,dws_0.462,2.0,1.0,off_1.0,2,off_0.0000,0.0,0.067,0.134
unemployment_CIRCULAR,0.0,dws_0.462,2.0,1.0,off_1.0,2,AR_recent_0.0035,0.0035,0.0705,0.141
unemployment_CIRCULAR,0.0,dws_0.462,2.0,1.0,off_1.0,2,AR_postwar_0.0047,0.0047,0.072,0.144
unemployment_CIRCULAR,0.0,dws_0.462,2.0,1.0,off_1.0,5,off_0.0000,0.0,0.0405,0.2025
unemployment_CIRCULAR,0.0,dws_0.462,2.0,1.0,off_1.0,5,AR_recent_0.0035,0.0035,0.044,0.22
unemployment_CIRCULAR,0.0,dws_0.462,2.0,1.0,off_1.0,5,AR_postwar_0.0047,0.0047,0.045,0.225
unemployment_CIRCULAR,0.0,dws_0.462,2.0,1.0,off_1.0,10,off_0.0000,0.0,0.038,0.38
unemployment_CIRCULAR,0.0,dws_0.462,2.0,1.0,off_1.0,10,AR_recent_0.0035,0.0035,0.0415,0.415
unemployment_CIRCULAR,0.0,dws_0.462,2.0,1.0,off_1.0,10,AR_postwar_0.0047,0.0047,0.0425,0.425
unemployment_CIRCULAR,0.0,dws_0.462,2.0,1.0,off_1.0,20,off_0.0000,0.0,0.0375,0.75
unemployment_CIRCULAR,0.0,dws_0.462,2.0,1.0,off_1.0,20,AR_recent_0.0035,0.0035,0.041,0.82
unemployment_CIRCULAR,0.0,dws_0.462,2.0,1.0,off_1.0,20,AR_postwar_0.0047,0.0047,0.0425,0.85
unemployment_CIRCULAR,0.0,dws_0.462,2.0,1.0,on_1.5,2,off_0.0000,0.0,0.067,0.134
unemployment_CIRCULAR,0.0,dws_0.462,2.0,1.0,on_1.5,2,AR_recent_0.0035,0.0035,0.0705,0.141
unemployment_CIRCULAR,0.0,dws_0.462,2.0,1.0,on_1.5,2,AR_postwar_0.0047,0.0047,0.072,0.144
unemployment_CIRCULAR,0.0,dws_0.462,2.0,1.0,on_1.5,5,off_0.0000,0.0,0.0435,0.2175
unemployment_CIRCULAR,0.0,dws_0.462,2.0,1.0,on_1.5,5,AR_recent_0.0035,0.0035,0.047,0.235
unemployment_CIRCULAR,0.0,dws_0.462,2.0,1.0,on_1.5,5,AR_postwar_0.0047,0.0047,0.048,0.24
unemployment_CIRCULAR,0.0,dws_0.462,2.0,1.0,on_1.5,10,off_0.0000,0.0,0.042,0.42
unemployment_CIRCULAR,0.0,dws_0.462,2.0,1.0,on_1.5,10,AR_recent_0.0035,0.0035,0.0455,0.455
unemployment_CIRCULAR,0.0,dws_0.462,2.0,1.0,on_1.5,10,AR_postwar_0.0047,0.0047,0.047,0.47
unemployment_CIRCULAR,0.0,dws_0.462,2.0,1.0,on_1.5,20,off_0.0000,0.0,0.042,0.84
unemployment_CIRCULAR,0.0,dws_0.462,2.0,1.0,on_1.5,20,AR_recent_0.0035,0.0035,0.0455,0.91
unemployment_CIRCULAR,0.0,dws_0.462,2.0,1.0,on_1.5,20,AR_postwar_0.0047,0.0047,0.0465,0.93
unemployment_CIRCULAR,0.0,dws_low_0.296,1.0,0.0,off_1.0,2,off_0.0000,0.0,0.067,0.134
unemployment_CIRCULAR,0.0,dws_low_0.296,1.0,0.0,off_1.0,2,AR_recent_0.0035,0.0035,0.0705,0.141
unemployment_CIRCULAR,0.0,dws_low_0.296,1.0,0.0,off_1.0,2,AR_postwar_0.0047,0.0047,0.072,0.144
unemployment_CIRCULAR,0.0,dws_low_0.296,1.0,0.0,off_1.0,5,off_0.0000,0.0,0.0515,0.2575
unemployment_CIRCULAR,0.0,dws_low_0.296,1.0,0.0,off_1.0,5,AR_recent_0.0035,0.0035,0.055,0.275
unemployment_CIRCULAR,0.0,dws_low_0.296,1.0,0.0,off_1.0,5,AR_postwar_0.0047,0.0047,0.056,0.28
unemployment_CIRCULAR,0.0,dws_low_0.296,1.0,0.0,off_1.0,10,off_0.0000,0.0,0.0505,0.505
unemployment_CIRCULAR,0.0,dws_low_0.296,1.0,0.0,off_1.0,10,AR_recent_0.0035,0.0035,0.054,0.54
unemployment_CIRCULAR,0.0,dws_low_0.296,1.0,0.0,off_1.0,10,AR_postwar_0.0047,0.0047,0.0555,0.555
unemployment_CIRCULAR,0.0,dws_low_0.296,1.0,0.0,off_1.0,20,off_0.0000,0.0,0.0505,1.01
unemployment_CIRCULAR,0.0,dws_low_0.296,1.0,0.0,off_1.0,20,AR_recent_0.0035,0.0035,0.054,1.08
unemployment_CIRCULAR,0.0,dws_low_0.296,1.0,0.0,off_1.0,20,AR_postwar_0.0047,0.0047,0.0555,1.11
unemployment_CIRCULAR,0.0,dws_low_0.296,1.0,0.0,on_1.5,2,off_0.0000,0.0,0.067,0.134
unemployment_CIRCULAR,0.0,dws_low_0.296,1.0,0.0,on_1.5,2,AR_recent_0.0035,0.0035,0.0705,0.141
unemployment_CIRCULAR,0.0,dws_low_0.296,1.0,0.0,on_1.5,2,AR_postwar_0.0047,0.0047,0.0715,0.143
unemployment_CIRCULAR,0.0,dws_low_0.296,1.0,0.0,on_1.5,5,off_0.0000,0.0,0.056,0.28
unemployment_CIRCULAR,0.0,dws_low_0.296,1.0,0.0,on_1.5,5,AR_recent_0.0035,0.0035,0.0595,0.2975
unemployment_CIRCULAR,0.0,dws_low_0.296,1.0,0.0,on_1.5,5,AR_postwar_0.0047,0.0047,0.061,0.305
unemployment_CIRCULAR,0.0,dws_low_0.296,1.0,0.0,on_1.5,10,off_0.0000,0.0,0.056,0.56
unemployment_CIRCULAR,0.0,dws_low_0.296,1.0,0.0,on_1.5,10,AR_recent_0.0035,0.0035,0.0595,0.595
unemployment_CIRCULAR,0.0,dws_low_0.296,1.0,0.0,on_1.5,10,AR_postwar_0.0047,0.0047,0.0605,0.605
unemployment_CIRCULAR,0.0,dws_low_0.296,1.0,0.0,on_1.5,20,off_0.0000,0.0,0.056,1.12
unemployment_CIRCULAR,0.0,dws_low_0.296,1.0,0.0,on_1.5,20,AR_recent_0.0035,0.0035,0.0595,1.19
unemployment_CIRCULAR,0.0,dws_low_0.296,1.0,0.0,on_1.5,20,AR_postwar_0.0047,0.0047,0.0605,1.21
unemployment_CIRCULAR,0.0,dws_low_0.296,1.0,0.5,off_1.0,2,off_0.0000,0.0,0.067,0.134
unemployment_CIRCULAR,0.0,dws_low_0.296,1.0,0.5,off_1.0,2,AR_recent_0.0035,0.0035,0.0705,0.141
unemployment_CIRCULAR,0.0,dws_low_0.296,1.0,0.5,off_1.0,2,AR_postwar_0.0047,0.0047,0.072,0.144
unemployment_CIRCULAR,0.0,dws_low_0.296,1.0,0.5,off_1.0,5,off_0.0000,0.0,0.0515,0.2575
unemployment_CIRCULAR,0.0,dws_low_0.296,1.0,0.5,off_1.0,5,AR_recent_0.0035,0.0035,0.055,0.275
unemployment_CIRCULAR,0.0,dws_low_0.296,1.0,0.5,off_1.0,5,AR_postwar_0.0047,0.0047,0.056,0.28
unemployment_CIRCULAR,0.0,dws_low_0.296,1.0,0.5,off_1.0,10,off_0.0000,0.0,0.0505,0.505
unemployment_CIRCULAR,0.0,dws_low_0.296,1.0,0.5,off_1.0,10,AR_recent_0.0035,0.0035,0.054,0.54
unemployment_CIRCULAR,0.0,dws_low_0.296,1.0,0.5,off_1.0,10,AR_postwar_0.0047,0.0047,0.0555,0.555
unemployment_CIRCULAR,0.0,dws_low_0.296,1.0,0.5,off_1.0,20,off_0.0000,0.0,0.0505,1.01
unemployment_CIRCULAR,0.0,dws_low_0.296,1.0,0.5,off_1.0,20,AR_recent_0.0035,0.0035,0.054,1.08
unemployment_CIRCULAR,0.0,dws_low_0.296,1.0,0.5,off_1.0,20,AR_postwar_0.0047,0.0047,0.0555,1.11
unemployment_CIRCULAR,0.0,dws_low_0.296,1.0,0.5,on_1.5,2,off_0.0000,0.0,0.067,0.134
unemployment_CIRCULAR,0.0,dws_low_0.296,1.0,0.5,on_1.5,2,AR_recent_0.0035,0.0035,0.0705,0.141
unemployment_CIRCULAR,0.0,dws_low_0.296,1.0,0.5,on_1.5,2,AR_postwar_0.0047,0.0047,0.0715,0.143
unemployment_CIRCULAR,0.0,dws_low_0.296,1.0,0.5,on_1.5,5,off_0.0000,0.0,0.056,0.28
unemployment_CIRCULAR,0.0,dws_low_0.296,1.0,0.5,on_1.5,5,AR_recent_0.0035,0.0035,0.0595,0.2975
unemployment_CIRCULAR,0.0,dws_low_0.296,1.0,0.5,on_1.5,5,AR_postwar_0.0047,0.0047,0.061,0.305
unemployment_CIRCULAR,0.0,dws_low_0.296,1.0,0.5,on_1.5,10,off_0.0000,0.0,0.056,0.56
unemployment_CIRCULAR,0.0,dws_low_0.296,1.0,0.5,on_1.5,10,AR_recent_0.0035,0.0035,0.0595,0.595
unemployment_CIRCULAR,0.0,dws_low_0.296,1.0,0.5,on_1.5,10,AR_postwar_0.0047,0.0047,0.0605,0.605
unemployment_CIRCULAR,0.0,dws_low_0.296,1.0,0.5,on_1.5,20,off_0.0000,0.0,0.056,1.12
unemployment_CIRCULAR,0.0,dws_low_0.296,1.0,0.5,on_1.5,20,AR_recent_0.0035,0.0035,0.0595,1.19
unemployment_CIRCULAR,0.0,dws_low_0.296,1.0,0.5,on_1.5,20,AR_postwar_0.0047,0.0047,0.0605,1.21
unemployment_CIRCULAR,0.0,dws_low_0.296,1.0,1.0,off_1.0,2,off_0.0000,0.0,0.067,0.134
unemployment_CIRCULAR,0.0,dws_low_0.296,1.0,1.0,off_1.0,2,AR_recent_0.0035,0.0035,0.0705,0.141
unemployment_CIRCULAR,0.0,dws_low_0.296,1.0,1.0,off_1.0,2,AR_postwar_0.0047,0.0047,0.072,0.144
unemployment_CIRCULAR,0.0,dws_low_0.296,1.0,1.0,off_1.0,5,off_0.0000,0.0,0.0515,0.2575
unemployment_CIRCULAR,0.0,dws_low_0.296,1.0,1.0,off_1.0,5,AR_recent_0.0035,0.0035,0.055,0.275
unemployment_CIRCULAR,0.0,dws_low_0.296,1.0,1.0,off_1.0,5,AR_postwar_0.0047,0.0047,0.056,0.28
unemployment_CIRCULAR,0.0,dws_low_0.296,1.0,1.0,off_1.0,10,off_0.0000,0.0,0.0505,0.505
unemployment_CIRCULAR,0.0,dws_low_0.296,1.0,1.0,off_1.0,10,AR_recent_0.0035,0.0035,0.054,0.54
unemployment_CIRCULAR,0.0,dws_low_0.296,1.0,1.0,off_1.0,10,AR_postwar_0.0047,0.0047,0.0555,0.555
unemployment_CIRCULAR,0.0,dws_low_0.296,1.0,1.0,off_1.0,20,off_0.0000,0.0,0.0505,1.01
unemployment_CIRCULAR,0.0,dws_low_0.296,1.0,1.0,off_1.0,20,AR_recent_0.0035,0.0035,0.054,1.08
unemployment_CIRCULAR,0.0,dws_low_0.296,1.0,1.0,off_1.0,20,AR_postwar_0.0047,0.0047,0.0555,1.11
unemployment_CIRCULAR,0.0,dws_low_0.296,1.0,1.0,on_1.5,2,off_0.0000,0.0,0.067,0.134
unemployment_CIRCULAR,0.0,dws_low_0.296,1.0,1.0,on_1.5,2,AR_recent_0.0035,0.0035,0.0705,0.141
unemployment_CIRCULAR,0.0,dws_low_0.296,1.0,1.0,on_1.5,2,AR_postwar_0.0047,0.0047,0.0715,0.143
unemployment_CIRCULAR,0.0,dws_low_0.296,1.0,1.0,on_1.5,5,off_0.0000,0.0,0.056,0.28
unemployment_CIRCULAR,0.0,dws_low_0.296,1.0,1.0,on_1.5,5,AR_recent_0.0035,0.0035,0.0595,0.2975
unemployment_CIRCULAR,0.0,dws_low_0.296,1.0,1.0,on_1.5,5,AR_postwar_0.0047,0.0047,0.061,0.305
unemployment_CIRCULAR,0.0,dws_low_0.296,1.0,1.0,on_1.5,10,off_0.0000,0.0,0.056,0.56
unemployment_CIRCULAR,0.0,dws_low_0.296,1.0,1.0,on_1.5,10,AR_recent_0.0035,0.0035,0.0595,0.595
unemployment_CIRCULAR,0.0,dws_low_0.296,1.0,1.0,on_1.5,10,AR_postwar_0.0047,0.0047,0.0605,0.605
unemployment_CIRCULAR,0.0,dws_low_0.296,1.0,1.0,on_1.5,20,off_0.0000,0.0,0.056,1.12
unemployment_CIRCULAR,0.0,dws_low_0.296,1.0,1.0,on_1.5,20,AR_recent_0.0035,0.0035,0.0595,1.19
unemployment_CIRCULAR,0.0,dws_low_0.296,1.0,1.0,on_1.5,20,AR_postwar_0.0047,0.0047,0.0605,1.21
unemployment_CIRCULAR,0.0,dws_low_0.296,1.5,0.0,off_1.0,2,off_0.0000,0.0,0.0675,0.135
unemployment_CIRCULAR,0.0,dws_low_0.296,1.5,0.0,off_1.0,2,AR_recent_0.0035,0.0035,0.071,0.142
unemployment_CIRCULAR,0.0,dws_low_0.296,1.5,0.0,off_1.0,2,AR_postwar_0.0047,0.0047,0.072,0.144
unemployment_CIRCULAR,0.0,dws_low_0.296,1.5,0.0,off_1.0,5,off_0.0000,0.0,0.0405,0.2025
unemployment_CIRCULAR,0.0,dws_low_0.296,1.5,0.0,off_1.0,5,AR_recent_0.0035,0.0035,0.044,0.22
unemployment_CIRCULAR,0.0,dws_low_0.296,1.5,0.0,off_1.0,5,AR_postwar_0.0047,0.0047,0.0455,0.2275
unemployment_CIRCULAR,0.0,dws_low_0.296,1.5,0.0,off_1.0,10,off_0.0000,0.0,0.038,0.38
unemployment_CIRCULAR,0.0,dws_low_0.296,1.5,0.0,off_1.0,10,AR_recent_0.0035,0.0035,0.0415,0.415
unemployment_CIRCULAR,0.0,dws_low_0.296,1.5,0.0,off_1.0,10,AR_postwar_0.0047,0.0047,0.043,0.43
unemployment_CIRCULAR,0.0,dws_low_0.296,1.5,0.0,off_1.0,20,off_0.0000,0.0,0.038,0.76
unemployment_CIRCULAR,0.0,dws_low_0.296,1.5,0.0,off_1.0,20,AR_recent_0.0035,0.0035,0.0415,0.83
unemployment_CIRCULAR,0.0,dws_low_0.296,1.5,0.0,off_1.0,20,AR_postwar_0.0047,0.0047,0.0425,0.85
unemployment_CIRCULAR,0.0,dws_low_0.296,1.5,0.0,on_1.5,2,off_0.0000,0.0,0.067,0.134
unemployment_CIRCULAR,0.0,dws_low_0.296,1.5,0.0,on_1.5,2,AR_recent_0.0035,0.0035,0.0705,0.141
unemployment_CIRCULAR,0.0,dws_low_0.296,1.5,0.0,on_1.5,2,AR_postwar_0.0047,0.0047,0.072,0.144
unemployment_CIRCULAR,0.0,dws_low_0.296,1.5,0.0,on_1.5,5,off_0.0000,0.0,0.0435,0.2175
unemployment_CIRCULAR,0.0,dws_low_0.296,1.5,0.0,on_1.5,5,AR_recent_0.0035,0.0035,0.047,0.235
unemployment_CIRCULAR,0.0,dws_low_0.296,1.5,0.0,on_1.5,5,AR_postwar_0.0047,0.0047,0.048,0.24
unemployment_CIRCULAR,0.0,dws_low_0.296,1.5,0.0,on_1.5,10,off_0.0000,0.0,0.0415,0.415
unemployment_CIRCULAR,0.0,dws_low_0.296,1.5,0.0,on_1.5,10,AR_recent_0.0035,0.0035,0.045,0.45
unemployment_CIRCULAR,0.0,dws_low_0.296,1.5,0.0,on_1.5,10,AR_postwar_0.0047,0.0047,0.0465,0.465
unemployment_CIRCULAR,0.0,dws_low_0.296,1.5,0.0,on_1.5,20,off_0.0000,0.0,0.0415,0.83
unemployment_CIRCULAR,0.0,dws_low_0.296,1.5,0.0,on_1.5,20,AR_recent_0.0035,0.0035,0.045,0.9
unemployment_CIRCULAR,0.0,dws_low_0.296,1.5,0.0,on_1.5,20,AR_postwar_0.0047,0.0047,0.046,0.92
unemployment_CIRCULAR,0.0,dws_low_0.296,1.5,0.5,off_1.0,2,off_0.0000,0.0,0.0675,0.135
unemployment_CIRCULAR,0.0,dws_low_0.296,1.5,0.5,off_1.0,2,AR_recent_0.0035,0.0035,0.071,0.142
unemployment_CIRCULAR,0.0,dws_low_0.296,1.5,0.5,off_1.0,2,AR_postwar_0.0047,0.0047,0.072,0.144
unemployment_CIRCULAR,0.0,dws_low_0.296,1.5,0.5,off_1.0,5,off_0.0000,0.0,0.0405,0.2025
unemployment_CIRCULAR,0.0,dws_low_0.296,1.5,0.5,off_1.0,5,AR_recent_0.0035,0.0035,0.044,0.22
unemployment_CIRCULAR,0.0,dws_low_0.296,1.5,0.5,off_1.0,5,AR_postwar_0.0047,0.0047,0.0455,0.2275
unemployment_CIRCULAR,0.0,dws_low_0.296,1.5,0.5,off_1.0,10,off_0.0000,0.0,0.038,0.38
unemployment_CIRCULAR,0.0,dws_low_0.296,1.5,0.5,off_1.0,10,AR_recent_0.0035,0.0035,0.0415,0.415
unemployment_CIRCULAR,0.0,dws_low_0.296,1.5,0.5,off_1.0,10,AR_postwar_0.0047,0.0047,0.043,0.43
unemployment_CIRCULAR,0.0,dws_low_0.296,1.5,0.5,off_1.0,20,off_0.0000,0.0,0.038,0.76
unemployment_CIRCULAR,0.0,dws_low_0.296,1.5,0.5,off_1.0,20,AR_recent_0.0035,0.0035,0.0415,0.83
unemployment_CIRCULAR,0.0,dws_low_0.296,1.5,0.5,off_1.0,20,AR_postwar_0.0047,0.0047,0.0425,0.85
unemployment_CIRCULAR,0.0,dws_low_0.296,1.5,0.5,on_1.5,2,off_0.0000,0.0,0.067,0.134
unemployment_CIRCULAR,0.0,dws_low_0.296,1.5,0.5,on_1.5,2,AR_recent_0.0035,0.0035,0.0705,0.141
unemployment_CIRCULAR,0.0,dws_low_0.296,1.5,0.5,on_1.5,2,AR_postwar_0.0047,0.0047,0.072,0.144
unemployment_CIRCULAR,0.0,dws_low_0.296,1.5,0.5,on_1.5,5,off_0.0000,0.0,0.0435,0.2175
unemployment_CIRCULAR,0.0,dws_low_0.296,1.5,0.5,on_1.5,5,AR_recent_0.0035,0.0035,0.047,0.235
unemployment_CIRCULAR,0.0,dws_low_0.296,1.5,0.5,on_1.5,5,AR_postwar_0.0047,0.0047,0.048,0.24
unemployment_CIRCULAR,0.0,dws_low_0.296,1.5,0.5,on_1.5,10,off_0.0000,0.0,0.0415,0.415
unemployment_CIRCULAR,0.0,dws_low_0.296,1.5,0.5,on_1.5,10,AR_recent_0.0035,0.0035,0.045,0.45
unemployment_CIRCULAR,0.0,dws_low_0.296,1.5,0.5,on_1.5,10,AR_postwar_0.0047,0.0047,0.0465,0.465
unemployment_CIRCULAR,0.0,dws_low_0.296,1.5,0.5,on_1.5,20,off_0.0000,0.0,0.0415,0.83
unemployment_CIRCULAR,0.0,dws_low_0.296,1.5,0.5,on_1.5,20,AR_recent_0.0035,0.0035,0.045,0.9
unemployment_CIRCULAR,0.0,dws_low_0.296,1.5,0.5,on_1.5,20,AR_postwar_0.0047,0.0047,0.046,0.92
unemployment_CIRCULAR,0.0,dws_low_0.296,1.5,1.0,off_1.0,2,off_0.0000,0.0,0.0675,0.135
unemployment_CIRCULAR,0.0,dws_low_0.296,1.5,1.0,off_1.0,2,AR_recent_0.0035,0.0035,0.071,0.142
unemployment_CIRCULAR,0.0,dws_low_0.296,1.5,1.0,off_1.0,2,AR_postwar_0.0047,0.0047,0.072,0.144
unemployment_CIRCULAR,0.0,dws_low_0.296,1.5,1.0,off_1.0,5,off_0.0000,0.0,0.0405,0.2025
unemployment_CIRCULAR,0.0,dws_low_0.296,1.5,1.0,off_1.0,5,AR_recent_0.0035,0.0035,0.044,0.22
unemployment_CIRCULAR,0.0,dws_low_0.296,1.5,1.0,off_1.0,5,AR_postwar_0.0047,0.0047,0.0455,0.2275
unemployment_CIRCULAR,0.0,dws_low_0.296,1.5,1.0,off_1.0,10,off_0.0000,0.0,0.038,0.38
unemployment_CIRCULAR,0.0,dws_low_0.296,1.5,1.0,off_1.0,10,AR_recent_0.0035,0.0035,0.0415,0.415
unemployment_CIRCULAR,0.0,dws_low_0.296,1.5,1.0,off_1.0,10,AR_postwar_0.0047,0.0047,0.043,0.43
unemployment_CIRCULAR,0.0,dws_low_0.296,1.5,1.0,off_1.0,20,off_0.0000,0.0,0.038,0.76
unemployment_CIRCULAR,0.0,dws_low_0.296,1.5,1.0,off_1.0,20,AR_recent_0.0035,0.0035,0.0415,0.83
unemployment_CIRCULAR,0.0,dws_low_0.296,1.5,1.0,off_1.0,20,AR_postwar_0.0047,0.0047,0.0425,0.85
unemployment_CIRCULAR,0.0,dws_low_0.296,1.5,1.0,on_1.5,2,off_0.0000,0.0,0.067,0.134
unemployment_CIRCULAR,0.0,dws_low_0.296,1.5,1.0,on_1.5,2,AR_recent_0.0035,0.0035,0.0705,0.141
unemployment_CIRCULAR,0.0,dws_low_0.296,1.5,1.0,on_1.5,2,AR_postwar_0.0047,0.0047,0.072,0.144
unemployment_CIRCULAR,0.0,dws_low_0.296,1.5,1.0,on_1.5,5,off_0.0000,0.0,0.0435,0.2175
unemployment_CIRCULAR,0.0,dws_low_0.296,1.5,1.0,on_1.5,5,AR_recent_0.0035,0.0035,0.047,0.235
unemployment_CIRCULAR,0.0,dws_low_0.296,1.5,1.0,on_1.5,5,AR_postwar_0.0047,0.0047,0.048,0.24
unemployment_CIRCULAR,0.0,dws_low_0.296,1.5,1.0,on_1.5,10,off_0.0000,0.0,0.0415,0.415
unemployment_CIRCULAR,0.0,dws_low_0.296,1.5,1.0,on_1.5,10,AR_recent_0.0035,0.0035,0.045,0.45
unemployment_CIRCULAR,0.0,dws_low_0.296,1.5,1.0,on_1.5,10,AR_postwar_0.0047,0.0047,0.0465,0.465
unemployment_CIRCULAR,0.0,dws_low_0.296,1.5,1.0,on_1.5,20,off_0.0000,0.0,0.0415,0.83
unemployment_CIRCULAR,0.0,dws_low_0.296,1.5,1.0,on_1.5,20,AR_recent_0.0035,0.0035,0.045,0.9
unemployment_CIRCULAR,0.0,dws_low_0.296,1.5,1.0,on_1.5,20,AR_postwar_0.0047,0.0047,0.046,0.92
unemployment_CIRCULAR,0.0,dws_low_0.296,2.0,0.0,off_1.0,2,off_0.0000,0.0,0.0675,0.135
unemployment_CIRCULAR,0.0,dws_low_0.296,2.0,0.0,off_1.0,2,AR_recent_0.0035,0.0035,0.071,0.142
unemployment_CIRCULAR,0.0,dws_low_0.296,2.0,0.0,off_1.0,2,AR_postwar_0.0047,0.0047,0.072,0.144
unemployment_CIRCULAR,0.0,dws_low_0.296,2.0,0.0,off_1.0,5,off_0.0000,0.0,0.0355,0.1775
unemployment_CIRCULAR,0.0,dws_low_0.296,2.0,0.0,off_1.0,5,AR_recent_0.0035,0.0035,0.039,0.195
unemployment_CIRCULAR,0.0,dws_low_0.296,2.0,0.0,off_1.0,5,AR_postwar_0.0047,0.0047,0.04,0.2
unemployment_CIRCULAR,0.0,dws_low_0.296,2.0,0.0,off_1.0,10,off_0.0000,0.0,0.0315,0.315
unemployment_CIRCULAR,0.0,dws_low_0.296,2.0,0.0,off_1.0,10,AR_recent_0.0035,0.0035,0.035,0.35
unemployment_CIRCULAR,0.0,dws_low_0.296,2.0,0.0,off_1.0,10,AR_postwar_0.0047,0.0047,0.036,0.36
unemployment_CIRCULAR,0.0,dws_low_0.296,2.0,0.0,off_1.0,20,off_0.0000,0.0,0.031,0.62
unemployment_CIRCULAR,0.0,dws_low_0.296,2.0,0.0,off_1.0,20,AR_recent_0.0035,0.0035,0.0345,0.69
unemployment_CIRCULAR,0.0,dws_low_0.296,2.0,0.0,off_1.0,20,AR_postwar_0.0047,0.0047,0.0355,0.71
unemployment_CIRCULAR,0.0,dws_low_0.296,2.0,0.0,on_1.5,2,off_0.0000,0.0,0.067,0.134
unemployment_CIRCULAR,0.0,dws_low_0.296,2.0,0.0,on_1.5,2,AR_recent_0.0035,0.0035,0.0705,0.141
unemployment_CIRCULAR,0.0,dws_low_0.296,2.0,0.0,on_1.5,2,AR_postwar_0.0047,0.0047,0.072,0.144
unemployment_CIRCULAR,0.0,dws_low_0.296,2.0,0.0,on_1.5,5,off_0.0000,0.0,0.037,0.185
unemployment_CIRCULAR,0.0,dws_low_0.296,2.0,0.0,on_1.5,5,AR_recent_0.0035,0.0035,0.0405,0.2025
unemployment_CIRCULAR,0.0,dws_low_0.296,2.0,0.0,on_1.5,5,AR_postwar_0.0047,0.0047,0.042,0.21
unemployment_CIRCULAR,0.0,dws_low_0.296,2.0,0.0,on_1.5,10,off_0.0000,0.0,0.034,0.34
unemployment_CIRCULAR,0.0,dws_low_0.296,2.0,0.0,on_1.5,10,AR_recent_0.0035,0.0035,0.0375,0.375
unemployment_CIRCULAR,0.0,dws_low_0.296,2.0,0.0,on_1.5,10,AR_postwar_0.0047,0.0047,0.0385,0.385
unemployment_CIRCULAR,0.0,dws_low_0.296,2.0,0.0,on_1.5,20,off_0.0000,0.0,0.0335,0.67
unemployment_CIRCULAR,0.0,dws_low_0.296,2.0,0.0,on_1.5,20,AR_recent_0.0035,0.0035,0.037,0.74
unemployment_CIRCULAR,0.0,dws_low_0.296,2.0,0.0,on_1.5,20,AR_postwar_0.0047,0.0047,0.038,0.76
unemployment_CIRCULAR,0.0,dws_low_0.296,2.0,0.5,off_1.0,2,off_0.0000,0.0,0.0675,0.135
unemployment_CIRCULAR,0.0,dws_low_0.296,2.0,0.5,off_1.0,2,AR_recent_0.0035,0.0035,0.071,0.142
unemployment_CIRCULAR,0.0,dws_low_0.296,2.0,0.5,off_1.0,2,AR_postwar_0.0047,0.0047,0.072,0.144
unemployment_CIRCULAR,0.0,dws_low_0.296,2.0,0.5,off_1.0,5,off_0.0000,0.0,0.0355,0.1775
unemployment_CIRCULAR,0.0,dws_low_0.296,2.0,0.5,off_1.0,5,AR_recent_0.0035,0.0035,0.039,0.195
unemployment_CIRCULAR,0.0,dws_low_0.296,2.0,0.5,off_1.0,5,AR_postwar_0.0047,0.0047,0.04,0.2
unemployment_CIRCULAR,0.0,dws_low_0.296,2.0,0.5,off_1.0,10,off_0.0000,0.0,0.0315,0.315
unemployment_CIRCULAR,0.0,dws_low_0.296,2.0,0.5,off_1.0,10,AR_recent_0.0035,0.0035,0.035,0.35
unemployment_CIRCULAR,0.0,dws_low_0.296,2.0,0.5,off_1.0,10,AR_postwar_0.0047,0.0047,0.036,0.36
unemployment_CIRCULAR,0.0,dws_low_0.296,2.0,0.5,off_1.0,20,off_0.0000,0.0,0.031,0.62
unemployment_CIRCULAR,0.0,dws_low_0.296,2.0,0.5,off_1.0,20,AR_recent_0.0035,0.0035,0.0345,0.69
unemployment_CIRCULAR,0.0,dws_low_0.296,2.0,0.5,off_1.0,20,AR_postwar_0.0047,0.0047,0.0355,0.71
unemployment_CIRCULAR,0.0,dws_low_0.296,2.0,0.5,on_1.5,2,off_0.0000,0.0,0.067,0.134
unemployment_CIRCULAR,0.0,dws_low_0.296,2.0,0.5,on_1.5,2,AR_recent_0.0035,0.0035,0.0705,0.141
unemployment_CIRCULAR,0.0,dws_low_0.296,2.0,0.5,on_1.5,2,AR_postwar_0.0047,0.0047,0.072,0.144
unemployment_CIRCULAR,0.0,dws_low_0.296,2.0,0.5,on_1.5,5,off_0.0000,0.0,0.037,0.185
unemployment_CIRCULAR,0.0,dws_low_0.296,2.0,0.5,on_1.5,5,AR_recent_0.0035,0.0035,0.0405,0.2025
unemployment_CIRCULAR,0.0,dws_low_0.296,2.0,0.5,on_1.5,5,AR_postwar_0.0047,0.0047,0.042,0.21
unemployment_CIRCULAR,0.0,dws_low_0.296,2.0,0.5,on_1.5,10,off_0.0000,0.0,0.034,0.34
unemployment_CIRCULAR,0.0,dws_low_0.296,2.0,0.5,on_1.5,10,AR_recent_0.0035,0.0035,0.0375,0.375
unemployment_CIRCULAR,0.0,dws_low_0.296,2.0,0.5,on_1.5,10,AR_postwar_0.0047,0.0047,0.0385,0.385
unemployment_CIRCULAR,0.0,dws_low_0.296,2.0,0.5,on_1.5,20,off_0.0000,0.0,0.0335,0.67
unemployment_CIRCULAR,0.0,dws_low_0.296,2.0,0.5,on_1.5,20,AR_recent_0.0035,0.0035,0.037,0.74
unemployment_CIRCULAR,0.0,dws_low_0.296,2.0,0.5,on_1.5,20,AR_postwar_0.0047,0.0047,0.038,0.76
unemployment_CIRCULAR,0.0,dws_low_0.296,2.0,1.0,off_1.0,2,off_0.0000,0.0,0.0675,0.135
unemployment_CIRCULAR,0.0,dws_low_0.296,2.0,1.0,off_1.0,2,AR_recent_0.0035,0.0035,0.071,0.142
unemployment_CIRCULAR,0.0,dws_low_0.296,2.0,1.0,off_1.0,2,AR_postwar_0.0047,0.0047,0.072,0.144
unemployment_CIRCULAR,0.0,dws_low_0.296,2.0,1.0,off_1.0,5,off_0.0000,0.0,0.0355,0.1775
unemployment_CIRCULAR,0.0,dws_low_0.296,2.0,1.0,off_1.0,5,AR_recent_0.0035,0.0035,0.039,0.195
unemployment_CIRCULAR,0.0,dws_low_0.296,2.0,1.0,off_1.0,5,AR_postwar_0.0047,0.0047,0.04,0.2
unemployment_CIRCULAR,0.0,dws_low_0.296,2.0,1.0,off_1.0,10,off_0.0000,0.0,0.0315,0.315
unemployment_CIRCULAR,0.0,dws_low_0.296,2.0,1.0,off_1.0,10,AR_recent_0.0035,0.0035,0.035,0.35
unemployment_CIRCULAR,0.0,dws_low_0.296,2.0,1.0,off_1.0,10,AR_postwar_0.0047,0.0047,0.036,0.36
unemployment_CIRCULAR,0.0,dws_low_0.296,2.0,1.0,off_1.0,20,off_0.0000,0.0,0.031,0.62
unemployment_CIRCULAR,0.0,dws_low_0.296,2.0,1.0,off_1.0,20,AR_recent_0.0035,0.0035,0.0345,0.69
unemployment_CIRCULAR,0.0,dws_low_0.296,2.0,1.0,off_1.0,20,AR_postwar_0.0047,0.0047,0.0355,0.71
unemployment_CIRCULAR,0.0,dws_low_0.296,2.0,1.0,on_1.5,2,off_0.0000,0.0,0.067,0.134
unemployment_CIRCULAR,0.0,dws_low_0.296,2.0,1.0,on_1.5,2,AR_recent_0.0035,0.0035,0.0705,0.141
unemployment_CIRCULAR,0.0,dws_low_0.296,2.0,1.0,on_1.5,2,AR_postwar_0.0047,0.0047,0.072,0.144
unemployment_CIRCULAR,0.0,dws_low_0.296,2.0,1.0,on_1.5,5,off_0.0000,0.0,0.037,0.185
unemployment_CIRCULAR,0.0,dws_low_0.296,2.0,1.0,on_1.5,5,AR_recent_0.0035,0.0035,0.0405,0.2025
unemployment_CIRCULAR,0.0,dws_low_0.296,2.0,1.0,on_1.5,5,AR_postwar_0.0047,0.0047,0.042,0.21
unemployment_CIRCULAR,0.0,dws_low_0.296,2.0,1.0,on_1.5,10,off_0.0000,0.0,0.034,0.34
unemployment_CIRCULAR,0.0,dws_low_0.296,2.0,1.0,on_1.5,10,AR_recent_0.0035,0.0035,0.0375,0.375
unemployment_CIRCULAR,0.0,dws_low_0.296,2.0,1.0,on_1.5,10,AR_postwar_0.0047,0.0047,0.0385,0.385
unemployment_CIRCULAR,0.0,dws_low_0.296,2.0,1.0,on_1.5,20,off_0.0000,0.0,0.0335,0.67
unemployment_CIRCULAR,0.0,dws_low_0.296,2.0,1.0,on_1.5,20,AR_recent_0.0035,0.0035,0.037,0.74
unemployment_CIRCULAR,0.0,dws_low_0.296,2.0,1.0,on_1.5,20,AR_postwar_0.0047,0.0047,0.038,0.76
unemployment_CIRCULAR,0.0,dws_high_0.643,1.0,0.0,off_1.0,2,off_0.0000,0.0,0.0665,0.133
unemployment_CIRCULAR,0.0,dws_high_0.643,1.0,0.0,off_1.0,2,AR_recent_0.0035,0.0035,0.07,0.14
unemployment_CIRCULAR,0.0,dws_high_0.643,1.0,0.0,off_1.0,2,AR_postwar_0.0047,0.0047,0.0715,0.143
unemployment_CIRCULAR,0.0,dws_high_0.643,1.0,0.0,off_1.0,5,off_0.0000,0.0,0.0665,0.3325
unemployment_CIRCULAR,0.0,dws_high_0.643,1.0,0.0,off_1.0,5,AR_recent_0.0035,0.0035,0.07,0.35
unemployment_CIRCULAR,0.0,dws_high_0.643,1.0,0.0,off_1.0,5,AR_postwar_0.0047,0.0047,0.0715,0.3575
unemployment_CIRCULAR,0.0,dws_high_0.643,1.0,0.0,off_1.0,10,off_0.0000,0.0,0.0665,0.665
unemployment_CIRCULAR,0.0,dws_high_0.643,1.0,0.0,off_1.0,10,AR_recent_0.0035,0.0035,0.07,0.7
unemployment_CIRCULAR,0.0,dws_high_0.643,1.0,0.0,off_1.0,10,AR_postwar_0.0047,0.0047,0.0715,0.715
unemployment_CIRCULAR,0.0,dws_high_0.643,1.0,0.0,off_1.0,20,off_0.0000,0.0,0.0665,1.33
unemployment_CIRCULAR,0.0,dws_high_0.643,1.0,0.0,off_1.0,20,AR_recent_0.0035,0.0035,0.07,1.4
unemployment_CIRCULAR,0.0,dws_high_0.643,1.0,0.0,off_1.0,20,AR_postwar_0.0047,0.0047,0.0715,1.43
unemployment_CIRCULAR,0.0,dws_high_0.643,1.0,0.0,on_1.5,2,off_0.0000,0.0,0.0665,0.133
unemployment_CIRCULAR,0.0,dws_high_0.643,1.0,0.0,on_1.5,2,AR_recent_0.0035,0.0035,0.07,0.14
unemployment_CIRCULAR,0.0,dws_high_0.643,1.0,0.0,on_1.5,2,AR_postwar_0.0047,0.0047,0.071,0.142
unemployment_CIRCULAR,0.0,dws_high_0.643,1.0,0.0,on_1.5,5,off_0.0000,0.0,0.0665,0.3325
unemployment_CIRCULAR,0.0,dws_high_0.643,1.0,0.0,on_1.5,5,AR_recent_0.0035,0.0035,0.07,0.35
unemployment_CIRCULAR,0.0,dws_high_0.643,1.0,0.0,on_1.5,5,AR_postwar_0.0047,0.0047,0.071,0.355
unemployment_CIRCULAR,0.0,dws_high_0.643,1.0,0.0,on_1.5,10,off_0.0000,0.0,0.0665,0.665
unemployment_CIRCULAR,0.0,dws_high_0.643,1.0,0.0,on_1.5,10,AR_recent_0.0035,0.0035,0.07,0.7
unemployment_CIRCULAR,0.0,dws_high_0.643,1.0,0.0,on_1.5,10,AR_postwar_0.0047,0.0047,0.071,0.71
unemployment_CIRCULAR,0.0,dws_high_0.643,1.0,0.0,on_1.5,20,off_0.0000,0.0,0.0665,1.33
unemployment_CIRCULAR,0.0,dws_high_0.643,1.0,0.0,on_1.5,20,AR_recent_0.0035,0.0035,0.07,1.4
unemployment_CIRCULAR,0.0,dws_high_0.643,1.0,0.0,on_1.5,20,AR_postwar_0.0047,0.0047,0.071,1.42
unemployment_CIRCULAR,0.0,dws_high_0.643,1.0,0.5,off_1.0,2,off_0.0000,0.0,0.0665,0.133
unemployment_CIRCULAR,0.0,dws_high_0.643,1.0,0.5,off_1.0,2,AR_recent_0.0035,0.0035,0.07,0.14
unemployment_CIRCULAR,0.0,dws_high_0.643,1.0,0.5,off_1.0,2,AR_postwar_0.0047,0.0047,0.0715,0.143
unemployment_CIRCULAR,0.0,dws_high_0.643,1.0,0.5,off_1.0,5,off_0.0000,0.0,0.0665,0.3325
unemployment_CIRCULAR,0.0,dws_high_0.643,1.0,0.5,off_1.0,5,AR_recent_0.0035,0.0035,0.07,0.35
unemployment_CIRCULAR,0.0,dws_high_0.643,1.0,0.5,off_1.0,5,AR_postwar_0.0047,0.0047,0.0715,0.3575
unemployment_CIRCULAR,0.0,dws_high_0.643,1.0,0.5,off_1.0,10,off_0.0000,0.0,0.0665,0.665
unemployment_CIRCULAR,0.0,dws_high_0.643,1.0,0.5,off_1.0,10,AR_recent_0.0035,0.0035,0.07,0.7
unemployment_CIRCULAR,0.0,dws_high_0.643,1.0,0.5,off_1.0,10,AR_postwar_0.0047,0.0047,0.0715,0.715
unemployment_CIRCULAR,0.0,dws_high_0.643,1.0,0.5,off_1.0,20,off_0.0000,0.0,0.0665,1.33
unemployment_CIRCULAR,0.0,dws_high_0.643,1.0,0.5,off_1.0,20,AR_recent_0.0035,0.0035,0.07,1.4
unemployment_CIRCULAR,0.0,dws_high_0.643,1.0,0.5,off_1.0,20,AR_postwar_0.0047,0.0047,0.0715,1.43
unemployment_CIRCULAR,0.0,dws_high_0.643,1.0,0.5,on_1.5,2,off_0.0000,0.0,0.0665,0.133
unemployment_CIRCULAR,0.0,dws_high_0.643,1.0,0.5,on_1.5,2,AR_recent_0.0035,0.0035,0.07,0.14
unemployment_CIRCULAR,0.0,dws_high_0.643,1.0,0.5,on_1.5,2,AR_postwar_0.0047,0.0047,0.071,0.142
unemployment_CIRCULAR,0.0,dws_high_0.643,1.0,0.5,on_1.5,5,off_0.0000,0.0,0.0665,0.3325
unemployment_CIRCULAR,0.0,dws_high_0.643,1.0,0.5,on_1.5,5,AR_recent_0.0035,0.0035,0.07,0.35
unemployment_CIRCULAR,0.0,dws_high_0.643,1.0,0.5,on_1.5,5,AR_postwar_0.0047,0.0047,0.071,0.355
unemployment_CIRCULAR,0.0,dws_high_0.643,1.0,0.5,on_1.5,10,off_0.0000,0.0,0.0665,0.665
unemployment_CIRCULAR,0.0,dws_high_0.643,1.0,0.5,on_1.5,10,AR_recent_0.0035,0.0035,0.07,0.7
unemployment_CIRCULAR,0.0,dws_high_0.643,1.0,0.5,on_1.5,10,AR_postwar_0.0047,0.0047,0.071,0.71
unemployment_CIRCULAR,0.0,dws_high_0.643,1.0,0.5,on_1.5,20,off_0.0000,0.0,0.0665,1.33
unemployment_CIRCULAR,0.0,dws_high_0.643,1.0,0.5,on_1.5,20,AR_recent_0.0035,0.0035,0.07,1.4
unemployment_CIRCULAR,0.0,dws_high_0.643,1.0,0.5,on_1.5,20,AR_postwar_0.0047,0.0047,0.071,1.42
unemployment_CIRCULAR,0.0,dws_high_0.643,1.0,1.0,off_1.0,2,off_0.0000,0.0,0.0665,0.133
unemployment_CIRCULAR,0.0,dws_high_0.643,1.0,1.0,off_1.0,2,AR_recent_0.0035,0.0035,0.07,0.14
unemployment_CIRCULAR,0.0,dws_high_0.643,1.0,1.0,off_1.0,2,AR_postwar_0.0047,0.0047,0.0715,0.143
unemployment_CIRCULAR,0.0,dws_high_0.643,1.0,1.0,off_1.0,5,off_0.0000,0.0,0.0665,0.3325
unemployment_CIRCULAR,0.0,dws_high_0.643,1.0,1.0,off_1.0,5,AR_recent_0.0035,0.0035,0.07,0.35
unemployment_CIRCULAR,0.0,dws_high_0.643,1.0,1.0,off_1.0,5,AR_postwar_0.0047,0.0047,0.0715,0.3575
unemployment_CIRCULAR,0.0,dws_high_0.643,1.0,1.0,off_1.0,10,off_0.0000,0.0,0.0665,0.665
unemployment_CIRCULAR,0.0,dws_high_0.643,1.0,1.0,off_1.0,10,AR_recent_0.0035,0.0035,0.07,0.7
unemployment_CIRCULAR,0.0,dws_high_0.643,1.0,1.0,off_1.0,10,AR_postwar_0.0047,0.0047,0.0715,0.715
unemployment_CIRCULAR,0.0,dws_high_0.643,1.0,1.0,off_1.0,20,off_0.0000,0.0,0.0665,1.33
unemployment_CIRCULAR,0.0,dws_high_0.643,1.0,1.0,off_1.0,20,AR_recent_0.0035,0.0035,0.07,1.4
unemployment_CIRCULAR,0.0,dws_high_0.643,1.0,1.0,off_1.0,20,AR_postwar_0.0047,0.0047,0.0715,1.43
unemployment_CIRCULAR,0.0,dws_high_0.643,1.0,1.0,on_1.5,2,off_0.0000,0.0,0.0665,0.133
unemployment_CIRCULAR,0.0,dws_high_0.643,1.0,1.0,on_1.5,2,AR_recent_0.0035,0.0035,0.07,0.14
unemployment_CIRCULAR,0.0,dws_high_0.643,1.0,1.0,on_1.5,2,AR_postwar_0.0047,0.0047,0.071,0.142
unemployment_CIRCULAR,0.0,dws_high_0.643,1.0,1.0,on_1.5,5,off_0.0000,0.0,0.0665,0.3325
unemployment_CIRCULAR,0.0,dws_high_0.643,1.0,1.0,on_1.5,5,AR_recent_0.0035,0.0035,0.07,0.35
unemployment_CIRCULAR,0.0,dws_high_0.643,1.0,1.0,on_1.5,5,AR_postwar_0.0047,0.0047,0.071,0.355
unemployment_CIRCULAR,0.0,dws_high_0.643,1.0,1.0,on_1.5,10,off_0.0000,0.0,0.0665,0.665
unemployment_CIRCULAR,0.0,dws_high_0.643,1.0,1.0,on_1.5,10,AR_recent_0.0035,0.0035,0.07,0.7
unemployment_CIRCULAR,0.0,dws_high_0.643,1.0,1.0,on_1.5,10,AR_postwar_0.0047,0.0047,0.071,0.71
unemployment_CIRCULAR,0.0,dws_high_0.643,1.0,1.0,on_1.5,20,off_0.0000,0.0,0.0665,1.33
unemployment_CIRCULAR,0.0,dws_high_0.643,1.0,1.0,on_1.5,20,AR_recent_0.0035,0.0035,0.07,1.4
unemployment_CIRCULAR,0.0,dws_high_0.643,1.0,1.0,on_1.5,20,AR_postwar_0.0047,0.0047,0.071,1.42
unemployment_CIRCULAR,0.0,dws_high_0.643,1.5,0.0,off_1.0,2,off_0.0000,0.0,0.067,0.134
unemployment_CIRCULAR,0.0,dws_high_0.643,1.5,0.0,off_1.0,2,AR_recent_0.0035,0.0035,0.0705,0.141
unemployment_CIRCULAR,0.0,dws_high_0.643,1.5,0.0,off_1.0,2,AR_postwar_0.0047,0.0047,0.0715,0.143
unemployment_CIRCULAR,0.0,dws_high_0.643,1.5,0.0,off_1.0,5,off_0.0000,0.0,0.0575,0.2875
unemployment_CIRCULAR,0.0,dws_high_0.643,1.5,0.0,off_1.0,5,AR_recent_0.0035,0.0035,0.061,0.305
unemployment_CIRCULAR,0.0,dws_high_0.643,1.5,0.0,off_1.0,5,AR_postwar_0.0047,0.0047,0.0625,0.3125
unemployment_CIRCULAR,0.0,dws_high_0.643,1.5,0.0,off_1.0,10,off_0.0000,0.0,0.0575,0.575
unemployment_CIRCULAR,0.0,dws_high_0.643,1.5,0.0,off_1.0,10,AR_recent_0.0035,0.0035,0.061,0.61
unemployment_CIRCULAR,0.0,dws_high_0.643,1.5,0.0,off_1.0,10,AR_postwar_0.0047,0.0047,0.0625,0.625
unemployment_CIRCULAR,0.0,dws_high_0.643,1.5,0.0,off_1.0,20,off_0.0000,0.0,0.0575,1.15
unemployment_CIRCULAR,0.0,dws_high_0.643,1.5,0.0,off_1.0,20,AR_recent_0.0035,0.0035,0.061,1.22
unemployment_CIRCULAR,0.0,dws_high_0.643,1.5,0.0,off_1.0,20,AR_postwar_0.0047,0.0047,0.0625,1.25
unemployment_CIRCULAR,0.0,dws_high_0.643,1.5,0.0,on_1.5,2,off_0.0000,0.0,0.0665,0.133
unemployment_CIRCULAR,0.0,dws_high_0.643,1.5,0.0,on_1.5,2,AR_recent_0.0035,0.0035,0.07,0.14
unemployment_CIRCULAR,0.0,dws_high_0.643,1.5,0.0,on_1.5,2,AR_postwar_0.0047,0.0047,0.0715,0.143
unemployment_CIRCULAR,0.0,dws_high_0.643,1.5,0.0,on_1.5,5,off_0.0000,0.0,0.0655,0.3275
unemployment_CIRCULAR,0.0,dws_high_0.643,1.5,0.0,on_1.5,5,AR_recent_0.0035,0.0035,0.069,0.345
unemployment_CIRCULAR,0.0,dws_high_0.643,1.5,0.0,on_1.5,5,AR_postwar_0.0047,0.0047,0.0705,0.3525
unemployment_CIRCULAR,0.0,dws_high_0.643,1.5,0.0,on_1.5,10,off_0.0000,0.0,0.0655,0.655
unemployment_CIRCULAR,0.0,dws_high_0.643,1.5,0.0,on_1.5,10,AR_recent_0.0035,0.0035,0.069,0.69
unemployment_CIRCULAR,0.0,dws_high_0.643,1.5,0.0,on_1.5,10,AR_postwar_0.0047,0.0047,0.0705,0.705
unemployment_CIRCULAR,0.0,dws_high_0.643,1.5,0.0,on_1.5,20,off_0.0000,0.0,0.0655,1.31
unemployment_CIRCULAR,0.0,dws_high_0.643,1.5,0.0,on_1.5,20,AR_recent_0.0035,0.0035,0.069,1.38
unemployment_CIRCULAR,0.0,dws_high_0.643,1.5,0.0,on_1.5,20,AR_postwar_0.0047,0.0047,0.0705,1.41
unemployment_CIRCULAR,0.0,dws_high_0.643,1.5,0.5,off_1.0,2,off_0.0000,0.0,0.067,0.134
unemployment_CIRCULAR,0.0,dws_high_0.643,1.5,0.5,off_1.0,2,AR_recent_0.0035,0.0035,0.0705,0.141
unemployment_CIRCULAR,0.0,dws_high_0.643,1.5,0.5,off_1.0,2,AR_postwar_0.0047,0.0047,0.0715,0.143
unemployment_CIRCULAR,0.0,dws_high_0.643,1.5,0.5,off_1.0,5,off_0.0000,0.0,0.0575,0.2875
unemployment_CIRCULAR,0.0,dws_high_0.643,1.5,0.5,off_1.0,5,AR_recent_0.0035,0.0035,0.061,0.305
unemployment_CIRCULAR,0.0,dws_high_0.643,1.5,0.5,off_1.0,5,AR_postwar_0.0047,0.0047,0.0625,0.3125
unemployment_CIRCULAR,0.0,dws_high_0.643,1.5,0.5,off_1.0,10,off_0.0000,0.0,0.0575,0.575
unemployment_CIRCULAR,0.0,dws_high_0.643,1.5,0.5,off_1.0,10,AR_recent_0.0035,0.0035,0.061,0.61
unemployment_CIRCULAR,0.0,dws_high_0.643,1.5,0.5,off_1.0,10,AR_postwar_0.0047,0.0047,0.0625,0.625
unemployment_CIRCULAR,0.0,dws_high_0.643,1.5,0.5,off_1.0,20,off_0.0000,0.0,0.0575,1.15
unemployment_CIRCULAR,0.0,dws_high_0.643,1.5,0.5,off_1.0,20,AR_recent_0.0035,0.0035,0.061,1.22
unemployment_CIRCULAR,0.0,dws_high_0.643,1.5,0.5,off_1.0,20,AR_postwar_0.0047,0.0047,0.0625,1.25
unemployment_CIRCULAR,0.0,dws_high_0.643,1.5,0.5,on_1.5,2,off_0.0000,0.0,0.0665,0.133
unemployment_CIRCULAR,0.0,dws_high_0.643,1.5,0.5,on_1.5,2,AR_recent_0.0035,0.0035,0.07,0.14
unemployment_CIRCULAR,0.0,dws_high_0.643,1.5,0.5,on_1.5,2,AR_postwar_0.0047,0.0047,0.0715,0.143
unemployment_CIRCULAR,0.0,dws_high_0.643,1.5,0.5,on_1.5,5,off_0.0000,0.0,0.0655,0.3275
unemployment_CIRCULAR,0.0,dws_high_0.643,1.5,0.5,on_1.5,5,AR_recent_0.0035,0.0035,0.069,0.345
unemployment_CIRCULAR,0.0,dws_high_0.643,1.5,0.5,on_1.5,5,AR_postwar_0.0047,0.0047,0.0705,0.3525
unemployment_CIRCULAR,0.0,dws_high_0.643,1.5,0.5,on_1.5,10,off_0.0000,0.0,0.0655,0.655
unemployment_CIRCULAR,0.0,dws_high_0.643,1.5,0.5,on_1.5,10,AR_recent_0.0035,0.0035,0.069,0.69
unemployment_CIRCULAR,0.0,dws_high_0.643,1.5,0.5,on_1.5,10,AR_postwar_0.0047,0.0047,0.0705,0.705
unemployment_CIRCULAR,0.0,dws_high_0.643,1.5,0.5,on_1.5,20,off_0.0000,0.0,0.0655,1.31
unemployment_CIRCULAR,0.0,dws_high_0.643,1.5,0.5,on_1.5,20,AR_recent_0.0035,0.0035,0.069,1.38
unemployment_CIRCULAR,0.0,dws_high_0.643,1.5,0.5,on_1.5,20,AR_postwar_0.0047,0.0047,0.0705,1.41
unemployment_CIRCULAR,0.0,dws_high_0.643,1.5,1.0,off_1.0,2,off_0.0000,0.0,0.067,0.134
unemployment_CIRCULAR,0.0,dws_high_0.643,1.5,1.0,off_1.0,2,AR_recent_0.0035,0.0035,0.0705,0.141
unemployment_CIRCULAR,0.0,dws_high_0.643,1.5,1.0,off_1.0,2,AR_postwar_0.0047,0.0047,0.0715,0.143
unemployment_CIRCULAR,0.0,dws_high_0.643,1.5,1.0,off_1.0,5,off_0.0000,0.0,0.0575,0.2875
unemployment_CIRCULAR,0.0,dws_high_0.643,1.5,1.0,off_1.0,5,AR_recent_0.0035,0.0035,0.061,0.305
unemployment_CIRCULAR,0.0,dws_high_0.643,1.5,1.0,off_1.0,5,AR_postwar_0.0047,0.0047,0.0625,0.3125
unemployment_CIRCULAR,0.0,dws_high_0.643,1.5,1.0,off_1.0,10,off_0.0000,0.0,0.0575,0.575
unemployment_CIRCULAR,0.0,dws_high_0.643,1.5,1.0,off_1.0,10,AR_recent_0.0035,0.0035,0.061,0.61
unemployment_CIRCULAR,0.0,dws_high_0.643,1.5,1.0,off_1.0,10,AR_postwar_0.0047,0.0047,0.0625,0.625
unemployment_CIRCULAR,0.0,dws_high_0.643,1.5,1.0,off_1.0,20,off_0.0000,0.0,0.0575,1.15
unemployment_CIRCULAR,0.0,dws_high_0.643,1.5,1.0,off_1.0,20,AR_recent_0.0035,0.0035,0.061,1.22
unemployment_CIRCULAR,0.0,dws_high_0.643,1.5,1.0,off_1.0,20,AR_postwar_0.0047,0.0047,0.0625,1.25
unemployment_CIRCULAR,0.0,dws_high_0.643,1.5,1.0,on_1.5,2,off_0.0000,0.0,0.0665,0.133
unemployment_CIRCULAR,0.0,dws_high_0.643,1.5,1.0,on_1.5,2,AR_recent_0.0035,0.0035,0.07,0.14
unemployment_CIRCULAR,0.0,dws_high_0.643,1.5,1.0,on_1.5,2,AR_postwar_0.0047,0.0047,0.0715,0.143
unemployment_CIRCULAR,0.0,dws_high_0.643,1.5,1.0,on_1.5,5,off_0.0000,0.0,0.0655,0.3275
unemployment_CIRCULAR,0.0,dws_high_0.643,1.5,1.0,on_1.5,5,AR_recent_0.0035,0.0035,0.069,0.345
unemployment_CIRCULAR,0.0,dws_high_0.643,1.5,1.0,on_1.5,5,AR_postwar_0.0047,0.0047,0.0705,0.3525
unemployment_CIRCULAR,0.0,dws_high_0.643,1.5,1.0,on_1.5,10,off_0.0000,0.0,0.0655,0.655
unemployment_CIRCULAR,0.0,dws_high_0.643,1.5,1.0,on_1.5,10,AR_recent_0.0035,0.0035,0.069,0.69
unemployment_CIRCULAR,0.0,dws_high_0.643,1.5,1.0,on_1.5,10,AR_postwar_0.0047,0.0047,0.0705,0.705
unemployment_CIRCULAR,0.0,dws_high_0.643,1.5,1.0,on_1.5,20,off_0.0000,0.0,0.0655,1.31
unemployment_CIRCULAR,0.0,dws_high_0.643,1.5,1.0,on_1.5,20,AR_recent_0.0035,0.0035,0.069,1.38
unemployment_CIRCULAR,0.0,dws_high_0.643,1.5,1.0,on_1.5,20,AR_postwar_0.0047,0.0047,0.0705,1.41
unemployment_CIRCULAR,0.0,dws_high_0.643,2.0,0.0,off_1.0,2,off_0.0000,0.0,0.067,0.134
unemployment_CIRCULAR,0.0,dws_high_0.643,2.0,0.0,off_1.0,2,AR_recent_0.0035,0.0035,0.0705,0.141
unemployment_CIRCULAR,0.0,dws_high_0.643,2.0,0.0,off_1.0,2,AR_postwar_0.0047,0.0047,0.072,0.144
unemployment_CIRCULAR,0.0,dws_high_0.643,2.0,0.0,off_1.0,5,off_0.0000,0.0,0.048,0.24
unemployment_CIRCULAR,0.0,dws_high_0.643,2.0,0.0,off_1.0,5,AR_recent_0.0035,0.0035,0.0515,0.2575
unemployment_CIRCULAR,0.0,dws_high_0.643,2.0,0.0,off_1.0,5,AR_postwar_0.0047,0.0047,0.0525,0.2625
unemployment_CIRCULAR,0.0,dws_high_0.643,2.0,0.0,off_1.0,10,off_0.0000,0.0,0.047,0.47
unemployment_CIRCULAR,0.0,dws_high_0.643,2.0,0.0,off_1.0,10,AR_recent_0.0035,0.0035,0.0505,0.505
unemployment_CIRCULAR,0.0,dws_high_0.643,2.0,0.0,off_1.0,10,AR_postwar_0.0047,0.0047,0.052,0.52
unemployment_CIRCULAR,0.0,dws_high_0.643,2.0,0.0,off_1.0,20,off_0.0000,0.0,0.047,0.94
unemployment_CIRCULAR,0.0,dws_high_0.643,2.0,0.0,off_1.0,20,AR_recent_0.0035,0.0035,0.0505,1.01
unemployment_CIRCULAR,0.0,dws_high_0.643,2.0,0.0,off_1.0,20,AR_postwar_0.0047,0.0047,0.052,1.04
unemployment_CIRCULAR,0.0,dws_high_0.643,2.0,0.0,on_1.5,2,off_0.0000,0.0,0.067,0.134
unemployment_CIRCULAR,0.0,dws_high_0.643,2.0,0.0,on_1.5,2,AR_recent_0.0035,0.0035,0.0705,0.141
unemployment_CIRCULAR,0.0,dws_high_0.643,2.0,0.0,on_1.5,2,AR_postwar_0.0047,0.0047,0.0715,0.143
unemployment_CIRCULAR,0.0,dws_high_0.643,2.0,0.0,on_1.5,5,off_0.0000,0.0,0.0535,0.2675
unemployment_CIRCULAR,0.0,dws_high_0.643,2.0,0.0,on_1.5,5,AR_recent_0.0035,0.0035,0.057,0.285
unemployment_CIRCULAR,0.0,dws_high_0.643,2.0,0.0,on_1.5,5,AR_postwar_0.0047,0.0047,0.0585,0.2925
unemployment_CIRCULAR,0.0,dws_high_0.643,2.0,0.0,on_1.5,10,off_0.0000,0.0,0.0535,0.535
unemployment_CIRCULAR,0.0,dws_high_0.643,2.0,0.0,on_1.5,10,AR_recent_0.0035,0.0035,0.057,0.57
unemployment_CIRCULAR,0.0,dws_high_0.643,2.0,0.0,on_1.5,10,AR_postwar_0.0047,0.0047,0.058,0.58
unemployment_CIRCULAR,0.0,dws_high_0.643,2.0,0.0,on_1.5,20,off_0.0000,0.0,0.0535,1.07
unemployment_CIRCULAR,0.0,dws_high_0.643,2.0,0.0,on_1.5,20,AR_recent_0.0035,0.0035,0.057,1.14
unemployment_CIRCULAR,0.0,dws_high_0.643,2.0,0.0,on_1.5,20,AR_postwar_0.0047,0.0047,0.058,1.16
unemployment_CIRCULAR,0.0,dws_high_0.643,2.0,0.5,off_1.0,2,off_0.0000,0.0,0.067,0.134
unemployment_CIRCULAR,0.0,dws_high_0.643,2.0,0.5,off_1.0,2,AR_recent_0.0035,0.0035,0.0705,0.141
unemployment_CIRCULAR,0.0,dws_high_0.643,2.0,0.5,off_1.0,2,AR_postwar_0.0047,0.0047,0.072,0.144
unemployment_CIRCULAR,0.0,dws_high_0.643,2.0,0.5,off_1.0,5,off_0.0000,0.0,0.048,0.24
unemployment_CIRCULAR,0.0,dws_high_0.643,2.0,0.5,off_1.0,5,AR_recent_0.0035,0.0035,0.0515,0.2575
unemployment_CIRCULAR,0.0,dws_high_0.643,2.0,0.5,off_1.0,5,AR_postwar_0.0047,0.0047,0.0525,0.2625
unemployment_CIRCULAR,0.0,dws_high_0.643,2.0,0.5,off_1.0,10,off_0.0000,0.0,0.047,0.47
unemployment_CIRCULAR,0.0,dws_high_0.643,2.0,0.5,off_1.0,10,AR_recent_0.0035,0.0035,0.0505,0.505
unemployment_CIRCULAR,0.0,dws_high_0.643,2.0,0.5,off_1.0,10,AR_postwar_0.0047,0.0047,0.052,0.52
unemployment_CIRCULAR,0.0,dws_high_0.643,2.0,0.5,off_1.0,20,off_0.0000,0.0,0.047,0.94
unemployment_CIRCULAR,0.0,dws_high_0.643,2.0,0.5,off_1.0,20,AR_recent_0.0035,0.0035,0.0505,1.01
unemployment_CIRCULAR,0.0,dws_high_0.643,2.0,0.5,off_1.0,20,AR_postwar_0.0047,0.0047,0.052,1.04
unemployment_CIRCULAR,0.0,dws_high_0.643,2.0,0.5,on_1.5,2,off_0.0000,0.0,0.067,0.134
unemployment_CIRCULAR,0.0,dws_high_0.643,2.0,0.5,on_1.5,2,AR_recent_0.0035,0.0035,0.0705,0.141
unemployment_CIRCULAR,0.0,dws_high_0.643,2.0,0.5,on_1.5,2,AR_postwar_0.0047,0.0047,0.0715,0.143
unemployment_CIRCULAR,0.0,dws_high_0.643,2.0,0.5,on_1.5,5,off_0.0000,0.0,0.0535,0.2675
unemployment_CIRCULAR,0.0,dws_high_0.643,2.0,0.5,on_1.5,5,AR_recent_0.0035,0.0035,0.057,0.285
unemployment_CIRCULAR,0.0,dws_high_0.643,2.0,0.5,on_1.5,5,AR_postwar_0.0047,0.0047,0.0585,0.2925
unemployment_CIRCULAR,0.0,dws_high_0.643,2.0,0.5,on_1.5,10,off_0.0000,0.0,0.0535,0.535
unemployment_CIRCULAR,0.0,dws_high_0.643,2.0,0.5,on_1.5,10,AR_recent_0.0035,0.0035,0.057,0.57
unemployment_CIRCULAR,0.0,dws_high_0.643,2.0,0.5,on_1.5,10,AR_postwar_0.0047,0.0047,0.058,0.58
unemployment_CIRCULAR,0.0,dws_high_0.643,2.0,0.5,on_1.5,20,off_0.0000,0.0,0.0535,1.07
unemployment_CIRCULAR,0.0,dws_high_0.643,2.0,0.5,on_1.5,20,AR_recent_0.0035,0.0035,0.057,1.14
unemployment_CIRCULAR,0.0,dws_high_0.643,2.0,0.5,on_1.5,20,AR_postwar_0.0047,0.0047,0.058,1.16
unemployment_CIRCULAR,0.0,dws_high_0.643,2.0,1.0,off_1.0,2,off_0.0000,0.0,0.067,0.134
unemployment_CIRCULAR,0.0,dws_high_0.643,2.0,1.0,off_1.0,2,AR_recent_0.0035,0.0035,0.0705,0.141
unemployment_CIRCULAR,0.0,dws_high_0.643,2.0,1.0,off_1.0,2,AR_postwar_0.0047,0.0047,0.072,0.144
unemployment_CIRCULAR,0.0,dws_high_0.643,2.0,1.0,off_1.0,5,off_0.0000,0.0,0.048,0.24
unemployment_CIRCULAR,0.0,dws_high_0.643,2.0,1.0,off_1.0,5,AR_recent_0.0035,0.0035,0.0515,0.2575
unemployment_CIRCULAR,0.0,dws_high_0.643,2.0,1.0,off_1.0,5,AR_postwar_0.0047,0.0047,0.0525,0.2625
unemployment_CIRCULAR,0.0,dws_high_0.643,2.0,1.0,off_1.0,10,off_0.0000,0.0,0.047,0.47
unemployment_CIRCULAR,0.0,dws_high_0.643,2.0,1.0,off_1.0,10,AR_recent_0.0035,0.0035,0.0505,0.505
unemployment_CIRCULAR,0.0,dws_high_0.643,2.0,1.0,off_1.0,10,AR_postwar_0.0047,0.0047,0.052,0.52
unemployment_CIRCULAR,0.0,dws_high_0.643,2.0,1.0,off_1.0,20,off_0.0000,0.0,0.047,0.94
unemployment_CIRCULAR,0.0,dws_high_0.643,2.0,1.0,off_1.0,20,AR_recent_0.0035,0.0035,0.0505,1.01
unemployment_CIRCULAR,0.0,dws_high_0.643,2.0,1.0,off_1.0,20,AR_postwar_0.0047,0.0047,0.052,1.04
unemployment_CIRCULAR,0.0,dws_high_0.643,2.0,1.0,on_1.5,2,off_0.0000,0.0,0.067,0.134
unemployment_CIRCULAR,0.0,dws_high_0.643,2.0,1.0,on_1.5,2,AR_recent_0.0035,0.0035,0.0705,0.141
unemployment_CIRCULAR,0.0,dws_high_0.643,2.0,1.0,on_1.5,2,AR_postwar_0.0047,0.0047,0.0715,0.143
unemployment_CIRCULAR,0.0,dws_high_0.643,2.0,1.0,on_1.5,5,off_0.0000,0.0,0.0535,0.2675
unemployment_CIRCULAR,0.0,dws_high_0.643,2.0,1.0,on_1.5,5,AR_recent_0.0035,0.0035,0.057,0.285
unemployment_CIRCULAR,0.0,dws_high_0.643,2.0,1.0,on_1.5,5,AR_postwar_0.0047,0.0047,0.0585,0.2925
unemployment_CIRCULAR,0.0,dws_high_0.643,2.0,1.0,on_1.5,10,off_0.0000,0.0,0.0535,0.535
unemployment_CIRCULAR,0.0,dws_high_0.643,2.0,1.0,on_1.5,10,AR_recent_0.0035,0.0035,0.057,0.57
unemployment_CIRCULAR,0.0,dws_high_0.643,2.0,1.0,on_1.5,10,AR_postwar_0.0047,0.0047,0.058,0.58
unemployment_CIRCULAR,0.0,dws_high_0.643,2.0,1.0,on_1.5,20,off_0.0000,0.0,0.0535,1.07
unemployment_CIRCULAR,0.0,dws_high_0.643,2.0,1.0,on_1.5,20,AR_recent_0.0035,0.0035,0.057,1.14
unemployment_CIRCULAR,0.0,dws_high_0.643,2.0,1.0,on_1.5,20,AR_postwar_0.0047,0.0047,0.058,1.16
unemployment_CIRCULAR,0.0,AR_long_run_0.75,1.0,0.0,off_1.0,2,off_0.0000,0.0,0.0665,0.133
unemployment_CIRCULAR,0.0,AR_long_run_0.75,1.0,0.0,off_1.0,2,AR_recent_0.0035,0.0035,0.07,0.14
unemployment_CIRCULAR,0.0,AR_long_run_0.75,1.0,0.0,off_1.0,2,AR_postwar_0.0047,0.0047,0.0715,0.143
unemployment_CIRCULAR,0.0,AR_long_run_0.75,1.0,0.0,off_1.0,5,off_0.0000,0.0,0.0665,0.3325
unemployment_CIRCULAR,0.0,AR_long_run_0.75,1.0,0.0,off_1.0,5,AR_recent_0.0035,0.0035,0.07,0.35
unemployment_CIRCULAR,0.0,AR_long_run_0.75,1.0,0.0,off_1.0,5,AR_postwar_0.0047,0.0047,0.0715,0.3575
unemployment_CIRCULAR,0.0,AR_long_run_0.75,1.0,0.0,off_1.0,10,off_0.0000,0.0,0.0665,0.665
unemployment_CIRCULAR,0.0,AR_long_run_0.75,1.0,0.0,off_1.0,10,AR_recent_0.0035,0.0035,0.07,0.7
unemployment_CIRCULAR,0.0,AR_long_run_0.75,1.0,0.0,off_1.0,10,AR_postwar_0.0047,0.0047,0.0715,0.715
unemployment_CIRCULAR,0.0,AR_long_run_0.75,1.0,0.0,off_1.0,20,off_0.0000,0.0,0.0665,1.33
unemployment_CIRCULAR,0.0,AR_long_run_0.75,1.0,0.0,off_1.0,20,AR_recent_0.0035,0.0035,0.07,1.4
unemployment_CIRCULAR,0.0,AR_long_run_0.75,1.0,0.0,off_1.0,20,AR_postwar_0.0047,0.0047,0.0715,1.43
unemployment_CIRCULAR,0.0,AR_long_run_0.75,1.0,0.0,on_1.5,2,off_0.0000,0.0,0.066,0.132
unemployment_CIRCULAR,0.0,AR_long_run_0.75,1.0,0.0,on_1.5,2,AR_recent_0.0035,0.0035,0.0695,0.139
unemployment_CIRCULAR,0.0,AR_long_run_0.75,1.0,0.0,on_1.5,2,AR_postwar_0.0047,0.0047,0.071,0.142
unemployment_CIRCULAR,0.0,AR_long_run_0.75,1.0,0.0,on_1.5,5,off_0.0000,0.0,0.066,0.33
unemployment_CIRCULAR,0.0,AR_long_run_0.75,1.0,0.0,on_1.5,5,AR_recent_0.0035,0.0035,0.0695,0.3475
unemployment_CIRCULAR,0.0,AR_long_run_0.75,1.0,0.0,on_1.5,5,AR_postwar_0.0047,0.0047,0.071,0.355
unemployment_CIRCULAR,0.0,AR_long_run_0.75,1.0,0.0,on_1.5,10,off_0.0000,0.0,0.066,0.66
unemployment_CIRCULAR,0.0,AR_long_run_0.75,1.0,0.0,on_1.5,10,AR_recent_0.0035,0.0035,0.0695,0.695
unemployment_CIRCULAR,0.0,AR_long_run_0.75,1.0,0.0,on_1.5,10,AR_postwar_0.0047,0.0047,0.071,0.71
unemployment_CIRCULAR,0.0,AR_long_run_0.75,1.0,0.0,on_1.5,20,off_0.0000,0.0,0.066,1.32
unemployment_CIRCULAR,0.0,AR_long_run_0.75,1.0,0.0,on_1.5,20,AR_recent_0.0035,0.0035,0.0695,1.39
unemployment_CIRCULAR,0.0,AR_long_run_0.75,1.0,0.0,on_1.5,20,AR_postwar_0.0047,0.0047,0.071,1.42
unemployment_CIRCULAR,0.0,AR_long_run_0.75,1.0,0.5,off_1.0,2,off_0.0000,0.0,0.0665,0.133
unemployment_CIRCULAR,0.0,AR_long_run_0.75,1.0,0.5,off_1.0,2,AR_recent_0.0035,0.0035,0.07,0.14
unemployment_CIRCULAR,0.0,AR_long_run_0.75,1.0,0.5,off_1.0,2,AR_postwar_0.0047,0.0047,0.0715,0.143
unemployment_CIRCULAR,0.0,AR_long_run_0.75,1.0,0.5,off_1.0,5,off_0.0000,0.0,0.0665,0.3325
unemployment_CIRCULAR,0.0,AR_long_run_0.75,1.0,0.5,off_1.0,5,AR_recent_0.0035,0.0035,0.07,0.35
unemployment_CIRCULAR,0.0,AR_long_run_0.75,1.0,0.5,off_1.0,5,AR_postwar_0.0047,0.0047,0.0715,0.3575
unemployment_CIRCULAR,0.0,AR_long_run_0.75,1.0,0.5,off_1.0,10,off_0.0000,0.0,0.0665,0.665
unemployment_CIRCULAR,0.0,AR_long_run_0.75,1.0,0.5,off_1.0,10,AR_recent_0.0035,0.0035,0.07,0.7
unemployment_CIRCULAR,0.0,AR_long_run_0.75,1.0,0.5,off_1.0,10,AR_postwar_0.0047,0.0047,0.0715,0.715
unemployment_CIRCULAR,0.0,AR_long_run_0.75,1.0,0.5,off_1.0,20,off_0.0000,0.0,0.0665,1.33
unemployment_CIRCULAR,0.0,AR_long_run_0.75,1.0,0.5,off_1.0,20,AR_recent_0.0035,0.0035,0.07,1.4
unemployment_CIRCULAR,0.0,AR_long_run_0.75,1.0,0.5,off_1.0,20,AR_postwar_0.0047,0.0047,0.0715,1.43
unemployment_CIRCULAR,0.0,AR_long_run_0.75,1.0,0.5,on_1.5,2,off_0.0000,0.0,0.066,0.132
unemployment_CIRCULAR,0.0,AR_long_run_0.75,1.0,0.5,on_1.5,2,AR_recent_0.0035,0.0035,0.0695,0.139
unemployment_CIRCULAR,0.0,AR_long_run_0.75,1.0,0.5,on_1.5,2,AR_postwar_0.0047,0.0047,0.071,0.142
unemployment_CIRCULAR,0.0,AR_long_run_0.75,1.0,0.5,on_1.5,5,off_0.0000,0.0,0.066,0.33
unemployment_CIRCULAR,0.0,AR_long_run_0.75,1.0,0.5,on_1.5,5,AR_recent_0.0035,0.0035,0.0695,0.3475
unemployment_CIRCULAR,0.0,AR_long_run_0.75,1.0,0.5,on_1.5,5,AR_postwar_0.0047,0.0047,0.071,0.355
unemployment_CIRCULAR,0.0,AR_long_run_0.75,1.0,0.5,on_1.5,10,off_0.0000,0.0,0.066,0.66
unemployment_CIRCULAR,0.0,AR_long_run_0.75,1.0,0.5,on_1.5,10,AR_recent_0.0035,0.0035,0.0695,0.695
unemployment_CIRCULAR,0.0,AR_long_run_0.75,1.0,0.5,on_1.5,10,AR_postwar_0.0047,0.0047,0.071,0.71
unemployment_CIRCULAR,0.0,AR_long_run_0.75,1.0,0.5,on_1.5,20,off_0.0000,0.0,0.066,1.32
unemployment_CIRCULAR,0.0,AR_long_run_0.75,1.0,0.5,on_1.5,20,AR_recent_0.0035,0.0035,0.0695,1.39
unemployment_CIRCULAR,0.0,AR_long_run_0.75,1.0,0.5,on_1.5,20,AR_postwar_0.0047,0.0047,0.071,1.42
unemployment_CIRCULAR,0.0,AR_long_run_0.75,1.0,1.0,off_1.0,2,off_0.0000,0.0,0.0665,0.133
unemployment_CIRCULAR,0.0,AR_long_run_0.75,1.0,1.0,off_1.0,2,AR_recent_0.0035,0.0035,0.07,0.14
unemployment_CIRCULAR,0.0,AR_long_run_0.75,1.0,1.0,off_1.0,2,AR_postwar_0.0047,0.0047,0.0715,0.143
unemployment_CIRCULAR,0.0,AR_long_run_0.75,1.0,1.0,off_1.0,5,off_0.0000,0.0,0.0665,0.3325
unemployment_CIRCULAR,0.0,AR_long_run_0.75,1.0,1.0,off_1.0,5,AR_recent_0.0035,0.0035,0.07,0.35
unemployment_CIRCULAR,0.0,AR_long_run_0.75,1.0,1.0,off_1.0,5,AR_postwar_0.0047,0.0047,0.0715,0.3575
unemployment_CIRCULAR,0.0,AR_long_run_0.75,1.0,1.0,off_1.0,10,off_0.0000,0.0,0.0665,0.665
unemployment_CIRCULAR,0.0,AR_long_run_0.75,1.0,1.0,off_1.0,10,AR_recent_0.0035,0.0035,0.07,0.7
unemployment_CIRCULAR,0.0,AR_long_run_0.75,1.0,1.0,off_1.0,10,AR_postwar_0.0047,0.0047,0.0715,0.715
unemployment_CIRCULAR,0.0,AR_long_run_0.75,1.0,1.0,off_1.0,20,off_0.0000,0.0,0.0665,1.33
unemployment_CIRCULAR,0.0,AR_long_run_0.75,1.0,1.0,off_1.0,20,AR_recent_0.0035,0.0035,0.07,1.4
unemployment_CIRCULAR,0.0,AR_long_run_0.75,1.0,1.0,off_1.0,20,AR_postwar_0.0047,0.0047,0.0715,1.43
unemployment_CIRCULAR,0.0,AR_long_run_0.75,1.0,1.0,on_1.5,2,off_0.0000,0.0,0.066,0.132
unemployment_CIRCULAR,0.0,AR_long_run_0.75,1.0,1.0,on_1.5,2,AR_recent_0.0035,0.0035,0.0695,0.139
unemployment_CIRCULAR,0.0,AR_long_run_0.75,1.0,1.0,on_1.5,2,AR_postwar_0.0047,0.0047,0.071,0.142
unemployment_CIRCULAR,0.0,AR_long_run_0.75,1.0,1.0,on_1.5,5,off_0.0000,0.0,0.066,0.33
unemployment_CIRCULAR,0.0,AR_long_run_0.75,1.0,1.0,on_1.5,5,AR_recent_0.0035,0.0035,0.0695,0.3475
unemployment_CIRCULAR,0.0,AR_long_run_0.75,1.0,1.0,on_1.5,5,AR_postwar_0.0047,0.0047,0.071,0.355
unemployment_CIRCULAR,0.0,AR_long_run_0.75,1.0,1.0,on_1.5,10,off_0.0000,0.0,0.066,0.66
unemployment_CIRCULAR,0.0,AR_long_run_0.75,1.0,1.0,on_1.5,10,AR_recent_0.0035,0.0035,0.0695,0.695
unemployment_CIRCULAR,0.0,AR_long_run_0.75,1.0,1.0,on_1.5,10,AR_postwar_0.0047,0.0047,0.071,0.71
unemployment_CIRCULAR,0.0,AR_long_run_0.75,1.0,1.0,on_1.5,20,off_0.0000,0.0,0.066,1.32
unemployment_CIRCULAR,0.0,AR_long_run_0.75,1.0,1.0,on_1.5,20,AR_recent_0.0035,0.0035,0.0695,1.39
unemployment_CIRCULAR,0.0,AR_long_run_0.75,1.0,1.0,on_1.5,20,AR_postwar_0.0047,0.0047,0.071,1.42
unemployment_CIRCULAR,0.0,AR_long_run_0.75,1.5,0.0,off_1.0,2,off_0.0000,0.0,0.067,0.134
unemployment_CIRCULAR,0.0,AR_long_run_0.75,1.5,0.0,off_1.0,2,AR_recent_0.0035,0.0035,0.0705,0.141
unemployment_CIRCULAR,0.0,AR_long_run_0.75,1.5,0.0,off_1.0,2,AR_postwar_0.0047,0.0047,0.0715,0.143
unemployment_CIRCULAR,0.0,AR_long_run_0.75,1.5,0.0,off_1.0,5,off_0.0000,0.0,0.066,0.33
unemployment_CIRCULAR,0.0,AR_long_run_0.75,1.5,0.0,off_1.0,5,AR_recent_0.0035,0.0035,0.0695,0.3475
unemployment_CIRCULAR,0.0,AR_long_run_0.75,1.5,0.0,off_1.0,5,AR_postwar_0.0047,0.0047,0.0705,0.3525
unemployment_CIRCULAR,0.0,AR_long_run_0.75,1.5,0.0,off_1.0,10,off_0.0000,0.0,0.066,0.66
unemployment_CIRCULAR,0.0,AR_long_run_0.75,1.5,0.0,off_1.0,10,AR_recent_0.0035,0.0035,0.0695,0.695
unemployment_CIRCULAR,0.0,AR_long_run_0.75,1.5,0.0,off_1.0,10,AR_postwar_0.0047,0.0047,0.0705,0.705
unemployment_CIRCULAR,0.0,AR_long_run_0.75,1.5,0.0,off_1.0,20,off_0.0000,0.0,0.066,1.32
unemployment_CIRCULAR,0.0,AR_long_run_0.75,1.5,0.0,off_1.0,20,AR_recent_0.0035,0.0035,0.0695,1.39
unemployment_CIRCULAR,0.0,AR_long_run_0.75,1.5,0.0,off_1.0,20,AR_postwar_0.0047,0.0047,0.0705,1.41
unemployment_CIRCULAR,0.0,AR_long_run_0.75,1.5,0.0,on_1.5,2,off_0.0000,0.0,0.0665,0.133
unemployment_CIRCULAR,0.0,AR_long_run_0.75,1.5,0.0,on_1.5,2,AR_recent_0.0035,0.0035,0.07,0.14
unemployment_CIRCULAR,0.0,AR_long_run_0.75,1.5,0.0,on_1.5,2,AR_postwar_0.0047,0.0047,0.071,0.142
unemployment_CIRCULAR,0.0,AR_long_run_0.75,1.5,0.0,on_1.5,5,off_0.0000,0.0,0.0665,0.3325
unemployment_CIRCULAR,0.0,AR_long_run_0.75,1.5,0.0,on_1.5,5,AR_recent_0.0035,0.0035,0.07,0.35
unemployment_CIRCULAR,0.0,AR_long_run_0.75,1.5,0.0,on_1.5,5,AR_postwar_0.0047,0.0047,0.071,0.355
unemployment_CIRCULAR,0.0,AR_long_run_0.75,1.5,0.0,on_1.5,10,off_0.0000,0.0,0.0665,0.665
unemployment_CIRCULAR,0.0,AR_long_run_0.75,1.5,0.0,on_1.5,10,AR_recent_0.0035,0.0035,0.07,0.7
unemployment_CIRCULAR,0.0,AR_long_run_0.75,1.5,0.0,on_1.5,10,AR_postwar_0.0047,0.0047,0.071,0.71
unemployment_CIRCULAR,0.0,AR_long_run_0.75,1.5,0.0,on_1.5,20,off_0.0000,0.0,0.0665,1.33
unemployment_CIRCULAR,0.0,AR_long_run_0.75,1.5,0.0,on_1.5,20,AR_recent_0.0035,0.0035,0.07,1.4
unemployment_CIRCULAR,0.0,AR_long_run_0.75,1.5,0.0,on_1.5,20,AR_postwar_0.0047,0.0047,0.071,1.42
unemployment_CIRCULAR,0.0,AR_long_run_0.75,1.5,0.5,off_1.0,2,off_0.0000,0.0,0.067,0.134
unemployment_CIRCULAR,0.0,AR_long_run_0.75,1.5,0.5,off_1.0,2,AR_recent_0.0035,0.0035,0.0705,0.141
unemployment_CIRCULAR,0.0,AR_long_run_0.75,1.5,0.5,off_1.0,2,AR_postwar_0.0047,0.0047,0.0715,0.143
unemployment_CIRCULAR,0.0,AR_long_run_0.75,1.5,0.5,off_1.0,5,off_0.0000,0.0,0.066,0.33
unemployment_CIRCULAR,0.0,AR_long_run_0.75,1.5,0.5,off_1.0,5,AR_recent_0.0035,0.0035,0.0695,0.3475
unemployment_CIRCULAR,0.0,AR_long_run_0.75,1.5,0.5,off_1.0,5,AR_postwar_0.0047,0.0047,0.0705,0.3525
unemployment_CIRCULAR,0.0,AR_long_run_0.75,1.5,0.5,off_1.0,10,off_0.0000,0.0,0.066,0.66
unemployment_CIRCULAR,0.0,AR_long_run_0.75,1.5,0.5,off_1.0,10,AR_recent_0.0035,0.0035,0.0695,0.695
unemployment_CIRCULAR,0.0,AR_long_run_0.75,1.5,0.5,off_1.0,10,AR_postwar_0.0047,0.0047,0.0705,0.705
unemployment_CIRCULAR,0.0,AR_long_run_0.75,1.5,0.5,off_1.0,20,off_0.0000,0.0,0.066,1.32
unemployment_CIRCULAR,0.0,AR_long_run_0.75,1.5,0.5,off_1.0,20,AR_recent_0.0035,0.0035,0.0695,1.39
unemployment_CIRCULAR,0.0,AR_long_run_0.75,1.5,0.5,off_1.0,20,AR_postwar_0.0047,0.0047,0.0705,1.41
unemployment_CIRCULAR,0.0,AR_long_run_0.75,1.5,0.5,on_1.5,2,off_0.0000,0.0,0.0665,0.133
unemployment_CIRCULAR,0.0,AR_long_run_0.75,1.5,0.5,on_1.5,2,AR_recent_0.0035,0.0035,0.07,0.14
unemployment_CIRCULAR,0.0,AR_long_run_0.75,1.5,0.5,on_1.5,2,AR_postwar_0.0047,0.0047,0.071,0.142
unemployment_CIRCULAR,0.0,AR_long_run_0.75,1.5,0.5,on_1.5,5,off_0.0000,0.0,0.0665,0.3325
unemployment_CIRCULAR,0.0,AR_long_run_0.75,1.5,0.5,on_1.5,5,AR_recent_0.0035,0.0035,0.07,0.35
unemployment_CIRCULAR,0.0,AR_long_run_0.75,1.5,0.5,on_1.5,5,AR_postwar_0.0047,0.0047,0.071,0.355
unemployment_CIRCULAR,0.0,AR_long_run_0.75,1.5,0.5,on_1.5,10,off_0.0000,0.0,0.0665,0.665
unemployment_CIRCULAR,0.0,AR_long_run_0.75,1.5,0.5,on_1.5,10,AR_recent_0.0035,0.0035,0.07,0.7
unemployment_CIRCULAR,0.0,AR_long_run_0.75,1.5,0.5,on_1.5,10,AR_postwar_0.0047,0.0047,0.071,0.71
unemployment_CIRCULAR,0.0,AR_long_run_0.75,1.5,0.5,on_1.5,20,off_0.0000,0.0,0.0665,1.33
unemployment_CIRCULAR,0.0,AR_long_run_0.75,1.5,0.5,on_1.5,20,AR_recent_0.0035,0.0035,0.07,1.4
unemployment_CIRCULAR,0.0,AR_long_run_0.75,1.5,0.5,on_1.5,20,AR_postwar_0.0047,0.0047,0.071,1.42
unemployment_CIRCULAR,0.0,AR_long_run_0.75,1.5,1.0,off_1.0,2,off_0.0000,0.0,0.067,0.134
unemployment_CIRCULAR,0.0,AR_long_run_0.75,1.5,1.0,off_1.0,2,AR_recent_0.0035,0.0035,0.0705,0.141
unemployment_CIRCULAR,0.0,AR_long_run_0.75,1.5,1.0,off_1.0,2,AR_postwar_0.0047,0.0047,0.0715,0.143
unemployment_CIRCULAR,0.0,AR_long_run_0.75,1.5,1.0,off_1.0,5,off_0.0000,0.0,0.066,0.33
unemployment_CIRCULAR,0.0,AR_long_run_0.75,1.5,1.0,off_1.0,5,AR_recent_0.0035,0.0035,0.0695,0.3475
unemployment_CIRCULAR,0.0,AR_long_run_0.75,1.5,1.0,off_1.0,5,AR_postwar_0.0047,0.0047,0.0705,0.3525
unemployment_CIRCULAR,0.0,AR_long_run_0.75,1.5,1.0,off_1.0,10,off_0.0000,0.0,0.066,0.66
unemployment_CIRCULAR,0.0,AR_long_run_0.75,1.5,1.0,off_1.0,10,AR_recent_0.0035,0.0035,0.0695,0.695
unemployment_CIRCULAR,0.0,AR_long_run_0.75,1.5,1.0,off_1.0,10,AR_postwar_0.0047,0.0047,0.0705,0.705
unemployment_CIRCULAR,0.0,AR_long_run_0.75,1.5,1.0,off_1.0,20,off_0.0000,0.0,0.066,1.32
unemployment_CIRCULAR,0.0,AR_long_run_0.75,1.5,1.0,off_1.0,20,AR_recent_0.0035,0.0035,0.0695,1.39
unemployment_CIRCULAR,0.0,AR_long_run_0.75,1.5,1.0,off_1.0,20,AR_postwar_0.0047,0.0047,0.0705,1.41
unemployment_CIRCULAR,0.0,AR_long_run_0.75,1.5,1.0,on_1.5,2,off_0.0000,0.0,0.0665,0.133
unemployment_CIRCULAR,0.0,AR_long_run_0.75,1.5,1.0,on_1.5,2,AR_recent_0.0035,0.0035,0.07,0.14
unemployment_CIRCULAR,0.0,AR_long_run_0.75,1.5,1.0,on_1.5,2,AR_postwar_0.0047,0.0047,0.071,0.142
unemployment_CIRCULAR,0.0,AR_long_run_0.75,1.5,1.0,on_1.5,5,off_0.0000,0.0,0.0665,0.3325
unemployment_CIRCULAR,0.0,AR_long_run_0.75,1.5,1.0,on_1.5,5,AR_recent_0.0035,0.0035,0.07,0.35
unemployment_CIRCULAR,0.0,AR_long_run_0.75,1.5,1.0,on_1.5,5,AR_postwar_0.0047,0.0047,0.071,0.355
unemployment_CIRCULAR,0.0,AR_long_run_0.75,1.5,1.0,on_1.5,10,off_0.0000,0.0,0.0665,0.665
unemployment_CIRCULAR,0.0,AR_long_run_0.75,1.5,1.0,on_1.5,10,AR_recent_0.0035,0.0035,0.07,0.7
unemployment_CIRCULAR,0.0,AR_long_run_0.75,1.5,1.0,on_1.5,10,AR_postwar_0.0047,0.0047,0.071,0.71
unemployment_CIRCULAR,0.0,AR_long_run_0.75,1.5,1.0,on_1.5,20,off_0.0000,0.0,0.0665,1.33
unemployment_CIRCULAR,0.0,AR_long_run_0.75,1.5,1.0,on_1.5,20,AR_recent_0.0035,0.0035,0.07,1.4
unemployment_CIRCULAR,0.0,AR_long_run_0.75,1.5,1.0,on_1.5,20,AR_postwar_0.0047,0.0047,0.071,1.42
unemployment_CIRCULAR,0.0,AR_long_run_0.75,2.0,0.0,off_1.0,2,off_0.0000,0.0,0.067,0.134
unemployment_CIRCULAR,0.0,AR_long_run_0.75,2.0,0.0,off_1.0,2,AR_recent_0.0035,0.0035,0.0705,0.141
unemployment_CIRCULAR,0.0,AR_long_run_0.75,2.0,0.0,off_1.0,2,AR_postwar_0.0047,0.0047,0.0715,0.143
unemployment_CIRCULAR,0.0,AR_long_run_0.75,2.0,0.0,off_1.0,5,off_0.0000,0.0,0.0545,0.2725
unemployment_CIRCULAR,0.0,AR_long_run_0.75,2.0,0.0,off_1.0,5,AR_recent_0.0035,0.0035,0.058,0.29
unemployment_CIRCULAR,0.0,AR_long_run_0.75,2.0,0.0,off_1.0,5,AR_postwar_0.0047,0.0047,0.0595,0.2975
unemployment_CIRCULAR,0.0,AR_long_run_0.75,2.0,0.0,off_1.0,10,off_0.0000,0.0,0.0545,0.545
unemployment_CIRCULAR,0.0,AR_long_run_0.75,2.0,0.0,off_1.0,10,AR_recent_0.0035,0.0035,0.058,0.58
unemployment_CIRCULAR,0.0,AR_long_run_0.75,2.0,0.0,off_1.0,10,AR_postwar_0.0047,0.0047,0.059,0.59
unemployment_CIRCULAR,0.0,AR_long_run_0.75,2.0,0.0,off_1.0,20,off_0.0000,0.0,0.0545,1.09
unemployment_CIRCULAR,0.0,AR_long_run_0.75,2.0,0.0,off_1.0,20,AR_recent_0.0035,0.0035,0.058,1.16
unemployment_CIRCULAR,0.0,AR_long_run_0.75,2.0,0.0,off_1.0,20,AR_postwar_0.0047,0.0047,0.059,1.18
unemployment_CIRCULAR,0.0,AR_long_run_0.75,2.0,0.0,on_1.5,2,off_0.0000,0.0,0.067,0.134
unemployment_CIRCULAR,0.0,AR_long_run_0.75,2.0,0.0,on_1.5,2,AR_recent_0.0035,0.0035,0.0705,0.141
unemployment_CIRCULAR,0.0,AR_long_run_0.75,2.0,0.0,on_1.5,2,AR_postwar_0.0047,0.0047,0.0715,0.143
unemployment_CIRCULAR,0.0,AR_long_run_0.75,2.0,0.0,on_1.5,5,off_0.0000,0.0,0.062,0.31
unemployment_CIRCULAR,0.0,AR_long_run_0.75,2.0,0.0,on_1.5,5,AR_recent_0.0035,0.0035,0.0655,0.3275
unemployment_CIRCULAR,0.0,AR_long_run_0.75,2.0,0.0,on_1.5,5,AR_postwar_0.0047,0.0047,0.0665,0.3325
unemployment_CIRCULAR,0.0,AR_long_run_0.75,2.0,0.0,on_1.5,10,off_0.0000,0.0,0.062,0.62
unemployment_CIRCULAR,0.0,AR_long_run_0.75,2.0,0.0,on_1.5,10,AR_recent_0.0035,0.0035,0.0655,0.655
unemployment_CIRCULAR,0.0,AR_long_run_0.75,2.0,0.0,on_1.5,10,AR_postwar_0.0047,0.0047,0.0665,0.665
unemployment_CIRCULAR,0.0,AR_long_run_0.75,2.0,0.0,on_1.5,20,off_0.0000,0.0,0.062,1.24
unemployment_CIRCULAR,0.0,AR_long_run_0.75,2.0,0.0,on_1.5,20,AR_recent_0.0035,0.0035,0.0655,1.31
unemployment_CIRCULAR,0.0,AR_long_run_0.75,2.0,0.0,on_1.5,20,AR_postwar_0.0047,0.0047,0.0665,1.33
unemployment_CIRCULAR,0.0,AR_long_run_0.75,2.0,0.5,off_1.0,2,off_0.0000,0.0,0.067,0.134
unemployment_CIRCULAR,0.0,AR_long_run_0.75,2.0,0.5,off_1.0,2,AR_recent_0.0035,0.0035,0.0705,0.141
unemployment_CIRCULAR,0.0,AR_long_run_0.75,2.0,0.5,off_1.0,2,AR_postwar_0.0047,0.0047,0.0715,0.143
unemployment_CIRCULAR,0.0,AR_long_run_0.75,2.0,0.5,off_1.0,5,off_0.0000,0.0,0.0545,0.2725
unemployment_CIRCULAR,0.0,AR_long_run_0.75,2.0,0.5,off_1.0,5,AR_recent_0.0035,0.0035,0.058,0.29
unemployment_CIRCULAR,0.0,AR_long_run_0.75,2.0,0.5,off_1.0,5,AR_postwar_0.0047,0.0047,0.0595,0.2975
unemployment_CIRCULAR,0.0,AR_long_run_0.75,2.0,0.5,off_1.0,10,off_0.0000,0.0,0.0545,0.545
unemployment_CIRCULAR,0.0,AR_long_run_0.75,2.0,0.5,off_1.0,10,AR_recent_0.0035,0.0035,0.058,0.58
unemployment_CIRCULAR,0.0,AR_long_run_0.75,2.0,0.5,off_1.0,10,AR_postwar_0.0047,0.0047,0.059,0.59
unemployment_CIRCULAR,0.0,AR_long_run_0.75,2.0,0.5,off_1.0,20,off_0.0000,0.0,0.0545,1.09
unemployment_CIRCULAR,0.0,AR_long_run_0.75,2.0,0.5,off_1.0,20,AR_recent_0.0035,0.0035,0.058,1.16
unemployment_CIRCULAR,0.0,AR_long_run_0.75,2.0,0.5,off_1.0,20,AR_postwar_0.0047,0.0047,0.059,1.18
unemployment_CIRCULAR,0.0,AR_long_run_0.75,2.0,0.5,on_1.5,2,off_0.0000,0.0,0.067,0.134
unemployment_CIRCULAR,0.0,AR_long_run_0.75,2.0,0.5,on_1.5,2,AR_recent_0.0035,0.0035,0.0705,0.141
unemployment_CIRCULAR,0.0,AR_long_run_0.75,2.0,0.5,on_1.5,2,AR_postwar_0.0047,0.0047,0.0715,0.143
unemployment_CIRCULAR,0.0,AR_long_run_0.75,2.0,0.5,on_1.5,5,off_0.0000,0.0,0.062,0.31
unemployment_CIRCULAR,0.0,AR_long_run_0.75,2.0,0.5,on_1.5,5,AR_recent_0.0035,0.0035,0.0655,0.3275
unemployment_CIRCULAR,0.0,AR_long_run_0.75,2.0,0.5,on_1.5,5,AR_postwar_0.0047,0.0047,0.0665,0.3325
unemployment_CIRCULAR,0.0,AR_long_run_0.75,2.0,0.5,on_1.5,10,off_0.0000,0.0,0.062,0.62
unemployment_CIRCULAR,0.0,AR_long_run_0.75,2.0,0.5,on_1.5,10,AR_recent_0.0035,0.0035,0.0655,0.655
unemployment_CIRCULAR,0.0,AR_long_run_0.75,2.0,0.5,on_1.5,10,AR_postwar_0.0047,0.0047,0.0665,0.665
unemployment_CIRCULAR,0.0,AR_long_run_0.75,2.0,0.5,on_1.5,20,off_0.0000,0.0,0.062,1.24
unemployment_CIRCULAR,0.0,AR_long_run_0.75,2.0,0.5,on_1.5,20,AR_recent_0.0035,0.0035,0.0655,1.31
unemployment_CIRCULAR,0.0,AR_long_run_0.75,2.0,0.5,on_1.5,20,AR_postwar_0.0047,0.0047,0.0665,1.33
unemployment_CIRCULAR,0.0,AR_long_run_0.75,2.0,1.0,off_1.0,2,off_0.0000,0.0,0.067,0.134
unemployment_CIRCULAR,0.0,AR_long_run_0.75,2.0,1.0,off_1.0,2,AR_recent_0.0035,0.0035,0.0705,0.141
unemployment_CIRCULAR,0.0,AR_long_run_0.75,2.0,1.0,off_1.0,2,AR_postwar_0.0047,0.0047,0.0715,0.143
unemployment_CIRCULAR,0.0,AR_long_run_0.75,2.0,1.0,off_1.0,5,off_0.0000,0.0,0.0545,0.2725
unemployment_CIRCULAR,0.0,AR_long_run_0.75,2.0,1.0,off_1.0,5,AR_recent_0.0035,0.0035,0.058,0.29
unemployment_CIRCULAR,0.0,AR_long_run_0.75,2.0,1.0,off_1.0,5,AR_postwar_0.0047,0.0047,0.0595,0.2975
unemployment_CIRCULAR,0.0,AR_long_run_0.75,2.0,1.0,off_1.0,10,off_0.0000,0.0,0.0545,0.545
unemployment_CIRCULAR,0.0,AR_long_run_0.75,2.0,1.0,off_1.0,10,AR_recent_0.0035,0.0035,0.058,0.58
unemployment_CIRCULAR,0.0,AR_long_run_0.75,2.0,1.0,off_1.0,10,AR_postwar_0.0047,0.0047,0.059,0.59
unemployment_CIRCULAR,0.0,AR_long_run_0.75,2.0,1.0,off_1.0,20,off_0.0000,0.0,0.0545,1.09
unemployment_CIRCULAR,0.0,AR_long_run_0.75,2.0,1.0,off_1.0,20,AR_recent_0.0035,0.0035,0.058,1.16
unemployment_CIRCULAR,0.0,AR_long_run_0.75,2.0,1.0,off_1.0,20,AR_postwar_0.0047,0.0047,0.059,1.18
unemployment_CIRCULAR,0.0,AR_long_run_0.75,2.0,1.0,on_1.5,2,off_0.0000,0.0,0.067,0.134
unemployment_CIRCULAR,0.0,AR_long_run_0.75,2.0,1.0,on_1.5,2,AR_recent_0.0035,0.0035,0.0705,0.141
unemployment_CIRCULAR,0.0,AR_long_run_0.75,2.0,1.0,on_1.5,2,AR_postwar_0.0047,0.0047,0.0715,0.143
unemployment_CIRCULAR,0.0,AR_long_run_0.75,2.0,1.0,on_1.5,5,off_0.0000,0.0,0.062,0.31
unemployment_CIRCULAR,0.0,AR_long_run_0.75,2.0,1.0,on_1.5,5,AR_recent_0.0035,0.0035,0.0655,0.3275
unemployment_CIRCULAR,0.0,AR_long_run_0.75,2.0,1.0,on_1.5,5,AR_postwar_0.0047,0.0047,0.0665,0.3325
unemployment_CIRCULAR,0.0,AR_long_run_0.75,2.0,1.0,on_1.5,10,off_0.0000,0.0,0.062,0.62
unemployment_CIRCULAR,0.0,AR_long_run_0.75,2.0,1.0,on_1.5,10,AR_recent_0.0035,0.0035,0.0655,0.655
unemployment_CIRCULAR,0.0,AR_long_run_0.75,2.0,1.0,on_1.5,10,AR_postwar_0.0047,0.0047,0.0665,0.665
unemployment_CIRCULAR,0.0,AR_long_run_0.75,2.0,1.0,on_1.5,20,off_0.0000,0.0,0.062,1.24
unemployment_CIRCULAR,0.0,AR_long_run_0.75,2.0,1.0,on_1.5,20,AR_recent_0.0035,0.0035,0.0655,1.31
unemployment_CIRCULAR,0.0,AR_long_run_0.75,2.0,1.0,on_1.5,20,AR_postwar_0.0047,0.0047,0.0665,1.33
unemployment_CIRCULAR,0.5,dws_0.462,1.0,0.0,off_1.0,2,off_0.0000,0.0,0.067,0.134
unemployment_CIRCULAR,0.5,dws_0.462,1.0,0.0,off_1.0,2,AR_recent_0.0035,0.0035,0.0705,0.141
unemployment_CIRCULAR,0.5,dws_0.462,1.0,0.0,off_1.0,2,AR_postwar_0.0047,0.0047,0.0715,0.143
unemployment_CIRCULAR,0.5,dws_0.462,1.0,0.0,off_1.0,5,off_0.0000,0.0,0.056,0.28
unemployment_CIRCULAR,0.5,dws_0.462,1.0,0.0,off_1.0,5,AR_recent_0.0035,0.0035,0.0595,0.2975
unemployment_CIRCULAR,0.5,dws_0.462,1.0,0.0,off_1.0,5,AR_postwar_0.0047,0.0047,0.0605,0.3025
unemployment_CIRCULAR,0.5,dws_0.462,1.0,0.0,off_1.0,10,off_0.0000,0.0,0.049,0.49
unemployment_CIRCULAR,0.5,dws_0.462,1.0,0.0,off_1.0,10,AR_recent_0.0035,0.0035,0.052,0.52
unemployment_CIRCULAR,0.5,dws_0.462,1.0,0.0,off_1.0,10,AR_postwar_0.0047,0.0047,0.053,0.53
unemployment_CIRCULAR,0.5,dws_0.462,1.0,0.0,off_1.0,20,off_0.0000,0.0,0.04,0.8
unemployment_CIRCULAR,0.5,dws_0.462,1.0,0.0,off_1.0,20,AR_recent_0.0035,0.0035,0.0425,0.85
unemployment_CIRCULAR,0.5,dws_0.462,1.0,0.0,off_1.0,20,AR_postwar_0.0047,0.0047,0.043,0.86
unemployment_CIRCULAR,0.5,dws_0.462,1.0,0.0,on_1.5,2,off_0.0000,0.0,0.0665,0.133
unemployment_CIRCULAR,0.5,dws_0.462,1.0,0.0,on_1.5,2,AR_recent_0.0035,0.0035,0.07,0.14
unemployment_CIRCULAR,0.5,dws_0.462,1.0,0.0,on_1.5,2,AR_postwar_0.0047,0.0047,0.0715,0.143
unemployment_CIRCULAR,0.5,dws_0.462,1.0,0.0,on_1.5,5,off_0.0000,0.0,0.0635,0.3175
unemployment_CIRCULAR,0.5,dws_0.462,1.0,0.0,on_1.5,5,AR_recent_0.0035,0.0035,0.0665,0.3325
unemployment_CIRCULAR,0.5,dws_0.462,1.0,0.0,on_1.5,5,AR_postwar_0.0047,0.0047,0.0675,0.3375
unemployment_CIRCULAR,0.5,dws_0.462,1.0,0.0,on_1.5,10,off_0.0000,0.0,0.0555,0.555
unemployment_CIRCULAR,0.5,dws_0.462,1.0,0.0,on_1.5,10,AR_recent_0.0035,0.0035,0.0585,0.585
unemployment_CIRCULAR,0.5,dws_0.462,1.0,0.0,on_1.5,10,AR_postwar_0.0047,0.0047,0.0595,0.595
unemployment_CIRCULAR,0.5,dws_0.462,1.0,0.0,on_1.5,20,off_0.0000,0.0,0.046,0.92
unemployment_CIRCULAR,0.5,dws_0.462,1.0,0.0,on_1.5,20,AR_recent_0.0035,0.0035,0.0485,0.97
unemployment_CIRCULAR,0.5,dws_0.462,1.0,0.0,on_1.5,20,AR_postwar_0.0047,0.0047,0.0495,0.99
unemployment_CIRCULAR,0.5,dws_0.462,1.0,0.5,off_1.0,2,off_0.0000,0.0,0.067,0.134
unemployment_CIRCULAR,0.5,dws_0.462,1.0,0.5,off_1.0,2,AR_recent_0.0035,0.0035,0.0705,0.141
unemployment_CIRCULAR,0.5,dws_0.462,1.0,0.5,off_1.0,2,AR_postwar_0.0047,0.0047,0.0715,0.143
unemployment_CIRCULAR,0.5,dws_0.462,1.0,0.5,off_1.0,5,off_0.0000,0.0,0.056,0.28
unemployment_CIRCULAR,0.5,dws_0.462,1.0,0.5,off_1.0,5,AR_recent_0.0035,0.0035,0.0595,0.2975
unemployment_CIRCULAR,0.5,dws_0.462,1.0,0.5,off_1.0,5,AR_postwar_0.0047,0.0047,0.0605,0.3025
unemployment_CIRCULAR,0.5,dws_0.462,1.0,0.5,off_1.0,10,off_0.0000,0.0,0.049,0.49
unemployment_CIRCULAR,0.5,dws_0.462,1.0,0.5,off_1.0,10,AR_recent_0.0035,0.0035,0.052,0.52
unemployment_CIRCULAR,0.5,dws_0.462,1.0,0.5,off_1.0,10,AR_postwar_0.0047,0.0047,0.053,0.53
unemployment_CIRCULAR,0.5,dws_0.462,1.0,0.5,off_1.0,20,off_0.0000,0.0,0.04,0.8
unemployment_CIRCULAR,0.5,dws_0.462,1.0,0.5,off_1.0,20,AR_recent_0.0035,0.0035,0.0425,0.85
unemployment_CIRCULAR,0.5,dws_0.462,1.0,0.5,off_1.0,20,AR_postwar_0.0047,0.0047,0.043,0.86
unemployment_CIRCULAR,0.5,dws_0.462,1.0,0.5,on_1.5,2,off_0.0000,0.0,0.0665,0.133
unemployment_CIRCULAR,0.5,dws_0.462,1.0,0.5,on_1.5,2,AR_recent_0.0035,0.0035,0.07,0.14
unemployment_CIRCULAR,0.5,dws_0.462,1.0,0.5,on_1.5,2,AR_postwar_0.0047,0.0047,0.0715,0.143
unemployment_CIRCULAR,0.5,dws_0.462,1.0,0.5,on_1.5,5,off_0.0000,0.0,0.0635,0.3175
unemployment_CIRCULAR,0.5,dws_0.462,1.0,0.5,on_1.5,5,AR_recent_0.0035,0.0035,0.0665,0.3325
unemployment_CIRCULAR,0.5,dws_0.462,1.0,0.5,on_1.5,5,AR_postwar_0.0047,0.0047,0.0675,0.3375
unemployment_CIRCULAR,0.5,dws_0.462,1.0,0.5,on_1.5,10,off_0.0000,0.0,0.0555,0.555
unemployment_CIRCULAR,0.5,dws_0.462,1.0,0.5,on_1.5,10,AR_recent_0.0035,0.0035,0.0585,0.585
unemployment_CIRCULAR,0.5,dws_0.462,1.0,0.5,on_1.5,10,AR_postwar_0.0047,0.0047,0.0595,0.595
unemployment_CIRCULAR,0.5,dws_0.462,1.0,0.5,on_1.5,20,off_0.0000,0.0,0.046,0.92
unemployment_CIRCULAR,0.5,dws_0.462,1.0,0.5,on_1.5,20,AR_recent_0.0035,0.0035,0.0485,0.97
unemployment_CIRCULAR,0.5,dws_0.462,1.0,0.5,on_1.5,20,AR_postwar_0.0047,0.0047,0.0495,0.99
unemployment_CIRCULAR,0.5,dws_0.462,1.0,1.0,off_1.0,2,off_0.0000,0.0,0.067,0.134
unemployment_CIRCULAR,0.5,dws_0.462,1.0,1.0,off_1.0,2,AR_recent_0.0035,0.0035,0.0705,0.141
unemployment_CIRCULAR,0.5,dws_0.462,1.0,1.0,off_1.0,2,AR_postwar_0.0047,0.0047,0.0715,0.143
unemployment_CIRCULAR,0.5,dws_0.462,1.0,1.0,off_1.0,5,off_0.0000,0.0,0.056,0.28
unemployment_CIRCULAR,0.5,dws_0.462,1.0,1.0,off_1.0,5,AR_recent_0.0035,0.0035,0.0595,0.2975
unemployment_CIRCULAR,0.5,dws_0.462,1.0,1.0,off_1.0,5,AR_postwar_0.0047,0.0047,0.0605,0.3025
unemployment_CIRCULAR,0.5,dws_0.462,1.0,1.0,off_1.0,10,off_0.0000,0.0,0.049,0.49
unemployment_CIRCULAR,0.5,dws_0.462,1.0,1.0,off_1.0,10,AR_recent_0.0035,0.0035,0.052,0.52
unemployment_CIRCULAR,0.5,dws_0.462,1.0,1.0,off_1.0,10,AR_postwar_0.0047,0.0047,0.053,0.53
unemployment_CIRCULAR,0.5,dws_0.462,1.0,1.0,off_1.0,20,off_0.0000,0.0,0.04,0.8
unemployment_CIRCULAR,0.5,dws_0.462,1.0,1.0,off_1.0,20,AR_recent_0.0035,0.0035,0.0425,0.85
unemployment_CIRCULAR,0.5,dws_0.462,1.0,1.0,off_1.0,20,AR_postwar_0.0047,0.0047,0.043,0.86
unemployment_CIRCULAR,0.5,dws_0.462,1.0,1.0,on_1.5,2,off_0.0000,0.0,0.0665,0.133
unemployment_CIRCULAR,0.5,dws_0.462,1.0,1.0,on_1.5,2,AR_recent_0.0035,0.0035,0.07,0.14
unemployment_CIRCULAR,0.5,dws_0.462,1.0,1.0,on_1.5,2,AR_postwar_0.0047,0.0047,0.0715,0.143
unemployment_CIRCULAR,0.5,dws_0.462,1.0,1.0,on_1.5,5,off_0.0000,0.0,0.0635,0.3175
unemployment_CIRCULAR,0.5,dws_0.462,1.0,1.0,on_1.5,5,AR_recent_0.0035,0.0035,0.0665,0.3325
unemployment_CIRCULAR,0.5,dws_0.462,1.0,1.0,on_1.5,5,AR_postwar_0.0047,0.0047,0.0675,0.3375
unemployment_CIRCULAR,0.5,dws_0.462,1.0,1.0,on_1.5,10,off_0.0000,0.0,0.0555,0.555
unemployment_CIRCULAR,0.5,dws_0.462,1.0,1.0,on_1.5,10,AR_recent_0.0035,0.0035,0.0585,0.585
unemployment_CIRCULAR,0.5,dws_0.462,1.0,1.0,on_1.5,10,AR_postwar_0.0047,0.0047,0.0595,0.595
unemployment_CIRCULAR,0.5,dws_0.462,1.0,1.0,on_1.5,20,off_0.0000,0.0,0.046,0.92
unemployment_CIRCULAR,0.5,dws_0.462,1.0,1.0,on_1.5,20,AR_recent_0.0035,0.0035,0.0485,0.97
unemployment_CIRCULAR,0.5,dws_0.462,1.0,1.0,on_1.5,20,AR_postwar_0.0047,0.0047,0.0495,0.99
unemployment_CIRCULAR,0.5,dws_0.462,1.5,0.0,off_1.0,2,off_0.0000,0.0,0.067,0.134
unemployment_CIRCULAR,0.5,dws_0.462,1.5,0.0,off_1.0,2,AR_recent_0.0035,0.0035,0.0705,0.141
unemployment_CIRCULAR,0.5,dws_0.462,1.5,0.0,off_1.0,2,AR_postwar_0.0047,0.0047,0.072,0.144
unemployment_CIRCULAR,0.5,dws_0.462,1.5,0.0,off_1.0,5,off_0.0000,0.0,0.0445,0.2225
unemployment_CIRCULAR,0.5,dws_0.462,1.5,0.0,off_1.0,5,AR_recent_0.0035,0.0035,0.048,0.24
unemployment_CIRCULAR,0.5,dws_0.462,1.5,0.0,off_1.0,5,AR_postwar_0.0047,0.0047,0.049,0.245
unemployment_CIRCULAR,0.5,dws_0.462,1.5,0.0,off_1.0,10,off_0.0000,0.0,0.039,0.39
unemployment_CIRCULAR,0.5,dws_0.462,1.5,0.0,off_1.0,10,AR_recent_0.0035,0.0035,0.042,0.42
unemployment_CIRCULAR,0.5,dws_0.462,1.5,0.0,off_1.0,10,AR_postwar_0.0047,0.0047,0.043,0.43
unemployment_CIRCULAR,0.5,dws_0.462,1.5,0.0,off_1.0,20,off_0.0000,0.0,0.0325,0.65
unemployment_CIRCULAR,0.5,dws_0.462,1.5,0.0,off_1.0,20,AR_recent_0.0035,0.0035,0.035,0.7
unemployment_CIRCULAR,0.5,dws_0.462,1.5,0.0,off_1.0,20,AR_postwar_0.0047,0.0047,0.036,0.72
unemployment_CIRCULAR,0.5,dws_0.462,1.5,0.0,on_1.5,2,off_0.0000,0.0,0.067,0.134
unemployment_CIRCULAR,0.5,dws_0.462,1.5,0.0,on_1.5,2,AR_recent_0.0035,0.0035,0.0705,0.141
unemployment_CIRCULAR,0.5,dws_0.462,1.5,0.0,on_1.5,2,AR_postwar_0.0047,0.0047,0.0715,0.143
unemployment_CIRCULAR,0.5,dws_0.462,1.5,0.0,on_1.5,5,off_0.0000,0.0,0.049,0.245
unemployment_CIRCULAR,0.5,dws_0.462,1.5,0.0,on_1.5,5,AR_recent_0.0035,0.0035,0.0525,0.2625
unemployment_CIRCULAR,0.5,dws_0.462,1.5,0.0,on_1.5,5,AR_postwar_0.0047,0.0047,0.0535,0.2675
unemployment_CIRCULAR,0.5,dws_0.462,1.5,0.0,on_1.5,10,off_0.0000,0.0,0.044,0.44
unemployment_CIRCULAR,0.5,dws_0.462,1.5,0.0,on_1.5,10,AR_recent_0.0035,0.0035,0.0465,0.465
unemployment_CIRCULAR,0.5,dws_0.462,1.5,0.0,on_1.5,10,AR_postwar_0.0047,0.0047,0.0475,0.475
unemployment_CIRCULAR,0.5,dws_0.462,1.5,0.0,on_1.5,20,off_0.0000,0.0,0.037,0.74
unemployment_CIRCULAR,0.5,dws_0.462,1.5,0.0,on_1.5,20,AR_recent_0.0035,0.0035,0.0395,0.79
unemployment_CIRCULAR,0.5,dws_0.462,1.5,0.0,on_1.5,20,AR_postwar_0.0047,0.0047,0.0405,0.81
unemployment_CIRCULAR,0.5,dws_0.462,1.5,0.5,off_1.0,2,off_0.0000,0.0,0.067,0.134
unemployment_CIRCULAR,0.5,dws_0.462,1.5,0.5,off_1.0,2,AR_recent_0.0035,0.0035,0.0705,0.141
unemployment_CIRCULAR,0.5,dws_0.462,1.5,0.5,off_1.0,2,AR_postwar_0.0047,0.0047,0.072,0.144
unemployment_CIRCULAR,0.5,dws_0.462,1.5,0.5,off_1.0,5,off_0.0000,0.0,0.0445,0.2225
unemployment_CIRCULAR,0.5,dws_0.462,1.5,0.5,off_1.0,5,AR_recent_0.0035,0.0035,0.048,0.24
unemployment_CIRCULAR,0.5,dws_0.462,1.5,0.5,off_1.0,5,AR_postwar_0.0047,0.0047,0.049,0.245
unemployment_CIRCULAR,0.5,dws_0.462,1.5,0.5,off_1.0,10,off_0.0000,0.0,0.039,0.39
unemployment_CIRCULAR,0.5,dws_0.462,1.5,0.5,off_1.0,10,AR_recent_0.0035,0.0035,0.042,0.42
unemployment_CIRCULAR,0.5,dws_0.462,1.5,0.5,off_1.0,10,AR_postwar_0.0047,0.0047,0.043,0.43
unemployment_CIRCULAR,0.5,dws_0.462,1.5,0.5,off_1.0,20,off_0.0000,0.0,0.0325,0.65
unemployment_CIRCULAR,0.5,dws_0.462,1.5,0.5,off_1.0,20,AR_recent_0.0035,0.0035,0.035,0.7
unemployment_CIRCULAR,0.5,dws_0.462,1.5,0.5,off_1.0,20,AR_postwar_0.0047,0.0047,0.036,0.72
unemployment_CIRCULAR,0.5,dws_0.462,1.5,0.5,on_1.5,2,off_0.0000,0.0,0.067,0.134
unemployment_CIRCULAR,0.5,dws_0.462,1.5,0.5,on_1.5,2,AR_recent_0.0035,0.0035,0.0705,0.141
unemployment_CIRCULAR,0.5,dws_0.462,1.5,0.5,on_1.5,2,AR_postwar_0.0047,0.0047,0.0715,0.143
unemployment_CIRCULAR,0.5,dws_0.462,1.5,0.5,on_1.5,5,off_0.0000,0.0,0.049,0.245
unemployment_CIRCULAR,0.5,dws_0.462,1.5,0.5,on_1.5,5,AR_recent_0.0035,0.0035,0.0525,0.2625
unemployment_CIRCULAR,0.5,dws_0.462,1.5,0.5,on_1.5,5,AR_postwar_0.0047,0.0047,0.0535,0.2675
unemployment_CIRCULAR,0.5,dws_0.462,1.5,0.5,on_1.5,10,off_0.0000,0.0,0.044,0.44
unemployment_CIRCULAR,0.5,dws_0.462,1.5,0.5,on_1.5,10,AR_recent_0.0035,0.0035,0.0465,0.465
unemployment_CIRCULAR,0.5,dws_0.462,1.5,0.5,on_1.5,10,AR_postwar_0.0047,0.0047,0.0475,0.475
unemployment_CIRCULAR,0.5,dws_0.462,1.5,0.5,on_1.5,20,off_0.0000,0.0,0.037,0.74
unemployment_CIRCULAR,0.5,dws_0.462,1.5,0.5,on_1.5,20,AR_recent_0.0035,0.0035,0.0395,0.79
unemployment_CIRCULAR,0.5,dws_0.462,1.5,0.5,on_1.5,20,AR_postwar_0.0047,0.0047,0.0405,0.81
unemployment_CIRCULAR,0.5,dws_0.462,1.5,1.0,off_1.0,2,off_0.0000,0.0,0.067,0.134
unemployment_CIRCULAR,0.5,dws_0.462,1.5,1.0,off_1.0,2,AR_recent_0.0035,0.0035,0.0705,0.141
unemployment_CIRCULAR,0.5,dws_0.462,1.5,1.0,off_1.0,2,AR_postwar_0.0047,0.0047,0.072,0.144
unemployment_CIRCULAR,0.5,dws_0.462,1.5,1.0,off_1.0,5,off_0.0000,0.0,0.0445,0.2225
unemployment_CIRCULAR,0.5,dws_0.462,1.5,1.0,off_1.0,5,AR_recent_0.0035,0.0035,0.048,0.24
unemployment_CIRCULAR,0.5,dws_0.462,1.5,1.0,off_1.0,5,AR_postwar_0.0047,0.0047,0.049,0.245
unemployment_CIRCULAR,0.5,dws_0.462,1.5,1.0,off_1.0,10,off_0.0000,0.0,0.039,0.39
unemployment_CIRCULAR,0.5,dws_0.462,1.5,1.0,off_1.0,10,AR_recent_0.0035,0.0035,0.042,0.42
unemployment_CIRCULAR,0.5,dws_0.462,1.5,1.0,off_1.0,10,AR_postwar_0.0047,0.0047,0.043,0.43
unemployment_CIRCULAR,0.5,dws_0.462,1.5,1.0,off_1.0,20,off_0.0000,0.0,0.0325,0.65
unemployment_CIRCULAR,0.5,dws_0.462,1.5,1.0,off_1.0,20,AR_recent_0.0035,0.0035,0.035,0.7
unemployment_CIRCULAR,0.5,dws_0.462,1.5,1.0,off_1.0,20,AR_postwar_0.0047,0.0047,0.036,0.72
unemployment_CIRCULAR,0.5,dws_0.462,1.5,1.0,on_1.5,2,off_0.0000,0.0,0.067,0.134
unemployment_CIRCULAR,0.5,dws_0.462,1.5,1.0,on_1.5,2,AR_recent_0.0035,0.0035,0.0705,0.141
unemployment_CIRCULAR,0.5,dws_0.462,1.5,1.0,on_1.5,2,AR_postwar_0.0047,0.0047,0.0715,0.143
unemployment_CIRCULAR,0.5,dws_0.462,1.5,1.0,on_1.5,5,off_0.0000,0.0,0.049,0.245
unemployment_CIRCULAR,0.5,dws_0.462,1.5,1.0,on_1.5,5,AR_recent_0.0035,0.0035,0.0525,0.2625
unemployment_CIRCULAR,0.5,dws_0.462,1.5,1.0,on_1.5,5,AR_postwar_0.0047,0.0047,0.0535,0.2675
unemployment_CIRCULAR,0.5,dws_0.462,1.5,1.0,on_1.5,10,off_0.0000,0.0,0.044,0.44
unemployment_CIRCULAR,0.5,dws_0.462,1.5,1.0,on_1.5,10,AR_recent_0.0035,0.0035,0.0465,0.465
unemployment_CIRCULAR,0.5,dws_0.462,1.5,1.0,on_1.5,10,AR_postwar_0.0047,0.0047,0.0475,0.475
unemployment_CIRCULAR,0.5,dws_0.462,1.5,1.0,on_1.5,20,off_0.0000,0.0,0.037,0.74
unemployment_CIRCULAR,0.5,dws_0.462,1.5,1.0,on_1.5,20,AR_recent_0.0035,0.0035,0.0395,0.79
unemployment_CIRCULAR,0.5,dws_0.462,1.5,1.0,on_1.5,20,AR_postwar_0.0047,0.0047,0.0405,0.81
unemployment_CIRCULAR,0.5,dws_0.462,2.0,0.0,off_1.0,2,off_0.0000,0.0,0.067,0.134
unemployment_CIRCULAR,0.5,dws_0.462,2.0,0.0,off_1.0,2,AR_recent_0.0035,0.0035,0.0705,0.141
unemployment_CIRCULAR,0.5,dws_0.462,2.0,0.0,off_1.0,2,AR_postwar_0.0047,0.0047,0.072,0.144
unemployment_CIRCULAR,0.5,dws_0.462,2.0,0.0,off_1.0,5,off_0.0000,0.0,0.0385,0.1925
unemployment_CIRCULAR,0.5,dws_0.462,2.0,0.0,off_1.0,5,AR_recent_0.0035,0.0035,0.042,0.21
unemployment_CIRCULAR,0.5,dws_0.462,2.0,0.0,off_1.0,5,AR_postwar_0.0047,0.0047,0.043,0.215
unemployment_CIRCULAR,0.5,dws_0.462,2.0,0.0,off_1.0,10,off_0.0000,0.0,0.033,0.33
unemployment_CIRCULAR,0.5,dws_0.462,2.0,0.0,off_1.0,10,AR_recent_0.0035,0.0035,0.036,0.36
unemployment_CIRCULAR,0.5,dws_0.462,2.0,0.0,off_1.0,10,AR_postwar_0.0047,0.0047,0.037,0.37
unemployment_CIRCULAR,0.5,dws_0.462,2.0,0.0,off_1.0,20,off_0.0000,0.0,0.028,0.56
unemployment_CIRCULAR,0.5,dws_0.462,2.0,0.0,off_1.0,20,AR_recent_0.0035,0.0035,0.031,0.62
unemployment_CIRCULAR,0.5,dws_0.462,2.0,0.0,off_1.0,20,AR_postwar_0.0047,0.0047,0.0315,0.63
unemployment_CIRCULAR,0.5,dws_0.462,2.0,0.0,on_1.5,2,off_0.0000,0.0,0.067,0.134
unemployment_CIRCULAR,0.5,dws_0.462,2.0,0.0,on_1.5,2,AR_recent_0.0035,0.0035,0.0705,0.141
unemployment_CIRCULAR,0.5,dws_0.462,2.0,0.0,on_1.5,2,AR_postwar_0.0047,0.0047,0.072,0.144
unemployment_CIRCULAR,0.5,dws_0.462,2.0,0.0,on_1.5,5,off_0.0000,0.0,0.0415,0.2075
unemployment_CIRCULAR,0.5,dws_0.462,2.0,0.0,on_1.5,5,AR_recent_0.0035,0.0035,0.045,0.225
unemployment_CIRCULAR,0.5,dws_0.462,2.0,0.0,on_1.5,5,AR_postwar_0.0047,0.0047,0.046,0.23
unemployment_CIRCULAR,0.5,dws_0.462,2.0,0.0,on_1.5,10,off_0.0000,0.0,0.0365,0.365
unemployment_CIRCULAR,0.5,dws_0.462,2.0,0.0,on_1.5,10,AR_recent_0.0035,0.0035,0.0395,0.395
unemployment_CIRCULAR,0.5,dws_0.462,2.0,0.0,on_1.5,10,AR_postwar_0.0047,0.0047,0.041,0.41
unemployment_CIRCULAR,0.5,dws_0.462,2.0,0.0,on_1.5,20,off_0.0000,0.0,0.0315,0.63
unemployment_CIRCULAR,0.5,dws_0.462,2.0,0.0,on_1.5,20,AR_recent_0.0035,0.0035,0.034,0.68
unemployment_CIRCULAR,0.5,dws_0.462,2.0,0.0,on_1.5,20,AR_postwar_0.0047,0.0047,0.035,0.7
unemployment_CIRCULAR,0.5,dws_0.462,2.0,0.5,off_1.0,2,off_0.0000,0.0,0.067,0.134
unemployment_CIRCULAR,0.5,dws_0.462,2.0,0.5,off_1.0,2,AR_recent_0.0035,0.0035,0.0705,0.141
unemployment_CIRCULAR,0.5,dws_0.462,2.0,0.5,off_1.0,2,AR_postwar_0.0047,0.0047,0.072,0.144
unemployment_CIRCULAR,0.5,dws_0.462,2.0,0.5,off_1.0,5,off_0.0000,0.0,0.0385,0.1925
unemployment_CIRCULAR,0.5,dws_0.462,2.0,0.5,off_1.0,5,AR_recent_0.0035,0.0035,0.042,0.21
unemployment_CIRCULAR,0.5,dws_0.462,2.0,0.5,off_1.0,5,AR_postwar_0.0047,0.0047,0.043,0.215
unemployment_CIRCULAR,0.5,dws_0.462,2.0,0.5,off_1.0,10,off_0.0000,0.0,0.033,0.33
unemployment_CIRCULAR,0.5,dws_0.462,2.0,0.5,off_1.0,10,AR_recent_0.0035,0.0035,0.036,0.36
unemployment_CIRCULAR,0.5,dws_0.462,2.0,0.5,off_1.0,10,AR_postwar_0.0047,0.0047,0.037,0.37
unemployment_CIRCULAR,0.5,dws_0.462,2.0,0.5,off_1.0,20,off_0.0000,0.0,0.028,0.56
unemployment_CIRCULAR,0.5,dws_0.462,2.0,0.5,off_1.0,20,AR_recent_0.0035,0.0035,0.031,0.62
unemployment_CIRCULAR,0.5,dws_0.462,2.0,0.5,off_1.0,20,AR_postwar_0.0047,0.0047,0.0315,0.63
unemployment_CIRCULAR,0.5,dws_0.462,2.0,0.5,on_1.5,2,off_0.0000,0.0,0.067,0.134
unemployment_CIRCULAR,0.5,dws_0.462,2.0,0.5,on_1.5,2,AR_recent_0.0035,0.0035,0.0705,0.141
unemployment_CIRCULAR,0.5,dws_0.462,2.0,0.5,on_1.5,2,AR_postwar_0.0047,0.0047,0.072,0.144
unemployment_CIRCULAR,0.5,dws_0.462,2.0,0.5,on_1.5,5,off_0.0000,0.0,0.0415,0.2075
unemployment_CIRCULAR,0.5,dws_0.462,2.0,0.5,on_1.5,5,AR_recent_0.0035,0.0035,0.045,0.225
unemployment_CIRCULAR,0.5,dws_0.462,2.0,0.5,on_1.5,5,AR_postwar_0.0047,0.0047,0.046,0.23
unemployment_CIRCULAR,0.5,dws_0.462,2.0,0.5,on_1.5,10,off_0.0000,0.0,0.0365,0.365
unemployment_CIRCULAR,0.5,dws_0.462,2.0,0.5,on_1.5,10,AR_recent_0.0035,0.0035,0.0395,0.395
unemployment_CIRCULAR,0.5,dws_0.462,2.0,0.5,on_1.5,10,AR_postwar_0.0047,0.0047,0.041,0.41
unemployment_CIRCULAR,0.5,dws_0.462,2.0,0.5,on_1.5,20,off_0.0000,0.0,0.0315,0.63
unemployment_CIRCULAR,0.5,dws_0.462,2.0,0.5,on_1.5,20,AR_recent_0.0035,0.0035,0.034,0.68
unemployment_CIRCULAR,0.5,dws_0.462,2.0,0.5,on_1.5,20,AR_postwar_0.0047,0.0047,0.035,0.7
unemployment_CIRCULAR,0.5,dws_0.462,2.0,1.0,off_1.0,2,off_0.0000,0.0,0.067,0.134
unemployment_CIRCULAR,0.5,dws_0.462,2.0,1.0,off_1.0,2,AR_recent_0.0035,0.0035,0.0705,0.141
unemployment_CIRCULAR,0.5,dws_0.462,2.0,1.0,off_1.0,2,AR_postwar_0.0047,0.0047,0.072,0.144
unemployment_CIRCULAR,0.5,dws_0.462,2.0,1.0,off_1.0,5,off_0.0000,0.0,0.0385,0.1925
unemployment_CIRCULAR,0.5,dws_0.462,2.0,1.0,off_1.0,5,AR_recent_0.0035,0.0035,0.042,0.21
unemployment_CIRCULAR,0.5,dws_0.462,2.0,1.0,off_1.0,5,AR_postwar_0.0047,0.0047,0.043,0.215
unemployment_CIRCULAR,0.5,dws_0.462,2.0,1.0,off_1.0,10,off_0.0000,0.0,0.033,0.33
unemployment_CIRCULAR,0.5,dws_0.462,2.0,1.0,off_1.0,10,AR_recent_0.0035,0.0035,0.036,0.36
unemployment_CIRCULAR,0.5,dws_0.462,2.0,1.0,off_1.0,10,AR_postwar_0.0047,0.0047,0.037,0.37
unemployment_CIRCULAR,0.5,dws_0.462,2.0,1.0,off_1.0,20,off_0.0000,0.0,0.028,0.56
unemployment_CIRCULAR,0.5,dws_0.462,2.0,1.0,off_1.0,20,AR_recent_0.0035,0.0035,0.031,0.62
unemployment_CIRCULAR,0.5,dws_0.462,2.0,1.0,off_1.0,20,AR_postwar_0.0047,0.0047,0.0315,0.63
unemployment_CIRCULAR,0.5,dws_0.462,2.0,1.0,on_1.5,2,off_0.0000,0.0,0.067,0.134
unemployment_CIRCULAR,0.5,dws_0.462,2.0,1.0,on_1.5,2,AR_recent_0.0035,0.0035,0.0705,0.141
unemployment_CIRCULAR,0.5,dws_0.462,2.0,1.0,on_1.5,2,AR_postwar_0.0047,0.0047,0.072,0.144
unemployment_CIRCULAR,0.5,dws_0.462,2.0,1.0,on_1.5,5,off_0.0000,0.0,0.0415,0.2075
unemployment_CIRCULAR,0.5,dws_0.462,2.0,1.0,on_1.5,5,AR_recent_0.0035,0.0035,0.045,0.225
unemployment_CIRCULAR,0.5,dws_0.462,2.0,1.0,on_1.5,5,AR_postwar_0.0047,0.0047,0.046,0.23
unemployment_CIRCULAR,0.5,dws_0.462,2.0,1.0,on_1.5,10,off_0.0000,0.0,0.0365,0.365
unemployment_CIRCULAR,0.5,dws_0.462,2.0,1.0,on_1.5,10,AR_recent_0.0035,0.0035,0.0395,0.395
unemployment_CIRCULAR,0.5,dws_0.462,2.0,1.0,on_1.5,10,AR_postwar_0.0047,0.0047,0.041,0.41
unemployment_CIRCULAR,0.5,dws_0.462,2.0,1.0,on_1.5,20,off_0.0000,0.0,0.0315,0.63
unemployment_CIRCULAR,0.5,dws_0.462,2.0,1.0,on_1.5,20,AR_recent_0.0035,0.0035,0.034,0.68
unemployment_CIRCULAR,0.5,dws_0.462,2.0,1.0,on_1.5,20,AR_postwar_0.0047,0.0047,0.035,0.7
unemployment_CIRCULAR,0.5,dws_low_0.296,1.0,0.0,off_1.0,2,off_0.0000,0.0,0.067,0.134
unemployment_CIRCULAR,0.5,dws_low_0.296,1.0,0.0,off_1.0,2,AR_recent_0.0035,0.0035,0.0705,0.141
unemployment_CIRCULAR,0.5,dws_low_0.296,1.0,0.0,off_1.0,2,AR_postwar_0.0047,0.0047,0.072,0.144
unemployment_CIRCULAR,0.5,dws_low_0.296,1.0,0.0,off_1.0,5,off_0.0000,0.0,0.0475,0.2375
unemployment_CIRCULAR,0.5,dws_low_0.296,1.0,0.0,off_1.0,5,AR_recent_0.0035,0.0035,0.051,0.255
unemployment_CIRCULAR,0.5,dws_low_0.296,1.0,0.0,off_1.0,5,AR_postwar_0.0047,0.0047,0.052,0.26
unemployment_CIRCULAR,0.5,dws_low_0.296,1.0,0.0,off_1.0,10,off_0.0000,0.0,0.0415,0.415
unemployment_CIRCULAR,0.5,dws_low_0.296,1.0,0.0,off_1.0,10,AR_recent_0.0035,0.0035,0.0445,0.445
unemployment_CIRCULAR,0.5,dws_low_0.296,1.0,0.0,off_1.0,10,AR_postwar_0.0047,0.0047,0.0455,0.455
unemployment_CIRCULAR,0.5,dws_low_0.296,1.0,0.0,off_1.0,20,off_0.0000,0.0,0.034,0.68
unemployment_CIRCULAR,0.5,dws_low_0.296,1.0,0.0,off_1.0,20,AR_recent_0.0035,0.0035,0.036,0.72
unemployment_CIRCULAR,0.5,dws_low_0.296,1.0,0.0,off_1.0,20,AR_postwar_0.0047,0.0047,0.037,0.74
unemployment_CIRCULAR,0.5,dws_low_0.296,1.0,0.0,on_1.5,2,off_0.0000,0.0,0.067,0.134
unemployment_CIRCULAR,0.5,dws_low_0.296,1.0,0.0,on_1.5,2,AR_recent_0.0035,0.0035,0.0705,0.141
unemployment_CIRCULAR,0.5,dws_low_0.296,1.0,0.0,on_1.5,2,AR_postwar_0.0047,0.0047,0.0715,0.143
unemployment_CIRCULAR,0.5,dws_low_0.296,1.0,0.0,on_1.5,5,off_0.0000,0.0,0.052,0.26
unemployment_CIRCULAR,0.5,dws_low_0.296,1.0,0.0,on_1.5,5,AR_recent_0.0035,0.0035,0.055,0.275
unemployment_CIRCULAR,0.5,dws_low_0.296,1.0,0.0,on_1.5,5,AR_postwar_0.0047,0.0047,0.0565,0.2825
unemployment_CIRCULAR,0.5,dws_low_0.296,1.0,0.0,on_1.5,10,off_0.0000,0.0,0.0455,0.455
unemployment_CIRCULAR,0.5,dws_low_0.296,1.0,0.0,on_1.5,10,AR_recent_0.0035,0.0035,0.0485,0.485
unemployment_CIRCULAR,0.5,dws_low_0.296,1.0,0.0,on_1.5,10,AR_postwar_0.0047,0.0047,0.0495,0.495
unemployment_CIRCULAR,0.5,dws_low_0.296,1.0,0.0,on_1.5,20,off_0.0000,0.0,0.0375,0.75
unemployment_CIRCULAR,0.5,dws_low_0.296,1.0,0.0,on_1.5,20,AR_recent_0.0035,0.0035,0.04,0.8
unemployment_CIRCULAR,0.5,dws_low_0.296,1.0,0.0,on_1.5,20,AR_postwar_0.0047,0.0047,0.041,0.82
unemployment_CIRCULAR,0.5,dws_low_0.296,1.0,0.5,off_1.0,2,off_0.0000,0.0,0.067,0.134
unemployment_CIRCULAR,0.5,dws_low_0.296,1.0,0.5,off_1.0,2,AR_recent_0.0035,0.0035,0.0705,0.141
unemployment_CIRCULAR,0.5,dws_low_0.296,1.0,0.5,off_1.0,2,AR_postwar_0.0047,0.0047,0.072,0.144
unemployment_CIRCULAR,0.5,dws_low_0.296,1.0,0.5,off_1.0,5,off_0.0000,0.0,0.0475,0.2375
unemployment_CIRCULAR,0.5,dws_low_0.296,1.0,0.5,off_1.0,5,AR_recent_0.0035,0.0035,0.051,0.255
unemployment_CIRCULAR,0.5,dws_low_0.296,1.0,0.5,off_1.0,5,AR_postwar_0.0047,0.0047,0.052,0.26
unemployment_CIRCULAR,0.5,dws_low_0.296,1.0,0.5,off_1.0,10,off_0.0000,0.0,0.0415,0.415
unemployment_CIRCULAR,0.5,dws_low_0.296,1.0,0.5,off_1.0,10,AR_recent_0.0035,0.0035,0.0445,0.445
unemployment_CIRCULAR,0.5,dws_low_0.296,1.0,0.5,off_1.0,10,AR_postwar_0.0047,0.0047,0.0455,0.455
unemployment_CIRCULAR,0.5,dws_low_0.296,1.0,0.5,off_1.0,20,off_0.0000,0.0,0.034,0.68
unemployment_CIRCULAR,0.5,dws_low_0.296,1.0,0.5,off_1.0,20,AR_recent_0.0035,0.0035,0.036,0.72
unemployment_CIRCULAR,0.5,dws_low_0.296,1.0,0.5,off_1.0,20,AR_postwar_0.0047,0.0047,0.037,0.74
unemployment_CIRCULAR,0.5,dws_low_0.296,1.0,0.5,on_1.5,2,off_0.0000,0.0,0.067,0.134
unemployment_CIRCULAR,0.5,dws_low_0.296,1.0,0.5,on_1.5,2,AR_recent_0.0035,0.0035,0.0705,0.141
unemployment_CIRCULAR,0.5,dws_low_0.296,1.0,0.5,on_1.5,2,AR_postwar_0.0047,0.0047,0.0715,0.143
unemployment_CIRCULAR,0.5,dws_low_0.296,1.0,0.5,on_1.5,5,off_0.0000,0.0,0.052,0.26
unemployment_CIRCULAR,0.5,dws_low_0.296,1.0,0.5,on_1.5,5,AR_recent_0.0035,0.0035,0.055,0.275
unemployment_CIRCULAR,0.5,dws_low_0.296,1.0,0.5,on_1.5,5,AR_postwar_0.0047,0.0047,0.0565,0.2825
unemployment_CIRCULAR,0.5,dws_low_0.296,1.0,0.5,on_1.5,10,off_0.0000,0.0,0.0455,0.455
unemployment_CIRCULAR,0.5,dws_low_0.296,1.0,0.5,on_1.5,10,AR_recent_0.0035,0.0035,0.0485,0.485
unemployment_CIRCULAR,0.5,dws_low_0.296,1.0,0.5,on_1.5,10,AR_postwar_0.0047,0.0047,0.0495,0.495
unemployment_CIRCULAR,0.5,dws_low_0.296,1.0,0.5,on_1.5,20,off_0.0000,0.0,0.0375,0.75
unemployment_CIRCULAR,0.5,dws_low_0.296,1.0,0.5,on_1.5,20,AR_recent_0.0035,0.0035,0.04,0.8
unemployment_CIRCULAR,0.5,dws_low_0.296,1.0,0.5,on_1.5,20,AR_postwar_0.0047,0.0047,0.041,0.82
unemployment_CIRCULAR,0.5,dws_low_0.296,1.0,1.0,off_1.0,2,off_0.0000,0.0,0.067,0.134
unemployment_CIRCULAR,0.5,dws_low_0.296,1.0,1.0,off_1.0,2,AR_recent_0.0035,0.0035,0.0705,0.141
unemployment_CIRCULAR,0.5,dws_low_0.296,1.0,1.0,off_1.0,2,AR_postwar_0.0047,0.0047,0.072,0.144
unemployment_CIRCULAR,0.5,dws_low_0.296,1.0,1.0,off_1.0,5,off_0.0000,0.0,0.0475,0.2375
unemployment_CIRCULAR,0.5,dws_low_0.296,1.0,1.0,off_1.0,5,AR_recent_0.0035,0.0035,0.051,0.255
unemployment_CIRCULAR,0.5,dws_low_0.296,1.0,1.0,off_1.0,5,AR_postwar_0.0047,0.0047,0.052,0.26
unemployment_CIRCULAR,0.5,dws_low_0.296,1.0,1.0,off_1.0,10,off_0.0000,0.0,0.0415,0.415
unemployment_CIRCULAR,0.5,dws_low_0.296,1.0,1.0,off_1.0,10,AR_recent_0.0035,0.0035,0.0445,0.445
unemployment_CIRCULAR,0.5,dws_low_0.296,1.0,1.0,off_1.0,10,AR_postwar_0.0047,0.0047,0.0455,0.455
unemployment_CIRCULAR,0.5,dws_low_0.296,1.0,1.0,off_1.0,20,off_0.0000,0.0,0.034,0.68
unemployment_CIRCULAR,0.5,dws_low_0.296,1.0,1.0,off_1.0,20,AR_recent_0.0035,0.0035,0.036,0.72
unemployment_CIRCULAR,0.5,dws_low_0.296,1.0,1.0,off_1.0,20,AR_postwar_0.0047,0.0047,0.037,0.74
unemployment_CIRCULAR,0.5,dws_low_0.296,1.0,1.0,on_1.5,2,off_0.0000,0.0,0.067,0.134
unemployment_CIRCULAR,0.5,dws_low_0.296,1.0,1.0,on_1.5,2,AR_recent_0.0035,0.0035,0.0705,0.141
unemployment_CIRCULAR,0.5,dws_low_0.296,1.0,1.0,on_1.5,2,AR_postwar_0.0047,0.0047,0.0715,0.143
unemployment_CIRCULAR,0.5,dws_low_0.296,1.0,1.0,on_1.5,5,off_0.0000,0.0,0.052,0.26
unemployment_CIRCULAR,0.5,dws_low_0.296,1.0,1.0,on_1.5,5,AR_recent_0.0035,0.0035,0.055,0.275
unemployment_CIRCULAR,0.5,dws_low_0.296,1.0,1.0,on_1.5,5,AR_postwar_0.0047,0.0047,0.0565,0.2825
unemployment_CIRCULAR,0.5,dws_low_0.296,1.0,1.0,on_1.5,10,off_0.0000,0.0,0.0455,0.455
unemployment_CIRCULAR,0.5,dws_low_0.296,1.0,1.0,on_1.5,10,AR_recent_0.0035,0.0035,0.0485,0.485
unemployment_CIRCULAR,0.5,dws_low_0.296,1.0,1.0,on_1.5,10,AR_postwar_0.0047,0.0047,0.0495,0.495
unemployment_CIRCULAR,0.5,dws_low_0.296,1.0,1.0,on_1.5,20,off_0.0000,0.0,0.0375,0.75
unemployment_CIRCULAR,0.5,dws_low_0.296,1.0,1.0,on_1.5,20,AR_recent_0.0035,0.0035,0.04,0.8
unemployment_CIRCULAR,0.5,dws_low_0.296,1.0,1.0,on_1.5,20,AR_postwar_0.0047,0.0047,0.041,0.82
unemployment_CIRCULAR,0.5,dws_low_0.296,1.5,0.0,off_1.0,2,off_0.0000,0.0,0.0675,0.135
unemployment_CIRCULAR,0.5,dws_low_0.296,1.5,0.0,off_1.0,2,AR_recent_0.0035,0.0035,0.071,0.142
unemployment_CIRCULAR,0.5,dws_low_0.296,1.5,0.0,off_1.0,2,AR_postwar_0.0047,0.0047,0.072,0.144
unemployment_CIRCULAR,0.5,dws_low_0.296,1.5,0.0,off_1.0,5,off_0.0000,0.0,0.039,0.195
unemployment_CIRCULAR,0.5,dws_low_0.296,1.5,0.0,off_1.0,5,AR_recent_0.0035,0.0035,0.042,0.21
unemployment_CIRCULAR,0.5,dws_low_0.296,1.5,0.0,off_1.0,5,AR_postwar_0.0047,0.0047,0.043,0.215
unemployment_CIRCULAR,0.5,dws_low_0.296,1.5,0.0,off_1.0,10,off_0.0000,0.0,0.033,0.33
unemployment_CIRCULAR,0.5,dws_low_0.296,1.5,0.0,off_1.0,10,AR_recent_0.0035,0.0035,0.036,0.36
unemployment_CIRCULAR,0.5,dws_low_0.296,1.5,0.0,off_1.0,10,AR_postwar_0.0047,0.0047,0.037,0.37
unemployment_CIRCULAR,0.5,dws_low_0.296,1.5,0.0,off_1.0,20,off_0.0000,0.0,0.0275,0.55
unemployment_CIRCULAR,0.5,dws_low_0.296,1.5,0.0,off_1.0,20,AR_recent_0.0035,0.0035,0.0305,0.61
unemployment_CIRCULAR,0.5,dws_low_0.296,1.5,0.0,off_1.0,20,AR_postwar_0.0047,0.0047,0.031,0.62
unemployment_CIRCULAR,0.5,dws_low_0.296,1.5,0.0,on_1.5,2,off_0.0000,0.0,0.067,0.134
unemployment_CIRCULAR,0.5,dws_low_0.296,1.5,0.0,on_1.5,2,AR_recent_0.0035,0.0035,0.0705,0.141
unemployment_CIRCULAR,0.5,dws_low_0.296,1.5,0.0,on_1.5,2,AR_postwar_0.0047,0.0047,0.072,0.144
unemployment_CIRCULAR,0.5,dws_low_0.296,1.5,0.0,on_1.5,5,off_0.0000,0.0,0.041,0.205
unemployment_CIRCULAR,0.5,dws_low_0.296,1.5,0.0,on_1.5,5,AR_recent_0.0035,0.0035,0.0445,0.2225
unemployment_CIRCULAR,0.5,dws_low_0.296,1.5,0.0,on_1.5,5,AR_postwar_0.0047,0.0047,0.0455,0.2275
unemployment_CIRCULAR,0.5,dws_low_0.296,1.5,0.0,on_1.5,10,off_0.0000,0.0,0.036,0.36
unemployment_CIRCULAR,0.5,dws_low_0.296,1.5,0.0,on_1.5,10,AR_recent_0.0035,0.0035,0.039,0.39
unemployment_CIRCULAR,0.5,dws_low_0.296,1.5,0.0,on_1.5,10,AR_postwar_0.0047,0.0047,0.04,0.4
unemployment_CIRCULAR,0.5,dws_low_0.296,1.5,0.0,on_1.5,20,off_0.0000,0.0,0.0305,0.61
unemployment_CIRCULAR,0.5,dws_low_0.296,1.5,0.0,on_1.5,20,AR_recent_0.0035,0.0035,0.033,0.66
unemployment_CIRCULAR,0.5,dws_low_0.296,1.5,0.0,on_1.5,20,AR_postwar_0.0047,0.0047,0.034,0.68
unemployment_CIRCULAR,0.5,dws_low_0.296,1.5,0.5,off_1.0,2,off_0.0000,0.0,0.0675,0.135
unemployment_CIRCULAR,0.5,dws_low_0.296,1.5,0.5,off_1.0,2,AR_recent_0.0035,0.0035,0.071,0.142
unemployment_CIRCULAR,0.5,dws_low_0.296,1.5,0.5,off_1.0,2,AR_postwar_0.0047,0.0047,0.072,0.144
unemployment_CIRCULAR,0.5,dws_low_0.296,1.5,0.5,off_1.0,5,off_0.0000,0.0,0.039,0.195
unemployment_CIRCULAR,0.5,dws_low_0.296,1.5,0.5,off_1.0,5,AR_recent_0.0035,0.0035,0.042,0.21
unemployment_CIRCULAR,0.5,dws_low_0.296,1.5,0.5,off_1.0,5,AR_postwar_0.0047,0.0047,0.043,0.215
unemployment_CIRCULAR,0.5,dws_low_0.296,1.5,0.5,off_1.0,10,off_0.0000,0.0,0.033,0.33
unemployment_CIRCULAR,0.5,dws_low_0.296,1.5,0.5,off_1.0,10,AR_recent_0.0035,0.0035,0.036,0.36
unemployment_CIRCULAR,0.5,dws_low_0.296,1.5,0.5,off_1.0,10,AR_postwar_0.0047,0.0047,0.037,0.37
unemployment_CIRCULAR,0.5,dws_low_0.296,1.5,0.5,off_1.0,20,off_0.0000,0.0,0.0275,0.55
unemployment_CIRCULAR,0.5,dws_low_0.296,1.5,0.5,off_1.0,20,AR_recent_0.0035,0.0035,0.0305,0.61
unemployment_CIRCULAR,0.5,dws_low_0.296,1.5,0.5,off_1.0,20,AR_postwar_0.0047,0.0047,0.031,0.62
unemployment_CIRCULAR,0.5,dws_low_0.296,1.5,0.5,on_1.5,2,off_0.0000,0.0,0.067,0.134
unemployment_CIRCULAR,0.5,dws_low_0.296,1.5,0.5,on_1.5,2,AR_recent_0.0035,0.0035,0.0705,0.141
unemployment_CIRCULAR,0.5,dws_low_0.296,1.5,0.5,on_1.5,2,AR_postwar_0.0047,0.0047,0.072,0.144
unemployment_CIRCULAR,0.5,dws_low_0.296,1.5,0.5,on_1.5,5,off_0.0000,0.0,0.041,0.205
unemployment_CIRCULAR,0.5,dws_low_0.296,1.5,0.5,on_1.5,5,AR_recent_0.0035,0.0035,0.0445,0.2225
unemployment_CIRCULAR,0.5,dws_low_0.296,1.5,0.5,on_1.5,5,AR_postwar_0.0047,0.0047,0.0455,0.2275
unemployment_CIRCULAR,0.5,dws_low_0.296,1.5,0.5,on_1.5,10,off_0.0000,0.0,0.036,0.36
unemployment_CIRCULAR,0.5,dws_low_0.296,1.5,0.5,on_1.5,10,AR_recent_0.0035,0.0035,0.039,0.39
unemployment_CIRCULAR,0.5,dws_low_0.296,1.5,0.5,on_1.5,10,AR_postwar_0.0047,0.0047,0.04,0.4
unemployment_CIRCULAR,0.5,dws_low_0.296,1.5,0.5,on_1.5,20,off_0.0000,0.0,0.0305,0.61
unemployment_CIRCULAR,0.5,dws_low_0.296,1.5,0.5,on_1.5,20,AR_recent_0.0035,0.0035,0.033,0.66
unemployment_CIRCULAR,0.5,dws_low_0.296,1.5,0.5,on_1.5,20,AR_postwar_0.0047,0.0047,0.034,0.68
unemployment_CIRCULAR,0.5,dws_low_0.296,1.5,1.0,off_1.0,2,off_0.0000,0.0,0.0675,0.135
unemployment_CIRCULAR,0.5,dws_low_0.296,1.5,1.0,off_1.0,2,AR_recent_0.0035,0.0035,0.071,0.142
unemployment_CIRCULAR,0.5,dws_low_0.296,1.5,1.0,off_1.0,2,AR_postwar_0.0047,0.0047,0.072,0.144
unemployment_CIRCULAR,0.5,dws_low_0.296,1.5,1.0,off_1.0,5,off_0.0000,0.0,0.039,0.195
unemployment_CIRCULAR,0.5,dws_low_0.296,1.5,1.0,off_1.0,5,AR_recent_0.0035,0.0035,0.042,0.21
unemployment_CIRCULAR,0.5,dws_low_0.296,1.5,1.0,off_1.0,5,AR_postwar_0.0047,0.0047,0.043,0.215
unemployment_CIRCULAR,0.5,dws_low_0.296,1.5,1.0,off_1.0,10,off_0.0000,0.0,0.033,0.33
unemployment_CIRCULAR,0.5,dws_low_0.296,1.5,1.0,off_1.0,10,AR_recent_0.0035,0.0035,0.036,0.36
unemployment_CIRCULAR,0.5,dws_low_0.296,1.5,1.0,off_1.0,10,AR_postwar_0.0047,0.0047,0.037,0.37
unemployment_CIRCULAR,0.5,dws_low_0.296,1.5,1.0,off_1.0,20,off_0.0000,0.0,0.0275,0.55
unemployment_CIRCULAR,0.5,dws_low_0.296,1.5,1.0,off_1.0,20,AR_recent_0.0035,0.0035,0.0305,0.61
unemployment_CIRCULAR,0.5,dws_low_0.296,1.5,1.0,off_1.0,20,AR_postwar_0.0047,0.0047,0.031,0.62
unemployment_CIRCULAR,0.5,dws_low_0.296,1.5,1.0,on_1.5,2,off_0.0000,0.0,0.067,0.134
unemployment_CIRCULAR,0.5,dws_low_0.296,1.5,1.0,on_1.5,2,AR_recent_0.0035,0.0035,0.0705,0.141
unemployment_CIRCULAR,0.5,dws_low_0.296,1.5,1.0,on_1.5,2,AR_postwar_0.0047,0.0047,0.072,0.144
unemployment_CIRCULAR,0.5,dws_low_0.296,1.5,1.0,on_1.5,5,off_0.0000,0.0,0.041,0.205
unemployment_CIRCULAR,0.5,dws_low_0.296,1.5,1.0,on_1.5,5,AR_recent_0.0035,0.0035,0.0445,0.2225
unemployment_CIRCULAR,0.5,dws_low_0.296,1.5,1.0,on_1.5,5,AR_postwar_0.0047,0.0047,0.0455,0.2275
unemployment_CIRCULAR,0.5,dws_low_0.296,1.5,1.0,on_1.5,10,off_0.0000,0.0,0.036,0.36
unemployment_CIRCULAR,0.5,dws_low_0.296,1.5,1.0,on_1.5,10,AR_recent_0.0035,0.0035,0.039,0.39
unemployment_CIRCULAR,0.5,dws_low_0.296,1.5,1.0,on_1.5,10,AR_postwar_0.0047,0.0047,0.04,0.4
unemployment_CIRCULAR,0.5,dws_low_0.296,1.5,1.0,on_1.5,20,off_0.0000,0.0,0.0305,0.61
unemployment_CIRCULAR,0.5,dws_low_0.296,1.5,1.0,on_1.5,20,AR_recent_0.0035,0.0035,0.033,0.66
unemployment_CIRCULAR,0.5,dws_low_0.296,1.5,1.0,on_1.5,20,AR_postwar_0.0047,0.0047,0.034,0.68
unemployment_CIRCULAR,0.5,dws_low_0.296,2.0,0.0,off_1.0,2,off_0.0000,0.0,0.0675,0.135
unemployment_CIRCULAR,0.5,dws_low_0.296,2.0,0.0,off_1.0,2,AR_recent_0.0035,0.0035,0.071,0.142
unemployment_CIRCULAR,0.5,dws_low_0.296,2.0,0.0,off_1.0,2,AR_postwar_0.0047,0.0047,0.072,0.144
unemployment_CIRCULAR,0.5,dws_low_0.296,2.0,0.0,off_1.0,5,off_0.0000,0.0,0.0345,0.1725
unemployment_CIRCULAR,0.5,dws_low_0.296,2.0,0.0,off_1.0,5,AR_recent_0.0035,0.0035,0.0375,0.1875
unemployment_CIRCULAR,0.5,dws_low_0.296,2.0,0.0,off_1.0,5,AR_postwar_0.0047,0.0047,0.039,0.195
unemployment_CIRCULAR,0.5,dws_low_0.296,2.0,0.0,off_1.0,10,off_0.0000,0.0,0.028,0.28
unemployment_CIRCULAR,0.5,dws_low_0.296,2.0,0.0,off_1.0,10,AR_recent_0.0035,0.0035,0.0315,0.315
unemployment_CIRCULAR,0.5,dws_low_0.296,2.0,0.0,off_1.0,10,AR_postwar_0.0047,0.0047,0.0325,0.325
unemployment_CIRCULAR,0.5,dws_low_0.296,2.0,0.0,off_1.0,20,off_0.0000,0.0,0.024,0.48
unemployment_CIRCULAR,0.5,dws_low_0.296,2.0,0.0,off_1.0,20,AR_recent_0.0035,0.0035,0.0265,0.53
unemployment_CIRCULAR,0.5,dws_low_0.296,2.0,0.0,off_1.0,20,AR_postwar_0.0047,0.0047,0.0275,0.55
unemployment_CIRCULAR,0.5,dws_low_0.296,2.0,0.0,on_1.5,2,off_0.0000,0.0,0.067,0.134
unemployment_CIRCULAR,0.5,dws_low_0.296,2.0,0.0,on_1.5,2,AR_recent_0.0035,0.0035,0.0705,0.141
unemployment_CIRCULAR,0.5,dws_low_0.296,2.0,0.0,on_1.5,2,AR_postwar_0.0047,0.0047,0.072,0.144
unemployment_CIRCULAR,0.5,dws_low_0.296,2.0,0.0,on_1.5,5,off_0.0000,0.0,0.036,0.18
unemployment_CIRCULAR,0.5,dws_low_0.296,2.0,0.0,on_1.5,5,AR_recent_0.0035,0.0035,0.0395,0.1975
unemployment_CIRCULAR,0.5,dws_low_0.296,2.0,0.0,on_1.5,5,AR_postwar_0.0047,0.0047,0.0405,0.2025
unemployment_CIRCULAR,0.5,dws_low_0.296,2.0,0.0,on_1.5,10,off_0.0000,0.0,0.0305,0.305
unemployment_CIRCULAR,0.5,dws_low_0.296,2.0,0.0,on_1.5,10,AR_recent_0.0035,0.0035,0.0335,0.335
unemployment_CIRCULAR,0.5,dws_low_0.296,2.0,0.0,on_1.5,10,AR_postwar_0.0047,0.0047,0.0345,0.345
unemployment_CIRCULAR,0.5,dws_low_0.296,2.0,0.0,on_1.5,20,off_0.0000,0.0,0.026,0.52
unemployment_CIRCULAR,0.5,dws_low_0.296,2.0,0.0,on_1.5,20,AR_recent_0.0035,0.0035,0.0285,0.57
unemployment_CIRCULAR,0.5,dws_low_0.296,2.0,0.0,on_1.5,20,AR_postwar_0.0047,0.0047,0.0295,0.59
unemployment_CIRCULAR,0.5,dws_low_0.296,2.0,0.5,off_1.0,2,off_0.0000,0.0,0.0675,0.135
unemployment_CIRCULAR,0.5,dws_low_0.296,2.0,0.5,off_1.0,2,AR_recent_0.0035,0.0035,0.071,0.142
unemployment_CIRCULAR,0.5,dws_low_0.296,2.0,0.5,off_1.0,2,AR_postwar_0.0047,0.0047,0.072,0.144
unemployment_CIRCULAR,0.5,dws_low_0.296,2.0,0.5,off_1.0,5,off_0.0000,0.0,0.0345,0.1725
unemployment_CIRCULAR,0.5,dws_low_0.296,2.0,0.5,off_1.0,5,AR_recent_0.0035,0.0035,0.0375,0.1875
unemployment_CIRCULAR,0.5,dws_low_0.296,2.0,0.5,off_1.0,5,AR_postwar_0.0047,0.0047,0.039,0.195
unemployment_CIRCULAR,0.5,dws_low_0.296,2.0,0.5,off_1.0,10,off_0.0000,0.0,0.028,0.28
unemployment_CIRCULAR,0.5,dws_low_0.296,2.0,0.5,off_1.0,10,AR_recent_0.0035,0.0035,0.0315,0.315
unemployment_CIRCULAR,0.5,dws_low_0.296,2.0,0.5,off_1.0,10,AR_postwar_0.0047,0.0047,0.0325,0.325
unemployment_CIRCULAR,0.5,dws_low_0.296,2.0,0.5,off_1.0,20,off_0.0000,0.0,0.024,0.48
unemployment_CIRCULAR,0.5,dws_low_0.296,2.0,0.5,off_1.0,20,AR_recent_0.0035,0.0035,0.0265,0.53
unemployment_CIRCULAR,0.5,dws_low_0.296,2.0,0.5,off_1.0,20,AR_postwar_0.0047,0.0047,0.0275,0.55
unemployment_CIRCULAR,0.5,dws_low_0.296,2.0,0.5,on_1.5,2,off_0.0000,0.0,0.067,0.134
unemployment_CIRCULAR,0.5,dws_low_0.296,2.0,0.5,on_1.5,2,AR_recent_0.0035,0.0035,0.0705,0.141
unemployment_CIRCULAR,0.5,dws_low_0.296,2.0,0.5,on_1.5,2,AR_postwar_0.0047,0.0047,0.072,0.144
unemployment_CIRCULAR,0.5,dws_low_0.296,2.0,0.5,on_1.5,5,off_0.0000,0.0,0.036,0.18
unemployment_CIRCULAR,0.5,dws_low_0.296,2.0,0.5,on_1.5,5,AR_recent_0.0035,0.0035,0.0395,0.1975
unemployment_CIRCULAR,0.5,dws_low_0.296,2.0,0.5,on_1.5,5,AR_postwar_0.0047,0.0047,0.0405,0.2025
unemployment_CIRCULAR,0.5,dws_low_0.296,2.0,0.5,on_1.5,10,off_0.0000,0.0,0.0305,0.305
unemployment_CIRCULAR,0.5,dws_low_0.296,2.0,0.5,on_1.5,10,AR_recent_0.0035,0.0035,0.0335,0.335
unemployment_CIRCULAR,0.5,dws_low_0.296,2.0,0.5,on_1.5,10,AR_postwar_0.0047,0.0047,0.0345,0.345
unemployment_CIRCULAR,0.5,dws_low_0.296,2.0,0.5,on_1.5,20,off_0.0000,0.0,0.026,0.52
unemployment_CIRCULAR,0.5,dws_low_0.296,2.0,0.5,on_1.5,20,AR_recent_0.0035,0.0035,0.0285,0.57
unemployment_CIRCULAR,0.5,dws_low_0.296,2.0,0.5,on_1.5,20,AR_postwar_0.0047,0.0047,0.0295,0.59
unemployment_CIRCULAR,0.5,dws_low_0.296,2.0,1.0,off_1.0,2,off_0.0000,0.0,0.0675,0.135
unemployment_CIRCULAR,0.5,dws_low_0.296,2.0,1.0,off_1.0,2,AR_recent_0.0035,0.0035,0.071,0.142
unemployment_CIRCULAR,0.5,dws_low_0.296,2.0,1.0,off_1.0,2,AR_postwar_0.0047,0.0047,0.072,0.144
unemployment_CIRCULAR,0.5,dws_low_0.296,2.0,1.0,off_1.0,5,off_0.0000,0.0,0.0345,0.1725
unemployment_CIRCULAR,0.5,dws_low_0.296,2.0,1.0,off_1.0,5,AR_recent_0.0035,0.0035,0.0375,0.1875
unemployment_CIRCULAR,0.5,dws_low_0.296,2.0,1.0,off_1.0,5,AR_postwar_0.0047,0.0047,0.039,0.195
unemployment_CIRCULAR,0.5,dws_low_0.296,2.0,1.0,off_1.0,10,off_0.0000,0.0,0.028,0.28
unemployment_CIRCULAR,0.5,dws_low_0.296,2.0,1.0,off_1.0,10,AR_recent_0.0035,0.0035,0.0315,0.315
unemployment_CIRCULAR,0.5,dws_low_0.296,2.0,1.0,off_1.0,10,AR_postwar_0.0047,0.0047,0.0325,0.325
unemployment_CIRCULAR,0.5,dws_low_0.296,2.0,1.0,off_1.0,20,off_0.0000,0.0,0.024,0.48
unemployment_CIRCULAR,0.5,dws_low_0.296,2.0,1.0,off_1.0,20,AR_recent_0.0035,0.0035,0.0265,0.53
unemployment_CIRCULAR,0.5,dws_low_0.296,2.0,1.0,off_1.0,20,AR_postwar_0.0047,0.0047,0.0275,0.55
unemployment_CIRCULAR,0.5,dws_low_0.296,2.0,1.0,on_1.5,2,off_0.0000,0.0,0.067,0.134
unemployment_CIRCULAR,0.5,dws_low_0.296,2.0,1.0,on_1.5,2,AR_recent_0.0035,0.0035,0.0705,0.141
unemployment_CIRCULAR,0.5,dws_low_0.296,2.0,1.0,on_1.5,2,AR_postwar_0.0047,0.0047,0.072,0.144
unemployment_CIRCULAR,0.5,dws_low_0.296,2.0,1.0,on_1.5,5,off_0.0000,0.0,0.036,0.18
unemployment_CIRCULAR,0.5,dws_low_0.296,2.0,1.0,on_1.5,5,AR_recent_0.0035,0.0035,0.0395,0.1975
unemployment_CIRCULAR,0.5,dws_low_0.296,2.0,1.0,on_1.5,5,AR_postwar_0.0047,0.0047,0.0405,0.2025
unemployment_CIRCULAR,0.5,dws_low_0.296,2.0,1.0,on_1.5,10,off_0.0000,0.0,0.0305,0.305
unemployment_CIRCULAR,0.5,dws_low_0.296,2.0,1.0,on_1.5,10,AR_recent_0.0035,0.0035,0.0335,0.335
unemployment_CIRCULAR,0.5,dws_low_0.296,2.0,1.0,on_1.5,10,AR_postwar_0.0047,0.0047,0.0345,0.345
unemployment_CIRCULAR,0.5,dws_low_0.296,2.0,1.0,on_1.5,20,off_0.0000,0.0,0.026,0.52
unemployment_CIRCULAR,0.5,dws_low_0.296,2.0,1.0,on_1.5,20,AR_recent_0.0035,0.0035,0.0285,0.57
unemployment_CIRCULAR,0.5,dws_low_0.296,2.0,1.0,on_1.5,20,AR_postwar_0.0047,0.0047,0.0295,0.59
unemployment_CIRCULAR,0.5,dws_high_0.643,1.0,0.0,off_1.0,2,off_0.0000,0.0,0.0665,0.133
unemployment_CIRCULAR,0.5,dws_high_0.643,1.0,0.0,off_1.0,2,AR_recent_0.0035,0.0035,0.07,0.14
unemployment_CIRCULAR,0.5,dws_high_0.643,1.0,0.0,off_1.0,2,AR_postwar_0.0047,0.0047,0.0715,0.143
unemployment_CIRCULAR,0.5,dws_high_0.643,1.0,0.0,off_1.0,5,off_0.0000,0.0,0.0665,0.3325
unemployment_CIRCULAR,0.5,dws_high_0.643,1.0,0.0,off_1.0,5,AR_recent_0.0035,0.0035,0.07,0.35
unemployment_CIRCULAR,0.5,dws_high_0.643,1.0,0.0,off_1.0,5,AR_postwar_0.0047,0.0047,0.071,0.355
unemployment_CIRCULAR,0.5,dws_high_0.643,1.0,0.0,off_1.0,10,off_0.0000,0.0,0.058,0.58
unemployment_CIRCULAR,0.5,dws_high_0.643,1.0,0.0,off_1.0,10,AR_recent_0.0035,0.0035,0.061,0.61
unemployment_CIRCULAR,0.5,dws_high_0.643,1.0,0.0,off_1.0,10,AR_postwar_0.0047,0.0047,0.062,0.62
unemployment_CIRCULAR,0.5,dws_high_0.643,1.0,0.0,off_1.0,20,off_0.0000,0.0,0.047,0.94
unemployment_CIRCULAR,0.5,dws_high_0.643,1.0,0.0,off_1.0,20,AR_recent_0.0035,0.0035,0.0495,0.99
unemployment_CIRCULAR,0.5,dws_high_0.643,1.0,0.0,off_1.0,20,AR_postwar_0.0047,0.0047,0.05,1.0
unemployment_CIRCULAR,0.5,dws_high_0.643,1.0,0.0,on_1.5,2,off_0.0000,0.0,0.0665,0.133
unemployment_CIRCULAR,0.5,dws_high_0.643,1.0,0.0,on_1.5,2,AR_recent_0.0035,0.0035,0.07,0.14
unemployment_CIRCULAR,0.5,dws_high_0.643,1.0,0.0,on_1.5,2,AR_postwar_0.0047,0.0047,0.071,0.142
unemployment_CIRCULAR,0.5,dws_high_0.643,1.0,0.0,on_1.5,5,off_0.0000,0.0,0.0665,0.3325
unemployment_CIRCULAR,0.5,dws_high_0.643,1.0,0.0,on_1.5,5,AR_recent_0.0035,0.0035,0.07,0.35
unemployment_CIRCULAR,0.5,dws_high_0.643,1.0,0.0,on_1.5,5,AR_postwar_0.0047,0.0047,0.071,0.355
unemployment_CIRCULAR,0.5,dws_high_0.643,1.0,0.0,on_1.5,10,off_0.0000,0.0,0.0665,0.665
unemployment_CIRCULAR,0.5,dws_high_0.643,1.0,0.0,on_1.5,10,AR_recent_0.0035,0.0035,0.07,0.7
unemployment_CIRCULAR,0.5,dws_high_0.643,1.0,0.0,on_1.5,10,AR_postwar_0.0047,0.0047,0.071,0.71
unemployment_CIRCULAR,0.5,dws_high_0.643,1.0,0.0,on_1.5,20,off_0.0000,0.0,0.056,1.12
unemployment_CIRCULAR,0.5,dws_high_0.643,1.0,0.0,on_1.5,20,AR_recent_0.0035,0.0035,0.0585,1.17
unemployment_CIRCULAR,0.5,dws_high_0.643,1.0,0.0,on_1.5,20,AR_postwar_0.0047,0.0047,0.059,1.18
unemployment_CIRCULAR,0.5,dws_high_0.643,1.0,0.5,off_1.0,2,off_0.0000,0.0,0.0665,0.133
unemployment_CIRCULAR,0.5,dws_high_0.643,1.0,0.5,off_1.0,2,AR_recent_0.0035,0.0035,0.07,0.14
unemployment_CIRCULAR,0.5,dws_high_0.643,1.0,0.5,off_1.0,2,AR_postwar_0.0047,0.0047,0.0715,0.143
unemployment_CIRCULAR,0.5,dws_high_0.643,1.0,0.5,off_1.0,5,off_0.0000,0.0,0.0665,0.3325
unemployment_CIRCULAR,0.5,dws_high_0.643,1.0,0.5,off_1.0,5,AR_recent_0.0035,0.0035,0.07,0.35
unemployment_CIRCULAR,0.5,dws_high_0.643,1.0,0.5,off_1.0,5,AR_postwar_0.0047,0.0047,0.071,0.355
unemployment_CIRCULAR,0.5,dws_high_0.643,1.0,0.5,off_1.0,10,off_0.0000,0.0,0.058,0.58
unemployment_CIRCULAR,0.5,dws_high_0.643,1.0,0.5,off_1.0,10,AR_recent_0.0035,0.0035,0.061,0.61
unemployment_CIRCULAR,0.5,dws_high_0.643,1.0,0.5,off_1.0,10,AR_postwar_0.0047,0.0047,0.062,0.62
unemployment_CIRCULAR,0.5,dws_high_0.643,1.0,0.5,off_1.0,20,off_0.0000,0.0,0.047,0.94
unemployment_CIRCULAR,0.5,dws_high_0.643,1.0,0.5,off_1.0,20,AR_recent_0.0035,0.0035,0.0495,0.99
unemployment_CIRCULAR,0.5,dws_high_0.643,1.0,0.5,off_1.0,20,AR_postwar_0.0047,0.0047,0.05,1.0
unemployment_CIRCULAR,0.5,dws_high_0.643,1.0,0.5,on_1.5,2,off_0.0000,0.0,0.0665,0.133
unemployment_CIRCULAR,0.5,dws_high_0.643,1.0,0.5,on_1.5,2,AR_recent_0.0035,0.0035,0.07,0.14
unemployment_CIRCULAR,0.5,dws_high_0.643,1.0,0.5,on_1.5,2,AR_postwar_0.0047,0.0047,0.071,0.142
unemployment_CIRCULAR,0.5,dws_high_0.643,1.0,0.5,on_1.5,5,off_0.0000,0.0,0.0665,0.3325
unemployment_CIRCULAR,0.5,dws_high_0.643,1.0,0.5,on_1.5,5,AR_recent_0.0035,0.0035,0.07,0.35
unemployment_CIRCULAR,0.5,dws_high_0.643,1.0,0.5,on_1.5,5,AR_postwar_0.0047,0.0047,0.071,0.355
unemployment_CIRCULAR,0.5,dws_high_0.643,1.0,0.5,on_1.5,10,off_0.0000,0.0,0.0665,0.665
unemployment_CIRCULAR,0.5,dws_high_0.643,1.0,0.5,on_1.5,10,AR_recent_0.0035,0.0035,0.07,0.7
unemployment_CIRCULAR,0.5,dws_high_0.643,1.0,0.5,on_1.5,10,AR_postwar_0.0047,0.0047,0.071,0.71
unemployment_CIRCULAR,0.5,dws_high_0.643,1.0,0.5,on_1.5,20,off_0.0000,0.0,0.056,1.12
unemployment_CIRCULAR,0.5,dws_high_0.643,1.0,0.5,on_1.5,20,AR_recent_0.0035,0.0035,0.0585,1.17
unemployment_CIRCULAR,0.5,dws_high_0.643,1.0,0.5,on_1.5,20,AR_postwar_0.0047,0.0047,0.059,1.18
unemployment_CIRCULAR,0.5,dws_high_0.643,1.0,1.0,off_1.0,2,off_0.0000,0.0,0.0665,0.133
unemployment_CIRCULAR,0.5,dws_high_0.643,1.0,1.0,off_1.0,2,AR_recent_0.0035,0.0035,0.07,0.14
unemployment_CIRCULAR,0.5,dws_high_0.643,1.0,1.0,off_1.0,2,AR_postwar_0.0047,0.0047,0.0715,0.143
unemployment_CIRCULAR,0.5,dws_high_0.643,1.0,1.0,off_1.0,5,off_0.0000,0.0,0.0665,0.3325
unemployment_CIRCULAR,0.5,dws_high_0.643,1.0,1.0,off_1.0,5,AR_recent_0.0035,0.0035,0.07,0.35
unemployment_CIRCULAR,0.5,dws_high_0.643,1.0,1.0,off_1.0,5,AR_postwar_0.0047,0.0047,0.071,0.355
unemployment_CIRCULAR,0.5,dws_high_0.643,1.0,1.0,off_1.0,10,off_0.0000,0.0,0.058,0.58
unemployment_CIRCULAR,0.5,dws_high_0.643,1.0,1.0,off_1.0,10,AR_recent_0.0035,0.0035,0.061,0.61
unemployment_CIRCULAR,0.5,dws_high_0.643,1.0,1.0,off_1.0,10,AR_postwar_0.0047,0.0047,0.062,0.62
unemployment_CIRCULAR,0.5,dws_high_0.643,1.0,1.0,off_1.0,20,off_0.0000,0.0,0.047,0.94
unemployment_CIRCULAR,0.5,dws_high_0.643,1.0,1.0,off_1.0,20,AR_recent_0.0035,0.0035,0.0495,0.99
unemployment_CIRCULAR,0.5,dws_high_0.643,1.0,1.0,off_1.0,20,AR_postwar_0.0047,0.0047,0.05,1.0
unemployment_CIRCULAR,0.5,dws_high_0.643,1.0,1.0,on_1.5,2,off_0.0000,0.0,0.0665,0.133
unemployment_CIRCULAR,0.5,dws_high_0.643,1.0,1.0,on_1.5,2,AR_recent_0.0035,0.0035,0.07,0.14
unemployment_CIRCULAR,0.5,dws_high_0.643,1.0,1.0,on_1.5,2,AR_postwar_0.0047,0.0047,0.071,0.142
unemployment_CIRCULAR,0.5,dws_high_0.643,1.0,1.0,on_1.5,5,off_0.0000,0.0,0.0665,0.3325
unemployment_CIRCULAR,0.5,dws_high_0.643,1.0,1.0,on_1.5,5,AR_recent_0.0035,0.0035,0.07,0.35
unemployment_CIRCULAR,0.5,dws_high_0.643,1.0,1.0,on_1.5,5,AR_postwar_0.0047,0.0047,0.071,0.355
unemployment_CIRCULAR,0.5,dws_high_0.643,1.0,1.0,on_1.5,10,off_0.0000,0.0,0.0665,0.665
unemployment_CIRCULAR,0.5,dws_high_0.643,1.0,1.0,on_1.5,10,AR_recent_0.0035,0.0035,0.07,0.7
unemployment_CIRCULAR,0.5,dws_high_0.643,1.0,1.0,on_1.5,10,AR_postwar_0.0047,0.0047,0.071,0.71
unemployment_CIRCULAR,0.5,dws_high_0.643,1.0,1.0,on_1.5,20,off_0.0000,0.0,0.056,1.12
unemployment_CIRCULAR,0.5,dws_high_0.643,1.0,1.0,on_1.5,20,AR_recent_0.0035,0.0035,0.0585,1.17
unemployment_CIRCULAR,0.5,dws_high_0.643,1.0,1.0,on_1.5,20,AR_postwar_0.0047,0.0047,0.059,1.18
unemployment_CIRCULAR,0.5,dws_high_0.643,1.5,0.0,off_1.0,2,off_0.0000,0.0,0.067,0.134
unemployment_CIRCULAR,0.5,dws_high_0.643,1.5,0.0,off_1.0,2,AR_recent_0.0035,0.0035,0.0705,0.141
unemployment_CIRCULAR,0.5,dws_high_0.643,1.5,0.0,off_1.0,2,AR_postwar_0.0047,0.0047,0.0715,0.143
unemployment_CIRCULAR,0.5,dws_high_0.643,1.5,0.0,off_1.0,5,off_0.0000,0.0,0.0535,0.2675
unemployment_CIRCULAR,0.5,dws_high_0.643,1.5,0.0,off_1.0,5,AR_recent_0.0035,0.0035,0.0565,0.2825
unemployment_CIRCULAR,0.5,dws_high_0.643,1.5,0.0,off_1.0,5,AR_postwar_0.0047,0.0047,0.0575,0.2875
unemployment_CIRCULAR,0.5,dws_high_0.643,1.5,0.0,off_1.0,10,off_0.0000,0.0,0.047,0.47
unemployment_CIRCULAR,0.5,dws_high_0.643,1.5,0.0,off_1.0,10,AR_recent_0.0035,0.0035,0.05,0.5
unemployment_CIRCULAR,0.5,dws_high_0.643,1.5,0.0,off_1.0,10,AR_postwar_0.0047,0.0047,0.051,0.51
unemployment_CIRCULAR,0.5,dws_high_0.643,1.5,0.0,off_1.0,20,off_0.0000,0.0,0.039,0.78
unemployment_CIRCULAR,0.5,dws_high_0.643,1.5,0.0,off_1.0,20,AR_recent_0.0035,0.0035,0.041,0.82
unemployment_CIRCULAR,0.5,dws_high_0.643,1.5,0.0,off_1.0,20,AR_postwar_0.0047,0.0047,0.042,0.84
unemployment_CIRCULAR,0.5,dws_high_0.643,1.5,0.0,on_1.5,2,off_0.0000,0.0,0.0665,0.133
unemployment_CIRCULAR,0.5,dws_high_0.643,1.5,0.0,on_1.5,2,AR_recent_0.0035,0.0035,0.07,0.14
unemployment_CIRCULAR,0.5,dws_high_0.643,1.5,0.0,on_1.5,2,AR_postwar_0.0047,0.0047,0.0715,0.143
unemployment_CIRCULAR,0.5,dws_high_0.643,1.5,0.0,on_1.5,5,off_0.0000,0.0,0.0605,0.3025
unemployment_CIRCULAR,0.5,dws_high_0.643,1.5,0.0,on_1.5,5,AR_recent_0.0035,0.0035,0.0635,0.3175
unemployment_CIRCULAR,0.5,dws_high_0.643,1.5,0.0,on_1.5,5,AR_postwar_0.0047,0.0047,0.0645,0.3225
unemployment_CIRCULAR,0.5,dws_high_0.643,1.5,0.0,on_1.5,10,off_0.0000,0.0,0.0535,0.535
unemployment_CIRCULAR,0.5,dws_high_0.643,1.5,0.0,on_1.5,10,AR_recent_0.0035,0.0035,0.0565,0.565
unemployment_CIRCULAR,0.5,dws_high_0.643,1.5,0.0,on_1.5,10,AR_postwar_0.0047,0.0047,0.0575,0.575
unemployment_CIRCULAR,0.5,dws_high_0.643,1.5,0.0,on_1.5,20,off_0.0000,0.0,0.045,0.9
unemployment_CIRCULAR,0.5,dws_high_0.643,1.5,0.0,on_1.5,20,AR_recent_0.0035,0.0035,0.0475,0.95
unemployment_CIRCULAR,0.5,dws_high_0.643,1.5,0.0,on_1.5,20,AR_postwar_0.0047,0.0047,0.048,0.96
unemployment_CIRCULAR,0.5,dws_high_0.643,1.5,0.5,off_1.0,2,off_0.0000,0.0,0.067,0.134
unemployment_CIRCULAR,0.5,dws_high_0.643,1.5,0.5,off_1.0,2,AR_recent_0.0035,0.0035,0.0705,0.141
unemployment_CIRCULAR,0.5,dws_high_0.643,1.5,0.5,off_1.0,2,AR_postwar_0.0047,0.0047,0.0715,0.143
unemployment_CIRCULAR,0.5,dws_high_0.643,1.5,0.5,off_1.0,5,off_0.0000,0.0,0.0535,0.2675
unemployment_CIRCULAR,0.5,dws_high_0.643,1.5,0.5,off_1.0,5,AR_recent_0.0035,0.0035,0.0565,0.2825
unemployment_CIRCULAR,0.5,dws_high_0.643,1.5,0.5,off_1.0,5,AR_postwar_0.0047,0.0047,0.0575,0.2875
unemployment_CIRCULAR,0.5,dws_high_0.643,1.5,0.5,off_1.0,10,off_0.0000,0.0,0.047,0.47
unemployment_CIRCULAR,0.5,dws_high_0.643,1.5,0.5,off_1.0,10,AR_recent_0.0035,0.0035,0.05,0.5
unemployment_CIRCULAR,0.5,dws_high_0.643,1.5,0.5,off_1.0,10,AR_postwar_0.0047,0.0047,0.051,0.51
unemployment_CIRCULAR,0.5,dws_high_0.643,1.5,0.5,off_1.0,20,off_0.0000,0.0,0.039,0.78
unemployment_CIRCULAR,0.5,dws_high_0.643,1.5,0.5,off_1.0,20,AR_recent_0.0035,0.0035,0.041,0.82
unemployment_CIRCULAR,0.5,dws_high_0.643,1.5,0.5,off_1.0,20,AR_postwar_0.0047,0.0047,0.042,0.84
unemployment_CIRCULAR,0.5,dws_high_0.643,1.5,0.5,on_1.5,2,off_0.0000,0.0,0.0665,0.133
unemployment_CIRCULAR,0.5,dws_high_0.643,1.5,0.5,on_1.5,2,AR_recent_0.0035,0.0035,0.07,0.14
unemployment_CIRCULAR,0.5,dws_high_0.643,1.5,0.5,on_1.5,2,AR_postwar_0.0047,0.0047,0.0715,0.143
unemployment_CIRCULAR,0.5,dws_high_0.643,1.5,0.5,on_1.5,5,off_0.0000,0.0,0.0605,0.3025
unemployment_CIRCULAR,0.5,dws_high_0.643,1.5,0.5,on_1.5,5,AR_recent_0.0035,0.0035,0.0635,0.3175
unemployment_CIRCULAR,0.5,dws_high_0.643,1.5,0.5,on_1.5,5,AR_postwar_0.0047,0.0047,0.0645,0.3225
unemployment_CIRCULAR,0.5,dws_high_0.643,1.5,0.5,on_1.5,10,off_0.0000,0.0,0.0535,0.535
unemployment_CIRCULAR,0.5,dws_high_0.643,1.5,0.5,on_1.5,10,AR_recent_0.0035,0.0035,0.0565,0.565
unemployment_CIRCULAR,0.5,dws_high_0.643,1.5,0.5,on_1.5,10,AR_postwar_0.0047,0.0047,0.0575,0.575
unemployment_CIRCULAR,0.5,dws_high_0.643,1.5,0.5,on_1.5,20,off_0.0000,0.0,0.045,0.9
unemployment_CIRCULAR,0.5,dws_high_0.643,1.5,0.5,on_1.5,20,AR_recent_0.0035,0.0035,0.0475,0.95
unemployment_CIRCULAR,0.5,dws_high_0.643,1.5,0.5,on_1.5,20,AR_postwar_0.0047,0.0047,0.048,0.96
unemployment_CIRCULAR,0.5,dws_high_0.643,1.5,1.0,off_1.0,2,off_0.0000,0.0,0.067,0.134
unemployment_CIRCULAR,0.5,dws_high_0.643,1.5,1.0,off_1.0,2,AR_recent_0.0035,0.0035,0.0705,0.141
unemployment_CIRCULAR,0.5,dws_high_0.643,1.5,1.0,off_1.0,2,AR_postwar_0.0047,0.0047,0.0715,0.143
unemployment_CIRCULAR,0.5,dws_high_0.643,1.5,1.0,off_1.0,5,off_0.0000,0.0,0.0535,0.2675
unemployment_CIRCULAR,0.5,dws_high_0.643,1.5,1.0,off_1.0,5,AR_recent_0.0035,0.0035,0.0565,0.2825
unemployment_CIRCULAR,0.5,dws_high_0.643,1.5,1.0,off_1.0,5,AR_postwar_0.0047,0.0047,0.0575,0.2875
unemployment_CIRCULAR,0.5,dws_high_0.643,1.5,1.0,off_1.0,10,off_0.0000,0.0,0.047,0.47
unemployment_CIRCULAR,0.5,dws_high_0.643,1.5,1.0,off_1.0,10,AR_recent_0.0035,0.0035,0.05,0.5
unemployment_CIRCULAR,0.5,dws_high_0.643,1.5,1.0,off_1.0,10,AR_postwar_0.0047,0.0047,0.051,0.51
unemployment_CIRCULAR,0.5,dws_high_0.643,1.5,1.0,off_1.0,20,off_0.0000,0.0,0.039,0.78
unemployment_CIRCULAR,0.5,dws_high_0.643,1.5,1.0,off_1.0,20,AR_recent_0.0035,0.0035,0.041,0.82
unemployment_CIRCULAR,0.5,dws_high_0.643,1.5,1.0,off_1.0,20,AR_postwar_0.0047,0.0047,0.042,0.84
unemployment_CIRCULAR,0.5,dws_high_0.643,1.5,1.0,on_1.5,2,off_0.0000,0.0,0.0665,0.133
unemployment_CIRCULAR,0.5,dws_high_0.643,1.5,1.0,on_1.5,2,AR_recent_0.0035,0.0035,0.07,0.14
unemployment_CIRCULAR,0.5,dws_high_0.643,1.5,1.0,on_1.5,2,AR_postwar_0.0047,0.0047,0.0715,0.143
unemployment_CIRCULAR,0.5,dws_high_0.643,1.5,1.0,on_1.5,5,off_0.0000,0.0,0.0605,0.3025
unemployment_CIRCULAR,0.5,dws_high_0.643,1.5,1.0,on_1.5,5,AR_recent_0.0035,0.0035,0.0635,0.3175
unemployment_CIRCULAR,0.5,dws_high_0.643,1.5,1.0,on_1.5,5,AR_postwar_0.0047,0.0047,0.0645,0.3225
unemployment_CIRCULAR,0.5,dws_high_0.643,1.5,1.0,on_1.5,10,off_0.0000,0.0,0.0535,0.535
unemployment_CIRCULAR,0.5,dws_high_0.643,1.5,1.0,on_1.5,10,AR_recent_0.0035,0.0035,0.0565,0.565
unemployment_CIRCULAR,0.5,dws_high_0.643,1.5,1.0,on_1.5,10,AR_postwar_0.0047,0.0047,0.0575,0.575
unemployment_CIRCULAR,0.5,dws_high_0.643,1.5,1.0,on_1.5,20,off_0.0000,0.0,0.045,0.9
unemployment_CIRCULAR,0.5,dws_high_0.643,1.5,1.0,on_1.5,20,AR_recent_0.0035,0.0035,0.0475,0.95
unemployment_CIRCULAR,0.5,dws_high_0.643,1.5,1.0,on_1.5,20,AR_postwar_0.0047,0.0047,0.048,0.96
unemployment_CIRCULAR,0.5,dws_high_0.643,2.0,0.0,off_1.0,2,off_0.0000,0.0,0.067,0.134
unemployment_CIRCULAR,0.5,dws_high_0.643,2.0,0.0,off_1.0,2,AR_recent_0.0035,0.0035,0.0705,0.141
unemployment_CIRCULAR,0.5,dws_high_0.643,2.0,0.0,off_1.0,2,AR_postwar_0.0047,0.0047,0.072,0.144
unemployment_CIRCULAR,0.5,dws_high_0.643,2.0,0.0,off_1.0,5,off_0.0000,0.0,0.045,0.225
unemployment_CIRCULAR,0.5,dws_high_0.643,2.0,0.0,off_1.0,5,AR_recent_0.0035,0.0035,0.0485,0.2425
unemployment_CIRCULAR,0.5,dws_high_0.643,2.0,0.0,off_1.0,5,AR_postwar_0.0047,0.0047,0.0495,0.2475
unemployment_CIRCULAR,0.5,dws_high_0.643,2.0,0.0,off_1.0,10,off_0.0000,0.0,0.04,0.4
unemployment_CIRCULAR,0.5,dws_high_0.643,2.0,0.0,off_1.0,10,AR_recent_0.0035,0.0035,0.043,0.43
unemployment_CIRCULAR,0.5,dws_high_0.643,2.0,0.0,off_1.0,10,AR_postwar_0.0047,0.0047,0.044,0.44
unemployment_CIRCULAR,0.5,dws_high_0.643,2.0,0.0,off_1.0,20,off_0.0000,0.0,0.0335,0.67
unemployment_CIRCULAR,0.5,dws_high_0.643,2.0,0.0,off_1.0,20,AR_recent_0.0035,0.0035,0.036,0.72
unemployment_CIRCULAR,0.5,dws_high_0.643,2.0,0.0,off_1.0,20,AR_postwar_0.0047,0.0047,0.037,0.74
unemployment_CIRCULAR,0.5,dws_high_0.643,2.0,0.0,on_1.5,2,off_0.0000,0.0,0.067,0.134
unemployment_CIRCULAR,0.5,dws_high_0.643,2.0,0.0,on_1.5,2,AR_recent_0.0035,0.0035,0.0705,0.141
unemployment_CIRCULAR,0.5,dws_high_0.643,2.0,0.0,on_1.5,2,AR_postwar_0.0047,0.0047,0.0715,0.143
unemployment_CIRCULAR,0.5,dws_high_0.643,2.0,0.0,on_1.5,5,off_0.0000,0.0,0.05,0.25
unemployment_CIRCULAR,0.5,dws_high_0.643,2.0,0.0,on_1.5,5,AR_recent_0.0035,0.0035,0.0535,0.2675
unemployment_CIRCULAR,0.5,dws_high_0.643,2.0,0.0,on_1.5,5,AR_postwar_0.0047,0.0047,0.0545,0.2725
unemployment_CIRCULAR,0.5,dws_high_0.643,2.0,0.0,on_1.5,10,off_0.0000,0.0,0.045,0.45
unemployment_CIRCULAR,0.5,dws_high_0.643,2.0,0.0,on_1.5,10,AR_recent_0.0035,0.0035,0.048,0.48
unemployment_CIRCULAR,0.5,dws_high_0.643,2.0,0.0,on_1.5,10,AR_postwar_0.0047,0.0047,0.049,0.49
unemployment_CIRCULAR,0.5,dws_high_0.643,2.0,0.0,on_1.5,20,off_0.0000,0.0,0.0385,0.77
unemployment_CIRCULAR,0.5,dws_high_0.643,2.0,0.0,on_1.5,20,AR_recent_0.0035,0.0035,0.041,0.82
unemployment_CIRCULAR,0.5,dws_high_0.643,2.0,0.0,on_1.5,20,AR_postwar_0.0047,0.0047,0.0415,0.83
unemployment_CIRCULAR,0.5,dws_high_0.643,2.0,0.5,off_1.0,2,off_0.0000,0.0,0.067,0.134
unemployment_CIRCULAR,0.5,dws_high_0.643,2.0,0.5,off_1.0,2,AR_recent_0.0035,0.0035,0.0705,0.141
unemployment_CIRCULAR,0.5,dws_high_0.643,2.0,0.5,off_1.0,2,AR_postwar_0.0047,0.0047,0.072,0.144
unemployment_CIRCULAR,0.5,dws_high_0.643,2.0,0.5,off_1.0,5,off_0.0000,0.0,0.045,0.225
unemployment_CIRCULAR,0.5,dws_high_0.643,2.0,0.5,off_1.0,5,AR_recent_0.0035,0.0035,0.0485,0.2425
unemployment_CIRCULAR,0.5,dws_high_0.643,2.0,0.5,off_1.0,5,AR_postwar_0.0047,0.0047,0.0495,0.2475
unemployment_CIRCULAR,0.5,dws_high_0.643,2.0,0.5,off_1.0,10,off_0.0000,0.0,0.04,0.4
unemployment_CIRCULAR,0.5,dws_high_0.643,2.0,0.5,off_1.0,10,AR_recent_0.0035,0.0035,0.043,0.43
unemployment_CIRCULAR,0.5,dws_high_0.643,2.0,0.5,off_1.0,10,AR_postwar_0.0047,0.0047,0.044,0.44
unemployment_CIRCULAR,0.5,dws_high_0.643,2.0,0.5,off_1.0,20,off_0.0000,0.0,0.0335,0.67
unemployment_CIRCULAR,0.5,dws_high_0.643,2.0,0.5,off_1.0,20,AR_recent_0.0035,0.0035,0.036,0.72
unemployment_CIRCULAR,0.5,dws_high_0.643,2.0,0.5,off_1.0,20,AR_postwar_0.0047,0.0047,0.037,0.74
unemployment_CIRCULAR,0.5,dws_high_0.643,2.0,0.5,on_1.5,2,off_0.0000,0.0,0.067,0.134
unemployment_CIRCULAR,0.5,dws_high_0.643,2.0,0.5,on_1.5,2,AR_recent_0.0035,0.0035,0.0705,0.141
unemployment_CIRCULAR,0.5,dws_high_0.643,2.0,0.5,on_1.5,2,AR_postwar_0.0047,0.0047,0.0715,0.143
unemployment_CIRCULAR,0.5,dws_high_0.643,2.0,0.5,on_1.5,5,off_0.0000,0.0,0.05,0.25
unemployment_CIRCULAR,0.5,dws_high_0.643,2.0,0.5,on_1.5,5,AR_recent_0.0035,0.0035,0.0535,0.2675
unemployment_CIRCULAR,0.5,dws_high_0.643,2.0,0.5,on_1.5,5,AR_postwar_0.0047,0.0047,0.0545,0.2725
unemployment_CIRCULAR,0.5,dws_high_0.643,2.0,0.5,on_1.5,10,off_0.0000,0.0,0.045,0.45
unemployment_CIRCULAR,0.5,dws_high_0.643,2.0,0.5,on_1.5,10,AR_recent_0.0035,0.0035,0.048,0.48
unemployment_CIRCULAR,0.5,dws_high_0.643,2.0,0.5,on_1.5,10,AR_postwar_0.0047,0.0047,0.049,0.49
unemployment_CIRCULAR,0.5,dws_high_0.643,2.0,0.5,on_1.5,20,off_0.0000,0.0,0.0385,0.77
unemployment_CIRCULAR,0.5,dws_high_0.643,2.0,0.5,on_1.5,20,AR_recent_0.0035,0.0035,0.041,0.82
unemployment_CIRCULAR,0.5,dws_high_0.643,2.0,0.5,on_1.5,20,AR_postwar_0.0047,0.0047,0.0415,0.83
unemployment_CIRCULAR,0.5,dws_high_0.643,2.0,1.0,off_1.0,2,off_0.0000,0.0,0.067,0.134
unemployment_CIRCULAR,0.5,dws_high_0.643,2.0,1.0,off_1.0,2,AR_recent_0.0035,0.0035,0.0705,0.141
unemployment_CIRCULAR,0.5,dws_high_0.643,2.0,1.0,off_1.0,2,AR_postwar_0.0047,0.0047,0.072,0.144
unemployment_CIRCULAR,0.5,dws_high_0.643,2.0,1.0,off_1.0,5,off_0.0000,0.0,0.045,0.225
unemployment_CIRCULAR,0.5,dws_high_0.643,2.0,1.0,off_1.0,5,AR_recent_0.0035,0.0035,0.0485,0.2425
unemployment_CIRCULAR,0.5,dws_high_0.643,2.0,1.0,off_1.0,5,AR_postwar_0.0047,0.0047,0.0495,0.2475
unemployment_CIRCULAR,0.5,dws_high_0.643,2.0,1.0,off_1.0,10,off_0.0000,0.0,0.04,0.4
unemployment_CIRCULAR,0.5,dws_high_0.643,2.0,1.0,off_1.0,10,AR_recent_0.0035,0.0035,0.043,0.43
unemployment_CIRCULAR,0.5,dws_high_0.643,2.0,1.0,off_1.0,10,AR_postwar_0.0047,0.0047,0.044,0.44
unemployment_CIRCULAR,0.5,dws_high_0.643,2.0,1.0,off_1.0,20,off_0.0000,0.0,0.0335,0.67
unemployment_CIRCULAR,0.5,dws_high_0.643,2.0,1.0,off_1.0,20,AR_recent_0.0035,0.0035,0.036,0.72
unemployment_CIRCULAR,0.5,dws_high_0.643,2.0,1.0,off_1.0,20,AR_postwar_0.0047,0.0047,0.037,0.74
unemployment_CIRCULAR,0.5,dws_high_0.643,2.0,1.0,on_1.5,2,off_0.0000,0.0,0.067,0.134
unemployment_CIRCULAR,0.5,dws_high_0.643,2.0,1.0,on_1.5,2,AR_recent_0.0035,0.0035,0.0705,0.141
unemployment_CIRCULAR,0.5,dws_high_0.643,2.0,1.0,on_1.5,2,AR_postwar_0.0047,0.0047,0.0715,0.143
unemployment_CIRCULAR,0.5,dws_high_0.643,2.0,1.0,on_1.5,5,off_0.0000,0.0,0.05,0.25
unemployment_CIRCULAR,0.5,dws_high_0.643,2.0,1.0,on_1.5,5,AR_recent_0.0035,0.0035,0.0535,0.2675
unemployment_CIRCULAR,0.5,dws_high_0.643,2.0,1.0,on_1.5,5,AR_postwar_0.0047,0.0047,0.0545,0.2725
unemployment_CIRCULAR,0.5,dws_high_0.643,2.0,1.0,on_1.5,10,off_0.0000,0.0,0.045,0.45
unemployment_CIRCULAR,0.5,dws_high_0.643,2.0,1.0,on_1.5,10,AR_recent_0.0035,0.0035,0.048,0.48
unemployment_CIRCULAR,0.5,dws_high_0.643,2.0,1.0,on_1.5,10,AR_postwar_0.0047,0.0047,0.049,0.49
unemployment_CIRCULAR,0.5,dws_high_0.643,2.0,1.0,on_1.5,20,off_0.0000,0.0,0.0385,0.77
unemployment_CIRCULAR,0.5,dws_high_0.643,2.0,1.0,on_1.5,20,AR_recent_0.0035,0.0035,0.041,0.82
unemployment_CIRCULAR,0.5,dws_high_0.643,2.0,1.0,on_1.5,20,AR_postwar_0.0047,0.0047,0.0415,0.83
unemployment_CIRCULAR,0.5,AR_long_run_0.75,1.0,0.0,off_1.0,2,off_0.0000,0.0,0.0665,0.133
unemployment_CIRCULAR,0.5,AR_long_run_0.75,1.0,0.0,off_1.0,2,AR_recent_0.0035,0.0035,0.07,0.14
unemployment_CIRCULAR,0.5,AR_long_run_0.75,1.0,0.0,off_1.0,2,AR_postwar_0.0047,0.0047,0.0715,0.143
unemployment_CIRCULAR,0.5,AR_long_run_0.75,1.0,0.0,off_1.0,5,off_0.0000,0.0,0.0665,0.3325
unemployment_CIRCULAR,0.5,AR_long_run_0.75,1.0,0.0,off_1.0,5,AR_recent_0.0035,0.0035,0.07,0.35
unemployment_CIRCULAR,0.5,AR_long_run_0.75,1.0,0.0,off_1.0,5,AR_postwar_0.0047,0.0047,0.0715,0.3575
unemployment_CIRCULAR,0.5,AR_long_run_0.75,1.0,0.0,off_1.0,10,off_0.0000,0.0,0.064,0.64
unemployment_CIRCULAR,0.5,AR_long_run_0.75,1.0,0.0,off_1.0,10,AR_recent_0.0035,0.0035,0.0665,0.665
unemployment_CIRCULAR,0.5,AR_long_run_0.75,1.0,0.0,off_1.0,10,AR_postwar_0.0047,0.0047,0.0675,0.675
unemployment_CIRCULAR,0.5,AR_long_run_0.75,1.0,0.0,off_1.0,20,off_0.0000,0.0,0.052,1.04
unemployment_CIRCULAR,0.5,AR_long_run_0.75,1.0,0.0,off_1.0,20,AR_recent_0.0035,0.0035,0.054,1.08
unemployment_CIRCULAR,0.5,AR_long_run_0.75,1.0,0.0,off_1.0,20,AR_postwar_0.0047,0.0047,0.0545,1.09
unemployment_CIRCULAR,0.5,AR_long_run_0.75,1.0,0.0,on_1.5,2,off_0.0000,0.0,0.066,0.132
unemployment_CIRCULAR,0.5,AR_long_run_0.75,1.0,0.0,on_1.5,2,AR_recent_0.0035,0.0035,0.0695,0.139
unemployment_CIRCULAR,0.5,AR_long_run_0.75,1.0,0.0,on_1.5,2,AR_postwar_0.0047,0.0047,0.071,0.142
unemployment_CIRCULAR,0.5,AR_long_run_0.75,1.0,0.0,on_1.5,5,off_0.0000,0.0,0.066,0.33
unemployment_CIRCULAR,0.5,AR_long_run_0.75,1.0,0.0,on_1.5,5,AR_recent_0.0035,0.0035,0.0695,0.3475
unemployment_CIRCULAR,0.5,AR_long_run_0.75,1.0,0.0,on_1.5,5,AR_postwar_0.0047,0.0047,0.071,0.355
unemployment_CIRCULAR,0.5,AR_long_run_0.75,1.0,0.0,on_1.5,10,off_0.0000,0.0,0.066,0.66
unemployment_CIRCULAR,0.5,AR_long_run_0.75,1.0,0.0,on_1.5,10,AR_recent_0.0035,0.0035,0.0695,0.695
unemployment_CIRCULAR,0.5,AR_long_run_0.75,1.0,0.0,on_1.5,10,AR_postwar_0.0047,0.0047,0.071,0.71
unemployment_CIRCULAR,0.5,AR_long_run_0.75,1.0,0.0,on_1.5,20,off_0.0000,0.0,0.0625,1.25
unemployment_CIRCULAR,0.5,AR_long_run_0.75,1.0,0.0,on_1.5,20,AR_recent_0.0035,0.0035,0.0645,1.29
unemployment_CIRCULAR,0.5,AR_long_run_0.75,1.0,0.0,on_1.5,20,AR_postwar_0.0047,0.0047,0.0655,1.31
unemployment_CIRCULAR,0.5,AR_long_run_0.75,1.0,0.5,off_1.0,2,off_0.0000,0.0,0.0665,0.133
unemployment_CIRCULAR,0.5,AR_long_run_0.75,1.0,0.5,off_1.0,2,AR_recent_0.0035,0.0035,0.07,0.14
unemployment_CIRCULAR,0.5,AR_long_run_0.75,1.0,0.5,off_1.0,2,AR_postwar_0.0047,0.0047,0.0715,0.143
unemployment_CIRCULAR,0.5,AR_long_run_0.75,1.0,0.5,off_1.0,5,off_0.0000,0.0,0.0665,0.3325
unemployment_CIRCULAR,0.5,AR_long_run_0.75,1.0,0.5,off_1.0,5,AR_recent_0.0035,0.0035,0.07,0.35
unemployment_CIRCULAR,0.5,AR_long_run_0.75,1.0,0.5,off_1.0,5,AR_postwar_0.0047,0.0047,0.0715,0.3575
unemployment_CIRCULAR,0.5,AR_long_run_0.75,1.0,0.5,off_1.0,10,off_0.0000,0.0,0.064,0.64
unemployment_CIRCULAR,0.5,AR_long_run_0.75,1.0,0.5,off_1.0,10,AR_recent_0.0035,0.0035,0.0665,0.665
unemployment_CIRCULAR,0.5,AR_long_run_0.75,1.0,0.5,off_1.0,10,AR_postwar_0.0047,0.0047,0.0675,0.675
unemployment_CIRCULAR,0.5,AR_long_run_0.75,1.0,0.5,off_1.0,20,off_0.0000,0.0,0.052,1.04
unemployment_CIRCULAR,0.5,AR_long_run_0.75,1.0,0.5,off_1.0,20,AR_recent_0.0035,0.0035,0.054,1.08
unemployment_CIRCULAR,0.5,AR_long_run_0.75,1.0,0.5,off_1.0,20,AR_postwar_0.0047,0.0047,0.0545,1.09
unemployment_CIRCULAR,0.5,AR_long_run_0.75,1.0,0.5,on_1.5,2,off_0.0000,0.0,0.066,0.132
unemployment_CIRCULAR,0.5,AR_long_run_0.75,1.0,0.5,on_1.5,2,AR_recent_0.0035,0.0035,0.0695,0.139
unemployment_CIRCULAR,0.5,AR_long_run_0.75,1.0,0.5,on_1.5,2,AR_postwar_0.0047,0.0047,0.071,0.142
unemployment_CIRCULAR,0.5,AR_long_run_0.75,1.0,0.5,on_1.5,5,off_0.0000,0.0,0.066,0.33
unemployment_CIRCULAR,0.5,AR_long_run_0.75,1.0,0.5,on_1.5,5,AR_recent_0.0035,0.0035,0.0695,0.3475
unemployment_CIRCULAR,0.5,AR_long_run_0.75,1.0,0.5,on_1.5,5,AR_postwar_0.0047,0.0047,0.071,0.355
unemployment_CIRCULAR,0.5,AR_long_run_0.75,1.0,0.5,on_1.5,10,off_0.0000,0.0,0.066,0.66
unemployment_CIRCULAR,0.5,AR_long_run_0.75,1.0,0.5,on_1.5,10,AR_recent_0.0035,0.0035,0.0695,0.695
unemployment_CIRCULAR,0.5,AR_long_run_0.75,1.0,0.5,on_1.5,10,AR_postwar_0.0047,0.0047,0.071,0.71
unemployment_CIRCULAR,0.5,AR_long_run_0.75,1.0,0.5,on_1.5,20,off_0.0000,0.0,0.0625,1.25
unemployment_CIRCULAR,0.5,AR_long_run_0.75,1.0,0.5,on_1.5,20,AR_recent_0.0035,0.0035,0.0645,1.29
unemployment_CIRCULAR,0.5,AR_long_run_0.75,1.0,0.5,on_1.5,20,AR_postwar_0.0047,0.0047,0.0655,1.31
unemployment_CIRCULAR,0.5,AR_long_run_0.75,1.0,1.0,off_1.0,2,off_0.0000,0.0,0.0665,0.133
unemployment_CIRCULAR,0.5,AR_long_run_0.75,1.0,1.0,off_1.0,2,AR_recent_0.0035,0.0035,0.07,0.14
unemployment_CIRCULAR,0.5,AR_long_run_0.75,1.0,1.0,off_1.0,2,AR_postwar_0.0047,0.0047,0.0715,0.143
unemployment_CIRCULAR,0.5,AR_long_run_0.75,1.0,1.0,off_1.0,5,off_0.0000,0.0,0.0665,0.3325
unemployment_CIRCULAR,0.5,AR_long_run_0.75,1.0,1.0,off_1.0,5,AR_recent_0.0035,0.0035,0.07,0.35
unemployment_CIRCULAR,0.5,AR_long_run_0.75,1.0,1.0,off_1.0,5,AR_postwar_0.0047,0.0047,0.0715,0.3575
unemployment_CIRCULAR,0.5,AR_long_run_0.75,1.0,1.0,off_1.0,10,off_0.0000,0.0,0.064,0.64
unemployment_CIRCULAR,0.5,AR_long_run_0.75,1.0,1.0,off_1.0,10,AR_recent_0.0035,0.0035,0.0665,0.665
unemployment_CIRCULAR,0.5,AR_long_run_0.75,1.0,1.0,off_1.0,10,AR_postwar_0.0047,0.0047,0.0675,0.675
unemployment_CIRCULAR,0.5,AR_long_run_0.75,1.0,1.0,off_1.0,20,off_0.0000,0.0,0.052,1.04
unemployment_CIRCULAR,0.5,AR_long_run_0.75,1.0,1.0,off_1.0,20,AR_recent_0.0035,0.0035,0.054,1.08
unemployment_CIRCULAR,0.5,AR_long_run_0.75,1.0,1.0,off_1.0,20,AR_postwar_0.0047,0.0047,0.0545,1.09
unemployment_CIRCULAR,0.5,AR_long_run_0.75,1.0,1.0,on_1.5,2,off_0.0000,0.0,0.066,0.132
unemployment_CIRCULAR,0.5,AR_long_run_0.75,1.0,1.0,on_1.5,2,AR_recent_0.0035,0.0035,0.0695,0.139
unemployment_CIRCULAR,0.5,AR_long_run_0.75,1.0,1.0,on_1.5,2,AR_postwar_0.0047,0.0047,0.071,0.142
unemployment_CIRCULAR,0.5,AR_long_run_0.75,1.0,1.0,on_1.5,5,off_0.0000,0.0,0.066,0.33
unemployment_CIRCULAR,0.5,AR_long_run_0.75,1.0,1.0,on_1.5,5,AR_recent_0.0035,0.0035,0.0695,0.3475
unemployment_CIRCULAR,0.5,AR_long_run_0.75,1.0,1.0,on_1.5,5,AR_postwar_0.0047,0.0047,0.071,0.355
unemployment_CIRCULAR,0.5,AR_long_run_0.75,1.0,1.0,on_1.5,10,off_0.0000,0.0,0.066,0.66
unemployment_CIRCULAR,0.5,AR_long_run_0.75,1.0,1.0,on_1.5,10,AR_recent_0.0035,0.0035,0.0695,0.695
unemployment_CIRCULAR,0.5,AR_long_run_0.75,1.0,1.0,on_1.5,10,AR_postwar_0.0047,0.0047,0.071,0.71
unemployment_CIRCULAR,0.5,AR_long_run_0.75,1.0,1.0,on_1.5,20,off_0.0000,0.0,0.0625,1.25
unemployment_CIRCULAR,0.5,AR_long_run_0.75,1.0,1.0,on_1.5,20,AR_recent_0.0035,0.0035,0.0645,1.29
unemployment_CIRCULAR,0.5,AR_long_run_0.75,1.0,1.0,on_1.5,20,AR_postwar_0.0047,0.0047,0.0655,1.31
unemployment_CIRCULAR,0.5,AR_long_run_0.75,1.5,0.0,off_1.0,2,off_0.0000,0.0,0.067,0.134
unemployment_CIRCULAR,0.5,AR_long_run_0.75,1.5,0.0,off_1.0,2,AR_recent_0.0035,0.0035,0.0705,0.141
unemployment_CIRCULAR,0.5,AR_long_run_0.75,1.5,0.0,off_1.0,2,AR_postwar_0.0047,0.0047,0.0715,0.143
unemployment_CIRCULAR,0.5,AR_long_run_0.75,1.5,0.0,off_1.0,5,off_0.0000,0.0,0.06,0.3
unemployment_CIRCULAR,0.5,AR_long_run_0.75,1.5,0.0,off_1.0,5,AR_recent_0.0035,0.0035,0.063,0.315
unemployment_CIRCULAR,0.5,AR_long_run_0.75,1.5,0.0,off_1.0,5,AR_postwar_0.0047,0.0047,0.064,0.32
unemployment_CIRCULAR,0.5,AR_long_run_0.75,1.5,0.0,off_1.0,10,off_0.0000,0.0,0.0525,0.525
unemployment_CIRCULAR,0.5,AR_long_run_0.75,1.5,0.0,off_1.0,10,AR_recent_0.0035,0.0035,0.055,0.55
unemployment_CIRCULAR,0.5,AR_long_run_0.75,1.5,0.0,off_1.0,10,AR_postwar_0.0047,0.0047,0.056,0.56
unemployment_CIRCULAR,0.5,AR_long_run_0.75,1.5,0.0,off_1.0,20,off_0.0000,0.0,0.043,0.86
unemployment_CIRCULAR,0.5,AR_long_run_0.75,1.5,0.0,off_1.0,20,AR_recent_0.0035,0.0035,0.045,0.9
unemployment_CIRCULAR,0.5,AR_long_run_0.75,1.5,0.0,off_1.0,20,AR_postwar_0.0047,0.0047,0.046,0.92
unemployment_CIRCULAR,0.5,AR_long_run_0.75,1.5,0.0,on_1.5,2,off_0.0000,0.0,0.0665,0.133
unemployment_CIRCULAR,0.5,AR_long_run_0.75,1.5,0.0,on_1.5,2,AR_recent_0.0035,0.0035,0.07,0.14
unemployment_CIRCULAR,0.5,AR_long_run_0.75,1.5,0.0,on_1.5,2,AR_postwar_0.0047,0.0047,0.071,0.142
unemployment_CIRCULAR,0.5,AR_long_run_0.75,1.5,0.0,on_1.5,5,off_0.0000,0.0,0.0665,0.3325
unemployment_CIRCULAR,0.5,AR_long_run_0.75,1.5,0.0,on_1.5,5,AR_recent_0.0035,0.0035,0.07,0.35
unemployment_CIRCULAR,0.5,AR_long_run_0.75,1.5,0.0,on_1.5,5,AR_postwar_0.0047,0.0047,0.071,0.355
unemployment_CIRCULAR,0.5,AR_long_run_0.75,1.5,0.0,on_1.5,10,off_0.0000,0.0,0.06,0.6
unemployment_CIRCULAR,0.5,AR_long_run_0.75,1.5,0.0,on_1.5,10,AR_recent_0.0035,0.0035,0.063,0.63
unemployment_CIRCULAR,0.5,AR_long_run_0.75,1.5,0.0,on_1.5,10,AR_postwar_0.0047,0.0047,0.064,0.64
unemployment_CIRCULAR,0.5,AR_long_run_0.75,1.5,0.0,on_1.5,20,off_0.0000,0.0,0.0505,1.01
unemployment_CIRCULAR,0.5,AR_long_run_0.75,1.5,0.0,on_1.5,20,AR_recent_0.0035,0.0035,0.0525,1.05
unemployment_CIRCULAR,0.5,AR_long_run_0.75,1.5,0.0,on_1.5,20,AR_postwar_0.0047,0.0047,0.0535,1.07
unemployment_CIRCULAR,0.5,AR_long_run_0.75,1.5,0.5,off_1.0,2,off_0.0000,0.0,0.067,0.134
unemployment_CIRCULAR,0.5,AR_long_run_0.75,1.5,0.5,off_1.0,2,AR_recent_0.0035,0.0035,0.0705,0.141
unemployment_CIRCULAR,0.5,AR_long_run_0.75,1.5,0.5,off_1.0,2,AR_postwar_0.0047,0.0047,0.0715,0.143
unemployment_CIRCULAR,0.5,AR_long_run_0.75,1.5,0.5,off_1.0,5,off_0.0000,0.0,0.06,0.3
unemployment_CIRCULAR,0.5,AR_long_run_0.75,1.5,0.5,off_1.0,5,AR_recent_0.0035,0.0035,0.063,0.315
unemployment_CIRCULAR,0.5,AR_long_run_0.75,1.5,0.5,off_1.0,5,AR_postwar_0.0047,0.0047,0.064,0.32
unemployment_CIRCULAR,0.5,AR_long_run_0.75,1.5,0.5,off_1.0,10,off_0.0000,0.0,0.0525,0.525
unemployment_CIRCULAR,0.5,AR_long_run_0.75,1.5,0.5,off_1.0,10,AR_recent_0.0035,0.0035,0.055,0.55
unemployment_CIRCULAR,0.5,AR_long_run_0.75,1.5,0.5,off_1.0,10,AR_postwar_0.0047,0.0047,0.056,0.56
unemployment_CIRCULAR,0.5,AR_long_run_0.75,1.5,0.5,off_1.0,20,off_0.0000,0.0,0.043,0.86
unemployment_CIRCULAR,0.5,AR_long_run_0.75,1.5,0.5,off_1.0,20,AR_recent_0.0035,0.0035,0.045,0.9
unemployment_CIRCULAR,0.5,AR_long_run_0.75,1.5,0.5,off_1.0,20,AR_postwar_0.0047,0.0047,0.046,0.92
unemployment_CIRCULAR,0.5,AR_long_run_0.75,1.5,0.5,on_1.5,2,off_0.0000,0.0,0.0665,0.133
unemployment_CIRCULAR,0.5,AR_long_run_0.75,1.5,0.5,on_1.5,2,AR_recent_0.0035,0.0035,0.07,0.14
unemployment_CIRCULAR,0.5,AR_long_run_0.75,1.5,0.5,on_1.5,2,AR_postwar_0.0047,0.0047,0.071,0.142
unemployment_CIRCULAR,0.5,AR_long_run_0.75,1.5,0.5,on_1.5,5,off_0.0000,0.0,0.0665,0.3325
unemployment_CIRCULAR,0.5,AR_long_run_0.75,1.5,0.5,on_1.5,5,AR_recent_0.0035,0.0035,0.07,0.35
unemployment_CIRCULAR,0.5,AR_long_run_0.75,1.5,0.5,on_1.5,5,AR_postwar_0.0047,0.0047,0.071,0.355
unemployment_CIRCULAR,0.5,AR_long_run_0.75,1.5,0.5,on_1.5,10,off_0.0000,0.0,0.06,0.6
unemployment_CIRCULAR,0.5,AR_long_run_0.75,1.5,0.5,on_1.5,10,AR_recent_0.0035,0.0035,0.063,0.63
unemployment_CIRCULAR,0.5,AR_long_run_0.75,1.5,0.5,on_1.5,10,AR_postwar_0.0047,0.0047,0.064,0.64
unemployment_CIRCULAR,0.5,AR_long_run_0.75,1.5,0.5,on_1.5,20,off_0.0000,0.0,0.0505,1.01
unemployment_CIRCULAR,0.5,AR_long_run_0.75,1.5,0.5,on_1.5,20,AR_recent_0.0035,0.0035,0.0525,1.05
unemployment_CIRCULAR,0.5,AR_long_run_0.75,1.5,0.5,on_1.5,20,AR_postwar_0.0047,0.0047,0.0535,1.07
unemployment_CIRCULAR,0.5,AR_long_run_0.75,1.5,1.0,off_1.0,2,off_0.0000,0.0,0.067,0.134
unemployment_CIRCULAR,0.5,AR_long_run_0.75,1.5,1.0,off_1.0,2,AR_recent_0.0035,0.0035,0.0705,0.141
unemployment_CIRCULAR,0.5,AR_long_run_0.75,1.5,1.0,off_1.0,2,AR_postwar_0.0047,0.0047,0.0715,0.143
unemployment_CIRCULAR,0.5,AR_long_run_0.75,1.5,1.0,off_1.0,5,off_0.0000,0.0,0.06,0.3
unemployment_CIRCULAR,0.5,AR_long_run_0.75,1.5,1.0,off_1.0,5,AR_recent_0.0035,0.0035,0.063,0.315
unemployment_CIRCULAR,0.5,AR_long_run_0.75,1.5,1.0,off_1.0,5,AR_postwar_0.0047,0.0047,0.064,0.32
unemployment_CIRCULAR,0.5,AR_long_run_0.75,1.5,1.0,off_1.0,10,off_0.0000,0.0,0.0525,0.525
unemployment_CIRCULAR,0.5,AR_long_run_0.75,1.5,1.0,off_1.0,10,AR_recent_0.0035,0.0035,0.055,0.55
unemployment_CIRCULAR,0.5,AR_long_run_0.75,1.5,1.0,off_1.0,10,AR_postwar_0.0047,0.0047,0.056,0.56
unemployment_CIRCULAR,0.5,AR_long_run_0.75,1.5,1.0,off_1.0,20,off_0.0000,0.0,0.043,0.86
unemployment_CIRCULAR,0.5,AR_long_run_0.75,1.5,1.0,off_1.0,20,AR_recent_0.0035,0.0035,0.045,0.9
unemployment_CIRCULAR,0.5,AR_long_run_0.75,1.5,1.0,off_1.0,20,AR_postwar_0.0047,0.0047,0.046,0.92
unemployment_CIRCULAR,0.5,AR_long_run_0.75,1.5,1.0,on_1.5,2,off_0.0000,0.0,0.0665,0.133
unemployment_CIRCULAR,0.5,AR_long_run_0.75,1.5,1.0,on_1.5,2,AR_recent_0.0035,0.0035,0.07,0.14
unemployment_CIRCULAR,0.5,AR_long_run_0.75,1.5,1.0,on_1.5,2,AR_postwar_0.0047,0.0047,0.071,0.142
unemployment_CIRCULAR,0.5,AR_long_run_0.75,1.5,1.0,on_1.5,5,off_0.0000,0.0,0.0665,0.3325
unemployment_CIRCULAR,0.5,AR_long_run_0.75,1.5,1.0,on_1.5,5,AR_recent_0.0035,0.0035,0.07,0.35
unemployment_CIRCULAR,0.5,AR_long_run_0.75,1.5,1.0,on_1.5,5,AR_postwar_0.0047,0.0047,0.071,0.355
unemployment_CIRCULAR,0.5,AR_long_run_0.75,1.5,1.0,on_1.5,10,off_0.0000,0.0,0.06,0.6
unemployment_CIRCULAR,0.5,AR_long_run_0.75,1.5,1.0,on_1.5,10,AR_recent_0.0035,0.0035,0.063,0.63
unemployment_CIRCULAR,0.5,AR_long_run_0.75,1.5,1.0,on_1.5,10,AR_postwar_0.0047,0.0047,0.064,0.64
unemployment_CIRCULAR,0.5,AR_long_run_0.75,1.5,1.0,on_1.5,20,off_0.0000,0.0,0.0505,1.01
unemployment_CIRCULAR,0.5,AR_long_run_0.75,1.5,1.0,on_1.5,20,AR_recent_0.0035,0.0035,0.0525,1.05
unemployment_CIRCULAR,0.5,AR_long_run_0.75,1.5,1.0,on_1.5,20,AR_postwar_0.0047,0.0047,0.0535,1.07
unemployment_CIRCULAR,0.5,AR_long_run_0.75,2.0,0.0,off_1.0,2,off_0.0000,0.0,0.067,0.134
unemployment_CIRCULAR,0.5,AR_long_run_0.75,2.0,0.0,off_1.0,2,AR_recent_0.0035,0.0035,0.0705,0.141
unemployment_CIRCULAR,0.5,AR_long_run_0.75,2.0,0.0,off_1.0,2,AR_postwar_0.0047,0.0047,0.0715,0.143
unemployment_CIRCULAR,0.5,AR_long_run_0.75,2.0,0.0,off_1.0,5,off_0.0000,0.0,0.0505,0.2525
unemployment_CIRCULAR,0.5,AR_long_run_0.75,2.0,0.0,off_1.0,5,AR_recent_0.0035,0.0035,0.054,0.27
unemployment_CIRCULAR,0.5,AR_long_run_0.75,2.0,0.0,off_1.0,5,AR_postwar_0.0047,0.0047,0.055,0.275
unemployment_CIRCULAR,0.5,AR_long_run_0.75,2.0,0.0,off_1.0,10,off_0.0000,0.0,0.045,0.45
unemployment_CIRCULAR,0.5,AR_long_run_0.75,2.0,0.0,off_1.0,10,AR_recent_0.0035,0.0035,0.048,0.48
unemployment_CIRCULAR,0.5,AR_long_run_0.75,2.0,0.0,off_1.0,10,AR_postwar_0.0047,0.0047,0.049,0.49
unemployment_CIRCULAR,0.5,AR_long_run_0.75,2.0,0.0,off_1.0,20,off_0.0000,0.0,0.0375,0.75
unemployment_CIRCULAR,0.5,AR_long_run_0.75,2.0,0.0,off_1.0,20,AR_recent_0.0035,0.0035,0.0395,0.79
unemployment_CIRCULAR,0.5,AR_long_run_0.75,2.0,0.0,off_1.0,20,AR_postwar_0.0047,0.0047,0.0405,0.81
unemployment_CIRCULAR,0.5,AR_long_run_0.75,2.0,0.0,on_1.5,2,off_0.0000,0.0,0.067,0.134
unemployment_CIRCULAR,0.5,AR_long_run_0.75,2.0,0.0,on_1.5,2,AR_recent_0.0035,0.0035,0.0705,0.141
unemployment_CIRCULAR,0.5,AR_long_run_0.75,2.0,0.0,on_1.5,2,AR_postwar_0.0047,0.0047,0.0715,0.143
unemployment_CIRCULAR,0.5,AR_long_run_0.75,2.0,0.0,on_1.5,5,off_0.0000,0.0,0.057,0.285
unemployment_CIRCULAR,0.5,AR_long_run_0.75,2.0,0.0,on_1.5,5,AR_recent_0.0035,0.0035,0.0605,0.3025
unemployment_CIRCULAR,0.5,AR_long_run_0.75,2.0,0.0,on_1.5,5,AR_postwar_0.0047,0.0047,0.0615,0.3075
unemployment_CIRCULAR,0.5,AR_long_run_0.75,2.0,0.0,on_1.5,10,off_0.0000,0.0,0.051,0.51
unemployment_CIRCULAR,0.5,AR_long_run_0.75,2.0,0.0,on_1.5,10,AR_recent_0.0035,0.0035,0.054,0.54
unemployment_CIRCULAR,0.5,AR_long_run_0.75,2.0,0.0,on_1.5,10,AR_postwar_0.0047,0.0047,0.055,0.55
unemployment_CIRCULAR,0.5,AR_long_run_0.75,2.0,0.0,on_1.5,20,off_0.0000,0.0,0.043,0.86
unemployment_CIRCULAR,0.5,AR_long_run_0.75,2.0,0.0,on_1.5,20,AR_recent_0.0035,0.0035,0.0455,0.91
unemployment_CIRCULAR,0.5,AR_long_run_0.75,2.0,0.0,on_1.5,20,AR_postwar_0.0047,0.0047,0.0465,0.93
unemployment_CIRCULAR,0.5,AR_long_run_0.75,2.0,0.5,off_1.0,2,off_0.0000,0.0,0.067,0.134
unemployment_CIRCULAR,0.5,AR_long_run_0.75,2.0,0.5,off_1.0,2,AR_recent_0.0035,0.0035,0.0705,0.141
unemployment_CIRCULAR,0.5,AR_long_run_0.75,2.0,0.5,off_1.0,2,AR_postwar_0.0047,0.0047,0.0715,0.143
unemployment_CIRCULAR,0.5,AR_long_run_0.75,2.0,0.5,off_1.0,5,off_0.0000,0.0,0.0505,0.2525
unemployment_CIRCULAR,0.5,AR_long_run_0.75,2.0,0.5,off_1.0,5,AR_recent_0.0035,0.0035,0.054,0.27
unemployment_CIRCULAR,0.5,AR_long_run_0.75,2.0,0.5,off_1.0,5,AR_postwar_0.0047,0.0047,0.055,0.275
unemployment_CIRCULAR,0.5,AR_long_run_0.75,2.0,0.5,off_1.0,10,off_0.0000,0.0,0.045,0.45
unemployment_CIRCULAR,0.5,AR_long_run_0.75,2.0,0.5,off_1.0,10,AR_recent_0.0035,0.0035,0.048,0.48
unemployment_CIRCULAR,0.5,AR_long_run_0.75,2.0,0.5,off_1.0,10,AR_postwar_0.0047,0.0047,0.049,0.49
unemployment_CIRCULAR,0.5,AR_long_run_0.75,2.0,0.5,off_1.0,20,off_0.0000,0.0,0.0375,0.75
unemployment_CIRCULAR,0.5,AR_long_run_0.75,2.0,0.5,off_1.0,20,AR_recent_0.0035,0.0035,0.0395,0.79
unemployment_CIRCULAR,0.5,AR_long_run_0.75,2.0,0.5,off_1.0,20,AR_postwar_0.0047,0.0047,0.0405,0.81
unemployment_CIRCULAR,0.5,AR_long_run_0.75,2.0,0.5,on_1.5,2,off_0.0000,0.0,0.067,0.134
unemployment_CIRCULAR,0.5,AR_long_run_0.75,2.0,0.5,on_1.5,2,AR_recent_0.0035,0.0035,0.0705,0.141
unemployment_CIRCULAR,0.5,AR_long_run_0.75,2.0,0.5,on_1.5,2,AR_postwar_0.0047,0.0047,0.0715,0.143
unemployment_CIRCULAR,0.5,AR_long_run_0.75,2.0,0.5,on_1.5,5,off_0.0000,0.0,0.057,0.285
unemployment_CIRCULAR,0.5,AR_long_run_0.75,2.0,0.5,on_1.5,5,AR_recent_0.0035,0.0035,0.0605,0.3025
unemployment_CIRCULAR,0.5,AR_long_run_0.75,2.0,0.5,on_1.5,5,AR_postwar_0.0047,0.0047,0.0615,0.3075
unemployment_CIRCULAR,0.5,AR_long_run_0.75,2.0,0.5,on_1.5,10,off_0.0000,0.0,0.051,0.51
unemployment_CIRCULAR,0.5,AR_long_run_0.75,2.0,0.5,on_1.5,10,AR_recent_0.0035,0.0035,0.054,0.54
unemployment_CIRCULAR,0.5,AR_long_run_0.75,2.0,0.5,on_1.5,10,AR_postwar_0.0047,0.0047,0.055,0.55
unemployment_CIRCULAR,0.5,AR_long_run_0.75,2.0,0.5,on_1.5,20,off_0.0000,0.0,0.043,0.86
unemployment_CIRCULAR,0.5,AR_long_run_0.75,2.0,0.5,on_1.5,20,AR_recent_0.0035,0.0035,0.0455,0.91
unemployment_CIRCULAR,0.5,AR_long_run_0.75,2.0,0.5,on_1.5,20,AR_postwar_0.0047,0.0047,0.0465,0.93
unemployment_CIRCULAR,0.5,AR_long_run_0.75,2.0,1.0,off_1.0,2,off_0.0000,0.0,0.067,0.134
unemployment_CIRCULAR,0.5,AR_long_run_0.75,2.0,1.0,off_1.0,2,AR_recent_0.0035,0.0035,0.0705,0.141
unemployment_CIRCULAR,0.5,AR_long_run_0.75,2.0,1.0,off_1.0,2,AR_postwar_0.0047,0.0047,0.0715,0.143
unemployment_CIRCULAR,0.5,AR_long_run_0.75,2.0,1.0,off_1.0,5,off_0.0000,0.0,0.0505,0.2525
unemployment_CIRCULAR,0.5,AR_long_run_0.75,2.0,1.0,off_1.0,5,AR_recent_0.0035,0.0035,0.054,0.27
unemployment_CIRCULAR,0.5,AR_long_run_0.75,2.0,1.0,off_1.0,5,AR_postwar_0.0047,0.0047,0.055,0.275
unemployment_CIRCULAR,0.5,AR_long_run_0.75,2.0,1.0,off_1.0,10,off_0.0000,0.0,0.045,0.45
unemployment_CIRCULAR,0.5,AR_long_run_0.75,2.0,1.0,off_1.0,10,AR_recent_0.0035,0.0035,0.048,0.48
unemployment_CIRCULAR,0.5,AR_long_run_0.75,2.0,1.0,off_1.0,10,AR_postwar_0.0047,0.0047,0.049,0.49
unemployment_CIRCULAR,0.5,AR_long_run_0.75,2.0,1.0,off_1.0,20,off_0.0000,0.0,0.0375,0.75
unemployment_CIRCULAR,0.5,AR_long_run_0.75,2.0,1.0,off_1.0,20,AR_recent_0.0035,0.0035,0.0395,0.79
unemployment_CIRCULAR,0.5,AR_long_run_0.75,2.0,1.0,off_1.0,20,AR_postwar_0.0047,0.0047,0.0405,0.81
unemployment_CIRCULAR,0.5,AR_long_run_0.75,2.0,1.0,on_1.5,2,off_0.0000,0.0,0.067,0.134
unemployment_CIRCULAR,0.5,AR_long_run_0.75,2.0,1.0,on_1.5,2,AR_recent_0.0035,0.0035,0.0705,0.141
unemployment_CIRCULAR,0.5,AR_long_run_0.75,2.0,1.0,on_1.5,2,AR_postwar_0.0047,0.0047,0.0715,0.143
unemployment_CIRCULAR,0.5,AR_long_run_0.75,2.0,1.0,on_1.5,5,off_0.0000,0.0,0.057,0.285
unemployment_CIRCULAR,0.5,AR_long_run_0.75,2.0,1.0,on_1.5,5,AR_recent_0.0035,0.0035,0.0605,0.3025
unemployment_CIRCULAR,0.5,AR_long_run_0.75,2.0,1.0,on_1.5,5,AR_postwar_0.0047,0.0047,0.0615,0.3075
unemployment_CIRCULAR,0.5,AR_long_run_0.75,2.0,1.0,on_1.5,10,off_0.0000,0.0,0.051,0.51
unemployment_CIRCULAR,0.5,AR_long_run_0.75,2.0,1.0,on_1.5,10,AR_recent_0.0035,0.0035,0.054,0.54
unemployment_CIRCULAR,0.5,AR_long_run_0.75,2.0,1.0,on_1.5,10,AR_postwar_0.0047,0.0047,0.055,0.55
unemployment_CIRCULAR,0.5,AR_long_run_0.75,2.0,1.0,on_1.5,20,off_0.0000,0.0,0.043,0.86
unemployment_CIRCULAR,0.5,AR_long_run_0.75,2.0,1.0,on_1.5,20,AR_recent_0.0035,0.0035,0.0455,0.91
unemployment_CIRCULAR,0.5,AR_long_run_0.75,2.0,1.0,on_1.5,20,AR_postwar_0.0047,0.0047,0.0465,0.93
unemployment_CIRCULAR,1.0,dws_0.462,1.0,0.0,off_1.0,2,off_0.0000,0.0,0.067,0.134
unemployment_CIRCULAR,1.0,dws_0.462,1.0,0.0,off_1.0,2,AR_recent_0.0035,0.0035,0.0705,0.141
unemployment_CIRCULAR,1.0,dws_0.462,1.0,0.0,off_1.0,2,AR_postwar_0.0047,0.0047,0.0715,0.143
unemployment_CIRCULAR,1.0,dws_0.462,1.0,0.0,off_1.0,5,off_0.0000,0.0,0.052,0.26
unemployment_CIRCULAR,1.0,dws_0.462,1.0,0.0,off_1.0,5,AR_recent_0.0035,0.0035,0.055,0.275
unemployment_CIRCULAR,1.0,dws_0.462,1.0,0.0,off_1.0,5,AR_postwar_0.0047,0.0047,0.056,0.28
unemployment_CIRCULAR,1.0,dws_0.462,1.0,0.0,off_1.0,10,off_0.0000,0.0,0.041,0.41
unemployment_CIRCULAR,1.0,dws_0.462,1.0,0.0,off_1.0,10,AR_recent_0.0035,0.0035,0.0435,0.435
unemployment_CIRCULAR,1.0,dws_0.462,1.0,0.0,off_1.0,10,AR_postwar_0.0047,0.0047,0.044,0.44
unemployment_CIRCULAR,1.0,dws_0.462,1.0,0.0,off_1.0,20,off_0.0000,0.0,0.0295,0.59
unemployment_CIRCULAR,1.0,dws_0.462,1.0,0.0,off_1.0,20,AR_recent_0.0035,0.0035,0.031,0.62
unemployment_CIRCULAR,1.0,dws_0.462,1.0,0.0,off_1.0,20,AR_postwar_0.0047,0.0047,0.0315,0.63
unemployment_CIRCULAR,1.0,dws_0.462,1.0,0.0,on_1.5,2,off_0.0000,0.0,0.0665,0.133
unemployment_CIRCULAR,1.0,dws_0.462,1.0,0.0,on_1.5,2,AR_recent_0.0035,0.0035,0.07,0.14
unemployment_CIRCULAR,1.0,dws_0.462,1.0,0.0,on_1.5,2,AR_postwar_0.0047,0.0047,0.0715,0.143
unemployment_CIRCULAR,1.0,dws_0.462,1.0,0.0,on_1.5,5,off_0.0000,0.0,0.058,0.29
unemployment_CIRCULAR,1.0,dws_0.462,1.0,0.0,on_1.5,5,AR_recent_0.0035,0.0035,0.061,0.305
unemployment_CIRCULAR,1.0,dws_0.462,1.0,0.0,on_1.5,5,AR_postwar_0.0047,0.0047,0.062,0.31
unemployment_CIRCULAR,1.0,dws_0.462,1.0,0.0,on_1.5,10,off_0.0000,0.0,0.0465,0.465
unemployment_CIRCULAR,1.0,dws_0.462,1.0,0.0,on_1.5,10,AR_recent_0.0035,0.0035,0.0485,0.485
unemployment_CIRCULAR,1.0,dws_0.462,1.0,0.0,on_1.5,10,AR_postwar_0.0047,0.0047,0.0495,0.495
unemployment_CIRCULAR,1.0,dws_0.462,1.0,0.0,on_1.5,20,off_0.0000,0.0,0.034,0.68
unemployment_CIRCULAR,1.0,dws_0.462,1.0,0.0,on_1.5,20,AR_recent_0.0035,0.0035,0.0355,0.71
unemployment_CIRCULAR,1.0,dws_0.462,1.0,0.0,on_1.5,20,AR_postwar_0.0047,0.0047,0.036,0.72
unemployment_CIRCULAR,1.0,dws_0.462,1.0,0.5,off_1.0,2,off_0.0000,0.0,0.067,0.134
unemployment_CIRCULAR,1.0,dws_0.462,1.0,0.5,off_1.0,2,AR_recent_0.0035,0.0035,0.0705,0.141
unemployment_CIRCULAR,1.0,dws_0.462,1.0,0.5,off_1.0,2,AR_postwar_0.0047,0.0047,0.0715,0.143
unemployment_CIRCULAR,1.0,dws_0.462,1.0,0.5,off_1.0,5,off_0.0000,0.0,0.052,0.26
unemployment_CIRCULAR,1.0,dws_0.462,1.0,0.5,off_1.0,5,AR_recent_0.0035,0.0035,0.055,0.275
unemployment_CIRCULAR,1.0,dws_0.462,1.0,0.5,off_1.0,5,AR_postwar_0.0047,0.0047,0.056,0.28
unemployment_CIRCULAR,1.0,dws_0.462,1.0,0.5,off_1.0,10,off_0.0000,0.0,0.041,0.41
unemployment_CIRCULAR,1.0,dws_0.462,1.0,0.5,off_1.0,10,AR_recent_0.0035,0.0035,0.0435,0.435
unemployment_CIRCULAR,1.0,dws_0.462,1.0,0.5,off_1.0,10,AR_postwar_0.0047,0.0047,0.044,0.44
unemployment_CIRCULAR,1.0,dws_0.462,1.0,0.5,off_1.0,20,off_0.0000,0.0,0.0295,0.59
unemployment_CIRCULAR,1.0,dws_0.462,1.0,0.5,off_1.0,20,AR_recent_0.0035,0.0035,0.031,0.62
unemployment_CIRCULAR,1.0,dws_0.462,1.0,0.5,off_1.0,20,AR_postwar_0.0047,0.0047,0.0315,0.63
unemployment_CIRCULAR,1.0,dws_0.462,1.0,0.5,on_1.5,2,off_0.0000,0.0,0.0665,0.133
unemployment_CIRCULAR,1.0,dws_0.462,1.0,0.5,on_1.5,2,AR_recent_0.0035,0.0035,0.07,0.14
unemployment_CIRCULAR,1.0,dws_0.462,1.0,0.5,on_1.5,2,AR_postwar_0.0047,0.0047,0.0715,0.143
unemployment_CIRCULAR,1.0,dws_0.462,1.0,0.5,on_1.5,5,off_0.0000,0.0,0.058,0.29
unemployment_CIRCULAR,1.0,dws_0.462,1.0,0.5,on_1.5,5,AR_recent_0.0035,0.0035,0.061,0.305
unemployment_CIRCULAR,1.0,dws_0.462,1.0,0.5,on_1.5,5,AR_postwar_0.0047,0.0047,0.062,0.31
unemployment_CIRCULAR,1.0,dws_0.462,1.0,0.5,on_1.5,10,off_0.0000,0.0,0.0465,0.465
unemployment_CIRCULAR,1.0,dws_0.462,1.0,0.5,on_1.5,10,AR_recent_0.0035,0.0035,0.0485,0.485
unemployment_CIRCULAR,1.0,dws_0.462,1.0,0.5,on_1.5,10,AR_postwar_0.0047,0.0047,0.0495,0.495
unemployment_CIRCULAR,1.0,dws_0.462,1.0,0.5,on_1.5,20,off_0.0000,0.0,0.034,0.68
unemployment_CIRCULAR,1.0,dws_0.462,1.0,0.5,on_1.5,20,AR_recent_0.0035,0.0035,0.0355,0.71
unemployment_CIRCULAR,1.0,dws_0.462,1.0,0.5,on_1.5,20,AR_postwar_0.0047,0.0047,0.036,0.72
unemployment_CIRCULAR,1.0,dws_0.462,1.0,1.0,off_1.0,2,off_0.0000,0.0,0.067,0.134
unemployment_CIRCULAR,1.0,dws_0.462,1.0,1.0,off_1.0,2,AR_recent_0.0035,0.0035,0.0705,0.141
unemployment_CIRCULAR,1.0,dws_0.462,1.0,1.0,off_1.0,2,AR_postwar_0.0047,0.0047,0.0715,0.143
unemployment_CIRCULAR,1.0,dws_0.462,1.0,1.0,off_1.0,5,off_0.0000,0.0,0.052,0.26
unemployment_CIRCULAR,1.0,dws_0.462,1.0,1.0,off_1.0,5,AR_recent_0.0035,0.0035,0.055,0.275
unemployment_CIRCULAR,1.0,dws_0.462,1.0,1.0,off_1.0,5,AR_postwar_0.0047,0.0047,0.056,0.28
unemployment_CIRCULAR,1.0,dws_0.462,1.0,1.0,off_1.0,10,off_0.0000,0.0,0.041,0.41
unemployment_CIRCULAR,1.0,dws_0.462,1.0,1.0,off_1.0,10,AR_recent_0.0035,0.0035,0.0435,0.435
unemployment_CIRCULAR,1.0,dws_0.462,1.0,1.0,off_1.0,10,AR_postwar_0.0047,0.0047,0.044,0.44
unemployment_CIRCULAR,1.0,dws_0.462,1.0,1.0,off_1.0,20,off_0.0000,0.0,0.0295,0.59
unemployment_CIRCULAR,1.0,dws_0.462,1.0,1.0,off_1.0,20,AR_recent_0.0035,0.0035,0.031,0.62
unemployment_CIRCULAR,1.0,dws_0.462,1.0,1.0,off_1.0,20,AR_postwar_0.0047,0.0047,0.0315,0.63
unemployment_CIRCULAR,1.0,dws_0.462,1.0,1.0,on_1.5,2,off_0.0000,0.0,0.0665,0.133
unemployment_CIRCULAR,1.0,dws_0.462,1.0,1.0,on_1.5,2,AR_recent_0.0035,0.0035,0.07,0.14
unemployment_CIRCULAR,1.0,dws_0.462,1.0,1.0,on_1.5,2,AR_postwar_0.0047,0.0047,0.0715,0.143
unemployment_CIRCULAR,1.0,dws_0.462,1.0,1.0,on_1.5,5,off_0.0000,0.0,0.058,0.29
unemployment_CIRCULAR,1.0,dws_0.462,1.0,1.0,on_1.5,5,AR_recent_0.0035,0.0035,0.061,0.305
unemployment_CIRCULAR,1.0,dws_0.462,1.0,1.0,on_1.5,5,AR_postwar_0.0047,0.0047,0.062,0.31
unemployment_CIRCULAR,1.0,dws_0.462,1.0,1.0,on_1.5,10,off_0.0000,0.0,0.0465,0.465
unemployment_CIRCULAR,1.0,dws_0.462,1.0,1.0,on_1.5,10,AR_recent_0.0035,0.0035,0.0485,0.485
unemployment_CIRCULAR,1.0,dws_0.462,1.0,1.0,on_1.5,10,AR_postwar_0.0047,0.0047,0.0495,0.495
unemployment_CIRCULAR,1.0,dws_0.462,1.0,1.0,on_1.5,20,off_0.0000,0.0,0.034,0.68
unemployment_CIRCULAR,1.0,dws_0.462,1.0,1.0,on_1.5,20,AR_recent_0.0035,0.0035,0.0355,0.71
unemployment_CIRCULAR,1.0,dws_0.462,1.0,1.0,on_1.5,20,AR_postwar_0.0047,0.0047,0.036,0.72
unemployment_CIRCULAR,1.0,dws_0.462,1.5,0.0,off_1.0,2,off_0.0000,0.0,0.067,0.134
unemployment_CIRCULAR,1.0,dws_0.462,1.5,0.0,off_1.0,2,AR_recent_0.0035,0.0035,0.0705,0.141
unemployment_CIRCULAR,1.0,dws_0.462,1.5,0.0,off_1.0,2,AR_postwar_0.0047,0.0047,0.072,0.144
unemployment_CIRCULAR,1.0,dws_0.462,1.5,0.0,off_1.0,5,off_0.0000,0.0,0.042,0.21
unemployment_CIRCULAR,1.0,dws_0.462,1.5,0.0,off_1.0,5,AR_recent_0.0035,0.0035,0.0455,0.2275
unemployment_CIRCULAR,1.0,dws_0.462,1.5,0.0,off_1.0,5,AR_postwar_0.0047,0.0047,0.0465,0.2325
unemployment_CIRCULAR,1.0,dws_0.462,1.5,0.0,off_1.0,10,off_0.0000,0.0,0.034,0.34
unemployment_CIRCULAR,1.0,dws_0.462,1.5,0.0,off_1.0,10,AR_recent_0.0035,0.0035,0.0365,0.365
unemployment_CIRCULAR,1.0,dws_0.462,1.5,0.0,off_1.0,10,AR_postwar_0.0047,0.0047,0.0375,0.375
unemployment_CIRCULAR,1.0,dws_0.462,1.5,0.0,off_1.0,20,off_0.0000,0.0,0.025,0.5
unemployment_CIRCULAR,1.0,dws_0.462,1.5,0.0,off_1.0,20,AR_recent_0.0035,0.0035,0.027,0.54
unemployment_CIRCULAR,1.0,dws_0.462,1.5,0.0,off_1.0,20,AR_postwar_0.0047,0.0047,0.0275,0.55
unemployment_CIRCULAR,1.0,dws_0.462,1.5,0.0,on_1.5,2,off_0.0000,0.0,0.067,0.134
unemployment_CIRCULAR,1.0,dws_0.462,1.5,0.0,on_1.5,2,AR_recent_0.0035,0.0035,0.0705,0.141
unemployment_CIRCULAR,1.0,dws_0.462,1.5,0.0,on_1.5,2,AR_postwar_0.0047,0.0047,0.0715,0.143
unemployment_CIRCULAR,1.0,dws_0.462,1.5,0.0,on_1.5,5,off_0.0000,0.0,0.046,0.23
unemployment_CIRCULAR,1.0,dws_0.462,1.5,0.0,on_1.5,5,AR_recent_0.0035,0.0035,0.0495,0.2475
unemployment_CIRCULAR,1.0,dws_0.462,1.5,0.0,on_1.5,5,AR_postwar_0.0047,0.0047,0.0505,0.2525
unemployment_CIRCULAR,1.0,dws_0.462,1.5,0.0,on_1.5,10,off_0.0000,0.0,0.038,0.38
unemployment_CIRCULAR,1.0,dws_0.462,1.5,0.0,on_1.5,10,AR_recent_0.0035,0.0035,0.0405,0.405
unemployment_CIRCULAR,1.0,dws_0.462,1.5,0.0,on_1.5,10,AR_postwar_0.0047,0.0047,0.041,0.41
unemployment_CIRCULAR,1.0,dws_0.462,1.5,0.0,on_1.5,20,off_0.0000,0.0,0.0285,0.57
unemployment_CIRCULAR,1.0,dws_0.462,1.5,0.0,on_1.5,20,AR_recent_0.0035,0.0035,0.0305,0.61
unemployment_CIRCULAR,1.0,dws_0.462,1.5,0.0,on_1.5,20,AR_postwar_0.0047,0.0047,0.031,0.62
unemployment_CIRCULAR,1.0,dws_0.462,1.5,0.5,off_1.0,2,off_0.0000,0.0,0.067,0.134
unemployment_CIRCULAR,1.0,dws_0.462,1.5,0.5,off_1.0,2,AR_recent_0.0035,0.0035,0.0705,0.141
unemployment_CIRCULAR,1.0,dws_0.462,1.5,0.5,off_1.0,2,AR_postwar_0.0047,0.0047,0.072,0.144
unemployment_CIRCULAR,1.0,dws_0.462,1.5,0.5,off_1.0,5,off_0.0000,0.0,0.042,0.21
unemployment_CIRCULAR,1.0,dws_0.462,1.5,0.5,off_1.0,5,AR_recent_0.0035,0.0035,0.0455,0.2275
unemployment_CIRCULAR,1.0,dws_0.462,1.5,0.5,off_1.0,5,AR_postwar_0.0047,0.0047,0.0465,0.2325
unemployment_CIRCULAR,1.0,dws_0.462,1.5,0.5,off_1.0,10,off_0.0000,0.0,0.034,0.34
unemployment_CIRCULAR,1.0,dws_0.462,1.5,0.5,off_1.0,10,AR_recent_0.0035,0.0035,0.0365,0.365
unemployment_CIRCULAR,1.0,dws_0.462,1.5,0.5,off_1.0,10,AR_postwar_0.0047,0.0047,0.0375,0.375
unemployment_CIRCULAR,1.0,dws_0.462,1.5,0.5,off_1.0,20,off_0.0000,0.0,0.025,0.5
unemployment_CIRCULAR,1.0,dws_0.462,1.5,0.5,off_1.0,20,AR_recent_0.0035,0.0035,0.027,0.54
unemployment_CIRCULAR,1.0,dws_0.462,1.5,0.5,off_1.0,20,AR_postwar_0.0047,0.0047,0.0275,0.55
unemployment_CIRCULAR,1.0,dws_0.462,1.5,0.5,on_1.5,2,off_0.0000,0.0,0.067,0.134
unemployment_CIRCULAR,1.0,dws_0.462,1.5,0.5,on_1.5,2,AR_recent_0.0035,0.0035,0.0705,0.141
unemployment_CIRCULAR,1.0,dws_0.462,1.5,0.5,on_1.5,2,AR_postwar_0.0047,0.0047,0.0715,0.143
unemployment_CIRCULAR,1.0,dws_0.462,1.5,0.5,on_1.5,5,off_0.0000,0.0,0.046,0.23
unemployment_CIRCULAR,1.0,dws_0.462,1.5,0.5,on_1.5,5,AR_recent_0.0035,0.0035,0.0495,0.2475
unemployment_CIRCULAR,1.0,dws_0.462,1.5,0.5,on_1.5,5,AR_postwar_0.0047,0.0047,0.0505,0.2525
unemployment_CIRCULAR,1.0,dws_0.462,1.5,0.5,on_1.5,10,off_0.0000,0.0,0.038,0.38
unemployment_CIRCULAR,1.0,dws_0.462,1.5,0.5,on_1.5,10,AR_recent_0.0035,0.0035,0.0405,0.405
unemployment_CIRCULAR,1.0,dws_0.462,1.5,0.5,on_1.5,10,AR_postwar_0.0047,0.0047,0.041,0.41
unemployment_CIRCULAR,1.0,dws_0.462,1.5,0.5,on_1.5,20,off_0.0000,0.0,0.0285,0.57
unemployment_CIRCULAR,1.0,dws_0.462,1.5,0.5,on_1.5,20,AR_recent_0.0035,0.0035,0.0305,0.61
unemployment_CIRCULAR,1.0,dws_0.462,1.5,0.5,on_1.5,20,AR_postwar_0.0047,0.0047,0.031,0.62
unemployment_CIRCULAR,1.0,dws_0.462,1.5,1.0,off_1.0,2,off_0.0000,0.0,0.067,0.134
unemployment_CIRCULAR,1.0,dws_0.462,1.5,1.0,off_1.0,2,AR_recent_0.0035,0.0035,0.0705,0.141
unemployment_CIRCULAR,1.0,dws_0.462,1.5,1.0,off_1.0,2,AR_postwar_0.0047,0.0047,0.072,0.144
unemployment_CIRCULAR,1.0,dws_0.462,1.5,1.0,off_1.0,5,off_0.0000,0.0,0.042,0.21
unemployment_CIRCULAR,1.0,dws_0.462,1.5,1.0,off_1.0,5,AR_recent_0.0035,0.0035,0.0455,0.2275
unemployment_CIRCULAR,1.0,dws_0.462,1.5,1.0,off_1.0,5,AR_postwar_0.0047,0.0047,0.0465,0.2325
unemployment_CIRCULAR,1.0,dws_0.462,1.5,1.0,off_1.0,10,off_0.0000,0.0,0.034,0.34
unemployment_CIRCULAR,1.0,dws_0.462,1.5,1.0,off_1.0,10,AR_recent_0.0035,0.0035,0.0365,0.365
unemployment_CIRCULAR,1.0,dws_0.462,1.5,1.0,off_1.0,10,AR_postwar_0.0047,0.0047,0.0375,0.375
unemployment_CIRCULAR,1.0,dws_0.462,1.5,1.0,off_1.0,20,off_0.0000,0.0,0.025,0.5
unemployment_CIRCULAR,1.0,dws_0.462,1.5,1.0,off_1.0,20,AR_recent_0.0035,0.0035,0.027,0.54
unemployment_CIRCULAR,1.0,dws_0.462,1.5,1.0,off_1.0,20,AR_postwar_0.0047,0.0047,0.0275,0.55
unemployment_CIRCULAR,1.0,dws_0.462,1.5,1.0,on_1.5,2,off_0.0000,0.0,0.067,0.134
unemployment_CIRCULAR,1.0,dws_0.462,1.5,1.0,on_1.5,2,AR_recent_0.0035,0.0035,0.0705,0.141
unemployment_CIRCULAR,1.0,dws_0.462,1.5,1.0,on_1.5,2,AR_postwar_0.0047,0.0047,0.0715,0.143
unemployment_CIRCULAR,1.0,dws_0.462,1.5,1.0,on_1.5,5,off_0.0000,0.0,0.046,0.23
unemployment_CIRCULAR,1.0,dws_0.462,1.5,1.0,on_1.5,5,AR_recent_0.0035,0.0035,0.0495,0.2475
unemployment_CIRCULAR,1.0,dws_0.462,1.5,1.0,on_1.5,5,AR_postwar_0.0047,0.0047,0.0505,0.2525
unemployment_CIRCULAR,1.0,dws_0.462,1.5,1.0,on_1.5,10,off_0.0000,0.0,0.038,0.38
unemployment_CIRCULAR,1.0,dws_0.462,1.5,1.0,on_1.5,10,AR_recent_0.0035,0.0035,0.0405,0.405
unemployment_CIRCULAR,1.0,dws_0.462,1.5,1.0,on_1.5,10,AR_postwar_0.0047,0.0047,0.041,0.41
unemployment_CIRCULAR,1.0,dws_0.462,1.5,1.0,on_1.5,20,off_0.0000,0.0,0.0285,0.57
unemployment_CIRCULAR,1.0,dws_0.462,1.5,1.0,on_1.5,20,AR_recent_0.0035,0.0035,0.0305,0.61
unemployment_CIRCULAR,1.0,dws_0.462,1.5,1.0,on_1.5,20,AR_postwar_0.0047,0.0047,0.031,0.62
unemployment_CIRCULAR,1.0,dws_0.462,2.0,0.0,off_1.0,2,off_0.0000,0.0,0.067,0.134
unemployment_CIRCULAR,1.0,dws_0.462,2.0,0.0,off_1.0,2,AR_recent_0.0035,0.0035,0.0705,0.141
unemployment_CIRCULAR,1.0,dws_0.462,2.0,0.0,off_1.0,2,AR_postwar_0.0047,0.0047,0.072,0.144
unemployment_CIRCULAR,1.0,dws_0.462,2.0,0.0,off_1.0,5,off_0.0000,0.0,0.037,0.185
unemployment_CIRCULAR,1.0,dws_0.462,2.0,0.0,off_1.0,5,AR_recent_0.0035,0.0035,0.04,0.2
unemployment_CIRCULAR,1.0,dws_0.462,2.0,0.0,off_1.0,5,AR_postwar_0.0047,0.0047,0.041,0.205
unemployment_CIRCULAR,1.0,dws_0.462,2.0,0.0,off_1.0,10,off_0.0000,0.0,0.0295,0.295
unemployment_CIRCULAR,1.0,dws_0.462,2.0,0.0,off_1.0,10,AR_recent_0.0035,0.0035,0.032,0.32
unemployment_CIRCULAR,1.0,dws_0.462,2.0,0.0,off_1.0,10,AR_postwar_0.0047,0.0047,0.033,0.33
unemployment_CIRCULAR,1.0,dws_0.462,2.0,0.0,off_1.0,20,off_0.0000,0.0,0.0225,0.45
unemployment_CIRCULAR,1.0,dws_0.462,2.0,0.0,off_1.0,20,AR_recent_0.0035,0.0035,0.0245,0.49
unemployment_CIRCULAR,1.0,dws_0.462,2.0,0.0,off_1.0,20,AR_postwar_0.0047,0.0047,0.025,0.5
unemployment_CIRCULAR,1.0,dws_0.462,2.0,0.0,on_1.5,2,off_0.0000,0.0,0.067,0.134
unemployment_CIRCULAR,1.0,dws_0.462,2.0,0.0,on_1.5,2,AR_recent_0.0035,0.0035,0.0705,0.141
unemployment_CIRCULAR,1.0,dws_0.462,2.0,0.0,on_1.5,2,AR_postwar_0.0047,0.0047,0.072,0.144
unemployment_CIRCULAR,1.0,dws_0.462,2.0,0.0,on_1.5,5,off_0.0000,0.0,0.0395,0.1975
unemployment_CIRCULAR,1.0,dws_0.462,2.0,0.0,on_1.5,5,AR_recent_0.0035,0.0035,0.043,0.215
unemployment_CIRCULAR,1.0,dws_0.462,2.0,0.0,on_1.5,5,AR_postwar_0.0047,0.0047,0.044,0.22
unemployment_CIRCULAR,1.0,dws_0.462,2.0,0.0,on_1.5,10,off_0.0000,0.0,0.0325,0.325
unemployment_CIRCULAR,1.0,dws_0.462,2.0,0.0,on_1.5,10,AR_recent_0.0035,0.0035,0.035,0.35
unemployment_CIRCULAR,1.0,dws_0.462,2.0,0.0,on_1.5,10,AR_postwar_0.0047,0.0047,0.036,0.36
unemployment_CIRCULAR,1.0,dws_0.462,2.0,0.0,on_1.5,20,off_0.0000,0.0,0.025,0.5
unemployment_CIRCULAR,1.0,dws_0.462,2.0,0.0,on_1.5,20,AR_recent_0.0035,0.0035,0.027,0.54
unemployment_CIRCULAR,1.0,dws_0.462,2.0,0.0,on_1.5,20,AR_postwar_0.0047,0.0047,0.028,0.56
unemployment_CIRCULAR,1.0,dws_0.462,2.0,0.5,off_1.0,2,off_0.0000,0.0,0.067,0.134
unemployment_CIRCULAR,1.0,dws_0.462,2.0,0.5,off_1.0,2,AR_recent_0.0035,0.0035,0.0705,0.141
unemployment_CIRCULAR,1.0,dws_0.462,2.0,0.5,off_1.0,2,AR_postwar_0.0047,0.0047,0.072,0.144
unemployment_CIRCULAR,1.0,dws_0.462,2.0,0.5,off_1.0,5,off_0.0000,0.0,0.037,0.185
unemployment_CIRCULAR,1.0,dws_0.462,2.0,0.5,off_1.0,5,AR_recent_0.0035,0.0035,0.04,0.2
unemployment_CIRCULAR,1.0,dws_0.462,2.0,0.5,off_1.0,5,AR_postwar_0.0047,0.0047,0.041,0.205
unemployment_CIRCULAR,1.0,dws_0.462,2.0,0.5,off_1.0,10,off_0.0000,0.0,0.0295,0.295
unemployment_CIRCULAR,1.0,dws_0.462,2.0,0.5,off_1.0,10,AR_recent_0.0035,0.0035,0.032,0.32
unemployment_CIRCULAR,1.0,dws_0.462,2.0,0.5,off_1.0,10,AR_postwar_0.0047,0.0047,0.033,0.33
unemployment_CIRCULAR,1.0,dws_0.462,2.0,0.5,off_1.0,20,off_0.0000,0.0,0.0225,0.45
unemployment_CIRCULAR,1.0,dws_0.462,2.0,0.5,off_1.0,20,AR_recent_0.0035,0.0035,0.0245,0.49
unemployment_CIRCULAR,1.0,dws_0.462,2.0,0.5,off_1.0,20,AR_postwar_0.0047,0.0047,0.025,0.5
unemployment_CIRCULAR,1.0,dws_0.462,2.0,0.5,on_1.5,2,off_0.0000,0.0,0.067,0.134
unemployment_CIRCULAR,1.0,dws_0.462,2.0,0.5,on_1.5,2,AR_recent_0.0035,0.0035,0.0705,0.141
unemployment_CIRCULAR,1.0,dws_0.462,2.0,0.5,on_1.5,2,AR_postwar_0.0047,0.0047,0.072,0.144
unemployment_CIRCULAR,1.0,dws_0.462,2.0,0.5,on_1.5,5,off_0.0000,0.0,0.0395,0.1975
unemployment_CIRCULAR,1.0,dws_0.462,2.0,0.5,on_1.5,5,AR_recent_0.0035,0.0035,0.043,0.215
unemployment_CIRCULAR,1.0,dws_0.462,2.0,0.5,on_1.5,5,AR_postwar_0.0047,0.0047,0.044,0.22
unemployment_CIRCULAR,1.0,dws_0.462,2.0,0.5,on_1.5,10,off_0.0000,0.0,0.0325,0.325
unemployment_CIRCULAR,1.0,dws_0.462,2.0,0.5,on_1.5,10,AR_recent_0.0035,0.0035,0.035,0.35
unemployment_CIRCULAR,1.0,dws_0.462,2.0,0.5,on_1.5,10,AR_postwar_0.0047,0.0047,0.036,0.36
unemployment_CIRCULAR,1.0,dws_0.462,2.0,0.5,on_1.5,20,off_0.0000,0.0,0.025,0.5
unemployment_CIRCULAR,1.0,dws_0.462,2.0,0.5,on_1.5,20,AR_recent_0.0035,0.0035,0.027,0.54
unemployment_CIRCULAR,1.0,dws_0.462,2.0,0.5,on_1.5,20,AR_postwar_0.0047,0.0047,0.028,0.56
unemployment_CIRCULAR,1.0,dws_0.462,2.0,1.0,off_1.0,2,off_0.0000,0.0,0.067,0.134
unemployment_CIRCULAR,1.0,dws_0.462,2.0,1.0,off_1.0,2,AR_recent_0.0035,0.0035,0.0705,0.141
unemployment_CIRCULAR,1.0,dws_0.462,2.0,1.0,off_1.0,2,AR_postwar_0.0047,0.0047,0.072,0.144
unemployment_CIRCULAR,1.0,dws_0.462,2.0,1.0,off_1.0,5,off_0.0000,0.0,0.037,0.185
unemployment_CIRCULAR,1.0,dws_0.462,2.0,1.0,off_1.0,5,AR_recent_0.0035,0.0035,0.04,0.2
unemployment_CIRCULAR,1.0,dws_0.462,2.0,1.0,off_1.0,5,AR_postwar_0.0047,0.0047,0.041,0.205
unemployment_CIRCULAR,1.0,dws_0.462,2.0,1.0,off_1.0,10,off_0.0000,0.0,0.0295,0.295
unemployment_CIRCULAR,1.0,dws_0.462,2.0,1.0,off_1.0,10,AR_recent_0.0035,0.0035,0.032,0.32
unemployment_CIRCULAR,1.0,dws_0.462,2.0,1.0,off_1.0,10,AR_postwar_0.0047,0.0047,0.033,0.33
unemployment_CIRCULAR,1.0,dws_0.462,2.0,1.0,off_1.0,20,off_0.0000,0.0,0.0225,0.45
unemployment_CIRCULAR,1.0,dws_0.462,2.0,1.0,off_1.0,20,AR_recent_0.0035,0.0035,0.0245,0.49
unemployment_CIRCULAR,1.0,dws_0.462,2.0,1.0,off_1.0,20,AR_postwar_0.0047,0.0047,0.025,0.5
unemployment_CIRCULAR,1.0,dws_0.462,2.0,1.0,on_1.5,2,off_0.0000,0.0,0.067,0.134
unemployment_CIRCULAR,1.0,dws_0.462,2.0,1.0,on_1.5,2,AR_recent_0.0035,0.0035,0.0705,0.141
unemployment_CIRCULAR,1.0,dws_0.462,2.0,1.0,on_1.5,2,AR_postwar_0.0047,0.0047,0.072,0.144
unemployment_CIRCULAR,1.0,dws_0.462,2.0,1.0,on_1.5,5,off_0.0000,0.0,0.0395,0.1975
unemployment_CIRCULAR,1.0,dws_0.462,2.0,1.0,on_1.5,5,AR_recent_0.0035,0.0035,0.043,0.215
unemployment_CIRCULAR,1.0,dws_0.462,2.0,1.0,on_1.5,5,AR_postwar_0.0047,0.0047,0.044,0.22
unemployment_CIRCULAR,1.0,dws_0.462,2.0,1.0,on_1.5,10,off_0.0000,0.0,0.0325,0.325
unemployment_CIRCULAR,1.0,dws_0.462,2.0,1.0,on_1.5,10,AR_recent_0.0035,0.0035,0.035,0.35
unemployment_CIRCULAR,1.0,dws_0.462,2.0,1.0,on_1.5,10,AR_postwar_0.0047,0.0047,0.036,0.36
unemployment_CIRCULAR,1.0,dws_0.462,2.0,1.0,on_1.5,20,off_0.0000,0.0,0.025,0.5
unemployment_CIRCULAR,1.0,dws_0.462,2.0,1.0,on_1.5,20,AR_recent_0.0035,0.0035,0.027,0.54
unemployment_CIRCULAR,1.0,dws_0.462,2.0,1.0,on_1.5,20,AR_postwar_0.0047,0.0047,0.028,0.56
unemployment_CIRCULAR,1.0,dws_low_0.296,1.0,0.0,off_1.0,2,off_0.0000,0.0,0.067,0.134
unemployment_CIRCULAR,1.0,dws_low_0.296,1.0,0.0,off_1.0,2,AR_recent_0.0035,0.0035,0.0705,0.141
unemployment_CIRCULAR,1.0,dws_low_0.296,1.0,0.0,off_1.0,2,AR_postwar_0.0047,0.0047,0.072,0.144
unemployment_CIRCULAR,1.0,dws_low_0.296,1.0,0.0,off_1.0,5,off_0.0000,0.0,0.0445,0.2225
unemployment_CIRCULAR,1.0,dws_low_0.296,1.0,0.0,off_1.0,5,AR_recent_0.0035,0.0035,0.0475,0.2375
unemployment_CIRCULAR,1.0,dws_low_0.296,1.0,0.0,off_1.0,5,AR_postwar_0.0047,0.0047,0.0485,0.2425
unemployment_CIRCULAR,1.0,dws_low_0.296,1.0,0.0,off_1.0,10,off_0.0000,0.0,0.0355,0.355
unemployment_CIRCULAR,1.0,dws_low_0.296,1.0,0.0,off_1.0,10,AR_recent_0.0035,0.0035,0.0375,0.375
unemployment_CIRCULAR,1.0,dws_low_0.296,1.0,0.0,off_1.0,10,AR_postwar_0.0047,0.0047,0.0385,0.385
unemployment_CIRCULAR,1.0,dws_low_0.296,1.0,0.0,off_1.0,20,off_0.0000,0.0,0.0255,0.51
unemployment_CIRCULAR,1.0,dws_low_0.296,1.0,0.0,off_1.0,20,AR_recent_0.0035,0.0035,0.027,0.54
unemployment_CIRCULAR,1.0,dws_low_0.296,1.0,0.0,off_1.0,20,AR_postwar_0.0047,0.0047,0.0275,0.55
unemployment_CIRCULAR,1.0,dws_low_0.296,1.0,0.0,on_1.5,2,off_0.0000,0.0,0.067,0.134
unemployment_CIRCULAR,1.0,dws_low_0.296,1.0,0.0,on_1.5,2,AR_recent_0.0035,0.0035,0.0705,0.141
unemployment_CIRCULAR,1.0,dws_low_0.296,1.0,0.0,on_1.5,2,AR_postwar_0.0047,0.0047,0.0715,0.143
unemployment_CIRCULAR,1.0,dws_low_0.296,1.0,0.0,on_1.5,5,off_0.0000,0.0,0.0485,0.2425
unemployment_CIRCULAR,1.0,dws_low_0.296,1.0,0.0,on_1.5,5,AR_recent_0.0035,0.0035,0.0515,0.2575
unemployment_CIRCULAR,1.0,dws_low_0.296,1.0,0.0,on_1.5,5,AR_postwar_0.0047,0.0047,0.0525,0.2625
unemployment_CIRCULAR,1.0,dws_low_0.296,1.0,0.0,on_1.5,10,off_0.0000,0.0,0.0385,0.385
unemployment_CIRCULAR,1.0,dws_low_0.296,1.0,0.0,on_1.5,10,AR_recent_0.0035,0.0035,0.041,0.41
unemployment_CIRCULAR,1.0,dws_low_0.296,1.0,0.0,on_1.5,10,AR_postwar_0.0047,0.0047,0.042,0.42
unemployment_CIRCULAR,1.0,dws_low_0.296,1.0,0.0,on_1.5,20,off_0.0000,0.0,0.028,0.56
unemployment_CIRCULAR,1.0,dws_low_0.296,1.0,0.0,on_1.5,20,AR_recent_0.0035,0.0035,0.03,0.6
unemployment_CIRCULAR,1.0,dws_low_0.296,1.0,0.0,on_1.5,20,AR_postwar_0.0047,0.0047,0.0305,0.61
unemployment_CIRCULAR,1.0,dws_low_0.296,1.0,0.5,off_1.0,2,off_0.0000,0.0,0.067,0.134
unemployment_CIRCULAR,1.0,dws_low_0.296,1.0,0.5,off_1.0,2,AR_recent_0.0035,0.0035,0.0705,0.141
unemployment_CIRCULAR,1.0,dws_low_0.296,1.0,0.5,off_1.0,2,AR_postwar_0.0047,0.0047,0.072,0.144
unemployment_CIRCULAR,1.0,dws_low_0.296,1.0,0.5,off_1.0,5,off_0.0000,0.0,0.0445,0.2225
unemployment_CIRCULAR,1.0,dws_low_0.296,1.0,0.5,off_1.0,5,AR_recent_0.0035,0.0035,0.0475,0.2375
unemployment_CIRCULAR,1.0,dws_low_0.296,1.0,0.5,off_1.0,5,AR_postwar_0.0047,0.0047,0.0485,0.2425
unemployment_CIRCULAR,1.0,dws_low_0.296,1.0,0.5,off_1.0,10,off_0.0000,0.0,0.0355,0.355
unemployment_CIRCULAR,1.0,dws_low_0.296,1.0,0.5,off_1.0,10,AR_recent_0.0035,0.0035,0.0375,0.375
unemployment_CIRCULAR,1.0,dws_low_0.296,1.0,0.5,off_1.0,10,AR_postwar_0.0047,0.0047,0.0385,0.385
unemployment_CIRCULAR,1.0,dws_low_0.296,1.0,0.5,off_1.0,20,off_0.0000,0.0,0.0255,0.51
unemployment_CIRCULAR,1.0,dws_low_0.296,1.0,0.5,off_1.0,20,AR_recent_0.0035,0.0035,0.027,0.54
unemployment_CIRCULAR,1.0,dws_low_0.296,1.0,0.5,off_1.0,20,AR_postwar_0.0047,0.0047,0.0275,0.55
unemployment_CIRCULAR,1.0,dws_low_0.296,1.0,0.5,on_1.5,2,off_0.0000,0.0,0.067,0.134
unemployment_CIRCULAR,1.0,dws_low_0.296,1.0,0.5,on_1.5,2,AR_recent_0.0035,0.0035,0.0705,0.141
unemployment_CIRCULAR,1.0,dws_low_0.296,1.0,0.5,on_1.5,2,AR_postwar_0.0047,0.0047,0.0715,0.143
unemployment_CIRCULAR,1.0,dws_low_0.296,1.0,0.5,on_1.5,5,off_0.0000,0.0,0.0485,0.2425
unemployment_CIRCULAR,1.0,dws_low_0.296,1.0,0.5,on_1.5,5,AR_recent_0.0035,0.0035,0.0515,0.2575
unemployment_CIRCULAR,1.0,dws_low_0.296,1.0,0.5,on_1.5,5,AR_postwar_0.0047,0.0047,0.0525,0.2625
unemployment_CIRCULAR,1.0,dws_low_0.296,1.0,0.5,on_1.5,10,off_0.0000,0.0,0.0385,0.385
unemployment_CIRCULAR,1.0,dws_low_0.296,1.0,0.5,on_1.5,10,AR_recent_0.0035,0.0035,0.041,0.41
unemployment_CIRCULAR,1.0,dws_low_0.296,1.0,0.5,on_1.5,10,AR_postwar_0.0047,0.0047,0.042,0.42
unemployment_CIRCULAR,1.0,dws_low_0.296,1.0,0.5,on_1.5,20,off_0.0000,0.0,0.028,0.56
unemployment_CIRCULAR,1.0,dws_low_0.296,1.0,0.5,on_1.5,20,AR_recent_0.0035,0.0035,0.03,0.6
unemployment_CIRCULAR,1.0,dws_low_0.296,1.0,0.5,on_1.5,20,AR_postwar_0.0047,0.0047,0.0305,0.61
unemployment_CIRCULAR,1.0,dws_low_0.296,1.0,1.0,off_1.0,2,off_0.0000,0.0,0.067,0.134
unemployment_CIRCULAR,1.0,dws_low_0.296,1.0,1.0,off_1.0,2,AR_recent_0.0035,0.0035,0.0705,0.141
unemployment_CIRCULAR,1.0,dws_low_0.296,1.0,1.0,off_1.0,2,AR_postwar_0.0047,0.0047,0.072,0.144
unemployment_CIRCULAR,1.0,dws_low_0.296,1.0,1.0,off_1.0,5,off_0.0000,0.0,0.0445,0.2225
unemployment_CIRCULAR,1.0,dws_low_0.296,1.0,1.0,off_1.0,5,AR_recent_0.0035,0.0035,0.0475,0.2375
unemployment_CIRCULAR,1.0,dws_low_0.296,1.0,1.0,off_1.0,5,AR_postwar_0.0047,0.0047,0.0485,0.2425
unemployment_CIRCULAR,1.0,dws_low_0.296,1.0,1.0,off_1.0,10,off_0.0000,0.0,0.0355,0.355
unemployment_CIRCULAR,1.0,dws_low_0.296,1.0,1.0,off_1.0,10,AR_recent_0.0035,0.0035,0.0375,0.375
unemployment_CIRCULAR,1.0,dws_low_0.296,1.0,1.0,off_1.0,10,AR_postwar_0.0047,0.0047,0.0385,0.385
unemployment_CIRCULAR,1.0,dws_low_0.296,1.0,1.0,off_1.0,20,off_0.0000,0.0,0.0255,0.51
unemployment_CIRCULAR,1.0,dws_low_0.296,1.0,1.0,off_1.0,20,AR_recent_0.0035,0.0035,0.027,0.54
unemployment_CIRCULAR,1.0,dws_low_0.296,1.0,1.0,off_1.0,20,AR_postwar_0.0047,0.0047,0.0275,0.55
unemployment_CIRCULAR,1.0,dws_low_0.296,1.0,1.0,on_1.5,2,off_0.0000,0.0,0.067,0.134
unemployment_CIRCULAR,1.0,dws_low_0.296,1.0,1.0,on_1.5,2,AR_recent_0.0035,0.0035,0.0705,0.141
unemployment_CIRCULAR,1.0,dws_low_0.296,1.0,1.0,on_1.5,2,AR_postwar_0.0047,0.0047,0.0715,0.143
unemployment_CIRCULAR,1.0,dws_low_0.296,1.0,1.0,on_1.5,5,off_0.0000,0.0,0.0485,0.2425
unemployment_CIRCULAR,1.0,dws_low_0.296,1.0,1.0,on_1.5,5,AR_recent_0.0035,0.0035,0.0515,0.2575
unemployment_CIRCULAR,1.0,dws_low_0.296,1.0,1.0,on_1.5,5,AR_postwar_0.0047,0.0047,0.0525,0.2625
unemployment_CIRCULAR,1.0,dws_low_0.296,1.0,1.0,on_1.5,10,off_0.0000,0.0,0.0385,0.385
unemployment_CIRCULAR,1.0,dws_low_0.296,1.0,1.0,on_1.5,10,AR_recent_0.0035,0.0035,0.041,0.41
unemployment_CIRCULAR,1.0,dws_low_0.296,1.0,1.0,on_1.5,10,AR_postwar_0.0047,0.0047,0.042,0.42
unemployment_CIRCULAR,1.0,dws_low_0.296,1.0,1.0,on_1.5,20,off_0.0000,0.0,0.028,0.56
unemployment_CIRCULAR,1.0,dws_low_0.296,1.0,1.0,on_1.5,20,AR_recent_0.0035,0.0035,0.03,0.6
unemployment_CIRCULAR,1.0,dws_low_0.296,1.0,1.0,on_1.5,20,AR_postwar_0.0047,0.0047,0.0305,0.61
unemployment_CIRCULAR,1.0,dws_low_0.296,1.5,0.0,off_1.0,2,off_0.0000,0.0,0.0675,0.135
unemployment_CIRCULAR,1.0,dws_low_0.296,1.5,0.0,off_1.0,2,AR_recent_0.0035,0.0035,0.071,0.142
unemployment_CIRCULAR,1.0,dws_low_0.296,1.5,0.0,off_1.0,2,AR_postwar_0.0047,0.0047,0.072,0.144
unemployment_CIRCULAR,1.0,dws_low_0.296,1.5,0.0,off_1.0,5,off_0.0000,0.0,0.037,0.185
unemployment_CIRCULAR,1.0,dws_low_0.296,1.5,0.0,off_1.0,5,AR_recent_0.0035,0.0035,0.04,0.2
unemployment_CIRCULAR,1.0,dws_low_0.296,1.5,0.0,off_1.0,5,AR_postwar_0.0047,0.0047,0.0415,0.2075
unemployment_CIRCULAR,1.0,dws_low_0.296,1.5,0.0,off_1.0,10,off_0.0000,0.0,0.029,0.29
unemployment_CIRCULAR,1.0,dws_low_0.296,1.5,0.0,off_1.0,10,AR_recent_0.0035,0.0035,0.032,0.32
unemployment_CIRCULAR,1.0,dws_low_0.296,1.5,0.0,off_1.0,10,AR_postwar_0.0047,0.0047,0.033,0.33
unemployment_CIRCULAR,1.0,dws_low_0.296,1.5,0.0,off_1.0,20,off_0.0000,0.0,0.022,0.44
unemployment_CIRCULAR,1.0,dws_low_0.296,1.5,0.0,off_1.0,20,AR_recent_0.0035,0.0035,0.024,0.48
unemployment_CIRCULAR,1.0,dws_low_0.296,1.5,0.0,off_1.0,20,AR_postwar_0.0047,0.0047,0.0245,0.49
unemployment_CIRCULAR,1.0,dws_low_0.296,1.5,0.0,on_1.5,2,off_0.0000,0.0,0.067,0.134
unemployment_CIRCULAR,1.0,dws_low_0.296,1.5,0.0,on_1.5,2,AR_recent_0.0035,0.0035,0.0705,0.141
unemployment_CIRCULAR,1.0,dws_low_0.296,1.5,0.0,on_1.5,2,AR_postwar_0.0047,0.0047,0.072,0.144
unemployment_CIRCULAR,1.0,dws_low_0.296,1.5,0.0,on_1.5,5,off_0.0000,0.0,0.0395,0.1975
unemployment_CIRCULAR,1.0,dws_low_0.296,1.5,0.0,on_1.5,5,AR_recent_0.0035,0.0035,0.0425,0.2125
unemployment_CIRCULAR,1.0,dws_low_0.296,1.5,0.0,on_1.5,5,AR_postwar_0.0047,0.0047,0.0435,0.2175
unemployment_CIRCULAR,1.0,dws_low_0.296,1.5,0.0,on_1.5,10,off_0.0000,0.0,0.0315,0.315
unemployment_CIRCULAR,1.0,dws_low_0.296,1.5,0.0,on_1.5,10,AR_recent_0.0035,0.0035,0.0345,0.345
unemployment_CIRCULAR,1.0,dws_low_0.296,1.5,0.0,on_1.5,10,AR_postwar_0.0047,0.0047,0.035,0.35
unemployment_CIRCULAR,1.0,dws_low_0.296,1.5,0.0,on_1.5,20,off_0.0000,0.0,0.024,0.48
unemployment_CIRCULAR,1.0,dws_low_0.296,1.5,0.0,on_1.5,20,AR_recent_0.0035,0.0035,0.026,0.52
unemployment_CIRCULAR,1.0,dws_low_0.296,1.5,0.0,on_1.5,20,AR_postwar_0.0047,0.0047,0.0265,0.53
unemployment_CIRCULAR,1.0,dws_low_0.296,1.5,0.5,off_1.0,2,off_0.0000,0.0,0.0675,0.135
unemployment_CIRCULAR,1.0,dws_low_0.296,1.5,0.5,off_1.0,2,AR_recent_0.0035,0.0035,0.071,0.142
unemployment_CIRCULAR,1.0,dws_low_0.296,1.5,0.5,off_1.0,2,AR_postwar_0.0047,0.0047,0.072,0.144
unemployment_CIRCULAR,1.0,dws_low_0.296,1.5,0.5,off_1.0,5,off_0.0000,0.0,0.037,0.185
unemployment_CIRCULAR,1.0,dws_low_0.296,1.5,0.5,off_1.0,5,AR_recent_0.0035,0.0035,0.04,0.2
unemployment_CIRCULAR,1.0,dws_low_0.296,1.5,0.5,off_1.0,5,AR_postwar_0.0047,0.0047,0.0415,0.2075
unemployment_CIRCULAR,1.0,dws_low_0.296,1.5,0.5,off_1.0,10,off_0.0000,0.0,0.029,0.29
unemployment_CIRCULAR,1.0,dws_low_0.296,1.5,0.5,off_1.0,10,AR_recent_0.0035,0.0035,0.032,0.32
unemployment_CIRCULAR,1.0,dws_low_0.296,1.5,0.5,off_1.0,10,AR_postwar_0.0047,0.0047,0.033,0.33
unemployment_CIRCULAR,1.0,dws_low_0.296,1.5,0.5,off_1.0,20,off_0.0000,0.0,0.022,0.44
unemployment_CIRCULAR,1.0,dws_low_0.296,1.5,0.5,off_1.0,20,AR_recent_0.0035,0.0035,0.024,0.48
unemployment_CIRCULAR,1.0,dws_low_0.296,1.5,0.5,off_1.0,20,AR_postwar_0.0047,0.0047,0.0245,0.49
unemployment_CIRCULAR,1.0,dws_low_0.296,1.5,0.5,on_1.5,2,off_0.0000,0.0,0.067,0.134
unemployment_CIRCULAR,1.0,dws_low_0.296,1.5,0.5,on_1.5,2,AR_recent_0.0035,0.0035,0.0705,0.141
unemployment_CIRCULAR,1.0,dws_low_0.296,1.5,0.5,on_1.5,2,AR_postwar_0.0047,0.0047,0.072,0.144
unemployment_CIRCULAR,1.0,dws_low_0.296,1.5,0.5,on_1.5,5,off_0.0000,0.0,0.0395,0.1975
unemployment_CIRCULAR,1.0,dws_low_0.296,1.5,0.5,on_1.5,5,AR_recent_0.0035,0.0035,0.0425,0.2125
unemployment_CIRCULAR,1.0,dws_low_0.296,1.5,0.5,on_1.5,5,AR_postwar_0.0047,0.0047,0.0435,0.2175
unemployment_CIRCULAR,1.0,dws_low_0.296,1.5,0.5,on_1.5,10,off_0.0000,0.0,0.0315,0.315
unemployment_CIRCULAR,1.0,dws_low_0.296,1.5,0.5,on_1.5,10,AR_recent_0.0035,0.0035,0.0345,0.345
unemployment_CIRCULAR,1.0,dws_low_0.296,1.5,0.5,on_1.5,10,AR_postwar_0.0047,0.0047,0.035,0.35
unemployment_CIRCULAR,1.0,dws_low_0.296,1.5,0.5,on_1.5,20,off_0.0000,0.0,0.024,0.48
unemployment_CIRCULAR,1.0,dws_low_0.296,1.5,0.5,on_1.5,20,AR_recent_0.0035,0.0035,0.026,0.52
unemployment_CIRCULAR,1.0,dws_low_0.296,1.5,0.5,on_1.5,20,AR_postwar_0.0047,0.0047,0.0265,0.53
unemployment_CIRCULAR,1.0,dws_low_0.296,1.5,1.0,off_1.0,2,off_0.0000,0.0,0.0675,0.135
unemployment_CIRCULAR,1.0,dws_low_0.296,1.5,1.0,off_1.0,2,AR_recent_0.0035,0.0035,0.071,0.142
unemployment_CIRCULAR,1.0,dws_low_0.296,1.5,1.0,off_1.0,2,AR_postwar_0.0047,0.0047,0.072,0.144
unemployment_CIRCULAR,1.0,dws_low_0.296,1.5,1.0,off_1.0,5,off_0.0000,0.0,0.037,0.185
unemployment_CIRCULAR,1.0,dws_low_0.296,1.5,1.0,off_1.0,5,AR_recent_0.0035,0.0035,0.04,0.2
unemployment_CIRCULAR,1.0,dws_low_0.296,1.5,1.0,off_1.0,5,AR_postwar_0.0047,0.0047,0.0415,0.2075
unemployment_CIRCULAR,1.0,dws_low_0.296,1.5,1.0,off_1.0,10,off_0.0000,0.0,0.029,0.29
unemployment_CIRCULAR,1.0,dws_low_0.296,1.5,1.0,off_1.0,10,AR_recent_0.0035,0.0035,0.032,0.32
unemployment_CIRCULAR,1.0,dws_low_0.296,1.5,1.0,off_1.0,10,AR_postwar_0.0047,0.0047,0.033,0.33
unemployment_CIRCULAR,1.0,dws_low_0.296,1.5,1.0,off_1.0,20,off_0.0000,0.0,0.022,0.44
unemployment_CIRCULAR,1.0,dws_low_0.296,1.5,1.0,off_1.0,20,AR_recent_0.0035,0.0035,0.024,0.48
unemployment_CIRCULAR,1.0,dws_low_0.296,1.5,1.0,off_1.0,20,AR_postwar_0.0047,0.0047,0.0245,0.49
unemployment_CIRCULAR,1.0,dws_low_0.296,1.5,1.0,on_1.5,2,off_0.0000,0.0,0.067,0.134
unemployment_CIRCULAR,1.0,dws_low_0.296,1.5,1.0,on_1.5,2,AR_recent_0.0035,0.0035,0.0705,0.141
unemployment_CIRCULAR,1.0,dws_low_0.296,1.5,1.0,on_1.5,2,AR_postwar_0.0047,0.0047,0.072,0.144
unemployment_CIRCULAR,1.0,dws_low_0.296,1.5,1.0,on_1.5,5,off_0.0000,0.0,0.0395,0.1975
unemployment_CIRCULAR,1.0,dws_low_0.296,1.5,1.0,on_1.5,5,AR_recent_0.0035,0.0035,0.0425,0.2125
unemployment_CIRCULAR,1.0,dws_low_0.296,1.5,1.0,on_1.5,5,AR_postwar_0.0047,0.0047,0.0435,0.2175
unemployment_CIRCULAR,1.0,dws_low_0.296,1.5,1.0,on_1.5,10,off_0.0000,0.0,0.0315,0.315
unemployment_CIRCULAR,1.0,dws_low_0.296,1.5,1.0,on_1.5,10,AR_recent_0.0035,0.0035,0.0345,0.345
unemployment_CIRCULAR,1.0,dws_low_0.296,1.5,1.0,on_1.5,10,AR_postwar_0.0047,0.0047,0.035,0.35
unemployment_CIRCULAR,1.0,dws_low_0.296,1.5,1.0,on_1.5,20,off_0.0000,0.0,0.024,0.48
unemployment_CIRCULAR,1.0,dws_low_0.296,1.5,1.0,on_1.5,20,AR_recent_0.0035,0.0035,0.026,0.52
unemployment_CIRCULAR,1.0,dws_low_0.296,1.5,1.0,on_1.5,20,AR_postwar_0.0047,0.0047,0.0265,0.53
unemployment_CIRCULAR,1.0,dws_low_0.296,2.0,0.0,off_1.0,2,off_0.0000,0.0,0.0675,0.135
unemployment_CIRCULAR,1.0,dws_low_0.296,2.0,0.0,off_1.0,2,AR_recent_0.0035,0.0035,0.071,0.142
unemployment_CIRCULAR,1.0,dws_low_0.296,2.0,0.0,off_1.0,2,AR_postwar_0.0047,0.0047,0.072,0.144
unemployment_CIRCULAR,1.0,dws_low_0.296,2.0,0.0,off_1.0,5,off_0.0000,0.0,0.033,0.165
unemployment_CIRCULAR,1.0,dws_low_0.296,2.0,0.0,off_1.0,5,AR_recent_0.0035,0.0035,0.0365,0.1825
unemployment_CIRCULAR,1.0,dws_low_0.296,2.0,0.0,off_1.0,5,AR_postwar_0.0047,0.0047,0.0375,0.1875
unemployment_CIRCULAR,1.0,dws_low_0.296,2.0,0.0,off_1.0,10,off_0.0000,0.0,0.0255,0.255
unemployment_CIRCULAR,1.0,dws_low_0.296,2.0,0.0,off_1.0,10,AR_recent_0.0035,0.0035,0.0285,0.285
unemployment_CIRCULAR,1.0,dws_low_0.296,2.0,0.0,off_1.0,10,AR_postwar_0.0047,0.0047,0.0295,0.295
unemployment_CIRCULAR,1.0,dws_low_0.296,2.0,0.0,off_1.0,20,off_0.0000,0.0,0.0195,0.39
unemployment_CIRCULAR,1.0,dws_low_0.296,2.0,0.0,off_1.0,20,AR_recent_0.0035,0.0035,0.022,0.44
unemployment_CIRCULAR,1.0,dws_low_0.296,2.0,0.0,off_1.0,20,AR_postwar_0.0047,0.0047,0.0225,0.45
unemployment_CIRCULAR,1.0,dws_low_0.296,2.0,0.0,on_1.5,2,off_0.0000,0.0,0.067,0.134
unemployment_CIRCULAR,1.0,dws_low_0.296,2.0,0.0,on_1.5,2,AR_recent_0.0035,0.0035,0.0705,0.141
unemployment_CIRCULAR,1.0,dws_low_0.296,2.0,0.0,on_1.5,2,AR_postwar_0.0047,0.0047,0.072,0.144
unemployment_CIRCULAR,1.0,dws_low_0.296,2.0,0.0,on_1.5,5,off_0.0000,0.0,0.0345,0.1725
unemployment_CIRCULAR,1.0,dws_low_0.296,2.0,0.0,on_1.5,5,AR_recent_0.0035,0.0035,0.038,0.19
unemployment_CIRCULAR,1.0,dws_low_0.296,2.0,0.0,on_1.5,5,AR_postwar_0.0047,0.0047,0.039,0.195
unemployment_CIRCULAR,1.0,dws_low_0.296,2.0,0.0,on_1.5,10,off_0.0000,0.0,0.0275,0.275
unemployment_CIRCULAR,1.0,dws_low_0.296,2.0,0.0,on_1.5,10,AR_recent_0.0035,0.0035,0.03,0.3
unemployment_CIRCULAR,1.0,dws_low_0.296,2.0,0.0,on_1.5,10,AR_postwar_0.0047,0.0047,0.031,0.31
unemployment_CIRCULAR,1.0,dws_low_0.296,2.0,0.0,on_1.5,20,off_0.0000,0.0,0.021,0.42
unemployment_CIRCULAR,1.0,dws_low_0.296,2.0,0.0,on_1.5,20,AR_recent_0.0035,0.0035,0.0235,0.47
unemployment_CIRCULAR,1.0,dws_low_0.296,2.0,0.0,on_1.5,20,AR_postwar_0.0047,0.0047,0.024,0.48
unemployment_CIRCULAR,1.0,dws_low_0.296,2.0,0.5,off_1.0,2,off_0.0000,0.0,0.0675,0.135
unemployment_CIRCULAR,1.0,dws_low_0.296,2.0,0.5,off_1.0,2,AR_recent_0.0035,0.0035,0.071,0.142
unemployment_CIRCULAR,1.0,dws_low_0.296,2.0,0.5,off_1.0,2,AR_postwar_0.0047,0.0047,0.072,0.144
unemployment_CIRCULAR,1.0,dws_low_0.296,2.0,0.5,off_1.0,5,off_0.0000,0.0,0.033,0.165
unemployment_CIRCULAR,1.0,dws_low_0.296,2.0,0.5,off_1.0,5,AR_recent_0.0035,0.0035,0.0365,0.1825
unemployment_CIRCULAR,1.0,dws_low_0.296,2.0,0.5,off_1.0,5,AR_postwar_0.0047,0.0047,0.0375,0.1875
unemployment_CIRCULAR,1.0,dws_low_0.296,2.0,0.5,off_1.0,10,off_0.0000,0.0,0.0255,0.255
unemployment_CIRCULAR,1.0,dws_low_0.296,2.0,0.5,off_1.0,10,AR_recent_0.0035,0.0035,0.0285,0.285
unemployment_CIRCULAR,1.0,dws_low_0.296,2.0,0.5,off_1.0,10,AR_postwar_0.0047,0.0047,0.0295,0.295
unemployment_CIRCULAR,1.0,dws_low_0.296,2.0,0.5,off_1.0,20,off_0.0000,0.0,0.0195,0.39
unemployment_CIRCULAR,1.0,dws_low_0.296,2.0,0.5,off_1.0,20,AR_recent_0.0035,0.0035,0.022,0.44
unemployment_CIRCULAR,1.0,dws_low_0.296,2.0,0.5,off_1.0,20,AR_postwar_0.0047,0.0047,0.0225,0.45
unemployment_CIRCULAR,1.0,dws_low_0.296,2.0,0.5,on_1.5,2,off_0.0000,0.0,0.067,0.134
unemployment_CIRCULAR,1.0,dws_low_0.296,2.0,0.5,on_1.5,2,AR_recent_0.0035,0.0035,0.0705,0.141
unemployment_CIRCULAR,1.0,dws_low_0.296,2.0,0.5,on_1.5,2,AR_postwar_0.0047,0.0047,0.072,0.144
unemployment_CIRCULAR,1.0,dws_low_0.296,2.0,0.5,on_1.5,5,off_0.0000,0.0,0.0345,0.1725
unemployment_CIRCULAR,1.0,dws_low_0.296,2.0,0.5,on_1.5,5,AR_recent_0.0035,0.0035,0.038,0.19
unemployment_CIRCULAR,1.0,dws_low_0.296,2.0,0.5,on_1.5,5,AR_postwar_0.0047,0.0047,0.039,0.195
unemployment_CIRCULAR,1.0,dws_low_0.296,2.0,0.5,on_1.5,10,off_0.0000,0.0,0.0275,0.275
unemployment_CIRCULAR,1.0,dws_low_0.296,2.0,0.5,on_1.5,10,AR_recent_0.0035,0.0035,0.03,0.3
unemployment_CIRCULAR,1.0,dws_low_0.296,2.0,0.5,on_1.5,10,AR_postwar_0.0047,0.0047,0.031,0.31
unemployment_CIRCULAR,1.0,dws_low_0.296,2.0,0.5,on_1.5,20,off_0.0000,0.0,0.021,0.42
unemployment_CIRCULAR,1.0,dws_low_0.296,2.0,0.5,on_1.5,20,AR_recent_0.0035,0.0035,0.0235,0.47
unemployment_CIRCULAR,1.0,dws_low_0.296,2.0,0.5,on_1.5,20,AR_postwar_0.0047,0.0047,0.024,0.48
unemployment_CIRCULAR,1.0,dws_low_0.296,2.0,1.0,off_1.0,2,off_0.0000,0.0,0.0675,0.135
unemployment_CIRCULAR,1.0,dws_low_0.296,2.0,1.0,off_1.0,2,AR_recent_0.0035,0.0035,0.071,0.142
unemployment_CIRCULAR,1.0,dws_low_0.296,2.0,1.0,off_1.0,2,AR_postwar_0.0047,0.0047,0.072,0.144
unemployment_CIRCULAR,1.0,dws_low_0.296,2.0,1.0,off_1.0,5,off_0.0000,0.0,0.033,0.165
unemployment_CIRCULAR,1.0,dws_low_0.296,2.0,1.0,off_1.0,5,AR_recent_0.0035,0.0035,0.0365,0.1825
unemployment_CIRCULAR,1.0,dws_low_0.296,2.0,1.0,off_1.0,5,AR_postwar_0.0047,0.0047,0.0375,0.1875
unemployment_CIRCULAR,1.0,dws_low_0.296,2.0,1.0,off_1.0,10,off_0.0000,0.0,0.0255,0.255
unemployment_CIRCULAR,1.0,dws_low_0.296,2.0,1.0,off_1.0,10,AR_recent_0.0035,0.0035,0.0285,0.285
unemployment_CIRCULAR,1.0,dws_low_0.296,2.0,1.0,off_1.0,10,AR_postwar_0.0047,0.0047,0.0295,0.295
unemployment_CIRCULAR,1.0,dws_low_0.296,2.0,1.0,off_1.0,20,off_0.0000,0.0,0.0195,0.39
unemployment_CIRCULAR,1.0,dws_low_0.296,2.0,1.0,off_1.0,20,AR_recent_0.0035,0.0035,0.022,0.44
unemployment_CIRCULAR,1.0,dws_low_0.296,2.0,1.0,off_1.0,20,AR_postwar_0.0047,0.0047,0.0225,0.45
unemployment_CIRCULAR,1.0,dws_low_0.296,2.0,1.0,on_1.5,2,off_0.0000,0.0,0.067,0.134
unemployment_CIRCULAR,1.0,dws_low_0.296,2.0,1.0,on_1.5,2,AR_recent_0.0035,0.0035,0.0705,0.141
unemployment_CIRCULAR,1.0,dws_low_0.296,2.0,1.0,on_1.5,2,AR_postwar_0.0047,0.0047,0.072,0.144
unemployment_CIRCULAR,1.0,dws_low_0.296,2.0,1.0,on_1.5,5,off_0.0000,0.0,0.0345,0.1725
unemployment_CIRCULAR,1.0,dws_low_0.296,2.0,1.0,on_1.5,5,AR_recent_0.0035,0.0035,0.038,0.19
unemployment_CIRCULAR,1.0,dws_low_0.296,2.0,1.0,on_1.5,5,AR_postwar_0.0047,0.0047,0.039,0.195
unemployment_CIRCULAR,1.0,dws_low_0.296,2.0,1.0,on_1.5,10,off_0.0000,0.0,0.0275,0.275
unemployment_CIRCULAR,1.0,dws_low_0.296,2.0,1.0,on_1.5,10,AR_recent_0.0035,0.0035,0.03,0.3
unemployment_CIRCULAR,1.0,dws_low_0.296,2.0,1.0,on_1.5,10,AR_postwar_0.0047,0.0047,0.031,0.31
unemployment_CIRCULAR,1.0,dws_low_0.296,2.0,1.0,on_1.5,20,off_0.0000,0.0,0.021,0.42
unemployment_CIRCULAR,1.0,dws_low_0.296,2.0,1.0,on_1.5,20,AR_recent_0.0035,0.0035,0.0235,0.47
unemployment_CIRCULAR,1.0,dws_low_0.296,2.0,1.0,on_1.5,20,AR_postwar_0.0047,0.0047,0.024,0.48
unemployment_CIRCULAR,1.0,dws_high_0.643,1.0,0.0,off_1.0,2,off_0.0000,0.0,0.0665,0.133
unemployment_CIRCULAR,1.0,dws_high_0.643,1.0,0.0,off_1.0,2,AR_recent_0.0035,0.0035,0.07,0.14
unemployment_CIRCULAR,1.0,dws_high_0.643,1.0,0.0,off_1.0,2,AR_postwar_0.0047,0.0047,0.0715,0.143
unemployment_CIRCULAR,1.0,dws_high_0.643,1.0,0.0,off_1.0,5,off_0.0000,0.0,0.061,0.305
unemployment_CIRCULAR,1.0,dws_high_0.643,1.0,0.0,off_1.0,5,AR_recent_0.0035,0.0035,0.0635,0.3175
unemployment_CIRCULAR,1.0,dws_high_0.643,1.0,0.0,off_1.0,5,AR_postwar_0.0047,0.0047,0.0645,0.3225
unemployment_CIRCULAR,1.0,dws_high_0.643,1.0,0.0,off_1.0,10,off_0.0000,0.0,0.0475,0.475
unemployment_CIRCULAR,1.0,dws_high_0.643,1.0,0.0,off_1.0,10,AR_recent_0.0035,0.0035,0.0495,0.495
unemployment_CIRCULAR,1.0,dws_high_0.643,1.0,0.0,off_1.0,10,AR_postwar_0.0047,0.0047,0.0505,0.505
unemployment_CIRCULAR,1.0,dws_high_0.643,1.0,0.0,off_1.0,20,off_0.0000,0.0,0.034,0.68
unemployment_CIRCULAR,1.0,dws_high_0.643,1.0,0.0,off_1.0,20,AR_recent_0.0035,0.0035,0.0355,0.71
unemployment_CIRCULAR,1.0,dws_high_0.643,1.0,0.0,off_1.0,20,AR_postwar_0.0047,0.0047,0.036,0.72
unemployment_CIRCULAR,1.0,dws_high_0.643,1.0,0.0,on_1.5,2,off_0.0000,0.0,0.0665,0.133
unemployment_CIRCULAR,1.0,dws_high_0.643,1.0,0.0,on_1.5,2,AR_recent_0.0035,0.0035,0.07,0.14
unemployment_CIRCULAR,1.0,dws_high_0.643,1.0,0.0,on_1.5,2,AR_postwar_0.0047,0.0047,0.071,0.142
unemployment_CIRCULAR,1.0,dws_high_0.643,1.0,0.0,on_1.5,5,off_0.0000,0.0,0.0665,0.3325
unemployment_CIRCULAR,1.0,dws_high_0.643,1.0,0.0,on_1.5,5,AR_recent_0.0035,0.0035,0.07,0.35
unemployment_CIRCULAR,1.0,dws_high_0.643,1.0,0.0,on_1.5,5,AR_postwar_0.0047,0.0047,0.071,0.355
unemployment_CIRCULAR,1.0,dws_high_0.643,1.0,0.0,on_1.5,10,off_0.0000,0.0,0.055,0.55
unemployment_CIRCULAR,1.0,dws_high_0.643,1.0,0.0,on_1.5,10,AR_recent_0.0035,0.0035,0.057,0.57
unemployment_CIRCULAR,1.0,dws_high_0.643,1.0,0.0,on_1.5,10,AR_postwar_0.0047,0.0047,0.058,0.58
unemployment_CIRCULAR,1.0,dws_high_0.643,1.0,0.0,on_1.5,20,off_0.0000,0.0,0.0405,0.81
unemployment_CIRCULAR,1.0,dws_high_0.643,1.0,0.0,on_1.5,20,AR_recent_0.0035,0.0035,0.042,0.84
unemployment_CIRCULAR,1.0,dws_high_0.643,1.0,0.0,on_1.5,20,AR_postwar_0.0047,0.0047,0.0425,0.85
unemployment_CIRCULAR,1.0,dws_high_0.643,1.0,0.5,off_1.0,2,off_0.0000,0.0,0.0665,0.133
unemployment_CIRCULAR,1.0,dws_high_0.643,1.0,0.5,off_1.0,2,AR_recent_0.0035,0.0035,0.07,0.14
unemployment_CIRCULAR,1.0,dws_high_0.643,1.0,0.5,off_1.0,2,AR_postwar_0.0047,0.0047,0.0715,0.143
unemployment_CIRCULAR,1.0,dws_high_0.643,1.0,0.5,off_1.0,5,off_0.0000,0.0,0.061,0.305
unemployment_CIRCULAR,1.0,dws_high_0.643,1.0,0.5,off_1.0,5,AR_recent_0.0035,0.0035,0.0635,0.3175
unemployment_CIRCULAR,1.0,dws_high_0.643,1.0,0.5,off_1.0,5,AR_postwar_0.0047,0.0047,0.0645,0.3225
unemployment_CIRCULAR,1.0,dws_high_0.643,1.0,0.5,off_1.0,10,off_0.0000,0.0,0.0475,0.475
unemployment_CIRCULAR,1.0,dws_high_0.643,1.0,0.5,off_1.0,10,AR_recent_0.0035,0.0035,0.0495,0.495
unemployment_CIRCULAR,1.0,dws_high_0.643,1.0,0.5,off_1.0,10,AR_postwar_0.0047,0.0047,0.0505,0.505
unemployment_CIRCULAR,1.0,dws_high_0.643,1.0,0.5,off_1.0,20,off_0.0000,0.0,0.034,0.68
unemployment_CIRCULAR,1.0,dws_high_0.643,1.0,0.5,off_1.0,20,AR_recent_0.0035,0.0035,0.0355,0.71
unemployment_CIRCULAR,1.0,dws_high_0.643,1.0,0.5,off_1.0,20,AR_postwar_0.0047,0.0047,0.036,0.72
unemployment_CIRCULAR,1.0,dws_high_0.643,1.0,0.5,on_1.5,2,off_0.0000,0.0,0.0665,0.133
unemployment_CIRCULAR,1.0,dws_high_0.643,1.0,0.5,on_1.5,2,AR_recent_0.0035,0.0035,0.07,0.14
unemployment_CIRCULAR,1.0,dws_high_0.643,1.0,0.5,on_1.5,2,AR_postwar_0.0047,0.0047,0.071,0.142
unemployment_CIRCULAR,1.0,dws_high_0.643,1.0,0.5,on_1.5,5,off_0.0000,0.0,0.0665,0.3325
unemployment_CIRCULAR,1.0,dws_high_0.643,1.0,0.5,on_1.5,5,AR_recent_0.0035,0.0035,0.07,0.35
unemployment_CIRCULAR,1.0,dws_high_0.643,1.0,0.5,on_1.5,5,AR_postwar_0.0047,0.0047,0.071,0.355
unemployment_CIRCULAR,1.0,dws_high_0.643,1.0,0.5,on_1.5,10,off_0.0000,0.0,0.055,0.55
unemployment_CIRCULAR,1.0,dws_high_0.643,1.0,0.5,on_1.5,10,AR_recent_0.0035,0.0035,0.057,0.57
unemployment_CIRCULAR,1.0,dws_high_0.643,1.0,0.5,on_1.5,10,AR_postwar_0.0047,0.0047,0.058,0.58
unemployment_CIRCULAR,1.0,dws_high_0.643,1.0,0.5,on_1.5,20,off_0.0000,0.0,0.0405,0.81
unemployment_CIRCULAR,1.0,dws_high_0.643,1.0,0.5,on_1.5,20,AR_recent_0.0035,0.0035,0.042,0.84
unemployment_CIRCULAR,1.0,dws_high_0.643,1.0,0.5,on_1.5,20,AR_postwar_0.0047,0.0047,0.0425,0.85
unemployment_CIRCULAR,1.0,dws_high_0.643,1.0,1.0,off_1.0,2,off_0.0000,0.0,0.0665,0.133
unemployment_CIRCULAR,1.0,dws_high_0.643,1.0,1.0,off_1.0,2,AR_recent_0.0035,0.0035,0.07,0.14
unemployment_CIRCULAR,1.0,dws_high_0.643,1.0,1.0,off_1.0,2,AR_postwar_0.0047,0.0047,0.0715,0.143
unemployment_CIRCULAR,1.0,dws_high_0.643,1.0,1.0,off_1.0,5,off_0.0000,0.0,0.061,0.305
unemployment_CIRCULAR,1.0,dws_high_0.643,1.0,1.0,off_1.0,5,AR_recent_0.0035,0.0035,0.0635,0.3175
unemployment_CIRCULAR,1.0,dws_high_0.643,1.0,1.0,off_1.0,5,AR_postwar_0.0047,0.0047,0.0645,0.3225
unemployment_CIRCULAR,1.0,dws_high_0.643,1.0,1.0,off_1.0,10,off_0.0000,0.0,0.0475,0.475
unemployment_CIRCULAR,1.0,dws_high_0.643,1.0,1.0,off_1.0,10,AR_recent_0.0035,0.0035,0.0495,0.495
unemployment_CIRCULAR,1.0,dws_high_0.643,1.0,1.0,off_1.0,10,AR_postwar_0.0047,0.0047,0.0505,0.505
unemployment_CIRCULAR,1.0,dws_high_0.643,1.0,1.0,off_1.0,20,off_0.0000,0.0,0.034,0.68
unemployment_CIRCULAR,1.0,dws_high_0.643,1.0,1.0,off_1.0,20,AR_recent_0.0035,0.0035,0.0355,0.71
unemployment_CIRCULAR,1.0,dws_high_0.643,1.0,1.0,off_1.0,20,AR_postwar_0.0047,0.0047,0.036,0.72
unemployment_CIRCULAR,1.0,dws_high_0.643,1.0,1.0,on_1.5,2,off_0.0000,0.0,0.0665,0.133
unemployment_CIRCULAR,1.0,dws_high_0.643,1.0,1.0,on_1.5,2,AR_recent_0.0035,0.0035,0.07,0.14
unemployment_CIRCULAR,1.0,dws_high_0.643,1.0,1.0,on_1.5,2,AR_postwar_0.0047,0.0047,0.071,0.142
unemployment_CIRCULAR,1.0,dws_high_0.643,1.0,1.0,on_1.5,5,off_0.0000,0.0,0.0665,0.3325
unemployment_CIRCULAR,1.0,dws_high_0.643,1.0,1.0,on_1.5,5,AR_recent_0.0035,0.0035,0.07,0.35
unemployment_CIRCULAR,1.0,dws_high_0.643,1.0,1.0,on_1.5,5,AR_postwar_0.0047,0.0047,0.071,0.355
unemployment_CIRCULAR,1.0,dws_high_0.643,1.0,1.0,on_1.5,10,off_0.0000,0.0,0.055,0.55
unemployment_CIRCULAR,1.0,dws_high_0.643,1.0,1.0,on_1.5,10,AR_recent_0.0035,0.0035,0.057,0.57
unemployment_CIRCULAR,1.0,dws_high_0.643,1.0,1.0,on_1.5,10,AR_postwar_0.0047,0.0047,0.058,0.58
unemployment_CIRCULAR,1.0,dws_high_0.643,1.0,1.0,on_1.5,20,off_0.0000,0.0,0.0405,0.81
unemployment_CIRCULAR,1.0,dws_high_0.643,1.0,1.0,on_1.5,20,AR_recent_0.0035,0.0035,0.042,0.84
unemployment_CIRCULAR,1.0,dws_high_0.643,1.0,1.0,on_1.5,20,AR_postwar_0.0047,0.0047,0.0425,0.85
unemployment_CIRCULAR,1.0,dws_high_0.643,1.5,0.0,off_1.0,2,off_0.0000,0.0,0.067,0.134
unemployment_CIRCULAR,1.0,dws_high_0.643,1.5,0.0,off_1.0,2,AR_recent_0.0035,0.0035,0.0705,0.141
unemployment_CIRCULAR,1.0,dws_high_0.643,1.5,0.0,off_1.0,2,AR_postwar_0.0047,0.0047,0.0715,0.143
unemployment_CIRCULAR,1.0,dws_high_0.643,1.5,0.0,off_1.0,5,off_0.0000,0.0,0.0495,0.2475
unemployment_CIRCULAR,1.0,dws_high_0.643,1.5,0.0,off_1.0,5,AR_recent_0.0035,0.0035,0.0525,0.2625
unemployment_CIRCULAR,1.0,dws_high_0.643,1.5,0.0,off_1.0,5,AR_postwar_0.0047,0.0047,0.0535,0.2675
unemployment_CIRCULAR,1.0,dws_high_0.643,1.5,0.0,off_1.0,10,off_0.0000,0.0,0.0395,0.395
unemployment_CIRCULAR,1.0,dws_high_0.643,1.5,0.0,off_1.0,10,AR_recent_0.0035,0.0035,0.042,0.42
unemployment_CIRCULAR,1.0,dws_high_0.643,1.5,0.0,off_1.0,10,AR_postwar_0.0047,0.0047,0.043,0.43
unemployment_CIRCULAR,1.0,dws_high_0.643,1.5,0.0,off_1.0,20,off_0.0000,0.0,0.029,0.58
unemployment_CIRCULAR,1.0,dws_high_0.643,1.5,0.0,off_1.0,20,AR_recent_0.0035,0.0035,0.0305,0.61
unemployment_CIRCULAR,1.0,dws_high_0.643,1.5,0.0,off_1.0,20,AR_postwar_0.0047,0.0047,0.0315,0.63
unemployment_CIRCULAR,1.0,dws_high_0.643,1.5,0.0,on_1.5,2,off_0.0000,0.0,0.0665,0.133
unemployment_CIRCULAR,1.0,dws_high_0.643,1.5,0.0,on_1.5,2,AR_recent_0.0035,0.0035,0.07,0.14
unemployment_CIRCULAR,1.0,dws_high_0.643,1.5,0.0,on_1.5,2,AR_postwar_0.0047,0.0047,0.0715,0.143
unemployment_CIRCULAR,1.0,dws_high_0.643,1.5,0.0,on_1.5,5,off_0.0000,0.0,0.0555,0.2775
unemployment_CIRCULAR,1.0,dws_high_0.643,1.5,0.0,on_1.5,5,AR_recent_0.0035,0.0035,0.0585,0.2925
unemployment_CIRCULAR,1.0,dws_high_0.643,1.5,0.0,on_1.5,5,AR_postwar_0.0047,0.0047,0.0595,0.2975
unemployment_CIRCULAR,1.0,dws_high_0.643,1.5,0.0,on_1.5,10,off_0.0000,0.0,0.045,0.45
unemployment_CIRCULAR,1.0,dws_high_0.643,1.5,0.0,on_1.5,10,AR_recent_0.0035,0.0035,0.0475,0.475
unemployment_CIRCULAR,1.0,dws_high_0.643,1.5,0.0,on_1.5,10,AR_postwar_0.0047,0.0047,0.0485,0.485
unemployment_CIRCULAR,1.0,dws_high_0.643,1.5,0.0,on_1.5,20,off_0.0000,0.0,0.034,0.68
unemployment_CIRCULAR,1.0,dws_high_0.643,1.5,0.0,on_1.5,20,AR_recent_0.0035,0.0035,0.0355,0.71
unemployment_CIRCULAR,1.0,dws_high_0.643,1.5,0.0,on_1.5,20,AR_postwar_0.0047,0.0047,0.036,0.72
unemployment_CIRCULAR,1.0,dws_high_0.643,1.5,0.5,off_1.0,2,off_0.0000,0.0,0.067,0.134
unemployment_CIRCULAR,1.0,dws_high_0.643,1.5,0.5,off_1.0,2,AR_recent_0.0035,0.0035,0.0705,0.141
unemployment_CIRCULAR,1.0,dws_high_0.643,1.5,0.5,off_1.0,2,AR_postwar_0.0047,0.0047,0.0715,0.143
unemployment_CIRCULAR,1.0,dws_high_0.643,1.5,0.5,off_1.0,5,off_0.0000,0.0,0.0495,0.2475
unemployment_CIRCULAR,1.0,dws_high_0.643,1.5,0.5,off_1.0,5,AR_recent_0.0035,0.0035,0.0525,0.2625
unemployment_CIRCULAR,1.0,dws_high_0.643,1.5,0.5,off_1.0,5,AR_postwar_0.0047,0.0047,0.0535,0.2675
unemployment_CIRCULAR,1.0,dws_high_0.643,1.5,0.5,off_1.0,10,off_0.0000,0.0,0.0395,0.395
unemployment_CIRCULAR,1.0,dws_high_0.643,1.5,0.5,off_1.0,10,AR_recent_0.0035,0.0035,0.042,0.42
unemployment_CIRCULAR,1.0,dws_high_0.643,1.5,0.5,off_1.0,10,AR_postwar_0.0047,0.0047,0.043,0.43
unemployment_CIRCULAR,1.0,dws_high_0.643,1.5,0.5,off_1.0,20,off_0.0000,0.0,0.029,0.58
unemployment_CIRCULAR,1.0,dws_high_0.643,1.5,0.5,off_1.0,20,AR_recent_0.0035,0.0035,0.0305,0.61
unemployment_CIRCULAR,1.0,dws_high_0.643,1.5,0.5,off_1.0,20,AR_postwar_0.0047,0.0047,0.0315,0.63
unemployment_CIRCULAR,1.0,dws_high_0.643,1.5,0.5,on_1.5,2,off_0.0000,0.0,0.0665,0.133
unemployment_CIRCULAR,1.0,dws_high_0.643,1.5,0.5,on_1.5,2,AR_recent_0.0035,0.0035,0.07,0.14
unemployment_CIRCULAR,1.0,dws_high_0.643,1.5,0.5,on_1.5,2,AR_postwar_0.0047,0.0047,0.0715,0.143
unemployment_CIRCULAR,1.0,dws_high_0.643,1.5,0.5,on_1.5,5,off_0.0000,0.0,0.0555,0.2775
unemployment_CIRCULAR,1.0,dws_high_0.643,1.5,0.5,on_1.5,5,AR_recent_0.0035,0.0035,0.0585,0.2925
unemployment_CIRCULAR,1.0,dws_high_0.643,1.5,0.5,on_1.5,5,AR_postwar_0.0047,0.0047,0.0595,0.2975
unemployment_CIRCULAR,1.0,dws_high_0.643,1.5,0.5,on_1.5,10,off_0.0000,0.0,0.045,0.45
unemployment_CIRCULAR,1.0,dws_high_0.643,1.5,0.5,on_1.5,10,AR_recent_0.0035,0.0035,0.0475,0.475
unemployment_CIRCULAR,1.0,dws_high_0.643,1.5,0.5,on_1.5,10,AR_postwar_0.0047,0.0047,0.0485,0.485
unemployment_CIRCULAR,1.0,dws_high_0.643,1.5,0.5,on_1.5,20,off_0.0000,0.0,0.034,0.68
unemployment_CIRCULAR,1.0,dws_high_0.643,1.5,0.5,on_1.5,20,AR_recent_0.0035,0.0035,0.0355,0.71
unemployment_CIRCULAR,1.0,dws_high_0.643,1.5,0.5,on_1.5,20,AR_postwar_0.0047,0.0047,0.036,0.72
unemployment_CIRCULAR,1.0,dws_high_0.643,1.5,1.0,off_1.0,2,off_0.0000,0.0,0.067,0.134
unemployment_CIRCULAR,1.0,dws_high_0.643,1.5,1.0,off_1.0,2,AR_recent_0.0035,0.0035,0.0705,0.141
unemployment_CIRCULAR,1.0,dws_high_0.643,1.5,1.0,off_1.0,2,AR_postwar_0.0047,0.0047,0.0715,0.143
unemployment_CIRCULAR,1.0,dws_high_0.643,1.5,1.0,off_1.0,5,off_0.0000,0.0,0.0495,0.2475
unemployment_CIRCULAR,1.0,dws_high_0.643,1.5,1.0,off_1.0,5,AR_recent_0.0035,0.0035,0.0525,0.2625
unemployment_CIRCULAR,1.0,dws_high_0.643,1.5,1.0,off_1.0,5,AR_postwar_0.0047,0.0047,0.0535,0.2675
unemployment_CIRCULAR,1.0,dws_high_0.643,1.5,1.0,off_1.0,10,off_0.0000,0.0,0.0395,0.395
unemployment_CIRCULAR,1.0,dws_high_0.643,1.5,1.0,off_1.0,10,AR_recent_0.0035,0.0035,0.042,0.42
unemployment_CIRCULAR,1.0,dws_high_0.643,1.5,1.0,off_1.0,10,AR_postwar_0.0047,0.0047,0.043,0.43
unemployment_CIRCULAR,1.0,dws_high_0.643,1.5,1.0,off_1.0,20,off_0.0000,0.0,0.029,0.58
unemployment_CIRCULAR,1.0,dws_high_0.643,1.5,1.0,off_1.0,20,AR_recent_0.0035,0.0035,0.0305,0.61
unemployment_CIRCULAR,1.0,dws_high_0.643,1.5,1.0,off_1.0,20,AR_postwar_0.0047,0.0047,0.0315,0.63
unemployment_CIRCULAR,1.0,dws_high_0.643,1.5,1.0,on_1.5,2,off_0.0000,0.0,0.0665,0.133
unemployment_CIRCULAR,1.0,dws_high_0.643,1.5,1.0,on_1.5,2,AR_recent_0.0035,0.0035,0.07,0.14
unemployment_CIRCULAR,1.0,dws_high_0.643,1.5,1.0,on_1.5,2,AR_postwar_0.0047,0.0047,0.0715,0.143
unemployment_CIRCULAR,1.0,dws_high_0.643,1.5,1.0,on_1.5,5,off_0.0000,0.0,0.0555,0.2775
unemployment_CIRCULAR,1.0,dws_high_0.643,1.5,1.0,on_1.5,5,AR_recent_0.0035,0.0035,0.0585,0.2925
unemployment_CIRCULAR,1.0,dws_high_0.643,1.5,1.0,on_1.5,5,AR_postwar_0.0047,0.0047,0.0595,0.2975
unemployment_CIRCULAR,1.0,dws_high_0.643,1.5,1.0,on_1.5,10,off_0.0000,0.0,0.045,0.45
unemployment_CIRCULAR,1.0,dws_high_0.643,1.5,1.0,on_1.5,10,AR_recent_0.0035,0.0035,0.0475,0.475
unemployment_CIRCULAR,1.0,dws_high_0.643,1.5,1.0,on_1.5,10,AR_postwar_0.0047,0.0047,0.0485,0.485
unemployment_CIRCULAR,1.0,dws_high_0.643,1.5,1.0,on_1.5,20,off_0.0000,0.0,0.034,0.68
unemployment_CIRCULAR,1.0,dws_high_0.643,1.5,1.0,on_1.5,20,AR_recent_0.0035,0.0035,0.0355,0.71
unemployment_CIRCULAR,1.0,dws_high_0.643,1.5,1.0,on_1.5,20,AR_postwar_0.0047,0.0047,0.036,0.72
unemployment_CIRCULAR,1.0,dws_high_0.643,2.0,0.0,off_1.0,2,off_0.0000,0.0,0.067,0.134
unemployment_CIRCULAR,1.0,dws_high_0.643,2.0,0.0,off_1.0,2,AR_recent_0.0035,0.0035,0.0705,0.141
unemployment_CIRCULAR,1.0,dws_high_0.643,2.0,0.0,off_1.0,2,AR_postwar_0.0047,0.0047,0.072,0.144
unemployment_CIRCULAR,1.0,dws_high_0.643,2.0,0.0,off_1.0,5,off_0.0000,0.0,0.0425,0.2125
unemployment_CIRCULAR,1.0,dws_high_0.643,2.0,0.0,off_1.0,5,AR_recent_0.0035,0.0035,0.046,0.23
unemployment_CIRCULAR,1.0,dws_high_0.643,2.0,0.0,off_1.0,5,AR_postwar_0.0047,0.0047,0.047,0.235
unemployment_CIRCULAR,1.0,dws_high_0.643,2.0,0.0,off_1.0,10,off_0.0000,0.0,0.0345,0.345
unemployment_CIRCULAR,1.0,dws_high_0.643,2.0,0.0,off_1.0,10,AR_recent_0.0035,0.0035,0.037,0.37
unemployment_CIRCULAR,1.0,dws_high_0.643,2.0,0.0,off_1.0,10,AR_postwar_0.0047,0.0047,0.038,0.38
unemployment_CIRCULAR,1.0,dws_high_0.643,2.0,0.0,off_1.0,20,off_0.0000,0.0,0.026,0.52
unemployment_CIRCULAR,1.0,dws_high_0.643,2.0,0.0,off_1.0,20,AR_recent_0.0035,0.0035,0.028,0.56
unemployment_CIRCULAR,1.0,dws_high_0.643,2.0,0.0,off_1.0,20,AR_postwar_0.0047,0.0047,0.0285,0.57
unemployment_CIRCULAR,1.0,dws_high_0.643,2.0,0.0,on_1.5,2,off_0.0000,0.0,0.067,0.134
unemployment_CIRCULAR,1.0,dws_high_0.643,2.0,0.0,on_1.5,2,AR_recent_0.0035,0.0035,0.0705,0.141
unemployment_CIRCULAR,1.0,dws_high_0.643,2.0,0.0,on_1.5,2,AR_postwar_0.0047,0.0047,0.0715,0.143
unemployment_CIRCULAR,1.0,dws_high_0.643,2.0,0.0,on_1.5,5,off_0.0000,0.0,0.047,0.235
unemployment_CIRCULAR,1.0,dws_high_0.643,2.0,0.0,on_1.5,5,AR_recent_0.0035,0.0035,0.0505,0.2525
unemployment_CIRCULAR,1.0,dws_high_0.643,2.0,0.0,on_1.5,5,AR_postwar_0.0047,0.0047,0.0515,0.2575
unemployment_CIRCULAR,1.0,dws_high_0.643,2.0,0.0,on_1.5,10,off_0.0000,0.0,0.039,0.39
unemployment_CIRCULAR,1.0,dws_high_0.643,2.0,0.0,on_1.5,10,AR_recent_0.0035,0.0035,0.0415,0.415
unemployment_CIRCULAR,1.0,dws_high_0.643,2.0,0.0,on_1.5,10,AR_postwar_0.0047,0.0047,0.0425,0.425
unemployment_CIRCULAR,1.0,dws_high_0.643,2.0,0.0,on_1.5,20,off_0.0000,0.0,0.0295,0.59
unemployment_CIRCULAR,1.0,dws_high_0.643,2.0,0.0,on_1.5,20,AR_recent_0.0035,0.0035,0.0315,0.63
unemployment_CIRCULAR,1.0,dws_high_0.643,2.0,0.0,on_1.5,20,AR_postwar_0.0047,0.0047,0.032,0.64
unemployment_CIRCULAR,1.0,dws_high_0.643,2.0,0.5,off_1.0,2,off_0.0000,0.0,0.067,0.134
unemployment_CIRCULAR,1.0,dws_high_0.643,2.0,0.5,off_1.0,2,AR_recent_0.0035,0.0035,0.0705,0.141
unemployment_CIRCULAR,1.0,dws_high_0.643,2.0,0.5,off_1.0,2,AR_postwar_0.0047,0.0047,0.072,0.144
unemployment_CIRCULAR,1.0,dws_high_0.643,2.0,0.5,off_1.0,5,off_0.0000,0.0,0.0425,0.2125
unemployment_CIRCULAR,1.0,dws_high_0.643,2.0,0.5,off_1.0,5,AR_recent_0.0035,0.0035,0.046,0.23
unemployment_CIRCULAR,1.0,dws_high_0.643,2.0,0.5,off_1.0,5,AR_postwar_0.0047,0.0047,0.047,0.235
unemployment_CIRCULAR,1.0,dws_high_0.643,2.0,0.5,off_1.0,10,off_0.0000,0.0,0.0345,0.345
unemployment_CIRCULAR,1.0,dws_high_0.643,2.0,0.5,off_1.0,10,AR_recent_0.0035,0.0035,0.037,0.37
unemployment_CIRCULAR,1.0,dws_high_0.643,2.0,0.5,off_1.0,10,AR_postwar_0.0047,0.0047,0.038,0.38
unemployment_CIRCULAR,1.0,dws_high_0.643,2.0,0.5,off_1.0,20,off_0.0000,0.0,0.026,0.52
unemployment_CIRCULAR,1.0,dws_high_0.643,2.0,0.5,off_1.0,20,AR_recent_0.0035,0.0035,0.028,0.56
unemployment_CIRCULAR,1.0,dws_high_0.643,2.0,0.5,off_1.0,20,AR_postwar_0.0047,0.0047,0.0285,0.57
unemployment_CIRCULAR,1.0,dws_high_0.643,2.0,0.5,on_1.5,2,off_0.0000,0.0,0.067,0.134
unemployment_CIRCULAR,1.0,dws_high_0.643,2.0,0.5,on_1.5,2,AR_recent_0.0035,0.0035,0.0705,0.141
unemployment_CIRCULAR,1.0,dws_high_0.643,2.0,0.5,on_1.5,2,AR_postwar_0.0047,0.0047,0.0715,0.143
unemployment_CIRCULAR,1.0,dws_high_0.643,2.0,0.5,on_1.5,5,off_0.0000,0.0,0.047,0.235
unemployment_CIRCULAR,1.0,dws_high_0.643,2.0,0.5,on_1.5,5,AR_recent_0.0035,0.0035,0.0505,0.2525
unemployment_CIRCULAR,1.0,dws_high_0.643,2.0,0.5,on_1.5,5,AR_postwar_0.0047,0.0047,0.0515,0.2575
unemployment_CIRCULAR,1.0,dws_high_0.643,2.0,0.5,on_1.5,10,off_0.0000,0.0,0.039,0.39
unemployment_CIRCULAR,1.0,dws_high_0.643,2.0,0.5,on_1.5,10,AR_recent_0.0035,0.0035,0.0415,0.415
unemployment_CIRCULAR,1.0,dws_high_0.643,2.0,0.5,on_1.5,10,AR_postwar_0.0047,0.0047,0.0425,0.425
unemployment_CIRCULAR,1.0,dws_high_0.643,2.0,0.5,on_1.5,20,off_0.0000,0.0,0.0295,0.59
unemployment_CIRCULAR,1.0,dws_high_0.643,2.0,0.5,on_1.5,20,AR_recent_0.0035,0.0035,0.0315,0.63
unemployment_CIRCULAR,1.0,dws_high_0.643,2.0,0.5,on_1.5,20,AR_postwar_0.0047,0.0047,0.032,0.64
unemployment_CIRCULAR,1.0,dws_high_0.643,2.0,1.0,off_1.0,2,off_0.0000,0.0,0.067,0.134
unemployment_CIRCULAR,1.0,dws_high_0.643,2.0,1.0,off_1.0,2,AR_recent_0.0035,0.0035,0.0705,0.141
unemployment_CIRCULAR,1.0,dws_high_0.643,2.0,1.0,off_1.0,2,AR_postwar_0.0047,0.0047,0.072,0.144
unemployment_CIRCULAR,1.0,dws_high_0.643,2.0,1.0,off_1.0,5,off_0.0000,0.0,0.0425,0.2125
unemployment_CIRCULAR,1.0,dws_high_0.643,2.0,1.0,off_1.0,5,AR_recent_0.0035,0.0035,0.046,0.23
unemployment_CIRCULAR,1.0,dws_high_0.643,2.0,1.0,off_1.0,5,AR_postwar_0.0047,0.0047,0.047,0.235
unemployment_CIRCULAR,1.0,dws_high_0.643,2.0,1.0,off_1.0,10,off_0.0000,0.0,0.0345,0.345
unemployment_CIRCULAR,1.0,dws_high_0.643,2.0,1.0,off_1.0,10,AR_recent_0.0035,0.0035,0.037,0.37
unemployment_CIRCULAR,1.0,dws_high_0.643,2.0,1.0,off_1.0,10,AR_postwar_0.0047,0.0047,0.038,0.38
unemployment_CIRCULAR,1.0,dws_high_0.643,2.0,1.0,off_1.0,20,off_0.0000,0.0,0.026,0.52
unemployment_CIRCULAR,1.0,dws_high_0.643,2.0,1.0,off_1.0,20,AR_recent_0.0035,0.0035,0.028,0.56
unemployment_CIRCULAR,1.0,dws_high_0.643,2.0,1.0,off_1.0,20,AR_postwar_0.0047,0.0047,0.0285,0.57
unemployment_CIRCULAR,1.0,dws_high_0.643,2.0,1.0,on_1.5,2,off_0.0000,0.0,0.067,0.134
unemployment_CIRCULAR,1.0,dws_high_0.643,2.0,1.0,on_1.5,2,AR_recent_0.0035,0.0035,0.0705,0.141
unemployment_CIRCULAR,1.0,dws_high_0.643,2.0,1.0,on_1.5,2,AR_postwar_0.0047,0.0047,0.0715,0.143
unemployment_CIRCULAR,1.0,dws_high_0.643,2.0,1.0,on_1.5,5,off_0.0000,0.0,0.047,0.235
unemployment_CIRCULAR,1.0,dws_high_0.643,2.0,1.0,on_1.5,5,AR_recent_0.0035,0.0035,0.0505,0.2525
unemployment_CIRCULAR,1.0,dws_high_0.643,2.0,1.0,on_1.5,5,AR_postwar_0.0047,0.0047,0.0515,0.2575
unemployment_CIRCULAR,1.0,dws_high_0.643,2.0,1.0,on_1.5,10,off_0.0000,0.0,0.039,0.39
unemployment_CIRCULAR,1.0,dws_high_0.643,2.0,1.0,on_1.5,10,AR_recent_0.0035,0.0035,0.0415,0.415
unemployment_CIRCULAR,1.0,dws_high_0.643,2.0,1.0,on_1.5,10,AR_postwar_0.0047,0.0047,0.0425,0.425
unemployment_CIRCULAR,1.0,dws_high_0.643,2.0,1.0,on_1.5,20,off_0.0000,0.0,0.0295,0.59
unemployment_CIRCULAR,1.0,dws_high_0.643,2.0,1.0,on_1.5,20,AR_recent_0.0035,0.0035,0.0315,0.63
unemployment_CIRCULAR,1.0,dws_high_0.643,2.0,1.0,on_1.5,20,AR_postwar_0.0047,0.0047,0.032,0.64
unemployment_CIRCULAR,1.0,AR_long_run_0.75,1.0,0.0,off_1.0,2,off_0.0000,0.0,0.0665,0.133
unemployment_CIRCULAR,1.0,AR_long_run_0.75,1.0,0.0,off_1.0,2,AR_recent_0.0035,0.0035,0.07,0.14
unemployment_CIRCULAR,1.0,AR_long_run_0.75,1.0,0.0,off_1.0,2,AR_postwar_0.0047,0.0047,0.0715,0.143
unemployment_CIRCULAR,1.0,AR_long_run_0.75,1.0,0.0,off_1.0,5,off_0.0000,0.0,0.0665,0.3325
unemployment_CIRCULAR,1.0,AR_long_run_0.75,1.0,0.0,off_1.0,5,AR_recent_0.0035,0.0035,0.0695,0.3475
unemployment_CIRCULAR,1.0,AR_long_run_0.75,1.0,0.0,off_1.0,5,AR_postwar_0.0047,0.0047,0.0705,0.3525
unemployment_CIRCULAR,1.0,AR_long_run_0.75,1.0,0.0,off_1.0,10,off_0.0000,0.0,0.0515,0.515
unemployment_CIRCULAR,1.0,AR_long_run_0.75,1.0,0.0,off_1.0,10,AR_recent_0.0035,0.0035,0.0535,0.535
unemployment_CIRCULAR,1.0,AR_long_run_0.75,1.0,0.0,off_1.0,10,AR_postwar_0.0047,0.0047,0.0545,0.545
unemployment_CIRCULAR,1.0,AR_long_run_0.75,1.0,0.0,off_1.0,20,off_0.0000,0.0,0.0365,0.73
unemployment_CIRCULAR,1.0,AR_long_run_0.75,1.0,0.0,off_1.0,20,AR_recent_0.0035,0.0035,0.038,0.76
unemployment_CIRCULAR,1.0,AR_long_run_0.75,1.0,0.0,off_1.0,20,AR_postwar_0.0047,0.0047,0.0385,0.77
unemployment_CIRCULAR,1.0,AR_long_run_0.75,1.0,0.0,on_1.5,2,off_0.0000,0.0,0.066,0.132
unemployment_CIRCULAR,1.0,AR_long_run_0.75,1.0,0.0,on_1.5,2,AR_recent_0.0035,0.0035,0.0695,0.139
unemployment_CIRCULAR,1.0,AR_long_run_0.75,1.0,0.0,on_1.5,2,AR_postwar_0.0047,0.0047,0.071,0.142
unemployment_CIRCULAR,1.0,AR_long_run_0.75,1.0,0.0,on_1.5,5,off_0.0000,0.0,0.066,0.33
unemployment_CIRCULAR,1.0,AR_long_run_0.75,1.0,0.0,on_1.5,5,AR_recent_0.0035,0.0035,0.0695,0.3475
unemployment_CIRCULAR,1.0,AR_long_run_0.75,1.0,0.0,on_1.5,5,AR_postwar_0.0047,0.0047,0.071,0.355
unemployment_CIRCULAR,1.0,AR_long_run_0.75,1.0,0.0,on_1.5,10,off_0.0000,0.0,0.06,0.6
unemployment_CIRCULAR,1.0,AR_long_run_0.75,1.0,0.0,on_1.5,10,AR_recent_0.0035,0.0035,0.0625,0.625
unemployment_CIRCULAR,1.0,AR_long_run_0.75,1.0,0.0,on_1.5,10,AR_postwar_0.0047,0.0047,0.063,0.63
unemployment_CIRCULAR,1.0,AR_long_run_0.75,1.0,0.0,on_1.5,20,off_0.0000,0.0,0.0445,0.89
unemployment_CIRCULAR,1.0,AR_long_run_0.75,1.0,0.0,on_1.5,20,AR_recent_0.0035,0.0035,0.046,0.92
unemployment_CIRCULAR,1.0,AR_long_run_0.75,1.0,0.0,on_1.5,20,AR_postwar_0.0047,0.0047,0.0465,0.93
unemployment_CIRCULAR,1.0,AR_long_run_0.75,1.0,0.5,off_1.0,2,off_0.0000,0.0,0.0665,0.133
unemployment_CIRCULAR,1.0,AR_long_run_0.75,1.0,0.5,off_1.0,2,AR_recent_0.0035,0.0035,0.07,0.14
unemployment_CIRCULAR,1.0,AR_long_run_0.75,1.0,0.5,off_1.0,2,AR_postwar_0.0047,0.0047,0.0715,0.143
unemployment_CIRCULAR,1.0,AR_long_run_0.75,1.0,0.5,off_1.0,5,off_0.0000,0.0,0.0665,0.3325
unemployment_CIRCULAR,1.0,AR_long_run_0.75,1.0,0.5,off_1.0,5,AR_recent_0.0035,0.0035,0.0695,0.3475
unemployment_CIRCULAR,1.0,AR_long_run_0.75,1.0,0.5,off_1.0,5,AR_postwar_0.0047,0.0047,0.0705,0.3525
unemployment_CIRCULAR,1.0,AR_long_run_0.75,1.0,0.5,off_1.0,10,off_0.0000,0.0,0.0515,0.515
unemployment_CIRCULAR,1.0,AR_long_run_0.75,1.0,0.5,off_1.0,10,AR_recent_0.0035,0.0035,0.0535,0.535
unemployment_CIRCULAR,1.0,AR_long_run_0.75,1.0,0.5,off_1.0,10,AR_postwar_0.0047,0.0047,0.0545,0.545
unemployment_CIRCULAR,1.0,AR_long_run_0.75,1.0,0.5,off_1.0,20,off_0.0000,0.0,0.0365,0.73
unemployment_CIRCULAR,1.0,AR_long_run_0.75,1.0,0.5,off_1.0,20,AR_recent_0.0035,0.0035,0.038,0.76
unemployment_CIRCULAR,1.0,AR_long_run_0.75,1.0,0.5,off_1.0,20,AR_postwar_0.0047,0.0047,0.0385,0.77
unemployment_CIRCULAR,1.0,AR_long_run_0.75,1.0,0.5,on_1.5,2,off_0.0000,0.0,0.066,0.132
unemployment_CIRCULAR,1.0,AR_long_run_0.75,1.0,0.5,on_1.5,2,AR_recent_0.0035,0.0035,0.0695,0.139
unemployment_CIRCULAR,1.0,AR_long_run_0.75,1.0,0.5,on_1.5,2,AR_postwar_0.0047,0.0047,0.071,0.142
unemployment_CIRCULAR,1.0,AR_long_run_0.75,1.0,0.5,on_1.5,5,off_0.0000,0.0,0.066,0.33
unemployment_CIRCULAR,1.0,AR_long_run_0.75,1.0,0.5,on_1.5,5,AR_recent_0.0035,0.0035,0.0695,0.3475
unemployment_CIRCULAR,1.0,AR_long_run_0.75,1.0,0.5,on_1.5,5,AR_postwar_0.0047,0.0047,0.071,0.355
unemployment_CIRCULAR,1.0,AR_long_run_0.75,1.0,0.5,on_1.5,10,off_0.0000,0.0,0.06,0.6
unemployment_CIRCULAR,1.0,AR_long_run_0.75,1.0,0.5,on_1.5,10,AR_recent_0.0035,0.0035,0.0625,0.625
unemployment_CIRCULAR,1.0,AR_long_run_0.75,1.0,0.5,on_1.5,10,AR_postwar_0.0047,0.0047,0.063,0.63
unemployment_CIRCULAR,1.0,AR_long_run_0.75,1.0,0.5,on_1.5,20,off_0.0000,0.0,0.0445,0.89
unemployment_CIRCULAR,1.0,AR_long_run_0.75,1.0,0.5,on_1.5,20,AR_recent_0.0035,0.0035,0.046,0.92
unemployment_CIRCULAR,1.0,AR_long_run_0.75,1.0,0.5,on_1.5,20,AR_postwar_0.0047,0.0047,0.0465,0.93
unemployment_CIRCULAR,1.0,AR_long_run_0.75,1.0,1.0,off_1.0,2,off_0.0000,0.0,0.0665,0.133
unemployment_CIRCULAR,1.0,AR_long_run_0.75,1.0,1.0,off_1.0,2,AR_recent_0.0035,0.0035,0.07,0.14
unemployment_CIRCULAR,1.0,AR_long_run_0.75,1.0,1.0,off_1.0,2,AR_postwar_0.0047,0.0047,0.0715,0.143
unemployment_CIRCULAR,1.0,AR_long_run_0.75,1.0,1.0,off_1.0,5,off_0.0000,0.0,0.0665,0.3325
unemployment_CIRCULAR,1.0,AR_long_run_0.75,1.0,1.0,off_1.0,5,AR_recent_0.0035,0.0035,0.0695,0.3475
unemployment_CIRCULAR,1.0,AR_long_run_0.75,1.0,1.0,off_1.0,5,AR_postwar_0.0047,0.0047,0.0705,0.3525
unemployment_CIRCULAR,1.0,AR_long_run_0.75,1.0,1.0,off_1.0,10,off_0.0000,0.0,0.0515,0.515
unemployment_CIRCULAR,1.0,AR_long_run_0.75,1.0,1.0,off_1.0,10,AR_recent_0.0035,0.0035,0.0535,0.535
unemployment_CIRCULAR,1.0,AR_long_run_0.75,1.0,1.0,off_1.0,10,AR_postwar_0.0047,0.0047,0.0545,0.545
unemployment_CIRCULAR,1.0,AR_long_run_0.75,1.0,1.0,off_1.0,20,off_0.0000,0.0,0.0365,0.73
unemployment_CIRCULAR,1.0,AR_long_run_0.75,1.0,1.0,off_1.0,20,AR_recent_0.0035,0.0035,0.038,0.76
unemployment_CIRCULAR,1.0,AR_long_run_0.75,1.0,1.0,off_1.0,20,AR_postwar_0.0047,0.0047,0.0385,0.77
unemployment_CIRCULAR,1.0,AR_long_run_0.75,1.0,1.0,on_1.5,2,off_0.0000,0.0,0.066,0.132
unemployment_CIRCULAR,1.0,AR_long_run_0.75,1.0,1.0,on_1.5,2,AR_recent_0.0035,0.0035,0.0695,0.139
unemployment_CIRCULAR,1.0,AR_long_run_0.75,1.0,1.0,on_1.5,2,AR_postwar_0.0047,0.0047,0.071,0.142
unemployment_CIRCULAR,1.0,AR_long_run_0.75,1.0,1.0,on_1.5,5,off_0.0000,0.0,0.066,0.33
unemployment_CIRCULAR,1.0,AR_long_run_0.75,1.0,1.0,on_1.5,5,AR_recent_0.0035,0.0035,0.0695,0.3475
unemployment_CIRCULAR,1.0,AR_long_run_0.75,1.0,1.0,on_1.5,5,AR_postwar_0.0047,0.0047,0.071,0.355
unemployment_CIRCULAR,1.0,AR_long_run_0.75,1.0,1.0,on_1.5,10,off_0.0000,0.0,0.06,0.6
unemployment_CIRCULAR,1.0,AR_long_run_0.75,1.0,1.0,on_1.5,10,AR_recent_0.0035,0.0035,0.0625,0.625
unemployment_CIRCULAR,1.0,AR_long_run_0.75,1.0,1.0,on_1.5,10,AR_postwar_0.0047,0.0047,0.063,0.63
unemployment_CIRCULAR,1.0,AR_long_run_0.75,1.0,1.0,on_1.5,20,off_0.0000,0.0,0.0445,0.89
unemployment_CIRCULAR,1.0,AR_long_run_0.75,1.0,1.0,on_1.5,20,AR_recent_0.0035,0.0035,0.046,0.92
unemployment_CIRCULAR,1.0,AR_long_run_0.75,1.0,1.0,on_1.5,20,AR_postwar_0.0047,0.0047,0.0465,0.93
unemployment_CIRCULAR,1.0,AR_long_run_0.75,1.5,0.0,off_1.0,2,off_0.0000,0.0,0.067,0.134
unemployment_CIRCULAR,1.0,AR_long_run_0.75,1.5,0.0,off_1.0,2,AR_recent_0.0035,0.0035,0.0705,0.141
unemployment_CIRCULAR,1.0,AR_long_run_0.75,1.5,0.0,off_1.0,2,AR_postwar_0.0047,0.0047,0.0715,0.143
unemployment_CIRCULAR,1.0,AR_long_run_0.75,1.5,0.0,off_1.0,5,off_0.0000,0.0,0.055,0.275
unemployment_CIRCULAR,1.0,AR_long_run_0.75,1.5,0.0,off_1.0,5,AR_recent_0.0035,0.0035,0.058,0.29
unemployment_CIRCULAR,1.0,AR_long_run_0.75,1.5,0.0,off_1.0,5,AR_postwar_0.0047,0.0047,0.059,0.295
unemployment_CIRCULAR,1.0,AR_long_run_0.75,1.5,0.0,off_1.0,10,off_0.0000,0.0,0.0435,0.435
unemployment_CIRCULAR,1.0,AR_long_run_0.75,1.5,0.0,off_1.0,10,AR_recent_0.0035,0.0035,0.046,0.46
unemployment_CIRCULAR,1.0,AR_long_run_0.75,1.5,0.0,off_1.0,10,AR_postwar_0.0047,0.0047,0.0465,0.465
unemployment_CIRCULAR,1.0,AR_long_run_0.75,1.5,0.0,off_1.0,20,off_0.0000,0.0,0.0315,0.63
unemployment_CIRCULAR,1.0,AR_long_run_0.75,1.5,0.0,off_1.0,20,AR_recent_0.0035,0.0035,0.033,0.66
unemployment_CIRCULAR,1.0,AR_long_run_0.75,1.5,0.0,off_1.0,20,AR_postwar_0.0047,0.0047,0.0335,0.67
unemployment_CIRCULAR,1.0,AR_long_run_0.75,1.5,0.0,on_1.5,2,off_0.0000,0.0,0.0665,0.133
unemployment_CIRCULAR,1.0,AR_long_run_0.75,1.5,0.0,on_1.5,2,AR_recent_0.0035,0.0035,0.07,0.14
unemployment_CIRCULAR,1.0,AR_long_run_0.75,1.5,0.0,on_1.5,2,AR_postwar_0.0047,0.0047,0.071,0.142
unemployment_CIRCULAR,1.0,AR_long_run_0.75,1.5,0.0,on_1.5,5,off_0.0000,0.0,0.0625,0.3125
unemployment_CIRCULAR,1.0,AR_long_run_0.75,1.5,0.0,on_1.5,5,AR_recent_0.0035,0.0035,0.065,0.325
unemployment_CIRCULAR,1.0,AR_long_run_0.75,1.5,0.0,on_1.5,5,AR_postwar_0.0047,0.0047,0.066,0.33
unemployment_CIRCULAR,1.0,AR_long_run_0.75,1.5,0.0,on_1.5,10,off_0.0000,0.0,0.05,0.5
unemployment_CIRCULAR,1.0,AR_long_run_0.75,1.5,0.0,on_1.5,10,AR_recent_0.0035,0.0035,0.052,0.52
unemployment_CIRCULAR,1.0,AR_long_run_0.75,1.5,0.0,on_1.5,10,AR_postwar_0.0047,0.0047,0.053,0.53
unemployment_CIRCULAR,1.0,AR_long_run_0.75,1.5,0.0,on_1.5,20,off_0.0000,0.0,0.037,0.74
unemployment_CIRCULAR,1.0,AR_long_run_0.75,1.5,0.0,on_1.5,20,AR_recent_0.0035,0.0035,0.0385,0.77
unemployment_CIRCULAR,1.0,AR_long_run_0.75,1.5,0.0,on_1.5,20,AR_postwar_0.0047,0.0047,0.0395,0.79
unemployment_CIRCULAR,1.0,AR_long_run_0.75,1.5,0.5,off_1.0,2,off_0.0000,0.0,0.067,0.134
unemployment_CIRCULAR,1.0,AR_long_run_0.75,1.5,0.5,off_1.0,2,AR_recent_0.0035,0.0035,0.0705,0.141
unemployment_CIRCULAR,1.0,AR_long_run_0.75,1.5,0.5,off_1.0,2,AR_postwar_0.0047,0.0047,0.0715,0.143
unemployment_CIRCULAR,1.0,AR_long_run_0.75,1.5,0.5,off_1.0,5,off_0.0000,0.0,0.055,0.275
unemployment_CIRCULAR,1.0,AR_long_run_0.75,1.5,0.5,off_1.0,5,AR_recent_0.0035,0.0035,0.058,0.29
unemployment_CIRCULAR,1.0,AR_long_run_0.75,1.5,0.5,off_1.0,5,AR_postwar_0.0047,0.0047,0.059,0.295
unemployment_CIRCULAR,1.0,AR_long_run_0.75,1.5,0.5,off_1.0,10,off_0.0000,0.0,0.0435,0.435
unemployment_CIRCULAR,1.0,AR_long_run_0.75,1.5,0.5,off_1.0,10,AR_recent_0.0035,0.0035,0.046,0.46
unemployment_CIRCULAR,1.0,AR_long_run_0.75,1.5,0.5,off_1.0,10,AR_postwar_0.0047,0.0047,0.0465,0.465
unemployment_CIRCULAR,1.0,AR_long_run_0.75,1.5,0.5,off_1.0,20,off_0.0000,0.0,0.0315,0.63
unemployment_CIRCULAR,1.0,AR_long_run_0.75,1.5,0.5,off_1.0,20,AR_recent_0.0035,0.0035,0.033,0.66
unemployment_CIRCULAR,1.0,AR_long_run_0.75,1.5,0.5,off_1.0,20,AR_postwar_0.0047,0.0047,0.0335,0.67
unemployment_CIRCULAR,1.0,AR_long_run_0.75,1.5,0.5,on_1.5,2,off_0.0000,0.0,0.0665,0.133
unemployment_CIRCULAR,1.0,AR_long_run_0.75,1.5,0.5,on_1.5,2,AR_recent_0.0035,0.0035,0.07,0.14
unemployment_CIRCULAR,1.0,AR_long_run_0.75,1.5,0.5,on_1.5,2,AR_postwar_0.0047,0.0047,0.071,0.142
unemployment_CIRCULAR,1.0,AR_long_run_0.75,1.5,0.5,on_1.5,5,off_0.0000,0.0,0.0625,0.3125
unemployment_CIRCULAR,1.0,AR_long_run_0.75,1.5,0.5,on_1.5,5,AR_recent_0.0035,0.0035,0.065,0.325
unemployment_CIRCULAR,1.0,AR_long_run_0.75,1.5,0.5,on_1.5,5,AR_postwar_0.0047,0.0047,0.066,0.33
unemployment_CIRCULAR,1.0,AR_long_run_0.75,1.5,0.5,on_1.5,10,off_0.0000,0.0,0.05,0.5
unemployment_CIRCULAR,1.0,AR_long_run_0.75,1.5,0.5,on_1.5,10,AR_recent_0.0035,0.0035,0.052,0.52
unemployment_CIRCULAR,1.0,AR_long_run_0.75,1.5,0.5,on_1.5,10,AR_postwar_0.0047,0.0047,0.053,0.53
unemployment_CIRCULAR,1.0,AR_long_run_0.75,1.5,0.5,on_1.5,20,off_0.0000,0.0,0.037,0.74
unemployment_CIRCULAR,1.0,AR_long_run_0.75,1.5,0.5,on_1.5,20,AR_recent_0.0035,0.0035,0.0385,0.77
unemployment_CIRCULAR,1.0,AR_long_run_0.75,1.5,0.5,on_1.5,20,AR_postwar_0.0047,0.0047,0.0395,0.79
unemployment_CIRCULAR,1.0,AR_long_run_0.75,1.5,1.0,off_1.0,2,off_0.0000,0.0,0.067,0.134
unemployment_CIRCULAR,1.0,AR_long_run_0.75,1.5,1.0,off_1.0,2,AR_recent_0.0035,0.0035,0.0705,0.141
unemployment_CIRCULAR,1.0,AR_long_run_0.75,1.5,1.0,off_1.0,2,AR_postwar_0.0047,0.0047,0.0715,0.143
unemployment_CIRCULAR,1.0,AR_long_run_0.75,1.5,1.0,off_1.0,5,off_0.0000,0.0,0.055,0.275
unemployment_CIRCULAR,1.0,AR_long_run_0.75,1.5,1.0,off_1.0,5,AR_recent_0.0035,0.0035,0.058,0.29
unemployment_CIRCULAR,1.0,AR_long_run_0.75,1.5,1.0,off_1.0,5,AR_postwar_0.0047,0.0047,0.059,0.295
unemployment_CIRCULAR,1.0,AR_long_run_0.75,1.5,1.0,off_1.0,10,off_0.0000,0.0,0.0435,0.435
unemployment_CIRCULAR,1.0,AR_long_run_0.75,1.5,1.0,off_1.0,10,AR_recent_0.0035,0.0035,0.046,0.46
unemployment_CIRCULAR,1.0,AR_long_run_0.75,1.5,1.0,off_1.0,10,AR_postwar_0.0047,0.0047,0.0465,0.465
unemployment_CIRCULAR,1.0,AR_long_run_0.75,1.5,1.0,off_1.0,20,off_0.0000,0.0,0.0315,0.63
unemployment_CIRCULAR,1.0,AR_long_run_0.75,1.5,1.0,off_1.0,20,AR_recent_0.0035,0.0035,0.033,0.66
unemployment_CIRCULAR,1.0,AR_long_run_0.75,1.5,1.0,off_1.0,20,AR_postwar_0.0047,0.0047,0.0335,0.67
unemployment_CIRCULAR,1.0,AR_long_run_0.75,1.5,1.0,on_1.5,2,off_0.0000,0.0,0.0665,0.133
unemployment_CIRCULAR,1.0,AR_long_run_0.75,1.5,1.0,on_1.5,2,AR_recent_0.0035,0.0035,0.07,0.14
unemployment_CIRCULAR,1.0,AR_long_run_0.75,1.5,1.0,on_1.5,2,AR_postwar_0.0047,0.0047,0.071,0.142
unemployment_CIRCULAR,1.0,AR_long_run_0.75,1.5,1.0,on_1.5,5,off_0.0000,0.0,0.0625,0.3125
unemployment_CIRCULAR,1.0,AR_long_run_0.75,1.5,1.0,on_1.5,5,AR_recent_0.0035,0.0035,0.065,0.325
unemployment_CIRCULAR,1.0,AR_long_run_0.75,1.5,1.0,on_1.5,5,AR_postwar_0.0047,0.0047,0.066,0.33
unemployment_CIRCULAR,1.0,AR_long_run_0.75,1.5,1.0,on_1.5,10,off_0.0000,0.0,0.05,0.5
unemployment_CIRCULAR,1.0,AR_long_run_0.75,1.5,1.0,on_1.5,10,AR_recent_0.0035,0.0035,0.052,0.52
unemployment_CIRCULAR,1.0,AR_long_run_0.75,1.5,1.0,on_1.5,10,AR_postwar_0.0047,0.0047,0.053,0.53
unemployment_CIRCULAR,1.0,AR_long_run_0.75,1.5,1.0,on_1.5,20,off_0.0000,0.0,0.037,0.74
unemployment_CIRCULAR,1.0,AR_long_run_0.75,1.5,1.0,on_1.5,20,AR_recent_0.0035,0.0035,0.0385,0.77
unemployment_CIRCULAR,1.0,AR_long_run_0.75,1.5,1.0,on_1.5,20,AR_postwar_0.0047,0.0047,0.0395,0.79
unemployment_CIRCULAR,1.0,AR_long_run_0.75,2.0,0.0,off_1.0,2,off_0.0000,0.0,0.067,0.134
unemployment_CIRCULAR,1.0,AR_long_run_0.75,2.0,0.0,off_1.0,2,AR_recent_0.0035,0.0035,0.0705,0.141
unemployment_CIRCULAR,1.0,AR_long_run_0.75,2.0,0.0,off_1.0,2,AR_postwar_0.0047,0.0047,0.0715,0.143
unemployment_CIRCULAR,1.0,AR_long_run_0.75,2.0,0.0,off_1.0,5,off_0.0000,0.0,0.0475,0.2375
unemployment_CIRCULAR,1.0,AR_long_run_0.75,2.0,0.0,off_1.0,5,AR_recent_0.0035,0.0035,0.0505,0.2525
unemployment_CIRCULAR,1.0,AR_long_run_0.75,2.0,0.0,off_1.0,5,AR_postwar_0.0047,0.0047,0.0515,0.2575
unemployment_CIRCULAR,1.0,AR_long_run_0.75,2.0,0.0,off_1.0,10,off_0.0000,0.0,0.0385,0.385
unemployment_CIRCULAR,1.0,AR_long_run_0.75,2.0,0.0,off_1.0,10,AR_recent_0.0035,0.0035,0.0405,0.405
unemployment_CIRCULAR,1.0,AR_long_run_0.75,2.0,0.0,off_1.0,10,AR_postwar_0.0047,0.0047,0.0415,0.415
unemployment_CIRCULAR,1.0,AR_long_run_0.75,2.0,0.0,off_1.0,20,off_0.0000,0.0,0.028,0.56
unemployment_CIRCULAR,1.0,AR_long_run_0.75,2.0,0.0,off_1.0,20,AR_recent_0.0035,0.0035,0.03,0.6
unemployment_CIRCULAR,1.0,AR_long_run_0.75,2.0,0.0,off_1.0,20,AR_postwar_0.0047,0.0047,0.0305,0.61
unemployment_CIRCULAR,1.0,AR_long_run_0.75,2.0,0.0,on_1.5,2,off_0.0000,0.0,0.067,0.134
unemployment_CIRCULAR,1.0,AR_long_run_0.75,2.0,0.0,on_1.5,2,AR_recent_0.0035,0.0035,0.0705,0.141
unemployment_CIRCULAR,1.0,AR_long_run_0.75,2.0,0.0,on_1.5,2,AR_postwar_0.0047,0.0047,0.0715,0.143
unemployment_CIRCULAR,1.0,AR_long_run_0.75,2.0,0.0,on_1.5,5,off_0.0000,0.0,0.053,0.265
unemployment_CIRCULAR,1.0,AR_long_run_0.75,2.0,0.0,on_1.5,5,AR_recent_0.0035,0.0035,0.056,0.28
unemployment_CIRCULAR,1.0,AR_long_run_0.75,2.0,0.0,on_1.5,5,AR_postwar_0.0047,0.0047,0.057,0.285
unemployment_CIRCULAR,1.0,AR_long_run_0.75,2.0,0.0,on_1.5,10,off_0.0000,0.0,0.0435,0.435
unemployment_CIRCULAR,1.0,AR_long_run_0.75,2.0,0.0,on_1.5,10,AR_recent_0.0035,0.0035,0.046,0.46
unemployment_CIRCULAR,1.0,AR_long_run_0.75,2.0,0.0,on_1.5,10,AR_postwar_0.0047,0.0047,0.0465,0.465
unemployment_CIRCULAR,1.0,AR_long_run_0.75,2.0,0.0,on_1.5,20,off_0.0000,0.0,0.0325,0.65
unemployment_CIRCULAR,1.0,AR_long_run_0.75,2.0,0.0,on_1.5,20,AR_recent_0.0035,0.0035,0.0345,0.69
unemployment_CIRCULAR,1.0,AR_long_run_0.75,2.0,0.0,on_1.5,20,AR_postwar_0.0047,0.0047,0.035,0.7
unemployment_CIRCULAR,1.0,AR_long_run_0.75,2.0,0.5,off_1.0,2,off_0.0000,0.0,0.067,0.134
unemployment_CIRCULAR,1.0,AR_long_run_0.75,2.0,0.5,off_1.0,2,AR_recent_0.0035,0.0035,0.0705,0.141
unemployment_CIRCULAR,1.0,AR_long_run_0.75,2.0,0.5,off_1.0,2,AR_postwar_0.0047,0.0047,0.0715,0.143
unemployment_CIRCULAR,1.0,AR_long_run_0.75,2.0,0.5,off_1.0,5,off_0.0000,0.0,0.0475,0.2375
unemployment_CIRCULAR,1.0,AR_long_run_0.75,2.0,0.5,off_1.0,5,AR_recent_0.0035,0.0035,0.0505,0.2525
unemployment_CIRCULAR,1.0,AR_long_run_0.75,2.0,0.5,off_1.0,5,AR_postwar_0.0047,0.0047,0.0515,0.2575
unemployment_CIRCULAR,1.0,AR_long_run_0.75,2.0,0.5,off_1.0,10,off_0.0000,0.0,0.0385,0.385
unemployment_CIRCULAR,1.0,AR_long_run_0.75,2.0,0.5,off_1.0,10,AR_recent_0.0035,0.0035,0.0405,0.405
unemployment_CIRCULAR,1.0,AR_long_run_0.75,2.0,0.5,off_1.0,10,AR_postwar_0.0047,0.0047,0.0415,0.415
unemployment_CIRCULAR,1.0,AR_long_run_0.75,2.0,0.5,off_1.0,20,off_0.0000,0.0,0.028,0.56
unemployment_CIRCULAR,1.0,AR_long_run_0.75,2.0,0.5,off_1.0,20,AR_recent_0.0035,0.0035,0.03,0.6
unemployment_CIRCULAR,1.0,AR_long_run_0.75,2.0,0.5,off_1.0,20,AR_postwar_0.0047,0.0047,0.0305,0.61
unemployment_CIRCULAR,1.0,AR_long_run_0.75,2.0,0.5,on_1.5,2,off_0.0000,0.0,0.067,0.134
unemployment_CIRCULAR,1.0,AR_long_run_0.75,2.0,0.5,on_1.5,2,AR_recent_0.0035,0.0035,0.0705,0.141
unemployment_CIRCULAR,1.0,AR_long_run_0.75,2.0,0.5,on_1.5,2,AR_postwar_0.0047,0.0047,0.0715,0.143
unemployment_CIRCULAR,1.0,AR_long_run_0.75,2.0,0.5,on_1.5,5,off_0.0000,0.0,0.053,0.265
unemployment_CIRCULAR,1.0,AR_long_run_0.75,2.0,0.5,on_1.5,5,AR_recent_0.0035,0.0035,0.056,0.28
unemployment_CIRCULAR,1.0,AR_long_run_0.75,2.0,0.5,on_1.5,5,AR_postwar_0.0047,0.0047,0.057,0.285
unemployment_CIRCULAR,1.0,AR_long_run_0.75,2.0,0.5,on_1.5,10,off_0.0000,0.0,0.0435,0.435
unemployment_CIRCULAR,1.0,AR_long_run_0.75,2.0,0.5,on_1.5,10,AR_recent_0.0035,0.0035,0.046,0.46
unemployment_CIRCULAR,1.0,AR_long_run_0.75,2.0,0.5,on_1.5,10,AR_postwar_0.0047,0.0047,0.0465,0.465
unemployment_CIRCULAR,1.0,AR_long_run_0.75,2.0,0.5,on_1.5,20,off_0.0000,0.0,0.0325,0.65
unemployment_CIRCULAR,1.0,AR_long_run_0.75,2.0,0.5,on_1.5,20,AR_recent_0.0035,0.0035,0.0345,0.69
unemployment_CIRCULAR,1.0,AR_long_run_0.75,2.0,0.5,on_1.5,20,AR_postwar_0.0047,0.0047,0.035,0.7
unemployment_CIRCULAR,1.0,AR_long_run_0.75,2.0,1.0,off_1.0,2,off_0.0000,0.0,0.067,0.134
unemployment_CIRCULAR,1.0,AR_long_run_0.75,2.0,1.0,off_1.0,2,AR_recent_0.0035,0.0035,0.0705,0.141
unemployment_CIRCULAR,1.0,AR_long_run_0.75,2.0,1.0,off_1.0,2,AR_postwar_0.0047,0.0047,0.0715,0.143
unemployment_CIRCULAR,1.0,AR_long_run_0.75,2.0,1.0,off_1.0,5,off_0.0000,0.0,0.0475,0.2375
unemployment_CIRCULAR,1.0,AR_long_run_0.75,2.0,1.0,off_1.0,5,AR_recent_0.0035,0.0035,0.0505,0.2525
unemployment_CIRCULAR,1.0,AR_long_run_0.75,2.0,1.0,off_1.0,5,AR_postwar_0.0047,0.0047,0.0515,0.2575
unemployment_CIRCULAR,1.0,AR_long_run_0.75,2.0,1.0,off_1.0,10,off_0.0000,0.0,0.0385,0.385
unemployment_CIRCULAR,1.0,AR_long_run_0.75,2.0,1.0,off_1.0,10,AR_recent_0.0035,0.0035,0.0405,0.405
unemployment_CIRCULAR,1.0,AR_long_run_0.75,2.0,1.0,off_1.0,10,AR_postwar_0.0047,0.0047,0.0415,0.415
unemployment_CIRCULAR,1.0,AR_long_run_0.75,2.0,1.0,off_1.0,20,off_0.0000,0.0,0.028,0.56
unemployment_CIRCULAR,1.0,AR_long_run_0.75,2.0,1.0,off_1.0,20,AR_recent_0.0035,0.0035,0.03,0.6
unemployment_CIRCULAR,1.0,AR_long_run_0.75,2.0,1.0,off_1.0,20,AR_postwar_0.0047,0.0047,0.0305,0.61
unemployment_CIRCULAR,1.0,AR_long_run_0.75,2.0,1.0,on_1.5,2,off_0.0000,0.0,0.067,0.134
unemployment_CIRCULAR,1.0,AR_long_run_0.75,2.0,1.0,on_1.5,2,AR_recent_0.0035,0.0035,0.0705,0.141
unemployment_CIRCULAR,1.0,AR_long_run_0.75,2.0,1.0,on_1.5,2,AR_postwar_0.0047,0.0047,0.0715,0.143
unemployment_CIRCULAR,1.0,AR_long_run_0.75,2.0,1.0,on_1.5,5,off_0.0000,0.0,0.053,0.265
unemployment_CIRCULAR,1.0,AR_long_run_0.75,2.0,1.0,on_1.5,5,AR_recent_0.0035,0.0035,0.056,0.28
unemployment_CIRCULAR,1.0,AR_long_run_0.75,2.0,1.0,on_1.5,5,AR_postwar_0.0047,0.0047,0.057,0.285
unemployment_CIRCULAR,1.0,AR_long_run_0.75,2.0,1.0,on_1.5,10,off_0.0000,0.0,0.0435,0.435
unemployment_CIRCULAR,1.0,AR_long_run_0.75,2.0,1.0,on_1.5,10,AR_recent_0.0035,0.0035,0.046,0.46
unemployment_CIRCULAR,1.0,AR_long_run_0.75,2.0,1.0,on_1.5,10,AR_postwar_0.0047,0.0047,0.0465,0.465
unemployment_CIRCULAR,1.0,AR_long_run_0.75,2.0,1.0,on_1.5,20,off_0.0000,0.0,0.0325,0.65
unemployment_CIRCULAR,1.0,AR_long_run_0.75,2.0,1.0,on_1.5,20,AR_recent_0.0035,0.0035,0.0345,0.69
unemployment_CIRCULAR,1.0,AR_long_run_0.75,2.0,1.0,on_1.5,20,AR_postwar_0.0047,0.0047,0.035,0.7
nonemployment_16plus,0.0,dws_0.462,1.0,0.0,off_1.0,2,off_0.0000,0.0,0.15,0.3
nonemployment_16plus,0.0,dws_0.462,1.0,0.0,off_1.0,2,AR_recent_0.0035,0.0035,0.15,0.3
nonemployment_16plus,0.0,dws_0.462,1.0,0.0,off_1.0,2,AR_postwar_0.0047,0.0047,0.15,0.3
nonemployment_16plus,0.0,dws_0.462,1.0,0.0,off_1.0,5,off_0.0000,0.0,0.15,0.75
nonemployment_16plus,0.0,dws_0.462,1.0,0.0,off_1.0,5,AR_recent_0.0035,0.0035,0.15,0.75
nonemployment_16plus,0.0,dws_0.462,1.0,0.0,off_1.0,5,AR_postwar_0.0047,0.0047,0.15,0.75
nonemployment_16plus,0.0,dws_0.462,1.0,0.0,off_1.0,10,off_0.0000,0.0,0.15,1.5
nonemployment_16plus,0.0,dws_0.462,1.0,0.0,off_1.0,10,AR_recent_0.0035,0.0035,0.15,1.5
nonemployment_16plus,0.0,dws_0.462,1.0,0.0,off_1.0,10,AR_postwar_0.0047,0.0047,0.15,1.5
nonemployment_16plus,0.0,dws_0.462,1.0,0.0,off_1.0,20,off_0.0000,0.0,0.114,2.28
nonemployment_16plus,0.0,dws_0.462,1.0,0.0,off_1.0,20,AR_recent_0.0035,0.0035,0.1175,2.35
nonemployment_16plus,0.0,dws_0.462,1.0,0.0,off_1.0,20,AR_postwar_0.0047,0.0047,0.119,2.38
nonemployment_16plus,0.0,dws_0.462,1.0,0.0,on_1.5,2,off_0.0000,0.0,0.15,0.3
nonemployment_16plus,0.0,dws_0.462,1.0,0.0,on_1.5,2,AR_recent_0.0035,0.0035,0.15,0.3
nonemployment_16plus,0.0,dws_0.462,1.0,0.0,on_1.5,2,AR_postwar_0.0047,0.0047,0.15,0.3
nonemployment_16plus,0.0,dws_0.462,1.0,0.0,on_1.5,5,off_0.0000,0.0,0.15,0.75
nonemployment_16plus,0.0,dws_0.462,1.0,0.0,on_1.5,5,AR_recent_0.0035,0.0035,0.15,0.75
nonemployment_16plus,0.0,dws_0.462,1.0,0.0,on_1.5,5,AR_postwar_0.0047,0.0047,0.15,0.75
nonemployment_16plus,0.0,dws_0.462,1.0,0.0,on_1.5,10,off_0.0000,0.0,0.146,1.46
nonemployment_16plus,0.0,dws_0.462,1.0,0.0,on_1.5,10,AR_recent_0.0035,0.0035,0.1495,1.495
nonemployment_16plus,0.0,dws_0.462,1.0,0.0,on_1.5,10,AR_postwar_0.0047,0.0047,0.15,1.5
nonemployment_16plus,0.0,dws_0.462,1.0,0.0,on_1.5,20,off_0.0000,0.0,0.0985,1.97
nonemployment_16plus,0.0,dws_0.462,1.0,0.0,on_1.5,20,AR_recent_0.0035,0.0035,0.102,2.04
nonemployment_16plus,0.0,dws_0.462,1.0,0.0,on_1.5,20,AR_postwar_0.0047,0.0047,0.1035,2.07
nonemployment_16plus,0.0,dws_0.462,1.0,0.5,off_1.0,2,off_0.0000,0.0,0.15,0.3
nonemployment_16plus,0.0,dws_0.462,1.0,0.5,off_1.0,2,AR_recent_0.0035,0.0035,0.15,0.3
nonemployment_16plus,0.0,dws_0.462,1.0,0.5,off_1.0,2,AR_postwar_0.0047,0.0047,0.15,0.3
nonemployment_16plus,0.0,dws_0.462,1.0,0.5,off_1.0,5,off_0.0000,0.0,0.15,0.75
nonemployment_16plus,0.0,dws_0.462,1.0,0.5,off_1.0,5,AR_recent_0.0035,0.0035,0.15,0.75
nonemployment_16plus,0.0,dws_0.462,1.0,0.5,off_1.0,5,AR_postwar_0.0047,0.0047,0.15,0.75
nonemployment_16plus,0.0,dws_0.462,1.0,0.5,off_1.0,10,off_0.0000,0.0,0.15,1.5
nonemployment_16plus,0.0,dws_0.462,1.0,0.5,off_1.0,10,AR_recent_0.0035,0.0035,0.15,1.5
nonemployment_16plus,0.0,dws_0.462,1.0,0.5,off_1.0,10,AR_postwar_0.0047,0.0047,0.15,1.5
nonemployment_16plus,0.0,dws_0.462,1.0,0.5,off_1.0,20,off_0.0000,0.0,0.114,2.28
nonemployment_16plus,0.0,dws_0.462,1.0,0.5,off_1.0,20,AR_recent_0.0035,0.0035,0.1175,2.35
nonemployment_16plus,0.0,dws_0.462,1.0,0.5,off_1.0,20,AR_postwar_0.0047,0.0047,0.119,2.38
nonemployment_16plus,0.0,dws_0.462,1.0,0.5,on_1.5,2,off_0.0000,0.0,0.15,0.3
nonemployment_16plus,0.0,dws_0.462,1.0,0.5,on_1.5,2,AR_recent_0.0035,0.0035,0.15,0.3
nonemployment_16plus,0.0,dws_0.462,1.0,0.5,on_1.5,2,AR_postwar_0.0047,0.0047,0.15,0.3
nonemployment_16plus,0.0,dws_0.462,1.0,0.5,on_1.5,5,off_0.0000,0.0,0.15,0.75
nonemployment_16plus,0.0,dws_0.462,1.0,0.5,on_1.5,5,AR_recent_0.0035,0.0035,0.15,0.75
nonemployment_16plus,0.0,dws_0.462,1.0,0.5,on_1.5,5,AR_postwar_0.0047,0.0047,0.15,0.75
nonemployment_16plus,0.0,dws_0.462,1.0,0.5,on_1.5,10,off_0.0000,0.0,0.146,1.46
nonemployment_16plus,0.0,dws_0.462,1.0,0.5,on_1.5,10,AR_recent_0.0035,0.0035,0.1495,1.495
nonemployment_16plus,0.0,dws_0.462,1.0,0.5,on_1.5,10,AR_postwar_0.0047,0.0047,0.15,1.5
nonemployment_16plus,0.0,dws_0.462,1.0,0.5,on_1.5,20,off_0.0000,0.0,0.0985,1.97
nonemployment_16plus,0.0,dws_0.462,1.0,0.5,on_1.5,20,AR_recent_0.0035,0.0035,0.102,2.04
nonemployment_16plus,0.0,dws_0.462,1.0,0.5,on_1.5,20,AR_postwar_0.0047,0.0047,0.1035,2.07
nonemployment_16plus,0.0,dws_0.462,1.0,1.0,off_1.0,2,off_0.0000,0.0,0.15,0.3
nonemployment_16plus,0.0,dws_0.462,1.0,1.0,off_1.0,2,AR_recent_0.0035,0.0035,0.15,0.3
nonemployment_16plus,0.0,dws_0.462,1.0,1.0,off_1.0,2,AR_postwar_0.0047,0.0047,0.15,0.3
nonemployment_16plus,0.0,dws_0.462,1.0,1.0,off_1.0,5,off_0.0000,0.0,0.15,0.75
nonemployment_16plus,0.0,dws_0.462,1.0,1.0,off_1.0,5,AR_recent_0.0035,0.0035,0.15,0.75
nonemployment_16plus,0.0,dws_0.462,1.0,1.0,off_1.0,5,AR_postwar_0.0047,0.0047,0.15,0.75
nonemployment_16plus,0.0,dws_0.462,1.0,1.0,off_1.0,10,off_0.0000,0.0,0.15,1.5
nonemployment_16plus,0.0,dws_0.462,1.0,1.0,off_1.0,10,AR_recent_0.0035,0.0035,0.15,1.5
nonemployment_16plus,0.0,dws_0.462,1.0,1.0,off_1.0,10,AR_postwar_0.0047,0.0047,0.15,1.5
nonemployment_16plus,0.0,dws_0.462,1.0,1.0,off_1.0,20,off_0.0000,0.0,0.114,2.28
nonemployment_16plus,0.0,dws_0.462,1.0,1.0,off_1.0,20,AR_recent_0.0035,0.0035,0.1175,2.35
nonemployment_16plus,0.0,dws_0.462,1.0,1.0,off_1.0,20,AR_postwar_0.0047,0.0047,0.119,2.38
nonemployment_16plus,0.0,dws_0.462,1.0,1.0,on_1.5,2,off_0.0000,0.0,0.15,0.3
nonemployment_16plus,0.0,dws_0.462,1.0,1.0,on_1.5,2,AR_recent_0.0035,0.0035,0.15,0.3
nonemployment_16plus,0.0,dws_0.462,1.0,1.0,on_1.5,2,AR_postwar_0.0047,0.0047,0.15,0.3
nonemployment_16plus,0.0,dws_0.462,1.0,1.0,on_1.5,5,off_0.0000,0.0,0.15,0.75
nonemployment_16plus,0.0,dws_0.462,1.0,1.0,on_1.5,5,AR_recent_0.0035,0.0035,0.15,0.75
nonemployment_16plus,0.0,dws_0.462,1.0,1.0,on_1.5,5,AR_postwar_0.0047,0.0047,0.15,0.75
nonemployment_16plus,0.0,dws_0.462,1.0,1.0,on_1.5,10,off_0.0000,0.0,0.146,1.46
nonemployment_16plus,0.0,dws_0.462,1.0,1.0,on_1.5,10,AR_recent_0.0035,0.0035,0.1495,1.495
nonemployment_16plus,0.0,dws_0.462,1.0,1.0,on_1.5,10,AR_postwar_0.0047,0.0047,0.15,1.5
nonemployment_16plus,0.0,dws_0.462,1.0,1.0,on_1.5,20,off_0.0000,0.0,0.0985,1.97
nonemployment_16plus,0.0,dws_0.462,1.0,1.0,on_1.5,20,AR_recent_0.0035,0.0035,0.102,2.04
nonemployment_16plus,0.0,dws_0.462,1.0,1.0,on_1.5,20,AR_postwar_0.0047,0.0047,0.1035,2.07
nonemployment_16plus,0.0,dws_0.462,1.5,0.0,off_1.0,2,off_0.0000,0.0,0.15,0.3
nonemployment_16plus,0.0,dws_0.462,1.5,0.0,off_1.0,2,AR_recent_0.0035,0.0035,0.15,0.3
nonemployment_16plus,0.0,dws_0.462,1.5,0.0,off_1.0,2,AR_postwar_0.0047,0.0047,0.15,0.3
nonemployment_16plus,0.0,dws_0.462,1.5,0.0,off_1.0,5,off_0.0000,0.0,0.15,0.75
nonemployment_16plus,0.0,dws_0.462,1.5,0.0,off_1.0,5,AR_recent_0.0035,0.0035,0.15,0.75
nonemployment_16plus,0.0,dws_0.462,1.5,0.0,off_1.0,5,AR_postwar_0.0047,0.0047,0.15,0.75
nonemployment_16plus,0.0,dws_0.462,1.5,0.0,off_1.0,10,off_0.0000,0.0,0.15,1.5
nonemployment_16plus,0.0,dws_0.462,1.5,0.0,off_1.0,10,AR_recent_0.0035,0.0035,0.15,1.5
nonemployment_16plus,0.0,dws_0.462,1.5,0.0,off_1.0,10,AR_postwar_0.0047,0.0047,0.15,1.5
nonemployment_16plus,0.0,dws_0.462,1.5,0.0,off_1.0,20,off_0.0000,0.0,0.112,2.24
nonemployment_16plus,0.0,dws_0.462,1.5,0.0,off_1.0,20,AR_recent_0.0035,0.0035,0.1155,2.31
nonemployment_16plus,0.0,dws_0.462,1.5,0.0,off_1.0,20,AR_postwar_0.0047,0.0047,0.117,2.34
nonemployment_16plus,0.0,dws_0.462,1.5,0.0,on_1.5,2,off_0.0000,0.0,0.15,0.3
nonemployment_16plus,0.0,dws_0.462,1.5,0.0,on_1.5,2,AR_recent_0.0035,0.0035,0.15,0.3
nonemployment_16plus,0.0,dws_0.462,1.5,0.0,on_1.5,2,AR_postwar_0.0047,0.0047,0.15,0.3
nonemployment_16plus,0.0,dws_0.462,1.5,0.0,on_1.5,5,off_0.0000,0.0,0.15,0.75
nonemployment_16plus,0.0,dws_0.462,1.5,0.0,on_1.5,5,AR_recent_0.0035,0.0035,0.15,0.75
nonemployment_16plus,0.0,dws_0.462,1.5,0.0,on_1.5,5,AR_postwar_0.0047,0.0047,0.15,0.75
nonemployment_16plus,0.0,dws_0.462,1.5,0.0,on_1.5,10,off_0.0000,0.0,0.141,1.41
nonemployment_16plus,0.0,dws_0.462,1.5,0.0,on_1.5,10,AR_recent_0.0035,0.0035,0.1445,1.445
nonemployment_16plus,0.0,dws_0.462,1.5,0.0,on_1.5,10,AR_postwar_0.0047,0.0047,0.1455,1.455
nonemployment_16plus,0.0,dws_0.462,1.5,0.0,on_1.5,20,off_0.0000,0.0,0.099,1.98
nonemployment_16plus,0.0,dws_0.462,1.5,0.0,on_1.5,20,AR_recent_0.0035,0.0035,0.1025,2.05
nonemployment_16plus,0.0,dws_0.462,1.5,0.0,on_1.5,20,AR_postwar_0.0047,0.0047,0.1035,2.07
nonemployment_16plus,0.0,dws_0.462,1.5,0.5,off_1.0,2,off_0.0000,0.0,0.15,0.3
nonemployment_16plus,0.0,dws_0.462,1.5,0.5,off_1.0,2,AR_recent_0.0035,0.0035,0.15,0.3
nonemployment_16plus,0.0,dws_0.462,1.5,0.5,off_1.0,2,AR_postwar_0.0047,0.0047,0.15,0.3
nonemployment_16plus,0.0,dws_0.462,1.5,0.5,off_1.0,5,off_0.0000,0.0,0.15,0.75
nonemployment_16plus,0.0,dws_0.462,1.5,0.5,off_1.0,5,AR_recent_0.0035,0.0035,0.15,0.75
nonemployment_16plus,0.0,dws_0.462,1.5,0.5,off_1.0,5,AR_postwar_0.0047,0.0047,0.15,0.75
nonemployment_16plus,0.0,dws_0.462,1.5,0.5,off_1.0,10,off_0.0000,0.0,0.15,1.5
nonemployment_16plus,0.0,dws_0.462,1.5,0.5,off_1.0,10,AR_recent_0.0035,0.0035,0.15,1.5
nonemployment_16plus,0.0,dws_0.462,1.5,0.5,off_1.0,10,AR_postwar_0.0047,0.0047,0.15,1.5
nonemployment_16plus,0.0,dws_0.462,1.5,0.5,off_1.0,20,off_0.0000,0.0,0.112,2.24
nonemployment_16plus,0.0,dws_0.462,1.5,0.5,off_1.0,20,AR_recent_0.0035,0.0035,0.1155,2.31
nonemployment_16plus,0.0,dws_0.462,1.5,0.5,off_1.0,20,AR_postwar_0.0047,0.0047,0.117,2.34
nonemployment_16plus,0.0,dws_0.462,1.5,0.5,on_1.5,2,off_0.0000,0.0,0.15,0.3
nonemployment_16plus,0.0,dws_0.462,1.5,0.5,on_1.5,2,AR_recent_0.0035,0.0035,0.15,0.3
nonemployment_16plus,0.0,dws_0.462,1.5,0.5,on_1.5,2,AR_postwar_0.0047,0.0047,0.15,0.3
nonemployment_16plus,0.0,dws_0.462,1.5,0.5,on_1.5,5,off_0.0000,0.0,0.15,0.75
nonemployment_16plus,0.0,dws_0.462,1.5,0.5,on_1.5,5,AR_recent_0.0035,0.0035,0.15,0.75
nonemployment_16plus,0.0,dws_0.462,1.5,0.5,on_1.5,5,AR_postwar_0.0047,0.0047,0.15,0.75
nonemployment_16plus,0.0,dws_0.462,1.5,0.5,on_1.5,10,off_0.0000,0.0,0.141,1.41
nonemployment_16plus,0.0,dws_0.462,1.5,0.5,on_1.5,10,AR_recent_0.0035,0.0035,0.1445,1.445
nonemployment_16plus,0.0,dws_0.462,1.5,0.5,on_1.5,10,AR_postwar_0.0047,0.0047,0.1455,1.455
nonemployment_16plus,0.0,dws_0.462,1.5,0.5,on_1.5,20,off_0.0000,0.0,0.099,1.98
nonemployment_16plus,0.0,dws_0.462,1.5,0.5,on_1.5,20,AR_recent_0.0035,0.0035,0.1025,2.05
nonemployment_16plus,0.0,dws_0.462,1.5,0.5,on_1.5,20,AR_postwar_0.0047,0.0047,0.1035,2.07
nonemployment_16plus,0.0,dws_0.462,1.5,1.0,off_1.0,2,off_0.0000,0.0,0.15,0.3
nonemployment_16plus,0.0,dws_0.462,1.5,1.0,off_1.0,2,AR_recent_0.0035,0.0035,0.15,0.3
nonemployment_16plus,0.0,dws_0.462,1.5,1.0,off_1.0,2,AR_postwar_0.0047,0.0047,0.15,0.3
nonemployment_16plus,0.0,dws_0.462,1.5,1.0,off_1.0,5,off_0.0000,0.0,0.15,0.75
nonemployment_16plus,0.0,dws_0.462,1.5,1.0,off_1.0,5,AR_recent_0.0035,0.0035,0.15,0.75
nonemployment_16plus,0.0,dws_0.462,1.5,1.0,off_1.0,5,AR_postwar_0.0047,0.0047,0.15,0.75
nonemployment_16plus,0.0,dws_0.462,1.5,1.0,off_1.0,10,off_0.0000,0.0,0.15,1.5
nonemployment_16plus,0.0,dws_0.462,1.5,1.0,off_1.0,10,AR_recent_0.0035,0.0035,0.15,1.5
nonemployment_16plus,0.0,dws_0.462,1.5,1.0,off_1.0,10,AR_postwar_0.0047,0.0047,0.15,1.5
nonemployment_16plus,0.0,dws_0.462,1.5,1.0,off_1.0,20,off_0.0000,0.0,0.112,2.24
nonemployment_16plus,0.0,dws_0.462,1.5,1.0,off_1.0,20,AR_recent_0.0035,0.0035,0.1155,2.31
nonemployment_16plus,0.0,dws_0.462,1.5,1.0,off_1.0,20,AR_postwar_0.0047,0.0047,0.117,2.34
nonemployment_16plus,0.0,dws_0.462,1.5,1.0,on_1.5,2,off_0.0000,0.0,0.15,0.3
nonemployment_16plus,0.0,dws_0.462,1.5,1.0,on_1.5,2,AR_recent_0.0035,0.0035,0.15,0.3
nonemployment_16plus,0.0,dws_0.462,1.5,1.0,on_1.5,2,AR_postwar_0.0047,0.0047,0.15,0.3
nonemployment_16plus,0.0,dws_0.462,1.5,1.0,on_1.5,5,off_0.0000,0.0,0.15,0.75
nonemployment_16plus,0.0,dws_0.462,1.5,1.0,on_1.5,5,AR_recent_0.0035,0.0035,0.15,0.75
nonemployment_16plus,0.0,dws_0.462,1.5,1.0,on_1.5,5,AR_postwar_0.0047,0.0047,0.15,0.75
nonemployment_16plus,0.0,dws_0.462,1.5,1.0,on_1.5,10,off_0.0000,0.0,0.141,1.41
nonemployment_16plus,0.0,dws_0.462,1.5,1.0,on_1.5,10,AR_recent_0.0035,0.0035,0.1445,1.445
nonemployment_16plus,0.0,dws_0.462,1.5,1.0,on_1.5,10,AR_postwar_0.0047,0.0047,0.1455,1.455
nonemployment_16plus,0.0,dws_0.462,1.5,1.0,on_1.5,20,off_0.0000,0.0,0.099,1.98
nonemployment_16plus,0.0,dws_0.462,1.5,1.0,on_1.5,20,AR_recent_0.0035,0.0035,0.1025,2.05
nonemployment_16plus,0.0,dws_0.462,1.5,1.0,on_1.5,20,AR_postwar_0.0047,0.0047,0.1035,2.07
nonemployment_16plus,0.0,dws_0.462,2.0,0.0,off_1.0,2,off_0.0000,0.0,0.15,0.3
nonemployment_16plus,0.0,dws_0.462,2.0,0.0,off_1.0,2,AR_recent_0.0035,0.0035,0.15,0.3
nonemployment_16plus,0.0,dws_0.462,2.0,0.0,off_1.0,2,AR_postwar_0.0047,0.0047,0.15,0.3
nonemployment_16plus,0.0,dws_0.462,2.0,0.0,off_1.0,5,off_0.0000,0.0,0.15,0.75
nonemployment_16plus,0.0,dws_0.462,2.0,0.0,off_1.0,5,AR_recent_0.0035,0.0035,0.15,0.75
nonemployment_16plus,0.0,dws_0.462,2.0,0.0,off_1.0,5,AR_postwar_0.0047,0.0047,0.15,0.75
nonemployment_16plus,0.0,dws_0.462,2.0,0.0,off_1.0,10,off_0.0000,0.0,0.1405,1.405
nonemployment_16plus,0.0,dws_0.462,2.0,0.0,off_1.0,10,AR_recent_0.0035,0.0035,0.144,1.44
nonemployment_16plus,0.0,dws_0.462,2.0,0.0,off_1.0,10,AR_postwar_0.0047,0.0047,0.145,1.45
nonemployment_16plus,0.0,dws_0.462,2.0,0.0,off_1.0,20,off_0.0000,0.0,0.1045,2.09
nonemployment_16plus,0.0,dws_0.462,2.0,0.0,off_1.0,20,AR_recent_0.0035,0.0035,0.108,2.16
nonemployment_16plus,0.0,dws_0.462,2.0,0.0,off_1.0,20,AR_postwar_0.0047,0.0047,0.109,2.18
nonemployment_16plus,0.0,dws_0.462,2.0,0.0,on_1.5,2,off_0.0000,0.0,0.15,0.3
nonemployment_16plus,0.0,dws_0.462,2.0,0.0,on_1.5,2,AR_recent_0.0035,0.0035,0.15,0.3
nonemployment_16plus,0.0,dws_0.462,2.0,0.0,on_1.5,2,AR_postwar_0.0047,0.0047,0.15,0.3
nonemployment_16plus,0.0,dws_0.462,2.0,0.0,on_1.5,5,off_0.0000,0.0,0.15,0.75
nonemployment_16plus,0.0,dws_0.462,2.0,0.0,on_1.5,5,AR_recent_0.0035,0.0035,0.15,0.75
nonemployment_16plus,0.0,dws_0.462,2.0,0.0,on_1.5,5,AR_postwar_0.0047,0.0047,0.15,0.75
nonemployment_16plus,0.0,dws_0.462,2.0,0.0,on_1.5,10,off_0.0000,0.0,0.1305,1.305
nonemployment_16plus,0.0,dws_0.462,2.0,0.0,on_1.5,10,AR_recent_0.0035,0.0035,0.134,1.34
nonemployment_16plus,0.0,dws_0.462,2.0,0.0,on_1.5,10,AR_postwar_0.0047,0.0047,0.135,1.35
nonemployment_16plus,0.0,dws_0.462,2.0,0.0,on_1.5,20,off_0.0000,0.0,0.0935,1.87
nonemployment_16plus,0.0,dws_0.462,2.0,0.0,on_1.5,20,AR_recent_0.0035,0.0035,0.097,1.94
nonemployment_16plus,0.0,dws_0.462,2.0,0.0,on_1.5,20,AR_postwar_0.0047,0.0047,0.0985,1.97
nonemployment_16plus,0.0,dws_0.462,2.0,0.5,off_1.0,2,off_0.0000,0.0,0.15,0.3
nonemployment_16plus,0.0,dws_0.462,2.0,0.5,off_1.0,2,AR_recent_0.0035,0.0035,0.15,0.3
nonemployment_16plus,0.0,dws_0.462,2.0,0.5,off_1.0,2,AR_postwar_0.0047,0.0047,0.15,0.3
nonemployment_16plus,0.0,dws_0.462,2.0,0.5,off_1.0,5,off_0.0000,0.0,0.15,0.75
nonemployment_16plus,0.0,dws_0.462,2.0,0.5,off_1.0,5,AR_recent_0.0035,0.0035,0.15,0.75
nonemployment_16plus,0.0,dws_0.462,2.0,0.5,off_1.0,5,AR_postwar_0.0047,0.0047,0.15,0.75
nonemployment_16plus,0.0,dws_0.462,2.0,0.5,off_1.0,10,off_0.0000,0.0,0.1405,1.405
nonemployment_16plus,0.0,dws_0.462,2.0,0.5,off_1.0,10,AR_recent_0.0035,0.0035,0.144,1.44
nonemployment_16plus,0.0,dws_0.462,2.0,0.5,off_1.0,10,AR_postwar_0.0047,0.0047,0.145,1.45
nonemployment_16plus,0.0,dws_0.462,2.0,0.5,off_1.0,20,off_0.0000,0.0,0.1045,2.09
nonemployment_16plus,0.0,dws_0.462,2.0,0.5,off_1.0,20,AR_recent_0.0035,0.0035,0.108,2.16
nonemployment_16plus,0.0,dws_0.462,2.0,0.5,off_1.0,20,AR_postwar_0.0047,0.0047,0.109,2.18
nonemployment_16plus,0.0,dws_0.462,2.0,0.5,on_1.5,2,off_0.0000,0.0,0.15,0.3
nonemployment_16plus,0.0,dws_0.462,2.0,0.5,on_1.5,2,AR_recent_0.0035,0.0035,0.15,0.3
nonemployment_16plus,0.0,dws_0.462,2.0,0.5,on_1.5,2,AR_postwar_0.0047,0.0047,0.15,0.3
nonemployment_16plus,0.0,dws_0.462,2.0,0.5,on_1.5,5,off_0.0000,0.0,0.15,0.75
nonemployment_16plus,0.0,dws_0.462,2.0,0.5,on_1.5,5,AR_recent_0.0035,0.0035,0.15,0.75
nonemployment_16plus,0.0,dws_0.462,2.0,0.5,on_1.5,5,AR_postwar_0.0047,0.0047,0.15,0.75
nonemployment_16plus,0.0,dws_0.462,2.0,0.5,on_1.5,10,off_0.0000,0.0,0.1305,1.305
nonemployment_16plus,0.0,dws_0.462,2.0,0.5,on_1.5,10,AR_recent_0.0035,0.0035,0.134,1.34
nonemployment_16plus,0.0,dws_0.462,2.0,0.5,on_1.5,10,AR_postwar_0.0047,0.0047,0.135,1.35
nonemployment_16plus,0.0,dws_0.462,2.0,0.5,on_1.5,20,off_0.0000,0.0,0.0935,1.87
nonemployment_16plus,0.0,dws_0.462,2.0,0.5,on_1.5,20,AR_recent_0.0035,0.0035,0.097,1.94
nonemployment_16plus,0.0,dws_0.462,2.0,0.5,on_1.5,20,AR_postwar_0.0047,0.0047,0.0985,1.97
nonemployment_16plus,0.0,dws_0.462,2.0,1.0,off_1.0,2,off_0.0000,0.0,0.15,0.3
nonemployment_16plus,0.0,dws_0.462,2.0,1.0,off_1.0,2,AR_recent_0.0035,0.0035,0.15,0.3
nonemployment_16plus,0.0,dws_0.462,2.0,1.0,off_1.0,2,AR_postwar_0.0047,0.0047,0.15,0.3
nonemployment_16plus,0.0,dws_0.462,2.0,1.0,off_1.0,5,off_0.0000,0.0,0.15,0.75
nonemployment_16plus,0.0,dws_0.462,2.0,1.0,off_1.0,5,AR_recent_0.0035,0.0035,0.15,0.75
nonemployment_16plus,0.0,dws_0.462,2.0,1.0,off_1.0,5,AR_postwar_0.0047,0.0047,0.15,0.75
nonemployment_16plus,0.0,dws_0.462,2.0,1.0,off_1.0,10,off_0.0000,0.0,0.1405,1.405
nonemployment_16plus,0.0,dws_0.462,2.0,1.0,off_1.0,10,AR_recent_0.0035,0.0035,0.144,1.44
nonemployment_16plus,0.0,dws_0.462,2.0,1.0,off_1.0,10,AR_postwar_0.0047,0.0047,0.145,1.45
nonemployment_16plus,0.0,dws_0.462,2.0,1.0,off_1.0,20,off_0.0000,0.0,0.1045,2.09
nonemployment_16plus,0.0,dws_0.462,2.0,1.0,off_1.0,20,AR_recent_0.0035,0.0035,0.108,2.16
nonemployment_16plus,0.0,dws_0.462,2.0,1.0,off_1.0,20,AR_postwar_0.0047,0.0047,0.109,2.18
nonemployment_16plus,0.0,dws_0.462,2.0,1.0,on_1.5,2,off_0.0000,0.0,0.15,0.3
nonemployment_16plus,0.0,dws_0.462,2.0,1.0,on_1.5,2,AR_recent_0.0035,0.0035,0.15,0.3
nonemployment_16plus,0.0,dws_0.462,2.0,1.0,on_1.5,2,AR_postwar_0.0047,0.0047,0.15,0.3
nonemployment_16plus,0.0,dws_0.462,2.0,1.0,on_1.5,5,off_0.0000,0.0,0.15,0.75
nonemployment_16plus,0.0,dws_0.462,2.0,1.0,on_1.5,5,AR_recent_0.0035,0.0035,0.15,0.75
nonemployment_16plus,0.0,dws_0.462,2.0,1.0,on_1.5,5,AR_postwar_0.0047,0.0047,0.15,0.75
nonemployment_16plus,0.0,dws_0.462,2.0,1.0,on_1.5,10,off_0.0000,0.0,0.1305,1.305
nonemployment_16plus,0.0,dws_0.462,2.0,1.0,on_1.5,10,AR_recent_0.0035,0.0035,0.134,1.34
nonemployment_16plus,0.0,dws_0.462,2.0,1.0,on_1.5,10,AR_postwar_0.0047,0.0047,0.135,1.35
nonemployment_16plus,0.0,dws_0.462,2.0,1.0,on_1.5,20,off_0.0000,0.0,0.0935,1.87
nonemployment_16plus,0.0,dws_0.462,2.0,1.0,on_1.5,20,AR_recent_0.0035,0.0035,0.097,1.94
nonemployment_16plus,0.0,dws_0.462,2.0,1.0,on_1.5,20,AR_postwar_0.0047,0.0047,0.0985,1.97
nonemployment_16plus,0.0,dws_low_0.296,1.0,0.0,off_1.0,2,off_0.0000,0.0,0.15,0.3
nonemployment_16plus,0.0,dws_low_0.296,1.0,0.0,off_1.0,2,AR_recent_0.0035,0.0035,0.15,0.3
nonemployment_16plus,0.0,dws_low_0.296,1.0,0.0,off_1.0,2,AR_postwar_0.0047,0.0047,0.15,0.3
nonemployment_16plus,0.0,dws_low_0.296,1.0,0.0,off_1.0,5,off_0.0000,0.0,0.15,0.75
nonemployment_16plus,0.0,dws_low_0.296,1.0,0.0,off_1.0,5,AR_recent_0.0035,0.0035,0.15,0.75
nonemployment_16plus,0.0,dws_low_0.296,1.0,0.0,off_1.0,5,AR_postwar_0.0047,0.0047,0.15,0.75
nonemployment_16plus,0.0,dws_low_0.296,1.0,0.0,off_1.0,10,off_0.0000,0.0,0.15,1.5
nonemployment_16plus,0.0,dws_low_0.296,1.0,0.0,off_1.0,10,AR_recent_0.0035,0.0035,0.15,1.5
nonemployment_16plus,0.0,dws_low_0.296,1.0,0.0,off_1.0,10,AR_postwar_0.0047,0.0047,0.15,1.5
nonemployment_16plus,0.0,dws_low_0.296,1.0,0.0,off_1.0,20,off_0.0000,0.0,0.1285,2.57
nonemployment_16plus,0.0,dws_low_0.296,1.0,0.0,off_1.0,20,AR_recent_0.0035,0.0035,0.132,2.64
nonemployment_16plus,0.0,dws_low_0.296,1.0,0.0,off_1.0,20,AR_postwar_0.0047,0.0047,0.1335,2.67
nonemployment_16plus,0.0,dws_low_0.296,1.0,0.0,on_1.5,2,off_0.0000,0.0,0.15,0.3
nonemployment_16plus,0.0,dws_low_0.296,1.0,0.0,on_1.5,2,AR_recent_0.0035,0.0035,0.15,0.3
nonemployment_16plus,0.0,dws_low_0.296,1.0,0.0,on_1.5,2,AR_postwar_0.0047,0.0047,0.15,0.3
nonemployment_16plus,0.0,dws_low_0.296,1.0,0.0,on_1.5,5,off_0.0000,0.0,0.15,0.75
nonemployment_16plus,0.0,dws_low_0.296,1.0,0.0,on_1.5,5,AR_recent_0.0035,0.0035,0.15,0.75
nonemployment_16plus,0.0,dws_low_0.296,1.0,0.0,on_1.5,5,AR_postwar_0.0047,0.0047,0.15,0.75
nonemployment_16plus,0.0,dws_low_0.296,1.0,0.0,on_1.5,10,off_0.0000,0.0,0.15,1.5
nonemployment_16plus,0.0,dws_low_0.296,1.0,0.0,on_1.5,10,AR_recent_0.0035,0.0035,0.15,1.5
nonemployment_16plus,0.0,dws_low_0.296,1.0,0.0,on_1.5,10,AR_postwar_0.0047,0.0047,0.15,1.5
nonemployment_16plus,0.0,dws_low_0.296,1.0,0.0,on_1.5,20,off_0.0000,0.0,0.112,2.24
nonemployment_16plus,0.0,dws_low_0.296,1.0,0.0,on_1.5,20,AR_recent_0.0035,0.0035,0.1155,2.31
nonemployment_16plus,0.0,dws_low_0.296,1.0,0.0,on_1.5,20,AR_postwar_0.0047,0.0047,0.1165,2.33
nonemployment_16plus,0.0,dws_low_0.296,1.0,0.5,off_1.0,2,off_0.0000,0.0,0.15,0.3
nonemployment_16plus,0.0,dws_low_0.296,1.0,0.5,off_1.0,2,AR_recent_0.0035,0.0035,0.15,0.3
nonemployment_16plus,0.0,dws_low_0.296,1.0,0.5,off_1.0,2,AR_postwar_0.0047,0.0047,0.15,0.3
nonemployment_16plus,0.0,dws_low_0.296,1.0,0.5,off_1.0,5,off_0.0000,0.0,0.15,0.75
nonemployment_16plus,0.0,dws_low_0.296,1.0,0.5,off_1.0,5,AR_recent_0.0035,0.0035,0.15,0.75
nonemployment_16plus,0.0,dws_low_0.296,1.0,0.5,off_1.0,5,AR_postwar_0.0047,0.0047,0.15,0.75
nonemployment_16plus,0.0,dws_low_0.296,1.0,0.5,off_1.0,10,off_0.0000,0.0,0.15,1.5
nonemployment_16plus,0.0,dws_low_0.296,1.0,0.5,off_1.0,10,AR_recent_0.0035,0.0035,0.15,1.5
nonemployment_16plus,0.0,dws_low_0.296,1.0,0.5,off_1.0,10,AR_postwar_0.0047,0.0047,0.15,1.5
nonemployment_16plus,0.0,dws_low_0.296,1.0,0.5,off_1.0,20,off_0.0000,0.0,0.1285,2.57
nonemployment_16plus,0.0,dws_low_0.296,1.0,0.5,off_1.0,20,AR_recent_0.0035,0.0035,0.132,2.64
nonemployment_16plus,0.0,dws_low_0.296,1.0,0.5,off_1.0,20,AR_postwar_0.0047,0.0047,0.1335,2.67
nonemployment_16plus,0.0,dws_low_0.296,1.0,0.5,on_1.5,2,off_0.0000,0.0,0.15,0.3
nonemployment_16plus,0.0,dws_low_0.296,1.0,0.5,on_1.5,2,AR_recent_0.0035,0.0035,0.15,0.3
nonemployment_16plus,0.0,dws_low_0.296,1.0,0.5,on_1.5,2,AR_postwar_0.0047,0.0047,0.15,0.3
nonemployment_16plus,0.0,dws_low_0.296,1.0,0.5,on_1.5,5,off_0.0000,0.0,0.15,0.75
nonemployment_16plus,0.0,dws_low_0.296,1.0,0.5,on_1.5,5,AR_recent_0.0035,0.0035,0.15,0.75
nonemployment_16plus,0.0,dws_low_0.296,1.0,0.5,on_1.5,5,AR_postwar_0.0047,0.0047,0.15,0.75
nonemployment_16plus,0.0,dws_low_0.296,1.0,0.5,on_1.5,10,off_0.0000,0.0,0.15,1.5
nonemployment_16plus,0.0,dws_low_0.296,1.0,0.5,on_1.5,10,AR_recent_0.0035,0.0035,0.15,1.5
nonemployment_16plus,0.0,dws_low_0.296,1.0,0.5,on_1.5,10,AR_postwar_0.0047,0.0047,0.15,1.5
nonemployment_16plus,0.0,dws_low_0.296,1.0,0.5,on_1.5,20,off_0.0000,0.0,0.112,2.24
nonemployment_16plus,0.0,dws_low_0.296,1.0,0.5,on_1.5,20,AR_recent_0.0035,0.0035,0.1155,2.31
nonemployment_16plus,0.0,dws_low_0.296,1.0,0.5,on_1.5,20,AR_postwar_0.0047,0.0047,0.1165,2.33
nonemployment_16plus,0.0,dws_low_0.296,1.0,1.0,off_1.0,2,off_0.0000,0.0,0.15,0.3
nonemployment_16plus,0.0,dws_low_0.296,1.0,1.0,off_1.0,2,AR_recent_0.0035,0.0035,0.15,0.3
nonemployment_16plus,0.0,dws_low_0.296,1.0,1.0,off_1.0,2,AR_postwar_0.0047,0.0047,0.15,0.3
nonemployment_16plus,0.0,dws_low_0.296,1.0,1.0,off_1.0,5,off_0.0000,0.0,0.15,0.75
nonemployment_16plus,0.0,dws_low_0.296,1.0,1.0,off_1.0,5,AR_recent_0.0035,0.0035,0.15,0.75
nonemployment_16plus,0.0,dws_low_0.296,1.0,1.0,off_1.0,5,AR_postwar_0.0047,0.0047,0.15,0.75
nonemployment_16plus,0.0,dws_low_0.296,1.0,1.0,off_1.0,10,off_0.0000,0.0,0.15,1.5
nonemployment_16plus,0.0,dws_low_0.296,1.0,1.0,off_1.0,10,AR_recent_0.0035,0.0035,0.15,1.5
nonemployment_16plus,0.0,dws_low_0.296,1.0,1.0,off_1.0,10,AR_postwar_0.0047,0.0047,0.15,1.5
nonemployment_16plus,0.0,dws_low_0.296,1.0,1.0,off_1.0,20,off_0.0000,0.0,0.1285,2.57
nonemployment_16plus,0.0,dws_low_0.296,1.0,1.0,off_1.0,20,AR_recent_0.0035,0.0035,0.132,2.64
nonemployment_16plus,0.0,dws_low_0.296,1.0,1.0,off_1.0,20,AR_postwar_0.0047,0.0047,0.1335,2.67
nonemployment_16plus,0.0,dws_low_0.296,1.0,1.0,on_1.5,2,off_0.0000,0.0,0.15,0.3
nonemployment_16plus,0.0,dws_low_0.296,1.0,1.0,on_1.5,2,AR_recent_0.0035,0.0035,0.15,0.3
nonemployment_16plus,0.0,dws_low_0.296,1.0,1.0,on_1.5,2,AR_postwar_0.0047,0.0047,0.15,0.3
nonemployment_16plus,0.0,dws_low_0.296,1.0,1.0,on_1.5,5,off_0.0000,0.0,0.15,0.75
nonemployment_16plus,0.0,dws_low_0.296,1.0,1.0,on_1.5,5,AR_recent_0.0035,0.0035,0.15,0.75
nonemployment_16plus,0.0,dws_low_0.296,1.0,1.0,on_1.5,5,AR_postwar_0.0047,0.0047,0.15,0.75
nonemployment_16plus,0.0,dws_low_0.296,1.0,1.0,on_1.5,10,off_0.0000,0.0,0.15,1.5
nonemployment_16plus,0.0,dws_low_0.296,1.0,1.0,on_1.5,10,AR_recent_0.0035,0.0035,0.15,1.5
nonemployment_16plus,0.0,dws_low_0.296,1.0,1.0,on_1.5,10,AR_postwar_0.0047,0.0047,0.15,1.5
nonemployment_16plus,0.0,dws_low_0.296,1.0,1.0,on_1.5,20,off_0.0000,0.0,0.112,2.24
nonemployment_16plus,0.0,dws_low_0.296,1.0,1.0,on_1.5,20,AR_recent_0.0035,0.0035,0.1155,2.31
nonemployment_16plus,0.0,dws_low_0.296,1.0,1.0,on_1.5,20,AR_postwar_0.0047,0.0047,0.1165,2.33
nonemployment_16plus,0.0,dws_low_0.296,1.5,0.0,off_1.0,2,off_0.0000,0.0,0.15,0.3
nonemployment_16plus,0.0,dws_low_0.296,1.5,0.0,off_1.0,2,AR_recent_0.0035,0.0035,0.15,0.3
nonemployment_16plus,0.0,dws_low_0.296,1.5,0.0,off_1.0,2,AR_postwar_0.0047,0.0047,0.15,0.3
nonemployment_16plus,0.0,dws_low_0.296,1.5,0.0,off_1.0,5,off_0.0000,0.0,0.15,0.75
nonemployment_16plus,0.0,dws_low_0.296,1.5,0.0,off_1.0,5,AR_recent_0.0035,0.0035,0.15,0.75
nonemployment_16plus,0.0,dws_low_0.296,1.5,0.0,off_1.0,5,AR_postwar_0.0047,0.0047,0.15,0.75
nonemployment_16plus,0.0,dws_low_0.296,1.5,0.0,off_1.0,10,off_0.0000,0.0,0.15,1.5
nonemployment_16plus,0.0,dws_low_0.296,1.5,0.0,off_1.0,10,AR_recent_0.0035,0.0035,0.15,1.5
nonemployment_16plus,0.0,dws_low_0.296,1.5,0.0,off_1.0,10,AR_postwar_0.0047,0.0047,0.15,1.5
nonemployment_16plus,0.0,dws_low_0.296,1.5,0.0,off_1.0,20,off_0.0000,0.0,0.12,2.4
nonemployment_16plus,0.0,dws_low_0.296,1.5,0.0,off_1.0,20,AR_recent_0.0035,0.0035,0.1235,2.47
nonemployment_16plus,0.0,dws_low_0.296,1.5,0.0,off_1.0,20,AR_postwar_0.0047,0.0047,0.1245,2.49
nonemployment_16plus,0.0,dws_low_0.296,1.5,0.0,on_1.5,2,off_0.0000,0.0,0.15,0.3
nonemployment_16plus,0.0,dws_low_0.296,1.5,0.0,on_1.5,2,AR_recent_0.0035,0.0035,0.15,0.3
nonemployment_16plus,0.0,dws_low_0.296,1.5,0.0,on_1.5,2,AR_postwar_0.0047,0.0047,0.15,0.3
nonemployment_16plus,0.0,dws_low_0.296,1.5,0.0,on_1.5,5,off_0.0000,0.0,0.15,0.75
nonemployment_16plus,0.0,dws_low_0.296,1.5,0.0,on_1.5,5,AR_recent_0.0035,0.0035,0.15,0.75
nonemployment_16plus,0.0,dws_low_0.296,1.5,0.0,on_1.5,5,AR_postwar_0.0047,0.0047,0.15,0.75
nonemployment_16plus,0.0,dws_low_0.296,1.5,0.0,on_1.5,10,off_0.0000,0.0,0.1465,1.465
nonemployment_16plus,0.0,dws_low_0.296,1.5,0.0,on_1.5,10,AR_recent_0.0035,0.0035,0.15,1.5
nonemployment_16plus,0.0,dws_low_0.296,1.5,0.0,on_1.5,10,AR_postwar_0.0047,0.0047,0.15,1.5
nonemployment_16plus,0.0,dws_low_0.296,1.5,0.0,on_1.5,20,off_0.0000,0.0,0.1075,2.15
nonemployment_16plus,0.0,dws_low_0.296,1.5,0.0,on_1.5,20,AR_recent_0.0035,0.0035,0.111,2.22
nonemployment_16plus,0.0,dws_low_0.296,1.5,0.0,on_1.5,20,AR_postwar_0.0047,0.0047,0.112,2.24
nonemployment_16plus,0.0,dws_low_0.296,1.5,0.5,off_1.0,2,off_0.0000,0.0,0.15,0.3
nonemployment_16plus,0.0,dws_low_0.296,1.5,0.5,off_1.0,2,AR_recent_0.0035,0.0035,0.15,0.3
nonemployment_16plus,0.0,dws_low_0.296,1.5,0.5,off_1.0,2,AR_postwar_0.0047,0.0047,0.15,0.3
nonemployment_16plus,0.0,dws_low_0.296,1.5,0.5,off_1.0,5,off_0.0000,0.0,0.15,0.75
nonemployment_16plus,0.0,dws_low_0.296,1.5,0.5,off_1.0,5,AR_recent_0.0035,0.0035,0.15,0.75
nonemployment_16plus,0.0,dws_low_0.296,1.5,0.5,off_1.0,5,AR_postwar_0.0047,0.0047,0.15,0.75
nonemployment_16plus,0.0,dws_low_0.296,1.5,0.5,off_1.0,10,off_0.0000,0.0,0.15,1.5
nonemployment_16plus,0.0,dws_low_0.296,1.5,0.5,off_1.0,10,AR_recent_0.0035,0.0035,0.15,1.5
nonemployment_16plus,0.0,dws_low_0.296,1.5,0.5,off_1.0,10,AR_postwar_0.0047,0.0047,0.15,1.5
nonemployment_16plus,0.0,dws_low_0.296,1.5,0.5,off_1.0,20,off_0.0000,0.0,0.12,2.4
nonemployment_16plus,0.0,dws_low_0.296,1.5,0.5,off_1.0,20,AR_recent_0.0035,0.0035,0.1235,2.47
nonemployment_16plus,0.0,dws_low_0.296,1.5,0.5,off_1.0,20,AR_postwar_0.0047,0.0047,0.1245,2.49
nonemployment_16plus,0.0,dws_low_0.296,1.5,0.5,on_1.5,2,off_0.0000,0.0,0.15,0.3
nonemployment_16plus,0.0,dws_low_0.296,1.5,0.5,on_1.5,2,AR_recent_0.0035,0.0035,0.15,0.3
nonemployment_16plus,0.0,dws_low_0.296,1.5,0.5,on_1.5,2,AR_postwar_0.0047,0.0047,0.15,0.3
nonemployment_16plus,0.0,dws_low_0.296,1.5,0.5,on_1.5,5,off_0.0000,0.0,0.15,0.75
nonemployment_16plus,0.0,dws_low_0.296,1.5,0.5,on_1.5,5,AR_recent_0.0035,0.0035,0.15,0.75
nonemployment_16plus,0.0,dws_low_0.296,1.5,0.5,on_1.5,5,AR_postwar_0.0047,0.0047,0.15,0.75
nonemployment_16plus,0.0,dws_low_0.296,1.5,0.5,on_1.5,10,off_0.0000,0.0,0.1465,1.465
nonemployment_16plus,0.0,dws_low_0.296,1.5,0.5,on_1.5,10,AR_recent_0.0035,0.0035,0.15,1.5
nonemployment_16plus,0.0,dws_low_0.296,1.5,0.5,on_1.5,10,AR_postwar_0.0047,0.0047,0.15,1.5
nonemployment_16plus,0.0,dws_low_0.296,1.5,0.5,on_1.5,20,off_0.0000,0.0,0.1075,2.15
nonemployment_16plus,0.0,dws_low_0.296,1.5,0.5,on_1.5,20,AR_recent_0.0035,0.0035,0.111,2.22
nonemployment_16plus,0.0,dws_low_0.296,1.5,0.5,on_1.5,20,AR_postwar_0.0047,0.0047,0.112,2.24
nonemployment_16plus,0.0,dws_low_0.296,1.5,1.0,off_1.0,2,off_0.0000,0.0,0.15,0.3
nonemployment_16plus,0.0,dws_low_0.296,1.5,1.0,off_1.0,2,AR_recent_0.0035,0.0035,0.15,0.3
nonemployment_16plus,0.0,dws_low_0.296,1.5,1.0,off_1.0,2,AR_postwar_0.0047,0.0047,0.15,0.3
nonemployment_16plus,0.0,dws_low_0.296,1.5,1.0,off_1.0,5,off_0.0000,0.0,0.15,0.75
nonemployment_16plus,0.0,dws_low_0.296,1.5,1.0,off_1.0,5,AR_recent_0.0035,0.0035,0.15,0.75
nonemployment_16plus,0.0,dws_low_0.296,1.5,1.0,off_1.0,5,AR_postwar_0.0047,0.0047,0.15,0.75
nonemployment_16plus,0.0,dws_low_0.296,1.5,1.0,off_1.0,10,off_0.0000,0.0,0.15,1.5
nonemployment_16plus,0.0,dws_low_0.296,1.5,1.0,off_1.0,10,AR_recent_0.0035,0.0035,0.15,1.5
nonemployment_16plus,0.0,dws_low_0.296,1.5,1.0,off_1.0,10,AR_postwar_0.0047,0.0047,0.15,1.5
nonemployment_16plus,0.0,dws_low_0.296,1.5,1.0,off_1.0,20,off_0.0000,0.0,0.12,2.4
nonemployment_16plus,0.0,dws_low_0.296,1.5,1.0,off_1.0,20,AR_recent_0.0035,0.0035,0.1235,2.47
nonemployment_16plus,0.0,dws_low_0.296,1.5,1.0,off_1.0,20,AR_postwar_0.0047,0.0047,0.1245,2.49
nonemployment_16plus,0.0,dws_low_0.296,1.5,1.0,on_1.5,2,off_0.0000,0.0,0.15,0.3
nonemployment_16plus,0.0,dws_low_0.296,1.5,1.0,on_1.5,2,AR_recent_0.0035,0.0035,0.15,0.3
nonemployment_16plus,0.0,dws_low_0.296,1.5,1.0,on_1.5,2,AR_postwar_0.0047,0.0047,0.15,0.3
nonemployment_16plus,0.0,dws_low_0.296,1.5,1.0,on_1.5,5,off_0.0000,0.0,0.15,0.75
nonemployment_16plus,0.0,dws_low_0.296,1.5,1.0,on_1.5,5,AR_recent_0.0035,0.0035,0.15,0.75
nonemployment_16plus,0.0,dws_low_0.296,1.5,1.0,on_1.5,5,AR_postwar_0.0047,0.0047,0.15,0.75
nonemployment_16plus,0.0,dws_low_0.296,1.5,1.0,on_1.5,10,off_0.0000,0.0,0.1465,1.465
nonemployment_16plus,0.0,dws_low_0.296,1.5,1.0,on_1.5,10,AR_recent_0.0035,0.0035,0.15,1.5
nonemployment_16plus,0.0,dws_low_0.296,1.5,1.0,on_1.5,10,AR_postwar_0.0047,0.0047,0.15,1.5
nonemployment_16plus,0.0,dws_low_0.296,1.5,1.0,on_1.5,20,off_0.0000,0.0,0.1075,2.15
nonemployment_16plus,0.0,dws_low_0.296,1.5,1.0,on_1.5,20,AR_recent_0.0035,0.0035,0.111,2.22
nonemployment_16plus,0.0,dws_low_0.296,1.5,1.0,on_1.5,20,AR_postwar_0.0047,0.0047,0.112,2.24
nonemployment_16plus,0.0,dws_low_0.296,2.0,0.0,off_1.0,2,off_0.0000,0.0,0.15,0.3
nonemployment_16plus,0.0,dws_low_0.296,2.0,0.0,off_1.0,2,AR_recent_0.0035,0.0035,0.15,0.3
nonemployment_16plus,0.0,dws_low_0.296,2.0,0.0,off_1.0,2,AR_postwar_0.0047,0.0047,0.15,0.3
nonemployment_16plus,0.0,dws_low_0.296,2.0,0.0,off_1.0,5,off_0.0000,0.0,0.15,0.75
nonemployment_16plus,0.0,dws_low_0.296,2.0,0.0,off_1.0,5,AR_recent_0.0035,0.0035,0.15,0.75
nonemployment_16plus,0.0,dws_low_0.296,2.0,0.0,off_1.0,5,AR_postwar_0.0047,0.0047,0.15,0.75
nonemployment_16plus,0.0,dws_low_0.296,2.0,0.0,off_1.0,10,off_0.0000,0.0,0.138,1.38
nonemployment_16plus,0.0,dws_low_0.296,2.0,0.0,off_1.0,10,AR_recent_0.0035,0.0035,0.1415,1.415
nonemployment_16plus,0.0,dws_low_0.296,2.0,0.0,off_1.0,10,AR_postwar_0.0047,0.0047,0.1425,1.425
nonemployment_16plus,0.0,dws_low_0.296,2.0,0.0,off_1.0,20,off_0.0000,0.0,0.1075,2.15
nonemployment_16plus,0.0,dws_low_0.296,2.0,0.0,off_1.0,20,AR_recent_0.0035,0.0035,0.111,2.22
nonemployment_16plus,0.0,dws_low_0.296,2.0,0.0,off_1.0,20,AR_postwar_0.0047,0.0047,0.1125,2.25
nonemployment_16plus,0.0,dws_low_0.296,2.0,0.0,on_1.5,2,off_0.0000,0.0,0.15,0.3
nonemployment_16plus,0.0,dws_low_0.296,2.0,0.0,on_1.5,2,AR_recent_0.0035,0.0035,0.15,0.3
nonemployment_16plus,0.0,dws_low_0.296,2.0,0.0,on_1.5,2,AR_postwar_0.0047,0.0047,0.15,0.3
nonemployment_16plus,0.0,dws_low_0.296,2.0,0.0,on_1.5,5,off_0.0000,0.0,0.15,0.75
nonemployment_16plus,0.0,dws_low_0.296,2.0,0.0,on_1.5,5,AR_recent_0.0035,0.0035,0.15,0.75
nonemployment_16plus,0.0,dws_low_0.296,2.0,0.0,on_1.5,5,AR_postwar_0.0047,0.0047,0.15,0.75
nonemployment_16plus,0.0,dws_low_0.296,2.0,0.0,on_1.5,10,off_0.0000,0.0,0.131,1.31
nonemployment_16plus,0.0,dws_low_0.296,2.0,0.0,on_1.5,10,AR_recent_0.0035,0.0035,0.1345,1.345
nonemployment_16plus,0.0,dws_low_0.296,2.0,0.0,on_1.5,10,AR_postwar_0.0047,0.0047,0.1355,1.355
nonemployment_16plus,0.0,dws_low_0.296,2.0,0.0,on_1.5,20,off_0.0000,0.0,0.098,1.96
nonemployment_16plus,0.0,dws_low_0.296,2.0,0.0,on_1.5,20,AR_recent_0.0035,0.0035,0.1015,2.03
nonemployment_16plus,0.0,dws_low_0.296,2.0,0.0,on_1.5,20,AR_postwar_0.0047,0.0047,0.103,2.06
nonemployment_16plus,0.0,dws_low_0.296,2.0,0.5,off_1.0,2,off_0.0000,0.0,0.15,0.3
nonemployment_16plus,0.0,dws_low_0.296,2.0,0.5,off_1.0,2,AR_recent_0.0035,0.0035,0.15,0.3
nonemployment_16plus,0.0,dws_low_0.296,2.0,0.5,off_1.0,2,AR_postwar_0.0047,0.0047,0.15,0.3
nonemployment_16plus,0.0,dws_low_0.296,2.0,0.5,off_1.0,5,off_0.0000,0.0,0.15,0.75
nonemployment_16plus,0.0,dws_low_0.296,2.0,0.5,off_1.0,5,AR_recent_0.0035,0.0035,0.15,0.75
nonemployment_16plus,0.0,dws_low_0.296,2.0,0.5,off_1.0,5,AR_postwar_0.0047,0.0047,0.15,0.75
nonemployment_16plus,0.0,dws_low_0.296,2.0,0.5,off_1.0,10,off_0.0000,0.0,0.138,1.38
nonemployment_16plus,0.0,dws_low_0.296,2.0,0.5,off_1.0,10,AR_recent_0.0035,0.0035,0.1415,1.415
nonemployment_16plus,0.0,dws_low_0.296,2.0,0.5,off_1.0,10,AR_postwar_0.0047,0.0047,0.1425,1.425
nonemployment_16plus,0.0,dws_low_0.296,2.0,0.5,off_1.0,20,off_0.0000,0.0,0.1075,2.15
nonemployment_16plus,0.0,dws_low_0.296,2.0,0.5,off_1.0,20,AR_recent_0.0035,0.0035,0.111,2.22
nonemployment_16plus,0.0,dws_low_0.296,2.0,0.5,off_1.0,20,AR_postwar_0.0047,0.0047,0.1125,2.25
nonemployment_16plus,0.0,dws_low_0.296,2.0,0.5,on_1.5,2,off_0.0000,0.0,0.15,0.3
nonemployment_16plus,0.0,dws_low_0.296,2.0,0.5,on_1.5,2,AR_recent_0.0035,0.0035,0.15,0.3
nonemployment_16plus,0.0,dws_low_0.296,2.0,0.5,on_1.5,2,AR_postwar_0.0047,0.0047,0.15,0.3
nonemployment_16plus,0.0,dws_low_0.296,2.0,0.5,on_1.5,5,off_0.0000,0.0,0.15,0.75
nonemployment_16plus,0.0,dws_low_0.296,2.0,0.5,on_1.5,5,AR_recent_0.0035,0.0035,0.15,0.75
nonemployment_16plus,0.0,dws_low_0.296,2.0,0.5,on_1.5,5,AR_postwar_0.0047,0.0047,0.15,0.75
nonemployment_16plus,0.0,dws_low_0.296,2.0,0.5,on_1.5,10,off_0.0000,0.0,0.131,1.31
nonemployment_16plus,0.0,dws_low_0.296,2.0,0.5,on_1.5,10,AR_recent_0.0035,0.0035,0.1345,1.345
nonemployment_16plus,0.0,dws_low_0.296,2.0,0.5,on_1.5,10,AR_postwar_0.0047,0.0047,0.1355,1.355
nonemployment_16plus,0.0,dws_low_0.296,2.0,0.5,on_1.5,20,off_0.0000,0.0,0.098,1.96
nonemployment_16plus,0.0,dws_low_0.296,2.0,0.5,on_1.5,20,AR_recent_0.0035,0.0035,0.1015,2.03
nonemployment_16plus,0.0,dws_low_0.296,2.0,0.5,on_1.5,20,AR_postwar_0.0047,0.0047,0.103,2.06
nonemployment_16plus,0.0,dws_low_0.296,2.0,1.0,off_1.0,2,off_0.0000,0.0,0.15,0.3
nonemployment_16plus,0.0,dws_low_0.296,2.0,1.0,off_1.0,2,AR_recent_0.0035,0.0035,0.15,0.3
nonemployment_16plus,0.0,dws_low_0.296,2.0,1.0,off_1.0,2,AR_postwar_0.0047,0.0047,0.15,0.3
nonemployment_16plus,0.0,dws_low_0.296,2.0,1.0,off_1.0,5,off_0.0000,0.0,0.15,0.75
nonemployment_16plus,0.0,dws_low_0.296,2.0,1.0,off_1.0,5,AR_recent_0.0035,0.0035,0.15,0.75
nonemployment_16plus,0.0,dws_low_0.296,2.0,1.0,off_1.0,5,AR_postwar_0.0047,0.0047,0.15,0.75
nonemployment_16plus,0.0,dws_low_0.296,2.0,1.0,off_1.0,10,off_0.0000,0.0,0.138,1.38
nonemployment_16plus,0.0,dws_low_0.296,2.0,1.0,off_1.0,10,AR_recent_0.0035,0.0035,0.1415,1.415
nonemployment_16plus,0.0,dws_low_0.296,2.0,1.0,off_1.0,10,AR_postwar_0.0047,0.0047,0.1425,1.425
nonemployment_16plus,0.0,dws_low_0.296,2.0,1.0,off_1.0,20,off_0.0000,0.0,0.1075,2.15
nonemployment_16plus,0.0,dws_low_0.296,2.0,1.0,off_1.0,20,AR_recent_0.0035,0.0035,0.111,2.22
nonemployment_16plus,0.0,dws_low_0.296,2.0,1.0,off_1.0,20,AR_postwar_0.0047,0.0047,0.1125,2.25
nonemployment_16plus,0.0,dws_low_0.296,2.0,1.0,on_1.5,2,off_0.0000,0.0,0.15,0.3
nonemployment_16plus,0.0,dws_low_0.296,2.0,1.0,on_1.5,2,AR_recent_0.0035,0.0035,0.15,0.3
nonemployment_16plus,0.0,dws_low_0.296,2.0,1.0,on_1.5,2,AR_postwar_0.0047,0.0047,0.15,0.3
nonemployment_16plus,0.0,dws_low_0.296,2.0,1.0,on_1.5,5,off_0.0000,0.0,0.15,0.75
nonemployment_16plus,0.0,dws_low_0.296,2.0,1.0,on_1.5,5,AR_recent_0.0035,0.0035,0.15,0.75
nonemployment_16plus,0.0,dws_low_0.296,2.0,1.0,on_1.5,5,AR_postwar_0.0047,0.0047,0.15,0.75
nonemployment_16plus,0.0,dws_low_0.296,2.0,1.0,on_1.5,10,off_0.0000,0.0,0.131,1.31
nonemployment_16plus,0.0,dws_low_0.296,2.0,1.0,on_1.5,10,AR_recent_0.0035,0.0035,0.1345,1.345
nonemployment_16plus,0.0,dws_low_0.296,2.0,1.0,on_1.5,10,AR_postwar_0.0047,0.0047,0.1355,1.355
nonemployment_16plus,0.0,dws_low_0.296,2.0,1.0,on_1.5,20,off_0.0000,0.0,0.098,1.96
nonemployment_16plus,0.0,dws_low_0.296,2.0,1.0,on_1.5,20,AR_recent_0.0035,0.0035,0.1015,2.03
nonemployment_16plus,0.0,dws_low_0.296,2.0,1.0,on_1.5,20,AR_postwar_0.0047,0.0047,0.103,2.06
nonemployment_16plus,0.0,dws_high_0.643,1.0,0.0,off_1.0,2,off_0.0000,0.0,0.15,0.3
nonemployment_16plus,0.0,dws_high_0.643,1.0,0.0,off_1.0,2,AR_recent_0.0035,0.0035,0.15,0.3
nonemployment_16plus,0.0,dws_high_0.643,1.0,0.0,off_1.0,2,AR_postwar_0.0047,0.0047,0.15,0.3
nonemployment_16plus,0.0,dws_high_0.643,1.0,0.0,off_1.0,5,off_0.0000,0.0,0.15,0.75
nonemployment_16plus,0.0,dws_high_0.643,1.0,0.0,off_1.0,5,AR_recent_0.0035,0.0035,0.15,0.75
nonemployment_16plus,0.0,dws_high_0.643,1.0,0.0,off_1.0,5,AR_postwar_0.0047,0.0047,0.15,0.75
nonemployment_16plus,0.0,dws_high_0.643,1.0,0.0,off_1.0,10,off_0.0000,0.0,0.15,1.5
nonemployment_16plus,0.0,dws_high_0.643,1.0,0.0,off_1.0,10,AR_recent_0.0035,0.0035,0.15,1.5
nonemployment_16plus,0.0,dws_high_0.643,1.0,0.0,off_1.0,10,AR_postwar_0.0047,0.0047,0.15,1.5
nonemployment_16plus,0.0,dws_high_0.643,1.0,0.0,off_1.0,20,off_0.0000,0.0,0.1045,2.09
nonemployment_16plus,0.0,dws_high_0.643,1.0,0.0,off_1.0,20,AR_recent_0.0035,0.0035,0.108,2.16
nonemployment_16plus,0.0,dws_high_0.643,1.0,0.0,off_1.0,20,AR_postwar_0.0047,0.0047,0.1095,2.19
nonemployment_16plus,0.0,dws_high_0.643,1.0,0.0,on_1.5,2,off_0.0000,0.0,0.15,0.3
nonemployment_16plus,0.0,dws_high_0.643,1.0,0.0,on_1.5,2,AR_recent_0.0035,0.0035,0.15,0.3
nonemployment_16plus,0.0,dws_high_0.643,1.0,0.0,on_1.5,2,AR_postwar_0.0047,0.0047,0.15,0.3
nonemployment_16plus,0.0,dws_high_0.643,1.0,0.0,on_1.5,5,off_0.0000,0.0,0.15,0.75
nonemployment_16plus,0.0,dws_high_0.643,1.0,0.0,on_1.5,5,AR_recent_0.0035,0.0035,0.15,0.75
nonemployment_16plus,0.0,dws_high_0.643,1.0,0.0,on_1.5,5,AR_postwar_0.0047,0.0047,0.15,0.75
nonemployment_16plus,0.0,dws_high_0.643,1.0,0.0,on_1.5,10,off_0.0000,0.0,0.136,1.36
nonemployment_16plus,0.0,dws_high_0.643,1.0,0.0,on_1.5,10,AR_recent_0.0035,0.0035,0.1395,1.395
nonemployment_16plus,0.0,dws_high_0.643,1.0,0.0,on_1.5,10,AR_postwar_0.0047,0.0047,0.141,1.41
nonemployment_16plus,0.0,dws_high_0.643,1.0,0.0,on_1.5,20,off_0.0000,0.0,0.09,1.8
nonemployment_16plus,0.0,dws_high_0.643,1.0,0.0,on_1.5,20,AR_recent_0.0035,0.0035,0.0935,1.87
nonemployment_16plus,0.0,dws_high_0.643,1.0,0.0,on_1.5,20,AR_postwar_0.0047,0.0047,0.095,1.9
nonemployment_16plus,0.0,dws_high_0.643,1.0,0.5,off_1.0,2,off_0.0000,0.0,0.15,0.3
nonemployment_16plus,0.0,dws_high_0.643,1.0,0.5,off_1.0,2,AR_recent_0.0035,0.0035,0.15,0.3
nonemployment_16plus,0.0,dws_high_0.643,1.0,0.5,off_1.0,2,AR_postwar_0.0047,0.0047,0.15,0.3
nonemployment_16plus,0.0,dws_high_0.643,1.0,0.5,off_1.0,5,off_0.0000,0.0,0.15,0.75
nonemployment_16plus,0.0,dws_high_0.643,1.0,0.5,off_1.0,5,AR_recent_0.0035,0.0035,0.15,0.75
nonemployment_16plus,0.0,dws_high_0.643,1.0,0.5,off_1.0,5,AR_postwar_0.0047,0.0047,0.15,0.75
nonemployment_16plus,0.0,dws_high_0.643,1.0,0.5,off_1.0,10,off_0.0000,0.0,0.15,1.5
nonemployment_16plus,0.0,dws_high_0.643,1.0,0.5,off_1.0,10,AR_recent_0.0035,0.0035,0.15,1.5
nonemployment_16plus,0.0,dws_high_0.643,1.0,0.5,off_1.0,10,AR_postwar_0.0047,0.0047,0.15,1.5
nonemployment_16plus,0.0,dws_high_0.643,1.0,0.5,off_1.0,20,off_0.0000,0.0,0.1045,2.09
nonemployment_16plus,0.0,dws_high_0.643,1.0,0.5,off_1.0,20,AR_recent_0.0035,0.0035,0.108,2.16
nonemployment_16plus,0.0,dws_high_0.643,1.0,0.5,off_1.0,20,AR_postwar_0.0047,0.0047,0.1095,2.19
nonemployment_16plus,0.0,dws_high_0.643,1.0,0.5,on_1.5,2,off_0.0000,0.0,0.15,0.3
nonemployment_16plus,0.0,dws_high_0.643,1.0,0.5,on_1.5,2,AR_recent_0.0035,0.0035,0.15,0.3
nonemployment_16plus,0.0,dws_high_0.643,1.0,0.5,on_1.5,2,AR_postwar_0.0047,0.0047,0.15,0.3
nonemployment_16plus,0.0,dws_high_0.643,1.0,0.5,on_1.5,5,off_0.0000,0.0,0.15,0.75
nonemployment_16plus,0.0,dws_high_0.643,1.0,0.5,on_1.5,5,AR_recent_0.0035,0.0035,0.15,0.75
nonemployment_16plus,0.0,dws_high_0.643,1.0,0.5,on_1.5,5,AR_postwar_0.0047,0.0047,0.15,0.75
nonemployment_16plus,0.0,dws_high_0.643,1.0,0.5,on_1.5,10,off_0.0000,0.0,0.136,1.36
nonemployment_16plus,0.0,dws_high_0.643,1.0,0.5,on_1.5,10,AR_recent_0.0035,0.0035,0.1395,1.395
nonemployment_16plus,0.0,dws_high_0.643,1.0,0.5,on_1.5,10,AR_postwar_0.0047,0.0047,0.141,1.41
nonemployment_16plus,0.0,dws_high_0.643,1.0,0.5,on_1.5,20,off_0.0000,0.0,0.09,1.8
nonemployment_16plus,0.0,dws_high_0.643,1.0,0.5,on_1.5,20,AR_recent_0.0035,0.0035,0.0935,1.87
nonemployment_16plus,0.0,dws_high_0.643,1.0,0.5,on_1.5,20,AR_postwar_0.0047,0.0047,0.095,1.9
nonemployment_16plus,0.0,dws_high_0.643,1.0,1.0,off_1.0,2,off_0.0000,0.0,0.15,0.3
nonemployment_16plus,0.0,dws_high_0.643,1.0,1.0,off_1.0,2,AR_recent_0.0035,0.0035,0.15,0.3
nonemployment_16plus,0.0,dws_high_0.643,1.0,1.0,off_1.0,2,AR_postwar_0.0047,0.0047,0.15,0.3
nonemployment_16plus,0.0,dws_high_0.643,1.0,1.0,off_1.0,5,off_0.0000,0.0,0.15,0.75
nonemployment_16plus,0.0,dws_high_0.643,1.0,1.0,off_1.0,5,AR_recent_0.0035,0.0035,0.15,0.75
nonemployment_16plus,0.0,dws_high_0.643,1.0,1.0,off_1.0,5,AR_postwar_0.0047,0.0047,0.15,0.75
nonemployment_16plus,0.0,dws_high_0.643,1.0,1.0,off_1.0,10,off_0.0000,0.0,0.15,1.5
nonemployment_16plus,0.0,dws_high_0.643,1.0,1.0,off_1.0,10,AR_recent_0.0035,0.0035,0.15,1.5
nonemployment_16plus,0.0,dws_high_0.643,1.0,1.0,off_1.0,10,AR_postwar_0.0047,0.0047,0.15,1.5
nonemployment_16plus,0.0,dws_high_0.643,1.0,1.0,off_1.0,20,off_0.0000,0.0,0.1045,2.09
nonemployment_16plus,0.0,dws_high_0.643,1.0,1.0,off_1.0,20,AR_recent_0.0035,0.0035,0.108,2.16
nonemployment_16plus,0.0,dws_high_0.643,1.0,1.0,off_1.0,20,AR_postwar_0.0047,0.0047,0.1095,2.19
nonemployment_16plus,0.0,dws_high_0.643,1.0,1.0,on_1.5,2,off_0.0000,0.0,0.15,0.3
nonemployment_16plus,0.0,dws_high_0.643,1.0,1.0,on_1.5,2,AR_recent_0.0035,0.0035,0.15,0.3
nonemployment_16plus,0.0,dws_high_0.643,1.0,1.0,on_1.5,2,AR_postwar_0.0047,0.0047,0.15,0.3
nonemployment_16plus,0.0,dws_high_0.643,1.0,1.0,on_1.5,5,off_0.0000,0.0,0.15,0.75
nonemployment_16plus,0.0,dws_high_0.643,1.0,1.0,on_1.5,5,AR_recent_0.0035,0.0035,0.15,0.75
nonemployment_16plus,0.0,dws_high_0.643,1.0,1.0,on_1.5,5,AR_postwar_0.0047,0.0047,0.15,0.75
nonemployment_16plus,0.0,dws_high_0.643,1.0,1.0,on_1.5,10,off_0.0000,0.0,0.136,1.36
nonemployment_16plus,0.0,dws_high_0.643,1.0,1.0,on_1.5,10,AR_recent_0.0035,0.0035,0.1395,1.395
nonemployment_16plus,0.0,dws_high_0.643,1.0,1.0,on_1.5,10,AR_postwar_0.0047,0.0047,0.141,1.41
nonemployment_16plus,0.0,dws_high_0.643,1.0,1.0,on_1.5,20,off_0.0000,0.0,0.09,1.8
nonemployment_16plus,0.0,dws_high_0.643,1.0,1.0,on_1.5,20,AR_recent_0.0035,0.0035,0.0935,1.87
nonemployment_16plus,0.0,dws_high_0.643,1.0,1.0,on_1.5,20,AR_postwar_0.0047,0.0047,0.095,1.9
nonemployment_16plus,0.0,dws_high_0.643,1.5,0.0,off_1.0,2,off_0.0000,0.0,0.15,0.3
nonemployment_16plus,0.0,dws_high_0.643,1.5,0.0,off_1.0,2,AR_recent_0.0035,0.0035,0.15,0.3
nonemployment_16plus,0.0,dws_high_0.643,1.5,0.0,off_1.0,2,AR_postwar_0.0047,0.0047,0.15,0.3
nonemployment_16plus,0.0,dws_high_0.643,1.5,0.0,off_1.0,5,off_0.0000,0.0,0.15,0.75
nonemployment_16plus,0.0,dws_high_0.643,1.5,0.0,off_1.0,5,AR_recent_0.0035,0.0035,0.15,0.75
nonemployment_16plus,0.0,dws_high_0.643,1.5,0.0,off_1.0,5,AR_postwar_0.0047,0.0047,0.15,0.75
nonemployment_16plus,0.0,dws_high_0.643,1.5,0.0,off_1.0,10,off_0.0000,0.0,0.15,1.5
nonemployment_16plus,0.0,dws_high_0.643,1.5,0.0,off_1.0,10,AR_recent_0.0035,0.0035,0.15,1.5
nonemployment_16plus,0.0,dws_high_0.643,1.5,0.0,off_1.0,10,AR_postwar_0.0047,0.0047,0.15,1.5
nonemployment_16plus,0.0,dws_high_0.643,1.5,0.0,off_1.0,20,off_0.0000,0.0,0.1075,2.15
nonemployment_16plus,0.0,dws_high_0.643,1.5,0.0,off_1.0,20,AR_recent_0.0035,0.0035,0.111,2.22
nonemployment_16plus,0.0,dws_high_0.643,1.5,0.0,off_1.0,20,AR_postwar_0.0047,0.0047,0.1125,2.25
nonemployment_16plus,0.0,dws_high_0.643,1.5,0.0,on_1.5,2,off_0.0000,0.0,0.15,0.3
nonemployment_16plus,0.0,dws_high_0.643,1.5,0.0,on_1.5,2,AR_recent_0.0035,0.0035,0.15,0.3
nonemployment_16plus,0.0,dws_high_0.643,1.5,0.0,on_1.5,2,AR_postwar_0.0047,0.0047,0.15,0.3
nonemployment_16plus,0.0,dws_high_0.643,1.5,0.0,on_1.5,5,off_0.0000,0.0,0.15,0.75
nonemployment_16plus,0.0,dws_high_0.643,1.5,0.0,on_1.5,5,AR_recent_0.0035,0.0035,0.15,0.75
nonemployment_16plus,0.0,dws_high_0.643,1.5,0.0,on_1.5,5,AR_postwar_0.0047,0.0047,0.15,0.75
nonemployment_16plus,0.0,dws_high_0.643,1.5,0.0,on_1.5,10,off_0.0000,0.0,0.1375,1.375
nonemployment_16plus,0.0,dws_high_0.643,1.5,0.0,on_1.5,10,AR_recent_0.0035,0.0035,0.141,1.41
nonemployment_16plus,0.0,dws_high_0.643,1.5,0.0,on_1.5,10,AR_postwar_0.0047,0.0047,0.1425,1.425
nonemployment_16plus,0.0,dws_high_0.643,1.5,0.0,on_1.5,20,off_0.0000,0.0,0.094,1.88
nonemployment_16plus,0.0,dws_high_0.643,1.5,0.0,on_1.5,20,AR_recent_0.0035,0.0035,0.0975,1.95
nonemployment_16plus,0.0,dws_high_0.643,1.5,0.0,on_1.5,20,AR_postwar_0.0047,0.0047,0.0985,1.97
nonemployment_16plus,0.0,dws_high_0.643,1.5,0.5,off_1.0,2,off_0.0000,0.0,0.15,0.3
nonemployment_16plus,0.0,dws_high_0.643,1.5,0.5,off_1.0,2,AR_recent_0.0035,0.0035,0.15,0.3
nonemployment_16plus,0.0,dws_high_0.643,1.5,0.5,off_1.0,2,AR_postwar_0.0047,0.0047,0.15,0.3
nonemployment_16plus,0.0,dws_high_0.643,1.5,0.5,off_1.0,5,off_0.0000,0.0,0.15,0.75
nonemployment_16plus,0.0,dws_high_0.643,1.5,0.5,off_1.0,5,AR_recent_0.0035,0.0035,0.15,0.75
nonemployment_16plus,0.0,dws_high_0.643,1.5,0.5,off_1.0,5,AR_postwar_0.0047,0.0047,0.15,0.75
nonemployment_16plus,0.0,dws_high_0.643,1.5,0.5,off_1.0,10,off_0.0000,0.0,0.15,1.5
nonemployment_16plus,0.0,dws_high_0.643,1.5,0.5,off_1.0,10,AR_recent_0.0035,0.0035,0.15,1.5
nonemployment_16plus,0.0,dws_high_0.643,1.5,0.5,off_1.0,10,AR_postwar_0.0047,0.0047,0.15,1.5
nonemployment_16plus,0.0,dws_high_0.643,1.5,0.5,off_1.0,20,off_0.0000,0.0,0.1075,2.15
nonemployment_16plus,0.0,dws_high_0.643,1.5,0.5,off_1.0,20,AR_recent_0.0035,0.0035,0.111,2.22
nonemployment_16plus,0.0,dws_high_0.643,1.5,0.5,off_1.0,20,AR_postwar_0.0047,0.0047,0.1125,2.25
nonemployment_16plus,0.0,dws_high_0.643,1.5,0.5,on_1.5,2,off_0.0000,0.0,0.15,0.3
nonemployment_16plus,0.0,dws_high_0.643,1.5,0.5,on_1.5,2,AR_recent_0.0035,0.0035,0.15,0.3
nonemployment_16plus,0.0,dws_high_0.643,1.5,0.5,on_1.5,2,AR_postwar_0.0047,0.0047,0.15,0.3
nonemployment_16plus,0.0,dws_high_0.643,1.5,0.5,on_1.5,5,off_0.0000,0.0,0.15,0.75
nonemployment_16plus,0.0,dws_high_0.643,1.5,0.5,on_1.5,5,AR_recent_0.0035,0.0035,0.15,0.75
nonemployment_16plus,0.0,dws_high_0.643,1.5,0.5,on_1.5,5,AR_postwar_0.0047,0.0047,0.15,0.75
nonemployment_16plus,0.0,dws_high_0.643,1.5,0.5,on_1.5,10,off_0.0000,0.0,0.1375,1.375
nonemployment_16plus,0.0,dws_high_0.643,1.5,0.5,on_1.5,10,AR_recent_0.0035,0.0035,0.141,1.41
nonemployment_16plus,0.0,dws_high_0.643,1.5,0.5,on_1.5,10,AR_postwar_0.0047,0.0047,0.1425,1.425
nonemployment_16plus,0.0,dws_high_0.643,1.5,0.5,on_1.5,20,off_0.0000,0.0,0.094,1.88
nonemployment_16plus,0.0,dws_high_0.643,1.5,0.5,on_1.5,20,AR_recent_0.0035,0.0035,0.0975,1.95
nonemployment_16plus,0.0,dws_high_0.643,1.5,0.5,on_1.5,20,AR_postwar_0.0047,0.0047,0.0985,1.97
nonemployment_16plus,0.0,dws_high_0.643,1.5,1.0,off_1.0,2,off_0.0000,0.0,0.15,0.3
nonemployment_16plus,0.0,dws_high_0.643,1.5,1.0,off_1.0,2,AR_recent_0.0035,0.0035,0.15,0.3
nonemployment_16plus,0.0,dws_high_0.643,1.5,1.0,off_1.0,2,AR_postwar_0.0047,0.0047,0.15,0.3
nonemployment_16plus,0.0,dws_high_0.643,1.5,1.0,off_1.0,5,off_0.0000,0.0,0.15,0.75
nonemployment_16plus,0.0,dws_high_0.643,1.5,1.0,off_1.0,5,AR_recent_0.0035,0.0035,0.15,0.75
nonemployment_16plus,0.0,dws_high_0.643,1.5,1.0,off_1.0,5,AR_postwar_0.0047,0.0047,0.15,0.75
nonemployment_16plus,0.0,dws_high_0.643,1.5,1.0,off_1.0,10,off_0.0000,0.0,0.15,1.5
nonemployment_16plus,0.0,dws_high_0.643,1.5,1.0,off_1.0,10,AR_recent_0.0035,0.0035,0.15,1.5
nonemployment_16plus,0.0,dws_high_0.643,1.5,1.0,off_1.0,10,AR_postwar_0.0047,0.0047,0.15,1.5
nonemployment_16plus,0.0,dws_high_0.643,1.5,1.0,off_1.0,20,off_0.0000,0.0,0.1075,2.15
nonemployment_16plus,0.0,dws_high_0.643,1.5,1.0,off_1.0,20,AR_recent_0.0035,0.0035,0.111,2.22
nonemployment_16plus,0.0,dws_high_0.643,1.5,1.0,off_1.0,20,AR_postwar_0.0047,0.0047,0.1125,2.25
nonemployment_16plus,0.0,dws_high_0.643,1.5,1.0,on_1.5,2,off_0.0000,0.0,0.15,0.3
nonemployment_16plus,0.0,dws_high_0.643,1.5,1.0,on_1.5,2,AR_recent_0.0035,0.0035,0.15,0.3
nonemployment_16plus,0.0,dws_high_0.643,1.5,1.0,on_1.5,2,AR_postwar_0.0047,0.0047,0.15,0.3
nonemployment_16plus,0.0,dws_high_0.643,1.5,1.0,on_1.5,5,off_0.0000,0.0,0.15,0.75
nonemployment_16plus,0.0,dws_high_0.643,1.5,1.0,on_1.5,5,AR_recent_0.0035,0.0035,0.15,0.75
nonemployment_16plus,0.0,dws_high_0.643,1.5,1.0,on_1.5,5,AR_postwar_0.0047,0.0047,0.15,0.75
nonemployment_16plus,0.0,dws_high_0.643,1.5,1.0,on_1.5,10,off_0.0000,0.0,0.1375,1.375
nonemployment_16plus,0.0,dws_high_0.643,1.5,1.0,on_1.5,10,AR_recent_0.0035,0.0035,0.141,1.41
nonemployment_16plus,0.0,dws_high_0.643,1.5,1.0,on_1.5,10,AR_postwar_0.0047,0.0047,0.1425,1.425
nonemployment_16plus,0.0,dws_high_0.643,1.5,1.0,on_1.5,20,off_0.0000,0.0,0.094,1.88
nonemployment_16plus,0.0,dws_high_0.643,1.5,1.0,on_1.5,20,AR_recent_0.0035,0.0035,0.0975,1.95
nonemployment_16plus,0.0,dws_high_0.643,1.5,1.0,on_1.5,20,AR_postwar_0.0047,0.0047,0.0985,1.97
nonemployment_16plus,0.0,dws_high_0.643,2.0,0.0,off_1.0,2,off_0.0000,0.0,0.15,0.3
nonemployment_16plus,0.0,dws_high_0.643,2.0,0.0,off_1.0,2,AR_recent_0.0035,0.0035,0.15,0.3
nonemployment_16plus,0.0,dws_high_0.643,2.0,0.0,off_1.0,2,AR_postwar_0.0047,0.0047,0.15,0.3
nonemployment_16plus,0.0,dws_high_0.643,2.0,0.0,off_1.0,5,off_0.0000,0.0,0.15,0.75
nonemployment_16plus,0.0,dws_high_0.643,2.0,0.0,off_1.0,5,AR_recent_0.0035,0.0035,0.15,0.75
nonemployment_16plus,0.0,dws_high_0.643,2.0,0.0,off_1.0,5,AR_postwar_0.0047,0.0047,0.15,0.75
nonemployment_16plus,0.0,dws_high_0.643,2.0,0.0,off_1.0,10,off_0.0000,0.0,0.145,1.45
nonemployment_16plus,0.0,dws_high_0.643,2.0,0.0,off_1.0,10,AR_recent_0.0035,0.0035,0.1485,1.485
nonemployment_16plus,0.0,dws_high_0.643,2.0,0.0,off_1.0,10,AR_postwar_0.0047,0.0047,0.1495,1.495
nonemployment_16plus,0.0,dws_high_0.643,2.0,0.0,off_1.0,20,off_0.0000,0.0,0.104,2.08
nonemployment_16plus,0.0,dws_high_0.643,2.0,0.0,off_1.0,20,AR_recent_0.0035,0.0035,0.1075,2.15
nonemployment_16plus,0.0,dws_high_0.643,2.0,0.0,off_1.0,20,AR_postwar_0.0047,0.0047,0.1085,2.17
nonemployment_16plus,0.0,dws_high_0.643,2.0,0.0,on_1.5,2,off_0.0000,0.0,0.15,0.3
nonemployment_16plus,0.0,dws_high_0.643,2.0,0.0,on_1.5,2,AR_recent_0.0035,0.0035,0.15,0.3
nonemployment_16plus,0.0,dws_high_0.643,2.0,0.0,on_1.5,2,AR_postwar_0.0047,0.0047,0.15,0.3
nonemployment_16plus,0.0,dws_high_0.643,2.0,0.0,on_1.5,5,off_0.0000,0.0,0.15,0.75
nonemployment_16plus,0.0,dws_high_0.643,2.0,0.0,on_1.5,5,AR_recent_0.0035,0.0035,0.15,0.75
nonemployment_16plus,0.0,dws_high_0.643,2.0,0.0,on_1.5,5,AR_postwar_0.0047,0.0047,0.15,0.75
nonemployment_16plus,0.0,dws_high_0.643,2.0,0.0,on_1.5,10,off_0.0000,0.0,0.132,1.32
nonemployment_16plus,0.0,dws_high_0.643,2.0,0.0,on_1.5,10,AR_recent_0.0035,0.0035,0.1355,1.355
nonemployment_16plus,0.0,dws_high_0.643,2.0,0.0,on_1.5,10,AR_postwar_0.0047,0.0047,0.1365,1.365
nonemployment_16plus,0.0,dws_high_0.643,2.0,0.0,on_1.5,20,off_0.0000,0.0,0.0915,1.83
nonemployment_16plus,0.0,dws_high_0.643,2.0,0.0,on_1.5,20,AR_recent_0.0035,0.0035,0.095,1.9
nonemployment_16plus,0.0,dws_high_0.643,2.0,0.0,on_1.5,20,AR_postwar_0.0047,0.0047,0.0965,1.93
nonemployment_16plus,0.0,dws_high_0.643,2.0,0.5,off_1.0,2,off_0.0000,0.0,0.15,0.3
nonemployment_16plus,0.0,dws_high_0.643,2.0,0.5,off_1.0,2,AR_recent_0.0035,0.0035,0.15,0.3
nonemployment_16plus,0.0,dws_high_0.643,2.0,0.5,off_1.0,2,AR_postwar_0.0047,0.0047,0.15,0.3
nonemployment_16plus,0.0,dws_high_0.643,2.0,0.5,off_1.0,5,off_0.0000,0.0,0.15,0.75
nonemployment_16plus,0.0,dws_high_0.643,2.0,0.5,off_1.0,5,AR_recent_0.0035,0.0035,0.15,0.75
nonemployment_16plus,0.0,dws_high_0.643,2.0,0.5,off_1.0,5,AR_postwar_0.0047,0.0047,0.15,0.75
nonemployment_16plus,0.0,dws_high_0.643,2.0,0.5,off_1.0,10,off_0.0000,0.0,0.145,1.45
nonemployment_16plus,0.0,dws_high_0.643,2.0,0.5,off_1.0,10,AR_recent_0.0035,0.0035,0.1485,1.485
nonemployment_16plus,0.0,dws_high_0.643,2.0,0.5,off_1.0,10,AR_postwar_0.0047,0.0047,0.1495,1.495
nonemployment_16plus,0.0,dws_high_0.643,2.0,0.5,off_1.0,20,off_0.0000,0.0,0.104,2.08
nonemployment_16plus,0.0,dws_high_0.643,2.0,0.5,off_1.0,20,AR_recent_0.0035,0.0035,0.1075,2.15
nonemployment_16plus,0.0,dws_high_0.643,2.0,0.5,off_1.0,20,AR_postwar_0.0047,0.0047,0.1085,2.17
nonemployment_16plus,0.0,dws_high_0.643,2.0,0.5,on_1.5,2,off_0.0000,0.0,0.15,0.3
nonemployment_16plus,0.0,dws_high_0.643,2.0,0.5,on_1.5,2,AR_recent_0.0035,0.0035,0.15,0.3
nonemployment_16plus,0.0,dws_high_0.643,2.0,0.5,on_1.5,2,AR_postwar_0.0047,0.0047,0.15,0.3
nonemployment_16plus,0.0,dws_high_0.643,2.0,0.5,on_1.5,5,off_0.0000,0.0,0.15,0.75
nonemployment_16plus,0.0,dws_high_0.643,2.0,0.5,on_1.5,5,AR_recent_0.0035,0.0035,0.15,0.75
nonemployment_16plus,0.0,dws_high_0.643,2.0,0.5,on_1.5,5,AR_postwar_0.0047,0.0047,0.15,0.75
nonemployment_16plus,0.0,dws_high_0.643,2.0,0.5,on_1.5,10,off_0.0000,0.0,0.132,1.32
nonemployment_16plus,0.0,dws_high_0.643,2.0,0.5,on_1.5,10,AR_recent_0.0035,0.0035,0.1355,1.355
nonemployment_16plus,0.0,dws_high_0.643,2.0,0.5,on_1.5,10,AR_postwar_0.0047,0.0047,0.1365,1.365
nonemployment_16plus,0.0,dws_high_0.643,2.0,0.5,on_1.5,20,off_0.0000,0.0,0.0915,1.83
nonemployment_16plus,0.0,dws_high_0.643,2.0,0.5,on_1.5,20,AR_recent_0.0035,0.0035,0.095,1.9
nonemployment_16plus,0.0,dws_high_0.643,2.0,0.5,on_1.5,20,AR_postwar_0.0047,0.0047,0.0965,1.93
nonemployment_16plus,0.0,dws_high_0.643,2.0,1.0,off_1.0,2,off_0.0000,0.0,0.15,0.3
nonemployment_16plus,0.0,dws_high_0.643,2.0,1.0,off_1.0,2,AR_recent_0.0035,0.0035,0.15,0.3
nonemployment_16plus,0.0,dws_high_0.643,2.0,1.0,off_1.0,2,AR_postwar_0.0047,0.0047,0.15,0.3
nonemployment_16plus,0.0,dws_high_0.643,2.0,1.0,off_1.0,5,off_0.0000,0.0,0.15,0.75
nonemployment_16plus,0.0,dws_high_0.643,2.0,1.0,off_1.0,5,AR_recent_0.0035,0.0035,0.15,0.75
nonemployment_16plus,0.0,dws_high_0.643,2.0,1.0,off_1.0,5,AR_postwar_0.0047,0.0047,0.15,0.75
nonemployment_16plus,0.0,dws_high_0.643,2.0,1.0,off_1.0,10,off_0.0000,0.0,0.145,1.45
nonemployment_16plus,0.0,dws_high_0.643,2.0,1.0,off_1.0,10,AR_recent_0.0035,0.0035,0.1485,1.485
nonemployment_16plus,0.0,dws_high_0.643,2.0,1.0,off_1.0,10,AR_postwar_0.0047,0.0047,0.1495,1.495
nonemployment_16plus,0.0,dws_high_0.643,2.0,1.0,off_1.0,20,off_0.0000,0.0,0.104,2.08
nonemployment_16plus,0.0,dws_high_0.643,2.0,1.0,off_1.0,20,AR_recent_0.0035,0.0035,0.1075,2.15
nonemployment_16plus,0.0,dws_high_0.643,2.0,1.0,off_1.0,20,AR_postwar_0.0047,0.0047,0.1085,2.17
nonemployment_16plus,0.0,dws_high_0.643,2.0,1.0,on_1.5,2,off_0.0000,0.0,0.15,0.3
nonemployment_16plus,0.0,dws_high_0.643,2.0,1.0,on_1.5,2,AR_recent_0.0035,0.0035,0.15,0.3
nonemployment_16plus,0.0,dws_high_0.643,2.0,1.0,on_1.5,2,AR_postwar_0.0047,0.0047,0.15,0.3
nonemployment_16plus,0.0,dws_high_0.643,2.0,1.0,on_1.5,5,off_0.0000,0.0,0.15,0.75
nonemployment_16plus,0.0,dws_high_0.643,2.0,1.0,on_1.5,5,AR_recent_0.0035,0.0035,0.15,0.75
nonemployment_16plus,0.0,dws_high_0.643,2.0,1.0,on_1.5,5,AR_postwar_0.0047,0.0047,0.15,0.75
nonemployment_16plus,0.0,dws_high_0.643,2.0,1.0,on_1.5,10,off_0.0000,0.0,0.132,1.32
nonemployment_16plus,0.0,dws_high_0.643,2.0,1.0,on_1.5,10,AR_recent_0.0035,0.0035,0.1355,1.355
nonemployment_16plus,0.0,dws_high_0.643,2.0,1.0,on_1.5,10,AR_postwar_0.0047,0.0047,0.1365,1.365
nonemployment_16plus,0.0,dws_high_0.643,2.0,1.0,on_1.5,20,off_0.0000,0.0,0.0915,1.83
nonemployment_16plus,0.0,dws_high_0.643,2.0,1.0,on_1.5,20,AR_recent_0.0035,0.0035,0.095,1.9
nonemployment_16plus,0.0,dws_high_0.643,2.0,1.0,on_1.5,20,AR_postwar_0.0047,0.0047,0.0965,1.93
nonemployment_16plus,0.0,AR_long_run_0.75,1.0,0.0,off_1.0,2,off_0.0000,0.0,0.15,0.3
nonemployment_16plus,0.0,AR_long_run_0.75,1.0,0.0,off_1.0,2,AR_recent_0.0035,0.0035,0.15,0.3
nonemployment_16plus,0.0,AR_long_run_0.75,1.0,0.0,off_1.0,2,AR_postwar_0.0047,0.0047,0.15,0.3
nonemployment_16plus,0.0,AR_long_run_0.75,1.0,0.0,off_1.0,5,off_0.0000,0.0,0.15,0.75
nonemployment_16plus,0.0,AR_long_run_0.75,1.0,0.0,off_1.0,5,AR_recent_0.0035,0.0035,0.15,0.75
nonemployment_16plus,0.0,AR_long_run_0.75,1.0,0.0,off_1.0,5,AR_postwar_0.0047,0.0047,0.15,0.75
nonemployment_16plus,0.0,AR_long_run_0.75,1.0,0.0,off_1.0,10,off_0.0000,0.0,0.15,1.5
nonemployment_16plus,0.0,AR_long_run_0.75,1.0,0.0,off_1.0,10,AR_recent_0.0035,0.0035,0.15,1.5
nonemployment_16plus,0.0,AR_long_run_0.75,1.0,0.0,off_1.0,10,AR_postwar_0.0047,0.0047,0.15,1.5
nonemployment_16plus,0.0,AR_long_run_0.75,1.0,0.0,off_1.0,20,off_0.0000,0.0,0.1005,2.01
nonemployment_16plus,0.0,AR_long_run_0.75,1.0,0.0,off_1.0,20,AR_recent_0.0035,0.0035,0.104,2.08
nonemployment_16plus,0.0,AR_long_run_0.75,1.0,0.0,off_1.0,20,AR_postwar_0.0047,0.0047,0.105,2.1
nonemployment_16plus,0.0,AR_long_run_0.75,1.0,0.0,on_1.5,2,off_0.0000,0.0,0.15,0.3
nonemployment_16plus,0.0,AR_long_run_0.75,1.0,0.0,on_1.5,2,AR_recent_0.0035,0.0035,0.15,0.3
nonemployment_16plus,0.0,AR_long_run_0.75,1.0,0.0,on_1.5,2,AR_postwar_0.0047,0.0047,0.15,0.3
nonemployment_16plus,0.0,AR_long_run_0.75,1.0,0.0,on_1.5,5,off_0.0000,0.0,0.15,0.75
nonemployment_16plus,0.0,AR_long_run_0.75,1.0,0.0,on_1.5,5,AR_recent_0.0035,0.0035,0.15,0.75
nonemployment_16plus,0.0,AR_long_run_0.75,1.0,0.0,on_1.5,5,AR_postwar_0.0047,0.0047,0.15,0.75
nonemployment_16plus,0.0,AR_long_run_0.75,1.0,0.0,on_1.5,10,off_0.0000,0.0,0.1315,1.315
nonemployment_16plus,0.0,AR_long_run_0.75,1.0,0.0,on_1.5,10,AR_recent_0.0035,0.0035,0.135,1.35
nonemployment_16plus,0.0,AR_long_run_0.75,1.0,0.0,on_1.5,10,AR_postwar_0.0047,0.0047,0.1365,1.365
nonemployment_16plus,0.0,AR_long_run_0.75,1.0,0.0,on_1.5,20,off_0.0000,0.0,0.087,1.74
nonemployment_16plus,0.0,AR_long_run_0.75,1.0,0.0,on_1.5,20,AR_recent_0.0035,0.0035,0.0905,1.81
nonemployment_16plus,0.0,AR_long_run_0.75,1.0,0.0,on_1.5,20,AR_postwar_0.0047,0.0047,0.0915,1.83
nonemployment_16plus,0.0,AR_long_run_0.75,1.0,0.5,off_1.0,2,off_0.0000,0.0,0.15,0.3
nonemployment_16plus,0.0,AR_long_run_0.75,1.0,0.5,off_1.0,2,AR_recent_0.0035,0.0035,0.15,0.3
nonemployment_16plus,0.0,AR_long_run_0.75,1.0,0.5,off_1.0,2,AR_postwar_0.0047,0.0047,0.15,0.3
nonemployment_16plus,0.0,AR_long_run_0.75,1.0,0.5,off_1.0,5,off_0.0000,0.0,0.15,0.75
nonemployment_16plus,0.0,AR_long_run_0.75,1.0,0.5,off_1.0,5,AR_recent_0.0035,0.0035,0.15,0.75
nonemployment_16plus,0.0,AR_long_run_0.75,1.0,0.5,off_1.0,5,AR_postwar_0.0047,0.0047,0.15,0.75
nonemployment_16plus,0.0,AR_long_run_0.75,1.0,0.5,off_1.0,10,off_0.0000,0.0,0.15,1.5
nonemployment_16plus,0.0,AR_long_run_0.75,1.0,0.5,off_1.0,10,AR_recent_0.0035,0.0035,0.15,1.5
nonemployment_16plus,0.0,AR_long_run_0.75,1.0,0.5,off_1.0,10,AR_postwar_0.0047,0.0047,0.15,1.5
nonemployment_16plus,0.0,AR_long_run_0.75,1.0,0.5,off_1.0,20,off_0.0000,0.0,0.1005,2.01
nonemployment_16plus,0.0,AR_long_run_0.75,1.0,0.5,off_1.0,20,AR_recent_0.0035,0.0035,0.104,2.08
nonemployment_16plus,0.0,AR_long_run_0.75,1.0,0.5,off_1.0,20,AR_postwar_0.0047,0.0047,0.105,2.1
nonemployment_16plus,0.0,AR_long_run_0.75,1.0,0.5,on_1.5,2,off_0.0000,0.0,0.15,0.3
nonemployment_16plus,0.0,AR_long_run_0.75,1.0,0.5,on_1.5,2,AR_recent_0.0035,0.0035,0.15,0.3
nonemployment_16plus,0.0,AR_long_run_0.75,1.0,0.5,on_1.5,2,AR_postwar_0.0047,0.0047,0.15,0.3
nonemployment_16plus,0.0,AR_long_run_0.75,1.0,0.5,on_1.5,5,off_0.0000,0.0,0.15,0.75
nonemployment_16plus,0.0,AR_long_run_0.75,1.0,0.5,on_1.5,5,AR_recent_0.0035,0.0035,0.15,0.75
nonemployment_16plus,0.0,AR_long_run_0.75,1.0,0.5,on_1.5,5,AR_postwar_0.0047,0.0047,0.15,0.75
nonemployment_16plus,0.0,AR_long_run_0.75,1.0,0.5,on_1.5,10,off_0.0000,0.0,0.1315,1.315
nonemployment_16plus,0.0,AR_long_run_0.75,1.0,0.5,on_1.5,10,AR_recent_0.0035,0.0035,0.135,1.35
nonemployment_16plus,0.0,AR_long_run_0.75,1.0,0.5,on_1.5,10,AR_postwar_0.0047,0.0047,0.1365,1.365
nonemployment_16plus,0.0,AR_long_run_0.75,1.0,0.5,on_1.5,20,off_0.0000,0.0,0.087,1.74
nonemployment_16plus,0.0,AR_long_run_0.75,1.0,0.5,on_1.5,20,AR_recent_0.0035,0.0035,0.0905,1.81
nonemployment_16plus,0.0,AR_long_run_0.75,1.0,0.5,on_1.5,20,AR_postwar_0.0047,0.0047,0.0915,1.83
nonemployment_16plus,0.0,AR_long_run_0.75,1.0,1.0,off_1.0,2,off_0.0000,0.0,0.15,0.3
nonemployment_16plus,0.0,AR_long_run_0.75,1.0,1.0,off_1.0,2,AR_recent_0.0035,0.0035,0.15,0.3
nonemployment_16plus,0.0,AR_long_run_0.75,1.0,1.0,off_1.0,2,AR_postwar_0.0047,0.0047,0.15,0.3
nonemployment_16plus,0.0,AR_long_run_0.75,1.0,1.0,off_1.0,5,off_0.0000,0.0,0.15,0.75
nonemployment_16plus,0.0,AR_long_run_0.75,1.0,1.0,off_1.0,5,AR_recent_0.0035,0.0035,0.15,0.75
nonemployment_16plus,0.0,AR_long_run_0.75,1.0,1.0,off_1.0,5,AR_postwar_0.0047,0.0047,0.15,0.75
nonemployment_16plus,0.0,AR_long_run_0.75,1.0,1.0,off_1.0,10,off_0.0000,0.0,0.15,1.5
nonemployment_16plus,0.0,AR_long_run_0.75,1.0,1.0,off_1.0,10,AR_recent_0.0035,0.0035,0.15,1.5
nonemployment_16plus,0.0,AR_long_run_0.75,1.0,1.0,off_1.0,10,AR_postwar_0.0047,0.0047,0.15,1.5
nonemployment_16plus,0.0,AR_long_run_0.75,1.0,1.0,off_1.0,20,off_0.0000,0.0,0.1005,2.01
nonemployment_16plus,0.0,AR_long_run_0.75,1.0,1.0,off_1.0,20,AR_recent_0.0035,0.0035,0.104,2.08
nonemployment_16plus,0.0,AR_long_run_0.75,1.0,1.0,off_1.0,20,AR_postwar_0.0047,0.0047,0.105,2.1
nonemployment_16plus,0.0,AR_long_run_0.75,1.0,1.0,on_1.5,2,off_0.0000,0.0,0.15,0.3
nonemployment_16plus,0.0,AR_long_run_0.75,1.0,1.0,on_1.5,2,AR_recent_0.0035,0.0035,0.15,0.3
nonemployment_16plus,0.0,AR_long_run_0.75,1.0,1.0,on_1.5,2,AR_postwar_0.0047,0.0047,0.15,0.3
nonemployment_16plus,0.0,AR_long_run_0.75,1.0,1.0,on_1.5,5,off_0.0000,0.0,0.15,0.75
nonemployment_16plus,0.0,AR_long_run_0.75,1.0,1.0,on_1.5,5,AR_recent_0.0035,0.0035,0.15,0.75
nonemployment_16plus,0.0,AR_long_run_0.75,1.0,1.0,on_1.5,5,AR_postwar_0.0047,0.0047,0.15,0.75
nonemployment_16plus,0.0,AR_long_run_0.75,1.0,1.0,on_1.5,10,off_0.0000,0.0,0.1315,1.315
nonemployment_16plus,0.0,AR_long_run_0.75,1.0,1.0,on_1.5,10,AR_recent_0.0035,0.0035,0.135,1.35
nonemployment_16plus,0.0,AR_long_run_0.75,1.0,1.0,on_1.5,10,AR_postwar_0.0047,0.0047,0.1365,1.365
nonemployment_16plus,0.0,AR_long_run_0.75,1.0,1.0,on_1.5,20,off_0.0000,0.0,0.087,1.74
nonemployment_16plus,0.0,AR_long_run_0.75,1.0,1.0,on_1.5,20,AR_recent_0.0035,0.0035,0.0905,1.81
nonemployment_16plus,0.0,AR_long_run_0.75,1.0,1.0,on_1.5,20,AR_postwar_0.0047,0.0047,0.0915,1.83
nonemployment_16plus,0.0,AR_long_run_0.75,1.5,0.0,off_1.0,2,off_0.0000,0.0,0.15,0.3
nonemployment_16plus,0.0,AR_long_run_0.75,1.5,0.0,off_1.0,2,AR_recent_0.0035,0.0035,0.15,0.3
nonemployment_16plus,0.0,AR_long_run_0.75,1.5,0.0,off_1.0,2,AR_postwar_0.0047,0.0047,0.15,0.3
nonemployment_16plus,0.0,AR_long_run_0.75,1.5,0.0,off_1.0,5,off_0.0000,0.0,0.15,0.75
nonemployment_16plus,0.0,AR_long_run_0.75,1.5,0.0,off_1.0,5,AR_recent_0.0035,0.0035,0.15,0.75
nonemployment_16plus,0.0,AR_long_run_0.75,1.5,0.0,off_1.0,5,AR_postwar_0.0047,0.0047,0.15,0.75
nonemployment_16plus,0.0,AR_long_run_0.75,1.5,0.0,off_1.0,10,off_0.0000,0.0,0.15,1.5
nonemployment_16plus,0.0,AR_long_run_0.75,1.5,0.0,off_1.0,10,AR_recent_0.0035,0.0035,0.15,1.5
nonemployment_16plus,0.0,AR_long_run_0.75,1.5,0.0,off_1.0,10,AR_postwar_0.0047,0.0047,0.15,1.5
nonemployment_16plus,0.0,AR_long_run_0.75,1.5,0.0,off_1.0,20,off_0.0000,0.0,0.1065,2.13
nonemployment_16plus,0.0,AR_long_run_0.75,1.5,0.0,off_1.0,20,AR_recent_0.0035,0.0035,0.11,2.2
nonemployment_16plus,0.0,AR_long_run_0.75,1.5,0.0,off_1.0,20,AR_postwar_0.0047,0.0047,0.111,2.22
nonemployment_16plus,0.0,AR_long_run_0.75,1.5,0.0,on_1.5,2,off_0.0000,0.0,0.15,0.3
nonemployment_16plus,0.0,AR_long_run_0.75,1.5,0.0,on_1.5,2,AR_recent_0.0035,0.0035,0.15,0.3
nonemployment_16plus,0.0,AR_long_run_0.75,1.5,0.0,on_1.5,2,AR_postwar_0.0047,0.0047,0.15,0.3
nonemployment_16plus,0.0,AR_long_run_0.75,1.5,0.0,on_1.5,5,off_0.0000,0.0,0.15,0.75
nonemployment_16plus,0.0,AR_long_run_0.75,1.5,0.0,on_1.5,5,AR_recent_0.0035,0.0035,0.15,0.75
nonemployment_16plus,0.0,AR_long_run_0.75,1.5,0.0,on_1.5,5,AR_postwar_0.0047,0.0047,0.15,0.75
nonemployment_16plus,0.0,AR_long_run_0.75,1.5,0.0,on_1.5,10,off_0.0000,0.0,0.137,1.37
nonemployment_16plus,0.0,AR_long_run_0.75,1.5,0.0,on_1.5,10,AR_recent_0.0035,0.0035,0.1405,1.405
nonemployment_16plus,0.0,AR_long_run_0.75,1.5,0.0,on_1.5,10,AR_postwar_0.0047,0.0047,0.142,1.42
nonemployment_16plus,0.0,AR_long_run_0.75,1.5,0.0,on_1.5,20,off_0.0000,0.0,0.092,1.84
nonemployment_16plus,0.0,AR_long_run_0.75,1.5,0.0,on_1.5,20,AR_recent_0.0035,0.0035,0.0955,1.91
nonemployment_16plus,0.0,AR_long_run_0.75,1.5,0.0,on_1.5,20,AR_postwar_0.0047,0.0047,0.097,1.94
nonemployment_16plus,0.0,AR_long_run_0.75,1.5,0.5,off_1.0,2,off_0.0000,0.0,0.15,0.3
nonemployment_16plus,0.0,AR_long_run_0.75,1.5,0.5,off_1.0,2,AR_recent_0.0035,0.0035,0.15,0.3
nonemployment_16plus,0.0,AR_long_run_0.75,1.5,0.5,off_1.0,2,AR_postwar_0.0047,0.0047,0.15,0.3
nonemployment_16plus,0.0,AR_long_run_0.75,1.5,0.5,off_1.0,5,off_0.0000,0.0,0.15,0.75
nonemployment_16plus,0.0,AR_long_run_0.75,1.5,0.5,off_1.0,5,AR_recent_0.0035,0.0035,0.15,0.75
nonemployment_16plus,0.0,AR_long_run_0.75,1.5,0.5,off_1.0,5,AR_postwar_0.0047,0.0047,0.15,0.75
nonemployment_16plus,0.0,AR_long_run_0.75,1.5,0.5,off_1.0,10,off_0.0000,0.0,0.15,1.5
nonemployment_16plus,0.0,AR_long_run_0.75,1.5,0.5,off_1.0,10,AR_recent_0.0035,0.0035,0.15,1.5
nonemployment_16plus,0.0,AR_long_run_0.75,1.5,0.5,off_1.0,10,AR_postwar_0.0047,0.0047,0.15,1.5
nonemployment_16plus,0.0,AR_long_run_0.75,1.5,0.5,off_1.0,20,off_0.0000,0.0,0.1065,2.13
nonemployment_16plus,0.0,AR_long_run_0.75,1.5,0.5,off_1.0,20,AR_recent_0.0035,0.0035,0.11,2.2
nonemployment_16plus,0.0,AR_long_run_0.75,1.5,0.5,off_1.0,20,AR_postwar_0.0047,0.0047,0.111,2.22
nonemployment_16plus,0.0,AR_long_run_0.75,1.5,0.5,on_1.5,2,off_0.0000,0.0,0.15,0.3
nonemployment_16plus,0.0,AR_long_run_0.75,1.5,0.5,on_1.5,2,AR_recent_0.0035,0.0035,0.15,0.3
nonemployment_16plus,0.0,AR_long_run_0.75,1.5,0.5,on_1.5,2,AR_postwar_0.0047,0.0047,0.15,0.3
nonemployment_16plus,0.0,AR_long_run_0.75,1.5,0.5,on_1.5,5,off_0.0000,0.0,0.15,0.75
nonemployment_16plus,0.0,AR_long_run_0.75,1.5,0.5,on_1.5,5,AR_recent_0.0035,0.0035,0.15,0.75
nonemployment_16plus,0.0,AR_long_run_0.75,1.5,0.5,on_1.5,5,AR_postwar_0.0047,0.0047,0.15,0.75
nonemployment_16plus,0.0,AR_long_run_0.75,1.5,0.5,on_1.5,10,off_0.0000,0.0,0.137,1.37
nonemployment_16plus,0.0,AR_long_run_0.75,1.5,0.5,on_1.5,10,AR_recent_0.0035,0.0035,0.1405,1.405
nonemployment_16plus,0.0,AR_long_run_0.75,1.5,0.5,on_1.5,10,AR_postwar_0.0047,0.0047,0.142,1.42
nonemployment_16plus,0.0,AR_long_run_0.75,1.5,0.5,on_1.5,20,off_0.0000,0.0,0.092,1.84
nonemployment_16plus,0.0,AR_long_run_0.75,1.5,0.5,on_1.5,20,AR_recent_0.0035,0.0035,0.0955,1.91
nonemployment_16plus,0.0,AR_long_run_0.75,1.5,0.5,on_1.5,20,AR_postwar_0.0047,0.0047,0.097,1.94
nonemployment_16plus,0.0,AR_long_run_0.75,1.5,1.0,off_1.0,2,off_0.0000,0.0,0.15,0.3
nonemployment_16plus,0.0,AR_long_run_0.75,1.5,1.0,off_1.0,2,AR_recent_0.0035,0.0035,0.15,0.3
nonemployment_16plus,0.0,AR_long_run_0.75,1.5,1.0,off_1.0,2,AR_postwar_0.0047,0.0047,0.15,0.3
nonemployment_16plus,0.0,AR_long_run_0.75,1.5,1.0,off_1.0,5,off_0.0000,0.0,0.15,0.75
nonemployment_16plus,0.0,AR_long_run_0.75,1.5,1.0,off_1.0,5,AR_recent_0.0035,0.0035,0.15,0.75
nonemployment_16plus,0.0,AR_long_run_0.75,1.5,1.0,off_1.0,5,AR_postwar_0.0047,0.0047,0.15,0.75
nonemployment_16plus,0.0,AR_long_run_0.75,1.5,1.0,off_1.0,10,off_0.0000,0.0,0.15,1.5
nonemployment_16plus,0.0,AR_long_run_0.75,1.5,1.0,off_1.0,10,AR_recent_0.0035,0.0035,0.15,1.5
nonemployment_16plus,0.0,AR_long_run_0.75,1.5,1.0,off_1.0,10,AR_postwar_0.0047,0.0047,0.15,1.5
nonemployment_16plus,0.0,AR_long_run_0.75,1.5,1.0,off_1.0,20,off_0.0000,0.0,0.1065,2.13
nonemployment_16plus,0.0,AR_long_run_0.75,1.5,1.0,off_1.0,20,AR_recent_0.0035,0.0035,0.11,2.2
nonemployment_16plus,0.0,AR_long_run_0.75,1.5,1.0,off_1.0,20,AR_postwar_0.0047,0.0047,0.111,2.22
nonemployment_16plus,0.0,AR_long_run_0.75,1.5,1.0,on_1.5,2,off_0.0000,0.0,0.15,0.3
nonemployment_16plus,0.0,AR_long_run_0.75,1.5,1.0,on_1.5,2,AR_recent_0.0035,0.0035,0.15,0.3
nonemployment_16plus,0.0,AR_long_run_0.75,1.5,1.0,on_1.5,2,AR_postwar_0.0047,0.0047,0.15,0.3
nonemployment_16plus,0.0,AR_long_run_0.75,1.5,1.0,on_1.5,5,off_0.0000,0.0,0.15,0.75
nonemployment_16plus,0.0,AR_long_run_0.75,1.5,1.0,on_1.5,5,AR_recent_0.0035,0.0035,0.15,0.75
nonemployment_16plus,0.0,AR_long_run_0.75,1.5,1.0,on_1.5,5,AR_postwar_0.0047,0.0047,0.15,0.75
nonemployment_16plus,0.0,AR_long_run_0.75,1.5,1.0,on_1.5,10,off_0.0000,0.0,0.137,1.37
nonemployment_16plus,0.0,AR_long_run_0.75,1.5,1.0,on_1.5,10,AR_recent_0.0035,0.0035,0.1405,1.405
nonemployment_16plus,0.0,AR_long_run_0.75,1.5,1.0,on_1.5,10,AR_postwar_0.0047,0.0047,0.142,1.42
nonemployment_16plus,0.0,AR_long_run_0.75,1.5,1.0,on_1.5,20,off_0.0000,0.0,0.092,1.84
nonemployment_16plus,0.0,AR_long_run_0.75,1.5,1.0,on_1.5,20,AR_recent_0.0035,0.0035,0.0955,1.91
nonemployment_16plus,0.0,AR_long_run_0.75,1.5,1.0,on_1.5,20,AR_postwar_0.0047,0.0047,0.097,1.94
nonemployment_16plus,0.0,AR_long_run_0.75,2.0,0.0,off_1.0,2,off_0.0000,0.0,0.15,0.3
nonemployment_16plus,0.0,AR_long_run_0.75,2.0,0.0,off_1.0,2,AR_recent_0.0035,0.0035,0.15,0.3
nonemployment_16plus,0.0,AR_long_run_0.75,2.0,0.0,off_1.0,2,AR_postwar_0.0047,0.0047,0.15,0.3
nonemployment_16plus,0.0,AR_long_run_0.75,2.0,0.0,off_1.0,5,off_0.0000,0.0,0.15,0.75
nonemployment_16plus,0.0,AR_long_run_0.75,2.0,0.0,off_1.0,5,AR_recent_0.0035,0.0035,0.15,0.75
nonemployment_16plus,0.0,AR_long_run_0.75,2.0,0.0,off_1.0,5,AR_postwar_0.0047,0.0047,0.15,0.75
nonemployment_16plus,0.0,AR_long_run_0.75,2.0,0.0,off_1.0,10,off_0.0000,0.0,0.1495,1.495
nonemployment_16plus,0.0,AR_long_run_0.75,2.0,0.0,off_1.0,10,AR_recent_0.0035,0.0035,0.15,1.5
nonemployment_16plus,0.0,AR_long_run_0.75,2.0,0.0,off_1.0,10,AR_postwar_0.0047,0.0047,0.15,1.5
nonemployment_16plus,0.0,AR_long_run_0.75,2.0,0.0,off_1.0,20,off_0.0000,0.0,0.105,2.1
nonemployment_16plus,0.0,AR_long_run_0.75,2.0,0.0,off_1.0,20,AR_recent_0.0035,0.0035,0.1085,2.17
nonemployment_16plus,0.0,AR_long_run_0.75,2.0,0.0,off_1.0,20,AR_postwar_0.0047,0.0047,0.1095,2.19
nonemployment_16plus,0.0,AR_long_run_0.75,2.0,0.0,on_1.5,2,off_0.0000,0.0,0.15,0.3
nonemployment_16plus,0.0,AR_long_run_0.75,2.0,0.0,on_1.5,2,AR_recent_0.0035,0.0035,0.15,0.3
nonemployment_16plus,0.0,AR_long_run_0.75,2.0,0.0,on_1.5,2,AR_postwar_0.0047,0.0047,0.15,0.3
nonemployment_16plus,0.0,AR_long_run_0.75,2.0,0.0,on_1.5,5,off_0.0000,0.0,0.15,0.75
nonemployment_16plus,0.0,AR_long_run_0.75,2.0,0.0,on_1.5,5,AR_recent_0.0035,0.0035,0.15,0.75
nonemployment_16plus,0.0,AR_long_run_0.75,2.0,0.0,on_1.5,5,AR_postwar_0.0047,0.0047,0.15,0.75
nonemployment_16plus,0.0,AR_long_run_0.75,2.0,0.0,on_1.5,10,off_0.0000,0.0,0.134,1.34
nonemployment_16plus,0.0,AR_long_run_0.75,2.0,0.0,on_1.5,10,AR_recent_0.0035,0.0035,0.1375,1.375
nonemployment_16plus,0.0,AR_long_run_0.75,2.0,0.0,on_1.5,10,AR_postwar_0.0047,0.0047,0.139,1.39
nonemployment_16plus,0.0,AR_long_run_0.75,2.0,0.0,on_1.5,20,off_0.0000,0.0,0.092,1.84
nonemployment_16plus,0.0,AR_long_run_0.75,2.0,0.0,on_1.5,20,AR_recent_0.0035,0.0035,0.0955,1.91
nonemployment_16plus,0.0,AR_long_run_0.75,2.0,0.0,on_1.5,20,AR_postwar_0.0047,0.0047,0.0965,1.93
nonemployment_16plus,0.0,AR_long_run_0.75,2.0,0.5,off_1.0,2,off_0.0000,0.0,0.15,0.3
nonemployment_16plus,0.0,AR_long_run_0.75,2.0,0.5,off_1.0,2,AR_recent_0.0035,0.0035,0.15,0.3
nonemployment_16plus,0.0,AR_long_run_0.75,2.0,0.5,off_1.0,2,AR_postwar_0.0047,0.0047,0.15,0.3
nonemployment_16plus,0.0,AR_long_run_0.75,2.0,0.5,off_1.0,5,off_0.0000,0.0,0.15,0.75
nonemployment_16plus,0.0,AR_long_run_0.75,2.0,0.5,off_1.0,5,AR_recent_0.0035,0.0035,0.15,0.75
nonemployment_16plus,0.0,AR_long_run_0.75,2.0,0.5,off_1.0,5,AR_postwar_0.0047,0.0047,0.15,0.75
nonemployment_16plus,0.0,AR_long_run_0.75,2.0,0.5,off_1.0,10,off_0.0000,0.0,0.1495,1.495
nonemployment_16plus,0.0,AR_long_run_0.75,2.0,0.5,off_1.0,10,AR_recent_0.0035,0.0035,0.15,1.5
nonemployment_16plus,0.0,AR_long_run_0.75,2.0,0.5,off_1.0,10,AR_postwar_0.0047,0.0047,0.15,1.5
nonemployment_16plus,0.0,AR_long_run_0.75,2.0,0.5,off_1.0,20,off_0.0000,0.0,0.105,2.1
nonemployment_16plus,0.0,AR_long_run_0.75,2.0,0.5,off_1.0,20,AR_recent_0.0035,0.0035,0.1085,2.17
nonemployment_16plus,0.0,AR_long_run_0.75,2.0,0.5,off_1.0,20,AR_postwar_0.0047,0.0047,0.1095,2.19
nonemployment_16plus,0.0,AR_long_run_0.75,2.0,0.5,on_1.5,2,off_0.0000,0.0,0.15,0.3
nonemployment_16plus,0.0,AR_long_run_0.75,2.0,0.5,on_1.5,2,AR_recent_0.0035,0.0035,0.15,0.3
nonemployment_16plus,0.0,AR_long_run_0.75,2.0,0.5,on_1.5,2,AR_postwar_0.0047,0.0047,0.15,0.3
nonemployment_16plus,0.0,AR_long_run_0.75,2.0,0.5,on_1.5,5,off_0.0000,0.0,0.15,0.75
nonemployment_16plus,0.0,AR_long_run_0.75,2.0,0.5,on_1.5,5,AR_recent_0.0035,0.0035,0.15,0.75
nonemployment_16plus,0.0,AR_long_run_0.75,2.0,0.5,on_1.5,5,AR_postwar_0.0047,0.0047,0.15,0.75
nonemployment_16plus,0.0,AR_long_run_0.75,2.0,0.5,on_1.5,10,off_0.0000,0.0,0.134,1.34
nonemployment_16plus,0.0,AR_long_run_0.75,2.0,0.5,on_1.5,10,AR_recent_0.0035,0.0035,0.1375,1.375
nonemployment_16plus,0.0,AR_long_run_0.75,2.0,0.5,on_1.5,10,AR_postwar_0.0047,0.0047,0.139,1.39
nonemployment_16plus,0.0,AR_long_run_0.75,2.0,0.5,on_1.5,20,off_0.0000,0.0,0.092,1.84
nonemployment_16plus,0.0,AR_long_run_0.75,2.0,0.5,on_1.5,20,AR_recent_0.0035,0.0035,0.0955,1.91
nonemployment_16plus,0.0,AR_long_run_0.75,2.0,0.5,on_1.5,20,AR_postwar_0.0047,0.0047,0.0965,1.93
nonemployment_16plus,0.0,AR_long_run_0.75,2.0,1.0,off_1.0,2,off_0.0000,0.0,0.15,0.3
nonemployment_16plus,0.0,AR_long_run_0.75,2.0,1.0,off_1.0,2,AR_recent_0.0035,0.0035,0.15,0.3
nonemployment_16plus,0.0,AR_long_run_0.75,2.0,1.0,off_1.0,2,AR_postwar_0.0047,0.0047,0.15,0.3
nonemployment_16plus,0.0,AR_long_run_0.75,2.0,1.0,off_1.0,5,off_0.0000,0.0,0.15,0.75
nonemployment_16plus,0.0,AR_long_run_0.75,2.0,1.0,off_1.0,5,AR_recent_0.0035,0.0035,0.15,0.75
nonemployment_16plus,0.0,AR_long_run_0.75,2.0,1.0,off_1.0,5,AR_postwar_0.0047,0.0047,0.15,0.75
nonemployment_16plus,0.0,AR_long_run_0.75,2.0,1.0,off_1.0,10,off_0.0000,0.0,0.1495,1.495
nonemployment_16plus,0.0,AR_long_run_0.75,2.0,1.0,off_1.0,10,AR_recent_0.0035,0.0035,0.15,1.5
nonemployment_16plus,0.0,AR_long_run_0.75,2.0,1.0,off_1.0,10,AR_postwar_0.0047,0.0047,0.15,1.5
nonemployment_16plus,0.0,AR_long_run_0.75,2.0,1.0,off_1.0,20,off_0.0000,0.0,0.105,2.1
nonemployment_16plus,0.0,AR_long_run_0.75,2.0,1.0,off_1.0,20,AR_recent_0.0035,0.0035,0.1085,2.17
nonemployment_16plus,0.0,AR_long_run_0.75,2.0,1.0,off_1.0,20,AR_postwar_0.0047,0.0047,0.1095,2.19
nonemployment_16plus,0.0,AR_long_run_0.75,2.0,1.0,on_1.5,2,off_0.0000,0.0,0.15,0.3
nonemployment_16plus,0.0,AR_long_run_0.75,2.0,1.0,on_1.5,2,AR_recent_0.0035,0.0035,0.15,0.3
nonemployment_16plus,0.0,AR_long_run_0.75,2.0,1.0,on_1.5,2,AR_postwar_0.0047,0.0047,0.15,0.3
nonemployment_16plus,0.0,AR_long_run_0.75,2.0,1.0,on_1.5,5,off_0.0000,0.0,0.15,0.75
nonemployment_16plus,0.0,AR_long_run_0.75,2.0,1.0,on_1.5,5,AR_recent_0.0035,0.0035,0.15,0.75
nonemployment_16plus,0.0,AR_long_run_0.75,2.0,1.0,on_1.5,5,AR_postwar_0.0047,0.0047,0.15,0.75
nonemployment_16plus,0.0,AR_long_run_0.75,2.0,1.0,on_1.5,10,off_0.0000,0.0,0.134,1.34
nonemployment_16plus,0.0,AR_long_run_0.75,2.0,1.0,on_1.5,10,AR_recent_0.0035,0.0035,0.1375,1.375
nonemployment_16plus,0.0,AR_long_run_0.75,2.0,1.0,on_1.5,10,AR_postwar_0.0047,0.0047,0.139,1.39
nonemployment_16plus,0.0,AR_long_run_0.75,2.0,1.0,on_1.5,20,off_0.0000,0.0,0.092,1.84
nonemployment_16plus,0.0,AR_long_run_0.75,2.0,1.0,on_1.5,20,AR_recent_0.0035,0.0035,0.0955,1.91
nonemployment_16plus,0.0,AR_long_run_0.75,2.0,1.0,on_1.5,20,AR_postwar_0.0047,0.0047,0.0965,1.93
nonemployment_16plus,0.5,dws_0.462,1.0,0.0,off_1.0,2,off_0.0000,0.0,0.15,0.3
nonemployment_16plus,0.5,dws_0.462,1.0,0.0,off_1.0,2,AR_recent_0.0035,0.0035,0.15,0.3
nonemployment_16plus,0.5,dws_0.462,1.0,0.0,off_1.0,2,AR_postwar_0.0047,0.0047,0.15,0.3
nonemployment_16plus,0.5,dws_0.462,1.0,0.0,off_1.0,5,off_0.0000,0.0,0.15,0.75
nonemployment_16plus,0.5,dws_0.462,1.0,0.0,off_1.0,5,AR_recent_0.0035,0.0035,0.15,0.75
nonemployment_16plus,0.5,dws_0.462,1.0,0.0,off_1.0,5,AR_postwar_0.0047,0.0047,0.15,0.75
nonemployment_16plus,0.5,dws_0.462,1.0,0.0,off_1.0,10,off_0.0000,0.0,0.1215,1.215
nonemployment_16plus,0.5,dws_0.462,1.0,0.0,off_1.0,10,AR_recent_0.0035,0.0035,0.124,1.24
nonemployment_16plus,0.5,dws_0.462,1.0,0.0,off_1.0,10,AR_postwar_0.0047,0.0047,0.125,1.25
nonemployment_16plus,0.5,dws_0.462,1.0,0.0,off_1.0,20,off_0.0000,0.0,0.072,1.44
nonemployment_16plus,0.5,dws_0.462,1.0,0.0,off_1.0,20,AR_recent_0.0035,0.0035,0.074,1.48
nonemployment_16plus,0.5,dws_0.462,1.0,0.0,off_1.0,20,AR_postwar_0.0047,0.0047,0.075,1.5
nonemployment_16plus,0.5,dws_0.462,1.0,0.0,on_1.5,2,off_0.0000,0.0,0.15,0.3
nonemployment_16plus,0.5,dws_0.462,1.0,0.0,on_1.5,2,AR_recent_0.0035,0.0035,0.15,0.3
nonemployment_16plus,0.5,dws_0.462,1.0,0.0,on_1.5,2,AR_postwar_0.0047,0.0047,0.15,0.3
nonemployment_16plus,0.5,dws_0.462,1.0,0.0,on_1.5,5,off_0.0000,0.0,0.15,0.75
nonemployment_16plus,0.5,dws_0.462,1.0,0.0,on_1.5,5,AR_recent_0.0035,0.0035,0.15,0.75
nonemployment_16plus,0.5,dws_0.462,1.0,0.0,on_1.5,5,AR_postwar_0.0047,0.0047,0.15,0.75
nonemployment_16plus,0.5,dws_0.462,1.0,0.0,on_1.5,10,off_0.0000,0.0,0.1135,1.135
nonemployment_16plus,0.5,dws_0.462,1.0,0.0,on_1.5,10,AR_recent_0.0035,0.0035,0.116,1.16
nonemployment_16plus,0.5,dws_0.462,1.0,0.0,on_1.5,10,AR_postwar_0.0047,0.0047,0.117,1.17
nonemployment_16plus,0.5,dws_0.462,1.0,0.0,on_1.5,20,off_0.0000,0.0,0.068,1.36
nonemployment_16plus,0.5,dws_0.462,1.0,0.0,on_1.5,20,AR_recent_0.0035,0.0035,0.07,1.4
nonemployment_16plus,0.5,dws_0.462,1.0,0.0,on_1.5,20,AR_postwar_0.0047,0.0047,0.071,1.42
nonemployment_16plus,0.5,dws_0.462,1.0,0.5,off_1.0,2,off_0.0000,0.0,0.15,0.3
nonemployment_16plus,0.5,dws_0.462,1.0,0.5,off_1.0,2,AR_recent_0.0035,0.0035,0.15,0.3
nonemployment_16plus,0.5,dws_0.462,1.0,0.5,off_1.0,2,AR_postwar_0.0047,0.0047,0.15,0.3
nonemployment_16plus,0.5,dws_0.462,1.0,0.5,off_1.0,5,off_0.0000,0.0,0.15,0.75
nonemployment_16plus,0.5,dws_0.462,1.0,0.5,off_1.0,5,AR_recent_0.0035,0.0035,0.15,0.75
nonemployment_16plus,0.5,dws_0.462,1.0,0.5,off_1.0,5,AR_postwar_0.0047,0.0047,0.15,0.75
nonemployment_16plus,0.5,dws_0.462,1.0,0.5,off_1.0,10,off_0.0000,0.0,0.1215,1.215
nonemployment_16plus,0.5,dws_0.462,1.0,0.5,off_1.0,10,AR_recent_0.0035,0.0035,0.124,1.24
nonemployment_16plus,0.5,dws_0.462,1.0,0.5,off_1.0,10,AR_postwar_0.0047,0.0047,0.125,1.25
nonemployment_16plus,0.5,dws_0.462,1.0,0.5,off_1.0,20,off_0.0000,0.0,0.072,1.44
nonemployment_16plus,0.5,dws_0.462,1.0,0.5,off_1.0,20,AR_recent_0.0035,0.0035,0.074,1.48
nonemployment_16plus,0.5,dws_0.462,1.0,0.5,off_1.0,20,AR_postwar_0.0047,0.0047,0.075,1.5
nonemployment_16plus,0.5,dws_0.462,1.0,0.5,on_1.5,2,off_0.0000,0.0,0.15,0.3
nonemployment_16plus,0.5,dws_0.462,1.0,0.5,on_1.5,2,AR_recent_0.0035,0.0035,0.15,0.3
nonemployment_16plus,0.5,dws_0.462,1.0,0.5,on_1.5,2,AR_postwar_0.0047,0.0047,0.15,0.3
nonemployment_16plus,0.5,dws_0.462,1.0,0.5,on_1.5,5,off_0.0000,0.0,0.15,0.75
nonemployment_16plus,0.5,dws_0.462,1.0,0.5,on_1.5,5,AR_recent_0.0035,0.0035,0.15,0.75
nonemployment_16plus,0.5,dws_0.462,1.0,0.5,on_1.5,5,AR_postwar_0.0047,0.0047,0.15,0.75
nonemployment_16plus,0.5,dws_0.462,1.0,0.5,on_1.5,10,off_0.0000,0.0,0.1135,1.135
nonemployment_16plus,0.5,dws_0.462,1.0,0.5,on_1.5,10,AR_recent_0.0035,0.0035,0.116,1.16
nonemployment_16plus,0.5,dws_0.462,1.0,0.5,on_1.5,10,AR_postwar_0.0047,0.0047,0.117,1.17
nonemployment_16plus,0.5,dws_0.462,1.0,0.5,on_1.5,20,off_0.0000,0.0,0.068,1.36
nonemployment_16plus,0.5,dws_0.462,1.0,0.5,on_1.5,20,AR_recent_0.0035,0.0035,0.07,1.4
nonemployment_16plus,0.5,dws_0.462,1.0,0.5,on_1.5,20,AR_postwar_0.0047,0.0047,0.071,1.42
nonemployment_16plus,0.5,dws_0.462,1.0,1.0,off_1.0,2,off_0.0000,0.0,0.15,0.3
nonemployment_16plus,0.5,dws_0.462,1.0,1.0,off_1.0,2,AR_recent_0.0035,0.0035,0.15,0.3
nonemployment_16plus,0.5,dws_0.462,1.0,1.0,off_1.0,2,AR_postwar_0.0047,0.0047,0.15,0.3
nonemployment_16plus,0.5,dws_0.462,1.0,1.0,off_1.0,5,off_0.0000,0.0,0.15,0.75
nonemployment_16plus,0.5,dws_0.462,1.0,1.0,off_1.0,5,AR_recent_0.0035,0.0035,0.15,0.75
nonemployment_16plus,0.5,dws_0.462,1.0,1.0,off_1.0,5,AR_postwar_0.0047,0.0047,0.15,0.75
nonemployment_16plus,0.5,dws_0.462,1.0,1.0,off_1.0,10,off_0.0000,0.0,0.1215,1.215
nonemployment_16plus,0.5,dws_0.462,1.0,1.0,off_1.0,10,AR_recent_0.0035,0.0035,0.124,1.24
nonemployment_16plus,0.5,dws_0.462,1.0,1.0,off_1.0,10,AR_postwar_0.0047,0.0047,0.125,1.25
nonemployment_16plus,0.5,dws_0.462,1.0,1.0,off_1.0,20,off_0.0000,0.0,0.072,1.44
nonemployment_16plus,0.5,dws_0.462,1.0,1.0,off_1.0,20,AR_recent_0.0035,0.0035,0.074,1.48
nonemployment_16plus,0.5,dws_0.462,1.0,1.0,off_1.0,20,AR_postwar_0.0047,0.0047,0.075,1.5
nonemployment_16plus,0.5,dws_0.462,1.0,1.0,on_1.5,2,off_0.0000,0.0,0.15,0.3
nonemployment_16plus,0.5,dws_0.462,1.0,1.0,on_1.5,2,AR_recent_0.0035,0.0035,0.15,0.3
nonemployment_16plus,0.5,dws_0.462,1.0,1.0,on_1.5,2,AR_postwar_0.0047,0.0047,0.15,0.3
nonemployment_16plus,0.5,dws_0.462,1.0,1.0,on_1.5,5,off_0.0000,0.0,0.15,0.75
nonemployment_16plus,0.5,dws_0.462,1.0,1.0,on_1.5,5,AR_recent_0.0035,0.0035,0.15,0.75
nonemployment_16plus,0.5,dws_0.462,1.0,1.0,on_1.5,5,AR_postwar_0.0047,0.0047,0.15,0.75
nonemployment_16plus,0.5,dws_0.462,1.0,1.0,on_1.5,10,off_0.0000,0.0,0.1135,1.135
nonemployment_16plus,0.5,dws_0.462,1.0,1.0,on_1.5,10,AR_recent_0.0035,0.0035,0.116,1.16
nonemployment_16plus,0.5,dws_0.462,1.0,1.0,on_1.5,10,AR_postwar_0.0047,0.0047,0.117,1.17
nonemployment_16plus,0.5,dws_0.462,1.0,1.0,on_1.5,20,off_0.0000,0.0,0.068,1.36
nonemployment_16plus,0.5,dws_0.462,1.0,1.0,on_1.5,20,AR_recent_0.0035,0.0035,0.07,1.4
nonemployment_16plus,0.5,dws_0.462,1.0,1.0,on_1.5,20,AR_postwar_0.0047,0.0047,0.071,1.42
nonemployment_16plus,0.5,dws_0.462,1.5,0.0,off_1.0,2,off_0.0000,0.0,0.15,0.3
nonemployment_16plus,0.5,dws_0.462,1.5,0.0,off_1.0,2,AR_recent_0.0035,0.0035,0.15,0.3
nonemployment_16plus,0.5,dws_0.462,1.5,0.0,off_1.0,2,AR_postwar_0.0047,0.0047,0.15,0.3
nonemployment_16plus,0.5,dws_0.462,1.5,0.0,off_1.0,5,off_0.0000,0.0,0.15,0.75
nonemployment_16plus,0.5,dws_0.462,1.5,0.0,off_1.0,5,AR_recent_0.0035,0.0035,0.15,0.75
nonemployment_16plus,0.5,dws_0.462,1.5,0.0,off_1.0,5,AR_postwar_0.0047,0.0047,0.15,0.75
nonemployment_16plus,0.5,dws_0.462,1.5,0.0,off_1.0,10,off_0.0000,0.0,0.115,1.15
nonemployment_16plus,0.5,dws_0.462,1.5,0.0,off_1.0,10,AR_recent_0.0035,0.0035,0.1175,1.175
nonemployment_16plus,0.5,dws_0.462,1.5,0.0,off_1.0,10,AR_postwar_0.0047,0.0047,0.1185,1.185
nonemployment_16plus,0.5,dws_0.462,1.5,0.0,off_1.0,20,off_0.0000,0.0,0.0705,1.41
nonemployment_16plus,0.5,dws_0.462,1.5,0.0,off_1.0,20,AR_recent_0.0035,0.0035,0.0725,1.45
nonemployment_16plus,0.5,dws_0.462,1.5,0.0,off_1.0,20,AR_postwar_0.0047,0.0047,0.073,1.46
nonemployment_16plus,0.5,dws_0.462,1.5,0.0,on_1.5,2,off_0.0000,0.0,0.15,0.3
nonemployment_16plus,0.5,dws_0.462,1.5,0.0,on_1.5,2,AR_recent_0.0035,0.0035,0.15,0.3
nonemployment_16plus,0.5,dws_0.462,1.5,0.0,on_1.5,2,AR_postwar_0.0047,0.0047,0.15,0.3
nonemployment_16plus,0.5,dws_0.462,1.5,0.0,on_1.5,5,off_0.0000,0.0,0.15,0.75
nonemployment_16plus,0.5,dws_0.462,1.5,0.0,on_1.5,5,AR_recent_0.0035,0.0035,0.15,0.75
nonemployment_16plus,0.5,dws_0.462,1.5,0.0,on_1.5,5,AR_postwar_0.0047,0.0047,0.15,0.75
nonemployment_16plus,0.5,dws_0.462,1.5,0.0,on_1.5,10,off_0.0000,0.0,0.109,1.09
nonemployment_16plus,0.5,dws_0.462,1.5,0.0,on_1.5,10,AR_recent_0.0035,0.0035,0.112,1.12
nonemployment_16plus,0.5,dws_0.462,1.5,0.0,on_1.5,10,AR_postwar_0.0047,0.0047,0.113,1.13
nonemployment_16plus,0.5,dws_0.462,1.5,0.0,on_1.5,20,off_0.0000,0.0,0.067,1.34
nonemployment_16plus,0.5,dws_0.462,1.5,0.0,on_1.5,20,AR_recent_0.0035,0.0035,0.069,1.38
nonemployment_16plus,0.5,dws_0.462,1.5,0.0,on_1.5,20,AR_postwar_0.0047,0.0047,0.07,1.4
nonemployment_16plus,0.5,dws_0.462,1.5,0.5,off_1.0,2,off_0.0000,0.0,0.15,0.3
nonemployment_16plus,0.5,dws_0.462,1.5,0.5,off_1.0,2,AR_recent_0.0035,0.0035,0.15,0.3
nonemployment_16plus,0.5,dws_0.462,1.5,0.5,off_1.0,2,AR_postwar_0.0047,0.0047,0.15,0.3
nonemployment_16plus,0.5,dws_0.462,1.5,0.5,off_1.0,5,off_0.0000,0.0,0.15,0.75
nonemployment_16plus,0.5,dws_0.462,1.5,0.5,off_1.0,5,AR_recent_0.0035,0.0035,0.15,0.75
nonemployment_16plus,0.5,dws_0.462,1.5,0.5,off_1.0,5,AR_postwar_0.0047,0.0047,0.15,0.75
nonemployment_16plus,0.5,dws_0.462,1.5,0.5,off_1.0,10,off_0.0000,0.0,0.115,1.15
nonemployment_16plus,0.5,dws_0.462,1.5,0.5,off_1.0,10,AR_recent_0.0035,0.0035,0.1175,1.175
nonemployment_16plus,0.5,dws_0.462,1.5,0.5,off_1.0,10,AR_postwar_0.0047,0.0047,0.1185,1.185
nonemployment_16plus,0.5,dws_0.462,1.5,0.5,off_1.0,20,off_0.0000,0.0,0.0705,1.41
nonemployment_16plus,0.5,dws_0.462,1.5,0.5,off_1.0,20,AR_recent_0.0035,0.0035,0.0725,1.45
nonemployment_16plus,0.5,dws_0.462,1.5,0.5,off_1.0,20,AR_postwar_0.0047,0.0047,0.073,1.46
nonemployment_16plus,0.5,dws_0.462,1.5,0.5,on_1.5,2,off_0.0000,0.0,0.15,0.3
nonemployment_16plus,0.5,dws_0.462,1.5,0.5,on_1.5,2,AR_recent_0.0035,0.0035,0.15,0.3
nonemployment_16plus,0.5,dws_0.462,1.5,0.5,on_1.5,2,AR_postwar_0.0047,0.0047,0.15,0.3
nonemployment_16plus,0.5,dws_0.462,1.5,0.5,on_1.5,5,off_0.0000,0.0,0.15,0.75
nonemployment_16plus,0.5,dws_0.462,1.5,0.5,on_1.5,5,AR_recent_0.0035,0.0035,0.15,0.75
nonemployment_16plus,0.5,dws_0.462,1.5,0.5,on_1.5,5,AR_postwar_0.0047,0.0047,0.15,0.75
nonemployment_16plus,0.5,dws_0.462,1.5,0.5,on_1.5,10,off_0.0000,0.0,0.109,1.09
nonemployment_16plus,0.5,dws_0.462,1.5,0.5,on_1.5,10,AR_recent_0.0035,0.0035,0.112,1.12
nonemployment_16plus,0.5,dws_0.462,1.5,0.5,on_1.5,10,AR_postwar_0.0047,0.0047,0.113,1.13
nonemployment_16plus,0.5,dws_0.462,1.5,0.5,on_1.5,20,off_0.0000,0.0,0.067,1.34
nonemployment_16plus,0.5,dws_0.462,1.5,0.5,on_1.5,20,AR_recent_0.0035,0.0035,0.069,1.38
nonemployment_16plus,0.5,dws_0.462,1.5,0.5,on_1.5,20,AR_postwar_0.0047,0.0047,0.07,1.4
nonemployment_16plus,0.5,dws_0.462,1.5,1.0,off_1.0,2,off_0.0000,0.0,0.15,0.3
nonemployment_16plus,0.5,dws_0.462,1.5,1.0,off_1.0,2,AR_recent_0.0035,0.0035,0.15,0.3
nonemployment_16plus,0.5,dws_0.462,1.5,1.0,off_1.0,2,AR_postwar_0.0047,0.0047,0.15,0.3
nonemployment_16plus,0.5,dws_0.462,1.5,1.0,off_1.0,5,off_0.0000,0.0,0.15,0.75
nonemployment_16plus,0.5,dws_0.462,1.5,1.0,off_1.0,5,AR_recent_0.0035,0.0035,0.15,0.75
nonemployment_16plus,0.5,dws_0.462,1.5,1.0,off_1.0,5,AR_postwar_0.0047,0.0047,0.15,0.75
nonemployment_16plus,0.5,dws_0.462,1.5,1.0,off_1.0,10,off_0.0000,0.0,0.115,1.15
nonemployment_16plus,0.5,dws_0.462,1.5,1.0,off_1.0,10,AR_recent_0.0035,0.0035,0.1175,1.175
nonemployment_16plus,0.5,dws_0.462,1.5,1.0,off_1.0,10,AR_postwar_0.0047,0.0047,0.1185,1.185
nonemployment_16plus,0.5,dws_0.462,1.5,1.0,off_1.0,20,off_0.0000,0.0,0.0705,1.41
nonemployment_16plus,0.5,dws_0.462,1.5,1.0,off_1.0,20,AR_recent_0.0035,0.0035,0.0725,1.45
nonemployment_16plus,0.5,dws_0.462,1.5,1.0,off_1.0,20,AR_postwar_0.0047,0.0047,0.073,1.46
nonemployment_16plus,0.5,dws_0.462,1.5,1.0,on_1.5,2,off_0.0000,0.0,0.15,0.3
nonemployment_16plus,0.5,dws_0.462,1.5,1.0,on_1.5,2,AR_recent_0.0035,0.0035,0.15,0.3
nonemployment_16plus,0.5,dws_0.462,1.5,1.0,on_1.5,2,AR_postwar_0.0047,0.0047,0.15,0.3
nonemployment_16plus,0.5,dws_0.462,1.5,1.0,on_1.5,5,off_0.0000,0.0,0.15,0.75
nonemployment_16plus,0.5,dws_0.462,1.5,1.0,on_1.5,5,AR_recent_0.0035,0.0035,0.15,0.75
nonemployment_16plus,0.5,dws_0.462,1.5,1.0,on_1.5,5,AR_postwar_0.0047,0.0047,0.15,0.75
nonemployment_16plus,0.5,dws_0.462,1.5,1.0,on_1.5,10,off_0.0000,0.0,0.109,1.09
nonemployment_16plus,0.5,dws_0.462,1.5,1.0,on_1.5,10,AR_recent_0.0035,0.0035,0.112,1.12
nonemployment_16plus,0.5,dws_0.462,1.5,1.0,on_1.5,10,AR_postwar_0.0047,0.0047,0.113,1.13
nonemployment_16plus,0.5,dws_0.462,1.5,1.0,on_1.5,20,off_0.0000,0.0,0.067,1.34
nonemployment_16plus,0.5,dws_0.462,1.5,1.0,on_1.5,20,AR_recent_0.0035,0.0035,0.069,1.38
nonemployment_16plus,0.5,dws_0.462,1.5,1.0,on_1.5,20,AR_postwar_0.0047,0.0047,0.07,1.4
nonemployment_16plus,0.5,dws_0.462,2.0,0.0,off_1.0,2,off_0.0000,0.0,0.15,0.3
nonemployment_16plus,0.5,dws_0.462,2.0,0.0,off_1.0,2,AR_recent_0.0035,0.0035,0.15,0.3
nonemployment_16plus,0.5,dws_0.462,2.0,0.0,off_1.0,2,AR_postwar_0.0047,0.0047,0.15,0.3
nonemployment_16plus,0.5,dws_0.462,2.0,0.0,off_1.0,5,off_0.0000,0.0,0.15,0.75
nonemployment_16plus,0.5,dws_0.462,2.0,0.0,off_1.0,5,AR_recent_0.0035,0.0035,0.15,0.75
nonemployment_16plus,0.5,dws_0.462,2.0,0.0,off_1.0,5,AR_postwar_0.0047,0.0047,0.15,0.75
nonemployment_16plus,0.5,dws_0.462,2.0,0.0,off_1.0,10,off_0.0000,0.0,0.1065,1.065
nonemployment_16plus,0.5,dws_0.462,2.0,0.0,off_1.0,10,AR_recent_0.0035,0.0035,0.1095,1.095
nonemployment_16plus,0.5,dws_0.462,2.0,0.0,off_1.0,10,AR_postwar_0.0047,0.0047,0.11,1.1
nonemployment_16plus,0.5,dws_0.462,2.0,0.0,off_1.0,20,off_0.0000,0.0,0.067,1.34
nonemployment_16plus,0.5,dws_0.462,2.0,0.0,off_1.0,20,AR_recent_0.0035,0.0035,0.069,1.38
nonemployment_16plus,0.5,dws_0.462,2.0,0.0,off_1.0,20,AR_postwar_0.0047,0.0047,0.0695,1.39
nonemployment_16plus,0.5,dws_0.462,2.0,0.0,on_1.5,2,off_0.0000,0.0,0.15,0.3
nonemployment_16plus,0.5,dws_0.462,2.0,0.0,on_1.5,2,AR_recent_0.0035,0.0035,0.15,0.3
nonemployment_16plus,0.5,dws_0.462,2.0,0.0,on_1.5,2,AR_postwar_0.0047,0.0047,0.15,0.3
nonemployment_16plus,0.5,dws_0.462,2.0,0.0,on_1.5,5,off_0.0000,0.0,0.15,0.75
nonemployment_16plus,0.5,dws_0.462,2.0,0.0,on_1.5,5,AR_recent_0.0035,0.0035,0.15,0.75
nonemployment_16plus,0.5,dws_0.462,2.0,0.0,on_1.5,5,AR_postwar_0.0047,0.0047,0.15,0.75
nonemployment_16plus,0.5,dws_0.462,2.0,0.0,on_1.5,10,off_0.0000,0.0,0.1025,1.025
nonemployment_16plus,0.5,dws_0.462,2.0,0.0,on_1.5,10,AR_recent_0.0035,0.0035,0.105,1.05
nonemployment_16plus,0.5,dws_0.462,2.0,0.0,on_1.5,10,AR_postwar_0.0047,0.0047,0.106,1.06
nonemployment_16plus,0.5,dws_0.462,2.0,0.0,on_1.5,20,off_0.0000,0.0,0.064,1.28
nonemployment_16plus,0.5,dws_0.462,2.0,0.0,on_1.5,20,AR_recent_0.0035,0.0035,0.0665,1.33
nonemployment_16plus,0.5,dws_0.462,2.0,0.0,on_1.5,20,AR_postwar_0.0047,0.0047,0.067,1.34
nonemployment_16plus,0.5,dws_0.462,2.0,0.5,off_1.0,2,off_0.0000,0.0,0.15,0.3
nonemployment_16plus,0.5,dws_0.462,2.0,0.5,off_1.0,2,AR_recent_0.0035,0.0035,0.15,0.3
nonemployment_16plus,0.5,dws_0.462,2.0,0.5,off_1.0,2,AR_postwar_0.0047,0.0047,0.15,0.3
nonemployment_16plus,0.5,dws_0.462,2.0,0.5,off_1.0,5,off_0.0000,0.0,0.15,0.75
nonemployment_16plus,0.5,dws_0.462,2.0,0.5,off_1.0,5,AR_recent_0.0035,0.0035,0.15,0.75
nonemployment_16plus,0.5,dws_0.462,2.0,0.5,off_1.0,5,AR_postwar_0.0047,0.0047,0.15,0.75
nonemployment_16plus,0.5,dws_0.462,2.0,0.5,off_1.0,10,off_0.0000,0.0,0.1065,1.065
nonemployment_16plus,0.5,dws_0.462,2.0,0.5,off_1.0,10,AR_recent_0.0035,0.0035,0.1095,1.095
nonemployment_16plus,0.5,dws_0.462,2.0,0.5,off_1.0,10,AR_postwar_0.0047,0.0047,0.11,1.1
nonemployment_16plus,0.5,dws_0.462,2.0,0.5,off_1.0,20,off_0.0000,0.0,0.067,1.34
nonemployment_16plus,0.5,dws_0.462,2.0,0.5,off_1.0,20,AR_recent_0.0035,0.0035,0.069,1.38
nonemployment_16plus,0.5,dws_0.462,2.0,0.5,off_1.0,20,AR_postwar_0.0047,0.0047,0.0695,1.39
nonemployment_16plus,0.5,dws_0.462,2.0,0.5,on_1.5,2,off_0.0000,0.0,0.15,0.3
nonemployment_16plus,0.5,dws_0.462,2.0,0.5,on_1.5,2,AR_recent_0.0035,0.0035,0.15,0.3
nonemployment_16plus,0.5,dws_0.462,2.0,0.5,on_1.5,2,AR_postwar_0.0047,0.0047,0.15,0.3
nonemployment_16plus,0.5,dws_0.462,2.0,0.5,on_1.5,5,off_0.0000,0.0,0.15,0.75
nonemployment_16plus,0.5,dws_0.462,2.0,0.5,on_1.5,5,AR_recent_0.0035,0.0035,0.15,0.75
nonemployment_16plus,0.5,dws_0.462,2.0,0.5,on_1.5,5,AR_postwar_0.0047,0.0047,0.15,0.75
nonemployment_16plus,0.5,dws_0.462,2.0,0.5,on_1.5,10,off_0.0000,0.0,0.1025,1.025
nonemployment_16plus,0.5,dws_0.462,2.0,0.5,on_1.5,10,AR_recent_0.0035,0.0035,0.105,1.05
nonemployment_16plus,0.5,dws_0.462,2.0,0.5,on_1.5,10,AR_postwar_0.0047,0.0047,0.106,1.06
nonemployment_16plus,0.5,dws_0.462,2.0,0.5,on_1.5,20,off_0.0000,0.0,0.064,1.28
nonemployment_16plus,0.5,dws_0.462,2.0,0.5,on_1.5,20,AR_recent_0.0035,0.0035,0.0665,1.33
nonemployment_16plus,0.5,dws_0.462,2.0,0.5,on_1.5,20,AR_postwar_0.0047,0.0047,0.067,1.34
nonemployment_16plus,0.5,dws_0.462,2.0,1.0,off_1.0,2,off_0.0000,0.0,0.15,0.3
nonemployment_16plus,0.5,dws_0.462,2.0,1.0,off_1.0,2,AR_recent_0.0035,0.0035,0.15,0.3
nonemployment_16plus,0.5,dws_0.462,2.0,1.0,off_1.0,2,AR_postwar_0.0047,0.0047,0.15,0.3
nonemployment_16plus,0.5,dws_0.462,2.0,1.0,off_1.0,5,off_0.0000,0.0,0.15,0.75
nonemployment_16plus,0.5,dws_0.462,2.0,1.0,off_1.0,5,AR_recent_0.0035,0.0035,0.15,0.75
nonemployment_16plus,0.5,dws_0.462,2.0,1.0,off_1.0,5,AR_postwar_0.0047,0.0047,0.15,0.75
nonemployment_16plus,0.5,dws_0.462,2.0,1.0,off_1.0,10,off_0.0000,0.0,0.1065,1.065
nonemployment_16plus,0.5,dws_0.462,2.0,1.0,off_1.0,10,AR_recent_0.0035,0.0035,0.1095,1.095
nonemployment_16plus,0.5,dws_0.462,2.0,1.0,off_1.0,10,AR_postwar_0.0047,0.0047,0.11,1.1
nonemployment_16plus,0.5,dws_0.462,2.0,1.0,off_1.0,20,off_0.0000,0.0,0.067,1.34
nonemployment_16plus,0.5,dws_0.462,2.0,1.0,off_1.0,20,AR_recent_0.0035,0.0035,0.069,1.38
nonemployment_16plus,0.5,dws_0.462,2.0,1.0,off_1.0,20,AR_postwar_0.0047,0.0047,0.0695,1.39
nonemployment_16plus,0.5,dws_0.462,2.0,1.0,on_1.5,2,off_0.0000,0.0,0.15,0.3
nonemployment_16plus,0.5,dws_0.462,2.0,1.0,on_1.5,2,AR_recent_0.0035,0.0035,0.15,0.3
nonemployment_16plus,0.5,dws_0.462,2.0,1.0,on_1.5,2,AR_postwar_0.0047,0.0047,0.15,0.3
nonemployment_16plus,0.5,dws_0.462,2.0,1.0,on_1.5,5,off_0.0000,0.0,0.15,0.75
nonemployment_16plus,0.5,dws_0.462,2.0,1.0,on_1.5,5,AR_recent_0.0035,0.0035,0.15,0.75
nonemployment_16plus,0.5,dws_0.462,2.0,1.0,on_1.5,5,AR_postwar_0.0047,0.0047,0.15,0.75
nonemployment_16plus,0.5,dws_0.462,2.0,1.0,on_1.5,10,off_0.0000,0.0,0.1025,1.025
nonemployment_16plus,0.5,dws_0.462,2.0,1.0,on_1.5,10,AR_recent_0.0035,0.0035,0.105,1.05
nonemployment_16plus,0.5,dws_0.462,2.0,1.0,on_1.5,10,AR_postwar_0.0047,0.0047,0.106,1.06
nonemployment_16plus,0.5,dws_0.462,2.0,1.0,on_1.5,20,off_0.0000,0.0,0.064,1.28
nonemployment_16plus,0.5,dws_0.462,2.0,1.0,on_1.5,20,AR_recent_0.0035,0.0035,0.0665,1.33
nonemployment_16plus,0.5,dws_0.462,2.0,1.0,on_1.5,20,AR_postwar_0.0047,0.0047,0.067,1.34
nonemployment_16plus,0.5,dws_low_0.296,1.0,0.0,off_1.0,2,off_0.0000,0.0,0.15,0.3
nonemployment_16plus,0.5,dws_low_0.296,1.0,0.0,off_1.0,2,AR_recent_0.0035,0.0035,0.15,0.3
nonemployment_16plus,0.5,dws_low_0.296,1.0,0.0,off_1.0,2,AR_postwar_0.0047,0.0047,0.15,0.3
nonemployment_16plus,0.5,dws_low_0.296,1.0,0.0,off_1.0,5,off_0.0000,0.0,0.15,0.75
nonemployment_16plus,0.5,dws_low_0.296,1.0,0.0,off_1.0,5,AR_recent_0.0035,0.0035,0.15,0.75
nonemployment_16plus,0.5,dws_low_0.296,1.0,0.0,off_1.0,5,AR_postwar_0.0047,0.0047,0.15,0.75
nonemployment_16plus,0.5,dws_low_0.296,1.0,0.0,off_1.0,10,off_0.0000,0.0,0.1255,1.255
nonemployment_16plus,0.5,dws_low_0.296,1.0,0.0,off_1.0,10,AR_recent_0.0035,0.0035,0.128,1.28
nonemployment_16plus,0.5,dws_low_0.296,1.0,0.0,off_1.0,10,AR_postwar_0.0047,0.0047,0.1285,1.285
nonemployment_16plus,0.5,dws_low_0.296,1.0,0.0,off_1.0,20,off_0.0000,0.0,0.075,1.5
nonemployment_16plus,0.5,dws_low_0.296,1.0,0.0,off_1.0,20,AR_recent_0.0035,0.0035,0.077,1.54
nonemployment_16plus,0.5,dws_low_0.296,1.0,0.0,off_1.0,20,AR_postwar_0.0047,0.0047,0.0775,1.55
nonemployment_16plus,0.5,dws_low_0.296,1.0,0.0,on_1.5,2,off_0.0000,0.0,0.15,0.3
nonemployment_16plus,0.5,dws_low_0.296,1.0,0.0,on_1.5,2,AR_recent_0.0035,0.0035,0.15,0.3
nonemployment_16plus,0.5,dws_low_0.296,1.0,0.0,on_1.5,2,AR_postwar_0.0047,0.0047,0.15,0.3
nonemployment_16plus,0.5,dws_low_0.296,1.0,0.0,on_1.5,5,off_0.0000,0.0,0.15,0.75
nonemployment_16plus,0.5,dws_low_0.296,1.0,0.0,on_1.5,5,AR_recent_0.0035,0.0035,0.15,0.75
nonemployment_16plus,0.5,dws_low_0.296,1.0,0.0,on_1.5,5,AR_postwar_0.0047,0.0047,0.15,0.75
nonemployment_16plus,0.5,dws_low_0.296,1.0,0.0,on_1.5,10,off_0.0000,0.0,0.119,1.19
nonemployment_16plus,0.5,dws_low_0.296,1.0,0.0,on_1.5,10,AR_recent_0.0035,0.0035,0.1215,1.215
nonemployment_16plus,0.5,dws_low_0.296,1.0,0.0,on_1.5,10,AR_postwar_0.0047,0.0047,0.1225,1.225
nonemployment_16plus,0.5,dws_low_0.296,1.0,0.0,on_1.5,20,off_0.0000,0.0,0.0715,1.43
nonemployment_16plus,0.5,dws_low_0.296,1.0,0.0,on_1.5,20,AR_recent_0.0035,0.0035,0.0735,1.47
nonemployment_16plus,0.5,dws_low_0.296,1.0,0.0,on_1.5,20,AR_postwar_0.0047,0.0047,0.074,1.48
nonemployment_16plus,0.5,dws_low_0.296,1.0,0.5,off_1.0,2,off_0.0000,0.0,0.15,0.3
nonemployment_16plus,0.5,dws_low_0.296,1.0,0.5,off_1.0,2,AR_recent_0.0035,0.0035,0.15,0.3
nonemployment_16plus,0.5,dws_low_0.296,1.0,0.5,off_1.0,2,AR_postwar_0.0047,0.0047,0.15,0.3
nonemployment_16plus,0.5,dws_low_0.296,1.0,0.5,off_1.0,5,off_0.0000,0.0,0.15,0.75
nonemployment_16plus,0.5,dws_low_0.296,1.0,0.5,off_1.0,5,AR_recent_0.0035,0.0035,0.15,0.75
nonemployment_16plus,0.5,dws_low_0.296,1.0,0.5,off_1.0,5,AR_postwar_0.0047,0.0047,0.15,0.75
nonemployment_16plus,0.5,dws_low_0.296,1.0,0.5,off_1.0,10,off_0.0000,0.0,0.1255,1.255
nonemployment_16plus,0.5,dws_low_0.296,1.0,0.5,off_1.0,10,AR_recent_0.0035,0.0035,0.128,1.28
nonemployment_16plus,0.5,dws_low_0.296,1.0,0.5,off_1.0,10,AR_postwar_0.0047,0.0047,0.1285,1.285
nonemployment_16plus,0.5,dws_low_0.296,1.0,0.5,off_1.0,20,off_0.0000,0.0,0.075,1.5
nonemployment_16plus,0.5,dws_low_0.296,1.0,0.5,off_1.0,20,AR_recent_0.0035,0.0035,0.077,1.54
nonemployment_16plus,0.5,dws_low_0.296,1.0,0.5,off_1.0,20,AR_postwar_0.0047,0.0047,0.0775,1.55
nonemployment_16plus,0.5,dws_low_0.296,1.0,0.5,on_1.5,2,off_0.0000,0.0,0.15,0.3
nonemployment_16plus,0.5,dws_low_0.296,1.0,0.5,on_1.5,2,AR_recent_0.0035,0.0035,0.15,0.3
nonemployment_16plus,0.5,dws_low_0.296,1.0,0.5,on_1.5,2,AR_postwar_0.0047,0.0047,0.15,0.3
nonemployment_16plus,0.5,dws_low_0.296,1.0,0.5,on_1.5,5,off_0.0000,0.0,0.15,0.75
nonemployment_16plus,0.5,dws_low_0.296,1.0,0.5,on_1.5,5,AR_recent_0.0035,0.0035,0.15,0.75
nonemployment_16plus,0.5,dws_low_0.296,1.0,0.5,on_1.5,5,AR_postwar_0.0047,0.0047,0.15,0.75
nonemployment_16plus,0.5,dws_low_0.296,1.0,0.5,on_1.5,10,off_0.0000,0.0,0.119,1.19
nonemployment_16plus,0.5,dws_low_0.296,1.0,0.5,on_1.5,10,AR_recent_0.0035,0.0035,0.1215,1.215
nonemployment_16plus,0.5,dws_low_0.296,1.0,0.5,on_1.5,10,AR_postwar_0.0047,0.0047,0.1225,1.225
nonemployment_16plus,0.5,dws_low_0.296,1.0,0.5,on_1.5,20,off_0.0000,0.0,0.0715,1.43
nonemployment_16plus,0.5,dws_low_0.296,1.0,0.5,on_1.5,20,AR_recent_0.0035,0.0035,0.0735,1.47
nonemployment_16plus,0.5,dws_low_0.296,1.0,0.5,on_1.5,20,AR_postwar_0.0047,0.0047,0.074,1.48
nonemployment_16plus,0.5,dws_low_0.296,1.0,1.0,off_1.0,2,off_0.0000,0.0,0.15,0.3
nonemployment_16plus,0.5,dws_low_0.296,1.0,1.0,off_1.0,2,AR_recent_0.0035,0.0035,0.15,0.3
nonemployment_16plus,0.5,dws_low_0.296,1.0,1.0,off_1.0,2,AR_postwar_0.0047,0.0047,0.15,0.3
nonemployment_16plus,0.5,dws_low_0.296,1.0,1.0,off_1.0,5,off_0.0000,0.0,0.15,0.75
nonemployment_16plus,0.5,dws_low_0.296,1.0,1.0,off_1.0,5,AR_recent_0.0035,0.0035,0.15,0.75
nonemployment_16plus,0.5,dws_low_0.296,1.0,1.0,off_1.0,5,AR_postwar_0.0047,0.0047,0.15,0.75
nonemployment_16plus,0.5,dws_low_0.296,1.0,1.0,off_1.0,10,off_0.0000,0.0,0.1255,1.255
nonemployment_16plus,0.5,dws_low_0.296,1.0,1.0,off_1.0,10,AR_recent_0.0035,0.0035,0.128,1.28
nonemployment_16plus,0.5,dws_low_0.296,1.0,1.0,off_1.0,10,AR_postwar_0.0047,0.0047,0.1285,1.285
nonemployment_16plus,0.5,dws_low_0.296,1.0,1.0,off_1.0,20,off_0.0000,0.0,0.075,1.5
nonemployment_16plus,0.5,dws_low_0.296,1.0,1.0,off_1.0,20,AR_recent_0.0035,0.0035,0.077,1.54
nonemployment_16plus,0.5,dws_low_0.296,1.0,1.0,off_1.0,20,AR_postwar_0.0047,0.0047,0.0775,1.55
nonemployment_16plus,0.5,dws_low_0.296,1.0,1.0,on_1.5,2,off_0.0000,0.0,0.15,0.3
nonemployment_16plus,0.5,dws_low_0.296,1.0,1.0,on_1.5,2,AR_recent_0.0035,0.0035,0.15,0.3
nonemployment_16plus,0.5,dws_low_0.296,1.0,1.0,on_1.5,2,AR_postwar_0.0047,0.0047,0.15,0.3
nonemployment_16plus,0.5,dws_low_0.296,1.0,1.0,on_1.5,5,off_0.0000,0.0,0.15,0.75
nonemployment_16plus,0.5,dws_low_0.296,1.0,1.0,on_1.5,5,AR_recent_0.0035,0.0035,0.15,0.75
nonemployment_16plus,0.5,dws_low_0.296,1.0,1.0,on_1.5,5,AR_postwar_0.0047,0.0047,0.15,0.75
nonemployment_16plus,0.5,dws_low_0.296,1.0,1.0,on_1.5,10,off_0.0000,0.0,0.119,1.19
nonemployment_16plus,0.5,dws_low_0.296,1.0,1.0,on_1.5,10,AR_recent_0.0035,0.0035,0.1215,1.215
nonemployment_16plus,0.5,dws_low_0.296,1.0,1.0,on_1.5,10,AR_postwar_0.0047,0.0047,0.1225,1.225
nonemployment_16plus,0.5,dws_low_0.296,1.0,1.0,on_1.5,20,off_0.0000,0.0,0.0715,1.43
nonemployment_16plus,0.5,dws_low_0.296,1.0,1.0,on_1.5,20,AR_recent_0.0035,0.0035,0.0735,1.47
nonemployment_16plus,0.5,dws_low_0.296,1.0,1.0,on_1.5,20,AR_postwar_0.0047,0.0047,0.074,1.48
nonemployment_16plus,0.5,dws_low_0.296,1.5,0.0,off_1.0,2,off_0.0000,0.0,0.15,0.3
nonemployment_16plus,0.5,dws_low_0.296,1.5,0.0,off_1.0,2,AR_recent_0.0035,0.0035,0.15,0.3
nonemployment_16plus,0.5,dws_low_0.296,1.5,0.0,off_1.0,2,AR_postwar_0.0047,0.0047,0.15,0.3
nonemployment_16plus,0.5,dws_low_0.296,1.5,0.0,off_1.0,5,off_0.0000,0.0,0.15,0.75
nonemployment_16plus,0.5,dws_low_0.296,1.5,0.0,off_1.0,5,AR_recent_0.0035,0.0035,0.15,0.75
nonemployment_16plus,0.5,dws_low_0.296,1.5,0.0,off_1.0,5,AR_postwar_0.0047,0.0047,0.15,0.75
nonemployment_16plus,0.5,dws_low_0.296,1.5,0.0,off_1.0,10,off_0.0000,0.0,0.115,1.15
nonemployment_16plus,0.5,dws_low_0.296,1.5,0.0,off_1.0,10,AR_recent_0.0035,0.0035,0.1175,1.175
nonemployment_16plus,0.5,dws_low_0.296,1.5,0.0,off_1.0,10,AR_postwar_0.0047,0.0047,0.1185,1.185
nonemployment_16plus,0.5,dws_low_0.296,1.5,0.0,off_1.0,20,off_0.0000,0.0,0.071,1.42
nonemployment_16plus,0.5,dws_low_0.296,1.5,0.0,off_1.0,20,AR_recent_0.0035,0.0035,0.073,1.46
nonemployment_16plus,0.5,dws_low_0.296,1.5,0.0,off_1.0,20,AR_postwar_0.0047,0.0047,0.074,1.48
nonemployment_16plus,0.5,dws_low_0.296,1.5,0.0,on_1.5,2,off_0.0000,0.0,0.15,0.3
nonemployment_16plus,0.5,dws_low_0.296,1.5,0.0,on_1.5,2,AR_recent_0.0035,0.0035,0.15,0.3
nonemployment_16plus,0.5,dws_low_0.296,1.5,0.0,on_1.5,2,AR_postwar_0.0047,0.0047,0.15,0.3
nonemployment_16plus,0.5,dws_low_0.296,1.5,0.0,on_1.5,5,off_0.0000,0.0,0.15,0.75
nonemployment_16plus,0.5,dws_low_0.296,1.5,0.0,on_1.5,5,AR_recent_0.0035,0.0035,0.15,0.75
nonemployment_16plus,0.5,dws_low_0.296,1.5,0.0,on_1.5,5,AR_postwar_0.0047,0.0047,0.15,0.75
nonemployment_16plus,0.5,dws_low_0.296,1.5,0.0,on_1.5,10,off_0.0000,0.0,0.111,1.11
nonemployment_16plus,0.5,dws_low_0.296,1.5,0.0,on_1.5,10,AR_recent_0.0035,0.0035,0.1135,1.135
nonemployment_16plus,0.5,dws_low_0.296,1.5,0.0,on_1.5,10,AR_postwar_0.0047,0.0047,0.1145,1.145
nonemployment_16plus,0.5,dws_low_0.296,1.5,0.0,on_1.5,20,off_0.0000,0.0,0.0685,1.37
nonemployment_16plus,0.5,dws_low_0.296,1.5,0.0,on_1.5,20,AR_recent_0.0035,0.0035,0.0705,1.41
nonemployment_16plus,0.5,dws_low_0.296,1.5,0.0,on_1.5,20,AR_postwar_0.0047,0.0047,0.0715,1.43
nonemployment_16plus,0.5,dws_low_0.296,1.5,0.5,off_1.0,2,off_0.0000,0.0,0.15,0.3
nonemployment_16plus,0.5,dws_low_0.296,1.5,0.5,off_1.0,2,AR_recent_0.0035,0.0035,0.15,0.3
nonemployment_16plus,0.5,dws_low_0.296,1.5,0.5,off_1.0,2,AR_postwar_0.0047,0.0047,0.15,0.3
nonemployment_16plus,0.5,dws_low_0.296,1.5,0.5,off_1.0,5,off_0.0000,0.0,0.15,0.75
nonemployment_16plus,0.5,dws_low_0.296,1.5,0.5,off_1.0,5,AR_recent_0.0035,0.0035,0.15,0.75
nonemployment_16plus,0.5,dws_low_0.296,1.5,0.5,off_1.0,5,AR_postwar_0.0047,0.0047,0.15,0.75
nonemployment_16plus,0.5,dws_low_0.296,1.5,0.5,off_1.0,10,off_0.0000,0.0,0.115,1.15
nonemployment_16plus,0.5,dws_low_0.296,1.5,0.5,off_1.0,10,AR_recent_0.0035,0.0035,0.1175,1.175
nonemployment_16plus,0.5,dws_low_0.296,1.5,0.5,off_1.0,10,AR_postwar_0.0047,0.0047,0.1185,1.185
nonemployment_16plus,0.5,dws_low_0.296,1.5,0.5,off_1.0,20,off_0.0000,0.0,0.071,1.42
nonemployment_16plus,0.5,dws_low_0.296,1.5,0.5,off_1.0,20,AR_recent_0.0035,0.0035,0.073,1.46
nonemployment_16plus,0.5,dws_low_0.296,1.5,0.5,off_1.0,20,AR_postwar_0.0047,0.0047,0.074,1.48
nonemployment_16plus,0.5,dws_low_0.296,1.5,0.5,on_1.5,2,off_0.0000,0.0,0.15,0.3
nonemployment_16plus,0.5,dws_low_0.296,1.5,0.5,on_1.5,2,AR_recent_0.0035,0.0035,0.15,0.3
nonemployment_16plus,0.5,dws_low_0.296,1.5,0.5,on_1.5,2,AR_postwar_0.0047,0.0047,0.15,0.3
nonemployment_16plus,0.5,dws_low_0.296,1.5,0.5,on_1.5,5,off_0.0000,0.0,0.15,0.75
nonemployment_16plus,0.5,dws_low_0.296,1.5,0.5,on_1.5,5,AR_recent_0.0035,0.0035,0.15,0.75
nonemployment_16plus,0.5,dws_low_0.296,1.5,0.5,on_1.5,5,AR_postwar_0.0047,0.0047,0.15,0.75
nonemployment_16plus,0.5,dws_low_0.296,1.5,0.5,on_1.5,10,off_0.0000,0.0,0.111,1.11
nonemployment_16plus,0.5,dws_low_0.296,1.5,0.5,on_1.5,10,AR_recent_0.0035,0.0035,0.1135,1.135
nonemployment_16plus,0.5,dws_low_0.296,1.5,0.5,on_1.5,10,AR_postwar_0.0047,0.0047,0.1145,1.145
nonemployment_16plus,0.5,dws_low_0.296,1.5,0.5,on_1.5,20,off_0.0000,0.0,0.0685,1.37
nonemployment_16plus,0.5,dws_low_0.296,1.5,0.5,on_1.5,20,AR_recent_0.0035,0.0035,0.0705,1.41
nonemployment_16plus,0.5,dws_low_0.296,1.5,0.5,on_1.5,20,AR_postwar_0.0047,0.0047,0.0715,1.43
nonemployment_16plus,0.5,dws_low_0.296,1.5,1.0,off_1.0,2,off_0.0000,0.0,0.15,0.3
nonemployment_16plus,0.5,dws_low_0.296,1.5,1.0,off_1.0,2,AR_recent_0.0035,0.0035,0.15,0.3
nonemployment_16plus,0.5,dws_low_0.296,1.5,1.0,off_1.0,2,AR_postwar_0.0047,0.0047,0.15,0.3
nonemployment_16plus,0.5,dws_low_0.296,1.5,1.0,off_1.0,5,off_0.0000,0.0,0.15,0.75
nonemployment_16plus,0.5,dws_low_0.296,1.5,1.0,off_1.0,5,AR_recent_0.0035,0.0035,0.15,0.75
nonemployment_16plus,0.5,dws_low_0.296,1.5,1.0,off_1.0,5,AR_postwar_0.0047,0.0047,0.15,0.75
nonemployment_16plus,0.5,dws_low_0.296,1.5,1.0,off_1.0,10,off_0.0000,0.0,0.115,1.15
nonemployment_16plus,0.5,dws_low_0.296,1.5,1.0,off_1.0,10,AR_recent_0.0035,0.0035,0.1175,1.175
nonemployment_16plus,0.5,dws_low_0.296,1.5,1.0,off_1.0,10,AR_postwar_0.0047,0.0047,0.1185,1.185
nonemployment_16plus,0.5,dws_low_0.296,1.5,1.0,off_1.0,20,off_0.0000,0.0,0.071,1.42
nonemployment_16plus,0.5,dws_low_0.296,1.5,1.0,off_1.0,20,AR_recent_0.0035,0.0035,0.073,1.46
nonemployment_16plus,0.5,dws_low_0.296,1.5,1.0,off_1.0,20,AR_postwar_0.0047,0.0047,0.074,1.48
nonemployment_16plus,0.5,dws_low_0.296,1.5,1.0,on_1.5,2,off_0.0000,0.0,0.15,0.3
nonemployment_16plus,0.5,dws_low_0.296,1.5,1.0,on_1.5,2,AR_recent_0.0035,0.0035,0.15,0.3
nonemployment_16plus,0.5,dws_low_0.296,1.5,1.0,on_1.5,2,AR_postwar_0.0047,0.0047,0.15,0.3
nonemployment_16plus,0.5,dws_low_0.296,1.5,1.0,on_1.5,5,off_0.0000,0.0,0.15,0.75
nonemployment_16plus,0.5,dws_low_0.296,1.5,1.0,on_1.5,5,AR_recent_0.0035,0.0035,0.15,0.75
nonemployment_16plus,0.5,dws_low_0.296,1.5,1.0,on_1.5,5,AR_postwar_0.0047,0.0047,0.15,0.75
nonemployment_16plus,0.5,dws_low_0.296,1.5,1.0,on_1.5,10,off_0.0000,0.0,0.111,1.11
nonemployment_16plus,0.5,dws_low_0.296,1.5,1.0,on_1.5,10,AR_recent_0.0035,0.0035,0.1135,1.135
nonemployment_16plus,0.5,dws_low_0.296,1.5,1.0,on_1.5,10,AR_postwar_0.0047,0.0047,0.1145,1.145
nonemployment_16plus,0.5,dws_low_0.296,1.5,1.0,on_1.5,20,off_0.0000,0.0,0.0685,1.37
nonemployment_16plus,0.5,dws_low_0.296,1.5,1.0,on_1.5,20,AR_recent_0.0035,0.0035,0.0705,1.41
nonemployment_16plus,0.5,dws_low_0.296,1.5,1.0,on_1.5,20,AR_postwar_0.0047,0.0047,0.0715,1.43
nonemployment_16plus,0.5,dws_low_0.296,2.0,0.0,off_1.0,2,off_0.0000,0.0,0.15,0.3
nonemployment_16plus,0.5,dws_low_0.296,2.0,0.0,off_1.0,2,AR_recent_0.0035,0.0035,0.15,0.3
nonemployment_16plus,0.5,dws_low_0.296,2.0,0.0,off_1.0,2,AR_postwar_0.0047,0.0047,0.15,0.3
nonemployment_16plus,0.5,dws_low_0.296,2.0,0.0,off_1.0,5,off_0.0000,0.0,0.15,0.75
nonemployment_16plus,0.5,dws_low_0.296,2.0,0.0,off_1.0,5,AR_recent_0.0035,0.0035,0.15,0.75
nonemployment_16plus,0.5,dws_low_0.296,2.0,0.0,off_1.0,5,AR_postwar_0.0047,0.0047,0.15,0.75
nonemployment_16plus,0.5,dws_low_0.296,2.0,0.0,off_1.0,10,off_0.0000,0.0,0.1045,1.045
nonemployment_16plus,0.5,dws_low_0.296,2.0,0.0,off_1.0,10,AR_recent_0.0035,0.0035,0.107,1.07
nonemployment_16plus,0.5,dws_low_0.296,2.0,0.0,off_1.0,10,AR_postwar_0.0047,0.0047,0.108,1.08
nonemployment_16plus,0.5,dws_low_0.296,2.0,0.0,off_1.0,20,off_0.0000,0.0,0.0665,1.33
nonemployment_16plus,0.5,dws_low_0.296,2.0,0.0,off_1.0,20,AR_recent_0.0035,0.0035,0.0685,1.37
nonemployment_16plus,0.5,dws_low_0.296,2.0,0.0,off_1.0,20,AR_postwar_0.0047,0.0047,0.0695,1.39
nonemployment_16plus,0.5,dws_low_0.296,2.0,0.0,on_1.5,2,off_0.0000,0.0,0.15,0.3
nonemployment_16plus,0.5,dws_low_0.296,2.0,0.0,on_1.5,2,AR_recent_0.0035,0.0035,0.15,0.3
nonemployment_16plus,0.5,dws_low_0.296,2.0,0.0,on_1.5,2,AR_postwar_0.0047,0.0047,0.15,0.3
nonemployment_16plus,0.5,dws_low_0.296,2.0,0.0,on_1.5,5,off_0.0000,0.0,0.15,0.75
nonemployment_16plus,0.5,dws_low_0.296,2.0,0.0,on_1.5,5,AR_recent_0.0035,0.0035,0.15,0.75
nonemployment_16plus,0.5,dws_low_0.296,2.0,0.0,on_1.5,5,AR_postwar_0.0047,0.0047,0.15,0.75
nonemployment_16plus,0.5,dws_low_0.296,2.0,0.0,on_1.5,10,off_0.0000,0.0,0.1015,1.015
nonemployment_16plus,0.5,dws_low_0.296,2.0,0.0,on_1.5,10,AR_recent_0.0035,0.0035,0.1045,1.045
nonemployment_16plus,0.5,dws_low_0.296,2.0,0.0,on_1.5,10,AR_postwar_0.0047,0.0047,0.105,1.05
nonemployment_16plus,0.5,dws_low_0.296,2.0,0.0,on_1.5,20,off_0.0000,0.0,0.0645,1.29
nonemployment_16plus,0.5,dws_low_0.296,2.0,0.0,on_1.5,20,AR_recent_0.0035,0.0035,0.0665,1.33
nonemployment_16plus,0.5,dws_low_0.296,2.0,0.0,on_1.5,20,AR_postwar_0.0047,0.0047,0.0675,1.35
nonemployment_16plus,0.5,dws_low_0.296,2.0,0.5,off_1.0,2,off_0.0000,0.0,0.15,0.3
nonemployment_16plus,0.5,dws_low_0.296,2.0,0.5,off_1.0,2,AR_recent_0.0035,0.0035,0.15,0.3
nonemployment_16plus,0.5,dws_low_0.296,2.0,0.5,off_1.0,2,AR_postwar_0.0047,0.0047,0.15,0.3
nonemployment_16plus,0.5,dws_low_0.296,2.0,0.5,off_1.0,5,off_0.0000,0.0,0.15,0.75
nonemployment_16plus,0.5,dws_low_0.296,2.0,0.5,off_1.0,5,AR_recent_0.0035,0.0035,0.15,0.75
nonemployment_16plus,0.5,dws_low_0.296,2.0,0.5,off_1.0,5,AR_postwar_0.0047,0.0047,0.15,0.75
nonemployment_16plus,0.5,dws_low_0.296,2.0,0.5,off_1.0,10,off_0.0000,0.0,0.1045,1.045
nonemployment_16plus,0.5,dws_low_0.296,2.0,0.5,off_1.0,10,AR_recent_0.0035,0.0035,0.107,1.07
nonemployment_16plus,0.5,dws_low_0.296,2.0,0.5,off_1.0,10,AR_postwar_0.0047,0.0047,0.108,1.08
nonemployment_16plus,0.5,dws_low_0.296,2.0,0.5,off_1.0,20,off_0.0000,0.0,0.0665,1.33
nonemployment_16plus,0.5,dws_low_0.296,2.0,0.5,off_1.0,20,AR_recent_0.0035,0.0035,0.0685,1.37
nonemployment_16plus,0.5,dws_low_0.296,2.0,0.5,off_1.0,20,AR_postwar_0.0047,0.0047,0.0695,1.39
nonemployment_16plus,0.5,dws_low_0.296,2.0,0.5,on_1.5,2,off_0.0000,0.0,0.15,0.3
nonemployment_16plus,0.5,dws_low_0.296,2.0,0.5,on_1.5,2,AR_recent_0.0035,0.0035,0.15,0.3
nonemployment_16plus,0.5,dws_low_0.296,2.0,0.5,on_1.5,2,AR_postwar_0.0047,0.0047,0.15,0.3
nonemployment_16plus,0.5,dws_low_0.296,2.0,0.5,on_1.5,5,off_0.0000,0.0,0.15,0.75
nonemployment_16plus,0.5,dws_low_0.296,2.0,0.5,on_1.5,5,AR_recent_0.0035,0.0035,0.15,0.75
nonemployment_16plus,0.5,dws_low_0.296,2.0,0.5,on_1.5,5,AR_postwar_0.0047,0.0047,0.15,0.75
nonemployment_16plus,0.5,dws_low_0.296,2.0,0.5,on_1.5,10,off_0.0000,0.0,0.1015,1.015
nonemployment_16plus,0.5,dws_low_0.296,2.0,0.5,on_1.5,10,AR_recent_0.0035,0.0035,0.1045,1.045
nonemployment_16plus,0.5,dws_low_0.296,2.0,0.5,on_1.5,10,AR_postwar_0.0047,0.0047,0.105,1.05
nonemployment_16plus,0.5,dws_low_0.296,2.0,0.5,on_1.5,20,off_0.0000,0.0,0.0645,1.29
nonemployment_16plus,0.5,dws_low_0.296,2.0,0.5,on_1.5,20,AR_recent_0.0035,0.0035,0.0665,1.33
nonemployment_16plus,0.5,dws_low_0.296,2.0,0.5,on_1.5,20,AR_postwar_0.0047,0.0047,0.0675,1.35
nonemployment_16plus,0.5,dws_low_0.296,2.0,1.0,off_1.0,2,off_0.0000,0.0,0.15,0.3
nonemployment_16plus,0.5,dws_low_0.296,2.0,1.0,off_1.0,2,AR_recent_0.0035,0.0035,0.15,0.3
nonemployment_16plus,0.5,dws_low_0.296,2.0,1.0,off_1.0,2,AR_postwar_0.0047,0.0047,0.15,0.3
nonemployment_16plus,0.5,dws_low_0.296,2.0,1.0,off_1.0,5,off_0.0000,0.0,0.15,0.75
nonemployment_16plus,0.5,dws_low_0.296,2.0,1.0,off_1.0,5,AR_recent_0.0035,0.0035,0.15,0.75
nonemployment_16plus,0.5,dws_low_0.296,2.0,1.0,off_1.0,5,AR_postwar_0.0047,0.0047,0.15,0.75
nonemployment_16plus,0.5,dws_low_0.296,2.0,1.0,off_1.0,10,off_0.0000,0.0,0.1045,1.045
nonemployment_16plus,0.5,dws_low_0.296,2.0,1.0,off_1.0,10,AR_recent_0.0035,0.0035,0.107,1.07
nonemployment_16plus,0.5,dws_low_0.296,2.0,1.0,off_1.0,10,AR_postwar_0.0047,0.0047,0.108,1.08
nonemployment_16plus,0.5,dws_low_0.296,2.0,1.0,off_1.0,20,off_0.0000,0.0,0.0665,1.33
nonemployment_16plus,0.5,dws_low_0.296,2.0,1.0,off_1.0,20,AR_recent_0.0035,0.0035,0.0685,1.37
nonemployment_16plus,0.5,dws_low_0.296,2.0,1.0,off_1.0,20,AR_postwar_0.0047,0.0047,0.0695,1.39
nonemployment_16plus,0.5,dws_low_0.296,2.0,1.0,on_1.5,2,off_0.0000,0.0,0.15,0.3
nonemployment_16plus,0.5,dws_low_0.296,2.0,1.0,on_1.5,2,AR_recent_0.0035,0.0035,0.15,0.3
nonemployment_16plus,0.5,dws_low_0.296,2.0,1.0,on_1.5,2,AR_postwar_0.0047,0.0047,0.15,0.3
nonemployment_16plus,0.5,dws_low_0.296,2.0,1.0,on_1.5,5,off_0.0000,0.0,0.15,0.75
nonemployment_16plus,0.5,dws_low_0.296,2.0,1.0,on_1.5,5,AR_recent_0.0035,0.0035,0.15,0.75
nonemployment_16plus,0.5,dws_low_0.296,2.0,1.0,on_1.5,5,AR_postwar_0.0047,0.0047,0.15,0.75
nonemployment_16plus,0.5,dws_low_0.296,2.0,1.0,on_1.5,10,off_0.0000,0.0,0.1015,1.015
nonemployment_16plus,0.5,dws_low_0.296,2.0,1.0,on_1.5,10,AR_recent_0.0035,0.0035,0.1045,1.045
nonemployment_16plus,0.5,dws_low_0.296,2.0,1.0,on_1.5,10,AR_postwar_0.0047,0.0047,0.105,1.05
nonemployment_16plus,0.5,dws_low_0.296,2.0,1.0,on_1.5,20,off_0.0000,0.0,0.0645,1.29
nonemployment_16plus,0.5,dws_low_0.296,2.0,1.0,on_1.5,20,AR_recent_0.0035,0.0035,0.0665,1.33
nonemployment_16plus,0.5,dws_low_0.296,2.0,1.0,on_1.5,20,AR_postwar_0.0047,0.0047,0.0675,1.35
nonemployment_16plus,0.5,dws_high_0.643,1.0,0.0,off_1.0,2,off_0.0000,0.0,0.15,0.3
nonemployment_16plus,0.5,dws_high_0.643,1.0,0.0,off_1.0,2,AR_recent_0.0035,0.0035,0.15,0.3
nonemployment_16plus,0.5,dws_high_0.643,1.0,0.0,off_1.0,2,AR_postwar_0.0047,0.0047,0.15,0.3
nonemployment_16plus,0.5,dws_high_0.643,1.0,0.0,off_1.0,5,off_0.0000,0.0,0.15,0.75
nonemployment_16plus,0.5,dws_high_0.643,1.0,0.0,off_1.0,5,AR_recent_0.0035,0.0035,0.15,0.75
nonemployment_16plus,0.5,dws_high_0.643,1.0,0.0,off_1.0,5,AR_postwar_0.0047,0.0047,0.15,0.75
nonemployment_16plus,0.5,dws_high_0.643,1.0,0.0,off_1.0,10,off_0.0000,0.0,0.1185,1.185
nonemployment_16plus,0.5,dws_high_0.643,1.0,0.0,off_1.0,10,AR_recent_0.0035,0.0035,0.121,1.21
nonemployment_16plus,0.5,dws_high_0.643,1.0,0.0,off_1.0,10,AR_postwar_0.0047,0.0047,0.122,1.22
nonemployment_16plus,0.5,dws_high_0.643,1.0,0.0,off_1.0,20,off_0.0000,0.0,0.07,1.4
nonemployment_16plus,0.5,dws_high_0.643,1.0,0.0,off_1.0,20,AR_recent_0.0035,0.0035,0.072,1.44
nonemployment_16plus,0.5,dws_high_0.643,1.0,0.0,off_1.0,20,AR_postwar_0.0047,0.0047,0.073,1.46
nonemployment_16plus,0.5,dws_high_0.643,1.0,0.0,on_1.5,2,off_0.0000,0.0,0.15,0.3
nonemployment_16plus,0.5,dws_high_0.643,1.0,0.0,on_1.5,2,AR_recent_0.0035,0.0035,0.15,0.3
nonemployment_16plus,0.5,dws_high_0.643,1.0,0.0,on_1.5,2,AR_postwar_0.0047,0.0047,0.15,0.3
nonemployment_16plus,0.5,dws_high_0.643,1.0,0.0,on_1.5,5,off_0.0000,0.0,0.15,0.75
nonemployment_16plus,0.5,dws_high_0.643,1.0,0.0,on_1.5,5,AR_recent_0.0035,0.0035,0.15,0.75
nonemployment_16plus,0.5,dws_high_0.643,1.0,0.0,on_1.5,5,AR_postwar_0.0047,0.0047,0.15,0.75
nonemployment_16plus,0.5,dws_high_0.643,1.0,0.0,on_1.5,10,off_0.0000,0.0,0.109,1.09
nonemployment_16plus,0.5,dws_high_0.643,1.0,0.0,on_1.5,10,AR_recent_0.0035,0.0035,0.1115,1.115
nonemployment_16plus,0.5,dws_high_0.643,1.0,0.0,on_1.5,10,AR_postwar_0.0047,0.0047,0.1125,1.125
nonemployment_16plus,0.5,dws_high_0.643,1.0,0.0,on_1.5,20,off_0.0000,0.0,0.0655,1.31
nonemployment_16plus,0.5,dws_high_0.643,1.0,0.0,on_1.5,20,AR_recent_0.0035,0.0035,0.0675,1.35
nonemployment_16plus,0.5,dws_high_0.643,1.0,0.0,on_1.5,20,AR_postwar_0.0047,0.0047,0.0685,1.37
nonemployment_16plus,0.5,dws_high_0.643,1.0,0.5,off_1.0,2,off_0.0000,0.0,0.15,0.3
nonemployment_16plus,0.5,dws_high_0.643,1.0,0.5,off_1.0,2,AR_recent_0.0035,0.0035,0.15,0.3
nonemployment_16plus,0.5,dws_high_0.643,1.0,0.5,off_1.0,2,AR_postwar_0.0047,0.0047,0.15,0.3
nonemployment_16plus,0.5,dws_high_0.643,1.0,0.5,off_1.0,5,off_0.0000,0.0,0.15,0.75
nonemployment_16plus,0.5,dws_high_0.643,1.0,0.5,off_1.0,5,AR_recent_0.0035,0.0035,0.15,0.75
nonemployment_16plus,0.5,dws_high_0.643,1.0,0.5,off_1.0,5,AR_postwar_0.0047,0.0047,0.15,0.75
nonemployment_16plus,0.5,dws_high_0.643,1.0,0.5,off_1.0,10,off_0.0000,0.0,0.1185,1.185
nonemployment_16plus,0.5,dws_high_0.643,1.0,0.5,off_1.0,10,AR_recent_0.0035,0.0035,0.121,1.21
nonemployment_16plus,0.5,dws_high_0.643,1.0,0.5,off_1.0,10,AR_postwar_0.0047,0.0047,0.122,1.22
nonemployment_16plus,0.5,dws_high_0.643,1.0,0.5,off_1.0,20,off_0.0000,0.0,0.07,1.4
nonemployment_16plus,0.5,dws_high_0.643,1.0,0.5,off_1.0,20,AR_recent_0.0035,0.0035,0.072,1.44
nonemployment_16plus,0.5,dws_high_0.643,1.0,0.5,off_1.0,20,AR_postwar_0.0047,0.0047,0.073,1.46
nonemployment_16plus,0.5,dws_high_0.643,1.0,0.5,on_1.5,2,off_0.0000,0.0,0.15,0.3
nonemployment_16plus,0.5,dws_high_0.643,1.0,0.5,on_1.5,2,AR_recent_0.0035,0.0035,0.15,0.3
nonemployment_16plus,0.5,dws_high_0.643,1.0,0.5,on_1.5,2,AR_postwar_0.0047,0.0047,0.15,0.3
nonemployment_16plus,0.5,dws_high_0.643,1.0,0.5,on_1.5,5,off_0.0000,0.0,0.15,0.75
nonemployment_16plus,0.5,dws_high_0.643,1.0,0.5,on_1.5,5,AR_recent_0.0035,0.0035,0.15,0.75
nonemployment_16plus,0.5,dws_high_0.643,1.0,0.5,on_1.5,5,AR_postwar_0.0047,0.0047,0.15,0.75
nonemployment_16plus,0.5,dws_high_0.643,1.0,0.5,on_1.5,10,off_0.0000,0.0,0.109,1.09
nonemployment_16plus,0.5,dws_high_0.643,1.0,0.5,on_1.5,10,AR_recent_0.0035,0.0035,0.1115,1.115
nonemployment_16plus,0.5,dws_high_0.643,1.0,0.5,on_1.5,10,AR_postwar_0.0047,0.0047,0.1125,1.125
nonemployment_16plus,0.5,dws_high_0.643,1.0,0.5,on_1.5,20,off_0.0000,0.0,0.0655,1.31
nonemployment_16plus,0.5,dws_high_0.643,1.0,0.5,on_1.5,20,AR_recent_0.0035,0.0035,0.0675,1.35
nonemployment_16plus,0.5,dws_high_0.643,1.0,0.5,on_1.5,20,AR_postwar_0.0047,0.0047,0.0685,1.37
nonemployment_16plus,0.5,dws_high_0.643,1.0,1.0,off_1.0,2,off_0.0000,0.0,0.15,0.3
nonemployment_16plus,0.5,dws_high_0.643,1.0,1.0,off_1.0,2,AR_recent_0.0035,0.0035,0.15,0.3
nonemployment_16plus,0.5,dws_high_0.643,1.0,1.0,off_1.0,2,AR_postwar_0.0047,0.0047,0.15,0.3
nonemployment_16plus,0.5,dws_high_0.643,1.0,1.0,off_1.0,5,off_0.0000,0.0,0.15,0.75
nonemployment_16plus,0.5,dws_high_0.643,1.0,1.0,off_1.0,5,AR_recent_0.0035,0.0035,0.15,0.75
nonemployment_16plus,0.5,dws_high_0.643,1.0,1.0,off_1.0,5,AR_postwar_0.0047,0.0047,0.15,0.75
nonemployment_16plus,0.5,dws_high_0.643,1.0,1.0,off_1.0,10,off_0.0000,0.0,0.1185,1.185
nonemployment_16plus,0.5,dws_high_0.643,1.0,1.0,off_1.0,10,AR_recent_0.0035,0.0035,0.121,1.21
nonemployment_16plus,0.5,dws_high_0.643,1.0,1.0,off_1.0,10,AR_postwar_0.0047,0.0047,0.122,1.22
nonemployment_16plus,0.5,dws_high_0.643,1.0,1.0,off_1.0,20,off_0.0000,0.0,0.07,1.4
nonemployment_16plus,0.5,dws_high_0.643,1.0,1.0,off_1.0,20,AR_recent_0.0035,0.0035,0.072,1.44
nonemployment_16plus,0.5,dws_high_0.643,1.0,1.0,off_1.0,20,AR_postwar_0.0047,0.0047,0.073,1.46
nonemployment_16plus,0.5,dws_high_0.643,1.0,1.0,on_1.5,2,off_0.0000,0.0,0.15,0.3
nonemployment_16plus,0.5,dws_high_0.643,1.0,1.0,on_1.5,2,AR_recent_0.0035,0.0035,0.15,0.3
nonemployment_16plus,0.5,dws_high_0.643,1.0,1.0,on_1.5,2,AR_postwar_0.0047,0.0047,0.15,0.3
nonemployment_16plus,0.5,dws_high_0.643,1.0,1.0,on_1.5,5,off_0.0000,0.0,0.15,0.75
nonemployment_16plus,0.5,dws_high_0.643,1.0,1.0,on_1.5,5,AR_recent_0.0035,0.0035,0.15,0.75
nonemployment_16plus,0.5,dws_high_0.643,1.0,1.0,on_1.5,5,AR_postwar_0.0047,0.0047,0.15,0.75
nonemployment_16plus,0.5,dws_high_0.643,1.0,1.0,on_1.5,10,off_0.0000,0.0,0.109,1.09
nonemployment_16plus,0.5,dws_high_0.643,1.0,1.0,on_1.5,10,AR_recent_0.0035,0.0035,0.1115,1.115
nonemployment_16plus,0.5,dws_high_0.643,1.0,1.0,on_1.5,10,AR_postwar_0.0047,0.0047,0.1125,1.125
nonemployment_16plus,0.5,dws_high_0.643,1.0,1.0,on_1.5,20,off_0.0000,0.0,0.0655,1.31
nonemployment_16plus,0.5,dws_high_0.643,1.0,1.0,on_1.5,20,AR_recent_0.0035,0.0035,0.0675,1.35
nonemployment_16plus,0.5,dws_high_0.643,1.0,1.0,on_1.5,20,AR_postwar_0.0047,0.0047,0.0685,1.37
nonemployment_16plus,0.5,dws_high_0.643,1.5,0.0,off_1.0,2,off_0.0000,0.0,0.15,0.3
nonemployment_16plus,0.5,dws_high_0.643,1.5,0.0,off_1.0,2,AR_recent_0.0035,0.0035,0.15,0.3
nonemployment_16plus,0.5,dws_high_0.643,1.5,0.0,off_1.0,2,AR_postwar_0.0047,0.0047,0.15,0.3
nonemployment_16plus,0.5,dws_high_0.643,1.5,0.0,off_1.0,5,off_0.0000,0.0,0.15,0.75
nonemployment_16plus,0.5,dws_high_0.643,1.5,0.0,off_1.0,5,AR_recent_0.0035,0.0035,0.15,0.75
nonemployment_16plus,0.5,dws_high_0.643,1.5,0.0,off_1.0,5,AR_postwar_0.0047,0.0047,0.15,0.75
nonemployment_16plus,0.5,dws_high_0.643,1.5,0.0,off_1.0,10,off_0.0000,0.0,0.116,1.16
nonemployment_16plus,0.5,dws_high_0.643,1.5,0.0,off_1.0,10,AR_recent_0.0035,0.0035,0.1185,1.185
nonemployment_16plus,0.5,dws_high_0.643,1.5,0.0,off_1.0,10,AR_postwar_0.0047,0.0047,0.1195,1.195
nonemployment_16plus,0.5,dws_high_0.643,1.5,0.0,off_1.0,20,off_0.0000,0.0,0.07,1.4
nonemployment_16plus,0.5,dws_high_0.643,1.5,0.0,off_1.0,20,AR_recent_0.0035,0.0035,0.072,1.44
nonemployment_16plus,0.5,dws_high_0.643,1.5,0.0,off_1.0,20,AR_postwar_0.0047,0.0047,0.0725,1.45
nonemployment_16plus,0.5,dws_high_0.643,1.5,0.0,on_1.5,2,off_0.0000,0.0,0.15,0.3
nonemployment_16plus,0.5,dws_high_0.643,1.5,0.0,on_1.5,2,AR_recent_0.0035,0.0035,0.15,0.3
nonemployment_16plus,0.5,dws_high_0.643,1.5,0.0,on_1.5,2,AR_postwar_0.0047,0.0047,0.15,0.3
nonemployment_16plus,0.5,dws_high_0.643,1.5,0.0,on_1.5,5,off_0.0000,0.0,0.15,0.75
nonemployment_16plus,0.5,dws_high_0.643,1.5,0.0,on_1.5,5,AR_recent_0.0035,0.0035,0.15,0.75
nonemployment_16plus,0.5,dws_high_0.643,1.5,0.0,on_1.5,5,AR_postwar_0.0047,0.0047,0.15,0.75
nonemployment_16plus,0.5,dws_high_0.643,1.5,0.0,on_1.5,10,off_0.0000,0.0,0.1085,1.085
nonemployment_16plus,0.5,dws_high_0.643,1.5,0.0,on_1.5,10,AR_recent_0.0035,0.0035,0.111,1.11
nonemployment_16plus,0.5,dws_high_0.643,1.5,0.0,on_1.5,10,AR_postwar_0.0047,0.0047,0.112,1.12
nonemployment_16plus,0.5,dws_high_0.643,1.5,0.0,on_1.5,20,off_0.0000,0.0,0.066,1.32
nonemployment_16plus,0.5,dws_high_0.643,1.5,0.0,on_1.5,20,AR_recent_0.0035,0.0035,0.068,1.36
nonemployment_16plus,0.5,dws_high_0.643,1.5,0.0,on_1.5,20,AR_postwar_0.0047,0.0047,0.069,1.38
nonemployment_16plus,0.5,dws_high_0.643,1.5,0.5,off_1.0,2,off_0.0000,0.0,0.15,0.3
nonemployment_16plus,0.5,dws_high_0.643,1.5,0.5,off_1.0,2,AR_recent_0.0035,0.0035,0.15,0.3
nonemployment_16plus,0.5,dws_high_0.643,1.5,0.5,off_1.0,2,AR_postwar_0.0047,0.0047,0.15,0.3
nonemployment_16plus,0.5,dws_high_0.643,1.5,0.5,off_1.0,5,off_0.0000,0.0,0.15,0.75
nonemployment_16plus,0.5,dws_high_0.643,1.5,0.5,off_1.0,5,AR_recent_0.0035,0.0035,0.15,0.75
nonemployment_16plus,0.5,dws_high_0.643,1.5,0.5,off_1.0,5,AR_postwar_0.0047,0.0047,0.15,0.75
nonemployment_16plus,0.5,dws_high_0.643,1.5,0.5,off_1.0,10,off_0.0000,0.0,0.116,1.16
nonemployment_16plus,0.5,dws_high_0.643,1.5,0.5,off_1.0,10,AR_recent_0.0035,0.0035,0.1185,1.185
nonemployment_16plus,0.5,dws_high_0.643,1.5,0.5,off_1.0,10,AR_postwar_0.0047,0.0047,0.1195,1.195
nonemployment_16plus,0.5,dws_high_0.643,1.5,0.5,off_1.0,20,off_0.0000,0.0,0.07,1.4
nonemployment_16plus,0.5,dws_high_0.643,1.5,0.5,off_1.0,20,AR_recent_0.0035,0.0035,0.072,1.44
nonemployment_16plus,0.5,dws_high_0.643,1.5,0.5,off_1.0,20,AR_postwar_0.0047,0.0047,0.0725,1.45
nonemployment_16plus,0.5,dws_high_0.643,1.5,0.5,on_1.5,2,off_0.0000,0.0,0.15,0.3
nonemployment_16plus,0.5,dws_high_0.643,1.5,0.5,on_1.5,2,AR_recent_0.0035,0.0035,0.15,0.3
nonemployment_16plus,0.5,dws_high_0.643,1.5,0.5,on_1.5,2,AR_postwar_0.0047,0.0047,0.15,0.3
nonemployment_16plus,0.5,dws_high_0.643,1.5,0.5,on_1.5,5,off_0.0000,0.0,0.15,0.75
nonemployment_16plus,0.5,dws_high_0.643,1.5,0.5,on_1.5,5,AR_recent_0.0035,0.0035,0.15,0.75
nonemployment_16plus,0.5,dws_high_0.643,1.5,0.5,on_1.5,5,AR_postwar_0.0047,0.0047,0.15,0.75
nonemployment_16plus,0.5,dws_high_0.643,1.5,0.5,on_1.5,10,off_0.0000,0.0,0.1085,1.085
nonemployment_16plus,0.5,dws_high_0.643,1.5,0.5,on_1.5,10,AR_recent_0.0035,0.0035,0.111,1.11
nonemployment_16plus,0.5,dws_high_0.643,1.5,0.5,on_1.5,10,AR_postwar_0.0047,0.0047,0.112,1.12
nonemployment_16plus,0.5,dws_high_0.643,1.5,0.5,on_1.5,20,off_0.0000,0.0,0.066,1.32
nonemployment_16plus,0.5,dws_high_0.643,1.5,0.5,on_1.5,20,AR_recent_0.0035,0.0035,0.068,1.36
nonemployment_16plus,0.5,dws_high_0.643,1.5,0.5,on_1.5,20,AR_postwar_0.0047,0.0047,0.069,1.38
nonemployment_16plus,0.5,dws_high_0.643,1.5,1.0,off_1.0,2,off_0.0000,0.0,0.15,0.3
nonemployment_16plus,0.5,dws_high_0.643,1.5,1.0,off_1.0,2,AR_recent_0.0035,0.0035,0.15,0.3
nonemployment_16plus,0.5,dws_high_0.643,1.5,1.0,off_1.0,2,AR_postwar_0.0047,0.0047,0.15,0.3
nonemployment_16plus,0.5,dws_high_0.643,1.5,1.0,off_1.0,5,off_0.0000,0.0,0.15,0.75
nonemployment_16plus,0.5,dws_high_0.643,1.5,1.0,off_1.0,5,AR_recent_0.0035,0.0035,0.15,0.75
nonemployment_16plus,0.5,dws_high_0.643,1.5,1.0,off_1.0,5,AR_postwar_0.0047,0.0047,0.15,0.75
nonemployment_16plus,0.5,dws_high_0.643,1.5,1.0,off_1.0,10,off_0.0000,0.0,0.116,1.16
nonemployment_16plus,0.5,dws_high_0.643,1.5,1.0,off_1.0,10,AR_recent_0.0035,0.0035,0.1185,1.185
nonemployment_16plus,0.5,dws_high_0.643,1.5,1.0,off_1.0,10,AR_postwar_0.0047,0.0047,0.1195,1.195
nonemployment_16plus,0.5,dws_high_0.643,1.5,1.0,off_1.0,20,off_0.0000,0.0,0.07,1.4
nonemployment_16plus,0.5,dws_high_0.643,1.5,1.0,off_1.0,20,AR_recent_0.0035,0.0035,0.072,1.44
nonemployment_16plus,0.5,dws_high_0.643,1.5,1.0,off_1.0,20,AR_postwar_0.0047,0.0047,0.0725,1.45
nonemployment_16plus,0.5,dws_high_0.643,1.5,1.0,on_1.5,2,off_0.0000,0.0,0.15,0.3
nonemployment_16plus,0.5,dws_high_0.643,1.5,1.0,on_1.5,2,AR_recent_0.0035,0.0035,0.15,0.3
nonemployment_16plus,0.5,dws_high_0.643,1.5,1.0,on_1.5,2,AR_postwar_0.0047,0.0047,0.15,0.3
nonemployment_16plus,0.5,dws_high_0.643,1.5,1.0,on_1.5,5,off_0.0000,0.0,0.15,0.75
nonemployment_16plus,0.5,dws_high_0.643,1.5,1.0,on_1.5,5,AR_recent_0.0035,0.0035,0.15,0.75
nonemployment_16plus,0.5,dws_high_0.643,1.5,1.0,on_1.5,5,AR_postwar_0.0047,0.0047,0.15,0.75
nonemployment_16plus,0.5,dws_high_0.643,1.5,1.0,on_1.5,10,off_0.0000,0.0,0.1085,1.085
nonemployment_16plus,0.5,dws_high_0.643,1.5,1.0,on_1.5,10,AR_recent_0.0035,0.0035,0.111,1.11
nonemployment_16plus,0.5,dws_high_0.643,1.5,1.0,on_1.5,10,AR_postwar_0.0047,0.0047,0.112,1.12
nonemployment_16plus,0.5,dws_high_0.643,1.5,1.0,on_1.5,20,off_0.0000,0.0,0.066,1.32
nonemployment_16plus,0.5,dws_high_0.643,1.5,1.0,on_1.5,20,AR_recent_0.0035,0.0035,0.068,1.36
nonemployment_16plus,0.5,dws_high_0.643,1.5,1.0,on_1.5,20,AR_postwar_0.0047,0.0047,0.069,1.38
nonemployment_16plus,0.5,dws_high_0.643,2.0,0.0,off_1.0,2,off_0.0000,0.0,0.15,0.3
nonemployment_16plus,0.5,dws_high_0.643,2.0,0.0,off_1.0,2,AR_recent_0.0035,0.0035,0.15,0.3
nonemployment_16plus,0.5,dws_high_0.643,2.0,0.0,off_1.0,2,AR_postwar_0.0047,0.0047,0.15,0.3
nonemployment_16plus,0.5,dws_high_0.643,2.0,0.0,off_1.0,5,off_0.0000,0.0,0.15,0.75
nonemployment_16plus,0.5,dws_high_0.643,2.0,0.0,off_1.0,5,AR_recent_0.0035,0.0035,0.15,0.75
nonemployment_16plus,0.5,dws_high_0.643,2.0,0.0,off_1.0,5,AR_postwar_0.0047,0.0047,0.15,0.75
nonemployment_16plus,0.5,dws_high_0.643,2.0,0.0,off_1.0,10,off_0.0000,0.0,0.11,1.1
nonemployment_16plus,0.5,dws_high_0.643,2.0,0.0,off_1.0,10,AR_recent_0.0035,0.0035,0.1125,1.125
nonemployment_16plus,0.5,dws_high_0.643,2.0,0.0,off_1.0,10,AR_postwar_0.0047,0.0047,0.1135,1.135
nonemployment_16plus,0.5,dws_high_0.643,2.0,0.0,off_1.0,20,off_0.0000,0.0,0.0675,1.35
nonemployment_16plus,0.5,dws_high_0.643,2.0,0.0,off_1.0,20,AR_recent_0.0035,0.0035,0.0695,1.39
nonemployment_16plus,0.5,dws_high_0.643,2.0,0.0,off_1.0,20,AR_postwar_0.0047,0.0047,0.0705,1.41
nonemployment_16plus,0.5,dws_high_0.643,2.0,0.0,on_1.5,2,off_0.0000,0.0,0.15,0.3
nonemployment_16plus,0.5,dws_high_0.643,2.0,0.0,on_1.5,2,AR_recent_0.0035,0.0035,0.15,0.3
nonemployment_16plus,0.5,dws_high_0.643,2.0,0.0,on_1.5,2,AR_postwar_0.0047,0.0047,0.15,0.3
nonemployment_16plus,0.5,dws_high_0.643,2.0,0.0,on_1.5,5,off_0.0000,0.0,0.15,0.75
nonemployment_16plus,0.5,dws_high_0.643,2.0,0.0,on_1.5,5,AR_recent_0.0035,0.0035,0.15,0.75
nonemployment_16plus,0.5,dws_high_0.643,2.0,0.0,on_1.5,5,AR_postwar_0.0047,0.0047,0.15,0.75
nonemployment_16plus,0.5,dws_high_0.643,2.0,0.0,on_1.5,10,off_0.0000,0.0,0.104,1.04
nonemployment_16plus,0.5,dws_high_0.643,2.0,0.0,on_1.5,10,AR_recent_0.0035,0.0035,0.107,1.07
nonemployment_16plus,0.5,dws_high_0.643,2.0,0.0,on_1.5,10,AR_postwar_0.0047,0.0047,0.108,1.08
nonemployment_16plus,0.5,dws_high_0.643,2.0,0.0,on_1.5,20,off_0.0000,0.0,0.0645,1.29
nonemployment_16plus,0.5,dws_high_0.643,2.0,0.0,on_1.5,20,AR_recent_0.0035,0.0035,0.0665,1.33
nonemployment_16plus,0.5,dws_high_0.643,2.0,0.0,on_1.5,20,AR_postwar_0.0047,0.0047,0.0675,1.35
nonemployment_16plus,0.5,dws_high_0.643,2.0,0.5,off_1.0,2,off_0.0000,0.0,0.15,0.3
nonemployment_16plus,0.5,dws_high_0.643,2.0,0.5,off_1.0,2,AR_recent_0.0035,0.0035,0.15,0.3
nonemployment_16plus,0.5,dws_high_0.643,2.0,0.5,off_1.0,2,AR_postwar_0.0047,0.0047,0.15,0.3
nonemployment_16plus,0.5,dws_high_0.643,2.0,0.5,off_1.0,5,off_0.0000,0.0,0.15,0.75
nonemployment_16plus,0.5,dws_high_0.643,2.0,0.5,off_1.0,5,AR_recent_0.0035,0.0035,0.15,0.75
nonemployment_16plus,0.5,dws_high_0.643,2.0,0.5,off_1.0,5,AR_postwar_0.0047,0.0047,0.15,0.75
nonemployment_16plus,0.5,dws_high_0.643,2.0,0.5,off_1.0,10,off_0.0000,0.0,0.11,1.1
nonemployment_16plus,0.5,dws_high_0.643,2.0,0.5,off_1.0,10,AR_recent_0.0035,0.0035,0.1125,1.125
nonemployment_16plus,0.5,dws_high_0.643,2.0,0.5,off_1.0,10,AR_postwar_0.0047,0.0047,0.1135,1.135
nonemployment_16plus,0.5,dws_high_0.643,2.0,0.5,off_1.0,20,off_0.0000,0.0,0.0675,1.35
nonemployment_16plus,0.5,dws_high_0.643,2.0,0.5,off_1.0,20,AR_recent_0.0035,0.0035,0.0695,1.39
nonemployment_16plus,0.5,dws_high_0.643,2.0,0.5,off_1.0,20,AR_postwar_0.0047,0.0047,0.0705,1.41
nonemployment_16plus,0.5,dws_high_0.643,2.0,0.5,on_1.5,2,off_0.0000,0.0,0.15,0.3
nonemployment_16plus,0.5,dws_high_0.643,2.0,0.5,on_1.5,2,AR_recent_0.0035,0.0035,0.15,0.3
nonemployment_16plus,0.5,dws_high_0.643,2.0,0.5,on_1.5,2,AR_postwar_0.0047,0.0047,0.15,0.3
nonemployment_16plus,0.5,dws_high_0.643,2.0,0.5,on_1.5,5,off_0.0000,0.0,0.15,0.75
nonemployment_16plus,0.5,dws_high_0.643,2.0,0.5,on_1.5,5,AR_recent_0.0035,0.0035,0.15,0.75
nonemployment_16plus,0.5,dws_high_0.643,2.0,0.5,on_1.5,5,AR_postwar_0.0047,0.0047,0.15,0.75
nonemployment_16plus,0.5,dws_high_0.643,2.0,0.5,on_1.5,10,off_0.0000,0.0,0.104,1.04
nonemployment_16plus,0.5,dws_high_0.643,2.0,0.5,on_1.5,10,AR_recent_0.0035,0.0035,0.107,1.07
nonemployment_16plus,0.5,dws_high_0.643,2.0,0.5,on_1.5,10,AR_postwar_0.0047,0.0047,0.108,1.08
nonemployment_16plus,0.5,dws_high_0.643,2.0,0.5,on_1.5,20,off_0.0000,0.0,0.0645,1.29
nonemployment_16plus,0.5,dws_high_0.643,2.0,0.5,on_1.5,20,AR_recent_0.0035,0.0035,0.0665,1.33
nonemployment_16plus,0.5,dws_high_0.643,2.0,0.5,on_1.5,20,AR_postwar_0.0047,0.0047,0.0675,1.35
nonemployment_16plus,0.5,dws_high_0.643,2.0,1.0,off_1.0,2,off_0.0000,0.0,0.15,0.3
nonemployment_16plus,0.5,dws_high_0.643,2.0,1.0,off_1.0,2,AR_recent_0.0035,0.0035,0.15,0.3
nonemployment_16plus,0.5,dws_high_0.643,2.0,1.0,off_1.0,2,AR_postwar_0.0047,0.0047,0.15,0.3
nonemployment_16plus,0.5,dws_high_0.643,2.0,1.0,off_1.0,5,off_0.0000,0.0,0.15,0.75
nonemployment_16plus,0.5,dws_high_0.643,2.0,1.0,off_1.0,5,AR_recent_0.0035,0.0035,0.15,0.75
nonemployment_16plus,0.5,dws_high_0.643,2.0,1.0,off_1.0,5,AR_postwar_0.0047,0.0047,0.15,0.75
nonemployment_16plus,0.5,dws_high_0.643,2.0,1.0,off_1.0,10,off_0.0000,0.0,0.11,1.1
nonemployment_16plus,0.5,dws_high_0.643,2.0,1.0,off_1.0,10,AR_recent_0.0035,0.0035,0.1125,1.125
nonemployment_16plus,0.5,dws_high_0.643,2.0,1.0,off_1.0,10,AR_postwar_0.0047,0.0047,0.1135,1.135
nonemployment_16plus,0.5,dws_high_0.643,2.0,1.0,off_1.0,20,off_0.0000,0.0,0.0675,1.35
nonemployment_16plus,0.5,dws_high_0.643,2.0,1.0,off_1.0,20,AR_recent_0.0035,0.0035,0.0695,1.39
nonemployment_16plus,0.5,dws_high_0.643,2.0,1.0,off_1.0,20,AR_postwar_0.0047,0.0047,0.0705,1.41
nonemployment_16plus,0.5,dws_high_0.643,2.0,1.0,on_1.5,2,off_0.0000,0.0,0.15,0.3
nonemployment_16plus,0.5,dws_high_0.643,2.0,1.0,on_1.5,2,AR_recent_0.0035,0.0035,0.15,0.3
nonemployment_16plus,0.5,dws_high_0.643,2.0,1.0,on_1.5,2,AR_postwar_0.0047,0.0047,0.15,0.3
nonemployment_16plus,0.5,dws_high_0.643,2.0,1.0,on_1.5,5,off_0.0000,0.0,0.15,0.75
nonemployment_16plus,0.5,dws_high_0.643,2.0,1.0,on_1.5,5,AR_recent_0.0035,0.0035,0.15,0.75
nonemployment_16plus,0.5,dws_high_0.643,2.0,1.0,on_1.5,5,AR_postwar_0.0047,0.0047,0.15,0.75
nonemployment_16plus,0.5,dws_high_0.643,2.0,1.0,on_1.5,10,off_0.0000,0.0,0.104,1.04
nonemployment_16plus,0.5,dws_high_0.643,2.0,1.0,on_1.5,10,AR_recent_0.0035,0.0035,0.107,1.07
nonemployment_16plus,0.5,dws_high_0.643,2.0,1.0,on_1.5,10,AR_postwar_0.0047,0.0047,0.108,1.08
nonemployment_16plus,0.5,dws_high_0.643,2.0,1.0,on_1.5,20,off_0.0000,0.0,0.0645,1.29
nonemployment_16plus,0.5,dws_high_0.643,2.0,1.0,on_1.5,20,AR_recent_0.0035,0.0035,0.0665,1.33
nonemployment_16plus,0.5,dws_high_0.643,2.0,1.0,on_1.5,20,AR_postwar_0.0047,0.0047,0.0675,1.35
nonemployment_16plus,0.5,AR_long_run_0.75,1.0,0.0,off_1.0,2,off_0.0000,0.0,0.15,0.3
nonemployment_16plus,0.5,AR_long_run_0.75,1.0,0.0,off_1.0,2,AR_recent_0.0035,0.0035,0.15,0.3
nonemployment_16plus,0.5,AR_long_run_0.75,1.0,0.0,off_1.0,2,AR_postwar_0.0047,0.0047,0.15,0.3
nonemployment_16plus,0.5,AR_long_run_0.75,1.0,0.0,off_1.0,5,off_0.0000,0.0,0.15,0.75
nonemployment_16plus,0.5,AR_long_run_0.75,1.0,0.0,off_1.0,5,AR_recent_0.0035,0.0035,0.15,0.75
nonemployment_16plus,0.5,AR_long_run_0.75,1.0,0.0,off_1.0,5,AR_postwar_0.0047,0.0047,0.15,0.75
nonemployment_16plus,0.5,AR_long_run_0.75,1.0,0.0,off_1.0,10,off_0.0000,0.0,0.117,1.17
nonemployment_16plus,0.5,AR_long_run_0.75,1.0,0.0,off_1.0,10,AR_recent_0.0035,0.0035,0.1195,1.195
nonemployment_16plus,0.5,AR_long_run_0.75,1.0,0.0,off_1.0,10,AR_postwar_0.0047,0.0047,0.1205,1.205
nonemployment_16plus,0.5,AR_long_run_0.75,1.0,0.0,off_1.0,20,off_0.0000,0.0,0.069,1.38
nonemployment_16plus,0.5,AR_long_run_0.75,1.0,0.0,off_1.0,20,AR_recent_0.0035,0.0035,0.071,1.42
nonemployment_16plus,0.5,AR_long_run_0.75,1.0,0.0,off_1.0,20,AR_postwar_0.0047,0.0047,0.072,1.44
nonemployment_16plus,0.5,AR_long_run_0.75,1.0,0.0,on_1.5,2,off_0.0000,0.0,0.15,0.3
nonemployment_16plus,0.5,AR_long_run_0.75,1.0,0.0,on_1.5,2,AR_recent_0.0035,0.0035,0.15,0.3
nonemployment_16plus,0.5,AR_long_run_0.75,1.0,0.0,on_1.5,2,AR_postwar_0.0047,0.0047,0.15,0.3
nonemployment_16plus,0.5,AR_long_run_0.75,1.0,0.0,on_1.5,5,off_0.0000,0.0,0.15,0.75
nonemployment_16plus,0.5,AR_long_run_0.75,1.0,0.0,on_1.5,5,AR_recent_0.0035,0.0035,0.15,0.75
nonemployment_16plus,0.5,AR_long_run_0.75,1.0,0.0,on_1.5,5,AR_postwar_0.0047,0.0047,0.15,0.75
nonemployment_16plus,0.5,AR_long_run_0.75,1.0,0.0,on_1.5,10,off_0.0000,0.0,0.1065,1.065
nonemployment_16plus,0.5,AR_long_run_0.75,1.0,0.0,on_1.5,10,AR_recent_0.0035,0.0035,0.1095,1.095
nonemployment_16plus,0.5,AR_long_run_0.75,1.0,0.0,on_1.5,10,AR_postwar_0.0047,0.0047,0.1105,1.105
nonemployment_16plus,0.5,AR_long_run_0.75,1.0,0.0,on_1.5,20,off_0.0000,0.0,0.064,1.28
nonemployment_16plus,0.5,AR_long_run_0.75,1.0,0.0,on_1.5,20,AR_recent_0.0035,0.0035,0.0665,1.33
nonemployment_16plus,0.5,AR_long_run_0.75,1.0,0.0,on_1.5,20,AR_postwar_0.0047,0.0047,0.067,1.34
nonemployment_16plus,0.5,AR_long_run_0.75,1.0,0.5,off_1.0,2,off_0.0000,0.0,0.15,0.3
nonemployment_16plus,0.5,AR_long_run_0.75,1.0,0.5,off_1.0,2,AR_recent_0.0035,0.0035,0.15,0.3
nonemployment_16plus,0.5,AR_long_run_0.75,1.0,0.5,off_1.0,2,AR_postwar_0.0047,0.0047,0.15,0.3
nonemployment_16plus,0.5,AR_long_run_0.75,1.0,0.5,off_1.0,5,off_0.0000,0.0,0.15,0.75
nonemployment_16plus,0.5,AR_long_run_0.75,1.0,0.5,off_1.0,5,AR_recent_0.0035,0.0035,0.15,0.75
nonemployment_16plus,0.5,AR_long_run_0.75,1.0,0.5,off_1.0,5,AR_postwar_0.0047,0.0047,0.15,0.75
nonemployment_16plus,0.5,AR_long_run_0.75,1.0,0.5,off_1.0,10,off_0.0000,0.0,0.117,1.17
nonemployment_16plus,0.5,AR_long_run_0.75,1.0,0.5,off_1.0,10,AR_recent_0.0035,0.0035,0.1195,1.195
nonemployment_16plus,0.5,AR_long_run_0.75,1.0,0.5,off_1.0,10,AR_postwar_0.0047,0.0047,0.1205,1.205
nonemployment_16plus,0.5,AR_long_run_0.75,1.0,0.5,off_1.0,20,off_0.0000,0.0,0.069,1.38
nonemployment_16plus,0.5,AR_long_run_0.75,1.0,0.5,off_1.0,20,AR_recent_0.0035,0.0035,0.071,1.42
nonemployment_16plus,0.5,AR_long_run_0.75,1.0,0.5,off_1.0,20,AR_postwar_0.0047,0.0047,0.072,1.44
nonemployment_16plus,0.5,AR_long_run_0.75,1.0,0.5,on_1.5,2,off_0.0000,0.0,0.15,0.3
nonemployment_16plus,0.5,AR_long_run_0.75,1.0,0.5,on_1.5,2,AR_recent_0.0035,0.0035,0.15,0.3
nonemployment_16plus,0.5,AR_long_run_0.75,1.0,0.5,on_1.5,2,AR_postwar_0.0047,0.0047,0.15,0.3
nonemployment_16plus,0.5,AR_long_run_0.75,1.0,0.5,on_1.5,5,off_0.0000,0.0,0.15,0.75
nonemployment_16plus,0.5,AR_long_run_0.75,1.0,0.5,on_1.5,5,AR_recent_0.0035,0.0035,0.15,0.75
nonemployment_16plus,0.5,AR_long_run_0.75,1.0,0.5,on_1.5,5,AR_postwar_0.0047,0.0047,0.15,0.75
nonemployment_16plus,0.5,AR_long_run_0.75,1.0,0.5,on_1.5,10,off_0.0000,0.0,0.1065,1.065
nonemployment_16plus,0.5,AR_long_run_0.75,1.0,0.5,on_1.5,10,AR_recent_0.0035,0.0035,0.1095,1.095
nonemployment_16plus,0.5,AR_long_run_0.75,1.0,0.5,on_1.5,10,AR_postwar_0.0047,0.0047,0.1105,1.105
nonemployment_16plus,0.5,AR_long_run_0.75,1.0,0.5,on_1.5,20,off_0.0000,0.0,0.064,1.28
nonemployment_16plus,0.5,AR_long_run_0.75,1.0,0.5,on_1.5,20,AR_recent_0.0035,0.0035,0.0665,1.33
nonemployment_16plus,0.5,AR_long_run_0.75,1.0,0.5,on_1.5,20,AR_postwar_0.0047,0.0047,0.067,1.34
nonemployment_16plus,0.5,AR_long_run_0.75,1.0,1.0,off_1.0,2,off_0.0000,0.0,0.15,0.3
nonemployment_16plus,0.5,AR_long_run_0.75,1.0,1.0,off_1.0,2,AR_recent_0.0035,0.0035,0.15,0.3
nonemployment_16plus,0.5,AR_long_run_0.75,1.0,1.0,off_1.0,2,AR_postwar_0.0047,0.0047,0.15,0.3
nonemployment_16plus,0.5,AR_long_run_0.75,1.0,1.0,off_1.0,5,off_0.0000,0.0,0.15,0.75
nonemployment_16plus,0.5,AR_long_run_0.75,1.0,1.0,off_1.0,5,AR_recent_0.0035,0.0035,0.15,0.75
nonemployment_16plus,0.5,AR_long_run_0.75,1.0,1.0,off_1.0,5,AR_postwar_0.0047,0.0047,0.15,0.75
nonemployment_16plus,0.5,AR_long_run_0.75,1.0,1.0,off_1.0,10,off_0.0000,0.0,0.117,1.17
nonemployment_16plus,0.5,AR_long_run_0.75,1.0,1.0,off_1.0,10,AR_recent_0.0035,0.0035,0.1195,1.195
nonemployment_16plus,0.5,AR_long_run_0.75,1.0,1.0,off_1.0,10,AR_postwar_0.0047,0.0047,0.1205,1.205
nonemployment_16plus,0.5,AR_long_run_0.75,1.0,1.0,off_1.0,20,off_0.0000,0.0,0.069,1.38
nonemployment_16plus,0.5,AR_long_run_0.75,1.0,1.0,off_1.0,20,AR_recent_0.0035,0.0035,0.071,1.42
nonemployment_16plus,0.5,AR_long_run_0.75,1.0,1.0,off_1.0,20,AR_postwar_0.0047,0.0047,0.072,1.44
nonemployment_16plus,0.5,AR_long_run_0.75,1.0,1.0,on_1.5,2,off_0.0000,0.0,0.15,0.3
nonemployment_16plus,0.5,AR_long_run_0.75,1.0,1.0,on_1.5,2,AR_recent_0.0035,0.0035,0.15,0.3
nonemployment_16plus,0.5,AR_long_run_0.75,1.0,1.0,on_1.5,2,AR_postwar_0.0047,0.0047,0.15,0.3
nonemployment_16plus,0.5,AR_long_run_0.75,1.0,1.0,on_1.5,5,off_0.0000,0.0,0.15,0.75
nonemployment_16plus,0.5,AR_long_run_0.75,1.0,1.0,on_1.5,5,AR_recent_0.0035,0.0035,0.15,0.75
nonemployment_16plus,0.5,AR_long_run_0.75,1.0,1.0,on_1.5,5,AR_postwar_0.0047,0.0047,0.15,0.75
nonemployment_16plus,0.5,AR_long_run_0.75,1.0,1.0,on_1.5,10,off_0.0000,0.0,0.1065,1.065
nonemployment_16plus,0.5,AR_long_run_0.75,1.0,1.0,on_1.5,10,AR_recent_0.0035,0.0035,0.1095,1.095
nonemployment_16plus,0.5,AR_long_run_0.75,1.0,1.0,on_1.5,10,AR_postwar_0.0047,0.0047,0.1105,1.105
nonemployment_16plus,0.5,AR_long_run_0.75,1.0,1.0,on_1.5,20,off_0.0000,0.0,0.064,1.28
nonemployment_16plus,0.5,AR_long_run_0.75,1.0,1.0,on_1.5,20,AR_recent_0.0035,0.0035,0.0665,1.33
nonemployment_16plus,0.5,AR_long_run_0.75,1.0,1.0,on_1.5,20,AR_postwar_0.0047,0.0047,0.067,1.34
nonemployment_16plus,0.5,AR_long_run_0.75,1.5,0.0,off_1.0,2,off_0.0000,0.0,0.15,0.3
nonemployment_16plus,0.5,AR_long_run_0.75,1.5,0.0,off_1.0,2,AR_recent_0.0035,0.0035,0.15,0.3
nonemployment_16plus,0.5,AR_long_run_0.75,1.5,0.0,off_1.0,2,AR_postwar_0.0047,0.0047,0.15,0.3
nonemployment_16plus,0.5,AR_long_run_0.75,1.5,0.0,off_1.0,5,off_0.0000,0.0,0.15,0.75
nonemployment_16plus,0.5,AR_long_run_0.75,1.5,0.0,off_1.0,5,AR_recent_0.0035,0.0035,0.15,0.75
nonemployment_16plus,0.5,AR_long_run_0.75,1.5,0.0,off_1.0,5,AR_postwar_0.0047,0.0047,0.15,0.75
nonemployment_16plus,0.5,AR_long_run_0.75,1.5,0.0,off_1.0,10,off_0.0000,0.0,0.117,1.17
nonemployment_16plus,0.5,AR_long_run_0.75,1.5,0.0,off_1.0,10,AR_recent_0.0035,0.0035,0.1195,1.195
nonemployment_16plus,0.5,AR_long_run_0.75,1.5,0.0,off_1.0,10,AR_postwar_0.0047,0.0047,0.1205,1.205
nonemployment_16plus,0.5,AR_long_run_0.75,1.5,0.0,off_1.0,20,off_0.0000,0.0,0.07,1.4
nonemployment_16plus,0.5,AR_long_run_0.75,1.5,0.0,off_1.0,20,AR_recent_0.0035,0.0035,0.072,1.44
nonemployment_16plus,0.5,AR_long_run_0.75,1.5,0.0,off_1.0,20,AR_postwar_0.0047,0.0047,0.0725,1.45
nonemployment_16plus,0.5,AR_long_run_0.75,1.5,0.0,on_1.5,2,off_0.0000,0.0,0.15,0.3
nonemployment_16plus,0.5,AR_long_run_0.75,1.5,0.0,on_1.5,2,AR_recent_0.0035,0.0035,0.15,0.3
nonemployment_16plus,0.5,AR_long_run_0.75,1.5,0.0,on_1.5,2,AR_postwar_0.0047,0.0047,0.15,0.3
nonemployment_16plus,0.5,AR_long_run_0.75,1.5,0.0,on_1.5,5,off_0.0000,0.0,0.15,0.75
nonemployment_16plus,0.5,AR_long_run_0.75,1.5,0.0,on_1.5,5,AR_recent_0.0035,0.0035,0.15,0.75
nonemployment_16plus,0.5,AR_long_run_0.75,1.5,0.0,on_1.5,5,AR_postwar_0.0047,0.0047,0.15,0.75
nonemployment_16plus,0.5,AR_long_run_0.75,1.5,0.0,on_1.5,10,off_0.0000,0.0,0.1085,1.085
nonemployment_16plus,0.5,AR_long_run_0.75,1.5,0.0,on_1.5,10,AR_recent_0.0035,0.0035,0.1115,1.115
nonemployment_16plus,0.5,AR_long_run_0.75,1.5,0.0,on_1.5,10,AR_postwar_0.0047,0.0047,0.1125,1.125
nonemployment_16plus,0.5,AR_long_run_0.75,1.5,0.0,on_1.5,20,off_0.0000,0.0,0.0655,1.31
nonemployment_16plus,0.5,AR_long_run_0.75,1.5,0.0,on_1.5,20,AR_recent_0.0035,0.0035,0.068,1.36
nonemployment_16plus,0.5,AR_long_run_0.75,1.5,0.0,on_1.5,20,AR_postwar_0.0047,0.0047,0.0685,1.37
nonemployment_16plus,0.5,AR_long_run_0.75,1.5,0.5,off_1.0,2,off_0.0000,0.0,0.15,0.3
nonemployment_16plus,0.5,AR_long_run_0.75,1.5,0.5,off_1.0,2,AR_recent_0.0035,0.0035,0.15,0.3
nonemployment_16plus,0.5,AR_long_run_0.75,1.5,0.5,off_1.0,2,AR_postwar_0.0047,0.0047,0.15,0.3
nonemployment_16plus,0.5,AR_long_run_0.75,1.5,0.5,off_1.0,5,off_0.0000,0.0,0.15,0.75
nonemployment_16plus,0.5,AR_long_run_0.75,1.5,0.5,off_1.0,5,AR_recent_0.0035,0.0035,0.15,0.75
nonemployment_16plus,0.5,AR_long_run_0.75,1.5,0.5,off_1.0,5,AR_postwar_0.0047,0.0047,0.15,0.75
nonemployment_16plus,0.5,AR_long_run_0.75,1.5,0.5,off_1.0,10,off_0.0000,0.0,0.117,1.17
nonemployment_16plus,0.5,AR_long_run_0.75,1.5,0.5,off_1.0,10,AR_recent_0.0035,0.0035,0.1195,1.195
nonemployment_16plus,0.5,AR_long_run_0.75,1.5,0.5,off_1.0,10,AR_postwar_0.0047,0.0047,0.1205,1.205
nonemployment_16plus,0.5,AR_long_run_0.75,1.5,0.5,off_1.0,20,off_0.0000,0.0,0.07,1.4
nonemployment_16plus,0.5,AR_long_run_0.75,1.5,0.5,off_1.0,20,AR_recent_0.0035,0.0035,0.072,1.44
nonemployment_16plus,0.5,AR_long_run_0.75,1.5,0.5,off_1.0,20,AR_postwar_0.0047,0.0047,0.0725,1.45
nonemployment_16plus,0.5,AR_long_run_0.75,1.5,0.5,on_1.5,2,off_0.0000,0.0,0.15,0.3
nonemployment_16plus,0.5,AR_long_run_0.75,1.5,0.5,on_1.5,2,AR_recent_0.0035,0.0035,0.15,0.3
nonemployment_16plus,0.5,AR_long_run_0.75,1.5,0.5,on_1.5,2,AR_postwar_0.0047,0.0047,0.15,0.3
nonemployment_16plus,0.5,AR_long_run_0.75,1.5,0.5,on_1.5,5,off_0.0000,0.0,0.15,0.75
nonemployment_16plus,0.5,AR_long_run_0.75,1.5,0.5,on_1.5,5,AR_recent_0.0035,0.0035,0.15,0.75
nonemployment_16plus,0.5,AR_long_run_0.75,1.5,0.5,on_1.5,5,AR_postwar_0.0047,0.0047,0.15,0.75
nonemployment_16plus,0.5,AR_long_run_0.75,1.5,0.5,on_1.5,10,off_0.0000,0.0,0.1085,1.085
nonemployment_16plus,0.5,AR_long_run_0.75,1.5,0.5,on_1.5,10,AR_recent_0.0035,0.0035,0.1115,1.115
nonemployment_16plus,0.5,AR_long_run_0.75,1.5,0.5,on_1.5,10,AR_postwar_0.0047,0.0047,0.1125,1.125
nonemployment_16plus,0.5,AR_long_run_0.75,1.5,0.5,on_1.5,20,off_0.0000,0.0,0.0655,1.31
nonemployment_16plus,0.5,AR_long_run_0.75,1.5,0.5,on_1.5,20,AR_recent_0.0035,0.0035,0.068,1.36
nonemployment_16plus,0.5,AR_long_run_0.75,1.5,0.5,on_1.5,20,AR_postwar_0.0047,0.0047,0.0685,1.37
nonemployment_16plus,0.5,AR_long_run_0.75,1.5,1.0,off_1.0,2,off_0.0000,0.0,0.15,0.3
nonemployment_16plus,0.5,AR_long_run_0.75,1.5,1.0,off_1.0,2,AR_recent_0.0035,0.0035,0.15,0.3
nonemployment_16plus,0.5,AR_long_run_0.75,1.5,1.0,off_1.0,2,AR_postwar_0.0047,0.0047,0.15,0.3
nonemployment_16plus,0.5,AR_long_run_0.75,1.5,1.0,off_1.0,5,off_0.0000,0.0,0.15,0.75
nonemployment_16plus,0.5,AR_long_run_0.75,1.5,1.0,off_1.0,5,AR_recent_0.0035,0.0035,0.15,0.75
nonemployment_16plus,0.5,AR_long_run_0.75,1.5,1.0,off_1.0,5,AR_postwar_0.0047,0.0047,0.15,0.75
nonemployment_16plus,0.5,AR_long_run_0.75,1.5,1.0,off_1.0,10,off_0.0000,0.0,0.117,1.17
nonemployment_16plus,0.5,AR_long_run_0.75,1.5,1.0,off_1.0,10,AR_recent_0.0035,0.0035,0.1195,1.195
nonemployment_16plus,0.5,AR_long_run_0.75,1.5,1.0,off_1.0,10,AR_postwar_0.0047,0.0047,0.1205,1.205
nonemployment_16plus,0.5,AR_long_run_0.75,1.5,1.0,off_1.0,20,off_0.0000,0.0,0.07,1.4
nonemployment_16plus,0.5,AR_long_run_0.75,1.5,1.0,off_1.0,20,AR_recent_0.0035,0.0035,0.072,1.44
nonemployment_16plus,0.5,AR_long_run_0.75,1.5,1.0,off_1.0,20,AR_postwar_0.0047,0.0047,0.0725,1.45
nonemployment_16plus,0.5,AR_long_run_0.75,1.5,1.0,on_1.5,2,off_0.0000,0.0,0.15,0.3
nonemployment_16plus,0.5,AR_long_run_0.75,1.5,1.0,on_1.5,2,AR_recent_0.0035,0.0035,0.15,0.3
nonemployment_16plus,0.5,AR_long_run_0.75,1.5,1.0,on_1.5,2,AR_postwar_0.0047,0.0047,0.15,0.3
nonemployment_16plus,0.5,AR_long_run_0.75,1.5,1.0,on_1.5,5,off_0.0000,0.0,0.15,0.75
nonemployment_16plus,0.5,AR_long_run_0.75,1.5,1.0,on_1.5,5,AR_recent_0.0035,0.0035,0.15,0.75
nonemployment_16plus,0.5,AR_long_run_0.75,1.5,1.0,on_1.5,5,AR_postwar_0.0047,0.0047,0.15,0.75
nonemployment_16plus,0.5,AR_long_run_0.75,1.5,1.0,on_1.5,10,off_0.0000,0.0,0.1085,1.085
nonemployment_16plus,0.5,AR_long_run_0.75,1.5,1.0,on_1.5,10,AR_recent_0.0035,0.0035,0.1115,1.115
nonemployment_16plus,0.5,AR_long_run_0.75,1.5,1.0,on_1.5,10,AR_postwar_0.0047,0.0047,0.1125,1.125
nonemployment_16plus,0.5,AR_long_run_0.75,1.5,1.0,on_1.5,20,off_0.0000,0.0,0.0655,1.31
nonemployment_16plus,0.5,AR_long_run_0.75,1.5,1.0,on_1.5,20,AR_recent_0.0035,0.0035,0.068,1.36
nonemployment_16plus,0.5,AR_long_run_0.75,1.5,1.0,on_1.5,20,AR_postwar_0.0047,0.0047,0.0685,1.37
nonemployment_16plus,0.5,AR_long_run_0.75,2.0,0.0,off_1.0,2,off_0.0000,0.0,0.15,0.3
nonemployment_16plus,0.5,AR_long_run_0.75,2.0,0.0,off_1.0,2,AR_recent_0.0035,0.0035,0.15,0.3
nonemployment_16plus,0.5,AR_long_run_0.75,2.0,0.0,off_1.0,2,AR_postwar_0.0047,0.0047,0.15,0.3
nonemployment_16plus,0.5,AR_long_run_0.75,2.0,0.0,off_1.0,5,off_0.0000,0.0,0.15,0.75
nonemployment_16plus,0.5,AR_long_run_0.75,2.0,0.0,off_1.0,5,AR_recent_0.0035,0.0035,0.15,0.75
nonemployment_16plus,0.5,AR_long_run_0.75,2.0,0.0,off_1.0,5,AR_postwar_0.0047,0.0047,0.15,0.75
nonemployment_16plus,0.5,AR_long_run_0.75,2.0,0.0,off_1.0,10,off_0.0000,0.0,0.113,1.13
nonemployment_16plus,0.5,AR_long_run_0.75,2.0,0.0,off_1.0,10,AR_recent_0.0035,0.0035,0.1155,1.155
nonemployment_16plus,0.5,AR_long_run_0.75,2.0,0.0,off_1.0,10,AR_postwar_0.0047,0.0047,0.1165,1.165
nonemployment_16plus,0.5,AR_long_run_0.75,2.0,0.0,off_1.0,20,off_0.0000,0.0,0.0685,1.37
nonemployment_16plus,0.5,AR_long_run_0.75,2.0,0.0,off_1.0,20,AR_recent_0.0035,0.0035,0.0705,1.41
nonemployment_16plus,0.5,AR_long_run_0.75,2.0,0.0,off_1.0,20,AR_postwar_0.0047,0.0047,0.0715,1.43
nonemployment_16plus,0.5,AR_long_run_0.75,2.0,0.0,on_1.5,2,off_0.0000,0.0,0.15,0.3
nonemployment_16plus,0.5,AR_long_run_0.75,2.0,0.0,on_1.5,2,AR_recent_0.0035,0.0035,0.15,0.3
nonemployment_16plus,0.5,AR_long_run_0.75,2.0,0.0,on_1.5,2,AR_postwar_0.0047,0.0047,0.15,0.3
nonemployment_16plus,0.5,AR_long_run_0.75,2.0,0.0,on_1.5,5,off_0.0000,0.0,0.15,0.75
nonemployment_16plus,0.5,AR_long_run_0.75,2.0,0.0,on_1.5,5,AR_recent_0.0035,0.0035,0.15,0.75
nonemployment_16plus,0.5,AR_long_run_0.75,2.0,0.0,on_1.5,5,AR_postwar_0.0047,0.0047,0.15,0.75
nonemployment_16plus,0.5,AR_long_run_0.75,2.0,0.0,on_1.5,10,off_0.0000,0.0,0.106,1.06
nonemployment_16plus,0.5,AR_long_run_0.75,2.0,0.0,on_1.5,10,AR_recent_0.0035,0.0035,0.1085,1.085
nonemployment_16plus,0.5,AR_long_run_0.75,2.0,0.0,on_1.5,10,AR_postwar_0.0047,0.0047,0.1095,1.095
nonemployment_16plus,0.5,AR_long_run_0.75,2.0,0.0,on_1.5,20,off_0.0000,0.0,0.065,1.3
nonemployment_16plus,0.5,AR_long_run_0.75,2.0,0.0,on_1.5,20,AR_recent_0.0035,0.0035,0.067,1.34
nonemployment_16plus,0.5,AR_long_run_0.75,2.0,0.0,on_1.5,20,AR_postwar_0.0047,0.0047,0.0675,1.35
nonemployment_16plus,0.5,AR_long_run_0.75,2.0,0.5,off_1.0,2,off_0.0000,0.0,0.15,0.3
nonemployment_16plus,0.5,AR_long_run_0.75,2.0,0.5,off_1.0,2,AR_recent_0.0035,0.0035,0.15,0.3
nonemployment_16plus,0.5,AR_long_run_0.75,2.0,0.5,off_1.0,2,AR_postwar_0.0047,0.0047,0.15,0.3
nonemployment_16plus,0.5,AR_long_run_0.75,2.0,0.5,off_1.0,5,off_0.0000,0.0,0.15,0.75
nonemployment_16plus,0.5,AR_long_run_0.75,2.0,0.5,off_1.0,5,AR_recent_0.0035,0.0035,0.15,0.75
nonemployment_16plus,0.5,AR_long_run_0.75,2.0,0.5,off_1.0,5,AR_postwar_0.0047,0.0047,0.15,0.75
nonemployment_16plus,0.5,AR_long_run_0.75,2.0,0.5,off_1.0,10,off_0.0000,0.0,0.113,1.13
nonemployment_16plus,0.5,AR_long_run_0.75,2.0,0.5,off_1.0,10,AR_recent_0.0035,0.0035,0.1155,1.155
nonemployment_16plus,0.5,AR_long_run_0.75,2.0,0.5,off_1.0,10,AR_postwar_0.0047,0.0047,0.1165,1.165
nonemployment_16plus,0.5,AR_long_run_0.75,2.0,0.5,off_1.0,20,off_0.0000,0.0,0.0685,1.37
nonemployment_16plus,0.5,AR_long_run_0.75,2.0,0.5,off_1.0,20,AR_recent_0.0035,0.0035,0.0705,1.41
nonemployment_16plus,0.5,AR_long_run_0.75,2.0,0.5,off_1.0,20,AR_postwar_0.0047,0.0047,0.0715,1.43
nonemployment_16plus,0.5,AR_long_run_0.75,2.0,0.5,on_1.5,2,off_0.0000,0.0,0.15,0.3
nonemployment_16plus,0.5,AR_long_run_0.75,2.0,0.5,on_1.5,2,AR_recent_0.0035,0.0035,0.15,0.3
nonemployment_16plus,0.5,AR_long_run_0.75,2.0,0.5,on_1.5,2,AR_postwar_0.0047,0.0047,0.15,0.3
nonemployment_16plus,0.5,AR_long_run_0.75,2.0,0.5,on_1.5,5,off_0.0000,0.0,0.15,0.75
nonemployment_16plus,0.5,AR_long_run_0.75,2.0,0.5,on_1.5,5,AR_recent_0.0035,0.0035,0.15,0.75
nonemployment_16plus,0.5,AR_long_run_0.75,2.0,0.5,on_1.5,5,AR_postwar_0.0047,0.0047,0.15,0.75
nonemployment_16plus,0.5,AR_long_run_0.75,2.0,0.5,on_1.5,10,off_0.0000,0.0,0.106,1.06
nonemployment_16plus,0.5,AR_long_run_0.75,2.0,0.5,on_1.5,10,AR_recent_0.0035,0.0035,0.1085,1.085
nonemployment_16plus,0.5,AR_long_run_0.75,2.0,0.5,on_1.5,10,AR_postwar_0.0047,0.0047,0.1095,1.095
nonemployment_16plus,0.5,AR_long_run_0.75,2.0,0.5,on_1.5,20,off_0.0000,0.0,0.065,1.3
nonemployment_16plus,0.5,AR_long_run_0.75,2.0,0.5,on_1.5,20,AR_recent_0.0035,0.0035,0.067,1.34
nonemployment_16plus,0.5,AR_long_run_0.75,2.0,0.5,on_1.5,20,AR_postwar_0.0047,0.0047,0.0675,1.35
nonemployment_16plus,0.5,AR_long_run_0.75,2.0,1.0,off_1.0,2,off_0.0000,0.0,0.15,0.3
nonemployment_16plus,0.5,AR_long_run_0.75,2.0,1.0,off_1.0,2,AR_recent_0.0035,0.0035,0.15,0.3
nonemployment_16plus,0.5,AR_long_run_0.75,2.0,1.0,off_1.0,2,AR_postwar_0.0047,0.0047,0.15,0.3
nonemployment_16plus,0.5,AR_long_run_0.75,2.0,1.0,off_1.0,5,off_0.0000,0.0,0.15,0.75
nonemployment_16plus,0.5,AR_long_run_0.75,2.0,1.0,off_1.0,5,AR_recent_0.0035,0.0035,0.15,0.75
nonemployment_16plus,0.5,AR_long_run_0.75,2.0,1.0,off_1.0,5,AR_postwar_0.0047,0.0047,0.15,0.75
nonemployment_16plus,0.5,AR_long_run_0.75,2.0,1.0,off_1.0,10,off_0.0000,0.0,0.113,1.13
nonemployment_16plus,0.5,AR_long_run_0.75,2.0,1.0,off_1.0,10,AR_recent_0.0035,0.0035,0.1155,1.155
nonemployment_16plus,0.5,AR_long_run_0.75,2.0,1.0,off_1.0,10,AR_postwar_0.0047,0.0047,0.1165,1.165
nonemployment_16plus,0.5,AR_long_run_0.75,2.0,1.0,off_1.0,20,off_0.0000,0.0,0.0685,1.37
nonemployment_16plus,0.5,AR_long_run_0.75,2.0,1.0,off_1.0,20,AR_recent_0.0035,0.0035,0.0705,1.41
nonemployment_16plus,0.5,AR_long_run_0.75,2.0,1.0,off_1.0,20,AR_postwar_0.0047,0.0047,0.0715,1.43
nonemployment_16plus,0.5,AR_long_run_0.75,2.0,1.0,on_1.5,2,off_0.0000,0.0,0.15,0.3
nonemployment_16plus,0.5,AR_long_run_0.75,2.0,1.0,on_1.5,2,AR_recent_0.0035,0.0035,0.15,0.3
nonemployment_16plus,0.5,AR_long_run_0.75,2.0,1.0,on_1.5,2,AR_postwar_0.0047,0.0047,0.15,0.3
nonemployment_16plus,0.5,AR_long_run_0.75,2.0,1.0,on_1.5,5,off_0.0000,0.0,0.15,0.75
nonemployment_16plus,0.5,AR_long_run_0.75,2.0,1.0,on_1.5,5,AR_recent_0.0035,0.0035,0.15,0.75
nonemployment_16plus,0.5,AR_long_run_0.75,2.0,1.0,on_1.5,5,AR_postwar_0.0047,0.0047,0.15,0.75
nonemployment_16plus,0.5,AR_long_run_0.75,2.0,1.0,on_1.5,10,off_0.0000,0.0,0.106,1.06
nonemployment_16plus,0.5,AR_long_run_0.75,2.0,1.0,on_1.5,10,AR_recent_0.0035,0.0035,0.1085,1.085
nonemployment_16plus,0.5,AR_long_run_0.75,2.0,1.0,on_1.5,10,AR_postwar_0.0047,0.0047,0.1095,1.095
nonemployment_16plus,0.5,AR_long_run_0.75,2.0,1.0,on_1.5,20,off_0.0000,0.0,0.065,1.3
nonemployment_16plus,0.5,AR_long_run_0.75,2.0,1.0,on_1.5,20,AR_recent_0.0035,0.0035,0.067,1.34
nonemployment_16plus,0.5,AR_long_run_0.75,2.0,1.0,on_1.5,20,AR_postwar_0.0047,0.0047,0.0675,1.35
nonemployment_16plus,1.0,dws_0.462,1.0,0.0,off_1.0,2,off_0.0000,0.0,0.15,0.3
nonemployment_16plus,1.0,dws_0.462,1.0,0.0,off_1.0,2,AR_recent_0.0035,0.0035,0.15,0.3
nonemployment_16plus,1.0,dws_0.462,1.0,0.0,off_1.0,2,AR_postwar_0.0047,0.0047,0.15,0.3
nonemployment_16plus,1.0,dws_0.462,1.0,0.0,off_1.0,5,off_0.0000,0.0,0.15,0.75
nonemployment_16plus,1.0,dws_0.462,1.0,0.0,off_1.0,5,AR_recent_0.0035,0.0035,0.15,0.75
nonemployment_16plus,1.0,dws_0.462,1.0,0.0,off_1.0,5,AR_postwar_0.0047,0.0047,0.15,0.75
nonemployment_16plus,1.0,dws_0.462,1.0,0.0,off_1.0,10,off_0.0000,0.0,0.093,0.93
nonemployment_16plus,1.0,dws_0.462,1.0,0.0,off_1.0,10,AR_recent_0.0035,0.0035,0.0945,0.945
nonemployment_16plus,1.0,dws_0.462,1.0,0.0,off_1.0,10,AR_postwar_0.0047,0.0047,0.0955,0.955
nonemployment_16plus,1.0,dws_0.462,1.0,0.0,off_1.0,20,off_0.0000,0.0,0.0485,0.97
nonemployment_16plus,1.0,dws_0.462,1.0,0.0,off_1.0,20,AR_recent_0.0035,0.0035,0.0495,0.99
nonemployment_16plus,1.0,dws_0.462,1.0,0.0,off_1.0,20,AR_postwar_0.0047,0.0047,0.05,1.0
nonemployment_16plus,1.0,dws_0.462,1.0,0.0,on_1.5,2,off_0.0000,0.0,0.15,0.3
nonemployment_16plus,1.0,dws_0.462,1.0,0.0,on_1.5,2,AR_recent_0.0035,0.0035,0.15,0.3
nonemployment_16plus,1.0,dws_0.462,1.0,0.0,on_1.5,2,AR_postwar_0.0047,0.0047,0.15,0.3
nonemployment_16plus,1.0,dws_0.462,1.0,0.0,on_1.5,5,off_0.0000,0.0,0.15,0.75
nonemployment_16plus,1.0,dws_0.462,1.0,0.0,on_1.5,5,AR_recent_0.0035,0.0035,0.15,0.75
nonemployment_16plus,1.0,dws_0.462,1.0,0.0,on_1.5,5,AR_postwar_0.0047,0.0047,0.15,0.75
nonemployment_16plus,1.0,dws_0.462,1.0,0.0,on_1.5,10,off_0.0000,0.0,0.0895,0.895
nonemployment_16plus,1.0,dws_0.462,1.0,0.0,on_1.5,10,AR_recent_0.0035,0.0035,0.0915,0.915
nonemployment_16plus,1.0,dws_0.462,1.0,0.0,on_1.5,10,AR_postwar_0.0047,0.0047,0.092,0.92
nonemployment_16plus,1.0,dws_0.462,1.0,0.0,on_1.5,20,off_0.0000,0.0,0.047,0.94
nonemployment_16plus,1.0,dws_0.462,1.0,0.0,on_1.5,20,AR_recent_0.0035,0.0035,0.0485,0.97
nonemployment_16plus,1.0,dws_0.462,1.0,0.0,on_1.5,20,AR_postwar_0.0047,0.0047,0.049,0.98
nonemployment_16plus,1.0,dws_0.462,1.0,0.5,off_1.0,2,off_0.0000,0.0,0.15,0.3
nonemployment_16plus,1.0,dws_0.462,1.0,0.5,off_1.0,2,AR_recent_0.0035,0.0035,0.15,0.3
nonemployment_16plus,1.0,dws_0.462,1.0,0.5,off_1.0,2,AR_postwar_0.0047,0.0047,0.15,0.3
nonemployment_16plus,1.0,dws_0.462,1.0,0.5,off_1.0,5,off_0.0000,0.0,0.15,0.75
nonemployment_16plus,1.0,dws_0.462,1.0,0.5,off_1.0,5,AR_recent_0.0035,0.0035,0.15,0.75
nonemployment_16plus,1.0,dws_0.462,1.0,0.5,off_1.0,5,AR_postwar_0.0047,0.0047,0.15,0.75
nonemployment_16plus,1.0,dws_0.462,1.0,0.5,off_1.0,10,off_0.0000,0.0,0.093,0.93
nonemployment_16plus,1.0,dws_0.462,1.0,0.5,off_1.0,10,AR_recent_0.0035,0.0035,0.0945,0.945
nonemployment_16plus,1.0,dws_0.462,1.0,0.5,off_1.0,10,AR_postwar_0.0047,0.0047,0.0955,0.955
nonemployment_16plus,1.0,dws_0.462,1.0,0.5,off_1.0,20,off_0.0000,0.0,0.0485,0.97
nonemployment_16plus,1.0,dws_0.462,1.0,0.5,off_1.0,20,AR_recent_0.0035,0.0035,0.0495,0.99
nonemployment_16plus,1.0,dws_0.462,1.0,0.5,off_1.0,20,AR_postwar_0.0047,0.0047,0.05,1.0
nonemployment_16plus,1.0,dws_0.462,1.0,0.5,on_1.5,2,off_0.0000,0.0,0.15,0.3
nonemployment_16plus,1.0,dws_0.462,1.0,0.5,on_1.5,2,AR_recent_0.0035,0.0035,0.15,0.3
nonemployment_16plus,1.0,dws_0.462,1.0,0.5,on_1.5,2,AR_postwar_0.0047,0.0047,0.15,0.3
nonemployment_16plus,1.0,dws_0.462,1.0,0.5,on_1.5,5,off_0.0000,0.0,0.15,0.75
nonemployment_16plus,1.0,dws_0.462,1.0,0.5,on_1.5,5,AR_recent_0.0035,0.0035,0.15,0.75
nonemployment_16plus,1.0,dws_0.462,1.0,0.5,on_1.5,5,AR_postwar_0.0047,0.0047,0.15,0.75
nonemployment_16plus,1.0,dws_0.462,1.0,0.5,on_1.5,10,off_0.0000,0.0,0.0895,0.895
nonemployment_16plus,1.0,dws_0.462,1.0,0.5,on_1.5,10,AR_recent_0.0035,0.0035,0.0915,0.915
nonemployment_16plus,1.0,dws_0.462,1.0,0.5,on_1.5,10,AR_postwar_0.0047,0.0047,0.092,0.92
nonemployment_16plus,1.0,dws_0.462,1.0,0.5,on_1.5,20,off_0.0000,0.0,0.047,0.94
nonemployment_16plus,1.0,dws_0.462,1.0,0.5,on_1.5,20,AR_recent_0.0035,0.0035,0.0485,0.97
nonemployment_16plus,1.0,dws_0.462,1.0,0.5,on_1.5,20,AR_postwar_0.0047,0.0047,0.049,0.98
nonemployment_16plus,1.0,dws_0.462,1.0,1.0,off_1.0,2,off_0.0000,0.0,0.15,0.3
nonemployment_16plus,1.0,dws_0.462,1.0,1.0,off_1.0,2,AR_recent_0.0035,0.0035,0.15,0.3
nonemployment_16plus,1.0,dws_0.462,1.0,1.0,off_1.0,2,AR_postwar_0.0047,0.0047,0.15,0.3
nonemployment_16plus,1.0,dws_0.462,1.0,1.0,off_1.0,5,off_0.0000,0.0,0.15,0.75
nonemployment_16plus,1.0,dws_0.462,1.0,1.0,off_1.0,5,AR_recent_0.0035,0.0035,0.15,0.75
nonemployment_16plus,1.0,dws_0.462,1.0,1.0,off_1.0,5,AR_postwar_0.0047,0.0047,0.15,0.75
nonemployment_16plus,1.0,dws_0.462,1.0,1.0,off_1.0,10,off_0.0000,0.0,0.093,0.93
nonemployment_16plus,1.0,dws_0.462,1.0,1.0,off_1.0,10,AR_recent_0.0035,0.0035,0.0945,0.945
nonemployment_16plus,1.0,dws_0.462,1.0,1.0,off_1.0,10,AR_postwar_0.0047,0.0047,0.0955,0.955
nonemployment_16plus,1.0,dws_0.462,1.0,1.0,off_1.0,20,off_0.0000,0.0,0.0485,0.97
nonemployment_16plus,1.0,dws_0.462,1.0,1.0,off_1.0,20,AR_recent_0.0035,0.0035,0.0495,0.99
nonemployment_16plus,1.0,dws_0.462,1.0,1.0,off_1.0,20,AR_postwar_0.0047,0.0047,0.05,1.0
nonemployment_16plus,1.0,dws_0.462,1.0,1.0,on_1.5,2,off_0.0000,0.0,0.15,0.3
nonemployment_16plus,1.0,dws_0.462,1.0,1.0,on_1.5,2,AR_recent_0.0035,0.0035,0.15,0.3
nonemployment_16plus,1.0,dws_0.462,1.0,1.0,on_1.5,2,AR_postwar_0.0047,0.0047,0.15,0.3
nonemployment_16plus,1.0,dws_0.462,1.0,1.0,on_1.5,5,off_0.0000,0.0,0.15,0.75
nonemployment_16plus,1.0,dws_0.462,1.0,1.0,on_1.5,5,AR_recent_0.0035,0.0035,0.15,0.75
nonemployment_16plus,1.0,dws_0.462,1.0,1.0,on_1.5,5,AR_postwar_0.0047,0.0047,0.15,0.75
nonemployment_16plus,1.0,dws_0.462,1.0,1.0,on_1.5,10,off_0.0000,0.0,0.0895,0.895
nonemployment_16plus,1.0,dws_0.462,1.0,1.0,on_1.5,10,AR_recent_0.0035,0.0035,0.0915,0.915
nonemployment_16plus,1.0,dws_0.462,1.0,1.0,on_1.5,10,AR_postwar_0.0047,0.0047,0.092,0.92
nonemployment_16plus,1.0,dws_0.462,1.0,1.0,on_1.5,20,off_0.0000,0.0,0.047,0.94
nonemployment_16plus,1.0,dws_0.462,1.0,1.0,on_1.5,20,AR_recent_0.0035,0.0035,0.0485,0.97
nonemployment_16plus,1.0,dws_0.462,1.0,1.0,on_1.5,20,AR_postwar_0.0047,0.0047,0.049,0.98
nonemployment_16plus,1.0,dws_0.462,1.5,0.0,off_1.0,2,off_0.0000,0.0,0.15,0.3
nonemployment_16plus,1.0,dws_0.462,1.5,0.0,off_1.0,2,AR_recent_0.0035,0.0035,0.15,0.3
nonemployment_16plus,1.0,dws_0.462,1.5,0.0,off_1.0,2,AR_postwar_0.0047,0.0047,0.15,0.3
nonemployment_16plus,1.0,dws_0.462,1.5,0.0,off_1.0,5,off_0.0000,0.0,0.15,0.75
nonemployment_16plus,1.0,dws_0.462,1.5,0.0,off_1.0,5,AR_recent_0.0035,0.0035,0.15,0.75
nonemployment_16plus,1.0,dws_0.462,1.5,0.0,off_1.0,5,AR_postwar_0.0047,0.0047,0.15,0.75
nonemployment_16plus,1.0,dws_0.462,1.5,0.0,off_1.0,10,off_0.0000,0.0,0.089,0.89
nonemployment_16plus,1.0,dws_0.462,1.5,0.0,off_1.0,10,AR_recent_0.0035,0.0035,0.091,0.91
nonemployment_16plus,1.0,dws_0.462,1.5,0.0,off_1.0,10,AR_postwar_0.0047,0.0047,0.0915,0.915
nonemployment_16plus,1.0,dws_0.462,1.5,0.0,off_1.0,20,off_0.0000,0.0,0.0475,0.95
nonemployment_16plus,1.0,dws_0.462,1.5,0.0,off_1.0,20,AR_recent_0.0035,0.0035,0.0485,0.97
nonemployment_16plus,1.0,dws_0.462,1.5,0.0,off_1.0,20,AR_postwar_0.0047,0.0047,0.049,0.98
nonemployment_16plus,1.0,dws_0.462,1.5,0.0,on_1.5,2,off_0.0000,0.0,0.15,0.3
nonemployment_16plus,1.0,dws_0.462,1.5,0.0,on_1.5,2,AR_recent_0.0035,0.0035,0.15,0.3
nonemployment_16plus,1.0,dws_0.462,1.5,0.0,on_1.5,2,AR_postwar_0.0047,0.0047,0.15,0.3
nonemployment_16plus,1.0,dws_0.462,1.5,0.0,on_1.5,5,off_0.0000,0.0,0.15,0.75
nonemployment_16plus,1.0,dws_0.462,1.5,0.0,on_1.5,5,AR_recent_0.0035,0.0035,0.15,0.75
nonemployment_16plus,1.0,dws_0.462,1.5,0.0,on_1.5,5,AR_postwar_0.0047,0.0047,0.15,0.75
nonemployment_16plus,1.0,dws_0.462,1.5,0.0,on_1.5,10,off_0.0000,0.0,0.0865,0.865
nonemployment_16plus,1.0,dws_0.462,1.5,0.0,on_1.5,10,AR_recent_0.0035,0.0035,0.0885,0.885
nonemployment_16plus,1.0,dws_0.462,1.5,0.0,on_1.5,10,AR_postwar_0.0047,0.0047,0.0895,0.895
nonemployment_16plus,1.0,dws_0.462,1.5,0.0,on_1.5,20,off_0.0000,0.0,0.0465,0.93
nonemployment_16plus,1.0,dws_0.462,1.5,0.0,on_1.5,20,AR_recent_0.0035,0.0035,0.0475,0.95
nonemployment_16plus,1.0,dws_0.462,1.5,0.0,on_1.5,20,AR_postwar_0.0047,0.0047,0.048,0.96
nonemployment_16plus,1.0,dws_0.462,1.5,0.5,off_1.0,2,off_0.0000,0.0,0.15,0.3
nonemployment_16plus,1.0,dws_0.462,1.5,0.5,off_1.0,2,AR_recent_0.0035,0.0035,0.15,0.3
nonemployment_16plus,1.0,dws_0.462,1.5,0.5,off_1.0,2,AR_postwar_0.0047,0.0047,0.15,0.3
nonemployment_16plus,1.0,dws_0.462,1.5,0.5,off_1.0,5,off_0.0000,0.0,0.15,0.75
nonemployment_16plus,1.0,dws_0.462,1.5,0.5,off_1.0,5,AR_recent_0.0035,0.0035,0.15,0.75
nonemployment_16plus,1.0,dws_0.462,1.5,0.5,off_1.0,5,AR_postwar_0.0047,0.0047,0.15,0.75
nonemployment_16plus,1.0,dws_0.462,1.5,0.5,off_1.0,10,off_0.0000,0.0,0.089,0.89
nonemployment_16plus,1.0,dws_0.462,1.5,0.5,off_1.0,10,AR_recent_0.0035,0.0035,0.091,0.91
nonemployment_16plus,1.0,dws_0.462,1.5,0.5,off_1.0,10,AR_postwar_0.0047,0.0047,0.0915,0.915
nonemployment_16plus,1.0,dws_0.462,1.5,0.5,off_1.0,20,off_0.0000,0.0,0.0475,0.95
nonemployment_16plus,1.0,dws_0.462,1.5,0.5,off_1.0,20,AR_recent_0.0035,0.0035,0.0485,0.97
nonemployment_16plus,1.0,dws_0.462,1.5,0.5,off_1.0,20,AR_postwar_0.0047,0.0047,0.049,0.98
nonemployment_16plus,1.0,dws_0.462,1.5,0.5,on_1.5,2,off_0.0000,0.0,0.15,0.3
nonemployment_16plus,1.0,dws_0.462,1.5,0.5,on_1.5,2,AR_recent_0.0035,0.0035,0.15,0.3
nonemployment_16plus,1.0,dws_0.462,1.5,0.5,on_1.5,2,AR_postwar_0.0047,0.0047,0.15,0.3
nonemployment_16plus,1.0,dws_0.462,1.5,0.5,on_1.5,5,off_0.0000,0.0,0.15,0.75
nonemployment_16plus,1.0,dws_0.462,1.5,0.5,on_1.5,5,AR_recent_0.0035,0.0035,0.15,0.75
nonemployment_16plus,1.0,dws_0.462,1.5,0.5,on_1.5,5,AR_postwar_0.0047,0.0047,0.15,0.75
nonemployment_16plus,1.0,dws_0.462,1.5,0.5,on_1.5,10,off_0.0000,0.0,0.0865,0.865
nonemployment_16plus,1.0,dws_0.462,1.5,0.5,on_1.5,10,AR_recent_0.0035,0.0035,0.0885,0.885
nonemployment_16plus,1.0,dws_0.462,1.5,0.5,on_1.5,10,AR_postwar_0.0047,0.0047,0.0895,0.895
nonemployment_16plus,1.0,dws_0.462,1.5,0.5,on_1.5,20,off_0.0000,0.0,0.0465,0.93
nonemployment_16plus,1.0,dws_0.462,1.5,0.5,on_1.5,20,AR_recent_0.0035,0.0035,0.0475,0.95
nonemployment_16plus,1.0,dws_0.462,1.5,0.5,on_1.5,20,AR_postwar_0.0047,0.0047,0.048,0.96
nonemployment_16plus,1.0,dws_0.462,1.5,1.0,off_1.0,2,off_0.0000,0.0,0.15,0.3
nonemployment_16plus,1.0,dws_0.462,1.5,1.0,off_1.0,2,AR_recent_0.0035,0.0035,0.15,0.3
nonemployment_16plus,1.0,dws_0.462,1.5,1.0,off_1.0,2,AR_postwar_0.0047,0.0047,0.15,0.3
nonemployment_16plus,1.0,dws_0.462,1.5,1.0,off_1.0,5,off_0.0000,0.0,0.15,0.75
nonemployment_16plus,1.0,dws_0.462,1.5,1.0,off_1.0,5,AR_recent_0.0035,0.0035,0.15,0.75
nonemployment_16plus,1.0,dws_0.462,1.5,1.0,off_1.0,5,AR_postwar_0.0047,0.0047,0.15,0.75
nonemployment_16plus,1.0,dws_0.462,1.5,1.0,off_1.0,10,off_0.0000,0.0,0.089,0.89
nonemployment_16plus,1.0,dws_0.462,1.5,1.0,off_1.0,10,AR_recent_0.0035,0.0035,0.091,0.91
nonemployment_16plus,1.0,dws_0.462,1.5,1.0,off_1.0,10,AR_postwar_0.0047,0.0047,0.0915,0.915
nonemployment_16plus,1.0,dws_0.462,1.5,1.0,off_1.0,20,off_0.0000,0.0,0.0475,0.95
nonemployment_16plus,1.0,dws_0.462,1.5,1.0,off_1.0,20,AR_recent_0.0035,0.0035,0.0485,0.97
nonemployment_16plus,1.0,dws_0.462,1.5,1.0,off_1.0,20,AR_postwar_0.0047,0.0047,0.049,0.98
nonemployment_16plus,1.0,dws_0.462,1.5,1.0,on_1.5,2,off_0.0000,0.0,0.15,0.3
nonemployment_16plus,1.0,dws_0.462,1.5,1.0,on_1.5,2,AR_recent_0.0035,0.0035,0.15,0.3
nonemployment_16plus,1.0,dws_0.462,1.5,1.0,on_1.5,2,AR_postwar_0.0047,0.0047,0.15,0.3
nonemployment_16plus,1.0,dws_0.462,1.5,1.0,on_1.5,5,off_0.0000,0.0,0.15,0.75
nonemployment_16plus,1.0,dws_0.462,1.5,1.0,on_1.5,5,AR_recent_0.0035,0.0035,0.15,0.75
nonemployment_16plus,1.0,dws_0.462,1.5,1.0,on_1.5,5,AR_postwar_0.0047,0.0047,0.15,0.75
nonemployment_16plus,1.0,dws_0.462,1.5,1.0,on_1.5,10,off_0.0000,0.0,0.0865,0.865
nonemployment_16plus,1.0,dws_0.462,1.5,1.0,on_1.5,10,AR_recent_0.0035,0.0035,0.0885,0.885
nonemployment_16plus,1.0,dws_0.462,1.5,1.0,on_1.5,10,AR_postwar_0.0047,0.0047,0.0895,0.895
nonemployment_16plus,1.0,dws_0.462,1.5,1.0,on_1.5,20,off_0.0000,0.0,0.0465,0.93
nonemployment_16plus,1.0,dws_0.462,1.5,1.0,on_1.5,20,AR_recent_0.0035,0.0035,0.0475,0.95
nonemployment_16plus,1.0,dws_0.462,1.5,1.0,on_1.5,20,AR_postwar_0.0047,0.0047,0.048,0.96
nonemployment_16plus,1.0,dws_0.462,2.0,0.0,off_1.0,2,off_0.0000,0.0,0.15,0.3
nonemployment_16plus,1.0,dws_0.462,2.0,0.0,off_1.0,2,AR_recent_0.0035,0.0035,0.15,0.3
nonemployment_16plus,1.0,dws_0.462,2.0,0.0,off_1.0,2,AR_postwar_0.0047,0.0047,0.15,0.3
nonemployment_16plus,1.0,dws_0.462,2.0,0.0,off_1.0,5,off_0.0000,0.0,0.1425,0.7125
nonemployment_16plus,1.0,dws_0.462,2.0,0.0,off_1.0,5,AR_recent_0.0035,0.0035,0.145,0.725
nonemployment_16plus,1.0,dws_0.462,2.0,0.0,off_1.0,5,AR_postwar_0.0047,0.0047,0.146,0.73
nonemployment_16plus,1.0,dws_0.462,2.0,0.0,off_1.0,10,off_0.0000,0.0,0.0845,0.845
nonemployment_16plus,1.0,dws_0.462,2.0,0.0,off_1.0,10,AR_recent_0.0035,0.0035,0.086,0.86
nonemployment_16plus,1.0,dws_0.462,2.0,0.0,off_1.0,10,AR_postwar_0.0047,0.0047,0.087,0.87
nonemployment_16plus,1.0,dws_0.462,2.0,0.0,off_1.0,20,off_0.0000,0.0,0.046,0.92
nonemployment_16plus,1.0,dws_0.462,2.0,0.0,off_1.0,20,AR_recent_0.0035,0.0035,0.047,0.94
nonemployment_16plus,1.0,dws_0.462,2.0,0.0,off_1.0,20,AR_postwar_0.0047,0.0047,0.0475,0.95
nonemployment_16plus,1.0,dws_0.462,2.0,0.0,on_1.5,2,off_0.0000,0.0,0.15,0.3
nonemployment_16plus,1.0,dws_0.462,2.0,0.0,on_1.5,2,AR_recent_0.0035,0.0035,0.15,0.3
nonemployment_16plus,1.0,dws_0.462,2.0,0.0,on_1.5,2,AR_postwar_0.0047,0.0047,0.15,0.3
nonemployment_16plus,1.0,dws_0.462,2.0,0.0,on_1.5,5,off_0.0000,0.0,0.141,0.705
nonemployment_16plus,1.0,dws_0.462,2.0,0.0,on_1.5,5,AR_recent_0.0035,0.0035,0.144,0.72
nonemployment_16plus,1.0,dws_0.462,2.0,0.0,on_1.5,5,AR_postwar_0.0047,0.0047,0.1445,0.7225
nonemployment_16plus,1.0,dws_0.462,2.0,0.0,on_1.5,10,off_0.0000,0.0,0.0825,0.825
nonemployment_16plus,1.0,dws_0.462,2.0,0.0,on_1.5,10,AR_recent_0.0035,0.0035,0.0845,0.845
nonemployment_16plus,1.0,dws_0.462,2.0,0.0,on_1.5,10,AR_postwar_0.0047,0.0047,0.0855,0.855
nonemployment_16plus,1.0,dws_0.462,2.0,0.0,on_1.5,20,off_0.0000,0.0,0.045,0.9
nonemployment_16plus,1.0,dws_0.462,2.0,0.0,on_1.5,20,AR_recent_0.0035,0.0035,0.0465,0.93
nonemployment_16plus,1.0,dws_0.462,2.0,0.0,on_1.5,20,AR_postwar_0.0047,0.0047,0.047,0.94
nonemployment_16plus,1.0,dws_0.462,2.0,0.5,off_1.0,2,off_0.0000,0.0,0.15,0.3
nonemployment_16plus,1.0,dws_0.462,2.0,0.5,off_1.0,2,AR_recent_0.0035,0.0035,0.15,0.3
nonemployment_16plus,1.0,dws_0.462,2.0,0.5,off_1.0,2,AR_postwar_0.0047,0.0047,0.15,0.3
nonemployment_16plus,1.0,dws_0.462,2.0,0.5,off_1.0,5,off_0.0000,0.0,0.1425,0.7125
nonemployment_16plus,1.0,dws_0.462,2.0,0.5,off_1.0,5,AR_recent_0.0035,0.0035,0.145,0.725
nonemployment_16plus,1.0,dws_0.462,2.0,0.5,off_1.0,5,AR_postwar_0.0047,0.0047,0.146,0.73
nonemployment_16plus,1.0,dws_0.462,2.0,0.5,off_1.0,10,off_0.0000,0.0,0.0845,0.845
nonemployment_16plus,1.0,dws_0.462,2.0,0.5,off_1.0,10,AR_recent_0.0035,0.0035,0.086,0.86
nonemployment_16plus,1.0,dws_0.462,2.0,0.5,off_1.0,10,AR_postwar_0.0047,0.0047,0.087,0.87
nonemployment_16plus,1.0,dws_0.462,2.0,0.5,off_1.0,20,off_0.0000,0.0,0.046,0.92
nonemployment_16plus,1.0,dws_0.462,2.0,0.5,off_1.0,20,AR_recent_0.0035,0.0035,0.047,0.94
nonemployment_16plus,1.0,dws_0.462,2.0,0.5,off_1.0,20,AR_postwar_0.0047,0.0047,0.0475,0.95
nonemployment_16plus,1.0,dws_0.462,2.0,0.5,on_1.5,2,off_0.0000,0.0,0.15,0.3
nonemployment_16plus,1.0,dws_0.462,2.0,0.5,on_1.5,2,AR_recent_0.0035,0.0035,0.15,0.3
nonemployment_16plus,1.0,dws_0.462,2.0,0.5,on_1.5,2,AR_postwar_0.0047,0.0047,0.15,0.3
nonemployment_16plus,1.0,dws_0.462,2.0,0.5,on_1.5,5,off_0.0000,0.0,0.141,0.705
nonemployment_16plus,1.0,dws_0.462,2.0,0.5,on_1.5,5,AR_recent_0.0035,0.0035,0.144,0.72
nonemployment_16plus,1.0,dws_0.462,2.0,0.5,on_1.5,5,AR_postwar_0.0047,0.0047,0.1445,0.7225
nonemployment_16plus,1.0,dws_0.462,2.0,0.5,on_1.5,10,off_0.0000,0.0,0.0825,0.825
nonemployment_16plus,1.0,dws_0.462,2.0,0.5,on_1.5,10,AR_recent_0.0035,0.0035,0.0845,0.845
nonemployment_16plus,1.0,dws_0.462,2.0,0.5,on_1.5,10,AR_postwar_0.0047,0.0047,0.0855,0.855
nonemployment_16plus,1.0,dws_0.462,2.0,0.5,on_1.5,20,off_0.0000,0.0,0.045,0.9
nonemployment_16plus,1.0,dws_0.462,2.0,0.5,on_1.5,20,AR_recent_0.0035,0.0035,0.0465,0.93
nonemployment_16plus,1.0,dws_0.462,2.0,0.5,on_1.5,20,AR_postwar_0.0047,0.0047,0.047,0.94
nonemployment_16plus,1.0,dws_0.462,2.0,1.0,off_1.0,2,off_0.0000,0.0,0.15,0.3
nonemployment_16plus,1.0,dws_0.462,2.0,1.0,off_1.0,2,AR_recent_0.0035,0.0035,0.15,0.3
nonemployment_16plus,1.0,dws_0.462,2.0,1.0,off_1.0,2,AR_postwar_0.0047,0.0047,0.15,0.3
nonemployment_16plus,1.0,dws_0.462,2.0,1.0,off_1.0,5,off_0.0000,0.0,0.1425,0.7125
nonemployment_16plus,1.0,dws_0.462,2.0,1.0,off_1.0,5,AR_recent_0.0035,0.0035,0.145,0.725
nonemployment_16plus,1.0,dws_0.462,2.0,1.0,off_1.0,5,AR_postwar_0.0047,0.0047,0.146,0.73
nonemployment_16plus,1.0,dws_0.462,2.0,1.0,off_1.0,10,off_0.0000,0.0,0.0845,0.845
nonemployment_16plus,1.0,dws_0.462,2.0,1.0,off_1.0,10,AR_recent_0.0035,0.0035,0.086,0.86
nonemployment_16plus,1.0,dws_0.462,2.0,1.0,off_1.0,10,AR_postwar_0.0047,0.0047,0.087,0.87
nonemployment_16plus,1.0,dws_0.462,2.0,1.0,off_1.0,20,off_0.0000,0.0,0.046,0.92
nonemployment_16plus,1.0,dws_0.462,2.0,1.0,off_1.0,20,AR_recent_0.0035,0.0035,0.047,0.94
nonemployment_16plus,1.0,dws_0.462,2.0,1.0,off_1.0,20,AR_postwar_0.0047,0.0047,0.0475,0.95
nonemployment_16plus,1.0,dws_0.462,2.0,1.0,on_1.5,2,off_0.0000,0.0,0.15,0.3
nonemployment_16plus,1.0,dws_0.462,2.0,1.0,on_1.5,2,AR_recent_0.0035,0.0035,0.15,0.3
nonemployment_16plus,1.0,dws_0.462,2.0,1.0,on_1.5,2,AR_postwar_0.0047,0.0047,0.15,0.3
nonemployment_16plus,1.0,dws_0.462,2.0,1.0,on_1.5,5,off_0.0000,0.0,0.141,0.705
nonemployment_16plus,1.0,dws_0.462,2.0,1.0,on_1.5,5,AR_recent_0.0035,0.0035,0.144,0.72
nonemployment_16plus,1.0,dws_0.462,2.0,1.0,on_1.5,5,AR_postwar_0.0047,0.0047,0.1445,0.7225
nonemployment_16plus,1.0,dws_0.462,2.0,1.0,on_1.5,10,off_0.0000,0.0,0.0825,0.825
nonemployment_16plus,1.0,dws_0.462,2.0,1.0,on_1.5,10,AR_recent_0.0035,0.0035,0.0845,0.845
nonemployment_16plus,1.0,dws_0.462,2.0,1.0,on_1.5,10,AR_postwar_0.0047,0.0047,0.0855,0.855
nonemployment_16plus,1.0,dws_0.462,2.0,1.0,on_1.5,20,off_0.0000,0.0,0.045,0.9
nonemployment_16plus,1.0,dws_0.462,2.0,1.0,on_1.5,20,AR_recent_0.0035,0.0035,0.0465,0.93
nonemployment_16plus,1.0,dws_0.462,2.0,1.0,on_1.5,20,AR_postwar_0.0047,0.0047,0.047,0.94
nonemployment_16plus,1.0,dws_low_0.296,1.0,0.0,off_1.0,2,off_0.0000,0.0,0.15,0.3
nonemployment_16plus,1.0,dws_low_0.296,1.0,0.0,off_1.0,2,AR_recent_0.0035,0.0035,0.15,0.3
nonemployment_16plus,1.0,dws_low_0.296,1.0,0.0,off_1.0,2,AR_postwar_0.0047,0.0047,0.15,0.3
nonemployment_16plus,1.0,dws_low_0.296,1.0,0.0,off_1.0,5,off_0.0000,0.0,0.15,0.75
nonemployment_16plus,1.0,dws_low_0.296,1.0,0.0,off_1.0,5,AR_recent_0.0035,0.0035,0.15,0.75
nonemployment_16plus,1.0,dws_low_0.296,1.0,0.0,off_1.0,5,AR_postwar_0.0047,0.0047,0.15,0.75
nonemployment_16plus,1.0,dws_low_0.296,1.0,0.0,off_1.0,10,off_0.0000,0.0,0.094,0.94
nonemployment_16plus,1.0,dws_low_0.296,1.0,0.0,off_1.0,10,AR_recent_0.0035,0.0035,0.0955,0.955
nonemployment_16plus,1.0,dws_low_0.296,1.0,0.0,off_1.0,10,AR_postwar_0.0047,0.0047,0.096,0.96
nonemployment_16plus,1.0,dws_low_0.296,1.0,0.0,off_1.0,20,off_0.0000,0.0,0.0495,0.99
nonemployment_16plus,1.0,dws_low_0.296,1.0,0.0,off_1.0,20,AR_recent_0.0035,0.0035,0.05,1.0
nonemployment_16plus,1.0,dws_low_0.296,1.0,0.0,off_1.0,20,AR_postwar_0.0047,0.0047,0.0505,1.01
nonemployment_16plus,1.0,dws_low_0.296,1.0,0.0,on_1.5,2,off_0.0000,0.0,0.15,0.3
nonemployment_16plus,1.0,dws_low_0.296,1.0,0.0,on_1.5,2,AR_recent_0.0035,0.0035,0.15,0.3
nonemployment_16plus,1.0,dws_low_0.296,1.0,0.0,on_1.5,2,AR_postwar_0.0047,0.0047,0.15,0.3
nonemployment_16plus,1.0,dws_low_0.296,1.0,0.0,on_1.5,5,off_0.0000,0.0,0.15,0.75
nonemployment_16plus,1.0,dws_low_0.296,1.0,0.0,on_1.5,5,AR_recent_0.0035,0.0035,0.15,0.75
nonemployment_16plus,1.0,dws_low_0.296,1.0,0.0,on_1.5,5,AR_postwar_0.0047,0.0047,0.15,0.75
nonemployment_16plus,1.0,dws_low_0.296,1.0,0.0,on_1.5,10,off_0.0000,0.0,0.0915,0.915
nonemployment_16plus,1.0,dws_low_0.296,1.0,0.0,on_1.5,10,AR_recent_0.0035,0.0035,0.0935,0.935
nonemployment_16plus,1.0,dws_low_0.296,1.0,0.0,on_1.5,10,AR_postwar_0.0047,0.0047,0.094,0.94
nonemployment_16plus,1.0,dws_low_0.296,1.0,0.0,on_1.5,20,off_0.0000,0.0,0.048,0.96
nonemployment_16plus,1.0,dws_low_0.296,1.0,0.0,on_1.5,20,AR_recent_0.0035,0.0035,0.0495,0.99
nonemployment_16plus,1.0,dws_low_0.296,1.0,0.0,on_1.5,20,AR_postwar_0.0047,0.0047,0.0495,0.99
nonemployment_16plus,1.0,dws_low_0.296,1.0,0.5,off_1.0,2,off_0.0000,0.0,0.15,0.3
nonemployment_16plus,1.0,dws_low_0.296,1.0,0.5,off_1.0,2,AR_recent_0.0035,0.0035,0.15,0.3
nonemployment_16plus,1.0,dws_low_0.296,1.0,0.5,off_1.0,2,AR_postwar_0.0047,0.0047,0.15,0.3
nonemployment_16plus,1.0,dws_low_0.296,1.0,0.5,off_1.0,5,off_0.0000,0.0,0.15,0.75
nonemployment_16plus,1.0,dws_low_0.296,1.0,0.5,off_1.0,5,AR_recent_0.0035,0.0035,0.15,0.75
nonemployment_16plus,1.0,dws_low_0.296,1.0,0.5,off_1.0,5,AR_postwar_0.0047,0.0047,0.15,0.75
nonemployment_16plus,1.0,dws_low_0.296,1.0,0.5,off_1.0,10,off_0.0000,0.0,0.094,0.94
nonemployment_16plus,1.0,dws_low_0.296,1.0,0.5,off_1.0,10,AR_recent_0.0035,0.0035,0.0955,0.955
nonemployment_16plus,1.0,dws_low_0.296,1.0,0.5,off_1.0,10,AR_postwar_0.0047,0.0047,0.096,0.96
nonemployment_16plus,1.0,dws_low_0.296,1.0,0.5,off_1.0,20,off_0.0000,0.0,0.0495,0.99
nonemployment_16plus,1.0,dws_low_0.296,1.0,0.5,off_1.0,20,AR_recent_0.0035,0.0035,0.05,1.0
nonemployment_16plus,1.0,dws_low_0.296,1.0,0.5,off_1.0,20,AR_postwar_0.0047,0.0047,0.0505,1.01
nonemployment_16plus,1.0,dws_low_0.296,1.0,0.5,on_1.5,2,off_0.0000,0.0,0.15,0.3
nonemployment_16plus,1.0,dws_low_0.296,1.0,0.5,on_1.5,2,AR_recent_0.0035,0.0035,0.15,0.3
nonemployment_16plus,1.0,dws_low_0.296,1.0,0.5,on_1.5,2,AR_postwar_0.0047,0.0047,0.15,0.3
nonemployment_16plus,1.0,dws_low_0.296,1.0,0.5,on_1.5,5,off_0.0000,0.0,0.15,0.75
nonemployment_16plus,1.0,dws_low_0.296,1.0,0.5,on_1.5,5,AR_recent_0.0035,0.0035,0.15,0.75
nonemployment_16plus,1.0,dws_low_0.296,1.0,0.5,on_1.5,5,AR_postwar_0.0047,0.0047,0.15,0.75
nonemployment_16plus,1.0,dws_low_0.296,1.0,0.5,on_1.5,10,off_0.0000,0.0,0.0915,0.915
nonemployment_16plus,1.0,dws_low_0.296,1.0,0.5,on_1.5,10,AR_recent_0.0035,0.0035,0.0935,0.935
nonemployment_16plus,1.0,dws_low_0.296,1.0,0.5,on_1.5,10,AR_postwar_0.0047,0.0047,0.094,0.94
nonemployment_16plus,1.0,dws_low_0.296,1.0,0.5,on_1.5,20,off_0.0000,0.0,0.048,0.96
nonemployment_16plus,1.0,dws_low_0.296,1.0,0.5,on_1.5,20,AR_recent_0.0035,0.0035,0.0495,0.99
nonemployment_16plus,1.0,dws_low_0.296,1.0,0.5,on_1.5,20,AR_postwar_0.0047,0.0047,0.0495,0.99
nonemployment_16plus,1.0,dws_low_0.296,1.0,1.0,off_1.0,2,off_0.0000,0.0,0.15,0.3
nonemployment_16plus,1.0,dws_low_0.296,1.0,1.0,off_1.0,2,AR_recent_0.0035,0.0035,0.15,0.3
nonemployment_16plus,1.0,dws_low_0.296,1.0,1.0,off_1.0,2,AR_postwar_0.0047,0.0047,0.15,0.3
nonemployment_16plus,1.0,dws_low_0.296,1.0,1.0,off_1.0,5,off_0.0000,0.0,0.15,0.75
nonemployment_16plus,1.0,dws_low_0.296,1.0,1.0,off_1.0,5,AR_recent_0.0035,0.0035,0.15,0.75
nonemployment_16plus,1.0,dws_low_0.296,1.0,1.0,off_1.0,5,AR_postwar_0.0047,0.0047,0.15,0.75
nonemployment_16plus,1.0,dws_low_0.296,1.0,1.0,off_1.0,10,off_0.0000,0.0,0.094,0.94
nonemployment_16plus,1.0,dws_low_0.296,1.0,1.0,off_1.0,10,AR_recent_0.0035,0.0035,0.0955,0.955
nonemployment_16plus,1.0,dws_low_0.296,1.0,1.0,off_1.0,10,AR_postwar_0.0047,0.0047,0.096,0.96
nonemployment_16plus,1.0,dws_low_0.296,1.0,1.0,off_1.0,20,off_0.0000,0.0,0.0495,0.99
nonemployment_16plus,1.0,dws_low_0.296,1.0,1.0,off_1.0,20,AR_recent_0.0035,0.0035,0.05,1.0
nonemployment_16plus,1.0,dws_low_0.296,1.0,1.0,off_1.0,20,AR_postwar_0.0047,0.0047,0.0505,1.01
nonemployment_16plus,1.0,dws_low_0.296,1.0,1.0,on_1.5,2,off_0.0000,0.0,0.15,0.3
nonemployment_16plus,1.0,dws_low_0.296,1.0,1.0,on_1.5,2,AR_recent_0.0035,0.0035,0.15,0.3
nonemployment_16plus,1.0,dws_low_0.296,1.0,1.0,on_1.5,2,AR_postwar_0.0047,0.0047,0.15,0.3
nonemployment_16plus,1.0,dws_low_0.296,1.0,1.0,on_1.5,5,off_0.0000,0.0,0.15,0.75
nonemployment_16plus,1.0,dws_low_0.296,1.0,1.0,on_1.5,5,AR_recent_0.0035,0.0035,0.15,0.75
nonemployment_16plus,1.0,dws_low_0.296,1.0,1.0,on_1.5,5,AR_postwar_0.0047,0.0047,0.15,0.75
nonemployment_16plus,1.0,dws_low_0.296,1.0,1.0,on_1.5,10,off_0.0000,0.0,0.0915,0.915
nonemployment_16plus,1.0,dws_low_0.296,1.0,1.0,on_1.5,10,AR_recent_0.0035,0.0035,0.0935,0.935
nonemployment_16plus,1.0,dws_low_0.296,1.0,1.0,on_1.5,10,AR_postwar_0.0047,0.0047,0.094,0.94
nonemployment_16plus,1.0,dws_low_0.296,1.0,1.0,on_1.5,20,off_0.0000,0.0,0.048,0.96
nonemployment_16plus,1.0,dws_low_0.296,1.0,1.0,on_1.5,20,AR_recent_0.0035,0.0035,0.0495,0.99
nonemployment_16plus,1.0,dws_low_0.296,1.0,1.0,on_1.5,20,AR_postwar_0.0047,0.0047,0.0495,0.99
nonemployment_16plus,1.0,dws_low_0.296,1.5,0.0,off_1.0,2,off_0.0000,0.0,0.15,0.3
nonemployment_16plus,1.0,dws_low_0.296,1.5,0.0,off_1.0,2,AR_recent_0.0035,0.0035,0.15,0.3
nonemployment_16plus,1.0,dws_low_0.296,1.5,0.0,off_1.0,2,AR_postwar_0.0047,0.0047,0.15,0.3
nonemployment_16plus,1.0,dws_low_0.296,1.5,0.0,off_1.0,5,off_0.0000,0.0,0.15,0.75
nonemployment_16plus,1.0,dws_low_0.296,1.5,0.0,off_1.0,5,AR_recent_0.0035,0.0035,0.15,0.75
nonemployment_16plus,1.0,dws_low_0.296,1.5,0.0,off_1.0,5,AR_postwar_0.0047,0.0047,0.15,0.75
nonemployment_16plus,1.0,dws_low_0.296,1.5,0.0,off_1.0,10,off_0.0000,0.0,0.0885,0.885
nonemployment_16plus,1.0,dws_low_0.296,1.5,0.0,off_1.0,10,AR_recent_0.0035,0.0035,0.0905,0.905
nonemployment_16plus,1.0,dws_low_0.296,1.5,0.0,off_1.0,10,AR_postwar_0.0047,0.0047,0.091,0.91
nonemployment_16plus,1.0,dws_low_0.296,1.5,0.0,off_1.0,20,off_0.0000,0.0,0.0475,0.95
nonemployment_16plus,1.0,dws_low_0.296,1.5,0.0,off_1.0,20,AR_recent_0.0035,0.0035,0.0485,0.97
nonemployment_16plus,1.0,dws_low_0.296,1.5,0.0,off_1.0,20,AR_postwar_0.0047,0.0047,0.049,0.98
nonemployment_16plus,1.0,dws_low_0.296,1.5,0.0,on_1.5,2,off_0.0000,0.0,0.15,0.3
nonemployment_16plus,1.0,dws_low_0.296,1.5,0.0,on_1.5,2,AR_recent_0.0035,0.0035,0.15,0.3
nonemployment_16plus,1.0,dws_low_0.296,1.5,0.0,on_1.5,2,AR_postwar_0.0047,0.0047,0.15,0.3
nonemployment_16plus,1.0,dws_low_0.296,1.5,0.0,on_1.5,5,off_0.0000,0.0,0.1485,0.7425
nonemployment_16plus,1.0,dws_low_0.296,1.5,0.0,on_1.5,5,AR_recent_0.0035,0.0035,0.15,0.75
nonemployment_16plus,1.0,dws_low_0.296,1.5,0.0,on_1.5,5,AR_postwar_0.0047,0.0047,0.15,0.75
nonemployment_16plus,1.0,dws_low_0.296,1.5,0.0,on_1.5,10,off_0.0000,0.0,0.087,0.87
nonemployment_16plus,1.0,dws_low_0.296,1.5,0.0,on_1.5,10,AR_recent_0.0035,0.0035,0.089,0.89
nonemployment_16plus,1.0,dws_low_0.296,1.5,0.0,on_1.5,10,AR_postwar_0.0047,0.0047,0.0895,0.895
nonemployment_16plus,1.0,dws_low_0.296,1.5,0.0,on_1.5,20,off_0.0000,0.0,0.047,0.94
nonemployment_16plus,1.0,dws_low_0.296,1.5,0.0,on_1.5,20,AR_recent_0.0035,0.0035,0.048,0.96
nonemployment_16plus,1.0,dws_low_0.296,1.5,0.0,on_1.5,20,AR_postwar_0.0047,0.0047,0.0485,0.97
nonemployment_16plus,1.0,dws_low_0.296,1.5,0.5,off_1.0,2,off_0.0000,0.0,0.15,0.3
nonemployment_16plus,1.0,dws_low_0.296,1.5,0.5,off_1.0,2,AR_recent_0.0035,0.0035,0.15,0.3
nonemployment_16plus,1.0,dws_low_0.296,1.5,0.5,off_1.0,2,AR_postwar_0.0047,0.0047,0.15,0.3
nonemployment_16plus,1.0,dws_low_0.296,1.5,0.5,off_1.0,5,off_0.0000,0.0,0.15,0.75
nonemployment_16plus,1.0,dws_low_0.296,1.5,0.5,off_1.0,5,AR_recent_0.0035,0.0035,0.15,0.75
nonemployment_16plus,1.0,dws_low_0.296,1.5,0.5,off_1.0,5,AR_postwar_0.0047,0.0047,0.15,0.75
nonemployment_16plus,1.0,dws_low_0.296,1.5,0.5,off_1.0,10,off_0.0000,0.0,0.0885,0.885
nonemployment_16plus,1.0,dws_low_0.296,1.5,0.5,off_1.0,10,AR_recent_0.0035,0.0035,0.0905,0.905
nonemployment_16plus,1.0,dws_low_0.296,1.5,0.5,off_1.0,10,AR_postwar_0.0047,0.0047,0.091,0.91
nonemployment_16plus,1.0,dws_low_0.296,1.5,0.5,off_1.0,20,off_0.0000,0.0,0.0475,0.95
nonemployment_16plus,1.0,dws_low_0.296,1.5,0.5,off_1.0,20,AR_recent_0.0035,0.0035,0.0485,0.97
nonemployment_16plus,1.0,dws_low_0.296,1.5,0.5,off_1.0,20,AR_postwar_0.0047,0.0047,0.049,0.98
nonemployment_16plus,1.0,dws_low_0.296,1.5,0.5,on_1.5,2,off_0.0000,0.0,0.15,0.3
nonemployment_16plus,1.0,dws_low_0.296,1.5,0.5,on_1.5,2,AR_recent_0.0035,0.0035,0.15,0.3
nonemployment_16plus,1.0,dws_low_0.296,1.5,0.5,on_1.5,2,AR_postwar_0.0047,0.0047,0.15,0.3
nonemployment_16plus,1.0,dws_low_0.296,1.5,0.5,on_1.5,5,off_0.0000,0.0,0.1485,0.7425
nonemployment_16plus,1.0,dws_low_0.296,1.5,0.5,on_1.5,5,AR_recent_0.0035,0.0035,0.15,0.75
nonemployment_16plus,1.0,dws_low_0.296,1.5,0.5,on_1.5,5,AR_postwar_0.0047,0.0047,0.15,0.75
nonemployment_16plus,1.0,dws_low_0.296,1.5,0.5,on_1.5,10,off_0.0000,0.0,0.087,0.87
nonemployment_16plus,1.0,dws_low_0.296,1.5,0.5,on_1.5,10,AR_recent_0.0035,0.0035,0.089,0.89
nonemployment_16plus,1.0,dws_low_0.296,1.5,0.5,on_1.5,10,AR_postwar_0.0047,0.0047,0.0895,0.895
nonemployment_16plus,1.0,dws_low_0.296,1.5,0.5,on_1.5,20,off_0.0000,0.0,0.047,0.94
nonemployment_16plus,1.0,dws_low_0.296,1.5,0.5,on_1.5,20,AR_recent_0.0035,0.0035,0.048,0.96
nonemployment_16plus,1.0,dws_low_0.296,1.5,0.5,on_1.5,20,AR_postwar_0.0047,0.0047,0.0485,0.97
nonemployment_16plus,1.0,dws_low_0.296,1.5,1.0,off_1.0,2,off_0.0000,0.0,0.15,0.3
nonemployment_16plus,1.0,dws_low_0.296,1.5,1.0,off_1.0,2,AR_recent_0.0035,0.0035,0.15,0.3
nonemployment_16plus,1.0,dws_low_0.296,1.5,1.0,off_1.0,2,AR_postwar_0.0047,0.0047,0.15,0.3
nonemployment_16plus,1.0,dws_low_0.296,1.5,1.0,off_1.0,5,off_0.0000,0.0,0.15,0.75
nonemployment_16plus,1.0,dws_low_0.296,1.5,1.0,off_1.0,5,AR_recent_0.0035,0.0035,0.15,0.75
nonemployment_16plus,1.0,dws_low_0.296,1.5,1.0,off_1.0,5,AR_postwar_0.0047,0.0047,0.15,0.75
nonemployment_16plus,1.0,dws_low_0.296,1.5,1.0,off_1.0,10,off_0.0000,0.0,0.0885,0.885
nonemployment_16plus,1.0,dws_low_0.296,1.5,1.0,off_1.0,10,AR_recent_0.0035,0.0035,0.0905,0.905
nonemployment_16plus,1.0,dws_low_0.296,1.5,1.0,off_1.0,10,AR_postwar_0.0047,0.0047,0.091,0.91
nonemployment_16plus,1.0,dws_low_0.296,1.5,1.0,off_1.0,20,off_0.0000,0.0,0.0475,0.95
nonemployment_16plus,1.0,dws_low_0.296,1.5,1.0,off_1.0,20,AR_recent_0.0035,0.0035,0.0485,0.97
nonemployment_16plus,1.0,dws_low_0.296,1.5,1.0,off_1.0,20,AR_postwar_0.0047,0.0047,0.049,0.98
nonemployment_16plus,1.0,dws_low_0.296,1.5,1.0,on_1.5,2,off_0.0000,0.0,0.15,0.3
nonemployment_16plus,1.0,dws_low_0.296,1.5,1.0,on_1.5,2,AR_recent_0.0035,0.0035,0.15,0.3
nonemployment_16plus,1.0,dws_low_0.296,1.5,1.0,on_1.5,2,AR_postwar_0.0047,0.0047,0.15,0.3
nonemployment_16plus,1.0,dws_low_0.296,1.5,1.0,on_1.5,5,off_0.0000,0.0,0.1485,0.7425
nonemployment_16plus,1.0,dws_low_0.296,1.5,1.0,on_1.5,5,AR_recent_0.0035,0.0035,0.15,0.75
nonemployment_16plus,1.0,dws_low_0.296,1.5,1.0,on_1.5,5,AR_postwar_0.0047,0.0047,0.15,0.75
nonemployment_16plus,1.0,dws_low_0.296,1.5,1.0,on_1.5,10,off_0.0000,0.0,0.087,0.87
nonemployment_16plus,1.0,dws_low_0.296,1.5,1.0,on_1.5,10,AR_recent_0.0035,0.0035,0.089,0.89
nonemployment_16plus,1.0,dws_low_0.296,1.5,1.0,on_1.5,10,AR_postwar_0.0047,0.0047,0.0895,0.895
nonemployment_16plus,1.0,dws_low_0.296,1.5,1.0,on_1.5,20,off_0.0000,0.0,0.047,0.94
nonemployment_16plus,1.0,dws_low_0.296,1.5,1.0,on_1.5,20,AR_recent_0.0035,0.0035,0.048,0.96
nonemployment_16plus,1.0,dws_low_0.296,1.5,1.0,on_1.5,20,AR_postwar_0.0047,0.0047,0.0485,0.97
nonemployment_16plus,1.0,dws_low_0.296,2.0,0.0,off_1.0,2,off_0.0000,0.0,0.15,0.3
nonemployment_16plus,1.0,dws_low_0.296,2.0,0.0,off_1.0,2,AR_recent_0.0035,0.0035,0.15,0.3
nonemployment_16plus,1.0,dws_low_0.296,2.0,0.0,off_1.0,2,AR_postwar_0.0047,0.0047,0.15,0.3
nonemployment_16plus,1.0,dws_low_0.296,2.0,0.0,off_1.0,5,off_0.0000,0.0,0.138,0.69
nonemployment_16plus,1.0,dws_low_0.296,2.0,0.0,off_1.0,5,AR_recent_0.0035,0.0035,0.1405,0.7025
nonemployment_16plus,1.0,dws_low_0.296,2.0,0.0,off_1.0,5,AR_postwar_0.0047,0.0047,0.1415,0.7075
nonemployment_16plus,1.0,dws_low_0.296,2.0,0.0,off_1.0,10,off_0.0000,0.0,0.0825,0.825
nonemployment_16plus,1.0,dws_low_0.296,2.0,0.0,off_1.0,10,AR_recent_0.0035,0.0035,0.0845,0.845
nonemployment_16plus,1.0,dws_low_0.296,2.0,0.0,off_1.0,10,AR_postwar_0.0047,0.0047,0.0855,0.855
nonemployment_16plus,1.0,dws_low_0.296,2.0,0.0,off_1.0,20,off_0.0000,0.0,0.0455,0.91
nonemployment_16plus,1.0,dws_low_0.296,2.0,0.0,off_1.0,20,AR_recent_0.0035,0.0035,0.0465,0.93
nonemployment_16plus,1.0,dws_low_0.296,2.0,0.0,off_1.0,20,AR_postwar_0.0047,0.0047,0.047,0.94
nonemployment_16plus,1.0,dws_low_0.296,2.0,0.0,on_1.5,2,off_0.0000,0.0,0.15,0.3
nonemployment_16plus,1.0,dws_low_0.296,2.0,0.0,on_1.5,2,AR_recent_0.0035,0.0035,0.15,0.3
nonemployment_16plus,1.0,dws_low_0.296,2.0,0.0,on_1.5,2,AR_postwar_0.0047,0.0047,0.15,0.3
nonemployment_16plus,1.0,dws_low_0.296,2.0,0.0,on_1.5,5,off_0.0000,0.0,0.137,0.685
nonemployment_16plus,1.0,dws_low_0.296,2.0,0.0,on_1.5,5,AR_recent_0.0035,0.0035,0.14,0.7
nonemployment_16plus,1.0,dws_low_0.296,2.0,0.0,on_1.5,5,AR_postwar_0.0047,0.0047,0.141,0.705
nonemployment_16plus,1.0,dws_low_0.296,2.0,0.0,on_1.5,10,off_0.0000,0.0,0.0815,0.815
nonemployment_16plus,1.0,dws_low_0.296,2.0,0.0,on_1.5,10,AR_recent_0.0035,0.0035,0.0835,0.835
nonemployment_16plus,1.0,dws_low_0.296,2.0,0.0,on_1.5,10,AR_postwar_0.0047,0.0047,0.0845,0.845
nonemployment_16plus,1.0,dws_low_0.296,2.0,0.0,on_1.5,20,off_0.0000,0.0,0.045,0.9
nonemployment_16plus,1.0,dws_low_0.296,2.0,0.0,on_1.5,20,AR_recent_0.0035,0.0035,0.046,0.92
nonemployment_16plus,1.0,dws_low_0.296,2.0,0.0,on_1.5,20,AR_postwar_0.0047,0.0047,0.0465,0.93
nonemployment_16plus,1.0,dws_low_0.296,2.0,0.5,off_1.0,2,off_0.0000,0.0,0.15,0.3
nonemployment_16plus,1.0,dws_low_0.296,2.0,0.5,off_1.0,2,AR_recent_0.0035,0.0035,0.15,0.3
nonemployment_16plus,1.0,dws_low_0.296,2.0,0.5,off_1.0,2,AR_postwar_0.0047,0.0047,0.15,0.3
nonemployment_16plus,1.0,dws_low_0.296,2.0,0.5,off_1.0,5,off_0.0000,0.0,0.138,0.69
nonemployment_16plus,1.0,dws_low_0.296,2.0,0.5,off_1.0,5,AR_recent_0.0035,0.0035,0.1405,0.7025
nonemployment_16plus,1.0,dws_low_0.296,2.0,0.5,off_1.0,5,AR_postwar_0.0047,0.0047,0.1415,0.7075
nonemployment_16plus,1.0,dws_low_0.296,2.0,0.5,off_1.0,10,off_0.0000,0.0,0.0825,0.825
nonemployment_16plus,1.0,dws_low_0.296,2.0,0.5,off_1.0,10,AR_recent_0.0035,0.0035,0.0845,0.845
nonemployment_16plus,1.0,dws_low_0.296,2.0,0.5,off_1.0,10,AR_postwar_0.0047,0.0047,0.0855,0.855
nonemployment_16plus,1.0,dws_low_0.296,2.0,0.5,off_1.0,20,off_0.0000,0.0,0.0455,0.91
nonemployment_16plus,1.0,dws_low_0.296,2.0,0.5,off_1.0,20,AR_recent_0.0035,0.0035,0.0465,0.93
nonemployment_16plus,1.0,dws_low_0.296,2.0,0.5,off_1.0,20,AR_postwar_0.0047,0.0047,0.047,0.94
nonemployment_16plus,1.0,dws_low_0.296,2.0,0.5,on_1.5,2,off_0.0000,0.0,0.15,0.3
nonemployment_16plus,1.0,dws_low_0.296,2.0,0.5,on_1.5,2,AR_recent_0.0035,0.0035,0.15,0.3
nonemployment_16plus,1.0,dws_low_0.296,2.0,0.5,on_1.5,2,AR_postwar_0.0047,0.0047,0.15,0.3
nonemployment_16plus,1.0,dws_low_0.296,2.0,0.5,on_1.5,5,off_0.0000,0.0,0.137,0.685
nonemployment_16plus,1.0,dws_low_0.296,2.0,0.5,on_1.5,5,AR_recent_0.0035,0.0035,0.14,0.7
nonemployment_16plus,1.0,dws_low_0.296,2.0,0.5,on_1.5,5,AR_postwar_0.0047,0.0047,0.141,0.705
nonemployment_16plus,1.0,dws_low_0.296,2.0,0.5,on_1.5,10,off_0.0000,0.0,0.0815,0.815
nonemployment_16plus,1.0,dws_low_0.296,2.0,0.5,on_1.5,10,AR_recent_0.0035,0.0035,0.0835,0.835
nonemployment_16plus,1.0,dws_low_0.296,2.0,0.5,on_1.5,10,AR_postwar_0.0047,0.0047,0.0845,0.845
nonemployment_16plus,1.0,dws_low_0.296,2.0,0.5,on_1.5,20,off_0.0000,0.0,0.045,0.9
nonemployment_16plus,1.0,dws_low_0.296,2.0,0.5,on_1.5,20,AR_recent_0.0035,0.0035,0.046,0.92
nonemployment_16plus,1.0,dws_low_0.296,2.0,0.5,on_1.5,20,AR_postwar_0.0047,0.0047,0.0465,0.93
nonemployment_16plus,1.0,dws_low_0.296,2.0,1.0,off_1.0,2,off_0.0000,0.0,0.15,0.3
nonemployment_16plus,1.0,dws_low_0.296,2.0,1.0,off_1.0,2,AR_recent_0.0035,0.0035,0.15,0.3
nonemployment_16plus,1.0,dws_low_0.296,2.0,1.0,off_1.0,2,AR_postwar_0.0047,0.0047,0.15,0.3
nonemployment_16plus,1.0,dws_low_0.296,2.0,1.0,off_1.0,5,off_0.0000,0.0,0.138,0.69
nonemployment_16plus,1.0,dws_low_0.296,2.0,1.0,off_1.0,5,AR_recent_0.0035,0.0035,0.1405,0.7025
nonemployment_16plus,1.0,dws_low_0.296,2.0,1.0,off_1.0,5,AR_postwar_0.0047,0.0047,0.1415,0.7075
nonemployment_16plus,1.0,dws_low_0.296,2.0,1.0,off_1.0,10,off_0.0000,0.0,0.0825,0.825
nonemployment_16plus,1.0,dws_low_0.296,2.0,1.0,off_1.0,10,AR_recent_0.0035,0.0035,0.0845,0.845
nonemployment_16plus,1.0,dws_low_0.296,2.0,1.0,off_1.0,10,AR_postwar_0.0047,0.0047,0.0855,0.855
nonemployment_16plus,1.0,dws_low_0.296,2.0,1.0,off_1.0,20,off_0.0000,0.0,0.0455,0.91
nonemployment_16plus,1.0,dws_low_0.296,2.0,1.0,off_1.0,20,AR_recent_0.0035,0.0035,0.0465,0.93
nonemployment_16plus,1.0,dws_low_0.296,2.0,1.0,off_1.0,20,AR_postwar_0.0047,0.0047,0.047,0.94
nonemployment_16plus,1.0,dws_low_0.296,2.0,1.0,on_1.5,2,off_0.0000,0.0,0.15,0.3
nonemployment_16plus,1.0,dws_low_0.296,2.0,1.0,on_1.5,2,AR_recent_0.0035,0.0035,0.15,0.3
nonemployment_16plus,1.0,dws_low_0.296,2.0,1.0,on_1.5,2,AR_postwar_0.0047,0.0047,0.15,0.3
nonemployment_16plus,1.0,dws_low_0.296,2.0,1.0,on_1.5,5,off_0.0000,0.0,0.137,0.685
nonemployment_16plus,1.0,dws_low_0.296,2.0,1.0,on_1.5,5,AR_recent_0.0035,0.0035,0.14,0.7
nonemployment_16plus,1.0,dws_low_0.296,2.0,1.0,on_1.5,5,AR_postwar_0.0047,0.0047,0.141,0.705
nonemployment_16plus,1.0,dws_low_0.296,2.0,1.0,on_1.5,10,off_0.0000,0.0,0.0815,0.815
nonemployment_16plus,1.0,dws_low_0.296,2.0,1.0,on_1.5,10,AR_recent_0.0035,0.0035,0.0835,0.835
nonemployment_16plus,1.0,dws_low_0.296,2.0,1.0,on_1.5,10,AR_postwar_0.0047,0.0047,0.0845,0.845
nonemployment_16plus,1.0,dws_low_0.296,2.0,1.0,on_1.5,20,off_0.0000,0.0,0.045,0.9
nonemployment_16plus,1.0,dws_low_0.296,2.0,1.0,on_1.5,20,AR_recent_0.0035,0.0035,0.046,0.92
nonemployment_16plus,1.0,dws_low_0.296,2.0,1.0,on_1.5,20,AR_postwar_0.0047,0.0047,0.0465,0.93
nonemployment_16plus,1.0,dws_high_0.643,1.0,0.0,off_1.0,2,off_0.0000,0.0,0.15,0.3
nonemployment_16plus,1.0,dws_high_0.643,1.0,0.0,off_1.0,2,AR_recent_0.0035,0.0035,0.15,0.3
nonemployment_16plus,1.0,dws_high_0.643,1.0,0.0,off_1.0,2,AR_postwar_0.0047,0.0047,0.15,0.3
nonemployment_16plus,1.0,dws_high_0.643,1.0,0.0,off_1.0,5,off_0.0000,0.0,0.15,0.75
nonemployment_16plus,1.0,dws_high_0.643,1.0,0.0,off_1.0,5,AR_recent_0.0035,0.0035,0.15,0.75
nonemployment_16plus,1.0,dws_high_0.643,1.0,0.0,off_1.0,5,AR_postwar_0.0047,0.0047,0.15,0.75
nonemployment_16plus,1.0,dws_high_0.643,1.0,0.0,off_1.0,10,off_0.0000,0.0,0.092,0.92
nonemployment_16plus,1.0,dws_high_0.643,1.0,0.0,off_1.0,10,AR_recent_0.0035,0.0035,0.094,0.94
nonemployment_16plus,1.0,dws_high_0.643,1.0,0.0,off_1.0,10,AR_postwar_0.0047,0.0047,0.0945,0.945
nonemployment_16plus,1.0,dws_high_0.643,1.0,0.0,off_1.0,20,off_0.0000,0.0,0.048,0.96
nonemployment_16plus,1.0,dws_high_0.643,1.0,0.0,off_1.0,20,AR_recent_0.0035,0.0035,0.049,0.98
nonemployment_16plus,1.0,dws_high_0.643,1.0,0.0,off_1.0,20,AR_postwar_0.0047,0.0047,0.0495,0.99
nonemployment_16plus,1.0,dws_high_0.643,1.0,0.0,on_1.5,2,off_0.0000,0.0,0.15,0.3
nonemployment_16plus,1.0,dws_high_0.643,1.0,0.0,on_1.5,2,AR_recent_0.0035,0.0035,0.15,0.3
nonemployment_16plus,1.0,dws_high_0.643,1.0,0.0,on_1.5,2,AR_postwar_0.0047,0.0047,0.15,0.3
nonemployment_16plus,1.0,dws_high_0.643,1.0,0.0,on_1.5,5,off_0.0000,0.0,0.15,0.75
nonemployment_16plus,1.0,dws_high_0.643,1.0,0.0,on_1.5,5,AR_recent_0.0035,0.0035,0.15,0.75
nonemployment_16plus,1.0,dws_high_0.643,1.0,0.0,on_1.5,5,AR_postwar_0.0047,0.0047,0.15,0.75
nonemployment_16plus,1.0,dws_high_0.643,1.0,0.0,on_1.5,10,off_0.0000,0.0,0.088,0.88
nonemployment_16plus,1.0,dws_high_0.643,1.0,0.0,on_1.5,10,AR_recent_0.0035,0.0035,0.09,0.9
nonemployment_16plus,1.0,dws_high_0.643,1.0,0.0,on_1.5,10,AR_postwar_0.0047,0.0047,0.0905,0.905
nonemployment_16plus,1.0,dws_high_0.643,1.0,0.0,on_1.5,20,off_0.0000,0.0,0.0465,0.93
nonemployment_16plus,1.0,dws_high_0.643,1.0,0.0,on_1.5,20,AR_recent_0.0035,0.0035,0.0475,0.95
nonemployment_16plus,1.0,dws_high_0.643,1.0,0.0,on_1.5,20,AR_postwar_0.0047,0.0047,0.048,0.96
nonemployment_16plus,1.0,dws_high_0.643,1.0,0.5,off_1.0,2,off_0.0000,0.0,0.15,0.3
nonemployment_16plus,1.0,dws_high_0.643,1.0,0.5,off_1.0,2,AR_recent_0.0035,0.0035,0.15,0.3
nonemployment_16plus,1.0,dws_high_0.643,1.0,0.5,off_1.0,2,AR_postwar_0.0047,0.0047,0.15,0.3
nonemployment_16plus,1.0,dws_high_0.643,1.0,0.5,off_1.0,5,off_0.0000,0.0,0.15,0.75
nonemployment_16plus,1.0,dws_high_0.643,1.0,0.5,off_1.0,5,AR_recent_0.0035,0.0035,0.15,0.75
nonemployment_16plus,1.0,dws_high_0.643,1.0,0.5,off_1.0,5,AR_postwar_0.0047,0.0047,0.15,0.75
nonemployment_16plus,1.0,dws_high_0.643,1.0,0.5,off_1.0,10,off_0.0000,0.0,0.092,0.92
nonemployment_16plus,1.0,dws_high_0.643,1.0,0.5,off_1.0,10,AR_recent_0.0035,0.0035,0.094,0.94
nonemployment_16plus,1.0,dws_high_0.643,1.0,0.5,off_1.0,10,AR_postwar_0.0047,0.0047,0.0945,0.945
nonemployment_16plus,1.0,dws_high_0.643,1.0,0.5,off_1.0,20,off_0.0000,0.0,0.048,0.96
nonemployment_16plus,1.0,dws_high_0.643,1.0,0.5,off_1.0,20,AR_recent_0.0035,0.0035,0.049,0.98
nonemployment_16plus,1.0,dws_high_0.643,1.0,0.5,off_1.0,20,AR_postwar_0.0047,0.0047,0.0495,0.99
nonemployment_16plus,1.0,dws_high_0.643,1.0,0.5,on_1.5,2,off_0.0000,0.0,0.15,0.3
nonemployment_16plus,1.0,dws_high_0.643,1.0,0.5,on_1.5,2,AR_recent_0.0035,0.0035,0.15,0.3
nonemployment_16plus,1.0,dws_high_0.643,1.0,0.5,on_1.5,2,AR_postwar_0.0047,0.0047,0.15,0.3
nonemployment_16plus,1.0,dws_high_0.643,1.0,0.5,on_1.5,5,off_0.0000,0.0,0.15,0.75
nonemployment_16plus,1.0,dws_high_0.643,1.0,0.5,on_1.5,5,AR_recent_0.0035,0.0035,0.15,0.75
nonemployment_16plus,1.0,dws_high_0.643,1.0,0.5,on_1.5,5,AR_postwar_0.0047,0.0047,0.15,0.75
nonemployment_16plus,1.0,dws_high_0.643,1.0,0.5,on_1.5,10,off_0.0000,0.0,0.088,0.88
nonemployment_16plus,1.0,dws_high_0.643,1.0,0.5,on_1.5,10,AR_recent_0.0035,0.0035,0.09,0.9
nonemployment_16plus,1.0,dws_high_0.643,1.0,0.5,on_1.5,10,AR_postwar_0.0047,0.0047,0.0905,0.905
nonemployment_16plus,1.0,dws_high_0.643,1.0,0.5,on_1.5,20,off_0.0000,0.0,0.0465,0.93
nonemployment_16plus,1.0,dws_high_0.643,1.0,0.5,on_1.5,20,AR_recent_0.0035,0.0035,0.0475,0.95
nonemployment_16plus,1.0,dws_high_0.643,1.0,0.5,on_1.5,20,AR_postwar_0.0047,0.0047,0.048,0.96
nonemployment_16plus,1.0,dws_high_0.643,1.0,1.0,off_1.0,2,off_0.0000,0.0,0.15,0.3
nonemployment_16plus,1.0,dws_high_0.643,1.0,1.0,off_1.0,2,AR_recent_0.0035,0.0035,0.15,0.3
nonemployment_16plus,1.0,dws_high_0.643,1.0,1.0,off_1.0,2,AR_postwar_0.0047,0.0047,0.15,0.3
nonemployment_16plus,1.0,dws_high_0.643,1.0,1.0,off_1.0,5,off_0.0000,0.0,0.15,0.75
nonemployment_16plus,1.0,dws_high_0.643,1.0,1.0,off_1.0,5,AR_recent_0.0035,0.0035,0.15,0.75
nonemployment_16plus,1.0,dws_high_0.643,1.0,1.0,off_1.0,5,AR_postwar_0.0047,0.0047,0.15,0.75
nonemployment_16plus,1.0,dws_high_0.643,1.0,1.0,off_1.0,10,off_0.0000,0.0,0.092,0.92
nonemployment_16plus,1.0,dws_high_0.643,1.0,1.0,off_1.0,10,AR_recent_0.0035,0.0035,0.094,0.94
nonemployment_16plus,1.0,dws_high_0.643,1.0,1.0,off_1.0,10,AR_postwar_0.0047,0.0047,0.0945,0.945
nonemployment_16plus,1.0,dws_high_0.643,1.0,1.0,off_1.0,20,off_0.0000,0.0,0.048,0.96
nonemployment_16plus,1.0,dws_high_0.643,1.0,1.0,off_1.0,20,AR_recent_0.0035,0.0035,0.049,0.98
nonemployment_16plus,1.0,dws_high_0.643,1.0,1.0,off_1.0,20,AR_postwar_0.0047,0.0047,0.0495,0.99
nonemployment_16plus,1.0,dws_high_0.643,1.0,1.0,on_1.5,2,off_0.0000,0.0,0.15,0.3
nonemployment_16plus,1.0,dws_high_0.643,1.0,1.0,on_1.5,2,AR_recent_0.0035,0.0035,0.15,0.3
nonemployment_16plus,1.0,dws_high_0.643,1.0,1.0,on_1.5,2,AR_postwar_0.0047,0.0047,0.15,0.3
nonemployment_16plus,1.0,dws_high_0.643,1.0,1.0,on_1.5,5,off_0.0000,0.0,0.15,0.75
nonemployment_16plus,1.0,dws_high_0.643,1.0,1.0,on_1.5,5,AR_recent_0.0035,0.0035,0.15,0.75
nonemployment_16plus,1.0,dws_high_0.643,1.0,1.0,on_1.5,5,AR_postwar_0.0047,0.0047,0.15,0.75
nonemployment_16plus,1.0,dws_high_0.643,1.0,1.0,on_1.5,10,off_0.0000,0.0,0.088,0.88
nonemployment_16plus,1.0,dws_high_0.643,1.0,1.0,on_1.5,10,AR_recent_0.0035,0.0035,0.09,0.9
nonemployment_16plus,1.0,dws_high_0.643,1.0,1.0,on_1.5,10,AR_postwar_0.0047,0.0047,0.0905,0.905
nonemployment_16plus,1.0,dws_high_0.643,1.0,1.0,on_1.5,20,off_0.0000,0.0,0.0465,0.93
nonemployment_16plus,1.0,dws_high_0.643,1.0,1.0,on_1.5,20,AR_recent_0.0035,0.0035,0.0475,0.95
nonemployment_16plus,1.0,dws_high_0.643,1.0,1.0,on_1.5,20,AR_postwar_0.0047,0.0047,0.048,0.96
nonemployment_16plus,1.0,dws_high_0.643,1.5,0.0,off_1.0,2,off_0.0000,0.0,0.15,0.3
nonemployment_16plus,1.0,dws_high_0.643,1.5,0.0,off_1.0,2,AR_recent_0.0035,0.0035,0.15,0.3
nonemployment_16plus,1.0,dws_high_0.643,1.5,0.0,off_1.0,2,AR_postwar_0.0047,0.0047,0.15,0.3
nonemployment_16plus,1.0,dws_high_0.643,1.5,0.0,off_1.0,5,off_0.0000,0.0,0.15,0.75
nonemployment_16plus,1.0,dws_high_0.643,1.5,0.0,off_1.0,5,AR_recent_0.0035,0.0035,0.15,0.75
nonemployment_16plus,1.0,dws_high_0.643,1.5,0.0,off_1.0,5,AR_postwar_0.0047,0.0047,0.15,0.75
nonemployment_16plus,1.0,dws_high_0.643,1.5,0.0,off_1.0,10,off_0.0000,0.0,0.09,0.9
nonemployment_16plus,1.0,dws_high_0.643,1.5,0.0,off_1.0,10,AR_recent_0.0035,0.0035,0.092,0.92
nonemployment_16plus,1.0,dws_high_0.643,1.5,0.0,off_1.0,10,AR_postwar_0.0047,0.0047,0.0925,0.925
nonemployment_16plus,1.0,dws_high_0.643,1.5,0.0,off_1.0,20,off_0.0000,0.0,0.0475,0.95
nonemployment_16plus,1.0,dws_high_0.643,1.5,0.0,off_1.0,20,AR_recent_0.0035,0.0035,0.049,0.98
nonemployment_16plus,1.0,dws_high_0.643,1.5,0.0,off_1.0,20,AR_postwar_0.0047,0.0047,0.049,0.98
nonemployment_16plus,1.0,dws_high_0.643,1.5,0.0,on_1.5,2,off_0.0000,0.0,0.15,0.3
nonemployment_16plus,1.0,dws_high_0.643,1.5,0.0,on_1.5,2,AR_recent_0.0035,0.0035,0.15,0.3
nonemployment_16plus,1.0,dws_high_0.643,1.5,0.0,on_1.5,2,AR_postwar_0.0047,0.0047,0.15,0.3
nonemployment_16plus,1.0,dws_high_0.643,1.5,0.0,on_1.5,5,off_0.0000,0.0,0.15,0.75
nonemployment_16plus,1.0,dws_high_0.643,1.5,0.0,on_1.5,5,AR_recent_0.0035,0.0035,0.15,0.75
nonemployment_16plus,1.0,dws_high_0.643,1.5,0.0,on_1.5,5,AR_postwar_0.0047,0.0047,0.15,0.75
nonemployment_16plus,1.0,dws_high_0.643,1.5,0.0,on_1.5,10,off_0.0000,0.0,0.087,0.87
nonemployment_16plus,1.0,dws_high_0.643,1.5,0.0,on_1.5,10,AR_recent_0.0035,0.0035,0.089,0.89
nonemployment_16plus,1.0,dws_high_0.643,1.5,0.0,on_1.5,10,AR_postwar_0.0047,0.0047,0.0895,0.895
nonemployment_16plus,1.0,dws_high_0.643,1.5,0.0,on_1.5,20,off_0.0000,0.0,0.0465,0.93
nonemployment_16plus,1.0,dws_high_0.643,1.5,0.0,on_1.5,20,AR_recent_0.0035,0.0035,0.0475,0.95
nonemployment_16plus,1.0,dws_high_0.643,1.5,0.0,on_1.5,20,AR_postwar_0.0047,0.0047,0.048,0.96
nonemployment_16plus,1.0,dws_high_0.643,1.5,0.5,off_1.0,2,off_0.0000,0.0,0.15,0.3
nonemployment_16plus,1.0,dws_high_0.643,1.5,0.5,off_1.0,2,AR_recent_0.0035,0.0035,0.15,0.3
nonemployment_16plus,1.0,dws_high_0.643,1.5,0.5,off_1.0,2,AR_postwar_0.0047,0.0047,0.15,0.3
nonemployment_16plus,1.0,dws_high_0.643,1.5,0.5,off_1.0,5,off_0.0000,0.0,0.15,0.75
nonemployment_16plus,1.0,dws_high_0.643,1.5,0.5,off_1.0,5,AR_recent_0.0035,0.0035,0.15,0.75
nonemployment_16plus,1.0,dws_high_0.643,1.5,0.5,off_1.0,5,AR_postwar_0.0047,0.0047,0.15,0.75
nonemployment_16plus,1.0,dws_high_0.643,1.5,0.5,off_1.0,10,off_0.0000,0.0,0.09,0.9
nonemployment_16plus,1.0,dws_high_0.643,1.5,0.5,off_1.0,10,AR_recent_0.0035,0.0035,0.092,0.92
nonemployment_16plus,1.0,dws_high_0.643,1.5,0.5,off_1.0,10,AR_postwar_0.0047,0.0047,0.0925,0.925
nonemployment_16plus,1.0,dws_high_0.643,1.5,0.5,off_1.0,20,off_0.0000,0.0,0.0475,0.95
nonemployment_16plus,1.0,dws_high_0.643,1.5,0.5,off_1.0,20,AR_recent_0.0035,0.0035,0.049,0.98
nonemployment_16plus,1.0,dws_high_0.643,1.5,0.5,off_1.0,20,AR_postwar_0.0047,0.0047,0.049,0.98
nonemployment_16plus,1.0,dws_high_0.643,1.5,0.5,on_1.5,2,off_0.0000,0.0,0.15,0.3
nonemployment_16plus,1.0,dws_high_0.643,1.5,0.5,on_1.5,2,AR_recent_0.0035,0.0035,0.15,0.3
nonemployment_16plus,1.0,dws_high_0.643,1.5,0.5,on_1.5,2,AR_postwar_0.0047,0.0047,0.15,0.3
nonemployment_16plus,1.0,dws_high_0.643,1.5,0.5,on_1.5,5,off_0.0000,0.0,0.15,0.75
nonemployment_16plus,1.0,dws_high_0.643,1.5,0.5,on_1.5,5,AR_recent_0.0035,0.0035,0.15,0.75
nonemployment_16plus,1.0,dws_high_0.643,1.5,0.5,on_1.5,5,AR_postwar_0.0047,0.0047,0.15,0.75
nonemployment_16plus,1.0,dws_high_0.643,1.5,0.5,on_1.5,10,off_0.0000,0.0,0.087,0.87
nonemployment_16plus,1.0,dws_high_0.643,1.5,0.5,on_1.5,10,AR_recent_0.0035,0.0035,0.089,0.89
nonemployment_16plus,1.0,dws_high_0.643,1.5,0.5,on_1.5,10,AR_postwar_0.0047,0.0047,0.0895,0.895
nonemployment_16plus,1.0,dws_high_0.643,1.5,0.5,on_1.5,20,off_0.0000,0.0,0.0465,0.93
nonemployment_16plus,1.0,dws_high_0.643,1.5,0.5,on_1.5,20,AR_recent_0.0035,0.0035,0.0475,0.95
nonemployment_16plus,1.0,dws_high_0.643,1.5,0.5,on_1.5,20,AR_postwar_0.0047,0.0047,0.048,0.96
nonemployment_16plus,1.0,dws_high_0.643,1.5,1.0,off_1.0,2,off_0.0000,0.0,0.15,0.3
nonemployment_16plus,1.0,dws_high_0.643,1.5,1.0,off_1.0,2,AR_recent_0.0035,0.0035,0.15,0.3
nonemployment_16plus,1.0,dws_high_0.643,1.5,1.0,off_1.0,2,AR_postwar_0.0047,0.0047,0.15,0.3
nonemployment_16plus,1.0,dws_high_0.643,1.5,1.0,off_1.0,5,off_0.0000,0.0,0.15,0.75
nonemployment_16plus,1.0,dws_high_0.643,1.5,1.0,off_1.0,5,AR_recent_0.0035,0.0035,0.15,0.75
nonemployment_16plus,1.0,dws_high_0.643,1.5,1.0,off_1.0,5,AR_postwar_0.0047,0.0047,0.15,0.75
nonemployment_16plus,1.0,dws_high_0.643,1.5,1.0,off_1.0,10,off_0.0000,0.0,0.09,0.9
nonemployment_16plus,1.0,dws_high_0.643,1.5,1.0,off_1.0,10,AR_recent_0.0035,0.0035,0.092,0.92
nonemployment_16plus,1.0,dws_high_0.643,1.5,1.0,off_1.0,10,AR_postwar_0.0047,0.0047,0.0925,0.925
nonemployment_16plus,1.0,dws_high_0.643,1.5,1.0,off_1.0,20,off_0.0000,0.0,0.0475,0.95
nonemployment_16plus,1.0,dws_high_0.643,1.5,1.0,off_1.0,20,AR_recent_0.0035,0.0035,0.049,0.98
nonemployment_16plus,1.0,dws_high_0.643,1.5,1.0,off_1.0,20,AR_postwar_0.0047,0.0047,0.049,0.98
nonemployment_16plus,1.0,dws_high_0.643,1.5,1.0,on_1.5,2,off_0.0000,0.0,0.15,0.3
nonemployment_16plus,1.0,dws_high_0.643,1.5,1.0,on_1.5,2,AR_recent_0.0035,0.0035,0.15,0.3
nonemployment_16plus,1.0,dws_high_0.643,1.5,1.0,on_1.5,2,AR_postwar_0.0047,0.0047,0.15,0.3
nonemployment_16plus,1.0,dws_high_0.643,1.5,1.0,on_1.5,5,off_0.0000,0.0,0.15,0.75
nonemployment_16plus,1.0,dws_high_0.643,1.5,1.0,on_1.5,5,AR_recent_0.0035,0.0035,0.15,0.75
nonemployment_16plus,1.0,dws_high_0.643,1.5,1.0,on_1.5,5,AR_postwar_0.0047,0.0047,0.15,0.75
nonemployment_16plus,1.0,dws_high_0.643,1.5,1.0,on_1.5,10,off_0.0000,0.0,0.087,0.87
nonemployment_16plus,1.0,dws_high_0.643,1.5,1.0,on_1.5,10,AR_recent_0.0035,0.0035,0.089,0.89
nonemployment_16plus,1.0,dws_high_0.643,1.5,1.0,on_1.5,10,AR_postwar_0.0047,0.0047,0.0895,0.895
nonemployment_16plus,1.0,dws_high_0.643,1.5,1.0,on_1.5,20,off_0.0000,0.0,0.0465,0.93
nonemployment_16plus,1.0,dws_high_0.643,1.5,1.0,on_1.5,20,AR_recent_0.0035,0.0035,0.0475,0.95
nonemployment_16plus,1.0,dws_high_0.643,1.5,1.0,on_1.5,20,AR_postwar_0.0047,0.0047,0.048,0.96
nonemployment_16plus,1.0,dws_high_0.643,2.0,0.0,off_1.0,2,off_0.0000,0.0,0.15,0.3
nonemployment_16plus,1.0,dws_high_0.643,2.0,0.0,off_1.0,2,AR_recent_0.0035,0.0035,0.15,0.3
nonemployment_16plus,1.0,dws_high_0.643,2.0,0.0,off_1.0,2,AR_postwar_0.0047,0.0047,0.15,0.3
nonemployment_16plus,1.0,dws_high_0.643,2.0,0.0,off_1.0,5,off_0.0000,0.0,0.149,0.745
nonemployment_16plus,1.0,dws_high_0.643,2.0,0.0,off_1.0,5,AR_recent_0.0035,0.0035,0.15,0.75
nonemployment_16plus,1.0,dws_high_0.643,2.0,0.0,off_1.0,5,AR_postwar_0.0047,0.0047,0.15,0.75
nonemployment_16plus,1.0,dws_high_0.643,2.0,0.0,off_1.0,10,off_0.0000,0.0,0.0865,0.865
nonemployment_16plus,1.0,dws_high_0.643,2.0,0.0,off_1.0,10,AR_recent_0.0035,0.0035,0.0885,0.885
nonemployment_16plus,1.0,dws_high_0.643,2.0,0.0,off_1.0,10,AR_postwar_0.0047,0.0047,0.089,0.89
nonemployment_16plus,1.0,dws_high_0.643,2.0,0.0,off_1.0,20,off_0.0000,0.0,0.0465,0.93
nonemployment_16plus,1.0,dws_high_0.643,2.0,0.0,off_1.0,20,AR_recent_0.0035,0.0035,0.0475,0.95
nonemployment_16plus,1.0,dws_high_0.643,2.0,0.0,off_1.0,20,AR_postwar_0.0047,0.0047,0.048,0.96
nonemployment_16plus,1.0,dws_high_0.643,2.0,0.0,on_1.5,2,off_0.0000,0.0,0.15,0.3
nonemployment_16plus,1.0,dws_high_0.643,2.0,0.0,on_1.5,2,AR_recent_0.0035,0.0035,0.15,0.3
nonemployment_16plus,1.0,dws_high_0.643,2.0,0.0,on_1.5,2,AR_postwar_0.0047,0.0047,0.15,0.3
nonemployment_16plus,1.0,dws_high_0.643,2.0,0.0,on_1.5,5,off_0.0000,0.0,0.1465,0.7325
nonemployment_16plus,1.0,dws_high_0.643,2.0,0.0,on_1.5,5,AR_recent_0.0035,0.0035,0.149,0.745
nonemployment_16plus,1.0,dws_high_0.643,2.0,0.0,on_1.5,5,AR_postwar_0.0047,0.0047,0.15,0.75
nonemployment_16plus,1.0,dws_high_0.643,2.0,0.0,on_1.5,10,off_0.0000,0.0,0.084,0.84
nonemployment_16plus,1.0,dws_high_0.643,2.0,0.0,on_1.5,10,AR_recent_0.0035,0.0035,0.086,0.86
nonemployment_16plus,1.0,dws_high_0.643,2.0,0.0,on_1.5,10,AR_postwar_0.0047,0.0047,0.087,0.87
nonemployment_16plus,1.0,dws_high_0.643,2.0,0.0,on_1.5,20,off_0.0000,0.0,0.0455,0.91
nonemployment_16plus,1.0,dws_high_0.643,2.0,0.0,on_1.5,20,AR_recent_0.0035,0.0035,0.0465,0.93
nonemployment_16plus,1.0,dws_high_0.643,2.0,0.0,on_1.5,20,AR_postwar_0.0047,0.0047,0.047,0.94
nonemployment_16plus,1.0,dws_high_0.643,2.0,0.5,off_1.0,2,off_0.0000,0.0,0.15,0.3
nonemployment_16plus,1.0,dws_high_0.643,2.0,0.5,off_1.0,2,AR_recent_0.0035,0.0035,0.15,0.3
nonemployment_16plus,1.0,dws_high_0.643,2.0,0.5,off_1.0,2,AR_postwar_0.0047,0.0047,0.15,0.3
nonemployment_16plus,1.0,dws_high_0.643,2.0,0.5,off_1.0,5,off_0.0000,0.0,0.149,0.745
nonemployment_16plus,1.0,dws_high_0.643,2.0,0.5,off_1.0,5,AR_recent_0.0035,0.0035,0.15,0.75
nonemployment_16plus,1.0,dws_high_0.643,2.0,0.5,off_1.0,5,AR_postwar_0.0047,0.0047,0.15,0.75
nonemployment_16plus,1.0,dws_high_0.643,2.0,0.5,off_1.0,10,off_0.0000,0.0,0.0865,0.865
nonemployment_16plus,1.0,dws_high_0.643,2.0,0.5,off_1.0,10,AR_recent_0.0035,0.0035,0.0885,0.885
nonemployment_16plus,1.0,dws_high_0.643,2.0,0.5,off_1.0,10,AR_postwar_0.0047,0.0047,0.089,0.89
nonemployment_16plus,1.0,dws_high_0.643,2.0,0.5,off_1.0,20,off_0.0000,0.0,0.0465,0.93
nonemployment_16plus,1.0,dws_high_0.643,2.0,0.5,off_1.0,20,AR_recent_0.0035,0.0035,0.0475,0.95
nonemployment_16plus,1.0,dws_high_0.643,2.0,0.5,off_1.0,20,AR_postwar_0.0047,0.0047,0.048,0.96
nonemployment_16plus,1.0,dws_high_0.643,2.0,0.5,on_1.5,2,off_0.0000,0.0,0.15,0.3
nonemployment_16plus,1.0,dws_high_0.643,2.0,0.5,on_1.5,2,AR_recent_0.0035,0.0035,0.15,0.3
nonemployment_16plus,1.0,dws_high_0.643,2.0,0.5,on_1.5,2,AR_postwar_0.0047,0.0047,0.15,0.3
nonemployment_16plus,1.0,dws_high_0.643,2.0,0.5,on_1.5,5,off_0.0000,0.0,0.1465,0.7325
nonemployment_16plus,1.0,dws_high_0.643,2.0,0.5,on_1.5,5,AR_recent_0.0035,0.0035,0.149,0.745
nonemployment_16plus,1.0,dws_high_0.643,2.0,0.5,on_1.5,5,AR_postwar_0.0047,0.0047,0.15,0.75
nonemployment_16plus,1.0,dws_high_0.643,2.0,0.5,on_1.5,10,off_0.0000,0.0,0.084,0.84
nonemployment_16plus,1.0,dws_high_0.643,2.0,0.5,on_1.5,10,AR_recent_0.0035,0.0035,0.086,0.86
nonemployment_16plus,1.0,dws_high_0.643,2.0,0.5,on_1.5,10,AR_postwar_0.0047,0.0047,0.087,0.87
nonemployment_16plus,1.0,dws_high_0.643,2.0,0.5,on_1.5,20,off_0.0000,0.0,0.0455,0.91
nonemployment_16plus,1.0,dws_high_0.643,2.0,0.5,on_1.5,20,AR_recent_0.0035,0.0035,0.0465,0.93
nonemployment_16plus,1.0,dws_high_0.643,2.0,0.5,on_1.5,20,AR_postwar_0.0047,0.0047,0.047,0.94
nonemployment_16plus,1.0,dws_high_0.643,2.0,1.0,off_1.0,2,off_0.0000,0.0,0.15,0.3
nonemployment_16plus,1.0,dws_high_0.643,2.0,1.0,off_1.0,2,AR_recent_0.0035,0.0035,0.15,0.3
nonemployment_16plus,1.0,dws_high_0.643,2.0,1.0,off_1.0,2,AR_postwar_0.0047,0.0047,0.15,0.3
nonemployment_16plus,1.0,dws_high_0.643,2.0,1.0,off_1.0,5,off_0.0000,0.0,0.149,0.745
nonemployment_16plus,1.0,dws_high_0.643,2.0,1.0,off_1.0,5,AR_recent_0.0035,0.0035,0.15,0.75
nonemployment_16plus,1.0,dws_high_0.643,2.0,1.0,off_1.0,5,AR_postwar_0.0047,0.0047,0.15,0.75
nonemployment_16plus,1.0,dws_high_0.643,2.0,1.0,off_1.0,10,off_0.0000,0.0,0.0865,0.865
nonemployment_16plus,1.0,dws_high_0.643,2.0,1.0,off_1.0,10,AR_recent_0.0035,0.0035,0.0885,0.885
nonemployment_16plus,1.0,dws_high_0.643,2.0,1.0,off_1.0,10,AR_postwar_0.0047,0.0047,0.089,0.89
nonemployment_16plus,1.0,dws_high_0.643,2.0,1.0,off_1.0,20,off_0.0000,0.0,0.0465,0.93
nonemployment_16plus,1.0,dws_high_0.643,2.0,1.0,off_1.0,20,AR_recent_0.0035,0.0035,0.0475,0.95
nonemployment_16plus,1.0,dws_high_0.643,2.0,1.0,off_1.0,20,AR_postwar_0.0047,0.0047,0.048,0.96
nonemployment_16plus,1.0,dws_high_0.643,2.0,1.0,on_1.5,2,off_0.0000,0.0,0.15,0.3
nonemployment_16plus,1.0,dws_high_0.643,2.0,1.0,on_1.5,2,AR_recent_0.0035,0.0035,0.15,0.3
nonemployment_16plus,1.0,dws_high_0.643,2.0,1.0,on_1.5,2,AR_postwar_0.0047,0.0047,0.15,0.3
nonemployment_16plus,1.0,dws_high_0.643,2.0,1.0,on_1.5,5,off_0.0000,0.0,0.1465,0.7325
nonemployment_16plus,1.0,dws_high_0.643,2.0,1.0,on_1.5,5,AR_recent_0.0035,0.0035,0.149,0.745
nonemployment_16plus,1.0,dws_high_0.643,2.0,1.0,on_1.5,5,AR_postwar_0.0047,0.0047,0.15,0.75
nonemployment_16plus,1.0,dws_high_0.643,2.0,1.0,on_1.5,10,off_0.0000,0.0,0.084,0.84
nonemployment_16plus,1.0,dws_high_0.643,2.0,1.0,on_1.5,10,AR_recent_0.0035,0.0035,0.086,0.86
nonemployment_16plus,1.0,dws_high_0.643,2.0,1.0,on_1.5,10,AR_postwar_0.0047,0.0047,0.087,0.87
nonemployment_16plus,1.0,dws_high_0.643,2.0,1.0,on_1.5,20,off_0.0000,0.0,0.0455,0.91
nonemployment_16plus,1.0,dws_high_0.643,2.0,1.0,on_1.5,20,AR_recent_0.0035,0.0035,0.0465,0.93
nonemployment_16plus,1.0,dws_high_0.643,2.0,1.0,on_1.5,20,AR_postwar_0.0047,0.0047,0.047,0.94
nonemployment_16plus,1.0,AR_long_run_0.75,1.0,0.0,off_1.0,2,off_0.0000,0.0,0.15,0.3
nonemployment_16plus,1.0,AR_long_run_0.75,1.0,0.0,off_1.0,2,AR_recent_0.0035,0.0035,0.15,0.3
nonemployment_16plus,1.0,AR_long_run_0.75,1.0,0.0,off_1.0,2,AR_postwar_0.0047,0.0047,0.15,0.3
nonemployment_16plus,1.0,AR_long_run_0.75,1.0,0.0,off_1.0,5,off_0.0000,0.0,0.15,0.75
nonemployment_16plus,1.0,AR_long_run_0.75,1.0,0.0,off_1.0,5,AR_recent_0.0035,0.0035,0.15,0.75
nonemployment_16plus,1.0,AR_long_run_0.75,1.0,0.0,off_1.0,5,AR_postwar_0.0047,0.0047,0.15,0.75
nonemployment_16plus,1.0,AR_long_run_0.75,1.0,0.0,off_1.0,10,off_0.0000,0.0,0.0915,0.915
nonemployment_16plus,1.0,AR_long_run_0.75,1.0,0.0,off_1.0,10,AR_recent_0.0035,0.0035,0.0935,0.935
nonemployment_16plus,1.0,AR_long_run_0.75,1.0,0.0,off_1.0,10,AR_postwar_0.0047,0.0047,0.094,0.94
nonemployment_16plus,1.0,AR_long_run_0.75,1.0,0.0,off_1.0,20,off_0.0000,0.0,0.048,0.96
nonemployment_16plus,1.0,AR_long_run_0.75,1.0,0.0,off_1.0,20,AR_recent_0.0035,0.0035,0.049,0.98
nonemployment_16plus,1.0,AR_long_run_0.75,1.0,0.0,off_1.0,20,AR_postwar_0.0047,0.0047,0.0495,0.99
nonemployment_16plus,1.0,AR_long_run_0.75,1.0,0.0,on_1.5,2,off_0.0000,0.0,0.15,0.3
nonemployment_16plus,1.0,AR_long_run_0.75,1.0,0.0,on_1.5,2,AR_recent_0.0035,0.0035,0.15,0.3
nonemployment_16plus,1.0,AR_long_run_0.75,1.0,0.0,on_1.5,2,AR_postwar_0.0047,0.0047,0.15,0.3
nonemployment_16plus,1.0,AR_long_run_0.75,1.0,0.0,on_1.5,5,off_0.0000,0.0,0.15,0.75
nonemployment_16plus,1.0,AR_long_run_0.75,1.0,0.0,on_1.5,5,AR_recent_0.0035,0.0035,0.15,0.75
nonemployment_16plus,1.0,AR_long_run_0.75,1.0,0.0,on_1.5,5,AR_postwar_0.0047,0.0047,0.15,0.75
nonemployment_16plus,1.0,AR_long_run_0.75,1.0,0.0,on_1.5,10,off_0.0000,0.0,0.087,0.87
nonemployment_16plus,1.0,AR_long_run_0.75,1.0,0.0,on_1.5,10,AR_recent_0.0035,0.0035,0.089,0.89
nonemployment_16plus,1.0,AR_long_run_0.75,1.0,0.0,on_1.5,10,AR_postwar_0.0047,0.0047,0.09,0.9
nonemployment_16plus,1.0,AR_long_run_0.75,1.0,0.0,on_1.5,20,off_0.0000,0.0,0.046,0.92
nonemployment_16plus,1.0,AR_long_run_0.75,1.0,0.0,on_1.5,20,AR_recent_0.0035,0.0035,0.047,0.94
nonemployment_16plus,1.0,AR_long_run_0.75,1.0,0.0,on_1.5,20,AR_postwar_0.0047,0.0047,0.0475,0.95
nonemployment_16plus,1.0,AR_long_run_0.75,1.0,0.5,off_1.0,2,off_0.0000,0.0,0.15,0.3
nonemployment_16plus,1.0,AR_long_run_0.75,1.0,0.5,off_1.0,2,AR_recent_0.0035,0.0035,0.15,0.3
nonemployment_16plus,1.0,AR_long_run_0.75,1.0,0.5,off_1.0,2,AR_postwar_0.0047,0.0047,0.15,0.3
nonemployment_16plus,1.0,AR_long_run_0.75,1.0,0.5,off_1.0,5,off_0.0000,0.0,0.15,0.75
nonemployment_16plus,1.0,AR_long_run_0.75,1.0,0.5,off_1.0,5,AR_recent_0.0035,0.0035,0.15,0.75
nonemployment_16plus,1.0,AR_long_run_0.75,1.0,0.5,off_1.0,5,AR_postwar_0.0047,0.0047,0.15,0.75
nonemployment_16plus,1.0,AR_long_run_0.75,1.0,0.5,off_1.0,10,off_0.0000,0.0,0.0915,0.915
nonemployment_16plus,1.0,AR_long_run_0.75,1.0,0.5,off_1.0,10,AR_recent_0.0035,0.0035,0.0935,0.935
nonemployment_16plus,1.0,AR_long_run_0.75,1.0,0.5,off_1.0,10,AR_postwar_0.0047,0.0047,0.094,0.94
nonemployment_16plus,1.0,AR_long_run_0.75,1.0,0.5,off_1.0,20,off_0.0000,0.0,0.048,0.96
nonemployment_16plus,1.0,AR_long_run_0.75,1.0,0.5,off_1.0,20,AR_recent_0.0035,0.0035,0.049,0.98
nonemployment_16plus,1.0,AR_long_run_0.75,1.0,0.5,off_1.0,20,AR_postwar_0.0047,0.0047,0.0495,0.99
nonemployment_16plus,1.0,AR_long_run_0.75,1.0,0.5,on_1.5,2,off_0.0000,0.0,0.15,0.3
nonemployment_16plus,1.0,AR_long_run_0.75,1.0,0.5,on_1.5,2,AR_recent_0.0035,0.0035,0.15,0.3
nonemployment_16plus,1.0,AR_long_run_0.75,1.0,0.5,on_1.5,2,AR_postwar_0.0047,0.0047,0.15,0.3
nonemployment_16plus,1.0,AR_long_run_0.75,1.0,0.5,on_1.5,5,off_0.0000,0.0,0.15,0.75
nonemployment_16plus,1.0,AR_long_run_0.75,1.0,0.5,on_1.5,5,AR_recent_0.0035,0.0035,0.15,0.75
nonemployment_16plus,1.0,AR_long_run_0.75,1.0,0.5,on_1.5,5,AR_postwar_0.0047,0.0047,0.15,0.75
nonemployment_16plus,1.0,AR_long_run_0.75,1.0,0.5,on_1.5,10,off_0.0000,0.0,0.087,0.87
nonemployment_16plus,1.0,AR_long_run_0.75,1.0,0.5,on_1.5,10,AR_recent_0.0035,0.0035,0.089,0.89
nonemployment_16plus,1.0,AR_long_run_0.75,1.0,0.5,on_1.5,10,AR_postwar_0.0047,0.0047,0.09,0.9
nonemployment_16plus,1.0,AR_long_run_0.75,1.0,0.5,on_1.5,20,off_0.0000,0.0,0.046,0.92
nonemployment_16plus,1.0,AR_long_run_0.75,1.0,0.5,on_1.5,20,AR_recent_0.0035,0.0035,0.047,0.94
nonemployment_16plus,1.0,AR_long_run_0.75,1.0,0.5,on_1.5,20,AR_postwar_0.0047,0.0047,0.0475,0.95
nonemployment_16plus,1.0,AR_long_run_0.75,1.0,1.0,off_1.0,2,off_0.0000,0.0,0.15,0.3
nonemployment_16plus,1.0,AR_long_run_0.75,1.0,1.0,off_1.0,2,AR_recent_0.0035,0.0035,0.15,0.3
nonemployment_16plus,1.0,AR_long_run_0.75,1.0,1.0,off_1.0,2,AR_postwar_0.0047,0.0047,0.15,0.3
nonemployment_16plus,1.0,AR_long_run_0.75,1.0,1.0,off_1.0,5,off_0.0000,0.0,0.15,0.75
nonemployment_16plus,1.0,AR_long_run_0.75,1.0,1.0,off_1.0,5,AR_recent_0.0035,0.0035,0.15,0.75
nonemployment_16plus,1.0,AR_long_run_0.75,1.0,1.0,off_1.0,5,AR_postwar_0.0047,0.0047,0.15,0.75
nonemployment_16plus,1.0,AR_long_run_0.75,1.0,1.0,off_1.0,10,off_0.0000,0.0,0.0915,0.915
nonemployment_16plus,1.0,AR_long_run_0.75,1.0,1.0,off_1.0,10,AR_recent_0.0035,0.0035,0.0935,0.935
nonemployment_16plus,1.0,AR_long_run_0.75,1.0,1.0,off_1.0,10,AR_postwar_0.0047,0.0047,0.094,0.94
nonemployment_16plus,1.0,AR_long_run_0.75,1.0,1.0,off_1.0,20,off_0.0000,0.0,0.048,0.96
nonemployment_16plus,1.0,AR_long_run_0.75,1.0,1.0,off_1.0,20,AR_recent_0.0035,0.0035,0.049,0.98
nonemployment_16plus,1.0,AR_long_run_0.75,1.0,1.0,off_1.0,20,AR_postwar_0.0047,0.0047,0.0495,0.99
nonemployment_16plus,1.0,AR_long_run_0.75,1.0,1.0,on_1.5,2,off_0.0000,0.0,0.15,0.3
nonemployment_16plus,1.0,AR_long_run_0.75,1.0,1.0,on_1.5,2,AR_recent_0.0035,0.0035,0.15,0.3
nonemployment_16plus,1.0,AR_long_run_0.75,1.0,1.0,on_1.5,2,AR_postwar_0.0047,0.0047,0.15,0.3
nonemployment_16plus,1.0,AR_long_run_0.75,1.0,1.0,on_1.5,5,off_0.0000,0.0,0.15,0.75
nonemployment_16plus,1.0,AR_long_run_0.75,1.0,1.0,on_1.5,5,AR_recent_0.0035,0.0035,0.15,0.75
nonemployment_16plus,1.0,AR_long_run_0.75,1.0,1.0,on_1.5,5,AR_postwar_0.0047,0.0047,0.15,0.75
nonemployment_16plus,1.0,AR_long_run_0.75,1.0,1.0,on_1.5,10,off_0.0000,0.0,0.087,0.87
nonemployment_16plus,1.0,AR_long_run_0.75,1.0,1.0,on_1.5,10,AR_recent_0.0035,0.0035,0.089,0.89
nonemployment_16plus,1.0,AR_long_run_0.75,1.0,1.0,on_1.5,10,AR_postwar_0.0047,0.0047,0.09,0.9
nonemployment_16plus,1.0,AR_long_run_0.75,1.0,1.0,on_1.5,20,off_0.0000,0.0,0.046,0.92
nonemployment_16plus,1.0,AR_long_run_0.75,1.0,1.0,on_1.5,20,AR_recent_0.0035,0.0035,0.047,0.94
nonemployment_16plus,1.0,AR_long_run_0.75,1.0,1.0,on_1.5,20,AR_postwar_0.0047,0.0047,0.0475,0.95
nonemployment_16plus,1.0,AR_long_run_0.75,1.5,0.0,off_1.0,2,off_0.0000,0.0,0.15,0.3
nonemployment_16plus,1.0,AR_long_run_0.75,1.5,0.0,off_1.0,2,AR_recent_0.0035,0.0035,0.15,0.3
nonemployment_16plus,1.0,AR_long_run_0.75,1.5,0.0,off_1.0,2,AR_postwar_0.0047,0.0047,0.15,0.3
nonemployment_16plus,1.0,AR_long_run_0.75,1.5,0.0,off_1.0,5,off_0.0000,0.0,0.15,0.75
nonemployment_16plus,1.0,AR_long_run_0.75,1.5,0.0,off_1.0,5,AR_recent_0.0035,0.0035,0.15,0.75
nonemployment_16plus,1.0,AR_long_run_0.75,1.5,0.0,off_1.0,5,AR_postwar_0.0047,0.0047,0.15,0.75
nonemployment_16plus,1.0,AR_long_run_0.75,1.5,0.0,off_1.0,10,off_0.0000,0.0,0.091,0.91
nonemployment_16plus,1.0,AR_long_run_0.75,1.5,0.0,off_1.0,10,AR_recent_0.0035,0.0035,0.0925,0.925
nonemployment_16plus,1.0,AR_long_run_0.75,1.5,0.0,off_1.0,10,AR_postwar_0.0047,0.0047,0.0935,0.935
nonemployment_16plus,1.0,AR_long_run_0.75,1.5,0.0,off_1.0,20,off_0.0000,0.0,0.048,0.96
nonemployment_16plus,1.0,AR_long_run_0.75,1.5,0.0,off_1.0,20,AR_recent_0.0035,0.0035,0.049,0.98
nonemployment_16plus,1.0,AR_long_run_0.75,1.5,0.0,off_1.0,20,AR_postwar_0.0047,0.0047,0.0495,0.99
nonemployment_16plus,1.0,AR_long_run_0.75,1.5,0.0,on_1.5,2,off_0.0000,0.0,0.15,0.3
nonemployment_16plus,1.0,AR_long_run_0.75,1.5,0.0,on_1.5,2,AR_recent_0.0035,0.0035,0.15,0.3
nonemployment_16plus,1.0,AR_long_run_0.75,1.5,0.0,on_1.5,2,AR_postwar_0.0047,0.0047,0.15,0.3
nonemployment_16plus,1.0,AR_long_run_0.75,1.5,0.0,on_1.5,5,off_0.0000,0.0,0.15,0.75
nonemployment_16plus,1.0,AR_long_run_0.75,1.5,0.0,on_1.5,5,AR_recent_0.0035,0.0035,0.15,0.75
nonemployment_16plus,1.0,AR_long_run_0.75,1.5,0.0,on_1.5,5,AR_postwar_0.0047,0.0047,0.15,0.75
nonemployment_16plus,1.0,AR_long_run_0.75,1.5,0.0,on_1.5,10,off_0.0000,0.0,0.0875,0.875
nonemployment_16plus,1.0,AR_long_run_0.75,1.5,0.0,on_1.5,10,AR_recent_0.0035,0.0035,0.0895,0.895
nonemployment_16plus,1.0,AR_long_run_0.75,1.5,0.0,on_1.5,10,AR_postwar_0.0047,0.0047,0.09,0.9
nonemployment_16plus,1.0,AR_long_run_0.75,1.5,0.0,on_1.5,20,off_0.0000,0.0,0.0465,0.93
nonemployment_16plus,1.0,AR_long_run_0.75,1.5,0.0,on_1.5,20,AR_recent_0.0035,0.0035,0.0475,0.95
nonemployment_16plus,1.0,AR_long_run_0.75,1.5,0.0,on_1.5,20,AR_postwar_0.0047,0.0047,0.048,0.96
nonemployment_16plus,1.0,AR_long_run_0.75,1.5,0.5,off_1.0,2,off_0.0000,0.0,0.15,0.3
nonemployment_16plus,1.0,AR_long_run_0.75,1.5,0.5,off_1.0,2,AR_recent_0.0035,0.0035,0.15,0.3
nonemployment_16plus,1.0,AR_long_run_0.75,1.5,0.5,off_1.0,2,AR_postwar_0.0047,0.0047,0.15,0.3
nonemployment_16plus,1.0,AR_long_run_0.75,1.5,0.5,off_1.0,5,off_0.0000,0.0,0.15,0.75
nonemployment_16plus,1.0,AR_long_run_0.75,1.5,0.5,off_1.0,5,AR_recent_0.0035,0.0035,0.15,0.75
nonemployment_16plus,1.0,AR_long_run_0.75,1.5,0.5,off_1.0,5,AR_postwar_0.0047,0.0047,0.15,0.75
nonemployment_16plus,1.0,AR_long_run_0.75,1.5,0.5,off_1.0,10,off_0.0000,0.0,0.091,0.91
nonemployment_16plus,1.0,AR_long_run_0.75,1.5,0.5,off_1.0,10,AR_recent_0.0035,0.0035,0.0925,0.925
nonemployment_16plus,1.0,AR_long_run_0.75,1.5,0.5,off_1.0,10,AR_postwar_0.0047,0.0047,0.0935,0.935
nonemployment_16plus,1.0,AR_long_run_0.75,1.5,0.5,off_1.0,20,off_0.0000,0.0,0.048,0.96
nonemployment_16plus,1.0,AR_long_run_0.75,1.5,0.5,off_1.0,20,AR_recent_0.0035,0.0035,0.049,0.98
nonemployment_16plus,1.0,AR_long_run_0.75,1.5,0.5,off_1.0,20,AR_postwar_0.0047,0.0047,0.0495,0.99
nonemployment_16plus,1.0,AR_long_run_0.75,1.5,0.5,on_1.5,2,off_0.0000,0.0,0.15,0.3
nonemployment_16plus,1.0,AR_long_run_0.75,1.5,0.5,on_1.5,2,AR_recent_0.0035,0.0035,0.15,0.3
nonemployment_16plus,1.0,AR_long_run_0.75,1.5,0.5,on_1.5,2,AR_postwar_0.0047,0.0047,0.15,0.3
nonemployment_16plus,1.0,AR_long_run_0.75,1.5,0.5,on_1.5,5,off_0.0000,0.0,0.15,0.75
nonemployment_16plus,1.0,AR_long_run_0.75,1.5,0.5,on_1.5,5,AR_recent_0.0035,0.0035,0.15,0.75
nonemployment_16plus,1.0,AR_long_run_0.75,1.5,0.5,on_1.5,5,AR_postwar_0.0047,0.0047,0.15,0.75
nonemployment_16plus,1.0,AR_long_run_0.75,1.5,0.5,on_1.5,10,off_0.0000,0.0,0.0875,0.875
nonemployment_16plus,1.0,AR_long_run_0.75,1.5,0.5,on_1.5,10,AR_recent_0.0035,0.0035,0.0895,0.895
nonemployment_16plus,1.0,AR_long_run_0.75,1.5,0.5,on_1.5,10,AR_postwar_0.0047,0.0047,0.09,0.9
nonemployment_16plus,1.0,AR_long_run_0.75,1.5,0.5,on_1.5,20,off_0.0000,0.0,0.0465,0.93
nonemployment_16plus,1.0,AR_long_run_0.75,1.5,0.5,on_1.5,20,AR_recent_0.0035,0.0035,0.0475,0.95
nonemployment_16plus,1.0,AR_long_run_0.75,1.5,0.5,on_1.5,20,AR_postwar_0.0047,0.0047,0.048,0.96
nonemployment_16plus,1.0,AR_long_run_0.75,1.5,1.0,off_1.0,2,off_0.0000,0.0,0.15,0.3
nonemployment_16plus,1.0,AR_long_run_0.75,1.5,1.0,off_1.0,2,AR_recent_0.0035,0.0035,0.15,0.3
nonemployment_16plus,1.0,AR_long_run_0.75,1.5,1.0,off_1.0,2,AR_postwar_0.0047,0.0047,0.15,0.3
nonemployment_16plus,1.0,AR_long_run_0.75,1.5,1.0,off_1.0,5,off_0.0000,0.0,0.15,0.75
nonemployment_16plus,1.0,AR_long_run_0.75,1.5,1.0,off_1.0,5,AR_recent_0.0035,0.0035,0.15,0.75
nonemployment_16plus,1.0,AR_long_run_0.75,1.5,1.0,off_1.0,5,AR_postwar_0.0047,0.0047,0.15,0.75
nonemployment_16plus,1.0,AR_long_run_0.75,1.5,1.0,off_1.0,10,off_0.0000,0.0,0.091,0.91
nonemployment_16plus,1.0,AR_long_run_0.75,1.5,1.0,off_1.0,10,AR_recent_0.0035,0.0035,0.0925,0.925
nonemployment_16plus,1.0,AR_long_run_0.75,1.5,1.0,off_1.0,10,AR_postwar_0.0047,0.0047,0.0935,0.935
nonemployment_16plus,1.0,AR_long_run_0.75,1.5,1.0,off_1.0,20,off_0.0000,0.0,0.048,0.96
nonemployment_16plus,1.0,AR_long_run_0.75,1.5,1.0,off_1.0,20,AR_recent_0.0035,0.0035,0.049,0.98
nonemployment_16plus,1.0,AR_long_run_0.75,1.5,1.0,off_1.0,20,AR_postwar_0.0047,0.0047,0.0495,0.99
nonemployment_16plus,1.0,AR_long_run_0.75,1.5,1.0,on_1.5,2,off_0.0000,0.0,0.15,0.3
nonemployment_16plus,1.0,AR_long_run_0.75,1.5,1.0,on_1.5,2,AR_recent_0.0035,0.0035,0.15,0.3
nonemployment_16plus,1.0,AR_long_run_0.75,1.5,1.0,on_1.5,2,AR_postwar_0.0047,0.0047,0.15,0.3
nonemployment_16plus,1.0,AR_long_run_0.75,1.5,1.0,on_1.5,5,off_0.0000,0.0,0.15,0.75
nonemployment_16plus,1.0,AR_long_run_0.75,1.5,1.0,on_1.5,5,AR_recent_0.0035,0.0035,0.15,0.75
nonemployment_16plus,1.0,AR_long_run_0.75,1.5,1.0,on_1.5,5,AR_postwar_0.0047,0.0047,0.15,0.75
nonemployment_16plus,1.0,AR_long_run_0.75,1.5,1.0,on_1.5,10,off_0.0000,0.0,0.0875,0.875
nonemployment_16plus,1.0,AR_long_run_0.75,1.5,1.0,on_1.5,10,AR_recent_0.0035,0.0035,0.0895,0.895
nonemployment_16plus,1.0,AR_long_run_0.75,1.5,1.0,on_1.5,10,AR_postwar_0.0047,0.0047,0.09,0.9
nonemployment_16plus,1.0,AR_long_run_0.75,1.5,1.0,on_1.5,20,off_0.0000,0.0,0.0465,0.93
nonemployment_16plus,1.0,AR_long_run_0.75,1.5,1.0,on_1.5,20,AR_recent_0.0035,0.0035,0.0475,0.95
nonemployment_16plus,1.0,AR_long_run_0.75,1.5,1.0,on_1.5,20,AR_postwar_0.0047,0.0047,0.048,0.96
nonemployment_16plus,1.0,AR_long_run_0.75,2.0,0.0,off_1.0,2,off_0.0000,0.0,0.15,0.3
nonemployment_16plus,1.0,AR_long_run_0.75,2.0,0.0,off_1.0,2,AR_recent_0.0035,0.0035,0.15,0.3
nonemployment_16plus,1.0,AR_long_run_0.75,2.0,0.0,off_1.0,2,AR_postwar_0.0047,0.0047,0.15,0.3
nonemployment_16plus,1.0,AR_long_run_0.75,2.0,0.0,off_1.0,5,off_0.0000,0.0,0.15,0.75
nonemployment_16plus,1.0,AR_long_run_0.75,2.0,0.0,off_1.0,5,AR_recent_0.0035,0.0035,0.15,0.75
nonemployment_16plus,1.0,AR_long_run_0.75,2.0,0.0,off_1.0,5,AR_postwar_0.0047,0.0047,0.15,0.75
nonemployment_16plus,1.0,AR_long_run_0.75,2.0,0.0,off_1.0,10,off_0.0000,0.0,0.088,0.88
nonemployment_16plus,1.0,AR_long_run_0.75,2.0,0.0,off_1.0,10,AR_recent_0.0035,0.0035,0.09,0.9
nonemployment_16plus,1.0,AR_long_run_0.75,2.0,0.0,off_1.0,10,AR_postwar_0.0047,0.0047,0.0905,0.905
nonemployment_16plus,1.0,AR_long_run_0.75,2.0,0.0,off_1.0,20,off_0.0000,0.0,0.047,0.94
nonemployment_16plus,1.0,AR_long_run_0.75,2.0,0.0,off_1.0,20,AR_recent_0.0035,0.0035,0.048,0.96
nonemployment_16plus,1.0,AR_long_run_0.75,2.0,0.0,off_1.0,20,AR_postwar_0.0047,0.0047,0.0485,0.97
nonemployment_16plus,1.0,AR_long_run_0.75,2.0,0.0,on_1.5,2,off_0.0000,0.0,0.15,0.3
nonemployment_16plus,1.0,AR_long_run_0.75,2.0,0.0,on_1.5,2,AR_recent_0.0035,0.0035,0.15,0.3
nonemployment_16plus,1.0,AR_long_run_0.75,2.0,0.0,on_1.5,2,AR_postwar_0.0047,0.0047,0.15,0.3
nonemployment_16plus,1.0,AR_long_run_0.75,2.0,0.0,on_1.5,5,off_0.0000,0.0,0.15,0.75
nonemployment_16plus,1.0,AR_long_run_0.75,2.0,0.0,on_1.5,5,AR_recent_0.0035,0.0035,0.15,0.75
nonemployment_16plus,1.0,AR_long_run_0.75,2.0,0.0,on_1.5,5,AR_postwar_0.0047,0.0047,0.15,0.75
nonemployment_16plus,1.0,AR_long_run_0.75,2.0,0.0,on_1.5,10,off_0.0000,0.0,0.085,0.85
nonemployment_16plus,1.0,AR_long_run_0.75,2.0,0.0,on_1.5,10,AR_recent_0.0035,0.0035,0.0875,0.875
nonemployment_16plus,1.0,AR_long_run_0.75,2.0,0.0,on_1.5,10,AR_postwar_0.0047,0.0047,0.088,0.88
nonemployment_16plus,1.0,AR_long_run_0.75,2.0,0.0,on_1.5,20,off_0.0000,0.0,0.0455,0.91
nonemployment_16plus,1.0,AR_long_run_0.75,2.0,0.0,on_1.5,20,AR_recent_0.0035,0.0035,0.047,0.94
nonemployment_16plus,1.0,AR_long_run_0.75,2.0,0.0,on_1.5,20,AR_postwar_0.0047,0.0047,0.0475,0.95
nonemployment_16plus,1.0,AR_long_run_0.75,2.0,0.5,off_1.0,2,off_0.0000,0.0,0.15,0.3
nonemployment_16plus,1.0,AR_long_run_0.75,2.0,0.5,off_1.0,2,AR_recent_0.0035,0.0035,0.15,0.3
nonemployment_16plus,1.0,AR_long_run_0.75,2.0,0.5,off_1.0,2,AR_postwar_0.0047,0.0047,0.15,0.3
nonemployment_16plus,1.0,AR_long_run_0.75,2.0,0.5,off_1.0,5,off_0.0000,0.0,0.15,0.75
nonemployment_16plus,1.0,AR_long_run_0.75,2.0,0.5,off_1.0,5,AR_recent_0.0035,0.0035,0.15,0.75
nonemployment_16plus,1.0,AR_long_run_0.75,2.0,0.5,off_1.0,5,AR_postwar_0.0047,0.0047,0.15,0.75
nonemployment_16plus,1.0,AR_long_run_0.75,2.0,0.5,off_1.0,10,off_0.0000,0.0,0.088,0.88
nonemployment_16plus,1.0,AR_long_run_0.75,2.0,0.5,off_1.0,10,AR_recent_0.0035,0.0035,0.09,0.9
nonemployment_16plus,1.0,AR_long_run_0.75,2.0,0.5,off_1.0,10,AR_postwar_0.0047,0.0047,0.0905,0.905
nonemployment_16plus,1.0,AR_long_run_0.75,2.0,0.5,off_1.0,20,off_0.0000,0.0,0.047,0.94
nonemployment_16plus,1.0,AR_long_run_0.75,2.0,0.5,off_1.0,20,AR_recent_0.0035,0.0035,0.048,0.96
nonemployment_16plus,1.0,AR_long_run_0.75,2.0,0.5,off_1.0,20,AR_postwar_0.0047,0.0047,0.0485,0.97
nonemployment_16plus,1.0,AR_long_run_0.75,2.0,0.5,on_1.5,2,off_0.0000,0.0,0.15,0.3
nonemployment_16plus,1.0,AR_long_run_0.75,2.0,0.5,on_1.5,2,AR_recent_0.0035,0.0035,0.15,0.3
nonemployment_16plus,1.0,AR_long_run_0.75,2.0,0.5,on_1.5,2,AR_postwar_0.0047,0.0047,0.15,0.3
nonemployment_16plus,1.0,AR_long_run_0.75,2.0,0.5,on_1.5,5,off_0.0000,0.0,0.15,0.75
nonemployment_16plus,1.0,AR_long_run_0.75,2.0,0.5,on_1.5,5,AR_recent_0.0035,0.0035,0.15,0.75
nonemployment_16plus,1.0,AR_long_run_0.75,2.0,0.5,on_1.5,5,AR_postwar_0.0047,0.0047,0.15,0.75
nonemployment_16plus,1.0,AR_long_run_0.75,2.0,0.5,on_1.5,10,off_0.0000,0.0,0.085,0.85
nonemployment_16plus,1.0,AR_long_run_0.75,2.0,0.5,on_1.5,10,AR_recent_0.0035,0.0035,0.0875,0.875
nonemployment_16plus,1.0,AR_long_run_0.75,2.0,0.5,on_1.5,10,AR_postwar_0.0047,0.0047,0.088,0.88
nonemployment_16plus,1.0,AR_long_run_0.75,2.0,0.5,on_1.5,20,off_0.0000,0.0,0.0455,0.91
nonemployment_16plus,1.0,AR_long_run_0.75,2.0,0.5,on_1.5,20,AR_recent_0.0035,0.0035,0.047,0.94
nonemployment_16plus,1.0,AR_long_run_0.75,2.0,0.5,on_1.5,20,AR_postwar_0.0047,0.0047,0.0475,0.95
nonemployment_16plus,1.0,AR_long_run_0.75,2.0,1.0,off_1.0,2,off_0.0000,0.0,0.15,0.3
nonemployment_16plus,1.0,AR_long_run_0.75,2.0,1.0,off_1.0,2,AR_recent_0.0035,0.0035,0.15,0.3
nonemployment_16plus,1.0,AR_long_run_0.75,2.0,1.0,off_1.0,2,AR_postwar_0.0047,0.0047,0.15,0.3
nonemployment_16plus,1.0,AR_long_run_0.75,2.0,1.0,off_1.0,5,off_0.0000,0.0,0.15,0.75
nonemployment_16plus,1.0,AR_long_run_0.75,2.0,1.0,off_1.0,5,AR_recent_0.0035,0.0035,0.15,0.75
nonemployment_16plus,1.0,AR_long_run_0.75,2.0,1.0,off_1.0,5,AR_postwar_0.0047,0.0047,0.15,0.75
nonemployment_16plus,1.0,AR_long_run_0.75,2.0,1.0,off_1.0,10,off_0.0000,0.0,0.088,0.88
nonemployment_16plus,1.0,AR_long_run_0.75,2.0,1.0,off_1.0,10,AR_recent_0.0035,0.0035,0.09,0.9
nonemployment_16plus,1.0,AR_long_run_0.75,2.0,1.0,off_1.0,10,AR_postwar_0.0047,0.0047,0.0905,0.905
nonemployment_16plus,1.0,AR_long_run_0.75,2.0,1.0,off_1.0,20,off_0.0000,0.0,0.047,0.94
nonemployment_16plus,1.0,AR_long_run_0.75,2.0,1.0,off_1.0,20,AR_recent_0.0035,0.0035,0.048,0.96
nonemployment_16plus,1.0,AR_long_run_0.75,2.0,1.0,off_1.0,20,AR_postwar_0.0047,0.0047,0.0485,0.97
nonemployment_16plus,1.0,AR_long_run_0.75,2.0,1.0,on_1.5,2,off_0.0000,0.0,0.15,0.3
nonemployment_16plus,1.0,AR_long_run_0.75,2.0,1.0,on_1.5,2,AR_recent_0.0035,0.0035,0.15,0.3
nonemployment_16plus,1.0,AR_long_run_0.75,2.0,1.0,on_1.5,2,AR_postwar_0.0047,0.0047,0.15,0.3
nonemployment_16plus,1.0,AR_long_run_0.75,2.0,1.0,on_1.5,5,off_0.0000,0.0,0.15,0.75
nonemployment_16plus,1.0,AR_long_run_0.75,2.0,1.0,on_1.5,5,AR_recent_0.0035,0.0035,0.15,0.75
nonemployment_16plus,1.0,AR_long_run_0.75,2.0,1.0,on_1.5,5,AR_postwar_0.0047,0.0047,0.15,0.75
nonemployment_16plus,1.0,AR_long_run_0.75,2.0,1.0,on_1.5,10,off_0.0000,0.0,0.085,0.85
nonemployment_16plus,1.0,AR_long_run_0.75,2.0,1.0,on_1.5,10,AR_recent_0.0035,0.0035,0.0875,0.875
nonemployment_16plus,1.0,AR_long_run_0.75,2.0,1.0,on_1.5,10,AR_postwar_0.0047,0.0047,0.088,0.88
nonemployment_16plus,1.0,AR_long_run_0.75,2.0,1.0,on_1.5,20,off_0.0000,0.0,0.0455,0.91
nonemployment_16plus,1.0,AR_long_run_0.75,2.0,1.0,on_1.5,20,AR_recent_0.0035,0.0035,0.047,0.94
nonemployment_16plus,1.0,AR_long_run_0.75,2.0,1.0,on_1.5,20,AR_postwar_0.0047,0.0047,0.0475,0.95
prime_age_nonemployment,0.0,dws_0.462,1.0,0.0,off_1.0,2,off_0.0000,0.0,0.0675,0.135
prime_age_nonemployment,0.0,dws_0.462,1.0,0.0,off_1.0,2,AR_recent_0.0035,0.0035,0.071,0.142
prime_age_nonemployment,0.0,dws_0.462,1.0,0.0,off_1.0,2,AR_postwar_0.0047,0.0047,0.0725,0.145
prime_age_nonemployment,0.0,dws_0.462,1.0,0.0,off_1.0,5,off_0.0000,0.0,0.031,0.155
prime_age_nonemployment,0.0,dws_0.462,1.0,0.0,off_1.0,5,AR_recent_0.0035,0.0035,0.0345,0.1725
prime_age_nonemployment,0.0,dws_0.462,1.0,0.0,off_1.0,5,AR_postwar_0.0047,0.0047,0.036,0.18
prime_age_nonemployment,0.0,dws_0.462,1.0,0.0,off_1.0,10,off_0.0000,0.0,0.009,0.09
prime_age_nonemployment,0.0,dws_0.462,1.0,0.0,off_1.0,10,AR_recent_0.0035,0.0035,0.0125,0.125
prime_age_nonemployment,0.0,dws_0.462,1.0,0.0,off_1.0,10,AR_postwar_0.0047,0.0047,0.0135,0.135
prime_age_nonemployment,0.0,dws_0.462,1.0,0.0,off_1.0,20,off_0.0000,0.0,,
prime_age_nonemployment,0.0,dws_0.462,1.0,0.0,off_1.0,20,AR_recent_0.0035,0.0035,,
prime_age_nonemployment,0.0,dws_0.462,1.0,0.0,off_1.0,20,AR_postwar_0.0047,0.0047,,
prime_age_nonemployment,0.0,dws_0.462,1.0,0.0,on_1.5,2,off_0.0000,0.0,0.065,0.13
prime_age_nonemployment,0.0,dws_0.462,1.0,0.0,on_1.5,2,AR_recent_0.0035,0.0035,0.0685,0.137
prime_age_nonemployment,0.0,dws_0.462,1.0,0.0,on_1.5,2,AR_postwar_0.0047,0.0047,0.0695,0.139
prime_age_nonemployment,0.0,dws_0.462,1.0,0.0,on_1.5,5,off_0.0000,0.0,0.0225,0.1125
prime_age_nonemployment,0.0,dws_0.462,1.0,0.0,on_1.5,5,AR_recent_0.0035,0.0035,0.026,0.13
prime_age_nonemployment,0.0,dws_0.462,1.0,0.0,on_1.5,5,AR_postwar_0.0047,0.0047,0.0275,0.1375
prime_age_nonemployment,0.0,dws_0.462,1.0,0.0,on_1.5,10,off_0.0000,0.0,,
prime_age_nonemployment,0.0,dws_0.462,1.0,0.0,on_1.5,10,AR_recent_0.0035,0.0035,0.0025,0.025
prime_age_nonemployment,0.0,dws_0.462,1.0,0.0,on_1.5,10,AR_postwar_0.0047,0.0047,0.004,0.04
prime_age_nonemployment,0.0,dws_0.462,1.0,0.0,on_1.5,20,off_0.0000,0.0,,
prime_age_nonemployment,0.0,dws_0.462,1.0,0.0,on_1.5,20,AR_recent_0.0035,0.0035,,
prime_age_nonemployment,0.0,dws_0.462,1.0,0.0,on_1.5,20,AR_postwar_0.0047,0.0047,,
prime_age_nonemployment,0.0,dws_0.462,1.0,0.5,off_1.0,2,off_0.0000,0.0,0.0675,0.135
prime_age_nonemployment,0.0,dws_0.462,1.0,0.5,off_1.0,2,AR_recent_0.0035,0.0035,0.071,0.142
prime_age_nonemployment,0.0,dws_0.462,1.0,0.5,off_1.0,2,AR_postwar_0.0047,0.0047,0.0725,0.145
prime_age_nonemployment,0.0,dws_0.462,1.0,0.5,off_1.0,5,off_0.0000,0.0,0.031,0.155
prime_age_nonemployment,0.0,dws_0.462,1.0,0.5,off_1.0,5,AR_recent_0.0035,0.0035,0.0345,0.1725
prime_age_nonemployment,0.0,dws_0.462,1.0,0.5,off_1.0,5,AR_postwar_0.0047,0.0047,0.036,0.18
prime_age_nonemployment,0.0,dws_0.462,1.0,0.5,off_1.0,10,off_0.0000,0.0,0.009,0.09
prime_age_nonemployment,0.0,dws_0.462,1.0,0.5,off_1.0,10,AR_recent_0.0035,0.0035,0.0125,0.125
prime_age_nonemployment,0.0,dws_0.462,1.0,0.5,off_1.0,10,AR_postwar_0.0047,0.0047,0.0135,0.135
prime_age_nonemployment,0.0,dws_0.462,1.0,0.5,off_1.0,20,off_0.0000,0.0,,
prime_age_nonemployment,0.0,dws_0.462,1.0,0.5,off_1.0,20,AR_recent_0.0035,0.0035,,
prime_age_nonemployment,0.0,dws_0.462,1.0,0.5,off_1.0,20,AR_postwar_0.0047,0.0047,,
prime_age_nonemployment,0.0,dws_0.462,1.0,0.5,on_1.5,2,off_0.0000,0.0,0.065,0.13
prime_age_nonemployment,0.0,dws_0.462,1.0,0.5,on_1.5,2,AR_recent_0.0035,0.0035,0.0685,0.137
prime_age_nonemployment,0.0,dws_0.462,1.0,0.5,on_1.5,2,AR_postwar_0.0047,0.0047,0.0695,0.139
prime_age_nonemployment,0.0,dws_0.462,1.0,0.5,on_1.5,5,off_0.0000,0.0,0.0225,0.1125
prime_age_nonemployment,0.0,dws_0.462,1.0,0.5,on_1.5,5,AR_recent_0.0035,0.0035,0.026,0.13
prime_age_nonemployment,0.0,dws_0.462,1.0,0.5,on_1.5,5,AR_postwar_0.0047,0.0047,0.0275,0.1375
prime_age_nonemployment,0.0,dws_0.462,1.0,0.5,on_1.5,10,off_0.0000,0.0,,
prime_age_nonemployment,0.0,dws_0.462,1.0,0.5,on_1.5,10,AR_recent_0.0035,0.0035,0.0025,0.025
prime_age_nonemployment,0.0,dws_0.462,1.0,0.5,on_1.5,10,AR_postwar_0.0047,0.0047,0.004,0.04
prime_age_nonemployment,0.0,dws_0.462,1.0,0.5,on_1.5,20,off_0.0000,0.0,,
prime_age_nonemployment,0.0,dws_0.462,1.0,0.5,on_1.5,20,AR_recent_0.0035,0.0035,,
prime_age_nonemployment,0.0,dws_0.462,1.0,0.5,on_1.5,20,AR_postwar_0.0047,0.0047,,
prime_age_nonemployment,0.0,dws_0.462,1.0,1.0,off_1.0,2,off_0.0000,0.0,0.0675,0.135
prime_age_nonemployment,0.0,dws_0.462,1.0,1.0,off_1.0,2,AR_recent_0.0035,0.0035,0.071,0.142
prime_age_nonemployment,0.0,dws_0.462,1.0,1.0,off_1.0,2,AR_postwar_0.0047,0.0047,0.0725,0.145
prime_age_nonemployment,0.0,dws_0.462,1.0,1.0,off_1.0,5,off_0.0000,0.0,0.031,0.155
prime_age_nonemployment,0.0,dws_0.462,1.0,1.0,off_1.0,5,AR_recent_0.0035,0.0035,0.0345,0.1725
prime_age_nonemployment,0.0,dws_0.462,1.0,1.0,off_1.0,5,AR_postwar_0.0047,0.0047,0.036,0.18
prime_age_nonemployment,0.0,dws_0.462,1.0,1.0,off_1.0,10,off_0.0000,0.0,0.009,0.09
prime_age_nonemployment,0.0,dws_0.462,1.0,1.0,off_1.0,10,AR_recent_0.0035,0.0035,0.0125,0.125
prime_age_nonemployment,0.0,dws_0.462,1.0,1.0,off_1.0,10,AR_postwar_0.0047,0.0047,0.0135,0.135
prime_age_nonemployment,0.0,dws_0.462,1.0,1.0,off_1.0,20,off_0.0000,0.0,,
prime_age_nonemployment,0.0,dws_0.462,1.0,1.0,off_1.0,20,AR_recent_0.0035,0.0035,,
prime_age_nonemployment,0.0,dws_0.462,1.0,1.0,off_1.0,20,AR_postwar_0.0047,0.0047,,
prime_age_nonemployment,0.0,dws_0.462,1.0,1.0,on_1.5,2,off_0.0000,0.0,0.065,0.13
prime_age_nonemployment,0.0,dws_0.462,1.0,1.0,on_1.5,2,AR_recent_0.0035,0.0035,0.0685,0.137
prime_age_nonemployment,0.0,dws_0.462,1.0,1.0,on_1.5,2,AR_postwar_0.0047,0.0047,0.0695,0.139
prime_age_nonemployment,0.0,dws_0.462,1.0,1.0,on_1.5,5,off_0.0000,0.0,0.0225,0.1125
prime_age_nonemployment,0.0,dws_0.462,1.0,1.0,on_1.5,5,AR_recent_0.0035,0.0035,0.026,0.13
prime_age_nonemployment,0.0,dws_0.462,1.0,1.0,on_1.5,5,AR_postwar_0.0047,0.0047,0.0275,0.1375
prime_age_nonemployment,0.0,dws_0.462,1.0,1.0,on_1.5,10,off_0.0000,0.0,,
prime_age_nonemployment,0.0,dws_0.462,1.0,1.0,on_1.5,10,AR_recent_0.0035,0.0035,0.0025,0.025
prime_age_nonemployment,0.0,dws_0.462,1.0,1.0,on_1.5,10,AR_postwar_0.0047,0.0047,0.004,0.04
prime_age_nonemployment,0.0,dws_0.462,1.0,1.0,on_1.5,20,off_0.0000,0.0,,
prime_age_nonemployment,0.0,dws_0.462,1.0,1.0,on_1.5,20,AR_recent_0.0035,0.0035,,
prime_age_nonemployment,0.0,dws_0.462,1.0,1.0,on_1.5,20,AR_postwar_0.0047,0.0047,,
prime_age_nonemployment,0.0,dws_0.462,1.5,0.0,off_1.0,2,off_0.0000,0.0,0.0695,0.139
prime_age_nonemployment,0.0,dws_0.462,1.5,0.0,off_1.0,2,AR_recent_0.0035,0.0035,0.073,0.146
prime_age_nonemployment,0.0,dws_0.462,1.5,0.0,off_1.0,2,AR_postwar_0.0047,0.0047,0.074,0.148
prime_age_nonemployment,0.0,dws_0.462,1.5,0.0,off_1.0,5,off_0.0000,0.0,0.0325,0.1625
prime_age_nonemployment,0.0,dws_0.462,1.5,0.0,off_1.0,5,AR_recent_0.0035,0.0035,0.036,0.18
prime_age_nonemployment,0.0,dws_0.462,1.5,0.0,off_1.0,5,AR_postwar_0.0047,0.0047,0.037,0.185
prime_age_nonemployment,0.0,dws_0.462,1.5,0.0,off_1.0,10,off_0.0000,0.0,0.015,0.15
prime_age_nonemployment,0.0,dws_0.462,1.5,0.0,off_1.0,10,AR_recent_0.0035,0.0035,0.0185,0.185
prime_age_nonemployment,0.0,dws_0.462,1.5,0.0,off_1.0,10,AR_postwar_0.0047,0.0047,0.0195,0.195
prime_age_nonemployment,0.0,dws_0.462,1.5,0.0,off_1.0,20,off_0.0000,0.0,0.0005,0.01
prime_age_nonemployment,0.0,dws_0.462,1.5,0.0,off_1.0,20,AR_recent_0.0035,0.0035,0.004,0.08
prime_age_nonemployment,0.0,dws_0.462,1.5,0.0,off_1.0,20,AR_postwar_0.0047,0.0047,0.005,0.1
prime_age_nonemployment,0.0,dws_0.462,1.5,0.0,on_1.5,2,off_0.0000,0.0,0.0675,0.135
prime_age_nonemployment,0.0,dws_0.462,1.5,0.0,on_1.5,2,AR_recent_0.0035,0.0035,0.071,0.142
prime_age_nonemployment,0.0,dws_0.462,1.5,0.0,on_1.5,2,AR_postwar_0.0047,0.0047,0.0725,0.145
prime_age_nonemployment,0.0,dws_0.462,1.5,0.0,on_1.5,5,off_0.0000,0.0,0.027,0.135
prime_age_nonemployment,0.0,dws_0.462,1.5,0.0,on_1.5,5,AR_recent_0.0035,0.0035,0.0305,0.1525
prime_age_nonemployment,0.0,dws_0.462,1.5,0.0,on_1.5,5,AR_postwar_0.0047,0.0047,0.0315,0.1575
prime_age_nonemployment,0.0,dws_0.462,1.5,0.0,on_1.5,10,off_0.0000,0.0,0.0075,0.075
prime_age_nonemployment,0.0,dws_0.462,1.5,0.0,on_1.5,10,AR_recent_0.0035,0.0035,0.011,0.11
prime_age_nonemployment,0.0,dws_0.462,1.5,0.0,on_1.5,10,AR_postwar_0.0047,0.0047,0.012,0.12
prime_age_nonemployment,0.0,dws_0.462,1.5,0.0,on_1.5,20,off_0.0000,0.0,,
prime_age_nonemployment,0.0,dws_0.462,1.5,0.0,on_1.5,20,AR_recent_0.0035,0.0035,,
prime_age_nonemployment,0.0,dws_0.462,1.5,0.0,on_1.5,20,AR_postwar_0.0047,0.0047,,
prime_age_nonemployment,0.0,dws_0.462,1.5,0.5,off_1.0,2,off_0.0000,0.0,0.0695,0.139
prime_age_nonemployment,0.0,dws_0.462,1.5,0.5,off_1.0,2,AR_recent_0.0035,0.0035,0.073,0.146
prime_age_nonemployment,0.0,dws_0.462,1.5,0.5,off_1.0,2,AR_postwar_0.0047,0.0047,0.074,0.148
prime_age_nonemployment,0.0,dws_0.462,1.5,0.5,off_1.0,5,off_0.0000,0.0,0.0325,0.1625
prime_age_nonemployment,0.0,dws_0.462,1.5,0.5,off_1.0,5,AR_recent_0.0035,0.0035,0.036,0.18
prime_age_nonemployment,0.0,dws_0.462,1.5,0.5,off_1.0,5,AR_postwar_0.0047,0.0047,0.037,0.185
prime_age_nonemployment,0.0,dws_0.462,1.5,0.5,off_1.0,10,off_0.0000,0.0,0.015,0.15
prime_age_nonemployment,0.0,dws_0.462,1.5,0.5,off_1.0,10,AR_recent_0.0035,0.0035,0.0185,0.185
prime_age_nonemployment,0.0,dws_0.462,1.5,0.5,off_1.0,10,AR_postwar_0.0047,0.0047,0.0195,0.195
prime_age_nonemployment,0.0,dws_0.462,1.5,0.5,off_1.0,20,off_0.0000,0.0,0.0005,0.01
prime_age_nonemployment,0.0,dws_0.462,1.5,0.5,off_1.0,20,AR_recent_0.0035,0.0035,0.004,0.08
prime_age_nonemployment,0.0,dws_0.462,1.5,0.5,off_1.0,20,AR_postwar_0.0047,0.0047,0.005,0.1
prime_age_nonemployment,0.0,dws_0.462,1.5,0.5,on_1.5,2,off_0.0000,0.0,0.0675,0.135
prime_age_nonemployment,0.0,dws_0.462,1.5,0.5,on_1.5,2,AR_recent_0.0035,0.0035,0.071,0.142
prime_age_nonemployment,0.0,dws_0.462,1.5,0.5,on_1.5,2,AR_postwar_0.0047,0.0047,0.0725,0.145
prime_age_nonemployment,0.0,dws_0.462,1.5,0.5,on_1.5,5,off_0.0000,0.0,0.027,0.135
prime_age_nonemployment,0.0,dws_0.462,1.5,0.5,on_1.5,5,AR_recent_0.0035,0.0035,0.0305,0.1525
prime_age_nonemployment,0.0,dws_0.462,1.5,0.5,on_1.5,5,AR_postwar_0.0047,0.0047,0.0315,0.1575
prime_age_nonemployment,0.0,dws_0.462,1.5,0.5,on_1.5,10,off_0.0000,0.0,0.0075,0.075
prime_age_nonemployment,0.0,dws_0.462,1.5,0.5,on_1.5,10,AR_recent_0.0035,0.0035,0.011,0.11
prime_age_nonemployment,0.0,dws_0.462,1.5,0.5,on_1.5,10,AR_postwar_0.0047,0.0047,0.012,0.12
prime_age_nonemployment,0.0,dws_0.462,1.5,0.5,on_1.5,20,off_0.0000,0.0,,
prime_age_nonemployment,0.0,dws_0.462,1.5,0.5,on_1.5,20,AR_recent_0.0035,0.0035,,
prime_age_nonemployment,0.0,dws_0.462,1.5,0.5,on_1.5,20,AR_postwar_0.0047,0.0047,,
prime_age_nonemployment,0.0,dws_0.462,1.5,1.0,off_1.0,2,off_0.0000,0.0,0.0695,0.139
prime_age_nonemployment,0.0,dws_0.462,1.5,1.0,off_1.0,2,AR_recent_0.0035,0.0035,0.073,0.146
prime_age_nonemployment,0.0,dws_0.462,1.5,1.0,off_1.0,2,AR_postwar_0.0047,0.0047,0.074,0.148
prime_age_nonemployment,0.0,dws_0.462,1.5,1.0,off_1.0,5,off_0.0000,0.0,0.0325,0.1625
prime_age_nonemployment,0.0,dws_0.462,1.5,1.0,off_1.0,5,AR_recent_0.0035,0.0035,0.036,0.18
prime_age_nonemployment,0.0,dws_0.462,1.5,1.0,off_1.0,5,AR_postwar_0.0047,0.0047,0.037,0.185
prime_age_nonemployment,0.0,dws_0.462,1.5,1.0,off_1.0,10,off_0.0000,0.0,0.015,0.15
prime_age_nonemployment,0.0,dws_0.462,1.5,1.0,off_1.0,10,AR_recent_0.0035,0.0035,0.0185,0.185
prime_age_nonemployment,0.0,dws_0.462,1.5,1.0,off_1.0,10,AR_postwar_0.0047,0.0047,0.0195,0.195
prime_age_nonemployment,0.0,dws_0.462,1.5,1.0,off_1.0,20,off_0.0000,0.0,0.0005,0.01
prime_age_nonemployment,0.0,dws_0.462,1.5,1.0,off_1.0,20,AR_recent_0.0035,0.0035,0.004,0.08
prime_age_nonemployment,0.0,dws_0.462,1.5,1.0,off_1.0,20,AR_postwar_0.0047,0.0047,0.005,0.1
prime_age_nonemployment,0.0,dws_0.462,1.5,1.0,on_1.5,2,off_0.0000,0.0,0.0675,0.135
prime_age_nonemployment,0.0,dws_0.462,1.5,1.0,on_1.5,2,AR_recent_0.0035,0.0035,0.071,0.142
prime_age_nonemployment,0.0,dws_0.462,1.5,1.0,on_1.5,2,AR_postwar_0.0047,0.0047,0.0725,0.145
prime_age_nonemployment,0.0,dws_0.462,1.5,1.0,on_1.5,5,off_0.0000,0.0,0.027,0.135
prime_age_nonemployment,0.0,dws_0.462,1.5,1.0,on_1.5,5,AR_recent_0.0035,0.0035,0.0305,0.1525
prime_age_nonemployment,0.0,dws_0.462,1.5,1.0,on_1.5,5,AR_postwar_0.0047,0.0047,0.0315,0.1575
prime_age_nonemployment,0.0,dws_0.462,1.5,1.0,on_1.5,10,off_0.0000,0.0,0.0075,0.075
prime_age_nonemployment,0.0,dws_0.462,1.5,1.0,on_1.5,10,AR_recent_0.0035,0.0035,0.011,0.11
prime_age_nonemployment,0.0,dws_0.462,1.5,1.0,on_1.5,10,AR_postwar_0.0047,0.0047,0.012,0.12
prime_age_nonemployment,0.0,dws_0.462,1.5,1.0,on_1.5,20,off_0.0000,0.0,,
prime_age_nonemployment,0.0,dws_0.462,1.5,1.0,on_1.5,20,AR_recent_0.0035,0.0035,,
prime_age_nonemployment,0.0,dws_0.462,1.5,1.0,on_1.5,20,AR_postwar_0.0047,0.0047,,
prime_age_nonemployment,0.0,dws_0.462,2.0,0.0,off_1.0,2,off_0.0000,0.0,0.0705,0.141
prime_age_nonemployment,0.0,dws_0.462,2.0,0.0,off_1.0,2,AR_recent_0.0035,0.0035,0.074,0.148
prime_age_nonemployment,0.0,dws_0.462,2.0,0.0,off_1.0,2,AR_postwar_0.0047,0.0047,0.075,0.15
prime_age_nonemployment,0.0,dws_0.462,2.0,0.0,off_1.0,5,off_0.0000,0.0,0.0315,0.1575
prime_age_nonemployment,0.0,dws_0.462,2.0,0.0,off_1.0,5,AR_recent_0.0035,0.0035,0.035,0.175
prime_age_nonemployment,0.0,dws_0.462,2.0,0.0,off_1.0,5,AR_postwar_0.0047,0.0047,0.0365,0.1825
prime_age_nonemployment,0.0,dws_0.462,2.0,0.0,off_1.0,10,off_0.0000,0.0,0.0175,0.175
prime_age_nonemployment,0.0,dws_0.462,2.0,0.0,off_1.0,10,AR_recent_0.0035,0.0035,0.021,0.21
prime_age_nonemployment,0.0,dws_0.462,2.0,0.0,off_1.0,10,AR_postwar_0.0047,0.0047,0.022,0.22
prime_age_nonemployment,0.0,dws_0.462,2.0,0.0,off_1.0,20,off_0.0000,0.0,0.005,0.1
prime_age_nonemployment,0.0,dws_0.462,2.0,0.0,off_1.0,20,AR_recent_0.0035,0.0035,0.0085,0.17
prime_age_nonemployment,0.0,dws_0.462,2.0,0.0,off_1.0,20,AR_postwar_0.0047,0.0047,0.01,0.2
prime_age_nonemployment,0.0,dws_0.462,2.0,0.0,on_1.5,2,off_0.0000,0.0,0.069,0.138
prime_age_nonemployment,0.0,dws_0.462,2.0,0.0,on_1.5,2,AR_recent_0.0035,0.0035,0.0725,0.145
prime_age_nonemployment,0.0,dws_0.462,2.0,0.0,on_1.5,2,AR_postwar_0.0047,0.0047,0.0735,0.147
prime_age_nonemployment,0.0,dws_0.462,2.0,0.0,on_1.5,5,off_0.0000,0.0,0.028,0.14
prime_age_nonemployment,0.0,dws_0.462,2.0,0.0,on_1.5,5,AR_recent_0.0035,0.0035,0.0315,0.1575
prime_age_nonemployment,0.0,dws_0.462,2.0,0.0,on_1.5,5,AR_postwar_0.0047,0.0047,0.033,0.165
prime_age_nonemployment,0.0,dws_0.462,2.0,0.0,on_1.5,10,off_0.0000,0.0,0.0115,0.115
prime_age_nonemployment,0.0,dws_0.462,2.0,0.0,on_1.5,10,AR_recent_0.0035,0.0035,0.015,0.15
prime_age_nonemployment,0.0,dws_0.462,2.0,0.0,on_1.5,10,AR_postwar_0.0047,0.0047,0.0165,0.165
prime_age_nonemployment,0.0,dws_0.462,2.0,0.0,on_1.5,20,off_0.0000,0.0,,
prime_age_nonemployment,0.0,dws_0.462,2.0,0.0,on_1.5,20,AR_recent_0.0035,0.0035,0.003,0.06
prime_age_nonemployment,0.0,dws_0.462,2.0,0.0,on_1.5,20,AR_postwar_0.0047,0.0047,0.004,0.08
prime_age_nonemployment,0.0,dws_0.462,2.0,0.5,off_1.0,2,off_0.0000,0.0,0.0705,0.141
prime_age_nonemployment,0.0,dws_0.462,2.0,0.5,off_1.0,2,AR_recent_0.0035,0.0035,0.074,0.148
prime_age_nonemployment,0.0,dws_0.462,2.0,0.5,off_1.0,2,AR_postwar_0.0047,0.0047,0.075,0.15
prime_age_nonemployment,0.0,dws_0.462,2.0,0.5,off_1.0,5,off_0.0000,0.0,0.0315,0.1575
prime_age_nonemployment,0.0,dws_0.462,2.0,0.5,off_1.0,5,AR_recent_0.0035,0.0035,0.035,0.175
prime_age_nonemployment,0.0,dws_0.462,2.0,0.5,off_1.0,5,AR_postwar_0.0047,0.0047,0.0365,0.1825
prime_age_nonemployment,0.0,dws_0.462,2.0,0.5,off_1.0,10,off_0.0000,0.0,0.0175,0.175
prime_age_nonemployment,0.0,dws_0.462,2.0,0.5,off_1.0,10,AR_recent_0.0035,0.0035,0.021,0.21
prime_age_nonemployment,0.0,dws_0.462,2.0,0.5,off_1.0,10,AR_postwar_0.0047,0.0047,0.022,0.22
prime_age_nonemployment,0.0,dws_0.462,2.0,0.5,off_1.0,20,off_0.0000,0.0,0.005,0.1
prime_age_nonemployment,0.0,dws_0.462,2.0,0.5,off_1.0,20,AR_recent_0.0035,0.0035,0.0085,0.17
prime_age_nonemployment,0.0,dws_0.462,2.0,0.5,off_1.0,20,AR_postwar_0.0047,0.0047,0.01,0.2
prime_age_nonemployment,0.0,dws_0.462,2.0,0.5,on_1.5,2,off_0.0000,0.0,0.069,0.138
prime_age_nonemployment,0.0,dws_0.462,2.0,0.5,on_1.5,2,AR_recent_0.0035,0.0035,0.0725,0.145
prime_age_nonemployment,0.0,dws_0.462,2.0,0.5,on_1.5,2,AR_postwar_0.0047,0.0047,0.0735,0.147
prime_age_nonemployment,0.0,dws_0.462,2.0,0.5,on_1.5,5,off_0.0000,0.0,0.028,0.14
prime_age_nonemployment,0.0,dws_0.462,2.0,0.5,on_1.5,5,AR_recent_0.0035,0.0035,0.0315,0.1575
prime_age_nonemployment,0.0,dws_0.462,2.0,0.5,on_1.5,5,AR_postwar_0.0047,0.0047,0.033,0.165
prime_age_nonemployment,0.0,dws_0.462,2.0,0.5,on_1.5,10,off_0.0000,0.0,0.0115,0.115
prime_age_nonemployment,0.0,dws_0.462,2.0,0.5,on_1.5,10,AR_recent_0.0035,0.0035,0.015,0.15
prime_age_nonemployment,0.0,dws_0.462,2.0,0.5,on_1.5,10,AR_postwar_0.0047,0.0047,0.0165,0.165
prime_age_nonemployment,0.0,dws_0.462,2.0,0.5,on_1.5,20,off_0.0000,0.0,,
prime_age_nonemployment,0.0,dws_0.462,2.0,0.5,on_1.5,20,AR_recent_0.0035,0.0035,0.003,0.06
prime_age_nonemployment,0.0,dws_0.462,2.0,0.5,on_1.5,20,AR_postwar_0.0047,0.0047,0.004,0.08
prime_age_nonemployment,0.0,dws_0.462,2.0,1.0,off_1.0,2,off_0.0000,0.0,0.0705,0.141
prime_age_nonemployment,0.0,dws_0.462,2.0,1.0,off_1.0,2,AR_recent_0.0035,0.0035,0.074,0.148
prime_age_nonemployment,0.0,dws_0.462,2.0,1.0,off_1.0,2,AR_postwar_0.0047,0.0047,0.075,0.15
prime_age_nonemployment,0.0,dws_0.462,2.0,1.0,off_1.0,5,off_0.0000,0.0,0.0315,0.1575
prime_age_nonemployment,0.0,dws_0.462,2.0,1.0,off_1.0,5,AR_recent_0.0035,0.0035,0.035,0.175
prime_age_nonemployment,0.0,dws_0.462,2.0,1.0,off_1.0,5,AR_postwar_0.0047,0.0047,0.0365,0.1825
prime_age_nonemployment,0.0,dws_0.462,2.0,1.0,off_1.0,10,off_0.0000,0.0,0.0175,0.175
prime_age_nonemployment,0.0,dws_0.462,2.0,1.0,off_1.0,10,AR_recent_0.0035,0.0035,0.021,0.21
prime_age_nonemployment,0.0,dws_0.462,2.0,1.0,off_1.0,10,AR_postwar_0.0047,0.0047,0.022,0.22
prime_age_nonemployment,0.0,dws_0.462,2.0,1.0,off_1.0,20,off_0.0000,0.0,0.005,0.1
prime_age_nonemployment,0.0,dws_0.462,2.0,1.0,off_1.0,20,AR_recent_0.0035,0.0035,0.0085,0.17
prime_age_nonemployment,0.0,dws_0.462,2.0,1.0,off_1.0,20,AR_postwar_0.0047,0.0047,0.01,0.2
prime_age_nonemployment,0.0,dws_0.462,2.0,1.0,on_1.5,2,off_0.0000,0.0,0.069,0.138
prime_age_nonemployment,0.0,dws_0.462,2.0,1.0,on_1.5,2,AR_recent_0.0035,0.0035,0.0725,0.145
prime_age_nonemployment,0.0,dws_0.462,2.0,1.0,on_1.5,2,AR_postwar_0.0047,0.0047,0.0735,0.147
prime_age_nonemployment,0.0,dws_0.462,2.0,1.0,on_1.5,5,off_0.0000,0.0,0.028,0.14
prime_age_nonemployment,0.0,dws_0.462,2.0,1.0,on_1.5,5,AR_recent_0.0035,0.0035,0.0315,0.1575
prime_age_nonemployment,0.0,dws_0.462,2.0,1.0,on_1.5,5,AR_postwar_0.0047,0.0047,0.033,0.165
prime_age_nonemployment,0.0,dws_0.462,2.0,1.0,on_1.5,10,off_0.0000,0.0,0.0115,0.115
prime_age_nonemployment,0.0,dws_0.462,2.0,1.0,on_1.5,10,AR_recent_0.0035,0.0035,0.015,0.15
prime_age_nonemployment,0.0,dws_0.462,2.0,1.0,on_1.5,10,AR_postwar_0.0047,0.0047,0.0165,0.165
prime_age_nonemployment,0.0,dws_0.462,2.0,1.0,on_1.5,20,off_0.0000,0.0,,
prime_age_nonemployment,0.0,dws_0.462,2.0,1.0,on_1.5,20,AR_recent_0.0035,0.0035,0.003,0.06
prime_age_nonemployment,0.0,dws_0.462,2.0,1.0,on_1.5,20,AR_postwar_0.0047,0.0047,0.004,0.08
prime_age_nonemployment,0.0,dws_low_0.296,1.0,0.0,off_1.0,2,off_0.0000,0.0,0.07,0.14
prime_age_nonemployment,0.0,dws_low_0.296,1.0,0.0,off_1.0,2,AR_recent_0.0035,0.0035,0.0735,0.147
prime_age_nonemployment,0.0,dws_low_0.296,1.0,0.0,off_1.0,2,AR_postwar_0.0047,0.0047,0.0745,0.149
prime_age_nonemployment,0.0,dws_low_0.296,1.0,0.0,off_1.0,5,off_0.0000,0.0,0.036,0.18
prime_age_nonemployment,0.0,dws_low_0.296,1.0,0.0,off_1.0,5,AR_recent_0.0035,0.0035,0.0395,0.1975
prime_age_nonemployment,0.0,dws_low_0.296,1.0,0.0,off_1.0,5,AR_postwar_0.0047,0.0047,0.0405,0.2025
prime_age_nonemployment,0.0,dws_low_0.296,1.0,0.0,off_1.0,10,off_0.0000,0.0,0.017,0.17
prime_age_nonemployment,0.0,dws_low_0.296,1.0,0.0,off_1.0,10,AR_recent_0.0035,0.0035,0.0205,0.205
prime_age_nonemployment,0.0,dws_low_0.296,1.0,0.0,off_1.0,10,AR_postwar_0.0047,0.0047,0.022,0.22
prime_age_nonemployment,0.0,dws_low_0.296,1.0,0.0,off_1.0,20,off_0.0000,0.0,0.001,0.02
prime_age_nonemployment,0.0,dws_low_0.296,1.0,0.0,off_1.0,20,AR_recent_0.0035,0.0035,0.0045,0.09
prime_age_nonemployment,0.0,dws_low_0.296,1.0,0.0,off_1.0,20,AR_postwar_0.0047,0.0047,0.006,0.12
prime_age_nonemployment,0.0,dws_low_0.296,1.0,0.0,on_1.5,2,off_0.0000,0.0,0.068,0.136
prime_age_nonemployment,0.0,dws_low_0.296,1.0,0.0,on_1.5,2,AR_recent_0.0035,0.0035,0.0715,0.143
prime_age_nonemployment,0.0,dws_low_0.296,1.0,0.0,on_1.5,2,AR_postwar_0.0047,0.0047,0.0725,0.145
prime_age_nonemployment,0.0,dws_low_0.296,1.0,0.0,on_1.5,5,off_0.0000,0.0,0.03,0.15
prime_age_nonemployment,0.0,dws_low_0.296,1.0,0.0,on_1.5,5,AR_recent_0.0035,0.0035,0.0335,0.1675
prime_age_nonemployment,0.0,dws_low_0.296,1.0,0.0,on_1.5,5,AR_postwar_0.0047,0.0047,0.035,0.175
prime_age_nonemployment,0.0,dws_low_0.296,1.0,0.0,on_1.5,10,off_0.0000,0.0,0.009,0.09
prime_age_nonemployment,0.0,dws_low_0.296,1.0,0.0,on_1.5,10,AR_recent_0.0035,0.0035,0.0125,0.125
prime_age_nonemployment,0.0,dws_low_0.296,1.0,0.0,on_1.5,10,AR_postwar_0.0047,0.0047,0.014,0.14
prime_age_nonemployment,0.0,dws_low_0.296,1.0,0.0,on_1.5,20,off_0.0000,0.0,,
prime_age_nonemployment,0.0,dws_low_0.296,1.0,0.0,on_1.5,20,AR_recent_0.0035,0.0035,,
prime_age_nonemployment,0.0,dws_low_0.296,1.0,0.0,on_1.5,20,AR_postwar_0.0047,0.0047,,
prime_age_nonemployment,0.0,dws_low_0.296,1.0,0.5,off_1.0,2,off_0.0000,0.0,0.07,0.14
prime_age_nonemployment,0.0,dws_low_0.296,1.0,0.5,off_1.0,2,AR_recent_0.0035,0.0035,0.0735,0.147
prime_age_nonemployment,0.0,dws_low_0.296,1.0,0.5,off_1.0,2,AR_postwar_0.0047,0.0047,0.0745,0.149
prime_age_nonemployment,0.0,dws_low_0.296,1.0,0.5,off_1.0,5,off_0.0000,0.0,0.036,0.18
prime_age_nonemployment,0.0,dws_low_0.296,1.0,0.5,off_1.0,5,AR_recent_0.0035,0.0035,0.0395,0.1975
prime_age_nonemployment,0.0,dws_low_0.296,1.0,0.5,off_1.0,5,AR_postwar_0.0047,0.0047,0.0405,0.2025
prime_age_nonemployment,0.0,dws_low_0.296,1.0,0.5,off_1.0,10,off_0.0000,0.0,0.017,0.17
prime_age_nonemployment,0.0,dws_low_0.296,1.0,0.5,off_1.0,10,AR_recent_0.0035,0.0035,0.0205,0.205
prime_age_nonemployment,0.0,dws_low_0.296,1.0,0.5,off_1.0,10,AR_postwar_0.0047,0.0047,0.022,0.22
prime_age_nonemployment,0.0,dws_low_0.296,1.0,0.5,off_1.0,20,off_0.0000,0.0,0.001,0.02
prime_age_nonemployment,0.0,dws_low_0.296,1.0,0.5,off_1.0,20,AR_recent_0.0035,0.0035,0.0045,0.09
prime_age_nonemployment,0.0,dws_low_0.296,1.0,0.5,off_1.0,20,AR_postwar_0.0047,0.0047,0.006,0.12
prime_age_nonemployment,0.0,dws_low_0.296,1.0,0.5,on_1.5,2,off_0.0000,0.0,0.068,0.136
prime_age_nonemployment,0.0,dws_low_0.296,1.0,0.5,on_1.5,2,AR_recent_0.0035,0.0035,0.0715,0.143
prime_age_nonemployment,0.0,dws_low_0.296,1.0,0.5,on_1.5,2,AR_postwar_0.0047,0.0047,0.0725,0.145
prime_age_nonemployment,0.0,dws_low_0.296,1.0,0.5,on_1.5,5,off_0.0000,0.0,0.03,0.15
prime_age_nonemployment,0.0,dws_low_0.296,1.0,0.5,on_1.5,5,AR_recent_0.0035,0.0035,0.0335,0.1675
prime_age_nonemployment,0.0,dws_low_0.296,1.0,0.5,on_1.5,5,AR_postwar_0.0047,0.0047,0.035,0.175
prime_age_nonemployment,0.0,dws_low_0.296,1.0,0.5,on_1.5,10,off_0.0000,0.0,0.009,0.09
prime_age_nonemployment,0.0,dws_low_0.296,1.0,0.5,on_1.5,10,AR_recent_0.0035,0.0035,0.0125,0.125
prime_age_nonemployment,0.0,dws_low_0.296,1.0,0.5,on_1.5,10,AR_postwar_0.0047,0.0047,0.014,0.14
prime_age_nonemployment,0.0,dws_low_0.296,1.0,0.5,on_1.5,20,off_0.0000,0.0,,
prime_age_nonemployment,0.0,dws_low_0.296,1.0,0.5,on_1.5,20,AR_recent_0.0035,0.0035,,
prime_age_nonemployment,0.0,dws_low_0.296,1.0,0.5,on_1.5,20,AR_postwar_0.0047,0.0047,,
prime_age_nonemployment,0.0,dws_low_0.296,1.0,1.0,off_1.0,2,off_0.0000,0.0,0.07,0.14
prime_age_nonemployment,0.0,dws_low_0.296,1.0,1.0,off_1.0,2,AR_recent_0.0035,0.0035,0.0735,0.147
prime_age_nonemployment,0.0,dws_low_0.296,1.0,1.0,off_1.0,2,AR_postwar_0.0047,0.0047,0.0745,0.149
prime_age_nonemployment,0.0,dws_low_0.296,1.0,1.0,off_1.0,5,off_0.0000,0.0,0.036,0.18
prime_age_nonemployment,0.0,dws_low_0.296,1.0,1.0,off_1.0,5,AR_recent_0.0035,0.0035,0.0395,0.1975
prime_age_nonemployment,0.0,dws_low_0.296,1.0,1.0,off_1.0,5,AR_postwar_0.0047,0.0047,0.0405,0.2025
prime_age_nonemployment,0.0,dws_low_0.296,1.0,1.0,off_1.0,10,off_0.0000,0.0,0.017,0.17
prime_age_nonemployment,0.0,dws_low_0.296,1.0,1.0,off_1.0,10,AR_recent_0.0035,0.0035,0.0205,0.205
prime_age_nonemployment,0.0,dws_low_0.296,1.0,1.0,off_1.0,10,AR_postwar_0.0047,0.0047,0.022,0.22
prime_age_nonemployment,0.0,dws_low_0.296,1.0,1.0,off_1.0,20,off_0.0000,0.0,0.001,0.02
prime_age_nonemployment,0.0,dws_low_0.296,1.0,1.0,off_1.0,20,AR_recent_0.0035,0.0035,0.0045,0.09
prime_age_nonemployment,0.0,dws_low_0.296,1.0,1.0,off_1.0,20,AR_postwar_0.0047,0.0047,0.006,0.12
prime_age_nonemployment,0.0,dws_low_0.296,1.0,1.0,on_1.5,2,off_0.0000,0.0,0.068,0.136
prime_age_nonemployment,0.0,dws_low_0.296,1.0,1.0,on_1.5,2,AR_recent_0.0035,0.0035,0.0715,0.143
prime_age_nonemployment,0.0,dws_low_0.296,1.0,1.0,on_1.5,2,AR_postwar_0.0047,0.0047,0.0725,0.145
prime_age_nonemployment,0.0,dws_low_0.296,1.0,1.0,on_1.5,5,off_0.0000,0.0,0.03,0.15
prime_age_nonemployment,0.0,dws_low_0.296,1.0,1.0,on_1.5,5,AR_recent_0.0035,0.0035,0.0335,0.1675
prime_age_nonemployment,0.0,dws_low_0.296,1.0,1.0,on_1.5,5,AR_postwar_0.0047,0.0047,0.035,0.175
prime_age_nonemployment,0.0,dws_low_0.296,1.0,1.0,on_1.5,10,off_0.0000,0.0,0.009,0.09
prime_age_nonemployment,0.0,dws_low_0.296,1.0,1.0,on_1.5,10,AR_recent_0.0035,0.0035,0.0125,0.125
prime_age_nonemployment,0.0,dws_low_0.296,1.0,1.0,on_1.5,10,AR_postwar_0.0047,0.0047,0.014,0.14
prime_age_nonemployment,0.0,dws_low_0.296,1.0,1.0,on_1.5,20,off_0.0000,0.0,,
prime_age_nonemployment,0.0,dws_low_0.296,1.0,1.0,on_1.5,20,AR_recent_0.0035,0.0035,,
prime_age_nonemployment,0.0,dws_low_0.296,1.0,1.0,on_1.5,20,AR_postwar_0.0047,0.0047,,
prime_age_nonemployment,0.0,dws_low_0.296,1.5,0.0,off_1.0,2,off_0.0000,0.0,0.071,0.142
prime_age_nonemployment,0.0,dws_low_0.296,1.5,0.0,off_1.0,2,AR_recent_0.0035,0.0035,0.0745,0.149
prime_age_nonemployment,0.0,dws_low_0.296,1.5,0.0,off_1.0,2,AR_postwar_0.0047,0.0047,0.0755,0.151
prime_age_nonemployment,0.0,dws_low_0.296,1.5,0.0,off_1.0,5,off_0.0000,0.0,0.0345,0.1725
prime_age_nonemployment,0.0,dws_low_0.296,1.5,0.0,off_1.0,5,AR_recent_0.0035,0.0035,0.038,0.19
prime_age_nonemployment,0.0,dws_low_0.296,1.5,0.0,off_1.0,5,AR_postwar_0.0047,0.0047,0.039,0.195
prime_age_nonemployment,0.0,dws_low_0.296,1.5,0.0,off_1.0,10,off_0.0000,0.0,0.02,0.2
prime_age_nonemployment,0.0,dws_low_0.296,1.5,0.0,off_1.0,10,AR_recent_0.0035,0.0035,0.0235,0.235
prime_age_nonemployment,0.0,dws_low_0.296,1.5,0.0,off_1.0,10,AR_postwar_0.0047,0.0047,0.025,0.25
prime_age_nonemployment,0.0,dws_low_0.296,1.5,0.0,off_1.0,20,off_0.0000,0.0,0.0075,0.15
prime_age_nonemployment,0.0,dws_low_0.296,1.5,0.0,off_1.0,20,AR_recent_0.0035,0.0035,0.011,0.22
prime_age_nonemployment,0.0,dws_low_0.296,1.5,0.0,off_1.0,20,AR_postwar_0.0047,0.0047,0.012,0.24
prime_age_nonemployment,0.0,dws_low_0.296,1.5,0.0,on_1.5,2,off_0.0000,0.0,0.0695,0.139
prime_age_nonemployment,0.0,dws_low_0.296,1.5,0.0,on_1.5,2,AR_recent_0.0035,0.0035,0.073,0.146
prime_age_nonemployment,0.0,dws_low_0.296,1.5,0.0,on_1.5,2,AR_postwar_0.0047,0.0047,0.0745,0.149
prime_age_nonemployment,0.0,dws_low_0.296,1.5,0.0,on_1.5,5,off_0.0000,0.0,0.031,0.155
prime_age_nonemployment,0.0,dws_low_0.296,1.5,0.0,on_1.5,5,AR_recent_0.0035,0.0035,0.0345,0.1725
prime_age_nonemployment,0.0,dws_low_0.296,1.5,0.0,on_1.5,5,AR_postwar_0.0047,0.0047,0.0355,0.1775
prime_age_nonemployment,0.0,dws_low_0.296,1.5,0.0,on_1.5,10,off_0.0000,0.0,0.0145,0.145
prime_age_nonemployment,0.0,dws_low_0.296,1.5,0.0,on_1.5,10,AR_recent_0.0035,0.0035,0.018,0.18
prime_age_nonemployment,0.0,dws_low_0.296,1.5,0.0,on_1.5,10,AR_postwar_0.0047,0.0047,0.0195,0.195
prime_age_nonemployment,0.0,dws_low_0.296,1.5,0.0,on_1.5,20,off_0.0000,0.0,0.0015,0.03
prime_age_nonemployment,0.0,dws_low_0.296,1.5,0.0,on_1.5,20,AR_recent_0.0035,0.0035,0.005,0.1
prime_age_nonemployment,0.0,dws_low_0.296,1.5,0.0,on_1.5,20,AR_postwar_0.0047,0.0047,0.006,0.12
prime_age_nonemployment,0.0,dws_low_0.296,1.5,0.5,off_1.0,2,off_0.0000,0.0,0.071,0.142
prime_age_nonemployment,0.0,dws_low_0.296,1.5,0.5,off_1.0,2,AR_recent_0.0035,0.0035,0.0745,0.149
prime_age_nonemployment,0.0,dws_low_0.296,1.5,0.5,off_1.0,2,AR_postwar_0.0047,0.0047,0.0755,0.151
prime_age_nonemployment,0.0,dws_low_0.296,1.5,0.5,off_1.0,5,off_0.0000,0.0,0.0345,0.1725
prime_age_nonemployment,0.0,dws_low_0.296,1.5,0.5,off_1.0,5,AR_recent_0.0035,0.0035,0.038,0.19
prime_age_nonemployment,0.0,dws_low_0.296,1.5,0.5,off_1.0,5,AR_postwar_0.0047,0.0047,0.039,0.195
prime_age_nonemployment,0.0,dws_low_0.296,1.5,0.5,off_1.0,10,off_0.0000,0.0,0.02,0.2
prime_age_nonemployment,0.0,dws_low_0.296,1.5,0.5,off_1.0,10,AR_recent_0.0035,0.0035,0.0235,0.235
prime_age_nonemployment,0.0,dws_low_0.296,1.5,0.5,off_1.0,10,AR_postwar_0.0047,0.0047,0.025,0.25
prime_age_nonemployment,0.0,dws_low_0.296,1.5,0.5,off_1.0,20,off_0.0000,0.0,0.0075,0.15
prime_age_nonemployment,0.0,dws_low_0.296,1.5,0.5,off_1.0,20,AR_recent_0.0035,0.0035,0.011,0.22
prime_age_nonemployment,0.0,dws_low_0.296,1.5,0.5,off_1.0,20,AR_postwar_0.0047,0.0047,0.012,0.24
prime_age_nonemployment,0.0,dws_low_0.296,1.5,0.5,on_1.5,2,off_0.0000,0.0,0.0695,0.139
prime_age_nonemployment,0.0,dws_low_0.296,1.5,0.5,on_1.5,2,AR_recent_0.0035,0.0035,0.073,0.146
prime_age_nonemployment,0.0,dws_low_0.296,1.5,0.5,on_1.5,2,AR_postwar_0.0047,0.0047,0.0745,0.149
prime_age_nonemployment,0.0,dws_low_0.296,1.5,0.5,on_1.5,5,off_0.0000,0.0,0.031,0.155
prime_age_nonemployment,0.0,dws_low_0.296,1.5,0.5,on_1.5,5,AR_recent_0.0035,0.0035,0.0345,0.1725
prime_age_nonemployment,0.0,dws_low_0.296,1.5,0.5,on_1.5,5,AR_postwar_0.0047,0.0047,0.0355,0.1775
prime_age_nonemployment,0.0,dws_low_0.296,1.5,0.5,on_1.5,10,off_0.0000,0.0,0.0145,0.145
prime_age_nonemployment,0.0,dws_low_0.296,1.5,0.5,on_1.5,10,AR_recent_0.0035,0.0035,0.018,0.18
prime_age_nonemployment,0.0,dws_low_0.296,1.5,0.5,on_1.5,10,AR_postwar_0.0047,0.0047,0.0195,0.195
prime_age_nonemployment,0.0,dws_low_0.296,1.5,0.5,on_1.5,20,off_0.0000,0.0,0.0015,0.03
prime_age_nonemployment,0.0,dws_low_0.296,1.5,0.5,on_1.5,20,AR_recent_0.0035,0.0035,0.005,0.1
prime_age_nonemployment,0.0,dws_low_0.296,1.5,0.5,on_1.5,20,AR_postwar_0.0047,0.0047,0.006,0.12
prime_age_nonemployment,0.0,dws_low_0.296,1.5,1.0,off_1.0,2,off_0.0000,0.0,0.071,0.142
prime_age_nonemployment,0.0,dws_low_0.296,1.5,1.0,off_1.0,2,AR_recent_0.0035,0.0035,0.0745,0.149
prime_age_nonemployment,0.0,dws_low_0.296,1.5,1.0,off_1.0,2,AR_postwar_0.0047,0.0047,0.0755,0.151
prime_age_nonemployment,0.0,dws_low_0.296,1.5,1.0,off_1.0,5,off_0.0000,0.0,0.0345,0.1725
prime_age_nonemployment,0.0,dws_low_0.296,1.5,1.0,off_1.0,5,AR_recent_0.0035,0.0035,0.038,0.19
prime_age_nonemployment,0.0,dws_low_0.296,1.5,1.0,off_1.0,5,AR_postwar_0.0047,0.0047,0.039,0.195
prime_age_nonemployment,0.0,dws_low_0.296,1.5,1.0,off_1.0,10,off_0.0000,0.0,0.02,0.2
prime_age_nonemployment,0.0,dws_low_0.296,1.5,1.0,off_1.0,10,AR_recent_0.0035,0.0035,0.0235,0.235
prime_age_nonemployment,0.0,dws_low_0.296,1.5,1.0,off_1.0,10,AR_postwar_0.0047,0.0047,0.025,0.25
prime_age_nonemployment,0.0,dws_low_0.296,1.5,1.0,off_1.0,20,off_0.0000,0.0,0.0075,0.15
prime_age_nonemployment,0.0,dws_low_0.296,1.5,1.0,off_1.0,20,AR_recent_0.0035,0.0035,0.011,0.22
prime_age_nonemployment,0.0,dws_low_0.296,1.5,1.0,off_1.0,20,AR_postwar_0.0047,0.0047,0.012,0.24
prime_age_nonemployment,0.0,dws_low_0.296,1.5,1.0,on_1.5,2,off_0.0000,0.0,0.0695,0.139
prime_age_nonemployment,0.0,dws_low_0.296,1.5,1.0,on_1.5,2,AR_recent_0.0035,0.0035,0.073,0.146
prime_age_nonemployment,0.0,dws_low_0.296,1.5,1.0,on_1.5,2,AR_postwar_0.0047,0.0047,0.0745,0.149
prime_age_nonemployment,0.0,dws_low_0.296,1.5,1.0,on_1.5,5,off_0.0000,0.0,0.031,0.155
prime_age_nonemployment,0.0,dws_low_0.296,1.5,1.0,on_1.5,5,AR_recent_0.0035,0.0035,0.0345,0.1725
prime_age_nonemployment,0.0,dws_low_0.296,1.5,1.0,on_1.5,5,AR_postwar_0.0047,0.0047,0.0355,0.1775
prime_age_nonemployment,0.0,dws_low_0.296,1.5,1.0,on_1.5,10,off_0.0000,0.0,0.0145,0.145
prime_age_nonemployment,0.0,dws_low_0.296,1.5,1.0,on_1.5,10,AR_recent_0.0035,0.0035,0.018,0.18
prime_age_nonemployment,0.0,dws_low_0.296,1.5,1.0,on_1.5,10,AR_postwar_0.0047,0.0047,0.0195,0.195
prime_age_nonemployment,0.0,dws_low_0.296,1.5,1.0,on_1.5,20,off_0.0000,0.0,0.0015,0.03
prime_age_nonemployment,0.0,dws_low_0.296,1.5,1.0,on_1.5,20,AR_recent_0.0035,0.0035,0.005,0.1
prime_age_nonemployment,0.0,dws_low_0.296,1.5,1.0,on_1.5,20,AR_postwar_0.0047,0.0047,0.006,0.12
prime_age_nonemployment,0.0,dws_low_0.296,2.0,0.0,off_1.0,2,off_0.0000,0.0,0.0715,0.143
prime_age_nonemployment,0.0,dws_low_0.296,2.0,0.0,off_1.0,2,AR_recent_0.0035,0.0035,0.075,0.15
prime_age_nonemployment,0.0,dws_low_0.296,2.0,0.0,off_1.0,2,AR_postwar_0.0047,0.0047,0.0765,0.153
prime_age_nonemployment,0.0,dws_low_0.296,2.0,0.0,off_1.0,5,off_0.0000,0.0,0.0325,0.1625
prime_age_nonemployment,0.0,dws_low_0.296,2.0,0.0,off_1.0,5,AR_recent_0.0035,0.0035,0.036,0.18
prime_age_nonemployment,0.0,dws_low_0.296,2.0,0.0,off_1.0,5,AR_postwar_0.0047,0.0047,0.037,0.185
prime_age_nonemployment,0.0,dws_low_0.296,2.0,0.0,off_1.0,10,off_0.0000,0.0,0.021,0.21
prime_age_nonemployment,0.0,dws_low_0.296,2.0,0.0,off_1.0,10,AR_recent_0.0035,0.0035,0.0245,0.245
prime_age_nonemployment,0.0,dws_low_0.296,2.0,0.0,off_1.0,10,AR_postwar_0.0047,0.0047,0.0255,0.255
prime_age_nonemployment,0.0,dws_low_0.296,2.0,0.0,off_1.0,20,off_0.0000,0.0,0.0105,0.21
prime_age_nonemployment,0.0,dws_low_0.296,2.0,0.0,off_1.0,20,AR_recent_0.0035,0.0035,0.014,0.28
prime_age_nonemployment,0.0,dws_low_0.296,2.0,0.0,off_1.0,20,AR_postwar_0.0047,0.0047,0.015,0.3
prime_age_nonemployment,0.0,dws_low_0.296,2.0,0.0,on_1.5,2,off_0.0000,0.0,0.0705,0.141
prime_age_nonemployment,0.0,dws_low_0.296,2.0,0.0,on_1.5,2,AR_recent_0.0035,0.0035,0.074,0.148
prime_age_nonemployment,0.0,dws_low_0.296,2.0,0.0,on_1.5,2,AR_postwar_0.0047,0.0047,0.0755,0.151
prime_age_nonemployment,0.0,dws_low_0.296,2.0,0.0,on_1.5,5,off_0.0000,0.0,0.0305,0.1525
prime_age_nonemployment,0.0,dws_low_0.296,2.0,0.0,on_1.5,5,AR_recent_0.0035,0.0035,0.034,0.17
prime_age_nonemployment,0.0,dws_low_0.296,2.0,0.0,on_1.5,5,AR_postwar_0.0047,0.0047,0.035,0.175
prime_age_nonemployment,0.0,dws_low_0.296,2.0,0.0,on_1.5,10,off_0.0000,0.0,0.017,0.17
prime_age_nonemployment,0.0,dws_low_0.296,2.0,0.0,on_1.5,10,AR_recent_0.0035,0.0035,0.0205,0.205
prime_age_nonemployment,0.0,dws_low_0.296,2.0,0.0,on_1.5,10,AR_postwar_0.0047,0.0047,0.0215,0.215
prime_age_nonemployment,0.0,dws_low_0.296,2.0,0.0,on_1.5,20,off_0.0000,0.0,0.0055,0.11
prime_age_nonemployment,0.0,dws_low_0.296,2.0,0.0,on_1.5,20,AR_recent_0.0035,0.0035,0.009,0.18
prime_age_nonemployment,0.0,dws_low_0.296,2.0,0.0,on_1.5,20,AR_postwar_0.0047,0.0047,0.0105,0.21
prime_age_nonemployment,0.0,dws_low_0.296,2.0,0.5,off_1.0,2,off_0.0000,0.0,0.0715,0.143
prime_age_nonemployment,0.0,dws_low_0.296,2.0,0.5,off_1.0,2,AR_recent_0.0035,0.0035,0.075,0.15
prime_age_nonemployment,0.0,dws_low_0.296,2.0,0.5,off_1.0,2,AR_postwar_0.0047,0.0047,0.0765,0.153
prime_age_nonemployment,0.0,dws_low_0.296,2.0,0.5,off_1.0,5,off_0.0000,0.0,0.0325,0.1625
prime_age_nonemployment,0.0,dws_low_0.296,2.0,0.5,off_1.0,5,AR_recent_0.0035,0.0035,0.036,0.18
prime_age_nonemployment,0.0,dws_low_0.296,2.0,0.5,off_1.0,5,AR_postwar_0.0047,0.0047,0.037,0.185
prime_age_nonemployment,0.0,dws_low_0.296,2.0,0.5,off_1.0,10,off_0.0000,0.0,0.021,0.21
prime_age_nonemployment,0.0,dws_low_0.296,2.0,0.5,off_1.0,10,AR_recent_0.0035,0.0035,0.0245,0.245
prime_age_nonemployment,0.0,dws_low_0.296,2.0,0.5,off_1.0,10,AR_postwar_0.0047,0.0047,0.0255,0.255
prime_age_nonemployment,0.0,dws_low_0.296,2.0,0.5,off_1.0,20,off_0.0000,0.0,0.0105,0.21
prime_age_nonemployment,0.0,dws_low_0.296,2.0,0.5,off_1.0,20,AR_recent_0.0035,0.0035,0.014,0.28
prime_age_nonemployment,0.0,dws_low_0.296,2.0,0.5,off_1.0,20,AR_postwar_0.0047,0.0047,0.015,0.3
prime_age_nonemployment,0.0,dws_low_0.296,2.0,0.5,on_1.5,2,off_0.0000,0.0,0.0705,0.141
prime_age_nonemployment,0.0,dws_low_0.296,2.0,0.5,on_1.5,2,AR_recent_0.0035,0.0035,0.074,0.148
prime_age_nonemployment,0.0,dws_low_0.296,2.0,0.5,on_1.5,2,AR_postwar_0.0047,0.0047,0.0755,0.151
prime_age_nonemployment,0.0,dws_low_0.296,2.0,0.5,on_1.5,5,off_0.0000,0.0,0.0305,0.1525
prime_age_nonemployment,0.0,dws_low_0.296,2.0,0.5,on_1.5,5,AR_recent_0.0035,0.0035,0.034,0.17
prime_age_nonemployment,0.0,dws_low_0.296,2.0,0.5,on_1.5,5,AR_postwar_0.0047,0.0047,0.035,0.175
prime_age_nonemployment,0.0,dws_low_0.296,2.0,0.5,on_1.5,10,off_0.0000,0.0,0.017,0.17
prime_age_nonemployment,0.0,dws_low_0.296,2.0,0.5,on_1.5,10,AR_recent_0.0035,0.0035,0.0205,0.205
prime_age_nonemployment,0.0,dws_low_0.296,2.0,0.5,on_1.5,10,AR_postwar_0.0047,0.0047,0.0215,0.215
prime_age_nonemployment,0.0,dws_low_0.296,2.0,0.5,on_1.5,20,off_0.0000,0.0,0.0055,0.11
prime_age_nonemployment,0.0,dws_low_0.296,2.0,0.5,on_1.5,20,AR_recent_0.0035,0.0035,0.009,0.18
prime_age_nonemployment,0.0,dws_low_0.296,2.0,0.5,on_1.5,20,AR_postwar_0.0047,0.0047,0.0105,0.21
prime_age_nonemployment,0.0,dws_low_0.296,2.0,1.0,off_1.0,2,off_0.0000,0.0,0.0715,0.143
prime_age_nonemployment,0.0,dws_low_0.296,2.0,1.0,off_1.0,2,AR_recent_0.0035,0.0035,0.075,0.15
prime_age_nonemployment,0.0,dws_low_0.296,2.0,1.0,off_1.0,2,AR_postwar_0.0047,0.0047,0.0765,0.153
prime_age_nonemployment,0.0,dws_low_0.296,2.0,1.0,off_1.0,5,off_0.0000,0.0,0.0325,0.1625
prime_age_nonemployment,0.0,dws_low_0.296,2.0,1.0,off_1.0,5,AR_recent_0.0035,0.0035,0.036,0.18
prime_age_nonemployment,0.0,dws_low_0.296,2.0,1.0,off_1.0,5,AR_postwar_0.0047,0.0047,0.037,0.185
prime_age_nonemployment,0.0,dws_low_0.296,2.0,1.0,off_1.0,10,off_0.0000,0.0,0.021,0.21
prime_age_nonemployment,0.0,dws_low_0.296,2.0,1.0,off_1.0,10,AR_recent_0.0035,0.0035,0.0245,0.245
prime_age_nonemployment,0.0,dws_low_0.296,2.0,1.0,off_1.0,10,AR_postwar_0.0047,0.0047,0.0255,0.255
prime_age_nonemployment,0.0,dws_low_0.296,2.0,1.0,off_1.0,20,off_0.0000,0.0,0.0105,0.21
prime_age_nonemployment,0.0,dws_low_0.296,2.0,1.0,off_1.0,20,AR_recent_0.0035,0.0035,0.014,0.28
prime_age_nonemployment,0.0,dws_low_0.296,2.0,1.0,off_1.0,20,AR_postwar_0.0047,0.0047,0.015,0.3
prime_age_nonemployment,0.0,dws_low_0.296,2.0,1.0,on_1.5,2,off_0.0000,0.0,0.0705,0.141
prime_age_nonemployment,0.0,dws_low_0.296,2.0,1.0,on_1.5,2,AR_recent_0.0035,0.0035,0.074,0.148
prime_age_nonemployment,0.0,dws_low_0.296,2.0,1.0,on_1.5,2,AR_postwar_0.0047,0.0047,0.0755,0.151
prime_age_nonemployment,0.0,dws_low_0.296,2.0,1.0,on_1.5,5,off_0.0000,0.0,0.0305,0.1525
prime_age_nonemployment,0.0,dws_low_0.296,2.0,1.0,on_1.5,5,AR_recent_0.0035,0.0035,0.034,0.17
prime_age_nonemployment,0.0,dws_low_0.296,2.0,1.0,on_1.5,5,AR_postwar_0.0047,0.0047,0.035,0.175
prime_age_nonemployment,0.0,dws_low_0.296,2.0,1.0,on_1.5,10,off_0.0000,0.0,0.017,0.17
prime_age_nonemployment,0.0,dws_low_0.296,2.0,1.0,on_1.5,10,AR_recent_0.0035,0.0035,0.0205,0.205
prime_age_nonemployment,0.0,dws_low_0.296,2.0,1.0,on_1.5,10,AR_postwar_0.0047,0.0047,0.0215,0.215
prime_age_nonemployment,0.0,dws_low_0.296,2.0,1.0,on_1.5,20,off_0.0000,0.0,0.0055,0.11
prime_age_nonemployment,0.0,dws_low_0.296,2.0,1.0,on_1.5,20,AR_recent_0.0035,0.0035,0.009,0.18
prime_age_nonemployment,0.0,dws_low_0.296,2.0,1.0,on_1.5,20,AR_postwar_0.0047,0.0047,0.0105,0.21
prime_age_nonemployment,0.0,dws_high_0.643,1.0,0.0,off_1.0,2,off_0.0000,0.0,0.0655,0.131
prime_age_nonemployment,0.0,dws_high_0.643,1.0,0.0,off_1.0,2,AR_recent_0.0035,0.0035,0.069,0.138
prime_age_nonemployment,0.0,dws_high_0.643,1.0,0.0,off_1.0,2,AR_postwar_0.0047,0.0047,0.07,0.14
prime_age_nonemployment,0.0,dws_high_0.643,1.0,0.0,off_1.0,5,off_0.0000,0.0,0.026,0.13
prime_age_nonemployment,0.0,dws_high_0.643,1.0,0.0,off_1.0,5,AR_recent_0.0035,0.0035,0.0295,0.1475
prime_age_nonemployment,0.0,dws_high_0.643,1.0,0.0,off_1.0,5,AR_postwar_0.0047,0.0047,0.031,0.155
prime_age_nonemployment,0.0,dws_high_0.643,1.0,0.0,off_1.0,10,off_0.0000,0.0,0.001,0.01
prime_age_nonemployment,0.0,dws_high_0.643,1.0,0.0,off_1.0,10,AR_recent_0.0035,0.0035,0.0045,0.045
prime_age_nonemployment,0.0,dws_high_0.643,1.0,0.0,off_1.0,10,AR_postwar_0.0047,0.0047,0.006,0.06
prime_age_nonemployment,0.0,dws_high_0.643,1.0,0.0,off_1.0,20,off_0.0000,0.0,,
prime_age_nonemployment,0.0,dws_high_0.643,1.0,0.0,off_1.0,20,AR_recent_0.0035,0.0035,,
prime_age_nonemployment,0.0,dws_high_0.643,1.0,0.0,off_1.0,20,AR_postwar_0.0047,0.0047,,
prime_age_nonemployment,0.0,dws_high_0.643,1.0,0.0,on_1.5,2,off_0.0000,0.0,0.0615,0.123
prime_age_nonemployment,0.0,dws_high_0.643,1.0,0.0,on_1.5,2,AR_recent_0.0035,0.0035,0.065,0.13
prime_age_nonemployment,0.0,dws_high_0.643,1.0,0.0,on_1.5,2,AR_postwar_0.0047,0.0047,0.066,0.132
prime_age_nonemployment,0.0,dws_high_0.643,1.0,0.0,on_1.5,5,off_0.0000,0.0,0.015,0.075
prime_age_nonemployment,0.0,dws_high_0.643,1.0,0.0,on_1.5,5,AR_recent_0.0035,0.0035,0.0185,0.0925
prime_age_nonemployment,0.0,dws_high_0.643,1.0,0.0,on_1.5,5,AR_postwar_0.0047,0.0047,0.02,0.1
prime_age_nonemployment,0.0,dws_high_0.643,1.0,0.0,on_1.5,10,off_0.0000,0.0,,
prime_age_nonemployment,0.0,dws_high_0.643,1.0,0.0,on_1.5,10,AR_recent_0.0035,0.0035,,
prime_age_nonemployment,0.0,dws_high_0.643,1.0,0.0,on_1.5,10,AR_postwar_0.0047,0.0047,,
prime_age_nonemployment,0.0,dws_high_0.643,1.0,0.0,on_1.5,20,off_0.0000,0.0,,
prime_age_nonemployment,0.0,dws_high_0.643,1.0,0.0,on_1.5,20,AR_recent_0.0035,0.0035,,
prime_age_nonemployment,0.0,dws_high_0.643,1.0,0.0,on_1.5,20,AR_postwar_0.0047,0.0047,,
prime_age_nonemployment,0.0,dws_high_0.643,1.0,0.5,off_1.0,2,off_0.0000,0.0,0.0655,0.131
prime_age_nonemployment,0.0,dws_high_0.643,1.0,0.5,off_1.0,2,AR_recent_0.0035,0.0035,0.069,0.138
prime_age_nonemployment,0.0,dws_high_0.643,1.0,0.5,off_1.0,2,AR_postwar_0.0047,0.0047,0.07,0.14
prime_age_nonemployment,0.0,dws_high_0.643,1.0,0.5,off_1.0,5,off_0.0000,0.0,0.026,0.13
prime_age_nonemployment,0.0,dws_high_0.643,1.0,0.5,off_1.0,5,AR_recent_0.0035,0.0035,0.0295,0.1475
prime_age_nonemployment,0.0,dws_high_0.643,1.0,0.5,off_1.0,5,AR_postwar_0.0047,0.0047,0.031,0.155
prime_age_nonemployment,0.0,dws_high_0.643,1.0,0.5,off_1.0,10,off_0.0000,0.0,0.001,0.01
prime_age_nonemployment,0.0,dws_high_0.643,1.0,0.5,off_1.0,10,AR_recent_0.0035,0.0035,0.0045,0.045
prime_age_nonemployment,0.0,dws_high_0.643,1.0,0.5,off_1.0,10,AR_postwar_0.0047,0.0047,0.006,0.06
prime_age_nonemployment,0.0,dws_high_0.643,1.0,0.5,off_1.0,20,off_0.0000,0.0,,
prime_age_nonemployment,0.0,dws_high_0.643,1.0,0.5,off_1.0,20,AR_recent_0.0035,0.0035,,
prime_age_nonemployment,0.0,dws_high_0.643,1.0,0.5,off_1.0,20,AR_postwar_0.0047,0.0047,,
prime_age_nonemployment,0.0,dws_high_0.643,1.0,0.5,on_1.5,2,off_0.0000,0.0,0.0615,0.123
prime_age_nonemployment,0.0,dws_high_0.643,1.0,0.5,on_1.5,2,AR_recent_0.0035,0.0035,0.065,0.13
prime_age_nonemployment,0.0,dws_high_0.643,1.0,0.5,on_1.5,2,AR_postwar_0.0047,0.0047,0.066,0.132
prime_age_nonemployment,0.0,dws_high_0.643,1.0,0.5,on_1.5,5,off_0.0000,0.0,0.015,0.075
prime_age_nonemployment,0.0,dws_high_0.643,1.0,0.5,on_1.5,5,AR_recent_0.0035,0.0035,0.0185,0.0925
prime_age_nonemployment,0.0,dws_high_0.643,1.0,0.5,on_1.5,5,AR_postwar_0.0047,0.0047,0.02,0.1
prime_age_nonemployment,0.0,dws_high_0.643,1.0,0.5,on_1.5,10,off_0.0000,0.0,,
prime_age_nonemployment,0.0,dws_high_0.643,1.0,0.5,on_1.5,10,AR_recent_0.0035,0.0035,,
prime_age_nonemployment,0.0,dws_high_0.643,1.0,0.5,on_1.5,10,AR_postwar_0.0047,0.0047,,
prime_age_nonemployment,0.0,dws_high_0.643,1.0,0.5,on_1.5,20,off_0.0000,0.0,,
prime_age_nonemployment,0.0,dws_high_0.643,1.0,0.5,on_1.5,20,AR_recent_0.0035,0.0035,,
prime_age_nonemployment,0.0,dws_high_0.643,1.0,0.5,on_1.5,20,AR_postwar_0.0047,0.0047,,
prime_age_nonemployment,0.0,dws_high_0.643,1.0,1.0,off_1.0,2,off_0.0000,0.0,0.0655,0.131
prime_age_nonemployment,0.0,dws_high_0.643,1.0,1.0,off_1.0,2,AR_recent_0.0035,0.0035,0.069,0.138
prime_age_nonemployment,0.0,dws_high_0.643,1.0,1.0,off_1.0,2,AR_postwar_0.0047,0.0047,0.07,0.14
prime_age_nonemployment,0.0,dws_high_0.643,1.0,1.0,off_1.0,5,off_0.0000,0.0,0.026,0.13
prime_age_nonemployment,0.0,dws_high_0.643,1.0,1.0,off_1.0,5,AR_recent_0.0035,0.0035,0.0295,0.1475
prime_age_nonemployment,0.0,dws_high_0.643,1.0,1.0,off_1.0,5,AR_postwar_0.0047,0.0047,0.031,0.155
prime_age_nonemployment,0.0,dws_high_0.643,1.0,1.0,off_1.0,10,off_0.0000,0.0,0.001,0.01
prime_age_nonemployment,0.0,dws_high_0.643,1.0,1.0,off_1.0,10,AR_recent_0.0035,0.0035,0.0045,0.045
prime_age_nonemployment,0.0,dws_high_0.643,1.0,1.0,off_1.0,10,AR_postwar_0.0047,0.0047,0.006,0.06
prime_age_nonemployment,0.0,dws_high_0.643,1.0,1.0,off_1.0,20,off_0.0000,0.0,,
prime_age_nonemployment,0.0,dws_high_0.643,1.0,1.0,off_1.0,20,AR_recent_0.0035,0.0035,,
prime_age_nonemployment,0.0,dws_high_0.643,1.0,1.0,off_1.0,20,AR_postwar_0.0047,0.0047,,
prime_age_nonemployment,0.0,dws_high_0.643,1.0,1.0,on_1.5,2,off_0.0000,0.0,0.0615,0.123
prime_age_nonemployment,0.0,dws_high_0.643,1.0,1.0,on_1.5,2,AR_recent_0.0035,0.0035,0.065,0.13
prime_age_nonemployment,0.0,dws_high_0.643,1.0,1.0,on_1.5,2,AR_postwar_0.0047,0.0047,0.066,0.132
prime_age_nonemployment,0.0,dws_high_0.643,1.0,1.0,on_1.5,5,off_0.0000,0.0,0.015,0.075
prime_age_nonemployment,0.0,dws_high_0.643,1.0,1.0,on_1.5,5,AR_recent_0.0035,0.0035,0.0185,0.0925
prime_age_nonemployment,0.0,dws_high_0.643,1.0,1.0,on_1.5,5,AR_postwar_0.0047,0.0047,0.02,0.1
prime_age_nonemployment,0.0,dws_high_0.643,1.0,1.0,on_1.5,10,off_0.0000,0.0,,
prime_age_nonemployment,0.0,dws_high_0.643,1.0,1.0,on_1.5,10,AR_recent_0.0035,0.0035,,
prime_age_nonemployment,0.0,dws_high_0.643,1.0,1.0,on_1.5,10,AR_postwar_0.0047,0.0047,,
prime_age_nonemployment,0.0,dws_high_0.643,1.0,1.0,on_1.5,20,off_0.0000,0.0,,
prime_age_nonemployment,0.0,dws_high_0.643,1.0,1.0,on_1.5,20,AR_recent_0.0035,0.0035,,
prime_age_nonemployment,0.0,dws_high_0.643,1.0,1.0,on_1.5,20,AR_postwar_0.0047,0.0047,,
prime_age_nonemployment,0.0,dws_high_0.643,1.5,0.0,off_1.0,2,off_0.0000,0.0,0.068,0.136
prime_age_nonemployment,0.0,dws_high_0.643,1.5,0.0,off_1.0,2,AR_recent_0.0035,0.0035,0.0715,0.143
prime_age_nonemployment,0.0,dws_high_0.643,1.5,0.0,off_1.0,2,AR_postwar_0.0047,0.0047,0.0725,0.145
prime_age_nonemployment,0.0,dws_high_0.643,1.5,0.0,off_1.0,5,off_0.0000,0.0,0.03,0.15
prime_age_nonemployment,0.0,dws_high_0.643,1.5,0.0,off_1.0,5,AR_recent_0.0035,0.0035,0.0335,0.1675
prime_age_nonemployment,0.0,dws_high_0.643,1.5,0.0,off_1.0,5,AR_postwar_0.0047,0.0047,0.035,0.175
prime_age_nonemployment,0.0,dws_high_0.643,1.5,0.0,off_1.0,10,off_0.0000,0.0,0.0095,0.095
prime_age_nonemployment,0.0,dws_high_0.643,1.5,0.0,off_1.0,10,AR_recent_0.0035,0.0035,0.013,0.13
prime_age_nonemployment,0.0,dws_high_0.643,1.5,0.0,off_1.0,10,AR_postwar_0.0047,0.0047,0.014,0.14
prime_age_nonemployment,0.0,dws_high_0.643,1.5,0.0,off_1.0,20,off_0.0000,0.0,,
prime_age_nonemployment,0.0,dws_high_0.643,1.5,0.0,off_1.0,20,AR_recent_0.0035,0.0035,,
prime_age_nonemployment,0.0,dws_high_0.643,1.5,0.0,off_1.0,20,AR_postwar_0.0047,0.0047,,
prime_age_nonemployment,0.0,dws_high_0.643,1.5,0.0,on_1.5,2,off_0.0000,0.0,0.065,0.13
prime_age_nonemployment,0.0,dws_high_0.643,1.5,0.0,on_1.5,2,AR_recent_0.0035,0.0035,0.0685,0.137
prime_age_nonemployment,0.0,dws_high_0.643,1.5,0.0,on_1.5,2,AR_postwar_0.0047,0.0047,0.07,0.14
prime_age_nonemployment,0.0,dws_high_0.643,1.5,0.0,on_1.5,5,off_0.0000,0.0,0.0225,0.1125
prime_age_nonemployment,0.0,dws_high_0.643,1.5,0.0,on_1.5,5,AR_recent_0.0035,0.0035,0.026,0.13
prime_age_nonemployment,0.0,dws_high_0.643,1.5,0.0,on_1.5,5,AR_postwar_0.0047,0.0047,0.0275,0.1375
prime_age_nonemployment,0.0,dws_high_0.643,1.5,0.0,on_1.5,10,off_0.0000,0.0,0.0005,0.005
prime_age_nonemployment,0.0,dws_high_0.643,1.5,0.0,on_1.5,10,AR_recent_0.0035,0.0035,0.004,0.04
prime_age_nonemployment,0.0,dws_high_0.643,1.5,0.0,on_1.5,10,AR_postwar_0.0047,0.0047,0.005,0.05
prime_age_nonemployment,0.0,dws_high_0.643,1.5,0.0,on_1.5,20,off_0.0000,0.0,,
prime_age_nonemployment,0.0,dws_high_0.643,1.5,0.0,on_1.5,20,AR_recent_0.0035,0.0035,,
prime_age_nonemployment,0.0,dws_high_0.643,1.5,0.0,on_1.5,20,AR_postwar_0.0047,0.0047,,
prime_age_nonemployment,0.0,dws_high_0.643,1.5,0.5,off_1.0,2,off_0.0000,0.0,0.068,0.136
prime_age_nonemployment,0.0,dws_high_0.643,1.5,0.5,off_1.0,2,AR_recent_0.0035,0.0035,0.0715,0.143
prime_age_nonemployment,0.0,dws_high_0.643,1.5,0.5,off_1.0,2,AR_postwar_0.0047,0.0047,0.0725,0.145
prime_age_nonemployment,0.0,dws_high_0.643,1.5,0.5,off_1.0,5,off_0.0000,0.0,0.03,0.15
prime_age_nonemployment,0.0,dws_high_0.643,1.5,0.5,off_1.0,5,AR_recent_0.0035,0.0035,0.0335,0.1675
prime_age_nonemployment,0.0,dws_high_0.643,1.5,0.5,off_1.0,5,AR_postwar_0.0047,0.0047,0.035,0.175
prime_age_nonemployment,0.0,dws_high_0.643,1.5,0.5,off_1.0,10,off_0.0000,0.0,0.0095,0.095
prime_age_nonemployment,0.0,dws_high_0.643,1.5,0.5,off_1.0,10,AR_recent_0.0035,0.0035,0.013,0.13
prime_age_nonemployment,0.0,dws_high_0.643,1.5,0.5,off_1.0,10,AR_postwar_0.0047,0.0047,0.014,0.14
prime_age_nonemployment,0.0,dws_high_0.643,1.5,0.5,off_1.0,20,off_0.0000,0.0,,
prime_age_nonemployment,0.0,dws_high_0.643,1.5,0.5,off_1.0,20,AR_recent_0.0035,0.0035,,
prime_age_nonemployment,0.0,dws_high_0.643,1.5,0.5,off_1.0,20,AR_postwar_0.0047,0.0047,,
prime_age_nonemployment,0.0,dws_high_0.643,1.5,0.5,on_1.5,2,off_0.0000,0.0,0.065,0.13
prime_age_nonemployment,0.0,dws_high_0.643,1.5,0.5,on_1.5,2,AR_recent_0.0035,0.0035,0.0685,0.137
prime_age_nonemployment,0.0,dws_high_0.643,1.5,0.5,on_1.5,2,AR_postwar_0.0047,0.0047,0.07,0.14
prime_age_nonemployment,0.0,dws_high_0.643,1.5,0.5,on_1.5,5,off_0.0000,0.0,0.0225,0.1125
prime_age_nonemployment,0.0,dws_high_0.643,1.5,0.5,on_1.5,5,AR_recent_0.0035,0.0035,0.026,0.13
prime_age_nonemployment,0.0,dws_high_0.643,1.5,0.5,on_1.5,5,AR_postwar_0.0047,0.0047,0.0275,0.1375
prime_age_nonemployment,0.0,dws_high_0.643,1.5,0.5,on_1.5,10,off_0.0000,0.0,0.0005,0.005
prime_age_nonemployment,0.0,dws_high_0.643,1.5,0.5,on_1.5,10,AR_recent_0.0035,0.0035,0.004,0.04
prime_age_nonemployment,0.0,dws_high_0.643,1.5,0.5,on_1.5,10,AR_postwar_0.0047,0.0047,0.005,0.05
prime_age_nonemployment,0.0,dws_high_0.643,1.5,0.5,on_1.5,20,off_0.0000,0.0,,
prime_age_nonemployment,0.0,dws_high_0.643,1.5,0.5,on_1.5,20,AR_recent_0.0035,0.0035,,
prime_age_nonemployment,0.0,dws_high_0.643,1.5,0.5,on_1.5,20,AR_postwar_0.0047,0.0047,,
prime_age_nonemployment,0.0,dws_high_0.643,1.5,1.0,off_1.0,2,off_0.0000,0.0,0.068,0.136
prime_age_nonemployment,0.0,dws_high_0.643,1.5,1.0,off_1.0,2,AR_recent_0.0035,0.0035,0.0715,0.143
prime_age_nonemployment,0.0,dws_high_0.643,1.5,1.0,off_1.0,2,AR_postwar_0.0047,0.0047,0.0725,0.145
prime_age_nonemployment,0.0,dws_high_0.643,1.5,1.0,off_1.0,5,off_0.0000,0.0,0.03,0.15
prime_age_nonemployment,0.0,dws_high_0.643,1.5,1.0,off_1.0,5,AR_recent_0.0035,0.0035,0.0335,0.1675
prime_age_nonemployment,0.0,dws_high_0.643,1.5,1.0,off_1.0,5,AR_postwar_0.0047,0.0047,0.035,0.175
prime_age_nonemployment,0.0,dws_high_0.643,1.5,1.0,off_1.0,10,off_0.0000,0.0,0.0095,0.095
prime_age_nonemployment,0.0,dws_high_0.643,1.5,1.0,off_1.0,10,AR_recent_0.0035,0.0035,0.013,0.13
prime_age_nonemployment,0.0,dws_high_0.643,1.5,1.0,off_1.0,10,AR_postwar_0.0047,0.0047,0.014,0.14
prime_age_nonemployment,0.0,dws_high_0.643,1.5,1.0,off_1.0,20,off_0.0000,0.0,,
prime_age_nonemployment,0.0,dws_high_0.643,1.5,1.0,off_1.0,20,AR_recent_0.0035,0.0035,,
prime_age_nonemployment,0.0,dws_high_0.643,1.5,1.0,off_1.0,20,AR_postwar_0.0047,0.0047,,
prime_age_nonemployment,0.0,dws_high_0.643,1.5,1.0,on_1.5,2,off_0.0000,0.0,0.065,0.13
prime_age_nonemployment,0.0,dws_high_0.643,1.5,1.0,on_1.5,2,AR_recent_0.0035,0.0035,0.0685,0.137
prime_age_nonemployment,0.0,dws_high_0.643,1.5,1.0,on_1.5,2,AR_postwar_0.0047,0.0047,0.07,0.14
prime_age_nonemployment,0.0,dws_high_0.643,1.5,1.0,on_1.5,5,off_0.0000,0.0,0.0225,0.1125
prime_age_nonemployment,0.0,dws_high_0.643,1.5,1.0,on_1.5,5,AR_recent_0.0035,0.0035,0.026,0.13
prime_age_nonemployment,0.0,dws_high_0.643,1.5,1.0,on_1.5,5,AR_postwar_0.0047,0.0047,0.0275,0.1375
prime_age_nonemployment,0.0,dws_high_0.643,1.5,1.0,on_1.5,10,off_0.0000,0.0,0.0005,0.005
prime_age_nonemployment,0.0,dws_high_0.643,1.5,1.0,on_1.5,10,AR_recent_0.0035,0.0035,0.004,0.04
prime_age_nonemployment,0.0,dws_high_0.643,1.5,1.0,on_1.5,10,AR_postwar_0.0047,0.0047,0.005,0.05
prime_age_nonemployment,0.0,dws_high_0.643,1.5,1.0,on_1.5,20,off_0.0000,0.0,,
prime_age_nonemployment,0.0,dws_high_0.643,1.5,1.0,on_1.5,20,AR_recent_0.0035,0.0035,,
prime_age_nonemployment,0.0,dws_high_0.643,1.5,1.0,on_1.5,20,AR_postwar_0.0047,0.0047,,
prime_age_nonemployment,0.0,dws_high_0.643,2.0,0.0,off_1.0,2,off_0.0000,0.0,0.069,0.138
prime_age_nonemployment,0.0,dws_high_0.643,2.0,0.0,off_1.0,2,AR_recent_0.0035,0.0035,0.0725,0.145
prime_age_nonemployment,0.0,dws_high_0.643,2.0,0.0,off_1.0,2,AR_postwar_0.0047,0.0047,0.074,0.148
prime_age_nonemployment,0.0,dws_high_0.643,2.0,0.0,off_1.0,5,off_0.0000,0.0,0.031,0.155
prime_age_nonemployment,0.0,dws_high_0.643,2.0,0.0,off_1.0,5,AR_recent_0.0035,0.0035,0.0345,0.1725
prime_age_nonemployment,0.0,dws_high_0.643,2.0,0.0,off_1.0,5,AR_postwar_0.0047,0.0047,0.036,0.18
prime_age_nonemployment,0.0,dws_high_0.643,2.0,0.0,off_1.0,10,off_0.0000,0.0,0.0135,0.135
prime_age_nonemployment,0.0,dws_high_0.643,2.0,0.0,off_1.0,10,AR_recent_0.0035,0.0035,0.017,0.17
prime_age_nonemployment,0.0,dws_high_0.643,2.0,0.0,off_1.0,10,AR_postwar_0.0047,0.0047,0.0185,0.185
prime_age_nonemployment,0.0,dws_high_0.643,2.0,0.0,off_1.0,20,off_0.0000,0.0,,
prime_age_nonemployment,0.0,dws_high_0.643,2.0,0.0,off_1.0,20,AR_recent_0.0035,0.0035,0.0035,0.07
prime_age_nonemployment,0.0,dws_high_0.643,2.0,0.0,off_1.0,20,AR_postwar_0.0047,0.0047,0.0045,0.09
prime_age_nonemployment,0.0,dws_high_0.643,2.0,0.0,on_1.5,2,off_0.0000,0.0,0.067,0.134
prime_age_nonemployment,0.0,dws_high_0.643,2.0,0.0,on_1.5,2,AR_recent_0.0035,0.0035,0.0705,0.141
prime_age_nonemployment,0.0,dws_high_0.643,2.0,0.0,on_1.5,2,AR_postwar_0.0047,0.0047,0.072,0.144
prime_age_nonemployment,0.0,dws_high_0.643,2.0,0.0,on_1.5,5,off_0.0000,0.0,0.0255,0.1275
prime_age_nonemployment,0.0,dws_high_0.643,2.0,0.0,on_1.5,5,AR_recent_0.0035,0.0035,0.029,0.145
prime_age_nonemployment,0.0,dws_high_0.643,2.0,0.0,on_1.5,5,AR_postwar_0.0047,0.0047,0.0305,0.1525
prime_age_nonemployment,0.0,dws_high_0.643,2.0,0.0,on_1.5,10,off_0.0000,0.0,0.0065,0.065
prime_age_nonemployment,0.0,dws_high_0.643,2.0,0.0,on_1.5,10,AR_recent_0.0035,0.0035,0.01,0.1
prime_age_nonemployment,0.0,dws_high_0.643,2.0,0.0,on_1.5,10,AR_postwar_0.0047,0.0047,0.011,0.11
prime_age_nonemployment,0.0,dws_high_0.643,2.0,0.0,on_1.5,20,off_0.0000,0.0,,
prime_age_nonemployment,0.0,dws_high_0.643,2.0,0.0,on_1.5,20,AR_recent_0.0035,0.0035,,
prime_age_nonemployment,0.0,dws_high_0.643,2.0,0.0,on_1.5,20,AR_postwar_0.0047,0.0047,,
prime_age_nonemployment,0.0,dws_high_0.643,2.0,0.5,off_1.0,2,off_0.0000,0.0,0.069,0.138
prime_age_nonemployment,0.0,dws_high_0.643,2.0,0.5,off_1.0,2,AR_recent_0.0035,0.0035,0.0725,0.145
prime_age_nonemployment,0.0,dws_high_0.643,2.0,0.5,off_1.0,2,AR_postwar_0.0047,0.0047,0.074,0.148
prime_age_nonemployment,0.0,dws_high_0.643,2.0,0.5,off_1.0,5,off_0.0000,0.0,0.031,0.155
prime_age_nonemployment,0.0,dws_high_0.643,2.0,0.5,off_1.0,5,AR_recent_0.0035,0.0035,0.0345,0.1725
prime_age_nonemployment,0.0,dws_high_0.643,2.0,0.5,off_1.0,5,AR_postwar_0.0047,0.0047,0.036,0.18
prime_age_nonemployment,0.0,dws_high_0.643,2.0,0.5,off_1.0,10,off_0.0000,0.0,0.0135,0.135
prime_age_nonemployment,0.0,dws_high_0.643,2.0,0.5,off_1.0,10,AR_recent_0.0035,0.0035,0.017,0.17
prime_age_nonemployment,0.0,dws_high_0.643,2.0,0.5,off_1.0,10,AR_postwar_0.0047,0.0047,0.0185,0.185
prime_age_nonemployment,0.0,dws_high_0.643,2.0,0.5,off_1.0,20,off_0.0000,0.0,,
prime_age_nonemployment,0.0,dws_high_0.643,2.0,0.5,off_1.0,20,AR_recent_0.0035,0.0035,0.0035,0.07
prime_age_nonemployment,0.0,dws_high_0.643,2.0,0.5,off_1.0,20,AR_postwar_0.0047,0.0047,0.0045,0.09
prime_age_nonemployment,0.0,dws_high_0.643,2.0,0.5,on_1.5,2,off_0.0000,0.0,0.067,0.134
prime_age_nonemployment,0.0,dws_high_0.643,2.0,0.5,on_1.5,2,AR_recent_0.0035,0.0035,0.0705,0.141
prime_age_nonemployment,0.0,dws_high_0.643,2.0,0.5,on_1.5,2,AR_postwar_0.0047,0.0047,0.072,0.144
prime_age_nonemployment,0.0,dws_high_0.643,2.0,0.5,on_1.5,5,off_0.0000,0.0,0.0255,0.1275
prime_age_nonemployment,0.0,dws_high_0.643,2.0,0.5,on_1.5,5,AR_recent_0.0035,0.0035,0.029,0.145
prime_age_nonemployment,0.0,dws_high_0.643,2.0,0.5,on_1.5,5,AR_postwar_0.0047,0.0047,0.0305,0.1525
prime_age_nonemployment,0.0,dws_high_0.643,2.0,0.5,on_1.5,10,off_0.0000,0.0,0.0065,0.065
prime_age_nonemployment,0.0,dws_high_0.643,2.0,0.5,on_1.5,10,AR_recent_0.0035,0.0035,0.01,0.1
prime_age_nonemployment,0.0,dws_high_0.643,2.0,0.5,on_1.5,10,AR_postwar_0.0047,0.0047,0.011,0.11
prime_age_nonemployment,0.0,dws_high_0.643,2.0,0.5,on_1.5,20,off_0.0000,0.0,,
prime_age_nonemployment,0.0,dws_high_0.643,2.0,0.5,on_1.5,20,AR_recent_0.0035,0.0035,,
prime_age_nonemployment,0.0,dws_high_0.643,2.0,0.5,on_1.5,20,AR_postwar_0.0047,0.0047,,
prime_age_nonemployment,0.0,dws_high_0.643,2.0,1.0,off_1.0,2,off_0.0000,0.0,0.069,0.138
prime_age_nonemployment,0.0,dws_high_0.643,2.0,1.0,off_1.0,2,AR_recent_0.0035,0.0035,0.0725,0.145
prime_age_nonemployment,0.0,dws_high_0.643,2.0,1.0,off_1.0,2,AR_postwar_0.0047,0.0047,0.074,0.148
prime_age_nonemployment,0.0,dws_high_0.643,2.0,1.0,off_1.0,5,off_0.0000,0.0,0.031,0.155
prime_age_nonemployment,0.0,dws_high_0.643,2.0,1.0,off_1.0,5,AR_recent_0.0035,0.0035,0.0345,0.1725
prime_age_nonemployment,0.0,dws_high_0.643,2.0,1.0,off_1.0,5,AR_postwar_0.0047,0.0047,0.036,0.18
prime_age_nonemployment,0.0,dws_high_0.643,2.0,1.0,off_1.0,10,off_0.0000,0.0,0.0135,0.135
prime_age_nonemployment,0.0,dws_high_0.643,2.0,1.0,off_1.0,10,AR_recent_0.0035,0.0035,0.017,0.17
prime_age_nonemployment,0.0,dws_high_0.643,2.0,1.0,off_1.0,10,AR_postwar_0.0047,0.0047,0.0185,0.185
prime_age_nonemployment,0.0,dws_high_0.643,2.0,1.0,off_1.0,20,off_0.0000,0.0,,
prime_age_nonemployment,0.0,dws_high_0.643,2.0,1.0,off_1.0,20,AR_recent_0.0035,0.0035,0.0035,0.07
prime_age_nonemployment,0.0,dws_high_0.643,2.0,1.0,off_1.0,20,AR_postwar_0.0047,0.0047,0.0045,0.09
prime_age_nonemployment,0.0,dws_high_0.643,2.0,1.0,on_1.5,2,off_0.0000,0.0,0.067,0.134
prime_age_nonemployment,0.0,dws_high_0.643,2.0,1.0,on_1.5,2,AR_recent_0.0035,0.0035,0.0705,0.141
prime_age_nonemployment,0.0,dws_high_0.643,2.0,1.0,on_1.5,2,AR_postwar_0.0047,0.0047,0.072,0.144
prime_age_nonemployment,0.0,dws_high_0.643,2.0,1.0,on_1.5,5,off_0.0000,0.0,0.0255,0.1275
prime_age_nonemployment,0.0,dws_high_0.643,2.0,1.0,on_1.5,5,AR_recent_0.0035,0.0035,0.029,0.145
prime_age_nonemployment,0.0,dws_high_0.643,2.0,1.0,on_1.5,5,AR_postwar_0.0047,0.0047,0.0305,0.1525
prime_age_nonemployment,0.0,dws_high_0.643,2.0,1.0,on_1.5,10,off_0.0000,0.0,0.0065,0.065
prime_age_nonemployment,0.0,dws_high_0.643,2.0,1.0,on_1.5,10,AR_recent_0.0035,0.0035,0.01,0.1
prime_age_nonemployment,0.0,dws_high_0.643,2.0,1.0,on_1.5,10,AR_postwar_0.0047,0.0047,0.011,0.11
prime_age_nonemployment,0.0,dws_high_0.643,2.0,1.0,on_1.5,20,off_0.0000,0.0,,
prime_age_nonemployment,0.0,dws_high_0.643,2.0,1.0,on_1.5,20,AR_recent_0.0035,0.0035,,
prime_age_nonemployment,0.0,dws_high_0.643,2.0,1.0,on_1.5,20,AR_postwar_0.0047,0.0047,,
prime_age_nonemployment,0.0,AR_long_run_0.75,1.0,0.0,off_1.0,2,off_0.0000,0.0,0.064,0.128
prime_age_nonemployment,0.0,AR_long_run_0.75,1.0,0.0,off_1.0,2,AR_recent_0.0035,0.0035,0.0675,0.135
prime_age_nonemployment,0.0,AR_long_run_0.75,1.0,0.0,off_1.0,2,AR_postwar_0.0047,0.0047,0.069,0.138
prime_age_nonemployment,0.0,AR_long_run_0.75,1.0,0.0,off_1.0,5,off_0.0000,0.0,0.023,0.115
prime_age_nonemployment,0.0,AR_long_run_0.75,1.0,0.0,off_1.0,5,AR_recent_0.0035,0.0035,0.0265,0.1325
prime_age_nonemployment,0.0,AR_long_run_0.75,1.0,0.0,off_1.0,5,AR_postwar_0.0047,0.0047,0.028,0.14
prime_age_nonemployment,0.0,AR_long_run_0.75,1.0,0.0,off_1.0,10,off_0.0000,0.0,,
prime_age_nonemployment,0.0,AR_long_run_0.75,1.0,0.0,off_1.0,10,AR_recent_0.0035,0.0035,0.0005,0.005
prime_age_nonemployment,0.0,AR_long_run_0.75,1.0,0.0,off_1.0,10,AR_postwar_0.0047,0.0047,0.002,0.02
prime_age_nonemployment,0.0,AR_long_run_0.75,1.0,0.0,off_1.0,20,off_0.0000,0.0,,
prime_age_nonemployment,0.0,AR_long_run_0.75,1.0,0.0,off_1.0,20,AR_recent_0.0035,0.0035,,
prime_age_nonemployment,0.0,AR_long_run_0.75,1.0,0.0,off_1.0,20,AR_postwar_0.0047,0.0047,,
prime_age_nonemployment,0.0,AR_long_run_0.75,1.0,0.0,on_1.5,2,off_0.0000,0.0,0.0595,0.119
prime_age_nonemployment,0.0,AR_long_run_0.75,1.0,0.0,on_1.5,2,AR_recent_0.0035,0.0035,0.063,0.126
prime_age_nonemployment,0.0,AR_long_run_0.75,1.0,0.0,on_1.5,2,AR_postwar_0.0047,0.0047,0.064,0.128
prime_age_nonemployment,0.0,AR_long_run_0.75,1.0,0.0,on_1.5,5,off_0.0000,0.0,0.011,0.055
prime_age_nonemployment,0.0,AR_long_run_0.75,1.0,0.0,on_1.5,5,AR_recent_0.0035,0.0035,0.0145,0.0725
prime_age_nonemployment,0.0,AR_long_run_0.75,1.0,0.0,on_1.5,5,AR_postwar_0.0047,0.0047,0.0155,0.0775
prime_age_nonemployment,0.0,AR_long_run_0.75,1.0,0.0,on_1.5,10,off_0.0000,0.0,,
prime_age_nonemployment,0.0,AR_long_run_0.75,1.0,0.0,on_1.5,10,AR_recent_0.0035,0.0035,,
prime_age_nonemployment,0.0,AR_long_run_0.75,1.0,0.0,on_1.5,10,AR_postwar_0.0047,0.0047,,
prime_age_nonemployment,0.0,AR_long_run_0.75,1.0,0.0,on_1.5,20,off_0.0000,0.0,,
prime_age_nonemployment,0.0,AR_long_run_0.75,1.0,0.0,on_1.5,20,AR_recent_0.0035,0.0035,,
prime_age_nonemployment,0.0,AR_long_run_0.75,1.0,0.0,on_1.5,20,AR_postwar_0.0047,0.0047,,
prime_age_nonemployment,0.0,AR_long_run_0.75,1.0,0.5,off_1.0,2,off_0.0000,0.0,0.064,0.128
prime_age_nonemployment,0.0,AR_long_run_0.75,1.0,0.5,off_1.0,2,AR_recent_0.0035,0.0035,0.0675,0.135
prime_age_nonemployment,0.0,AR_long_run_0.75,1.0,0.5,off_1.0,2,AR_postwar_0.0047,0.0047,0.069,0.138
prime_age_nonemployment,0.0,AR_long_run_0.75,1.0,0.5,off_1.0,5,off_0.0000,0.0,0.023,0.115
prime_age_nonemployment,0.0,AR_long_run_0.75,1.0,0.5,off_1.0,5,AR_recent_0.0035,0.0035,0.0265,0.1325
prime_age_nonemployment,0.0,AR_long_run_0.75,1.0,0.5,off_1.0,5,AR_postwar_0.0047,0.0047,0.028,0.14
prime_age_nonemployment,0.0,AR_long_run_0.75,1.0,0.5,off_1.0,10,off_0.0000,0.0,,
prime_age_nonemployment,0.0,AR_long_run_0.75,1.0,0.5,off_1.0,10,AR_recent_0.0035,0.0035,0.0005,0.005
prime_age_nonemployment,0.0,AR_long_run_0.75,1.0,0.5,off_1.0,10,AR_postwar_0.0047,0.0047,0.002,0.02
prime_age_nonemployment,0.0,AR_long_run_0.75,1.0,0.5,off_1.0,20,off_0.0000,0.0,,
prime_age_nonemployment,0.0,AR_long_run_0.75,1.0,0.5,off_1.0,20,AR_recent_0.0035,0.0035,,
prime_age_nonemployment,0.0,AR_long_run_0.75,1.0,0.5,off_1.0,20,AR_postwar_0.0047,0.0047,,
prime_age_nonemployment,0.0,AR_long_run_0.75,1.0,0.5,on_1.5,2,off_0.0000,0.0,0.0595,0.119
prime_age_nonemployment,0.0,AR_long_run_0.75,1.0,0.5,on_1.5,2,AR_recent_0.0035,0.0035,0.063,0.126
prime_age_nonemployment,0.0,AR_long_run_0.75,1.0,0.5,on_1.5,2,AR_postwar_0.0047,0.0047,0.064,0.128
prime_age_nonemployment,0.0,AR_long_run_0.75,1.0,0.5,on_1.5,5,off_0.0000,0.0,0.011,0.055
prime_age_nonemployment,0.0,AR_long_run_0.75,1.0,0.5,on_1.5,5,AR_recent_0.0035,0.0035,0.0145,0.0725
prime_age_nonemployment,0.0,AR_long_run_0.75,1.0,0.5,on_1.5,5,AR_postwar_0.0047,0.0047,0.0155,0.0775
prime_age_nonemployment,0.0,AR_long_run_0.75,1.0,0.5,on_1.5,10,off_0.0000,0.0,,
prime_age_nonemployment,0.0,AR_long_run_0.75,1.0,0.5,on_1.5,10,AR_recent_0.0035,0.0035,,
prime_age_nonemployment,0.0,AR_long_run_0.75,1.0,0.5,on_1.5,10,AR_postwar_0.0047,0.0047,,
prime_age_nonemployment,0.0,AR_long_run_0.75,1.0,0.5,on_1.5,20,off_0.0000,0.0,,
prime_age_nonemployment,0.0,AR_long_run_0.75,1.0,0.5,on_1.5,20,AR_recent_0.0035,0.0035,,
prime_age_nonemployment,0.0,AR_long_run_0.75,1.0,0.5,on_1.5,20,AR_postwar_0.0047,0.0047,,
prime_age_nonemployment,0.0,AR_long_run_0.75,1.0,1.0,off_1.0,2,off_0.0000,0.0,0.064,0.128
prime_age_nonemployment,0.0,AR_long_run_0.75,1.0,1.0,off_1.0,2,AR_recent_0.0035,0.0035,0.0675,0.135
prime_age_nonemployment,0.0,AR_long_run_0.75,1.0,1.0,off_1.0,2,AR_postwar_0.0047,0.0047,0.069,0.138
prime_age_nonemployment,0.0,AR_long_run_0.75,1.0,1.0,off_1.0,5,off_0.0000,0.0,0.023,0.115
prime_age_nonemployment,0.0,AR_long_run_0.75,1.0,1.0,off_1.0,5,AR_recent_0.0035,0.0035,0.0265,0.1325
prime_age_nonemployment,0.0,AR_long_run_0.75,1.0,1.0,off_1.0,5,AR_postwar_0.0047,0.0047,0.028,0.14
prime_age_nonemployment,0.0,AR_long_run_0.75,1.0,1.0,off_1.0,10,off_0.0000,0.0,,
prime_age_nonemployment,0.0,AR_long_run_0.75,1.0,1.0,off_1.0,10,AR_recent_0.0035,0.0035,0.0005,0.005
prime_age_nonemployment,0.0,AR_long_run_0.75,1.0,1.0,off_1.0,10,AR_postwar_0.0047,0.0047,0.002,0.02
prime_age_nonemployment,0.0,AR_long_run_0.75,1.0,1.0,off_1.0,20,off_0.0000,0.0,,
prime_age_nonemployment,0.0,AR_long_run_0.75,1.0,1.0,off_1.0,20,AR_recent_0.0035,0.0035,,
prime_age_nonemployment,0.0,AR_long_run_0.75,1.0,1.0,off_1.0,20,AR_postwar_0.0047,0.0047,,
prime_age_nonemployment,0.0,AR_long_run_0.75,1.0,1.0,on_1.5,2,off_0.0000,0.0,0.0595,0.119
prime_age_nonemployment,0.0,AR_long_run_0.75,1.0,1.0,on_1.5,2,AR_recent_0.0035,0.0035,0.063,0.126
prime_age_nonemployment,0.0,AR_long_run_0.75,1.0,1.0,on_1.5,2,AR_postwar_0.0047,0.0047,0.064,0.128
prime_age_nonemployment,0.0,AR_long_run_0.75,1.0,1.0,on_1.5,5,off_0.0000,0.0,0.011,0.055
prime_age_nonemployment,0.0,AR_long_run_0.75,1.0,1.0,on_1.5,5,AR_recent_0.0035,0.0035,0.0145,0.0725
prime_age_nonemployment,0.0,AR_long_run_0.75,1.0,1.0,on_1.5,5,AR_postwar_0.0047,0.0047,0.0155,0.0775
prime_age_nonemployment,0.0,AR_long_run_0.75,1.0,1.0,on_1.5,10,off_0.0000,0.0,,
prime_age_nonemployment,0.0,AR_long_run_0.75,1.0,1.0,on_1.5,10,AR_recent_0.0035,0.0035,,
prime_age_nonemployment,0.0,AR_long_run_0.75,1.0,1.0,on_1.5,10,AR_postwar_0.0047,0.0047,,
prime_age_nonemployment,0.0,AR_long_run_0.75,1.0,1.0,on_1.5,20,off_0.0000,0.0,,
prime_age_nonemployment,0.0,AR_long_run_0.75,1.0,1.0,on_1.5,20,AR_recent_0.0035,0.0035,,
prime_age_nonemployment,0.0,AR_long_run_0.75,1.0,1.0,on_1.5,20,AR_postwar_0.0047,0.0047,,
prime_age_nonemployment,0.0,AR_long_run_0.75,1.5,0.0,off_1.0,2,off_0.0000,0.0,0.067,0.134
prime_age_nonemployment,0.0,AR_long_run_0.75,1.5,0.0,off_1.0,2,AR_recent_0.0035,0.0035,0.0705,0.141
prime_age_nonemployment,0.0,AR_long_run_0.75,1.5,0.0,off_1.0,2,AR_postwar_0.0047,0.0047,0.0715,0.143
prime_age_nonemployment,0.0,AR_long_run_0.75,1.5,0.0,off_1.0,5,off_0.0000,0.0,0.029,0.145
prime_age_nonemployment,0.0,AR_long_run_0.75,1.5,0.0,off_1.0,5,AR_recent_0.0035,0.0035,0.0325,0.1625
prime_age_nonemployment,0.0,AR_long_run_0.75,1.5,0.0,off_1.0,5,AR_postwar_0.0047,0.0047,0.0335,0.1675
prime_age_nonemployment,0.0,AR_long_run_0.75,1.5,0.0,off_1.0,10,off_0.0000,0.0,0.0065,0.065
prime_age_nonemployment,0.0,AR_long_run_0.75,1.5,0.0,off_1.0,10,AR_recent_0.0035,0.0035,0.01,0.1
prime_age_nonemployment,0.0,AR_long_run_0.75,1.5,0.0,off_1.0,10,AR_postwar_0.0047,0.0047,0.011,0.11
prime_age_nonemployment,0.0,AR_long_run_0.75,1.5,0.0,off_1.0,20,off_0.0000,0.0,,
prime_age_nonemployment,0.0,AR_long_run_0.75,1.5,0.0,off_1.0,20,AR_recent_0.0035,0.0035,,
prime_age_nonemployment,0.0,AR_long_run_0.75,1.5,0.0,off_1.0,20,AR_postwar_0.0047,0.0047,,
prime_age_nonemployment,0.0,AR_long_run_0.75,1.5,0.0,on_1.5,2,off_0.0000,0.0,0.0635,0.127
prime_age_nonemployment,0.0,AR_long_run_0.75,1.5,0.0,on_1.5,2,AR_recent_0.0035,0.0035,0.067,0.134
prime_age_nonemployment,0.0,AR_long_run_0.75,1.5,0.0,on_1.5,2,AR_postwar_0.0047,0.0047,0.0685,0.137
prime_age_nonemployment,0.0,AR_long_run_0.75,1.5,0.0,on_1.5,5,off_0.0000,0.0,0.02,0.1
prime_age_nonemployment,0.0,AR_long_run_0.75,1.5,0.0,on_1.5,5,AR_recent_0.0035,0.0035,0.0235,0.1175
prime_age_nonemployment,0.0,AR_long_run_0.75,1.5,0.0,on_1.5,5,AR_postwar_0.0047,0.0047,0.0245,0.1225
prime_age_nonemployment,0.0,AR_long_run_0.75,1.5,0.0,on_1.5,10,off_0.0000,0.0,,
prime_age_nonemployment,0.0,AR_long_run_0.75,1.5,0.0,on_1.5,10,AR_recent_0.0035,0.0035,,
prime_age_nonemployment,0.0,AR_long_run_0.75,1.5,0.0,on_1.5,10,AR_postwar_0.0047,0.0047,0.001,0.01
prime_age_nonemployment,0.0,AR_long_run_0.75,1.5,0.0,on_1.5,20,off_0.0000,0.0,,
prime_age_nonemployment,0.0,AR_long_run_0.75,1.5,0.0,on_1.5,20,AR_recent_0.0035,0.0035,,
prime_age_nonemployment,0.0,AR_long_run_0.75,1.5,0.0,on_1.5,20,AR_postwar_0.0047,0.0047,,
prime_age_nonemployment,0.0,AR_long_run_0.75,1.5,0.5,off_1.0,2,off_0.0000,0.0,0.067,0.134
prime_age_nonemployment,0.0,AR_long_run_0.75,1.5,0.5,off_1.0,2,AR_recent_0.0035,0.0035,0.0705,0.141
prime_age_nonemployment,0.0,AR_long_run_0.75,1.5,0.5,off_1.0,2,AR_postwar_0.0047,0.0047,0.0715,0.143
prime_age_nonemployment,0.0,AR_long_run_0.75,1.5,0.5,off_1.0,5,off_0.0000,0.0,0.029,0.145
prime_age_nonemployment,0.0,AR_long_run_0.75,1.5,0.5,off_1.0,5,AR_recent_0.0035,0.0035,0.0325,0.1625
prime_age_nonemployment,0.0,AR_long_run_0.75,1.5,0.5,off_1.0,5,AR_postwar_0.0047,0.0047,0.0335,0.1675
prime_age_nonemployment,0.0,AR_long_run_0.75,1.5,0.5,off_1.0,10,off_0.0000,0.0,0.0065,0.065
prime_age_nonemployment,0.0,AR_long_run_0.75,1.5,0.5,off_1.0,10,AR_recent_0.0035,0.0035,0.01,0.1
prime_age_nonemployment,0.0,AR_long_run_0.75,1.5,0.5,off_1.0,10,AR_postwar_0.0047,0.0047,0.011,0.11
prime_age_nonemployment,0.0,AR_long_run_0.75,1.5,0.5,off_1.0,20,off_0.0000,0.0,,
prime_age_nonemployment,0.0,AR_long_run_0.75,1.5,0.5,off_1.0,20,AR_recent_0.0035,0.0035,,
prime_age_nonemployment,0.0,AR_long_run_0.75,1.5,0.5,off_1.0,20,AR_postwar_0.0047,0.0047,,
prime_age_nonemployment,0.0,AR_long_run_0.75,1.5,0.5,on_1.5,2,off_0.0000,0.0,0.0635,0.127
prime_age_nonemployment,0.0,AR_long_run_0.75,1.5,0.5,on_1.5,2,AR_recent_0.0035,0.0035,0.067,0.134
prime_age_nonemployment,0.0,AR_long_run_0.75,1.5,0.5,on_1.5,2,AR_postwar_0.0047,0.0047,0.0685,0.137
prime_age_nonemployment,0.0,AR_long_run_0.75,1.5,0.5,on_1.5,5,off_0.0000,0.0,0.02,0.1
prime_age_nonemployment,0.0,AR_long_run_0.75,1.5,0.5,on_1.5,5,AR_recent_0.0035,0.0035,0.0235,0.1175
prime_age_nonemployment,0.0,AR_long_run_0.75,1.5,0.5,on_1.5,5,AR_postwar_0.0047,0.0047,0.0245,0.1225
prime_age_nonemployment,0.0,AR_long_run_0.75,1.5,0.5,on_1.5,10,off_0.0000,0.0,,
prime_age_nonemployment,0.0,AR_long_run_0.75,1.5,0.5,on_1.5,10,AR_recent_0.0035,0.0035,,
prime_age_nonemployment,0.0,AR_long_run_0.75,1.5,0.5,on_1.5,10,AR_postwar_0.0047,0.0047,0.001,0.01
prime_age_nonemployment,0.0,AR_long_run_0.75,1.5,0.5,on_1.5,20,off_0.0000,0.0,,
prime_age_nonemployment,0.0,AR_long_run_0.75,1.5,0.5,on_1.5,20,AR_recent_0.0035,0.0035,,
prime_age_nonemployment,0.0,AR_long_run_0.75,1.5,0.5,on_1.5,20,AR_postwar_0.0047,0.0047,,
prime_age_nonemployment,0.0,AR_long_run_0.75,1.5,1.0,off_1.0,2,off_0.0000,0.0,0.067,0.134
prime_age_nonemployment,0.0,AR_long_run_0.75,1.5,1.0,off_1.0,2,AR_recent_0.0035,0.0035,0.0705,0.141
prime_age_nonemployment,0.0,AR_long_run_0.75,1.5,1.0,off_1.0,2,AR_postwar_0.0047,0.0047,0.0715,0.143
prime_age_nonemployment,0.0,AR_long_run_0.75,1.5,1.0,off_1.0,5,off_0.0000,0.0,0.029,0.145
prime_age_nonemployment,0.0,AR_long_run_0.75,1.5,1.0,off_1.0,5,AR_recent_0.0035,0.0035,0.0325,0.1625
prime_age_nonemployment,0.0,AR_long_run_0.75,1.5,1.0,off_1.0,5,AR_postwar_0.0047,0.0047,0.0335,0.1675
prime_age_nonemployment,0.0,AR_long_run_0.75,1.5,1.0,off_1.0,10,off_0.0000,0.0,0.0065,0.065
prime_age_nonemployment,0.0,AR_long_run_0.75,1.5,1.0,off_1.0,10,AR_recent_0.0035,0.0035,0.01,0.1
prime_age_nonemployment,0.0,AR_long_run_0.75,1.5,1.0,off_1.0,10,AR_postwar_0.0047,0.0047,0.011,0.11
prime_age_nonemployment,0.0,AR_long_run_0.75,1.5,1.0,off_1.0,20,off_0.0000,0.0,,
prime_age_nonemployment,0.0,AR_long_run_0.75,1.5,1.0,off_1.0,20,AR_recent_0.0035,0.0035,,
prime_age_nonemployment,0.0,AR_long_run_0.75,1.5,1.0,off_1.0,20,AR_postwar_0.0047,0.0047,,
prime_age_nonemployment,0.0,AR_long_run_0.75,1.5,1.0,on_1.5,2,off_0.0000,0.0,0.0635,0.127
prime_age_nonemployment,0.0,AR_long_run_0.75,1.5,1.0,on_1.5,2,AR_recent_0.0035,0.0035,0.067,0.134
prime_age_nonemployment,0.0,AR_long_run_0.75,1.5,1.0,on_1.5,2,AR_postwar_0.0047,0.0047,0.0685,0.137
prime_age_nonemployment,0.0,AR_long_run_0.75,1.5,1.0,on_1.5,5,off_0.0000,0.0,0.02,0.1
prime_age_nonemployment,0.0,AR_long_run_0.75,1.5,1.0,on_1.5,5,AR_recent_0.0035,0.0035,0.0235,0.1175
prime_age_nonemployment,0.0,AR_long_run_0.75,1.5,1.0,on_1.5,5,AR_postwar_0.0047,0.0047,0.0245,0.1225
prime_age_nonemployment,0.0,AR_long_run_0.75,1.5,1.0,on_1.5,10,off_0.0000,0.0,,
prime_age_nonemployment,0.0,AR_long_run_0.75,1.5,1.0,on_1.5,10,AR_recent_0.0035,0.0035,,
prime_age_nonemployment,0.0,AR_long_run_0.75,1.5,1.0,on_1.5,10,AR_postwar_0.0047,0.0047,0.001,0.01
prime_age_nonemployment,0.0,AR_long_run_0.75,1.5,1.0,on_1.5,20,off_0.0000,0.0,,
prime_age_nonemployment,0.0,AR_long_run_0.75,1.5,1.0,on_1.5,20,AR_recent_0.0035,0.0035,,
prime_age_nonemployment,0.0,AR_long_run_0.75,1.5,1.0,on_1.5,20,AR_postwar_0.0047,0.0047,,
prime_age_nonemployment,0.0,AR_long_run_0.75,2.0,0.0,off_1.0,2,off_0.0000,0.0,0.0685,0.137
prime_age_nonemployment,0.0,AR_long_run_0.75,2.0,0.0,off_1.0,2,AR_recent_0.0035,0.0035,0.072,0.144
prime_age_nonemployment,0.0,AR_long_run_0.75,2.0,0.0,off_1.0,2,AR_postwar_0.0047,0.0047,0.073,0.146
prime_age_nonemployment,0.0,AR_long_run_0.75,2.0,0.0,off_1.0,5,off_0.0000,0.0,0.031,0.155
prime_age_nonemployment,0.0,AR_long_run_0.75,2.0,0.0,off_1.0,5,AR_recent_0.0035,0.0035,0.0345,0.1725
prime_age_nonemployment,0.0,AR_long_run_0.75,2.0,0.0,off_1.0,5,AR_postwar_0.0047,0.0047,0.0355,0.1775
prime_age_nonemployment,0.0,AR_long_run_0.75,2.0,0.0,off_1.0,10,off_0.0000,0.0,0.0115,0.115
prime_age_nonemployment,0.0,AR_long_run_0.75,2.0,0.0,off_1.0,10,AR_recent_0.0035,0.0035,0.015,0.15
prime_age_nonemployment,0.0,AR_long_run_0.75,2.0,0.0,off_1.0,10,AR_postwar_0.0047,0.0047,0.016,0.16
prime_age_nonemployment,0.0,AR_long_run_0.75,2.0,0.0,off_1.0,20,off_0.0000,0.0,,
prime_age_nonemployment,0.0,AR_long_run_0.75,2.0,0.0,off_1.0,20,AR_recent_0.0035,0.0035,,
prime_age_nonemployment,0.0,AR_long_run_0.75,2.0,0.0,off_1.0,20,AR_postwar_0.0047,0.0047,0.0015,0.03
prime_age_nonemployment,0.0,AR_long_run_0.75,2.0,0.0,on_1.5,2,off_0.0000,0.0,0.066,0.132
prime_age_nonemployment,0.0,AR_long_run_0.75,2.0,0.0,on_1.5,2,AR_recent_0.0035,0.0035,0.0695,0.139
prime_age_nonemployment,0.0,AR_long_run_0.75,2.0,0.0,on_1.5,2,AR_postwar_0.0047,0.0047,0.0705,0.141
prime_age_nonemployment,0.0,AR_long_run_0.75,2.0,0.0,on_1.5,5,off_0.0000,0.0,0.024,0.12
prime_age_nonemployment,0.0,AR_long_run_0.75,2.0,0.0,on_1.5,5,AR_recent_0.0035,0.0035,0.0275,0.1375
prime_age_nonemployment,0.0,AR_long_run_0.75,2.0,0.0,on_1.5,5,AR_postwar_0.0047,0.0047,0.029,0.145
prime_age_nonemployment,0.0,AR_long_run_0.75,2.0,0.0,on_1.5,10,off_0.0000,0.0,0.003,0.03
prime_age_nonemployment,0.0,AR_long_run_0.75,2.0,0.0,on_1.5,10,AR_recent_0.0035,0.0035,0.0065,0.065
prime_age_nonemployment,0.0,AR_long_run_0.75,2.0,0.0,on_1.5,10,AR_postwar_0.0047,0.0047,0.008,0.08
prime_age_nonemployment,0.0,AR_long_run_0.75,2.0,0.0,on_1.5,20,off_0.0000,0.0,,
prime_age_nonemployment,0.0,AR_long_run_0.75,2.0,0.0,on_1.5,20,AR_recent_0.0035,0.0035,,
prime_age_nonemployment,0.0,AR_long_run_0.75,2.0,0.0,on_1.5,20,AR_postwar_0.0047,0.0047,,
prime_age_nonemployment,0.0,AR_long_run_0.75,2.0,0.5,off_1.0,2,off_0.0000,0.0,0.0685,0.137
prime_age_nonemployment,0.0,AR_long_run_0.75,2.0,0.5,off_1.0,2,AR_recent_0.0035,0.0035,0.072,0.144
prime_age_nonemployment,0.0,AR_long_run_0.75,2.0,0.5,off_1.0,2,AR_postwar_0.0047,0.0047,0.073,0.146
prime_age_nonemployment,0.0,AR_long_run_0.75,2.0,0.5,off_1.0,5,off_0.0000,0.0,0.031,0.155
prime_age_nonemployment,0.0,AR_long_run_0.75,2.0,0.5,off_1.0,5,AR_recent_0.0035,0.0035,0.0345,0.1725
prime_age_nonemployment,0.0,AR_long_run_0.75,2.0,0.5,off_1.0,5,AR_postwar_0.0047,0.0047,0.0355,0.1775
prime_age_nonemployment,0.0,AR_long_run_0.75,2.0,0.5,off_1.0,10,off_0.0000,0.0,0.0115,0.115
prime_age_nonemployment,0.0,AR_long_run_0.75,2.0,0.5,off_1.0,10,AR_recent_0.0035,0.0035,0.015,0.15
prime_age_nonemployment,0.0,AR_long_run_0.75,2.0,0.5,off_1.0,10,AR_postwar_0.0047,0.0047,0.016,0.16
prime_age_nonemployment,0.0,AR_long_run_0.75,2.0,0.5,off_1.0,20,off_0.0000,0.0,,
prime_age_nonemployment,0.0,AR_long_run_0.75,2.0,0.5,off_1.0,20,AR_recent_0.0035,0.0035,,
prime_age_nonemployment,0.0,AR_long_run_0.75,2.0,0.5,off_1.0,20,AR_postwar_0.0047,0.0047,0.0015,0.03
prime_age_nonemployment,0.0,AR_long_run_0.75,2.0,0.5,on_1.5,2,off_0.0000,0.0,0.066,0.132
prime_age_nonemployment,0.0,AR_long_run_0.75,2.0,0.5,on_1.5,2,AR_recent_0.0035,0.0035,0.0695,0.139
prime_age_nonemployment,0.0,AR_long_run_0.75,2.0,0.5,on_1.5,2,AR_postwar_0.0047,0.0047,0.0705,0.141
prime_age_nonemployment,0.0,AR_long_run_0.75,2.0,0.5,on_1.5,5,off_0.0000,0.0,0.024,0.12
prime_age_nonemployment,0.0,AR_long_run_0.75,2.0,0.5,on_1.5,5,AR_recent_0.0035,0.0035,0.0275,0.1375
prime_age_nonemployment,0.0,AR_long_run_0.75,2.0,0.5,on_1.5,5,AR_postwar_0.0047,0.0047,0.029,0.145
prime_age_nonemployment,0.0,AR_long_run_0.75,2.0,0.5,on_1.5,10,off_0.0000,0.0,0.003,0.03
prime_age_nonemployment,0.0,AR_long_run_0.75,2.0,0.5,on_1.5,10,AR_recent_0.0035,0.0035,0.0065,0.065
prime_age_nonemployment,0.0,AR_long_run_0.75,2.0,0.5,on_1.5,10,AR_postwar_0.0047,0.0047,0.008,0.08
prime_age_nonemployment,0.0,AR_long_run_0.75,2.0,0.5,on_1.5,20,off_0.0000,0.0,,
prime_age_nonemployment,0.0,AR_long_run_0.75,2.0,0.5,on_1.5,20,AR_recent_0.0035,0.0035,,
prime_age_nonemployment,0.0,AR_long_run_0.75,2.0,0.5,on_1.5,20,AR_postwar_0.0047,0.0047,,
prime_age_nonemployment,0.0,AR_long_run_0.75,2.0,1.0,off_1.0,2,off_0.0000,0.0,0.0685,0.137
prime_age_nonemployment,0.0,AR_long_run_0.75,2.0,1.0,off_1.0,2,AR_recent_0.0035,0.0035,0.072,0.144
prime_age_nonemployment,0.0,AR_long_run_0.75,2.0,1.0,off_1.0,2,AR_postwar_0.0047,0.0047,0.073,0.146
prime_age_nonemployment,0.0,AR_long_run_0.75,2.0,1.0,off_1.0,5,off_0.0000,0.0,0.031,0.155
prime_age_nonemployment,0.0,AR_long_run_0.75,2.0,1.0,off_1.0,5,AR_recent_0.0035,0.0035,0.0345,0.1725
prime_age_nonemployment,0.0,AR_long_run_0.75,2.0,1.0,off_1.0,5,AR_postwar_0.0047,0.0047,0.0355,0.1775
prime_age_nonemployment,0.0,AR_long_run_0.75,2.0,1.0,off_1.0,10,off_0.0000,0.0,0.0115,0.115
prime_age_nonemployment,0.0,AR_long_run_0.75,2.0,1.0,off_1.0,10,AR_recent_0.0035,0.0035,0.015,0.15
prime_age_nonemployment,0.0,AR_long_run_0.75,2.0,1.0,off_1.0,10,AR_postwar_0.0047,0.0047,0.016,0.16
prime_age_nonemployment,0.0,AR_long_run_0.75,2.0,1.0,off_1.0,20,off_0.0000,0.0,,
prime_age_nonemployment,0.0,AR_long_run_0.75,2.0,1.0,off_1.0,20,AR_recent_0.0035,0.0035,,
prime_age_nonemployment,0.0,AR_long_run_0.75,2.0,1.0,off_1.0,20,AR_postwar_0.0047,0.0047,0.0015,0.03
prime_age_nonemployment,0.0,AR_long_run_0.75,2.0,1.0,on_1.5,2,off_0.0000,0.0,0.066,0.132
prime_age_nonemployment,0.0,AR_long_run_0.75,2.0,1.0,on_1.5,2,AR_recent_0.0035,0.0035,0.0695,0.139
prime_age_nonemployment,0.0,AR_long_run_0.75,2.0,1.0,on_1.5,2,AR_postwar_0.0047,0.0047,0.0705,0.141
prime_age_nonemployment,0.0,AR_long_run_0.75,2.0,1.0,on_1.5,5,off_0.0000,0.0,0.024,0.12
prime_age_nonemployment,0.0,AR_long_run_0.75,2.0,1.0,on_1.5,5,AR_recent_0.0035,0.0035,0.0275,0.1375
prime_age_nonemployment,0.0,AR_long_run_0.75,2.0,1.0,on_1.5,5,AR_postwar_0.0047,0.0047,0.029,0.145
prime_age_nonemployment,0.0,AR_long_run_0.75,2.0,1.0,on_1.5,10,off_0.0000,0.0,0.003,0.03
prime_age_nonemployment,0.0,AR_long_run_0.75,2.0,1.0,on_1.5,10,AR_recent_0.0035,0.0035,0.0065,0.065
prime_age_nonemployment,0.0,AR_long_run_0.75,2.0,1.0,on_1.5,10,AR_postwar_0.0047,0.0047,0.008,0.08
prime_age_nonemployment,0.0,AR_long_run_0.75,2.0,1.0,on_1.5,20,off_0.0000,0.0,,
prime_age_nonemployment,0.0,AR_long_run_0.75,2.0,1.0,on_1.5,20,AR_recent_0.0035,0.0035,,
prime_age_nonemployment,0.0,AR_long_run_0.75,2.0,1.0,on_1.5,20,AR_postwar_0.0047,0.0047,,
prime_age_nonemployment,0.5,dws_0.462,1.0,0.0,off_1.0,2,off_0.0000,0.0,0.0675,0.135
prime_age_nonemployment,0.5,dws_0.462,1.0,0.0,off_1.0,2,AR_recent_0.0035,0.0035,0.071,0.142
prime_age_nonemployment,0.5,dws_0.462,1.0,0.0,off_1.0,2,AR_postwar_0.0047,0.0047,0.0725,0.145
prime_age_nonemployment,0.5,dws_0.462,1.0,0.0,off_1.0,5,off_0.0000,0.0,0.0295,0.1475
prime_age_nonemployment,0.5,dws_0.462,1.0,0.0,off_1.0,5,AR_recent_0.0035,0.0035,0.033,0.165
prime_age_nonemployment,0.5,dws_0.462,1.0,0.0,off_1.0,5,AR_postwar_0.0047,0.0047,0.034,0.17
prime_age_nonemployment,0.5,dws_0.462,1.0,0.0,off_1.0,10,off_0.0000,0.0,0.008,0.08
prime_age_nonemployment,0.5,dws_0.462,1.0,0.0,off_1.0,10,AR_recent_0.0035,0.0035,0.0115,0.115
prime_age_nonemployment,0.5,dws_0.462,1.0,0.0,off_1.0,10,AR_postwar_0.0047,0.0047,0.0125,0.125
prime_age_nonemployment,0.5,dws_0.462,1.0,0.0,off_1.0,20,off_0.0000,0.0,,
prime_age_nonemployment,0.5,dws_0.462,1.0,0.0,off_1.0,20,AR_recent_0.0035,0.0035,,
prime_age_nonemployment,0.5,dws_0.462,1.0,0.0,off_1.0,20,AR_postwar_0.0047,0.0047,,
prime_age_nonemployment,0.5,dws_0.462,1.0,0.0,on_1.5,2,off_0.0000,0.0,0.065,0.13
prime_age_nonemployment,0.5,dws_0.462,1.0,0.0,on_1.5,2,AR_recent_0.0035,0.0035,0.0685,0.137
prime_age_nonemployment,0.5,dws_0.462,1.0,0.0,on_1.5,2,AR_postwar_0.0047,0.0047,0.0695,0.139
prime_age_nonemployment,0.5,dws_0.462,1.0,0.0,on_1.5,5,off_0.0000,0.0,0.022,0.11
prime_age_nonemployment,0.5,dws_0.462,1.0,0.0,on_1.5,5,AR_recent_0.0035,0.0035,0.025,0.125
prime_age_nonemployment,0.5,dws_0.462,1.0,0.0,on_1.5,5,AR_postwar_0.0047,0.0047,0.0265,0.1325
prime_age_nonemployment,0.5,dws_0.462,1.0,0.0,on_1.5,10,off_0.0000,0.0,,
prime_age_nonemployment,0.5,dws_0.462,1.0,0.0,on_1.5,10,AR_recent_0.0035,0.0035,0.0025,0.025
prime_age_nonemployment,0.5,dws_0.462,1.0,0.0,on_1.5,10,AR_postwar_0.0047,0.0047,0.0035,0.035
prime_age_nonemployment,0.5,dws_0.462,1.0,0.0,on_1.5,20,off_0.0000,0.0,,
prime_age_nonemployment,0.5,dws_0.462,1.0,0.0,on_1.5,20,AR_recent_0.0035,0.0035,,
prime_age_nonemployment,0.5,dws_0.462,1.0,0.0,on_1.5,20,AR_postwar_0.0047,0.0047,,
prime_age_nonemployment,0.5,dws_0.462,1.0,0.5,off_1.0,2,off_0.0000,0.0,0.0675,0.135
prime_age_nonemployment,0.5,dws_0.462,1.0,0.5,off_1.0,2,AR_recent_0.0035,0.0035,0.071,0.142
prime_age_nonemployment,0.5,dws_0.462,1.0,0.5,off_1.0,2,AR_postwar_0.0047,0.0047,0.0725,0.145
prime_age_nonemployment,0.5,dws_0.462,1.0,0.5,off_1.0,5,off_0.0000,0.0,0.0295,0.1475
prime_age_nonemployment,0.5,dws_0.462,1.0,0.5,off_1.0,5,AR_recent_0.0035,0.0035,0.033,0.165
prime_age_nonemployment,0.5,dws_0.462,1.0,0.5,off_1.0,5,AR_postwar_0.0047,0.0047,0.034,0.17
prime_age_nonemployment,0.5,dws_0.462,1.0,0.5,off_1.0,10,off_0.0000,0.0,0.008,0.08
prime_age_nonemployment,0.5,dws_0.462,1.0,0.5,off_1.0,10,AR_recent_0.0035,0.0035,0.0115,0.115
prime_age_nonemployment,0.5,dws_0.462,1.0,0.5,off_1.0,10,AR_postwar_0.0047,0.0047,0.0125,0.125
prime_age_nonemployment,0.5,dws_0.462,1.0,0.5,off_1.0,20,off_0.0000,0.0,,
prime_age_nonemployment,0.5,dws_0.462,1.0,0.5,off_1.0,20,AR_recent_0.0035,0.0035,,
prime_age_nonemployment,0.5,dws_0.462,1.0,0.5,off_1.0,20,AR_postwar_0.0047,0.0047,,
prime_age_nonemployment,0.5,dws_0.462,1.0,0.5,on_1.5,2,off_0.0000,0.0,0.065,0.13
prime_age_nonemployment,0.5,dws_0.462,1.0,0.5,on_1.5,2,AR_recent_0.0035,0.0035,0.0685,0.137
prime_age_nonemployment,0.5,dws_0.462,1.0,0.5,on_1.5,2,AR_postwar_0.0047,0.0047,0.0695,0.139
prime_age_nonemployment,0.5,dws_0.462,1.0,0.5,on_1.5,5,off_0.0000,0.0,0.022,0.11
prime_age_nonemployment,0.5,dws_0.462,1.0,0.5,on_1.5,5,AR_recent_0.0035,0.0035,0.025,0.125
prime_age_nonemployment,0.5,dws_0.462,1.0,0.5,on_1.5,5,AR_postwar_0.0047,0.0047,0.0265,0.1325
prime_age_nonemployment,0.5,dws_0.462,1.0,0.5,on_1.5,10,off_0.0000,0.0,,
prime_age_nonemployment,0.5,dws_0.462,1.0,0.5,on_1.5,10,AR_recent_0.0035,0.0035,0.0025,0.025
prime_age_nonemployment,0.5,dws_0.462,1.0,0.5,on_1.5,10,AR_postwar_0.0047,0.0047,0.0035,0.035
prime_age_nonemployment,0.5,dws_0.462,1.0,0.5,on_1.5,20,off_0.0000,0.0,,
prime_age_nonemployment,0.5,dws_0.462,1.0,0.5,on_1.5,20,AR_recent_0.0035,0.0035,,
prime_age_nonemployment,0.5,dws_0.462,1.0,0.5,on_1.5,20,AR_postwar_0.0047,0.0047,,
prime_age_nonemployment,0.5,dws_0.462,1.0,1.0,off_1.0,2,off_0.0000,0.0,0.0675,0.135
prime_age_nonemployment,0.5,dws_0.462,1.0,1.0,off_1.0,2,AR_recent_0.0035,0.0035,0.071,0.142
prime_age_nonemployment,0.5,dws_0.462,1.0,1.0,off_1.0,2,AR_postwar_0.0047,0.0047,0.0725,0.145
prime_age_nonemployment,0.5,dws_0.462,1.0,1.0,off_1.0,5,off_0.0000,0.0,0.0295,0.1475
prime_age_nonemployment,0.5,dws_0.462,1.0,1.0,off_1.0,5,AR_recent_0.0035,0.0035,0.033,0.165
prime_age_nonemployment,0.5,dws_0.462,1.0,1.0,off_1.0,5,AR_postwar_0.0047,0.0047,0.034,0.17
prime_age_nonemployment,0.5,dws_0.462,1.0,1.0,off_1.0,10,off_0.0000,0.0,0.008,0.08
prime_age_nonemployment,0.5,dws_0.462,1.0,1.0,off_1.0,10,AR_recent_0.0035,0.0035,0.0115,0.115
prime_age_nonemployment,0.5,dws_0.462,1.0,1.0,off_1.0,10,AR_postwar_0.0047,0.0047,0.0125,0.125
prime_age_nonemployment,0.5,dws_0.462,1.0,1.0,off_1.0,20,off_0.0000,0.0,,
prime_age_nonemployment,0.5,dws_0.462,1.0,1.0,off_1.0,20,AR_recent_0.0035,0.0035,,
prime_age_nonemployment,0.5,dws_0.462,1.0,1.0,off_1.0,20,AR_postwar_0.0047,0.0047,,
prime_age_nonemployment,0.5,dws_0.462,1.0,1.0,on_1.5,2,off_0.0000,0.0,0.065,0.13
prime_age_nonemployment,0.5,dws_0.462,1.0,1.0,on_1.5,2,AR_recent_0.0035,0.0035,0.0685,0.137
prime_age_nonemployment,0.5,dws_0.462,1.0,1.0,on_1.5,2,AR_postwar_0.0047,0.0047,0.0695,0.139
prime_age_nonemployment,0.5,dws_0.462,1.0,1.0,on_1.5,5,off_0.0000,0.0,0.022,0.11
prime_age_nonemployment,0.5,dws_0.462,1.0,1.0,on_1.5,5,AR_recent_0.0035,0.0035,0.025,0.125
prime_age_nonemployment,0.5,dws_0.462,1.0,1.0,on_1.5,5,AR_postwar_0.0047,0.0047,0.0265,0.1325
prime_age_nonemployment,0.5,dws_0.462,1.0,1.0,on_1.5,10,off_0.0000,0.0,,
prime_age_nonemployment,0.5,dws_0.462,1.0,1.0,on_1.5,10,AR_recent_0.0035,0.0035,0.0025,0.025
prime_age_nonemployment,0.5,dws_0.462,1.0,1.0,on_1.5,10,AR_postwar_0.0047,0.0047,0.0035,0.035
prime_age_nonemployment,0.5,dws_0.462,1.0,1.0,on_1.5,20,off_0.0000,0.0,,
prime_age_nonemployment,0.5,dws_0.462,1.0,1.0,on_1.5,20,AR_recent_0.0035,0.0035,,
prime_age_nonemployment,0.5,dws_0.462,1.0,1.0,on_1.5,20,AR_postwar_0.0047,0.0047,,
prime_age_nonemployment,0.5,dws_0.462,1.5,0.0,off_1.0,2,off_0.0000,0.0,0.0695,0.139
prime_age_nonemployment,0.5,dws_0.462,1.5,0.0,off_1.0,2,AR_recent_0.0035,0.0035,0.073,0.146
prime_age_nonemployment,0.5,dws_0.462,1.5,0.0,off_1.0,2,AR_postwar_0.0047,0.0047,0.074,0.148
prime_age_nonemployment,0.5,dws_0.462,1.5,0.0,off_1.0,5,off_0.0000,0.0,0.031,0.155
prime_age_nonemployment,0.5,dws_0.462,1.5,0.0,off_1.0,5,AR_recent_0.0035,0.0035,0.0345,0.1725
prime_age_nonemployment,0.5,dws_0.462,1.5,0.0,off_1.0,5,AR_postwar_0.0047,0.0047,0.0355,0.1775
prime_age_nonemployment,0.5,dws_0.462,1.5,0.0,off_1.0,10,off_0.0000,0.0,0.0135,0.135
prime_age_nonemployment,0.5,dws_0.462,1.5,0.0,off_1.0,10,AR_recent_0.0035,0.0035,0.017,0.17
prime_age_nonemployment,0.5,dws_0.462,1.5,0.0,off_1.0,10,AR_postwar_0.0047,0.0047,0.018,0.18
prime_age_nonemployment,0.5,dws_0.462,1.5,0.0,off_1.0,20,off_0.0000,0.0,0.0005,0.01
prime_age_nonemployment,0.5,dws_0.462,1.5,0.0,off_1.0,20,AR_recent_0.0035,0.0035,0.0035,0.07
prime_age_nonemployment,0.5,dws_0.462,1.5,0.0,off_1.0,20,AR_postwar_0.0047,0.0047,0.0045,0.09
prime_age_nonemployment,0.5,dws_0.462,1.5,0.0,on_1.5,2,off_0.0000,0.0,0.0675,0.135
prime_age_nonemployment,0.5,dws_0.462,1.5,0.0,on_1.5,2,AR_recent_0.0035,0.0035,0.071,0.142
prime_age_nonemployment,0.5,dws_0.462,1.5,0.0,on_1.5,2,AR_postwar_0.0047,0.0047,0.0725,0.145
prime_age_nonemployment,0.5,dws_0.462,1.5,0.0,on_1.5,5,off_0.0000,0.0,0.026,0.13
prime_age_nonemployment,0.5,dws_0.462,1.5,0.0,on_1.5,5,AR_recent_0.0035,0.0035,0.0295,0.1475
prime_age_nonemployment,0.5,dws_0.462,1.5,0.0,on_1.5,5,AR_postwar_0.0047,0.0047,0.0305,0.1525
prime_age_nonemployment,0.5,dws_0.462,1.5,0.0,on_1.5,10,off_0.0000,0.0,0.007,0.07
prime_age_nonemployment,0.5,dws_0.462,1.5,0.0,on_1.5,10,AR_recent_0.0035,0.0035,0.0105,0.105
prime_age_nonemployment,0.5,dws_0.462,1.5,0.0,on_1.5,10,AR_postwar_0.0047,0.0047,0.0115,0.115
prime_age_nonemployment,0.5,dws_0.462,1.5,0.0,on_1.5,20,off_0.0000,0.0,,
prime_age_nonemployment,0.5,dws_0.462,1.5,0.0,on_1.5,20,AR_recent_0.0035,0.0035,,
prime_age_nonemployment,0.5,dws_0.462,1.5,0.0,on_1.5,20,AR_postwar_0.0047,0.0047,,
prime_age_nonemployment,0.5,dws_0.462,1.5,0.5,off_1.0,2,off_0.0000,0.0,0.0695,0.139
prime_age_nonemployment,0.5,dws_0.462,1.5,0.5,off_1.0,2,AR_recent_0.0035,0.0035,0.073,0.146
prime_age_nonemployment,0.5,dws_0.462,1.5,0.5,off_1.0,2,AR_postwar_0.0047,0.0047,0.074,0.148
prime_age_nonemployment,0.5,dws_0.462,1.5,0.5,off_1.0,5,off_0.0000,0.0,0.031,0.155
prime_age_nonemployment,0.5,dws_0.462,1.5,0.5,off_1.0,5,AR_recent_0.0035,0.0035,0.0345,0.1725
prime_age_nonemployment,0.5,dws_0.462,1.5,0.5,off_1.0,5,AR_postwar_0.0047,0.0047,0.0355,0.1775
prime_age_nonemployment,0.5,dws_0.462,1.5,0.5,off_1.0,10,off_0.0000,0.0,0.0135,0.135
prime_age_nonemployment,0.5,dws_0.462,1.5,0.5,off_1.0,10,AR_recent_0.0035,0.0035,0.017,0.17
prime_age_nonemployment,0.5,dws_0.462,1.5,0.5,off_1.0,10,AR_postwar_0.0047,0.0047,0.018,0.18
prime_age_nonemployment,0.5,dws_0.462,1.5,0.5,off_1.0,20,off_0.0000,0.0,0.0005,0.01
prime_age_nonemployment,0.5,dws_0.462,1.5,0.5,off_1.0,20,AR_recent_0.0035,0.0035,0.0035,0.07
prime_age_nonemployment,0.5,dws_0.462,1.5,0.5,off_1.0,20,AR_postwar_0.0047,0.0047,0.0045,0.09
prime_age_nonemployment,0.5,dws_0.462,1.5,0.5,on_1.5,2,off_0.0000,0.0,0.0675,0.135
prime_age_nonemployment,0.5,dws_0.462,1.5,0.5,on_1.5,2,AR_recent_0.0035,0.0035,0.071,0.142
prime_age_nonemployment,0.5,dws_0.462,1.5,0.5,on_1.5,2,AR_postwar_0.0047,0.0047,0.0725,0.145
prime_age_nonemployment,0.5,dws_0.462,1.5,0.5,on_1.5,5,off_0.0000,0.0,0.026,0.13
prime_age_nonemployment,0.5,dws_0.462,1.5,0.5,on_1.5,5,AR_recent_0.0035,0.0035,0.0295,0.1475
prime_age_nonemployment,0.5,dws_0.462,1.5,0.5,on_1.5,5,AR_postwar_0.0047,0.0047,0.0305,0.1525
prime_age_nonemployment,0.5,dws_0.462,1.5,0.5,on_1.5,10,off_0.0000,0.0,0.007,0.07
prime_age_nonemployment,0.5,dws_0.462,1.5,0.5,on_1.5,10,AR_recent_0.0035,0.0035,0.0105,0.105
prime_age_nonemployment,0.5,dws_0.462,1.5,0.5,on_1.5,10,AR_postwar_0.0047,0.0047,0.0115,0.115
prime_age_nonemployment,0.5,dws_0.462,1.5,0.5,on_1.5,20,off_0.0000,0.0,,
prime_age_nonemployment,0.5,dws_0.462,1.5,0.5,on_1.5,20,AR_recent_0.0035,0.0035,,
prime_age_nonemployment,0.5,dws_0.462,1.5,0.5,on_1.5,20,AR_postwar_0.0047,0.0047,,
prime_age_nonemployment,0.5,dws_0.462,1.5,1.0,off_1.0,2,off_0.0000,0.0,0.0695,0.139
prime_age_nonemployment,0.5,dws_0.462,1.5,1.0,off_1.0,2,AR_recent_0.0035,0.0035,0.073,0.146
prime_age_nonemployment,0.5,dws_0.462,1.5,1.0,off_1.0,2,AR_postwar_0.0047,0.0047,0.074,0.148
prime_age_nonemployment,0.5,dws_0.462,1.5,1.0,off_1.0,5,off_0.0000,0.0,0.031,0.155
prime_age_nonemployment,0.5,dws_0.462,1.5,1.0,off_1.0,5,AR_recent_0.0035,0.0035,0.0345,0.1725
prime_age_nonemployment,0.5,dws_0.462,1.5,1.0,off_1.0,5,AR_postwar_0.0047,0.0047,0.0355,0.1775
prime_age_nonemployment,0.5,dws_0.462,1.5,1.0,off_1.0,10,off_0.0000,0.0,0.0135,0.135
prime_age_nonemployment,0.5,dws_0.462,1.5,1.0,off_1.0,10,AR_recent_0.0035,0.0035,0.017,0.17
prime_age_nonemployment,0.5,dws_0.462,1.5,1.0,off_1.0,10,AR_postwar_0.0047,0.0047,0.018,0.18
prime_age_nonemployment,0.5,dws_0.462,1.5,1.0,off_1.0,20,off_0.0000,0.0,0.0005,0.01
prime_age_nonemployment,0.5,dws_0.462,1.5,1.0,off_1.0,20,AR_recent_0.0035,0.0035,0.0035,0.07
prime_age_nonemployment,0.5,dws_0.462,1.5,1.0,off_1.0,20,AR_postwar_0.0047,0.0047,0.0045,0.09
prime_age_nonemployment,0.5,dws_0.462,1.5,1.0,on_1.5,2,off_0.0000,0.0,0.0675,0.135
prime_age_nonemployment,0.5,dws_0.462,1.5,1.0,on_1.5,2,AR_recent_0.0035,0.0035,0.071,0.142
prime_age_nonemployment,0.5,dws_0.462,1.5,1.0,on_1.5,2,AR_postwar_0.0047,0.0047,0.0725,0.145
prime_age_nonemployment,0.5,dws_0.462,1.5,1.0,on_1.5,5,off_0.0000,0.0,0.026,0.13
prime_age_nonemployment,0.5,dws_0.462,1.5,1.0,on_1.5,5,AR_recent_0.0035,0.0035,0.0295,0.1475
prime_age_nonemployment,0.5,dws_0.462,1.5,1.0,on_1.5,5,AR_postwar_0.0047,0.0047,0.0305,0.1525
prime_age_nonemployment,0.5,dws_0.462,1.5,1.0,on_1.5,10,off_0.0000,0.0,0.007,0.07
prime_age_nonemployment,0.5,dws_0.462,1.5,1.0,on_1.5,10,AR_recent_0.0035,0.0035,0.0105,0.105
prime_age_nonemployment,0.5,dws_0.462,1.5,1.0,on_1.5,10,AR_postwar_0.0047,0.0047,0.0115,0.115
prime_age_nonemployment,0.5,dws_0.462,1.5,1.0,on_1.5,20,off_0.0000,0.0,,
prime_age_nonemployment,0.5,dws_0.462,1.5,1.0,on_1.5,20,AR_recent_0.0035,0.0035,,
prime_age_nonemployment,0.5,dws_0.462,1.5,1.0,on_1.5,20,AR_postwar_0.0047,0.0047,,
prime_age_nonemployment,0.5,dws_0.462,2.0,0.0,off_1.0,2,off_0.0000,0.0,0.0705,0.141
prime_age_nonemployment,0.5,dws_0.462,2.0,0.0,off_1.0,2,AR_recent_0.0035,0.0035,0.074,0.148
prime_age_nonemployment,0.5,dws_0.462,2.0,0.0,off_1.0,2,AR_postwar_0.0047,0.0047,0.075,0.15
prime_age_nonemployment,0.5,dws_0.462,2.0,0.0,off_1.0,5,off_0.0000,0.0,0.0305,0.1525
prime_age_nonemployment,0.5,dws_0.462,2.0,0.0,off_1.0,5,AR_recent_0.0035,0.0035,0.034,0.17
prime_age_nonemployment,0.5,dws_0.462,2.0,0.0,off_1.0,5,AR_postwar_0.0047,0.0047,0.035,0.175
prime_age_nonemployment,0.5,dws_0.462,2.0,0.0,off_1.0,10,off_0.0000,0.0,0.016,0.16
prime_age_nonemployment,0.5,dws_0.462,2.0,0.0,off_1.0,10,AR_recent_0.0035,0.0035,0.0195,0.195
prime_age_nonemployment,0.5,dws_0.462,2.0,0.0,off_1.0,10,AR_postwar_0.0047,0.0047,0.0205,0.205
prime_age_nonemployment,0.5,dws_0.462,2.0,0.0,off_1.0,20,off_0.0000,0.0,0.0045,0.09
prime_age_nonemployment,0.5,dws_0.462,2.0,0.0,off_1.0,20,AR_recent_0.0035,0.0035,0.0075,0.15
prime_age_nonemployment,0.5,dws_0.462,2.0,0.0,off_1.0,20,AR_postwar_0.0047,0.0047,0.009,0.18
prime_age_nonemployment,0.5,dws_0.462,2.0,0.0,on_1.5,2,off_0.0000,0.0,0.069,0.138
prime_age_nonemployment,0.5,dws_0.462,2.0,0.0,on_1.5,2,AR_recent_0.0035,0.0035,0.0725,0.145
prime_age_nonemployment,0.5,dws_0.462,2.0,0.0,on_1.5,2,AR_postwar_0.0047,0.0047,0.0735,0.147
prime_age_nonemployment,0.5,dws_0.462,2.0,0.0,on_1.5,5,off_0.0000,0.0,0.027,0.135
prime_age_nonemployment,0.5,dws_0.462,2.0,0.0,on_1.5,5,AR_recent_0.0035,0.0035,0.0305,0.1525
prime_age_nonemployment,0.5,dws_0.462,2.0,0.0,on_1.5,5,AR_postwar_0.0047,0.0047,0.0315,0.1575
prime_age_nonemployment,0.5,dws_0.462,2.0,0.0,on_1.5,10,off_0.0000,0.0,0.011,0.11
prime_age_nonemployment,0.5,dws_0.462,2.0,0.0,on_1.5,10,AR_recent_0.0035,0.0035,0.0145,0.145
prime_age_nonemployment,0.5,dws_0.462,2.0,0.0,on_1.5,10,AR_postwar_0.0047,0.0047,0.0155,0.155
prime_age_nonemployment,0.5,dws_0.462,2.0,0.0,on_1.5,20,off_0.0000,0.0,,
prime_age_nonemployment,0.5,dws_0.462,2.0,0.0,on_1.5,20,AR_recent_0.0035,0.0035,0.0025,0.05
prime_age_nonemployment,0.5,dws_0.462,2.0,0.0,on_1.5,20,AR_postwar_0.0047,0.0047,0.0035,0.07
prime_age_nonemployment,0.5,dws_0.462,2.0,0.5,off_1.0,2,off_0.0000,0.0,0.0705,0.141
prime_age_nonemployment,0.5,dws_0.462,2.0,0.5,off_1.0,2,AR_recent_0.0035,0.0035,0.074,0.148
prime_age_nonemployment,0.5,dws_0.462,2.0,0.5,off_1.0,2,AR_postwar_0.0047,0.0047,0.075,0.15
prime_age_nonemployment,0.5,dws_0.462,2.0,0.5,off_1.0,5,off_0.0000,0.0,0.0305,0.1525
prime_age_nonemployment,0.5,dws_0.462,2.0,0.5,off_1.0,5,AR_recent_0.0035,0.0035,0.034,0.17
prime_age_nonemployment,0.5,dws_0.462,2.0,0.5,off_1.0,5,AR_postwar_0.0047,0.0047,0.035,0.175
prime_age_nonemployment,0.5,dws_0.462,2.0,0.5,off_1.0,10,off_0.0000,0.0,0.016,0.16
prime_age_nonemployment,0.5,dws_0.462,2.0,0.5,off_1.0,10,AR_recent_0.0035,0.0035,0.0195,0.195
prime_age_nonemployment,0.5,dws_0.462,2.0,0.5,off_1.0,10,AR_postwar_0.0047,0.0047,0.0205,0.205
prime_age_nonemployment,0.5,dws_0.462,2.0,0.5,off_1.0,20,off_0.0000,0.0,0.0045,0.09
prime_age_nonemployment,0.5,dws_0.462,2.0,0.5,off_1.0,20,AR_recent_0.0035,0.0035,0.0075,0.15
prime_age_nonemployment,0.5,dws_0.462,2.0,0.5,off_1.0,20,AR_postwar_0.0047,0.0047,0.009,0.18
prime_age_nonemployment,0.5,dws_0.462,2.0,0.5,on_1.5,2,off_0.0000,0.0,0.069,0.138
prime_age_nonemployment,0.5,dws_0.462,2.0,0.5,on_1.5,2,AR_recent_0.0035,0.0035,0.0725,0.145
prime_age_nonemployment,0.5,dws_0.462,2.0,0.5,on_1.5,2,AR_postwar_0.0047,0.0047,0.0735,0.147
prime_age_nonemployment,0.5,dws_0.462,2.0,0.5,on_1.5,5,off_0.0000,0.0,0.027,0.135
prime_age_nonemployment,0.5,dws_0.462,2.0,0.5,on_1.5,5,AR_recent_0.0035,0.0035,0.0305,0.1525
prime_age_nonemployment,0.5,dws_0.462,2.0,0.5,on_1.5,5,AR_postwar_0.0047,0.0047,0.0315,0.1575
prime_age_nonemployment,0.5,dws_0.462,2.0,0.5,on_1.5,10,off_0.0000,0.0,0.011,0.11
prime_age_nonemployment,0.5,dws_0.462,2.0,0.5,on_1.5,10,AR_recent_0.0035,0.0035,0.0145,0.145
prime_age_nonemployment,0.5,dws_0.462,2.0,0.5,on_1.5,10,AR_postwar_0.0047,0.0047,0.0155,0.155
prime_age_nonemployment,0.5,dws_0.462,2.0,0.5,on_1.5,20,off_0.0000,0.0,,
prime_age_nonemployment,0.5,dws_0.462,2.0,0.5,on_1.5,20,AR_recent_0.0035,0.0035,0.0025,0.05
prime_age_nonemployment,0.5,dws_0.462,2.0,0.5,on_1.5,20,AR_postwar_0.0047,0.0047,0.0035,0.07
prime_age_nonemployment,0.5,dws_0.462,2.0,1.0,off_1.0,2,off_0.0000,0.0,0.0705,0.141
prime_age_nonemployment,0.5,dws_0.462,2.0,1.0,off_1.0,2,AR_recent_0.0035,0.0035,0.074,0.148
prime_age_nonemployment,0.5,dws_0.462,2.0,1.0,off_1.0,2,AR_postwar_0.0047,0.0047,0.075,0.15
prime_age_nonemployment,0.5,dws_0.462,2.0,1.0,off_1.0,5,off_0.0000,0.0,0.0305,0.1525
prime_age_nonemployment,0.5,dws_0.462,2.0,1.0,off_1.0,5,AR_recent_0.0035,0.0035,0.034,0.17
prime_age_nonemployment,0.5,dws_0.462,2.0,1.0,off_1.0,5,AR_postwar_0.0047,0.0047,0.035,0.175
prime_age_nonemployment,0.5,dws_0.462,2.0,1.0,off_1.0,10,off_0.0000,0.0,0.016,0.16
prime_age_nonemployment,0.5,dws_0.462,2.0,1.0,off_1.0,10,AR_recent_0.0035,0.0035,0.0195,0.195
prime_age_nonemployment,0.5,dws_0.462,2.0,1.0,off_1.0,10,AR_postwar_0.0047,0.0047,0.0205,0.205
prime_age_nonemployment,0.5,dws_0.462,2.0,1.0,off_1.0,20,off_0.0000,0.0,0.0045,0.09
prime_age_nonemployment,0.5,dws_0.462,2.0,1.0,off_1.0,20,AR_recent_0.0035,0.0035,0.0075,0.15
prime_age_nonemployment,0.5,dws_0.462,2.0,1.0,off_1.0,20,AR_postwar_0.0047,0.0047,0.009,0.18
prime_age_nonemployment,0.5,dws_0.462,2.0,1.0,on_1.5,2,off_0.0000,0.0,0.069,0.138
prime_age_nonemployment,0.5,dws_0.462,2.0,1.0,on_1.5,2,AR_recent_0.0035,0.0035,0.0725,0.145
prime_age_nonemployment,0.5,dws_0.462,2.0,1.0,on_1.5,2,AR_postwar_0.0047,0.0047,0.0735,0.147
prime_age_nonemployment,0.5,dws_0.462,2.0,1.0,on_1.5,5,off_0.0000,0.0,0.027,0.135
prime_age_nonemployment,0.5,dws_0.462,2.0,1.0,on_1.5,5,AR_recent_0.0035,0.0035,0.0305,0.1525
prime_age_nonemployment,0.5,dws_0.462,2.0,1.0,on_1.5,5,AR_postwar_0.0047,0.0047,0.0315,0.1575
prime_age_nonemployment,0.5,dws_0.462,2.0,1.0,on_1.5,10,off_0.0000,0.0,0.011,0.11
prime_age_nonemployment,0.5,dws_0.462,2.0,1.0,on_1.5,10,AR_recent_0.0035,0.0035,0.0145,0.145
prime_age_nonemployment,0.5,dws_0.462,2.0,1.0,on_1.5,10,AR_postwar_0.0047,0.0047,0.0155,0.155
prime_age_nonemployment,0.5,dws_0.462,2.0,1.0,on_1.5,20,off_0.0000,0.0,,
prime_age_nonemployment,0.5,dws_0.462,2.0,1.0,on_1.5,20,AR_recent_0.0035,0.0035,0.0025,0.05
prime_age_nonemployment,0.5,dws_0.462,2.0,1.0,on_1.5,20,AR_postwar_0.0047,0.0047,0.0035,0.07
prime_age_nonemployment,0.5,dws_low_0.296,1.0,0.0,off_1.0,2,off_0.0000,0.0,0.07,0.14
prime_age_nonemployment,0.5,dws_low_0.296,1.0,0.0,off_1.0,2,AR_recent_0.0035,0.0035,0.0735,0.147
prime_age_nonemployment,0.5,dws_low_0.296,1.0,0.0,off_1.0,2,AR_postwar_0.0047,0.0047,0.0745,0.149
prime_age_nonemployment,0.5,dws_low_0.296,1.0,0.0,off_1.0,5,off_0.0000,0.0,0.034,0.17
prime_age_nonemployment,0.5,dws_low_0.296,1.0,0.0,off_1.0,5,AR_recent_0.0035,0.0035,0.0375,0.1875
prime_age_nonemployment,0.5,dws_low_0.296,1.0,0.0,off_1.0,5,AR_postwar_0.0047,0.0047,0.0385,0.1925
prime_age_nonemployment,0.5,dws_low_0.296,1.0,0.0,off_1.0,10,off_0.0000,0.0,0.0155,0.155
prime_age_nonemployment,0.5,dws_low_0.296,1.0,0.0,off_1.0,10,AR_recent_0.0035,0.0035,0.019,0.19
prime_age_nonemployment,0.5,dws_low_0.296,1.0,0.0,off_1.0,10,AR_postwar_0.0047,0.0047,0.02,0.2
prime_age_nonemployment,0.5,dws_low_0.296,1.0,0.0,off_1.0,20,off_0.0000,0.0,0.001,0.02
prime_age_nonemployment,0.5,dws_low_0.296,1.0,0.0,off_1.0,20,AR_recent_0.0035,0.0035,0.004,0.08
prime_age_nonemployment,0.5,dws_low_0.296,1.0,0.0,off_1.0,20,AR_postwar_0.0047,0.0047,0.005,0.1
prime_age_nonemployment,0.5,dws_low_0.296,1.0,0.0,on_1.5,2,off_0.0000,0.0,0.068,0.136
prime_age_nonemployment,0.5,dws_low_0.296,1.0,0.0,on_1.5,2,AR_recent_0.0035,0.0035,0.0715,0.143
prime_age_nonemployment,0.5,dws_low_0.296,1.0,0.0,on_1.5,2,AR_postwar_0.0047,0.0047,0.0725,0.145
prime_age_nonemployment,0.5,dws_low_0.296,1.0,0.0,on_1.5,5,off_0.0000,0.0,0.0285,0.1425
prime_age_nonemployment,0.5,dws_low_0.296,1.0,0.0,on_1.5,5,AR_recent_0.0035,0.0035,0.032,0.16
prime_age_nonemployment,0.5,dws_low_0.296,1.0,0.0,on_1.5,5,AR_postwar_0.0047,0.0047,0.033,0.165
prime_age_nonemployment,0.5,dws_low_0.296,1.0,0.0,on_1.5,10,off_0.0000,0.0,0.0085,0.085
prime_age_nonemployment,0.5,dws_low_0.296,1.0,0.0,on_1.5,10,AR_recent_0.0035,0.0035,0.0115,0.115
prime_age_nonemployment,0.5,dws_low_0.296,1.0,0.0,on_1.5,10,AR_postwar_0.0047,0.0047,0.013,0.13
prime_age_nonemployment,0.5,dws_low_0.296,1.0,0.0,on_1.5,20,off_0.0000,0.0,,
prime_age_nonemployment,0.5,dws_low_0.296,1.0,0.0,on_1.5,20,AR_recent_0.0035,0.0035,,
prime_age_nonemployment,0.5,dws_low_0.296,1.0,0.0,on_1.5,20,AR_postwar_0.0047,0.0047,,
prime_age_nonemployment,0.5,dws_low_0.296,1.0,0.5,off_1.0,2,off_0.0000,0.0,0.07,0.14
prime_age_nonemployment,0.5,dws_low_0.296,1.0,0.5,off_1.0,2,AR_recent_0.0035,0.0035,0.0735,0.147
prime_age_nonemployment,0.5,dws_low_0.296,1.0,0.5,off_1.0,2,AR_postwar_0.0047,0.0047,0.0745,0.149
prime_age_nonemployment,0.5,dws_low_0.296,1.0,0.5,off_1.0,5,off_0.0000,0.0,0.034,0.17
prime_age_nonemployment,0.5,dws_low_0.296,1.0,0.5,off_1.0,5,AR_recent_0.0035,0.0035,0.0375,0.1875
prime_age_nonemployment,0.5,dws_low_0.296,1.0,0.5,off_1.0,5,AR_postwar_0.0047,0.0047,0.0385,0.1925
prime_age_nonemployment,0.5,dws_low_0.296,1.0,0.5,off_1.0,10,off_0.0000,0.0,0.0155,0.155
prime_age_nonemployment,0.5,dws_low_0.296,1.0,0.5,off_1.0,10,AR_recent_0.0035,0.0035,0.019,0.19
prime_age_nonemployment,0.5,dws_low_0.296,1.0,0.5,off_1.0,10,AR_postwar_0.0047,0.0047,0.02,0.2
prime_age_nonemployment,0.5,dws_low_0.296,1.0,0.5,off_1.0,20,off_0.0000,0.0,0.001,0.02
prime_age_nonemployment,0.5,dws_low_0.296,1.0,0.5,off_1.0,20,AR_recent_0.0035,0.0035,0.004,0.08
prime_age_nonemployment,0.5,dws_low_0.296,1.0,0.5,off_1.0,20,AR_postwar_0.0047,0.0047,0.005,0.1
prime_age_nonemployment,0.5,dws_low_0.296,1.0,0.5,on_1.5,2,off_0.0000,0.0,0.068,0.136
prime_age_nonemployment,0.5,dws_low_0.296,1.0,0.5,on_1.5,2,AR_recent_0.0035,0.0035,0.0715,0.143
prime_age_nonemployment,0.5,dws_low_0.296,1.0,0.5,on_1.5,2,AR_postwar_0.0047,0.0047,0.0725,0.145
prime_age_nonemployment,0.5,dws_low_0.296,1.0,0.5,on_1.5,5,off_0.0000,0.0,0.0285,0.1425
prime_age_nonemployment,0.5,dws_low_0.296,1.0,0.5,on_1.5,5,AR_recent_0.0035,0.0035,0.032,0.16
prime_age_nonemployment,0.5,dws_low_0.296,1.0,0.5,on_1.5,5,AR_postwar_0.0047,0.0047,0.033,0.165
prime_age_nonemployment,0.5,dws_low_0.296,1.0,0.5,on_1.5,10,off_0.0000,0.0,0.0085,0.085
prime_age_nonemployment,0.5,dws_low_0.296,1.0,0.5,on_1.5,10,AR_recent_0.0035,0.0035,0.0115,0.115
prime_age_nonemployment,0.5,dws_low_0.296,1.0,0.5,on_1.5,10,AR_postwar_0.0047,0.0047,0.013,0.13
prime_age_nonemployment,0.5,dws_low_0.296,1.0,0.5,on_1.5,20,off_0.0000,0.0,,
prime_age_nonemployment,0.5,dws_low_0.296,1.0,0.5,on_1.5,20,AR_recent_0.0035,0.0035,,
prime_age_nonemployment,0.5,dws_low_0.296,1.0,0.5,on_1.5,20,AR_postwar_0.0047,0.0047,,
prime_age_nonemployment,0.5,dws_low_0.296,1.0,1.0,off_1.0,2,off_0.0000,0.0,0.07,0.14
prime_age_nonemployment,0.5,dws_low_0.296,1.0,1.0,off_1.0,2,AR_recent_0.0035,0.0035,0.0735,0.147
prime_age_nonemployment,0.5,dws_low_0.296,1.0,1.0,off_1.0,2,AR_postwar_0.0047,0.0047,0.0745,0.149
prime_age_nonemployment,0.5,dws_low_0.296,1.0,1.0,off_1.0,5,off_0.0000,0.0,0.034,0.17
prime_age_nonemployment,0.5,dws_low_0.296,1.0,1.0,off_1.0,5,AR_recent_0.0035,0.0035,0.0375,0.1875
prime_age_nonemployment,0.5,dws_low_0.296,1.0,1.0,off_1.0,5,AR_postwar_0.0047,0.0047,0.0385,0.1925
prime_age_nonemployment,0.5,dws_low_0.296,1.0,1.0,off_1.0,10,off_0.0000,0.0,0.0155,0.155
prime_age_nonemployment,0.5,dws_low_0.296,1.0,1.0,off_1.0,10,AR_recent_0.0035,0.0035,0.019,0.19
prime_age_nonemployment,0.5,dws_low_0.296,1.0,1.0,off_1.0,10,AR_postwar_0.0047,0.0047,0.02,0.2
prime_age_nonemployment,0.5,dws_low_0.296,1.0,1.0,off_1.0,20,off_0.0000,0.0,0.001,0.02
prime_age_nonemployment,0.5,dws_low_0.296,1.0,1.0,off_1.0,20,AR_recent_0.0035,0.0035,0.004,0.08
prime_age_nonemployment,0.5,dws_low_0.296,1.0,1.0,off_1.0,20,AR_postwar_0.0047,0.0047,0.005,0.1
prime_age_nonemployment,0.5,dws_low_0.296,1.0,1.0,on_1.5,2,off_0.0000,0.0,0.068,0.136
prime_age_nonemployment,0.5,dws_low_0.296,1.0,1.0,on_1.5,2,AR_recent_0.0035,0.0035,0.0715,0.143
prime_age_nonemployment,0.5,dws_low_0.296,1.0,1.0,on_1.5,2,AR_postwar_0.0047,0.0047,0.0725,0.145
prime_age_nonemployment,0.5,dws_low_0.296,1.0,1.0,on_1.5,5,off_0.0000,0.0,0.0285,0.1425
prime_age_nonemployment,0.5,dws_low_0.296,1.0,1.0,on_1.5,5,AR_recent_0.0035,0.0035,0.032,0.16
prime_age_nonemployment,0.5,dws_low_0.296,1.0,1.0,on_1.5,5,AR_postwar_0.0047,0.0047,0.033,0.165
prime_age_nonemployment,0.5,dws_low_0.296,1.0,1.0,on_1.5,10,off_0.0000,0.0,0.0085,0.085
prime_age_nonemployment,0.5,dws_low_0.296,1.0,1.0,on_1.5,10,AR_recent_0.0035,0.0035,0.0115,0.115
prime_age_nonemployment,0.5,dws_low_0.296,1.0,1.0,on_1.5,10,AR_postwar_0.0047,0.0047,0.013,0.13
prime_age_nonemployment,0.5,dws_low_0.296,1.0,1.0,on_1.5,20,off_0.0000,0.0,,
prime_age_nonemployment,0.5,dws_low_0.296,1.0,1.0,on_1.5,20,AR_recent_0.0035,0.0035,,
prime_age_nonemployment,0.5,dws_low_0.296,1.0,1.0,on_1.5,20,AR_postwar_0.0047,0.0047,,
prime_age_nonemployment,0.5,dws_low_0.296,1.5,0.0,off_1.0,2,off_0.0000,0.0,0.071,0.142
prime_age_nonemployment,0.5,dws_low_0.296,1.5,0.0,off_1.0,2,AR_recent_0.0035,0.0035,0.0745,0.149
prime_age_nonemployment,0.5,dws_low_0.296,1.5,0.0,off_1.0,2,AR_postwar_0.0047,0.0047,0.0755,0.151
prime_age_nonemployment,0.5,dws_low_0.296,1.5,0.0,off_1.0,5,off_0.0000,0.0,0.033,0.165
prime_age_nonemployment,0.5,dws_low_0.296,1.5,0.0,off_1.0,5,AR_recent_0.0035,0.0035,0.036,0.18
prime_age_nonemployment,0.5,dws_low_0.296,1.5,0.0,off_1.0,5,AR_postwar_0.0047,0.0047,0.0375,0.1875
prime_age_nonemployment,0.5,dws_low_0.296,1.5,0.0,off_1.0,10,off_0.0000,0.0,0.0185,0.185
prime_age_nonemployment,0.5,dws_low_0.296,1.5,0.0,off_1.0,10,AR_recent_0.0035,0.0035,0.0215,0.215
prime_age_nonemployment,0.5,dws_low_0.296,1.5,0.0,off_1.0,10,AR_postwar_0.0047,0.0047,0.023,0.23
prime_age_nonemployment,0.5,dws_low_0.296,1.5,0.0,off_1.0,20,off_0.0000,0.0,0.0065,0.13
prime_age_nonemployment,0.5,dws_low_0.296,1.5,0.0,off_1.0,20,AR_recent_0.0035,0.0035,0.0095,0.19
prime_age_nonemployment,0.5,dws_low_0.296,1.5,0.0,off_1.0,20,AR_postwar_0.0047,0.0047,0.0105,0.21
prime_age_nonemployment,0.5,dws_low_0.296,1.5,0.0,on_1.5,2,off_0.0000,0.0,0.0695,0.139
prime_age_nonemployment,0.5,dws_low_0.296,1.5,0.0,on_1.5,2,AR_recent_0.0035,0.0035,0.073,0.146
prime_age_nonemployment,0.5,dws_low_0.296,1.5,0.0,on_1.5,2,AR_postwar_0.0047,0.0047,0.0745,0.149
prime_age_nonemployment,0.5,dws_low_0.296,1.5,0.0,on_1.5,5,off_0.0000,0.0,0.03,0.15
prime_age_nonemployment,0.5,dws_low_0.296,1.5,0.0,on_1.5,5,AR_recent_0.0035,0.0035,0.033,0.165
prime_age_nonemployment,0.5,dws_low_0.296,1.5,0.0,on_1.5,5,AR_postwar_0.0047,0.0047,0.0345,0.1725
prime_age_nonemployment,0.5,dws_low_0.296,1.5,0.0,on_1.5,10,off_0.0000,0.0,0.0135,0.135
prime_age_nonemployment,0.5,dws_low_0.296,1.5,0.0,on_1.5,10,AR_recent_0.0035,0.0035,0.017,0.17
prime_age_nonemployment,0.5,dws_low_0.296,1.5,0.0,on_1.5,10,AR_postwar_0.0047,0.0047,0.018,0.18
prime_age_nonemployment,0.5,dws_low_0.296,1.5,0.0,on_1.5,20,off_0.0000,0.0,0.0015,0.03
prime_age_nonemployment,0.5,dws_low_0.296,1.5,0.0,on_1.5,20,AR_recent_0.0035,0.0035,0.0045,0.09
prime_age_nonemployment,0.5,dws_low_0.296,1.5,0.0,on_1.5,20,AR_postwar_0.0047,0.0047,0.0055,0.11
prime_age_nonemployment,0.5,dws_low_0.296,1.5,0.5,off_1.0,2,off_0.0000,0.0,0.071,0.142
prime_age_nonemployment,0.5,dws_low_0.296,1.5,0.5,off_1.0,2,AR_recent_0.0035,0.0035,0.0745,0.149
prime_age_nonemployment,0.5,dws_low_0.296,1.5,0.5,off_1.0,2,AR_postwar_0.0047,0.0047,0.0755,0.151
prime_age_nonemployment,0.5,dws_low_0.296,1.5,0.5,off_1.0,5,off_0.0000,0.0,0.033,0.165
prime_age_nonemployment,0.5,dws_low_0.296,1.5,0.5,off_1.0,5,AR_recent_0.0035,0.0035,0.036,0.18
prime_age_nonemployment,0.5,dws_low_0.296,1.5,0.5,off_1.0,5,AR_postwar_0.0047,0.0047,0.0375,0.1875
prime_age_nonemployment,0.5,dws_low_0.296,1.5,0.5,off_1.0,10,off_0.0000,0.0,0.0185,0.185
prime_age_nonemployment,0.5,dws_low_0.296,1.5,0.5,off_1.0,10,AR_recent_0.0035,0.0035,0.0215,0.215
prime_age_nonemployment,0.5,dws_low_0.296,1.5,0.5,off_1.0,10,AR_postwar_0.0047,0.0047,0.023,0.23
prime_age_nonemployment,0.5,dws_low_0.296,1.5,0.5,off_1.0,20,off_0.0000,0.0,0.0065,0.13
prime_age_nonemployment,0.5,dws_low_0.296,1.5,0.5,off_1.0,20,AR_recent_0.0035,0.0035,0.0095,0.19
prime_age_nonemployment,0.5,dws_low_0.296,1.5,0.5,off_1.0,20,AR_postwar_0.0047,0.0047,0.0105,0.21
prime_age_nonemployment,0.5,dws_low_0.296,1.5,0.5,on_1.5,2,off_0.0000,0.0,0.0695,0.139
prime_age_nonemployment,0.5,dws_low_0.296,1.5,0.5,on_1.5,2,AR_recent_0.0035,0.0035,0.073,0.146
prime_age_nonemployment,0.5,dws_low_0.296,1.5,0.5,on_1.5,2,AR_postwar_0.0047,0.0047,0.0745,0.149
prime_age_nonemployment,0.5,dws_low_0.296,1.5,0.5,on_1.5,5,off_0.0000,0.0,0.03,0.15
prime_age_nonemployment,0.5,dws_low_0.296,1.5,0.5,on_1.5,5,AR_recent_0.0035,0.0035,0.033,0.165
prime_age_nonemployment,0.5,dws_low_0.296,1.5,0.5,on_1.5,5,AR_postwar_0.0047,0.0047,0.0345,0.1725
prime_age_nonemployment,0.5,dws_low_0.296,1.5,0.5,on_1.5,10,off_0.0000,0.0,0.0135,0.135
prime_age_nonemployment,0.5,dws_low_0.296,1.5,0.5,on_1.5,10,AR_recent_0.0035,0.0035,0.017,0.17
prime_age_nonemployment,0.5,dws_low_0.296,1.5,0.5,on_1.5,10,AR_postwar_0.0047,0.0047,0.018,0.18
prime_age_nonemployment,0.5,dws_low_0.296,1.5,0.5,on_1.5,20,off_0.0000,0.0,0.0015,0.03
prime_age_nonemployment,0.5,dws_low_0.296,1.5,0.5,on_1.5,20,AR_recent_0.0035,0.0035,0.0045,0.09
prime_age_nonemployment,0.5,dws_low_0.296,1.5,0.5,on_1.5,20,AR_postwar_0.0047,0.0047,0.0055,0.11
prime_age_nonemployment,0.5,dws_low_0.296,1.5,1.0,off_1.0,2,off_0.0000,0.0,0.071,0.142
prime_age_nonemployment,0.5,dws_low_0.296,1.5,1.0,off_1.0,2,AR_recent_0.0035,0.0035,0.0745,0.149
prime_age_nonemployment,0.5,dws_low_0.296,1.5,1.0,off_1.0,2,AR_postwar_0.0047,0.0047,0.0755,0.151
prime_age_nonemployment,0.5,dws_low_0.296,1.5,1.0,off_1.0,5,off_0.0000,0.0,0.033,0.165
prime_age_nonemployment,0.5,dws_low_0.296,1.5,1.0,off_1.0,5,AR_recent_0.0035,0.0035,0.036,0.18
prime_age_nonemployment,0.5,dws_low_0.296,1.5,1.0,off_1.0,5,AR_postwar_0.0047,0.0047,0.0375,0.1875
prime_age_nonemployment,0.5,dws_low_0.296,1.5,1.0,off_1.0,10,off_0.0000,0.0,0.0185,0.185
prime_age_nonemployment,0.5,dws_low_0.296,1.5,1.0,off_1.0,10,AR_recent_0.0035,0.0035,0.0215,0.215
prime_age_nonemployment,0.5,dws_low_0.296,1.5,1.0,off_1.0,10,AR_postwar_0.0047,0.0047,0.023,0.23
prime_age_nonemployment,0.5,dws_low_0.296,1.5,1.0,off_1.0,20,off_0.0000,0.0,0.0065,0.13
prime_age_nonemployment,0.5,dws_low_0.296,1.5,1.0,off_1.0,20,AR_recent_0.0035,0.0035,0.0095,0.19
prime_age_nonemployment,0.5,dws_low_0.296,1.5,1.0,off_1.0,20,AR_postwar_0.0047,0.0047,0.0105,0.21
prime_age_nonemployment,0.5,dws_low_0.296,1.5,1.0,on_1.5,2,off_0.0000,0.0,0.0695,0.139
prime_age_nonemployment,0.5,dws_low_0.296,1.5,1.0,on_1.5,2,AR_recent_0.0035,0.0035,0.073,0.146
prime_age_nonemployment,0.5,dws_low_0.296,1.5,1.0,on_1.5,2,AR_postwar_0.0047,0.0047,0.0745,0.149
prime_age_nonemployment,0.5,dws_low_0.296,1.5,1.0,on_1.5,5,off_0.0000,0.0,0.03,0.15
prime_age_nonemployment,0.5,dws_low_0.296,1.5,1.0,on_1.5,5,AR_recent_0.0035,0.0035,0.033,0.165
prime_age_nonemployment,0.5,dws_low_0.296,1.5,1.0,on_1.5,5,AR_postwar_0.0047,0.0047,0.0345,0.1725
prime_age_nonemployment,0.5,dws_low_0.296,1.5,1.0,on_1.5,10,off_0.0000,0.0,0.0135,0.135
prime_age_nonemployment,0.5,dws_low_0.296,1.5,1.0,on_1.5,10,AR_recent_0.0035,0.0035,0.017,0.17
prime_age_nonemployment,0.5,dws_low_0.296,1.5,1.0,on_1.5,10,AR_postwar_0.0047,0.0047,0.018,0.18
prime_age_nonemployment,0.5,dws_low_0.296,1.5,1.0,on_1.5,20,off_0.0000,0.0,0.0015,0.03
prime_age_nonemployment,0.5,dws_low_0.296,1.5,1.0,on_1.5,20,AR_recent_0.0035,0.0035,0.0045,0.09
prime_age_nonemployment,0.5,dws_low_0.296,1.5,1.0,on_1.5,20,AR_postwar_0.0047,0.0047,0.0055,0.11
prime_age_nonemployment,0.5,dws_low_0.296,2.0,0.0,off_1.0,2,off_0.0000,0.0,0.0715,0.143
prime_age_nonemployment,0.5,dws_low_0.296,2.0,0.0,off_1.0,2,AR_recent_0.0035,0.0035,0.075,0.15
prime_age_nonemployment,0.5,dws_low_0.296,2.0,0.0,off_1.0,2,AR_postwar_0.0047,0.0047,0.0765,0.153
prime_age_nonemployment,0.5,dws_low_0.296,2.0,0.0,off_1.0,5,off_0.0000,0.0,0.0315,0.1575
prime_age_nonemployment,0.5,dws_low_0.296,2.0,0.0,off_1.0,5,AR_recent_0.0035,0.0035,0.035,0.175
prime_age_nonemployment,0.5,dws_low_0.296,2.0,0.0,off_1.0,5,AR_postwar_0.0047,0.0047,0.036,0.18
prime_age_nonemployment,0.5,dws_low_0.296,2.0,0.0,off_1.0,10,off_0.0000,0.0,0.0195,0.195
prime_age_nonemployment,0.5,dws_low_0.296,2.0,0.0,off_1.0,10,AR_recent_0.0035,0.0035,0.0225,0.225
prime_age_nonemployment,0.5,dws_low_0.296,2.0,0.0,off_1.0,10,AR_postwar_0.0047,0.0047,0.0235,0.235
prime_age_nonemployment,0.5,dws_low_0.296,2.0,0.0,off_1.0,20,off_0.0000,0.0,0.0095,0.19
prime_age_nonemployment,0.5,dws_low_0.296,2.0,0.0,off_1.0,20,AR_recent_0.0035,0.0035,0.0125,0.25
prime_age_nonemployment,0.5,dws_low_0.296,2.0,0.0,off_1.0,20,AR_postwar_0.0047,0.0047,0.0135,0.27
prime_age_nonemployment,0.5,dws_low_0.296,2.0,0.0,on_1.5,2,off_0.0000,0.0,0.0705,0.141
prime_age_nonemployment,0.5,dws_low_0.296,2.0,0.0,on_1.5,2,AR_recent_0.0035,0.0035,0.074,0.148
prime_age_nonemployment,0.5,dws_low_0.296,2.0,0.0,on_1.5,2,AR_postwar_0.0047,0.0047,0.0755,0.151
prime_age_nonemployment,0.5,dws_low_0.296,2.0,0.0,on_1.5,5,off_0.0000,0.0,0.0295,0.1475
prime_age_nonemployment,0.5,dws_low_0.296,2.0,0.0,on_1.5,5,AR_recent_0.0035,0.0035,0.0325,0.1625
prime_age_nonemployment,0.5,dws_low_0.296,2.0,0.0,on_1.5,5,AR_postwar_0.0047,0.0047,0.034,0.17
prime_age_nonemployment,0.5,dws_low_0.296,2.0,0.0,on_1.5,10,off_0.0000,0.0,0.016,0.16
prime_age_nonemployment,0.5,dws_low_0.296,2.0,0.0,on_1.5,10,AR_recent_0.0035,0.0035,0.019,0.19
prime_age_nonemployment,0.5,dws_low_0.296,2.0,0.0,on_1.5,10,AR_postwar_0.0047,0.0047,0.02,0.2
prime_age_nonemployment,0.5,dws_low_0.296,2.0,0.0,on_1.5,20,off_0.0000,0.0,0.005,0.1
prime_age_nonemployment,0.5,dws_low_0.296,2.0,0.0,on_1.5,20,AR_recent_0.0035,0.0035,0.0085,0.17
prime_age_nonemployment,0.5,dws_low_0.296,2.0,0.0,on_1.5,20,AR_postwar_0.0047,0.0047,0.0095,0.19
prime_age_nonemployment,0.5,dws_low_0.296,2.0,0.5,off_1.0,2,off_0.0000,0.0,0.0715,0.143
prime_age_nonemployment,0.5,dws_low_0.296,2.0,0.5,off_1.0,2,AR_recent_0.0035,0.0035,0.075,0.15
prime_age_nonemployment,0.5,dws_low_0.296,2.0,0.5,off_1.0,2,AR_postwar_0.0047,0.0047,0.0765,0.153
prime_age_nonemployment,0.5,dws_low_0.296,2.0,0.5,off_1.0,5,off_0.0000,0.0,0.0315,0.1575
prime_age_nonemployment,0.5,dws_low_0.296,2.0,0.5,off_1.0,5,AR_recent_0.0035,0.0035,0.035,0.175
prime_age_nonemployment,0.5,dws_low_0.296,2.0,0.5,off_1.0,5,AR_postwar_0.0047,0.0047,0.036,0.18
prime_age_nonemployment,0.5,dws_low_0.296,2.0,0.5,off_1.0,10,off_0.0000,0.0,0.0195,0.195
prime_age_nonemployment,0.5,dws_low_0.296,2.0,0.5,off_1.0,10,AR_recent_0.0035,0.0035,0.0225,0.225
prime_age_nonemployment,0.5,dws_low_0.296,2.0,0.5,off_1.0,10,AR_postwar_0.0047,0.0047,0.0235,0.235
prime_age_nonemployment,0.5,dws_low_0.296,2.0,0.5,off_1.0,20,off_0.0000,0.0,0.0095,0.19
prime_age_nonemployment,0.5,dws_low_0.296,2.0,0.5,off_1.0,20,AR_recent_0.0035,0.0035,0.0125,0.25
prime_age_nonemployment,0.5,dws_low_0.296,2.0,0.5,off_1.0,20,AR_postwar_0.0047,0.0047,0.0135,0.27
prime_age_nonemployment,0.5,dws_low_0.296,2.0,0.5,on_1.5,2,off_0.0000,0.0,0.0705,0.141
prime_age_nonemployment,0.5,dws_low_0.296,2.0,0.5,on_1.5,2,AR_recent_0.0035,0.0035,0.074,0.148
prime_age_nonemployment,0.5,dws_low_0.296,2.0,0.5,on_1.5,2,AR_postwar_0.0047,0.0047,0.0755,0.151
prime_age_nonemployment,0.5,dws_low_0.296,2.0,0.5,on_1.5,5,off_0.0000,0.0,0.0295,0.1475
prime_age_nonemployment,0.5,dws_low_0.296,2.0,0.5,on_1.5,5,AR_recent_0.0035,0.0035,0.0325,0.1625
prime_age_nonemployment,0.5,dws_low_0.296,2.0,0.5,on_1.5,5,AR_postwar_0.0047,0.0047,0.034,0.17
prime_age_nonemployment,0.5,dws_low_0.296,2.0,0.5,on_1.5,10,off_0.0000,0.0,0.016,0.16
prime_age_nonemployment,0.5,dws_low_0.296,2.0,0.5,on_1.5,10,AR_recent_0.0035,0.0035,0.019,0.19
prime_age_nonemployment,0.5,dws_low_0.296,2.0,0.5,on_1.5,10,AR_postwar_0.0047,0.0047,0.02,0.2
prime_age_nonemployment,0.5,dws_low_0.296,2.0,0.5,on_1.5,20,off_0.0000,0.0,0.005,0.1
prime_age_nonemployment,0.5,dws_low_0.296,2.0,0.5,on_1.5,20,AR_recent_0.0035,0.0035,0.0085,0.17
prime_age_nonemployment,0.5,dws_low_0.296,2.0,0.5,on_1.5,20,AR_postwar_0.0047,0.0047,0.0095,0.19
prime_age_nonemployment,0.5,dws_low_0.296,2.0,1.0,off_1.0,2,off_0.0000,0.0,0.0715,0.143
prime_age_nonemployment,0.5,dws_low_0.296,2.0,1.0,off_1.0,2,AR_recent_0.0035,0.0035,0.075,0.15
prime_age_nonemployment,0.5,dws_low_0.296,2.0,1.0,off_1.0,2,AR_postwar_0.0047,0.0047,0.0765,0.153
prime_age_nonemployment,0.5,dws_low_0.296,2.0,1.0,off_1.0,5,off_0.0000,0.0,0.0315,0.1575
prime_age_nonemployment,0.5,dws_low_0.296,2.0,1.0,off_1.0,5,AR_recent_0.0035,0.0035,0.035,0.175
prime_age_nonemployment,0.5,dws_low_0.296,2.0,1.0,off_1.0,5,AR_postwar_0.0047,0.0047,0.036,0.18
prime_age_nonemployment,0.5,dws_low_0.296,2.0,1.0,off_1.0,10,off_0.0000,0.0,0.0195,0.195
prime_age_nonemployment,0.5,dws_low_0.296,2.0,1.0,off_1.0,10,AR_recent_0.0035,0.0035,0.0225,0.225
prime_age_nonemployment,0.5,dws_low_0.296,2.0,1.0,off_1.0,10,AR_postwar_0.0047,0.0047,0.0235,0.235
prime_age_nonemployment,0.5,dws_low_0.296,2.0,1.0,off_1.0,20,off_0.0000,0.0,0.0095,0.19
prime_age_nonemployment,0.5,dws_low_0.296,2.0,1.0,off_1.0,20,AR_recent_0.0035,0.0035,0.0125,0.25
prime_age_nonemployment,0.5,dws_low_0.296,2.0,1.0,off_1.0,20,AR_postwar_0.0047,0.0047,0.0135,0.27
prime_age_nonemployment,0.5,dws_low_0.296,2.0,1.0,on_1.5,2,off_0.0000,0.0,0.0705,0.141
prime_age_nonemployment,0.5,dws_low_0.296,2.0,1.0,on_1.5,2,AR_recent_0.0035,0.0035,0.074,0.148
prime_age_nonemployment,0.5,dws_low_0.296,2.0,1.0,on_1.5,2,AR_postwar_0.0047,0.0047,0.0755,0.151
prime_age_nonemployment,0.5,dws_low_0.296,2.0,1.0,on_1.5,5,off_0.0000,0.0,0.0295,0.1475
prime_age_nonemployment,0.5,dws_low_0.296,2.0,1.0,on_1.5,5,AR_recent_0.0035,0.0035,0.0325,0.1625
prime_age_nonemployment,0.5,dws_low_0.296,2.0,1.0,on_1.5,5,AR_postwar_0.0047,0.0047,0.034,0.17
prime_age_nonemployment,0.5,dws_low_0.296,2.0,1.0,on_1.5,10,off_0.0000,0.0,0.016,0.16
prime_age_nonemployment,0.5,dws_low_0.296,2.0,1.0,on_1.5,10,AR_recent_0.0035,0.0035,0.019,0.19
prime_age_nonemployment,0.5,dws_low_0.296,2.0,1.0,on_1.5,10,AR_postwar_0.0047,0.0047,0.02,0.2
prime_age_nonemployment,0.5,dws_low_0.296,2.0,1.0,on_1.5,20,off_0.0000,0.0,0.005,0.1
prime_age_nonemployment,0.5,dws_low_0.296,2.0,1.0,on_1.5,20,AR_recent_0.0035,0.0035,0.0085,0.17
prime_age_nonemployment,0.5,dws_low_0.296,2.0,1.0,on_1.5,20,AR_postwar_0.0047,0.0047,0.0095,0.19
prime_age_nonemployment,0.5,dws_high_0.643,1.0,0.0,off_1.0,2,off_0.0000,0.0,0.0655,0.131
prime_age_nonemployment,0.5,dws_high_0.643,1.0,0.0,off_1.0,2,AR_recent_0.0035,0.0035,0.069,0.138
prime_age_nonemployment,0.5,dws_high_0.643,1.0,0.0,off_1.0,2,AR_postwar_0.0047,0.0047,0.07,0.14
prime_age_nonemployment,0.5,dws_high_0.643,1.0,0.0,off_1.0,5,off_0.0000,0.0,0.025,0.125
prime_age_nonemployment,0.5,dws_high_0.643,1.0,0.0,off_1.0,5,AR_recent_0.0035,0.0035,0.028,0.14
prime_age_nonemployment,0.5,dws_high_0.643,1.0,0.0,off_1.0,5,AR_postwar_0.0047,0.0047,0.0295,0.1475
prime_age_nonemployment,0.5,dws_high_0.643,1.0,0.0,off_1.0,10,off_0.0000,0.0,0.001,0.01
prime_age_nonemployment,0.5,dws_high_0.643,1.0,0.0,off_1.0,10,AR_recent_0.0035,0.0035,0.0045,0.045
prime_age_nonemployment,0.5,dws_high_0.643,1.0,0.0,off_1.0,10,AR_postwar_0.0047,0.0047,0.0055,0.055
prime_age_nonemployment,0.5,dws_high_0.643,1.0,0.0,off_1.0,20,off_0.0000,0.0,,
prime_age_nonemployment,0.5,dws_high_0.643,1.0,0.0,off_1.0,20,AR_recent_0.0035,0.0035,,
prime_age_nonemployment,0.5,dws_high_0.643,1.0,0.0,off_1.0,20,AR_postwar_0.0047,0.0047,,
prime_age_nonemployment,0.5,dws_high_0.643,1.0,0.0,on_1.5,2,off_0.0000,0.0,0.0615,0.123
prime_age_nonemployment,0.5,dws_high_0.643,1.0,0.0,on_1.5,2,AR_recent_0.0035,0.0035,0.065,0.13
prime_age_nonemployment,0.5,dws_high_0.643,1.0,0.0,on_1.5,2,AR_postwar_0.0047,0.0047,0.066,0.132
prime_age_nonemployment,0.5,dws_high_0.643,1.0,0.0,on_1.5,5,off_0.0000,0.0,0.0145,0.0725
prime_age_nonemployment,0.5,dws_high_0.643,1.0,0.0,on_1.5,5,AR_recent_0.0035,0.0035,0.018,0.09
prime_age_nonemployment,0.5,dws_high_0.643,1.0,0.0,on_1.5,5,AR_postwar_0.0047,0.0047,0.019,0.095
prime_age_nonemployment,0.5,dws_high_0.643,1.0,0.0,on_1.5,10,off_0.0000,0.0,,
prime_age_nonemployment,0.5,dws_high_0.643,1.0,0.0,on_1.5,10,AR_recent_0.0035,0.0035,,
prime_age_nonemployment,0.5,dws_high_0.643,1.0,0.0,on_1.5,10,AR_postwar_0.0047,0.0047,,
prime_age_nonemployment,0.5,dws_high_0.643,1.0,0.0,on_1.5,20,off_0.0000,0.0,,
prime_age_nonemployment,0.5,dws_high_0.643,1.0,0.0,on_1.5,20,AR_recent_0.0035,0.0035,,
prime_age_nonemployment,0.5,dws_high_0.643,1.0,0.0,on_1.5,20,AR_postwar_0.0047,0.0047,,
prime_age_nonemployment,0.5,dws_high_0.643,1.0,0.5,off_1.0,2,off_0.0000,0.0,0.0655,0.131
prime_age_nonemployment,0.5,dws_high_0.643,1.0,0.5,off_1.0,2,AR_recent_0.0035,0.0035,0.069,0.138
prime_age_nonemployment,0.5,dws_high_0.643,1.0,0.5,off_1.0,2,AR_postwar_0.0047,0.0047,0.07,0.14
prime_age_nonemployment,0.5,dws_high_0.643,1.0,0.5,off_1.0,5,off_0.0000,0.0,0.025,0.125
prime_age_nonemployment,0.5,dws_high_0.643,1.0,0.5,off_1.0,5,AR_recent_0.0035,0.0035,0.028,0.14
prime_age_nonemployment,0.5,dws_high_0.643,1.0,0.5,off_1.0,5,AR_postwar_0.0047,0.0047,0.0295,0.1475
prime_age_nonemployment,0.5,dws_high_0.643,1.0,0.5,off_1.0,10,off_0.0000,0.0,0.001,0.01
prime_age_nonemployment,0.5,dws_high_0.643,1.0,0.5,off_1.0,10,AR_recent_0.0035,0.0035,0.0045,0.045
prime_age_nonemployment,0.5,dws_high_0.643,1.0,0.5,off_1.0,10,AR_postwar_0.0047,0.0047,0.0055,0.055
prime_age_nonemployment,0.5,dws_high_0.643,1.0,0.5,off_1.0,20,off_0.0000,0.0,,
prime_age_nonemployment,0.5,dws_high_0.643,1.0,0.5,off_1.0,20,AR_recent_0.0035,0.0035,,
prime_age_nonemployment,0.5,dws_high_0.643,1.0,0.5,off_1.0,20,AR_postwar_0.0047,0.0047,,
prime_age_nonemployment,0.5,dws_high_0.643,1.0,0.5,on_1.5,2,off_0.0000,0.0,0.0615,0.123
prime_age_nonemployment,0.5,dws_high_0.643,1.0,0.5,on_1.5,2,AR_recent_0.0035,0.0035,0.065,0.13
prime_age_nonemployment,0.5,dws_high_0.643,1.0,0.5,on_1.5,2,AR_postwar_0.0047,0.0047,0.066,0.132
prime_age_nonemployment,0.5,dws_high_0.643,1.0,0.5,on_1.5,5,off_0.0000,0.0,0.0145,0.0725
prime_age_nonemployment,0.5,dws_high_0.643,1.0,0.5,on_1.5,5,AR_recent_0.0035,0.0035,0.018,0.09
prime_age_nonemployment,0.5,dws_high_0.643,1.0,0.5,on_1.5,5,AR_postwar_0.0047,0.0047,0.019,0.095
prime_age_nonemployment,0.5,dws_high_0.643,1.0,0.5,on_1.5,10,off_0.0000,0.0,,
prime_age_nonemployment,0.5,dws_high_0.643,1.0,0.5,on_1.5,10,AR_recent_0.0035,0.0035,,
prime_age_nonemployment,0.5,dws_high_0.643,1.0,0.5,on_1.5,10,AR_postwar_0.0047,0.0047,,
prime_age_nonemployment,0.5,dws_high_0.643,1.0,0.5,on_1.5,20,off_0.0000,0.0,,
prime_age_nonemployment,0.5,dws_high_0.643,1.0,0.5,on_1.5,20,AR_recent_0.0035,0.0035,,
prime_age_nonemployment,0.5,dws_high_0.643,1.0,0.5,on_1.5,20,AR_postwar_0.0047,0.0047,,
prime_age_nonemployment,0.5,dws_high_0.643,1.0,1.0,off_1.0,2,off_0.0000,0.0,0.0655,0.131
prime_age_nonemployment,0.5,dws_high_0.643,1.0,1.0,off_1.0,2,AR_recent_0.0035,0.0035,0.069,0.138
prime_age_nonemployment,0.5,dws_high_0.643,1.0,1.0,off_1.0,2,AR_postwar_0.0047,0.0047,0.07,0.14
prime_age_nonemployment,0.5,dws_high_0.643,1.0,1.0,off_1.0,5,off_0.0000,0.0,0.025,0.125
prime_age_nonemployment,0.5,dws_high_0.643,1.0,1.0,off_1.0,5,AR_recent_0.0035,0.0035,0.028,0.14
prime_age_nonemployment,0.5,dws_high_0.643,1.0,1.0,off_1.0,5,AR_postwar_0.0047,0.0047,0.0295,0.1475
prime_age_nonemployment,0.5,dws_high_0.643,1.0,1.0,off_1.0,10,off_0.0000,0.0,0.001,0.01
prime_age_nonemployment,0.5,dws_high_0.643,1.0,1.0,off_1.0,10,AR_recent_0.0035,0.0035,0.0045,0.045
prime_age_nonemployment,0.5,dws_high_0.643,1.0,1.0,off_1.0,10,AR_postwar_0.0047,0.0047,0.0055,0.055
prime_age_nonemployment,0.5,dws_high_0.643,1.0,1.0,off_1.0,20,off_0.0000,0.0,,
prime_age_nonemployment,0.5,dws_high_0.643,1.0,1.0,off_1.0,20,AR_recent_0.0035,0.0035,,
prime_age_nonemployment,0.5,dws_high_0.643,1.0,1.0,off_1.0,20,AR_postwar_0.0047,0.0047,,
prime_age_nonemployment,0.5,dws_high_0.643,1.0,1.0,on_1.5,2,off_0.0000,0.0,0.0615,0.123
prime_age_nonemployment,0.5,dws_high_0.643,1.0,1.0,on_1.5,2,AR_recent_0.0035,0.0035,0.065,0.13
prime_age_nonemployment,0.5,dws_high_0.643,1.0,1.0,on_1.5,2,AR_postwar_0.0047,0.0047,0.066,0.132
prime_age_nonemployment,0.5,dws_high_0.643,1.0,1.0,on_1.5,5,off_0.0000,0.0,0.0145,0.0725
prime_age_nonemployment,0.5,dws_high_0.643,1.0,1.0,on_1.5,5,AR_recent_0.0035,0.0035,0.018,0.09
prime_age_nonemployment,0.5,dws_high_0.643,1.0,1.0,on_1.5,5,AR_postwar_0.0047,0.0047,0.019,0.095
prime_age_nonemployment,0.5,dws_high_0.643,1.0,1.0,on_1.5,10,off_0.0000,0.0,,
prime_age_nonemployment,0.5,dws_high_0.643,1.0,1.0,on_1.5,10,AR_recent_0.0035,0.0035,,
prime_age_nonemployment,0.5,dws_high_0.643,1.0,1.0,on_1.5,10,AR_postwar_0.0047,0.0047,,
prime_age_nonemployment,0.5,dws_high_0.643,1.0,1.0,on_1.5,20,off_0.0000,0.0,,
prime_age_nonemployment,0.5,dws_high_0.643,1.0,1.0,on_1.5,20,AR_recent_0.0035,0.0035,,
prime_age_nonemployment,0.5,dws_high_0.643,1.0,1.0,on_1.5,20,AR_postwar_0.0047,0.0047,,
prime_age_nonemployment,0.5,dws_high_0.643,1.5,0.0,off_1.0,2,off_0.0000,0.0,0.068,0.136
prime_age_nonemployment,0.5,dws_high_0.643,1.5,0.0,off_1.0,2,AR_recent_0.0035,0.0035,0.0715,0.143
prime_age_nonemployment,0.5,dws_high_0.643,1.5,0.0,off_1.0,2,AR_postwar_0.0047,0.0047,0.0725,0.145
prime_age_nonemployment,0.5,dws_high_0.643,1.5,0.0,off_1.0,5,off_0.0000,0.0,0.029,0.145
prime_age_nonemployment,0.5,dws_high_0.643,1.5,0.0,off_1.0,5,AR_recent_0.0035,0.0035,0.032,0.16
prime_age_nonemployment,0.5,dws_high_0.643,1.5,0.0,off_1.0,5,AR_postwar_0.0047,0.0047,0.0335,0.1675
prime_age_nonemployment,0.5,dws_high_0.643,1.5,0.0,off_1.0,10,off_0.0000,0.0,0.0085,0.085
prime_age_nonemployment,0.5,dws_high_0.643,1.5,0.0,off_1.0,10,AR_recent_0.0035,0.0035,0.012,0.12
prime_age_nonemployment,0.5,dws_high_0.643,1.5,0.0,off_1.0,10,AR_postwar_0.0047,0.0047,0.013,0.13
prime_age_nonemployment,0.5,dws_high_0.643,1.5,0.0,off_1.0,20,off_0.0000,0.0,,
prime_age_nonemployment,0.5,dws_high_0.643,1.5,0.0,off_1.0,20,AR_recent_0.0035,0.0035,,
prime_age_nonemployment,0.5,dws_high_0.643,1.5,0.0,off_1.0,20,AR_postwar_0.0047,0.0047,,
prime_age_nonemployment,0.5,dws_high_0.643,1.5,0.0,on_1.5,2,off_0.0000,0.0,0.065,0.13
prime_age_nonemployment,0.5,dws_high_0.643,1.5,0.0,on_1.5,2,AR_recent_0.0035,0.0035,0.0685,0.137
prime_age_nonemployment,0.5,dws_high_0.643,1.5,0.0,on_1.5,2,AR_postwar_0.0047,0.0047,0.07,0.14
prime_age_nonemployment,0.5,dws_high_0.643,1.5,0.0,on_1.5,5,off_0.0000,0.0,0.022,0.11
prime_age_nonemployment,0.5,dws_high_0.643,1.5,0.0,on_1.5,5,AR_recent_0.0035,0.0035,0.025,0.125
prime_age_nonemployment,0.5,dws_high_0.643,1.5,0.0,on_1.5,5,AR_postwar_0.0047,0.0047,0.0265,0.1325
prime_age_nonemployment,0.5,dws_high_0.643,1.5,0.0,on_1.5,10,off_0.0000,0.0,0.0005,0.005
prime_age_nonemployment,0.5,dws_high_0.643,1.5,0.0,on_1.5,10,AR_recent_0.0035,0.0035,0.004,0.04
prime_age_nonemployment,0.5,dws_high_0.643,1.5,0.0,on_1.5,10,AR_postwar_0.0047,0.0047,0.005,0.05
prime_age_nonemployment,0.5,dws_high_0.643,1.5,0.0,on_1.5,20,off_0.0000,0.0,,
prime_age_nonemployment,0.5,dws_high_0.643,1.5,0.0,on_1.5,20,AR_recent_0.0035,0.0035,,
prime_age_nonemployment,0.5,dws_high_0.643,1.5,0.0,on_1.5,20,AR_postwar_0.0047,0.0047,,
prime_age_nonemployment,0.5,dws_high_0.643,1.5,0.5,off_1.0,2,off_0.0000,0.0,0.068,0.136
prime_age_nonemployment,0.5,dws_high_0.643,1.5,0.5,off_1.0,2,AR_recent_0.0035,0.0035,0.0715,0.143
prime_age_nonemployment,0.5,dws_high_0.643,1.5,0.5,off_1.0,2,AR_postwar_0.0047,0.0047,0.0725,0.145
prime_age_nonemployment,0.5,dws_high_0.643,1.5,0.5,off_1.0,5,off_0.0000,0.0,0.029,0.145
prime_age_nonemployment,0.5,dws_high_0.643,1.5,0.5,off_1.0,5,AR_recent_0.0035,0.0035,0.032,0.16
prime_age_nonemployment,0.5,dws_high_0.643,1.5,0.5,off_1.0,5,AR_postwar_0.0047,0.0047,0.0335,0.1675
prime_age_nonemployment,0.5,dws_high_0.643,1.5,0.5,off_1.0,10,off_0.0000,0.0,0.0085,0.085
prime_age_nonemployment,0.5,dws_high_0.643,1.5,0.5,off_1.0,10,AR_recent_0.0035,0.0035,0.012,0.12
prime_age_nonemployment,0.5,dws_high_0.643,1.5,0.5,off_1.0,10,AR_postwar_0.0047,0.0047,0.013,0.13
prime_age_nonemployment,0.5,dws_high_0.643,1.5,0.5,off_1.0,20,off_0.0000,0.0,,
prime_age_nonemployment,0.5,dws_high_0.643,1.5,0.5,off_1.0,20,AR_recent_0.0035,0.0035,,
prime_age_nonemployment,0.5,dws_high_0.643,1.5,0.5,off_1.0,20,AR_postwar_0.0047,0.0047,,
prime_age_nonemployment,0.5,dws_high_0.643,1.5,0.5,on_1.5,2,off_0.0000,0.0,0.065,0.13
prime_age_nonemployment,0.5,dws_high_0.643,1.5,0.5,on_1.5,2,AR_recent_0.0035,0.0035,0.0685,0.137
prime_age_nonemployment,0.5,dws_high_0.643,1.5,0.5,on_1.5,2,AR_postwar_0.0047,0.0047,0.07,0.14
prime_age_nonemployment,0.5,dws_high_0.643,1.5,0.5,on_1.5,5,off_0.0000,0.0,0.022,0.11
prime_age_nonemployment,0.5,dws_high_0.643,1.5,0.5,on_1.5,5,AR_recent_0.0035,0.0035,0.025,0.125
prime_age_nonemployment,0.5,dws_high_0.643,1.5,0.5,on_1.5,5,AR_postwar_0.0047,0.0047,0.0265,0.1325
prime_age_nonemployment,0.5,dws_high_0.643,1.5,0.5,on_1.5,10,off_0.0000,0.0,0.0005,0.005
prime_age_nonemployment,0.5,dws_high_0.643,1.5,0.5,on_1.5,10,AR_recent_0.0035,0.0035,0.004,0.04
prime_age_nonemployment,0.5,dws_high_0.643,1.5,0.5,on_1.5,10,AR_postwar_0.0047,0.0047,0.005,0.05
prime_age_nonemployment,0.5,dws_high_0.643,1.5,0.5,on_1.5,20,off_0.0000,0.0,,
prime_age_nonemployment,0.5,dws_high_0.643,1.5,0.5,on_1.5,20,AR_recent_0.0035,0.0035,,
prime_age_nonemployment,0.5,dws_high_0.643,1.5,0.5,on_1.5,20,AR_postwar_0.0047,0.0047,,
prime_age_nonemployment,0.5,dws_high_0.643,1.5,1.0,off_1.0,2,off_0.0000,0.0,0.068,0.136
prime_age_nonemployment,0.5,dws_high_0.643,1.5,1.0,off_1.0,2,AR_recent_0.0035,0.0035,0.0715,0.143
prime_age_nonemployment,0.5,dws_high_0.643,1.5,1.0,off_1.0,2,AR_postwar_0.0047,0.0047,0.0725,0.145
prime_age_nonemployment,0.5,dws_high_0.643,1.5,1.0,off_1.0,5,off_0.0000,0.0,0.029,0.145
prime_age_nonemployment,0.5,dws_high_0.643,1.5,1.0,off_1.0,5,AR_recent_0.0035,0.0035,0.032,0.16
prime_age_nonemployment,0.5,dws_high_0.643,1.5,1.0,off_1.0,5,AR_postwar_0.0047,0.0047,0.0335,0.1675
prime_age_nonemployment,0.5,dws_high_0.643,1.5,1.0,off_1.0,10,off_0.0000,0.0,0.0085,0.085
prime_age_nonemployment,0.5,dws_high_0.643,1.5,1.0,off_1.0,10,AR_recent_0.0035,0.0035,0.012,0.12
prime_age_nonemployment,0.5,dws_high_0.643,1.5,1.0,off_1.0,10,AR_postwar_0.0047,0.0047,0.013,0.13
prime_age_nonemployment,0.5,dws_high_0.643,1.5,1.0,off_1.0,20,off_0.0000,0.0,,
prime_age_nonemployment,0.5,dws_high_0.643,1.5,1.0,off_1.0,20,AR_recent_0.0035,0.0035,,
prime_age_nonemployment,0.5,dws_high_0.643,1.5,1.0,off_1.0,20,AR_postwar_0.0047,0.0047,,
prime_age_nonemployment,0.5,dws_high_0.643,1.5,1.0,on_1.5,2,off_0.0000,0.0,0.065,0.13
prime_age_nonemployment,0.5,dws_high_0.643,1.5,1.0,on_1.5,2,AR_recent_0.0035,0.0035,0.0685,0.137
prime_age_nonemployment,0.5,dws_high_0.643,1.5,1.0,on_1.5,2,AR_postwar_0.0047,0.0047,0.07,0.14
prime_age_nonemployment,0.5,dws_high_0.643,1.5,1.0,on_1.5,5,off_0.0000,0.0,0.022,0.11
prime_age_nonemployment,0.5,dws_high_0.643,1.5,1.0,on_1.5,5,AR_recent_0.0035,0.0035,0.025,0.125
prime_age_nonemployment,0.5,dws_high_0.643,1.5,1.0,on_1.5,5,AR_postwar_0.0047,0.0047,0.0265,0.1325
prime_age_nonemployment,0.5,dws_high_0.643,1.5,1.0,on_1.5,10,off_0.0000,0.0,0.0005,0.005
prime_age_nonemployment,0.5,dws_high_0.643,1.5,1.0,on_1.5,10,AR_recent_0.0035,0.0035,0.004,0.04
prime_age_nonemployment,0.5,dws_high_0.643,1.5,1.0,on_1.5,10,AR_postwar_0.0047,0.0047,0.005,0.05
prime_age_nonemployment,0.5,dws_high_0.643,1.5,1.0,on_1.5,20,off_0.0000,0.0,,
prime_age_nonemployment,0.5,dws_high_0.643,1.5,1.0,on_1.5,20,AR_recent_0.0035,0.0035,,
prime_age_nonemployment,0.5,dws_high_0.643,1.5,1.0,on_1.5,20,AR_postwar_0.0047,0.0047,,
prime_age_nonemployment,0.5,dws_high_0.643,2.0,0.0,off_1.0,2,off_0.0000,0.0,0.069,0.138
prime_age_nonemployment,0.5,dws_high_0.643,2.0,0.0,off_1.0,2,AR_recent_0.0035,0.0035,0.0725,0.145
prime_age_nonemployment,0.5,dws_high_0.643,2.0,0.0,off_1.0,2,AR_postwar_0.0047,0.0047,0.074,0.148
prime_age_nonemployment,0.5,dws_high_0.643,2.0,0.0,off_1.0,5,off_0.0000,0.0,0.03,0.15
prime_age_nonemployment,0.5,dws_high_0.643,2.0,0.0,off_1.0,5,AR_recent_0.0035,0.0035,0.033,0.165
prime_age_nonemployment,0.5,dws_high_0.643,2.0,0.0,off_1.0,5,AR_postwar_0.0047,0.0047,0.0345,0.1725
prime_age_nonemployment,0.5,dws_high_0.643,2.0,0.0,off_1.0,10,off_0.0000,0.0,0.0125,0.125
prime_age_nonemployment,0.5,dws_high_0.643,2.0,0.0,off_1.0,10,AR_recent_0.0035,0.0035,0.016,0.16
prime_age_nonemployment,0.5,dws_high_0.643,2.0,0.0,off_1.0,10,AR_postwar_0.0047,0.0047,0.017,0.17
prime_age_nonemployment,0.5,dws_high_0.643,2.0,0.0,off_1.0,20,off_0.0000,0.0,,
prime_age_nonemployment,0.5,dws_high_0.643,2.0,0.0,off_1.0,20,AR_recent_0.0035,0.0035,0.003,0.06
prime_age_nonemployment,0.5,dws_high_0.643,2.0,0.0,off_1.0,20,AR_postwar_0.0047,0.0047,0.004,0.08
prime_age_nonemployment,0.5,dws_high_0.643,2.0,0.0,on_1.5,2,off_0.0000,0.0,0.067,0.134
prime_age_nonemployment,0.5,dws_high_0.643,2.0,0.0,on_1.5,2,AR_recent_0.0035,0.0035,0.0705,0.141
prime_age_nonemployment,0.5,dws_high_0.643,2.0,0.0,on_1.5,2,AR_postwar_0.0047,0.0047,0.072,0.144
prime_age_nonemployment,0.5,dws_high_0.643,2.0,0.0,on_1.5,5,off_0.0000,0.0,0.0245,0.1225
prime_age_nonemployment,0.5,dws_high_0.643,2.0,0.0,on_1.5,5,AR_recent_0.0035,0.0035,0.028,0.14
prime_age_nonemployment,0.5,dws_high_0.643,2.0,0.0,on_1.5,5,AR_postwar_0.0047,0.0047,0.0295,0.1475
prime_age_nonemployment,0.5,dws_high_0.643,2.0,0.0,on_1.5,10,off_0.0000,0.0,0.006,0.06
prime_age_nonemployment,0.5,dws_high_0.643,2.0,0.0,on_1.5,10,AR_recent_0.0035,0.0035,0.0095,0.095
prime_age_nonemployment,0.5,dws_high_0.643,2.0,0.0,on_1.5,10,AR_postwar_0.0047,0.0047,0.0105,0.105
prime_age_nonemployment,0.5,dws_high_0.643,2.0,0.0,on_1.5,20,off_0.0000,0.0,,
prime_age_nonemployment,0.5,dws_high_0.643,2.0,0.0,on_1.5,20,AR_recent_0.0035,0.0035,,
prime_age_nonemployment,0.5,dws_high_0.643,2.0,0.0,on_1.5,20,AR_postwar_0.0047,0.0047,,
prime_age_nonemployment,0.5,dws_high_0.643,2.0,0.5,off_1.0,2,off_0.0000,0.0,0.069,0.138
prime_age_nonemployment,0.5,dws_high_0.643,2.0,0.5,off_1.0,2,AR_recent_0.0035,0.0035,0.0725,0.145
prime_age_nonemployment,0.5,dws_high_0.643,2.0,0.5,off_1.0,2,AR_postwar_0.0047,0.0047,0.074,0.148
prime_age_nonemployment,0.5,dws_high_0.643,2.0,0.5,off_1.0,5,off_0.0000,0.0,0.03,0.15
prime_age_nonemployment,0.5,dws_high_0.643,2.0,0.5,off_1.0,5,AR_recent_0.0035,0.0035,0.033,0.165
prime_age_nonemployment,0.5,dws_high_0.643,2.0,0.5,off_1.0,5,AR_postwar_0.0047,0.0047,0.0345,0.1725
prime_age_nonemployment,0.5,dws_high_0.643,2.0,0.5,off_1.0,10,off_0.0000,0.0,0.0125,0.125
prime_age_nonemployment,0.5,dws_high_0.643,2.0,0.5,off_1.0,10,AR_recent_0.0035,0.0035,0.016,0.16
prime_age_nonemployment,0.5,dws_high_0.643,2.0,0.5,off_1.0,10,AR_postwar_0.0047,0.0047,0.017,0.17
prime_age_nonemployment,0.5,dws_high_0.643,2.0,0.5,off_1.0,20,off_0.0000,0.0,,
prime_age_nonemployment,0.5,dws_high_0.643,2.0,0.5,off_1.0,20,AR_recent_0.0035,0.0035,0.003,0.06
prime_age_nonemployment,0.5,dws_high_0.643,2.0,0.5,off_1.0,20,AR_postwar_0.0047,0.0047,0.004,0.08
prime_age_nonemployment,0.5,dws_high_0.643,2.0,0.5,on_1.5,2,off_0.0000,0.0,0.067,0.134
prime_age_nonemployment,0.5,dws_high_0.643,2.0,0.5,on_1.5,2,AR_recent_0.0035,0.0035,0.0705,0.141
prime_age_nonemployment,0.5,dws_high_0.643,2.0,0.5,on_1.5,2,AR_postwar_0.0047,0.0047,0.072,0.144
prime_age_nonemployment,0.5,dws_high_0.643,2.0,0.5,on_1.5,5,off_0.0000,0.0,0.0245,0.1225
prime_age_nonemployment,0.5,dws_high_0.643,2.0,0.5,on_1.5,5,AR_recent_0.0035,0.0035,0.028,0.14
prime_age_nonemployment,0.5,dws_high_0.643,2.0,0.5,on_1.5,5,AR_postwar_0.0047,0.0047,0.0295,0.1475
prime_age_nonemployment,0.5,dws_high_0.643,2.0,0.5,on_1.5,10,off_0.0000,0.0,0.006,0.06
prime_age_nonemployment,0.5,dws_high_0.643,2.0,0.5,on_1.5,10,AR_recent_0.0035,0.0035,0.0095,0.095
prime_age_nonemployment,0.5,dws_high_0.643,2.0,0.5,on_1.5,10,AR_postwar_0.0047,0.0047,0.0105,0.105
prime_age_nonemployment,0.5,dws_high_0.643,2.0,0.5,on_1.5,20,off_0.0000,0.0,,
prime_age_nonemployment,0.5,dws_high_0.643,2.0,0.5,on_1.5,20,AR_recent_0.0035,0.0035,,
prime_age_nonemployment,0.5,dws_high_0.643,2.0,0.5,on_1.5,20,AR_postwar_0.0047,0.0047,,
prime_age_nonemployment,0.5,dws_high_0.643,2.0,1.0,off_1.0,2,off_0.0000,0.0,0.069,0.138
prime_age_nonemployment,0.5,dws_high_0.643,2.0,1.0,off_1.0,2,AR_recent_0.0035,0.0035,0.0725,0.145
prime_age_nonemployment,0.5,dws_high_0.643,2.0,1.0,off_1.0,2,AR_postwar_0.0047,0.0047,0.074,0.148
prime_age_nonemployment,0.5,dws_high_0.643,2.0,1.0,off_1.0,5,off_0.0000,0.0,0.03,0.15
prime_age_nonemployment,0.5,dws_high_0.643,2.0,1.0,off_1.0,5,AR_recent_0.0035,0.0035,0.033,0.165
prime_age_nonemployment,0.5,dws_high_0.643,2.0,1.0,off_1.0,5,AR_postwar_0.0047,0.0047,0.0345,0.1725
prime_age_nonemployment,0.5,dws_high_0.643,2.0,1.0,off_1.0,10,off_0.0000,0.0,0.0125,0.125
prime_age_nonemployment,0.5,dws_high_0.643,2.0,1.0,off_1.0,10,AR_recent_0.0035,0.0035,0.016,0.16
prime_age_nonemployment,0.5,dws_high_0.643,2.0,1.0,off_1.0,10,AR_postwar_0.0047,0.0047,0.017,0.17
prime_age_nonemployment,0.5,dws_high_0.643,2.0,1.0,off_1.0,20,off_0.0000,0.0,,
prime_age_nonemployment,0.5,dws_high_0.643,2.0,1.0,off_1.0,20,AR_recent_0.0035,0.0035,0.003,0.06
prime_age_nonemployment,0.5,dws_high_0.643,2.0,1.0,off_1.0,20,AR_postwar_0.0047,0.0047,0.004,0.08
prime_age_nonemployment,0.5,dws_high_0.643,2.0,1.0,on_1.5,2,off_0.0000,0.0,0.067,0.134
prime_age_nonemployment,0.5,dws_high_0.643,2.0,1.0,on_1.5,2,AR_recent_0.0035,0.0035,0.0705,0.141
prime_age_nonemployment,0.5,dws_high_0.643,2.0,1.0,on_1.5,2,AR_postwar_0.0047,0.0047,0.072,0.144
prime_age_nonemployment,0.5,dws_high_0.643,2.0,1.0,on_1.5,5,off_0.0000,0.0,0.0245,0.1225
prime_age_nonemployment,0.5,dws_high_0.643,2.0,1.0,on_1.5,5,AR_recent_0.0035,0.0035,0.028,0.14
prime_age_nonemployment,0.5,dws_high_0.643,2.0,1.0,on_1.5,5,AR_postwar_0.0047,0.0047,0.0295,0.1475
prime_age_nonemployment,0.5,dws_high_0.643,2.0,1.0,on_1.5,10,off_0.0000,0.0,0.006,0.06
prime_age_nonemployment,0.5,dws_high_0.643,2.0,1.0,on_1.5,10,AR_recent_0.0035,0.0035,0.0095,0.095
prime_age_nonemployment,0.5,dws_high_0.643,2.0,1.0,on_1.5,10,AR_postwar_0.0047,0.0047,0.0105,0.105
prime_age_nonemployment,0.5,dws_high_0.643,2.0,1.0,on_1.5,20,off_0.0000,0.0,,
prime_age_nonemployment,0.5,dws_high_0.643,2.0,1.0,on_1.5,20,AR_recent_0.0035,0.0035,,
prime_age_nonemployment,0.5,dws_high_0.643,2.0,1.0,on_1.5,20,AR_postwar_0.0047,0.0047,,
prime_age_nonemployment,0.5,AR_long_run_0.75,1.0,0.0,off_1.0,2,off_0.0000,0.0,0.064,0.128
prime_age_nonemployment,0.5,AR_long_run_0.75,1.0,0.0,off_1.0,2,AR_recent_0.0035,0.0035,0.0675,0.135
prime_age_nonemployment,0.5,AR_long_run_0.75,1.0,0.0,off_1.0,2,AR_postwar_0.0047,0.0047,0.069,0.138
prime_age_nonemployment,0.5,AR_long_run_0.75,1.0,0.0,off_1.0,5,off_0.0000,0.0,0.022,0.11
prime_age_nonemployment,0.5,AR_long_run_0.75,1.0,0.0,off_1.0,5,AR_recent_0.0035,0.0035,0.0255,0.1275
prime_age_nonemployment,0.5,AR_long_run_0.75,1.0,0.0,off_1.0,5,AR_postwar_0.0047,0.0047,0.0265,0.1325
prime_age_nonemployment,0.5,AR_long_run_0.75,1.0,0.0,off_1.0,10,off_0.0000,0.0,,
prime_age_nonemployment,0.5,AR_long_run_0.75,1.0,0.0,off_1.0,10,AR_recent_0.0035,0.0035,0.0005,0.005
prime_age_nonemployment,0.5,AR_long_run_0.75,1.0,0.0,off_1.0,10,AR_postwar_0.0047,0.0047,0.0015,0.015
prime_age_nonemployment,0.5,AR_long_run_0.75,1.0,0.0,off_1.0,20,off_0.0000,0.0,,
prime_age_nonemployment,0.5,AR_long_run_0.75,1.0,0.0,off_1.0,20,AR_recent_0.0035,0.0035,,
prime_age_nonemployment,0.5,AR_long_run_0.75,1.0,0.0,off_1.0,20,AR_postwar_0.0047,0.0047,,
prime_age_nonemployment,0.5,AR_long_run_0.75,1.0,0.0,on_1.5,2,off_0.0000,0.0,0.0595,0.119
prime_age_nonemployment,0.5,AR_long_run_0.75,1.0,0.0,on_1.5,2,AR_recent_0.0035,0.0035,0.063,0.126
prime_age_nonemployment,0.5,AR_long_run_0.75,1.0,0.0,on_1.5,2,AR_postwar_0.0047,0.0047,0.064,0.128
prime_age_nonemployment,0.5,AR_long_run_0.75,1.0,0.0,on_1.5,5,off_0.0000,0.0,0.0105,0.0525
prime_age_nonemployment,0.5,AR_long_run_0.75,1.0,0.0,on_1.5,5,AR_recent_0.0035,0.0035,0.014,0.07
prime_age_nonemployment,0.5,AR_long_run_0.75,1.0,0.0,on_1.5,5,AR_postwar_0.0047,0.0047,0.015,0.075
prime_age_nonemployment,0.5,AR_long_run_0.75,1.0,0.0,on_1.5,10,off_0.0000,0.0,,
prime_age_nonemployment,0.5,AR_long_run_0.75,1.0,0.0,on_1.5,10,AR_recent_0.0035,0.0035,,
prime_age_nonemployment,0.5,AR_long_run_0.75,1.0,0.0,on_1.5,10,AR_postwar_0.0047,0.0047,,
prime_age_nonemployment,0.5,AR_long_run_0.75,1.0,0.0,on_1.5,20,off_0.0000,0.0,,
prime_age_nonemployment,0.5,AR_long_run_0.75,1.0,0.0,on_1.5,20,AR_recent_0.0035,0.0035,,
prime_age_nonemployment,0.5,AR_long_run_0.75,1.0,0.0,on_1.5,20,AR_postwar_0.0047,0.0047,,
prime_age_nonemployment,0.5,AR_long_run_0.75,1.0,0.5,off_1.0,2,off_0.0000,0.0,0.064,0.128
prime_age_nonemployment,0.5,AR_long_run_0.75,1.0,0.5,off_1.0,2,AR_recent_0.0035,0.0035,0.0675,0.135
prime_age_nonemployment,0.5,AR_long_run_0.75,1.0,0.5,off_1.0,2,AR_postwar_0.0047,0.0047,0.069,0.138
prime_age_nonemployment,0.5,AR_long_run_0.75,1.0,0.5,off_1.0,5,off_0.0000,0.0,0.022,0.11
prime_age_nonemployment,0.5,AR_long_run_0.75,1.0,0.5,off_1.0,5,AR_recent_0.0035,0.0035,0.0255,0.1275
prime_age_nonemployment,0.5,AR_long_run_0.75,1.0,0.5,off_1.0,5,AR_postwar_0.0047,0.0047,0.0265,0.1325
prime_age_nonemployment,0.5,AR_long_run_0.75,1.0,0.5,off_1.0,10,off_0.0000,0.0,,
prime_age_nonemployment,0.5,AR_long_run_0.75,1.0,0.5,off_1.0,10,AR_recent_0.0035,0.0035,0.0005,0.005
prime_age_nonemployment,0.5,AR_long_run_0.75,1.0,0.5,off_1.0,10,AR_postwar_0.0047,0.0047,0.0015,0.015
prime_age_nonemployment,0.5,AR_long_run_0.75,1.0,0.5,off_1.0,20,off_0.0000,0.0,,
prime_age_nonemployment,0.5,AR_long_run_0.75,1.0,0.5,off_1.0,20,AR_recent_0.0035,0.0035,,
prime_age_nonemployment,0.5,AR_long_run_0.75,1.0,0.5,off_1.0,20,AR_postwar_0.0047,0.0047,,
prime_age_nonemployment,0.5,AR_long_run_0.75,1.0,0.5,on_1.5,2,off_0.0000,0.0,0.0595,0.119
prime_age_nonemployment,0.5,AR_long_run_0.75,1.0,0.5,on_1.5,2,AR_recent_0.0035,0.0035,0.063,0.126
prime_age_nonemployment,0.5,AR_long_run_0.75,1.0,0.5,on_1.5,2,AR_postwar_0.0047,0.0047,0.064,0.128
prime_age_nonemployment,0.5,AR_long_run_0.75,1.0,0.5,on_1.5,5,off_0.0000,0.0,0.0105,0.0525
prime_age_nonemployment,0.5,AR_long_run_0.75,1.0,0.5,on_1.5,5,AR_recent_0.0035,0.0035,0.014,0.07
prime_age_nonemployment,0.5,AR_long_run_0.75,1.0,0.5,on_1.5,5,AR_postwar_0.0047,0.0047,0.015,0.075
prime_age_nonemployment,0.5,AR_long_run_0.75,1.0,0.5,on_1.5,10,off_0.0000,0.0,,
prime_age_nonemployment,0.5,AR_long_run_0.75,1.0,0.5,on_1.5,10,AR_recent_0.0035,0.0035,,
prime_age_nonemployment,0.5,AR_long_run_0.75,1.0,0.5,on_1.5,10,AR_postwar_0.0047,0.0047,,
prime_age_nonemployment,0.5,AR_long_run_0.75,1.0,0.5,on_1.5,20,off_0.0000,0.0,,
prime_age_nonemployment,0.5,AR_long_run_0.75,1.0,0.5,on_1.5,20,AR_recent_0.0035,0.0035,,
prime_age_nonemployment,0.5,AR_long_run_0.75,1.0,0.5,on_1.5,20,AR_postwar_0.0047,0.0047,,
prime_age_nonemployment,0.5,AR_long_run_0.75,1.0,1.0,off_1.0,2,off_0.0000,0.0,0.064,0.128
prime_age_nonemployment,0.5,AR_long_run_0.75,1.0,1.0,off_1.0,2,AR_recent_0.0035,0.0035,0.0675,0.135
prime_age_nonemployment,0.5,AR_long_run_0.75,1.0,1.0,off_1.0,2,AR_postwar_0.0047,0.0047,0.069,0.138
prime_age_nonemployment,0.5,AR_long_run_0.75,1.0,1.0,off_1.0,5,off_0.0000,0.0,0.022,0.11
prime_age_nonemployment,0.5,AR_long_run_0.75,1.0,1.0,off_1.0,5,AR_recent_0.0035,0.0035,0.0255,0.1275
prime_age_nonemployment,0.5,AR_long_run_0.75,1.0,1.0,off_1.0,5,AR_postwar_0.0047,0.0047,0.0265,0.1325
prime_age_nonemployment,0.5,AR_long_run_0.75,1.0,1.0,off_1.0,10,off_0.0000,0.0,,
prime_age_nonemployment,0.5,AR_long_run_0.75,1.0,1.0,off_1.0,10,AR_recent_0.0035,0.0035,0.0005,0.005
prime_age_nonemployment,0.5,AR_long_run_0.75,1.0,1.0,off_1.0,10,AR_postwar_0.0047,0.0047,0.0015,0.015
prime_age_nonemployment,0.5,AR_long_run_0.75,1.0,1.0,off_1.0,20,off_0.0000,0.0,,
prime_age_nonemployment,0.5,AR_long_run_0.75,1.0,1.0,off_1.0,20,AR_recent_0.0035,0.0035,,
prime_age_nonemployment,0.5,AR_long_run_0.75,1.0,1.0,off_1.0,20,AR_postwar_0.0047,0.0047,,
prime_age_nonemployment,0.5,AR_long_run_0.75,1.0,1.0,on_1.5,2,off_0.0000,0.0,0.0595,0.119
prime_age_nonemployment,0.5,AR_long_run_0.75,1.0,1.0,on_1.5,2,AR_recent_0.0035,0.0035,0.063,0.126
prime_age_nonemployment,0.5,AR_long_run_0.75,1.0,1.0,on_1.5,2,AR_postwar_0.0047,0.0047,0.064,0.128
prime_age_nonemployment,0.5,AR_long_run_0.75,1.0,1.0,on_1.5,5,off_0.0000,0.0,0.0105,0.0525
prime_age_nonemployment,0.5,AR_long_run_0.75,1.0,1.0,on_1.5,5,AR_recent_0.0035,0.0035,0.014,0.07
prime_age_nonemployment,0.5,AR_long_run_0.75,1.0,1.0,on_1.5,5,AR_postwar_0.0047,0.0047,0.015,0.075
prime_age_nonemployment,0.5,AR_long_run_0.75,1.0,1.0,on_1.5,10,off_0.0000,0.0,,
prime_age_nonemployment,0.5,AR_long_run_0.75,1.0,1.0,on_1.5,10,AR_recent_0.0035,0.0035,,
prime_age_nonemployment,0.5,AR_long_run_0.75,1.0,1.0,on_1.5,10,AR_postwar_0.0047,0.0047,,
prime_age_nonemployment,0.5,AR_long_run_0.75,1.0,1.0,on_1.5,20,off_0.0000,0.0,,
prime_age_nonemployment,0.5,AR_long_run_0.75,1.0,1.0,on_1.5,20,AR_recent_0.0035,0.0035,,
prime_age_nonemployment,0.5,AR_long_run_0.75,1.0,1.0,on_1.5,20,AR_postwar_0.0047,0.0047,,
prime_age_nonemployment,0.5,AR_long_run_0.75,1.5,0.0,off_1.0,2,off_0.0000,0.0,0.067,0.134
prime_age_nonemployment,0.5,AR_long_run_0.75,1.5,0.0,off_1.0,2,AR_recent_0.0035,0.0035,0.0705,0.141
prime_age_nonemployment,0.5,AR_long_run_0.75,1.5,0.0,off_1.0,2,AR_postwar_0.0047,0.0047,0.0715,0.143
prime_age_nonemployment,0.5,AR_long_run_0.75,1.5,0.0,off_1.0,5,off_0.0000,0.0,0.0275,0.1375
prime_age_nonemployment,0.5,AR_long_run_0.75,1.5,0.0,off_1.0,5,AR_recent_0.0035,0.0035,0.031,0.155
prime_age_nonemployment,0.5,AR_long_run_0.75,1.5,0.0,off_1.0,5,AR_postwar_0.0047,0.0047,0.032,0.16
prime_age_nonemployment,0.5,AR_long_run_0.75,1.5,0.0,off_1.0,10,off_0.0000,0.0,0.006,0.06
prime_age_nonemployment,0.5,AR_long_run_0.75,1.5,0.0,off_1.0,10,AR_recent_0.0035,0.0035,0.009,0.09
prime_age_nonemployment,0.5,AR_long_run_0.75,1.5,0.0,off_1.0,10,AR_postwar_0.0047,0.0047,0.0105,0.105
prime_age_nonemployment,0.5,AR_long_run_0.75,1.5,0.0,off_1.0,20,off_0.0000,0.0,,
prime_age_nonemployment,0.5,AR_long_run_0.75,1.5,0.0,off_1.0,20,AR_recent_0.0035,0.0035,,
prime_age_nonemployment,0.5,AR_long_run_0.75,1.5,0.0,off_1.0,20,AR_postwar_0.0047,0.0047,,
prime_age_nonemployment,0.5,AR_long_run_0.75,1.5,0.0,on_1.5,2,off_0.0000,0.0,0.0635,0.127
prime_age_nonemployment,0.5,AR_long_run_0.75,1.5,0.0,on_1.5,2,AR_recent_0.0035,0.0035,0.067,0.134
prime_age_nonemployment,0.5,AR_long_run_0.75,1.5,0.0,on_1.5,2,AR_postwar_0.0047,0.0047,0.0685,0.137
prime_age_nonemployment,0.5,AR_long_run_0.75,1.5,0.0,on_1.5,5,off_0.0000,0.0,0.019,0.095
prime_age_nonemployment,0.5,AR_long_run_0.75,1.5,0.0,on_1.5,5,AR_recent_0.0035,0.0035,0.0225,0.1125
prime_age_nonemployment,0.5,AR_long_run_0.75,1.5,0.0,on_1.5,5,AR_postwar_0.0047,0.0047,0.024,0.12
prime_age_nonemployment,0.5,AR_long_run_0.75,1.5,0.0,on_1.5,10,off_0.0000,0.0,,
prime_age_nonemployment,0.5,AR_long_run_0.75,1.5,0.0,on_1.5,10,AR_recent_0.0035,0.0035,,
prime_age_nonemployment,0.5,AR_long_run_0.75,1.5,0.0,on_1.5,10,AR_postwar_0.0047,0.0047,0.001,0.01
prime_age_nonemployment,0.5,AR_long_run_0.75,1.5,0.0,on_1.5,20,off_0.0000,0.0,,
prime_age_nonemployment,0.5,AR_long_run_0.75,1.5,0.0,on_1.5,20,AR_recent_0.0035,0.0035,,
prime_age_nonemployment,0.5,AR_long_run_0.75,1.5,0.0,on_1.5,20,AR_postwar_0.0047,0.0047,,
prime_age_nonemployment,0.5,AR_long_run_0.75,1.5,0.5,off_1.0,2,off_0.0000,0.0,0.067,0.134
prime_age_nonemployment,0.5,AR_long_run_0.75,1.5,0.5,off_1.0,2,AR_recent_0.0035,0.0035,0.0705,0.141
prime_age_nonemployment,0.5,AR_long_run_0.75,1.5,0.5,off_1.0,2,AR_postwar_0.0047,0.0047,0.0715,0.143
prime_age_nonemployment,0.5,AR_long_run_0.75,1.5,0.5,off_1.0,5,off_0.0000,0.0,0.0275,0.1375
prime_age_nonemployment,0.5,AR_long_run_0.75,1.5,0.5,off_1.0,5,AR_recent_0.0035,0.0035,0.031,0.155
prime_age_nonemployment,0.5,AR_long_run_0.75,1.5,0.5,off_1.0,5,AR_postwar_0.0047,0.0047,0.032,0.16
prime_age_nonemployment,0.5,AR_long_run_0.75,1.5,0.5,off_1.0,10,off_0.0000,0.0,0.006,0.06
prime_age_nonemployment,0.5,AR_long_run_0.75,1.5,0.5,off_1.0,10,AR_recent_0.0035,0.0035,0.009,0.09
prime_age_nonemployment,0.5,AR_long_run_0.75,1.5,0.5,off_1.0,10,AR_postwar_0.0047,0.0047,0.0105,0.105
prime_age_nonemployment,0.5,AR_long_run_0.75,1.5,0.5,off_1.0,20,off_0.0000,0.0,,
prime_age_nonemployment,0.5,AR_long_run_0.75,1.5,0.5,off_1.0,20,AR_recent_0.0035,0.0035,,
prime_age_nonemployment,0.5,AR_long_run_0.75,1.5,0.5,off_1.0,20,AR_postwar_0.0047,0.0047,,
prime_age_nonemployment,0.5,AR_long_run_0.75,1.5,0.5,on_1.5,2,off_0.0000,0.0,0.0635,0.127
prime_age_nonemployment,0.5,AR_long_run_0.75,1.5,0.5,on_1.5,2,AR_recent_0.0035,0.0035,0.067,0.134
prime_age_nonemployment,0.5,AR_long_run_0.75,1.5,0.5,on_1.5,2,AR_postwar_0.0047,0.0047,0.0685,0.137
prime_age_nonemployment,0.5,AR_long_run_0.75,1.5,0.5,on_1.5,5,off_0.0000,0.0,0.019,0.095
prime_age_nonemployment,0.5,AR_long_run_0.75,1.5,0.5,on_1.5,5,AR_recent_0.0035,0.0035,0.0225,0.1125
prime_age_nonemployment,0.5,AR_long_run_0.75,1.5,0.5,on_1.5,5,AR_postwar_0.0047,0.0047,0.024,0.12
prime_age_nonemployment,0.5,AR_long_run_0.75,1.5,0.5,on_1.5,10,off_0.0000,0.0,,
prime_age_nonemployment,0.5,AR_long_run_0.75,1.5,0.5,on_1.5,10,AR_recent_0.0035,0.0035,,
prime_age_nonemployment,0.5,AR_long_run_0.75,1.5,0.5,on_1.5,10,AR_postwar_0.0047,0.0047,0.001,0.01
prime_age_nonemployment,0.5,AR_long_run_0.75,1.5,0.5,on_1.5,20,off_0.0000,0.0,,
prime_age_nonemployment,0.5,AR_long_run_0.75,1.5,0.5,on_1.5,20,AR_recent_0.0035,0.0035,,
prime_age_nonemployment,0.5,AR_long_run_0.75,1.5,0.5,on_1.5,20,AR_postwar_0.0047,0.0047,,
prime_age_nonemployment,0.5,AR_long_run_0.75,1.5,1.0,off_1.0,2,off_0.0000,0.0,0.067,0.134
prime_age_nonemployment,0.5,AR_long_run_0.75,1.5,1.0,off_1.0,2,AR_recent_0.0035,0.0035,0.0705,0.141
prime_age_nonemployment,0.5,AR_long_run_0.75,1.5,1.0,off_1.0,2,AR_postwar_0.0047,0.0047,0.0715,0.143
prime_age_nonemployment,0.5,AR_long_run_0.75,1.5,1.0,off_1.0,5,off_0.0000,0.0,0.0275,0.1375
prime_age_nonemployment,0.5,AR_long_run_0.75,1.5,1.0,off_1.0,5,AR_recent_0.0035,0.0035,0.031,0.155
prime_age_nonemployment,0.5,AR_long_run_0.75,1.5,1.0,off_1.0,5,AR_postwar_0.0047,0.0047,0.032,0.16
prime_age_nonemployment,0.5,AR_long_run_0.75,1.5,1.0,off_1.0,10,off_0.0000,0.0,0.006,0.06
prime_age_nonemployment,0.5,AR_long_run_0.75,1.5,1.0,off_1.0,10,AR_recent_0.0035,0.0035,0.009,0.09
prime_age_nonemployment,0.5,AR_long_run_0.75,1.5,1.0,off_1.0,10,AR_postwar_0.0047,0.0047,0.0105,0.105
prime_age_nonemployment,0.5,AR_long_run_0.75,1.5,1.0,off_1.0,20,off_0.0000,0.0,,
prime_age_nonemployment,0.5,AR_long_run_0.75,1.5,1.0,off_1.0,20,AR_recent_0.0035,0.0035,,
prime_age_nonemployment,0.5,AR_long_run_0.75,1.5,1.0,off_1.0,20,AR_postwar_0.0047,0.0047,,
prime_age_nonemployment,0.5,AR_long_run_0.75,1.5,1.0,on_1.5,2,off_0.0000,0.0,0.0635,0.127
prime_age_nonemployment,0.5,AR_long_run_0.75,1.5,1.0,on_1.5,2,AR_recent_0.0035,0.0035,0.067,0.134
prime_age_nonemployment,0.5,AR_long_run_0.75,1.5,1.0,on_1.5,2,AR_postwar_0.0047,0.0047,0.0685,0.137
prime_age_nonemployment,0.5,AR_long_run_0.75,1.5,1.0,on_1.5,5,off_0.0000,0.0,0.019,0.095
prime_age_nonemployment,0.5,AR_long_run_0.75,1.5,1.0,on_1.5,5,AR_recent_0.0035,0.0035,0.0225,0.1125
prime_age_nonemployment,0.5,AR_long_run_0.75,1.5,1.0,on_1.5,5,AR_postwar_0.0047,0.0047,0.024,0.12
prime_age_nonemployment,0.5,AR_long_run_0.75,1.5,1.0,on_1.5,10,off_0.0000,0.0,,
prime_age_nonemployment,0.5,AR_long_run_0.75,1.5,1.0,on_1.5,10,AR_recent_0.0035,0.0035,,
prime_age_nonemployment,0.5,AR_long_run_0.75,1.5,1.0,on_1.5,10,AR_postwar_0.0047,0.0047,0.001,0.01
prime_age_nonemployment,0.5,AR_long_run_0.75,1.5,1.0,on_1.5,20,off_0.0000,0.0,,
prime_age_nonemployment,0.5,AR_long_run_0.75,1.5,1.0,on_1.5,20,AR_recent_0.0035,0.0035,,
prime_age_nonemployment,0.5,AR_long_run_0.75,1.5,1.0,on_1.5,20,AR_postwar_0.0047,0.0047,,
prime_age_nonemployment,0.5,AR_long_run_0.75,2.0,0.0,off_1.0,2,off_0.0000,0.0,0.0685,0.137
prime_age_nonemployment,0.5,AR_long_run_0.75,2.0,0.0,off_1.0,2,AR_recent_0.0035,0.0035,0.072,0.144
prime_age_nonemployment,0.5,AR_long_run_0.75,2.0,0.0,off_1.0,2,AR_postwar_0.0047,0.0047,0.073,0.146
prime_age_nonemployment,0.5,AR_long_run_0.75,2.0,0.0,off_1.0,5,off_0.0000,0.0,0.0295,0.1475
prime_age_nonemployment,0.5,AR_long_run_0.75,2.0,0.0,off_1.0,5,AR_recent_0.0035,0.0035,0.033,0.165
prime_age_nonemployment,0.5,AR_long_run_0.75,2.0,0.0,off_1.0,5,AR_postwar_0.0047,0.0047,0.034,0.17
prime_age_nonemployment,0.5,AR_long_run_0.75,2.0,0.0,off_1.0,10,off_0.0000,0.0,0.0105,0.105
prime_age_nonemployment,0.5,AR_long_run_0.75,2.0,0.0,off_1.0,10,AR_recent_0.0035,0.0035,0.014,0.14
prime_age_nonemployment,0.5,AR_long_run_0.75,2.0,0.0,off_1.0,10,AR_postwar_0.0047,0.0047,0.015,0.15
prime_age_nonemployment,0.5,AR_long_run_0.75,2.0,0.0,off_1.0,20,off_0.0000,0.0,,
prime_age_nonemployment,0.5,AR_long_run_0.75,2.0,0.0,off_1.0,20,AR_recent_0.0035,0.0035,,
prime_age_nonemployment,0.5,AR_long_run_0.75,2.0,0.0,off_1.0,20,AR_postwar_0.0047,0.0047,0.001,0.02
prime_age_nonemployment,0.5,AR_long_run_0.75,2.0,0.0,on_1.5,2,off_0.0000,0.0,0.066,0.132
prime_age_nonemployment,0.5,AR_long_run_0.75,2.0,0.0,on_1.5,2,AR_recent_0.0035,0.0035,0.0695,0.139
prime_age_nonemployment,0.5,AR_long_run_0.75,2.0,0.0,on_1.5,2,AR_postwar_0.0047,0.0047,0.0705,0.141
prime_age_nonemployment,0.5,AR_long_run_0.75,2.0,0.0,on_1.5,5,off_0.0000,0.0,0.0235,0.1175
prime_age_nonemployment,0.5,AR_long_run_0.75,2.0,0.0,on_1.5,5,AR_recent_0.0035,0.0035,0.0265,0.1325
prime_age_nonemployment,0.5,AR_long_run_0.75,2.0,0.0,on_1.5,5,AR_postwar_0.0047,0.0047,0.028,0.14
prime_age_nonemployment,0.5,AR_long_run_0.75,2.0,0.0,on_1.5,10,off_0.0000,0.0,0.003,0.03
prime_age_nonemployment,0.5,AR_long_run_0.75,2.0,0.0,on_1.5,10,AR_recent_0.0035,0.0035,0.0065,0.065
prime_age_nonemployment,0.5,AR_long_run_0.75,2.0,0.0,on_1.5,10,AR_postwar_0.0047,0.0047,0.0075,0.075
prime_age_nonemployment,0.5,AR_long_run_0.75,2.0,0.0,on_1.5,20,off_0.0000,0.0,,
prime_age_nonemployment,0.5,AR_long_run_0.75,2.0,0.0,on_1.5,20,AR_recent_0.0035,0.0035,,
prime_age_nonemployment,0.5,AR_long_run_0.75,2.0,0.0,on_1.5,20,AR_postwar_0.0047,0.0047,,
prime_age_nonemployment,0.5,AR_long_run_0.75,2.0,0.5,off_1.0,2,off_0.0000,0.0,0.0685,0.137
prime_age_nonemployment,0.5,AR_long_run_0.75,2.0,0.5,off_1.0,2,AR_recent_0.0035,0.0035,0.072,0.144
prime_age_nonemployment,0.5,AR_long_run_0.75,2.0,0.5,off_1.0,2,AR_postwar_0.0047,0.0047,0.073,0.146
prime_age_nonemployment,0.5,AR_long_run_0.75,2.0,0.5,off_1.0,5,off_0.0000,0.0,0.0295,0.1475
prime_age_nonemployment,0.5,AR_long_run_0.75,2.0,0.5,off_1.0,5,AR_recent_0.0035,0.0035,0.033,0.165
prime_age_nonemployment,0.5,AR_long_run_0.75,2.0,0.5,off_1.0,5,AR_postwar_0.0047,0.0047,0.034,0.17
prime_age_nonemployment,0.5,AR_long_run_0.75,2.0,0.5,off_1.0,10,off_0.0000,0.0,0.0105,0.105
prime_age_nonemployment,0.5,AR_long_run_0.75,2.0,0.5,off_1.0,10,AR_recent_0.0035,0.0035,0.014,0.14
prime_age_nonemployment,0.5,AR_long_run_0.75,2.0,0.5,off_1.0,10,AR_postwar_0.0047,0.0047,0.015,0.15
prime_age_nonemployment,0.5,AR_long_run_0.75,2.0,0.5,off_1.0,20,off_0.0000,0.0,,
prime_age_nonemployment,0.5,AR_long_run_0.75,2.0,0.5,off_1.0,20,AR_recent_0.0035,0.0035,,
prime_age_nonemployment,0.5,AR_long_run_0.75,2.0,0.5,off_1.0,20,AR_postwar_0.0047,0.0047,0.001,0.02
prime_age_nonemployment,0.5,AR_long_run_0.75,2.0,0.5,on_1.5,2,off_0.0000,0.0,0.066,0.132
prime_age_nonemployment,0.5,AR_long_run_0.75,2.0,0.5,on_1.5,2,AR_recent_0.0035,0.0035,0.0695,0.139
prime_age_nonemployment,0.5,AR_long_run_0.75,2.0,0.5,on_1.5,2,AR_postwar_0.0047,0.0047,0.0705,0.141
prime_age_nonemployment,0.5,AR_long_run_0.75,2.0,0.5,on_1.5,5,off_0.0000,0.0,0.0235,0.1175
prime_age_nonemployment,0.5,AR_long_run_0.75,2.0,0.5,on_1.5,5,AR_recent_0.0035,0.0035,0.0265,0.1325
prime_age_nonemployment,0.5,AR_long_run_0.75,2.0,0.5,on_1.5,5,AR_postwar_0.0047,0.0047,0.028,0.14
prime_age_nonemployment,0.5,AR_long_run_0.75,2.0,0.5,on_1.5,10,off_0.0000,0.0,0.003,0.03
prime_age_nonemployment,0.5,AR_long_run_0.75,2.0,0.5,on_1.5,10,AR_recent_0.0035,0.0035,0.0065,0.065
prime_age_nonemployment,0.5,AR_long_run_0.75,2.0,0.5,on_1.5,10,AR_postwar_0.0047,0.0047,0.0075,0.075
prime_age_nonemployment,0.5,AR_long_run_0.75,2.0,0.5,on_1.5,20,off_0.0000,0.0,,
prime_age_nonemployment,0.5,AR_long_run_0.75,2.0,0.5,on_1.5,20,AR_recent_0.0035,0.0035,,
prime_age_nonemployment,0.5,AR_long_run_0.75,2.0,0.5,on_1.5,20,AR_postwar_0.0047,0.0047,,
prime_age_nonemployment,0.5,AR_long_run_0.75,2.0,1.0,off_1.0,2,off_0.0000,0.0,0.0685,0.137
prime_age_nonemployment,0.5,AR_long_run_0.75,2.0,1.0,off_1.0,2,AR_recent_0.0035,0.0035,0.072,0.144
prime_age_nonemployment,0.5,AR_long_run_0.75,2.0,1.0,off_1.0,2,AR_postwar_0.0047,0.0047,0.073,0.146
prime_age_nonemployment,0.5,AR_long_run_0.75,2.0,1.0,off_1.0,5,off_0.0000,0.0,0.0295,0.1475
prime_age_nonemployment,0.5,AR_long_run_0.75,2.0,1.0,off_1.0,5,AR_recent_0.0035,0.0035,0.033,0.165
prime_age_nonemployment,0.5,AR_long_run_0.75,2.0,1.0,off_1.0,5,AR_postwar_0.0047,0.0047,0.034,0.17
prime_age_nonemployment,0.5,AR_long_run_0.75,2.0,1.0,off_1.0,10,off_0.0000,0.0,0.0105,0.105
prime_age_nonemployment,0.5,AR_long_run_0.75,2.0,1.0,off_1.0,10,AR_recent_0.0035,0.0035,0.014,0.14
prime_age_nonemployment,0.5,AR_long_run_0.75,2.0,1.0,off_1.0,10,AR_postwar_0.0047,0.0047,0.015,0.15
prime_age_nonemployment,0.5,AR_long_run_0.75,2.0,1.0,off_1.0,20,off_0.0000,0.0,,
prime_age_nonemployment,0.5,AR_long_run_0.75,2.0,1.0,off_1.0,20,AR_recent_0.0035,0.0035,,
prime_age_nonemployment,0.5,AR_long_run_0.75,2.0,1.0,off_1.0,20,AR_postwar_0.0047,0.0047,0.001,0.02
prime_age_nonemployment,0.5,AR_long_run_0.75,2.0,1.0,on_1.5,2,off_0.0000,0.0,0.066,0.132
prime_age_nonemployment,0.5,AR_long_run_0.75,2.0,1.0,on_1.5,2,AR_recent_0.0035,0.0035,0.0695,0.139
prime_age_nonemployment,0.5,AR_long_run_0.75,2.0,1.0,on_1.5,2,AR_postwar_0.0047,0.0047,0.0705,0.141
prime_age_nonemployment,0.5,AR_long_run_0.75,2.0,1.0,on_1.5,5,off_0.0000,0.0,0.0235,0.1175
prime_age_nonemployment,0.5,AR_long_run_0.75,2.0,1.0,on_1.5,5,AR_recent_0.0035,0.0035,0.0265,0.1325
prime_age_nonemployment,0.5,AR_long_run_0.75,2.0,1.0,on_1.5,5,AR_postwar_0.0047,0.0047,0.028,0.14
prime_age_nonemployment,0.5,AR_long_run_0.75,2.0,1.0,on_1.5,10,off_0.0000,0.0,0.003,0.03
prime_age_nonemployment,0.5,AR_long_run_0.75,2.0,1.0,on_1.5,10,AR_recent_0.0035,0.0035,0.0065,0.065
prime_age_nonemployment,0.5,AR_long_run_0.75,2.0,1.0,on_1.5,10,AR_postwar_0.0047,0.0047,0.0075,0.075
prime_age_nonemployment,0.5,AR_long_run_0.75,2.0,1.0,on_1.5,20,off_0.0000,0.0,,
prime_age_nonemployment,0.5,AR_long_run_0.75,2.0,1.0,on_1.5,20,AR_recent_0.0035,0.0035,,
prime_age_nonemployment,0.5,AR_long_run_0.75,2.0,1.0,on_1.5,20,AR_postwar_0.0047,0.0047,,
prime_age_nonemployment,1.0,dws_0.462,1.0,0.0,off_1.0,2,off_0.0000,0.0,0.0675,0.135
prime_age_nonemployment,1.0,dws_0.462,1.0,0.0,off_1.0,2,AR_recent_0.0035,0.0035,0.071,0.142
prime_age_nonemployment,1.0,dws_0.462,1.0,0.0,off_1.0,2,AR_postwar_0.0047,0.0047,0.0725,0.145
prime_age_nonemployment,1.0,dws_0.462,1.0,0.0,off_1.0,5,off_0.0000,0.0,0.0285,0.1425
prime_age_nonemployment,1.0,dws_0.462,1.0,0.0,off_1.0,5,AR_recent_0.0035,0.0035,0.0315,0.1575
prime_age_nonemployment,1.0,dws_0.462,1.0,0.0,off_1.0,5,AR_postwar_0.0047,0.0047,0.0325,0.1625
prime_age_nonemployment,1.0,dws_0.462,1.0,0.0,off_1.0,10,off_0.0000,0.0,0.0075,0.075
prime_age_nonemployment,1.0,dws_0.462,1.0,0.0,off_1.0,10,AR_recent_0.0035,0.0035,0.0105,0.105
prime_age_nonemployment,1.0,dws_0.462,1.0,0.0,off_1.0,10,AR_postwar_0.0047,0.0047,0.0115,0.115
prime_age_nonemployment,1.0,dws_0.462,1.0,0.0,off_1.0,20,off_0.0000,0.0,,
prime_age_nonemployment,1.0,dws_0.462,1.0,0.0,off_1.0,20,AR_recent_0.0035,0.0035,,
prime_age_nonemployment,1.0,dws_0.462,1.0,0.0,off_1.0,20,AR_postwar_0.0047,0.0047,,
prime_age_nonemployment,1.0,dws_0.462,1.0,0.0,on_1.5,2,off_0.0000,0.0,0.065,0.13
prime_age_nonemployment,1.0,dws_0.462,1.0,0.0,on_1.5,2,AR_recent_0.0035,0.0035,0.0685,0.137
prime_age_nonemployment,1.0,dws_0.462,1.0,0.0,on_1.5,2,AR_postwar_0.0047,0.0047,0.0695,0.139
prime_age_nonemployment,1.0,dws_0.462,1.0,0.0,on_1.5,5,off_0.0000,0.0,0.021,0.105
prime_age_nonemployment,1.0,dws_0.462,1.0,0.0,on_1.5,5,AR_recent_0.0035,0.0035,0.024,0.12
prime_age_nonemployment,1.0,dws_0.462,1.0,0.0,on_1.5,5,AR_postwar_0.0047,0.0047,0.0255,0.1275
prime_age_nonemployment,1.0,dws_0.462,1.0,0.0,on_1.5,10,off_0.0000,0.0,,
prime_age_nonemployment,1.0,dws_0.462,1.0,0.0,on_1.5,10,AR_recent_0.0035,0.0035,0.0025,0.025
prime_age_nonemployment,1.0,dws_0.462,1.0,0.0,on_1.5,10,AR_postwar_0.0047,0.0047,0.0035,0.035
prime_age_nonemployment,1.0,dws_0.462,1.0,0.0,on_1.5,20,off_0.0000,0.0,,
prime_age_nonemployment,1.0,dws_0.462,1.0,0.0,on_1.5,20,AR_recent_0.0035,0.0035,,
prime_age_nonemployment,1.0,dws_0.462,1.0,0.0,on_1.5,20,AR_postwar_0.0047,0.0047,,
prime_age_nonemployment,1.0,dws_0.462,1.0,0.5,off_1.0,2,off_0.0000,0.0,0.0675,0.135
prime_age_nonemployment,1.0,dws_0.462,1.0,0.5,off_1.0,2,AR_recent_0.0035,0.0035,0.071,0.142
prime_age_nonemployment,1.0,dws_0.462,1.0,0.5,off_1.0,2,AR_postwar_0.0047,0.0047,0.0725,0.145
prime_age_nonemployment,1.0,dws_0.462,1.0,0.5,off_1.0,5,off_0.0000,0.0,0.0285,0.1425
prime_age_nonemployment,1.0,dws_0.462,1.0,0.5,off_1.0,5,AR_recent_0.0035,0.0035,0.0315,0.1575
prime_age_nonemployment,1.0,dws_0.462,1.0,0.5,off_1.0,5,AR_postwar_0.0047,0.0047,0.0325,0.1625
prime_age_nonemployment,1.0,dws_0.462,1.0,0.5,off_1.0,10,off_0.0000,0.0,0.0075,0.075
prime_age_nonemployment,1.0,dws_0.462,1.0,0.5,off_1.0,10,AR_recent_0.0035,0.0035,0.0105,0.105
prime_age_nonemployment,1.0,dws_0.462,1.0,0.5,off_1.0,10,AR_postwar_0.0047,0.0047,0.0115,0.115
prime_age_nonemployment,1.0,dws_0.462,1.0,0.5,off_1.0,20,off_0.0000,0.0,,
prime_age_nonemployment,1.0,dws_0.462,1.0,0.5,off_1.0,20,AR_recent_0.0035,0.0035,,
prime_age_nonemployment,1.0,dws_0.462,1.0,0.5,off_1.0,20,AR_postwar_0.0047,0.0047,,
prime_age_nonemployment,1.0,dws_0.462,1.0,0.5,on_1.5,2,off_0.0000,0.0,0.065,0.13
prime_age_nonemployment,1.0,dws_0.462,1.0,0.5,on_1.5,2,AR_recent_0.0035,0.0035,0.0685,0.137
prime_age_nonemployment,1.0,dws_0.462,1.0,0.5,on_1.5,2,AR_postwar_0.0047,0.0047,0.0695,0.139
prime_age_nonemployment,1.0,dws_0.462,1.0,0.5,on_1.5,5,off_0.0000,0.0,0.021,0.105
prime_age_nonemployment,1.0,dws_0.462,1.0,0.5,on_1.5,5,AR_recent_0.0035,0.0035,0.024,0.12
prime_age_nonemployment,1.0,dws_0.462,1.0,0.5,on_1.5,5,AR_postwar_0.0047,0.0047,0.0255,0.1275
prime_age_nonemployment,1.0,dws_0.462,1.0,0.5,on_1.5,10,off_0.0000,0.0,,
prime_age_nonemployment,1.0,dws_0.462,1.0,0.5,on_1.5,10,AR_recent_0.0035,0.0035,0.0025,0.025
prime_age_nonemployment,1.0,dws_0.462,1.0,0.5,on_1.5,10,AR_postwar_0.0047,0.0047,0.0035,0.035
prime_age_nonemployment,1.0,dws_0.462,1.0,0.5,on_1.5,20,off_0.0000,0.0,,
prime_age_nonemployment,1.0,dws_0.462,1.0,0.5,on_1.5,20,AR_recent_0.0035,0.0035,,
prime_age_nonemployment,1.0,dws_0.462,1.0,0.5,on_1.5,20,AR_postwar_0.0047,0.0047,,
prime_age_nonemployment,1.0,dws_0.462,1.0,1.0,off_1.0,2,off_0.0000,0.0,0.0675,0.135
prime_age_nonemployment,1.0,dws_0.462,1.0,1.0,off_1.0,2,AR_recent_0.0035,0.0035,0.071,0.142
prime_age_nonemployment,1.0,dws_0.462,1.0,1.0,off_1.0,2,AR_postwar_0.0047,0.0047,0.0725,0.145
prime_age_nonemployment,1.0,dws_0.462,1.0,1.0,off_1.0,5,off_0.0000,0.0,0.0285,0.1425
prime_age_nonemployment,1.0,dws_0.462,1.0,1.0,off_1.0,5,AR_recent_0.0035,0.0035,0.0315,0.1575
prime_age_nonemployment,1.0,dws_0.462,1.0,1.0,off_1.0,5,AR_postwar_0.0047,0.0047,0.0325,0.1625
prime_age_nonemployment,1.0,dws_0.462,1.0,1.0,off_1.0,10,off_0.0000,0.0,0.0075,0.075
prime_age_nonemployment,1.0,dws_0.462,1.0,1.0,off_1.0,10,AR_recent_0.0035,0.0035,0.0105,0.105
prime_age_nonemployment,1.0,dws_0.462,1.0,1.0,off_1.0,10,AR_postwar_0.0047,0.0047,0.0115,0.115
prime_age_nonemployment,1.0,dws_0.462,1.0,1.0,off_1.0,20,off_0.0000,0.0,,
prime_age_nonemployment,1.0,dws_0.462,1.0,1.0,off_1.0,20,AR_recent_0.0035,0.0035,,
prime_age_nonemployment,1.0,dws_0.462,1.0,1.0,off_1.0,20,AR_postwar_0.0047,0.0047,,
prime_age_nonemployment,1.0,dws_0.462,1.0,1.0,on_1.5,2,off_0.0000,0.0,0.065,0.13
prime_age_nonemployment,1.0,dws_0.462,1.0,1.0,on_1.5,2,AR_recent_0.0035,0.0035,0.0685,0.137
prime_age_nonemployment,1.0,dws_0.462,1.0,1.0,on_1.5,2,AR_postwar_0.0047,0.0047,0.0695,0.139
prime_age_nonemployment,1.0,dws_0.462,1.0,1.0,on_1.5,5,off_0.0000,0.0,0.021,0.105
prime_age_nonemployment,1.0,dws_0.462,1.0,1.0,on_1.5,5,AR_recent_0.0035,0.0035,0.024,0.12
prime_age_nonemployment,1.0,dws_0.462,1.0,1.0,on_1.5,5,AR_postwar_0.0047,0.0047,0.0255,0.1275
prime_age_nonemployment,1.0,dws_0.462,1.0,1.0,on_1.5,10,off_0.0000,0.0,,
prime_age_nonemployment,1.0,dws_0.462,1.0,1.0,on_1.5,10,AR_recent_0.0035,0.0035,0.0025,0.025
prime_age_nonemployment,1.0,dws_0.462,1.0,1.0,on_1.5,10,AR_postwar_0.0047,0.0047,0.0035,0.035
prime_age_nonemployment,1.0,dws_0.462,1.0,1.0,on_1.5,20,off_0.0000,0.0,,
prime_age_nonemployment,1.0,dws_0.462,1.0,1.0,on_1.5,20,AR_recent_0.0035,0.0035,,
prime_age_nonemployment,1.0,dws_0.462,1.0,1.0,on_1.5,20,AR_postwar_0.0047,0.0047,,
prime_age_nonemployment,1.0,dws_0.462,1.5,0.0,off_1.0,2,off_0.0000,0.0,0.0695,0.139
prime_age_nonemployment,1.0,dws_0.462,1.5,0.0,off_1.0,2,AR_recent_0.0035,0.0035,0.073,0.146
prime_age_nonemployment,1.0,dws_0.462,1.5,0.0,off_1.0,2,AR_postwar_0.0047,0.0047,0.074,0.148
prime_age_nonemployment,1.0,dws_0.462,1.5,0.0,off_1.0,5,off_0.0000,0.0,0.0295,0.1475
prime_age_nonemployment,1.0,dws_0.462,1.5,0.0,off_1.0,5,AR_recent_0.0035,0.0035,0.033,0.165
prime_age_nonemployment,1.0,dws_0.462,1.5,0.0,off_1.0,5,AR_postwar_0.0047,0.0047,0.034,0.17
prime_age_nonemployment,1.0,dws_0.462,1.5,0.0,off_1.0,10,off_0.0000,0.0,0.0125,0.125
prime_age_nonemployment,1.0,dws_0.462,1.5,0.0,off_1.0,10,AR_recent_0.0035,0.0035,0.0155,0.155
prime_age_nonemployment,1.0,dws_0.462,1.5,0.0,off_1.0,10,AR_postwar_0.0047,0.0047,0.017,0.17
prime_age_nonemployment,1.0,dws_0.462,1.5,0.0,off_1.0,20,off_0.0000,0.0,0.0005,0.01
prime_age_nonemployment,1.0,dws_0.462,1.5,0.0,off_1.0,20,AR_recent_0.0035,0.0035,0.003,0.06
prime_age_nonemployment,1.0,dws_0.462,1.5,0.0,off_1.0,20,AR_postwar_0.0047,0.0047,0.004,0.08
prime_age_nonemployment,1.0,dws_0.462,1.5,0.0,on_1.5,2,off_0.0000,0.0,0.0675,0.135
prime_age_nonemployment,1.0,dws_0.462,1.5,0.0,on_1.5,2,AR_recent_0.0035,0.0035,0.071,0.142
prime_age_nonemployment,1.0,dws_0.462,1.5,0.0,on_1.5,2,AR_postwar_0.0047,0.0047,0.0725,0.145
prime_age_nonemployment,1.0,dws_0.462,1.5,0.0,on_1.5,5,off_0.0000,0.0,0.025,0.125
prime_age_nonemployment,1.0,dws_0.462,1.5,0.0,on_1.5,5,AR_recent_0.0035,0.0035,0.0285,0.1425
prime_age_nonemployment,1.0,dws_0.462,1.5,0.0,on_1.5,5,AR_postwar_0.0047,0.0047,0.0295,0.1475
prime_age_nonemployment,1.0,dws_0.462,1.5,0.0,on_1.5,10,off_0.0000,0.0,0.0065,0.065
prime_age_nonemployment,1.0,dws_0.462,1.5,0.0,on_1.5,10,AR_recent_0.0035,0.0035,0.01,0.1
prime_age_nonemployment,1.0,dws_0.462,1.5,0.0,on_1.5,10,AR_postwar_0.0047,0.0047,0.011,0.11
prime_age_nonemployment,1.0,dws_0.462,1.5,0.0,on_1.5,20,off_0.0000,0.0,,
prime_age_nonemployment,1.0,dws_0.462,1.5,0.0,on_1.5,20,AR_recent_0.0035,0.0035,,
prime_age_nonemployment,1.0,dws_0.462,1.5,0.0,on_1.5,20,AR_postwar_0.0047,0.0047,,
prime_age_nonemployment,1.0,dws_0.462,1.5,0.5,off_1.0,2,off_0.0000,0.0,0.0695,0.139
prime_age_nonemployment,1.0,dws_0.462,1.5,0.5,off_1.0,2,AR_recent_0.0035,0.0035,0.073,0.146
prime_age_nonemployment,1.0,dws_0.462,1.5,0.5,off_1.0,2,AR_postwar_0.0047,0.0047,0.074,0.148
prime_age_nonemployment,1.0,dws_0.462,1.5,0.5,off_1.0,5,off_0.0000,0.0,0.0295,0.1475
prime_age_nonemployment,1.0,dws_0.462,1.5,0.5,off_1.0,5,AR_recent_0.0035,0.0035,0.033,0.165
prime_age_nonemployment,1.0,dws_0.462,1.5,0.5,off_1.0,5,AR_postwar_0.0047,0.0047,0.034,0.17
prime_age_nonemployment,1.0,dws_0.462,1.5,0.5,off_1.0,10,off_0.0000,0.0,0.0125,0.125
prime_age_nonemployment,1.0,dws_0.462,1.5,0.5,off_1.0,10,AR_recent_0.0035,0.0035,0.0155,0.155
prime_age_nonemployment,1.0,dws_0.462,1.5,0.5,off_1.0,10,AR_postwar_0.0047,0.0047,0.017,0.17
prime_age_nonemployment,1.0,dws_0.462,1.5,0.5,off_1.0,20,off_0.0000,0.0,0.0005,0.01
prime_age_nonemployment,1.0,dws_0.462,1.5,0.5,off_1.0,20,AR_recent_0.0035,0.0035,0.003,0.06
prime_age_nonemployment,1.0,dws_0.462,1.5,0.5,off_1.0,20,AR_postwar_0.0047,0.0047,0.004,0.08
prime_age_nonemployment,1.0,dws_0.462,1.5,0.5,on_1.5,2,off_0.0000,0.0,0.0675,0.135
prime_age_nonemployment,1.0,dws_0.462,1.5,0.5,on_1.5,2,AR_recent_0.0035,0.0035,0.071,0.142
prime_age_nonemployment,1.0,dws_0.462,1.5,0.5,on_1.5,2,AR_postwar_0.0047,0.0047,0.0725,0.145
prime_age_nonemployment,1.0,dws_0.462,1.5,0.5,on_1.5,5,off_0.0000,0.0,0.025,0.125
prime_age_nonemployment,1.0,dws_0.462,1.5,0.5,on_1.5,5,AR_recent_0.0035,0.0035,0.0285,0.1425
prime_age_nonemployment,1.0,dws_0.462,1.5,0.5,on_1.5,5,AR_postwar_0.0047,0.0047,0.0295,0.1475
prime_age_nonemployment,1.0,dws_0.462,1.5,0.5,on_1.5,10,off_0.0000,0.0,0.0065,0.065
prime_age_nonemployment,1.0,dws_0.462,1.5,0.5,on_1.5,10,AR_recent_0.0035,0.0035,0.01,0.1
prime_age_nonemployment,1.0,dws_0.462,1.5,0.5,on_1.5,10,AR_postwar_0.0047,0.0047,0.011,0.11
prime_age_nonemployment,1.0,dws_0.462,1.5,0.5,on_1.5,20,off_0.0000,0.0,,
prime_age_nonemployment,1.0,dws_0.462,1.5,0.5,on_1.5,20,AR_recent_0.0035,0.0035,,
prime_age_nonemployment,1.0,dws_0.462,1.5,0.5,on_1.5,20,AR_postwar_0.0047,0.0047,,
prime_age_nonemployment,1.0,dws_0.462,1.5,1.0,off_1.0,2,off_0.0000,0.0,0.0695,0.139
prime_age_nonemployment,1.0,dws_0.462,1.5,1.0,off_1.0,2,AR_recent_0.0035,0.0035,0.073,0.146
prime_age_nonemployment,1.0,dws_0.462,1.5,1.0,off_1.0,2,AR_postwar_0.0047,0.0047,0.074,0.148
prime_age_nonemployment,1.0,dws_0.462,1.5,1.0,off_1.0,5,off_0.0000,0.0,0.0295,0.1475
prime_age_nonemployment,1.0,dws_0.462,1.5,1.0,off_1.0,5,AR_recent_0.0035,0.0035,0.033,0.165
prime_age_nonemployment,1.0,dws_0.462,1.5,1.0,off_1.0,5,AR_postwar_0.0047,0.0047,0.034,0.17
prime_age_nonemployment,1.0,dws_0.462,1.5,1.0,off_1.0,10,off_0.0000,0.0,0.0125,0.125
prime_age_nonemployment,1.0,dws_0.462,1.5,1.0,off_1.0,10,AR_recent_0.0035,0.0035,0.0155,0.155
prime_age_nonemployment,1.0,dws_0.462,1.5,1.0,off_1.0,10,AR_postwar_0.0047,0.0047,0.017,0.17
prime_age_nonemployment,1.0,dws_0.462,1.5,1.0,off_1.0,20,off_0.0000,0.0,0.0005,0.01
prime_age_nonemployment,1.0,dws_0.462,1.5,1.0,off_1.0,20,AR_recent_0.0035,0.0035,0.003,0.06
prime_age_nonemployment,1.0,dws_0.462,1.5,1.0,off_1.0,20,AR_postwar_0.0047,0.0047,0.004,0.08
prime_age_nonemployment,1.0,dws_0.462,1.5,1.0,on_1.5,2,off_0.0000,0.0,0.0675,0.135
prime_age_nonemployment,1.0,dws_0.462,1.5,1.0,on_1.5,2,AR_recent_0.0035,0.0035,0.071,0.142
prime_age_nonemployment,1.0,dws_0.462,1.5,1.0,on_1.5,2,AR_postwar_0.0047,0.0047,0.0725,0.145
prime_age_nonemployment,1.0,dws_0.462,1.5,1.0,on_1.5,5,off_0.0000,0.0,0.025,0.125
prime_age_nonemployment,1.0,dws_0.462,1.5,1.0,on_1.5,5,AR_recent_0.0035,0.0035,0.0285,0.1425
prime_age_nonemployment,1.0,dws_0.462,1.5,1.0,on_1.5,5,AR_postwar_0.0047,0.0047,0.0295,0.1475
prime_age_nonemployment,1.0,dws_0.462,1.5,1.0,on_1.5,10,off_0.0000,0.0,0.0065,0.065
prime_age_nonemployment,1.0,dws_0.462,1.5,1.0,on_1.5,10,AR_recent_0.0035,0.0035,0.01,0.1
prime_age_nonemployment,1.0,dws_0.462,1.5,1.0,on_1.5,10,AR_postwar_0.0047,0.0047,0.011,0.11
prime_age_nonemployment,1.0,dws_0.462,1.5,1.0,on_1.5,20,off_0.0000,0.0,,
prime_age_nonemployment,1.0,dws_0.462,1.5,1.0,on_1.5,20,AR_recent_0.0035,0.0035,,
prime_age_nonemployment,1.0,dws_0.462,1.5,1.0,on_1.5,20,AR_postwar_0.0047,0.0047,,
prime_age_nonemployment,1.0,dws_0.462,2.0,0.0,off_1.0,2,off_0.0000,0.0,0.0705,0.141
prime_age_nonemployment,1.0,dws_0.462,2.0,0.0,off_1.0,2,AR_recent_0.0035,0.0035,0.074,0.148
prime_age_nonemployment,1.0,dws_0.462,2.0,0.0,off_1.0,2,AR_postwar_0.0047,0.0047,0.075,0.15
prime_age_nonemployment,1.0,dws_0.462,2.0,0.0,off_1.0,5,off_0.0000,0.0,0.0295,0.1475
prime_age_nonemployment,1.0,dws_0.462,2.0,0.0,off_1.0,5,AR_recent_0.0035,0.0035,0.033,0.165
prime_age_nonemployment,1.0,dws_0.462,2.0,0.0,off_1.0,5,AR_postwar_0.0047,0.0047,0.034,0.17
prime_age_nonemployment,1.0,dws_0.462,2.0,0.0,off_1.0,10,off_0.0000,0.0,0.015,0.15
prime_age_nonemployment,1.0,dws_0.462,2.0,0.0,off_1.0,10,AR_recent_0.0035,0.0035,0.018,0.18
prime_age_nonemployment,1.0,dws_0.462,2.0,0.0,off_1.0,10,AR_postwar_0.0047,0.0047,0.019,0.19
prime_age_nonemployment,1.0,dws_0.462,2.0,0.0,off_1.0,20,off_0.0000,0.0,0.004,0.08
prime_age_nonemployment,1.0,dws_0.462,2.0,0.0,off_1.0,20,AR_recent_0.0035,0.0035,0.007,0.14
prime_age_nonemployment,1.0,dws_0.462,2.0,0.0,off_1.0,20,AR_postwar_0.0047,0.0047,0.008,0.16
prime_age_nonemployment,1.0,dws_0.462,2.0,0.0,on_1.5,2,off_0.0000,0.0,0.069,0.138
prime_age_nonemployment,1.0,dws_0.462,2.0,0.0,on_1.5,2,AR_recent_0.0035,0.0035,0.0725,0.145
prime_age_nonemployment,1.0,dws_0.462,2.0,0.0,on_1.5,2,AR_postwar_0.0047,0.0047,0.0735,0.147
prime_age_nonemployment,1.0,dws_0.462,2.0,0.0,on_1.5,5,off_0.0000,0.0,0.0265,0.1325
prime_age_nonemployment,1.0,dws_0.462,2.0,0.0,on_1.5,5,AR_recent_0.0035,0.0035,0.0295,0.1475
prime_age_nonemployment,1.0,dws_0.462,2.0,0.0,on_1.5,5,AR_postwar_0.0047,0.0047,0.0305,0.1525
prime_age_nonemployment,1.0,dws_0.462,2.0,0.0,on_1.5,10,off_0.0000,0.0,0.0105,0.105
prime_age_nonemployment,1.0,dws_0.462,2.0,0.0,on_1.5,10,AR_recent_0.0035,0.0035,0.0135,0.135
prime_age_nonemployment,1.0,dws_0.462,2.0,0.0,on_1.5,10,AR_postwar_0.0047,0.0047,0.0145,0.145
prime_age_nonemployment,1.0,dws_0.462,2.0,0.0,on_1.5,20,off_0.0000,0.0,,
prime_age_nonemployment,1.0,dws_0.462,2.0,0.0,on_1.5,20,AR_recent_0.0035,0.0035,0.0025,0.05
prime_age_nonemployment,1.0,dws_0.462,2.0,0.0,on_1.5,20,AR_postwar_0.0047,0.0047,0.0035,0.07
prime_age_nonemployment,1.0,dws_0.462,2.0,0.5,off_1.0,2,off_0.0000,0.0,0.0705,0.141
prime_age_nonemployment,1.0,dws_0.462,2.0,0.5,off_1.0,2,AR_recent_0.0035,0.0035,0.074,0.148
prime_age_nonemployment,1.0,dws_0.462,2.0,0.5,off_1.0,2,AR_postwar_0.0047,0.0047,0.075,0.15
prime_age_nonemployment,1.0,dws_0.462,2.0,0.5,off_1.0,5,off_0.0000,0.0,0.0295,0.1475
prime_age_nonemployment,1.0,dws_0.462,2.0,0.5,off_1.0,5,AR_recent_0.0035,0.0035,0.033,0.165
prime_age_nonemployment,1.0,dws_0.462,2.0,0.5,off_1.0,5,AR_postwar_0.0047,0.0047,0.034,0.17
prime_age_nonemployment,1.0,dws_0.462,2.0,0.5,off_1.0,10,off_0.0000,0.0,0.015,0.15
prime_age_nonemployment,1.0,dws_0.462,2.0,0.5,off_1.0,10,AR_recent_0.0035,0.0035,0.018,0.18
prime_age_nonemployment,1.0,dws_0.462,2.0,0.5,off_1.0,10,AR_postwar_0.0047,0.0047,0.019,0.19
prime_age_nonemployment,1.0,dws_0.462,2.0,0.5,off_1.0,20,off_0.0000,0.0,0.004,0.08
prime_age_nonemployment,1.0,dws_0.462,2.0,0.5,off_1.0,20,AR_recent_0.0035,0.0035,0.007,0.14
prime_age_nonemployment,1.0,dws_0.462,2.0,0.5,off_1.0,20,AR_postwar_0.0047,0.0047,0.008,0.16
prime_age_nonemployment,1.0,dws_0.462,2.0,0.5,on_1.5,2,off_0.0000,0.0,0.069,0.138
prime_age_nonemployment,1.0,dws_0.462,2.0,0.5,on_1.5,2,AR_recent_0.0035,0.0035,0.0725,0.145
prime_age_nonemployment,1.0,dws_0.462,2.0,0.5,on_1.5,2,AR_postwar_0.0047,0.0047,0.0735,0.147
prime_age_nonemployment,1.0,dws_0.462,2.0,0.5,on_1.5,5,off_0.0000,0.0,0.0265,0.1325
prime_age_nonemployment,1.0,dws_0.462,2.0,0.5,on_1.5,5,AR_recent_0.0035,0.0035,0.0295,0.1475
prime_age_nonemployment,1.0,dws_0.462,2.0,0.5,on_1.5,5,AR_postwar_0.0047,0.0047,0.0305,0.1525
prime_age_nonemployment,1.0,dws_0.462,2.0,0.5,on_1.5,10,off_0.0000,0.0,0.0105,0.105
prime_age_nonemployment,1.0,dws_0.462,2.0,0.5,on_1.5,10,AR_recent_0.0035,0.0035,0.0135,0.135
prime_age_nonemployment,1.0,dws_0.462,2.0,0.5,on_1.5,10,AR_postwar_0.0047,0.0047,0.0145,0.145
prime_age_nonemployment,1.0,dws_0.462,2.0,0.5,on_1.5,20,off_0.0000,0.0,,
prime_age_nonemployment,1.0,dws_0.462,2.0,0.5,on_1.5,20,AR_recent_0.0035,0.0035,0.0025,0.05
prime_age_nonemployment,1.0,dws_0.462,2.0,0.5,on_1.5,20,AR_postwar_0.0047,0.0047,0.0035,0.07
prime_age_nonemployment,1.0,dws_0.462,2.0,1.0,off_1.0,2,off_0.0000,0.0,0.0705,0.141
prime_age_nonemployment,1.0,dws_0.462,2.0,1.0,off_1.0,2,AR_recent_0.0035,0.0035,0.074,0.148
prime_age_nonemployment,1.0,dws_0.462,2.0,1.0,off_1.0,2,AR_postwar_0.0047,0.0047,0.075,0.15
prime_age_nonemployment,1.0,dws_0.462,2.0,1.0,off_1.0,5,off_0.0000,0.0,0.0295,0.1475
prime_age_nonemployment,1.0,dws_0.462,2.0,1.0,off_1.0,5,AR_recent_0.0035,0.0035,0.033,0.165
prime_age_nonemployment,1.0,dws_0.462,2.0,1.0,off_1.0,5,AR_postwar_0.0047,0.0047,0.034,0.17
prime_age_nonemployment,1.0,dws_0.462,2.0,1.0,off_1.0,10,off_0.0000,0.0,0.015,0.15
prime_age_nonemployment,1.0,dws_0.462,2.0,1.0,off_1.0,10,AR_recent_0.0035,0.0035,0.018,0.18
prime_age_nonemployment,1.0,dws_0.462,2.0,1.0,off_1.0,10,AR_postwar_0.0047,0.0047,0.019,0.19
prime_age_nonemployment,1.0,dws_0.462,2.0,1.0,off_1.0,20,off_0.0000,0.0,0.004,0.08
prime_age_nonemployment,1.0,dws_0.462,2.0,1.0,off_1.0,20,AR_recent_0.0035,0.0035,0.007,0.14
prime_age_nonemployment,1.0,dws_0.462,2.0,1.0,off_1.0,20,AR_postwar_0.0047,0.0047,0.008,0.16
prime_age_nonemployment,1.0,dws_0.462,2.0,1.0,on_1.5,2,off_0.0000,0.0,0.069,0.138
prime_age_nonemployment,1.0,dws_0.462,2.0,1.0,on_1.5,2,AR_recent_0.0035,0.0035,0.0725,0.145
prime_age_nonemployment,1.0,dws_0.462,2.0,1.0,on_1.5,2,AR_postwar_0.0047,0.0047,0.0735,0.147
prime_age_nonemployment,1.0,dws_0.462,2.0,1.0,on_1.5,5,off_0.0000,0.0,0.0265,0.1325
prime_age_nonemployment,1.0,dws_0.462,2.0,1.0,on_1.5,5,AR_recent_0.0035,0.0035,0.0295,0.1475
prime_age_nonemployment,1.0,dws_0.462,2.0,1.0,on_1.5,5,AR_postwar_0.0047,0.0047,0.0305,0.1525
prime_age_nonemployment,1.0,dws_0.462,2.0,1.0,on_1.5,10,off_0.0000,0.0,0.0105,0.105
prime_age_nonemployment,1.0,dws_0.462,2.0,1.0,on_1.5,10,AR_recent_0.0035,0.0035,0.0135,0.135
prime_age_nonemployment,1.0,dws_0.462,2.0,1.0,on_1.5,10,AR_postwar_0.0047,0.0047,0.0145,0.145
prime_age_nonemployment,1.0,dws_0.462,2.0,1.0,on_1.5,20,off_0.0000,0.0,,
prime_age_nonemployment,1.0,dws_0.462,2.0,1.0,on_1.5,20,AR_recent_0.0035,0.0035,0.0025,0.05
prime_age_nonemployment,1.0,dws_0.462,2.0,1.0,on_1.5,20,AR_postwar_0.0047,0.0047,0.0035,0.07
prime_age_nonemployment,1.0,dws_low_0.296,1.0,0.0,off_1.0,2,off_0.0000,0.0,0.07,0.14
prime_age_nonemployment,1.0,dws_low_0.296,1.0,0.0,off_1.0,2,AR_recent_0.0035,0.0035,0.0735,0.147
prime_age_nonemployment,1.0,dws_low_0.296,1.0,0.0,off_1.0,2,AR_postwar_0.0047,0.0047,0.0745,0.149
prime_age_nonemployment,1.0,dws_low_0.296,1.0,0.0,off_1.0,5,off_0.0000,0.0,0.0325,0.1625
prime_age_nonemployment,1.0,dws_low_0.296,1.0,0.0,off_1.0,5,AR_recent_0.0035,0.0035,0.0355,0.1775
prime_age_nonemployment,1.0,dws_low_0.296,1.0,0.0,off_1.0,5,AR_postwar_0.0047,0.0047,0.0365,0.1825
prime_age_nonemployment,1.0,dws_low_0.296,1.0,0.0,off_1.0,10,off_0.0000,0.0,0.0145,0.145
prime_age_nonemployment,1.0,dws_low_0.296,1.0,0.0,off_1.0,10,AR_recent_0.0035,0.0035,0.017,0.17
prime_age_nonemployment,1.0,dws_low_0.296,1.0,0.0,off_1.0,10,AR_postwar_0.0047,0.0047,0.018,0.18
prime_age_nonemployment,1.0,dws_low_0.296,1.0,0.0,off_1.0,20,off_0.0000,0.0,0.001,0.02
prime_age_nonemployment,1.0,dws_low_0.296,1.0,0.0,off_1.0,20,AR_recent_0.0035,0.0035,0.0035,0.07
prime_age_nonemployment,1.0,dws_low_0.296,1.0,0.0,off_1.0,20,AR_postwar_0.0047,0.0047,0.0045,0.09
prime_age_nonemployment,1.0,dws_low_0.296,1.0,0.0,on_1.5,2,off_0.0000,0.0,0.068,0.136
prime_age_nonemployment,1.0,dws_low_0.296,1.0,0.0,on_1.5,2,AR_recent_0.0035,0.0035,0.0715,0.143
prime_age_nonemployment,1.0,dws_low_0.296,1.0,0.0,on_1.5,2,AR_postwar_0.0047,0.0047,0.0725,0.145
prime_age_nonemployment,1.0,dws_low_0.296,1.0,0.0,on_1.5,5,off_0.0000,0.0,0.0275,0.1375
prime_age_nonemployment,1.0,dws_low_0.296,1.0,0.0,on_1.5,5,AR_recent_0.0035,0.0035,0.0305,0.1525
prime_age_nonemployment,1.0,dws_low_0.296,1.0,0.0,on_1.5,5,AR_postwar_0.0047,0.0047,0.032,0.16
prime_age_nonemployment,1.0,dws_low_0.296,1.0,0.0,on_1.5,10,off_0.0000,0.0,0.008,0.08
prime_age_nonemployment,1.0,dws_low_0.296,1.0,0.0,on_1.5,10,AR_recent_0.0035,0.0035,0.011,0.11
prime_age_nonemployment,1.0,dws_low_0.296,1.0,0.0,on_1.5,10,AR_postwar_0.0047,0.0047,0.012,0.12
prime_age_nonemployment,1.0,dws_low_0.296,1.0,0.0,on_1.5,20,off_0.0000,0.0,,
prime_age_nonemployment,1.0,dws_low_0.296,1.0,0.0,on_1.5,20,AR_recent_0.0035,0.0035,,
prime_age_nonemployment,1.0,dws_low_0.296,1.0,0.0,on_1.5,20,AR_postwar_0.0047,0.0047,,
prime_age_nonemployment,1.0,dws_low_0.296,1.0,0.5,off_1.0,2,off_0.0000,0.0,0.07,0.14
prime_age_nonemployment,1.0,dws_low_0.296,1.0,0.5,off_1.0,2,AR_recent_0.0035,0.0035,0.0735,0.147
prime_age_nonemployment,1.0,dws_low_0.296,1.0,0.5,off_1.0,2,AR_postwar_0.0047,0.0047,0.0745,0.149
prime_age_nonemployment,1.0,dws_low_0.296,1.0,0.5,off_1.0,5,off_0.0000,0.0,0.0325,0.1625
prime_age_nonemployment,1.0,dws_low_0.296,1.0,0.5,off_1.0,5,AR_recent_0.0035,0.0035,0.0355,0.1775
prime_age_nonemployment,1.0,dws_low_0.296,1.0,0.5,off_1.0,5,AR_postwar_0.0047,0.0047,0.0365,0.1825
prime_age_nonemployment,1.0,dws_low_0.296,1.0,0.5,off_1.0,10,off_0.0000,0.0,0.0145,0.145
prime_age_nonemployment,1.0,dws_low_0.296,1.0,0.5,off_1.0,10,AR_recent_0.0035,0.0035,0.017,0.17
prime_age_nonemployment,1.0,dws_low_0.296,1.0,0.5,off_1.0,10,AR_postwar_0.0047,0.0047,0.018,0.18
prime_age_nonemployment,1.0,dws_low_0.296,1.0,0.5,off_1.0,20,off_0.0000,0.0,0.001,0.02
prime_age_nonemployment,1.0,dws_low_0.296,1.0,0.5,off_1.0,20,AR_recent_0.0035,0.0035,0.0035,0.07
prime_age_nonemployment,1.0,dws_low_0.296,1.0,0.5,off_1.0,20,AR_postwar_0.0047,0.0047,0.0045,0.09
prime_age_nonemployment,1.0,dws_low_0.296,1.0,0.5,on_1.5,2,off_0.0000,0.0,0.068,0.136
prime_age_nonemployment,1.0,dws_low_0.296,1.0,0.5,on_1.5,2,AR_recent_0.0035,0.0035,0.0715,0.143
prime_age_nonemployment,1.0,dws_low_0.296,1.0,0.5,on_1.5,2,AR_postwar_0.0047,0.0047,0.0725,0.145
prime_age_nonemployment,1.0,dws_low_0.296,1.0,0.5,on_1.5,5,off_0.0000,0.0,0.0275,0.1375
prime_age_nonemployment,1.0,dws_low_0.296,1.0,0.5,on_1.5,5,AR_recent_0.0035,0.0035,0.0305,0.1525
prime_age_nonemployment,1.0,dws_low_0.296,1.0,0.5,on_1.5,5,AR_postwar_0.0047,0.0047,0.032,0.16
prime_age_nonemployment,1.0,dws_low_0.296,1.0,0.5,on_1.5,10,off_0.0000,0.0,0.008,0.08
prime_age_nonemployment,1.0,dws_low_0.296,1.0,0.5,on_1.5,10,AR_recent_0.0035,0.0035,0.011,0.11
prime_age_nonemployment,1.0,dws_low_0.296,1.0,0.5,on_1.5,10,AR_postwar_0.0047,0.0047,0.012,0.12
prime_age_nonemployment,1.0,dws_low_0.296,1.0,0.5,on_1.5,20,off_0.0000,0.0,,
prime_age_nonemployment,1.0,dws_low_0.296,1.0,0.5,on_1.5,20,AR_recent_0.0035,0.0035,,
prime_age_nonemployment,1.0,dws_low_0.296,1.0,0.5,on_1.5,20,AR_postwar_0.0047,0.0047,,
prime_age_nonemployment,1.0,dws_low_0.296,1.0,1.0,off_1.0,2,off_0.0000,0.0,0.07,0.14
prime_age_nonemployment,1.0,dws_low_0.296,1.0,1.0,off_1.0,2,AR_recent_0.0035,0.0035,0.0735,0.147
prime_age_nonemployment,1.0,dws_low_0.296,1.0,1.0,off_1.0,2,AR_postwar_0.0047,0.0047,0.0745,0.149
prime_age_nonemployment,1.0,dws_low_0.296,1.0,1.0,off_1.0,5,off_0.0000,0.0,0.0325,0.1625
prime_age_nonemployment,1.0,dws_low_0.296,1.0,1.0,off_1.0,5,AR_recent_0.0035,0.0035,0.0355,0.1775
prime_age_nonemployment,1.0,dws_low_0.296,1.0,1.0,off_1.0,5,AR_postwar_0.0047,0.0047,0.0365,0.1825
prime_age_nonemployment,1.0,dws_low_0.296,1.0,1.0,off_1.0,10,off_0.0000,0.0,0.0145,0.145
prime_age_nonemployment,1.0,dws_low_0.296,1.0,1.0,off_1.0,10,AR_recent_0.0035,0.0035,0.017,0.17
prime_age_nonemployment,1.0,dws_low_0.296,1.0,1.0,off_1.0,10,AR_postwar_0.0047,0.0047,0.018,0.18
prime_age_nonemployment,1.0,dws_low_0.296,1.0,1.0,off_1.0,20,off_0.0000,0.0,0.001,0.02
prime_age_nonemployment,1.0,dws_low_0.296,1.0,1.0,off_1.0,20,AR_recent_0.0035,0.0035,0.0035,0.07
prime_age_nonemployment,1.0,dws_low_0.296,1.0,1.0,off_1.0,20,AR_postwar_0.0047,0.0047,0.0045,0.09
prime_age_nonemployment,1.0,dws_low_0.296,1.0,1.0,on_1.5,2,off_0.0000,0.0,0.068,0.136
prime_age_nonemployment,1.0,dws_low_0.296,1.0,1.0,on_1.5,2,AR_recent_0.0035,0.0035,0.0715,0.143
prime_age_nonemployment,1.0,dws_low_0.296,1.0,1.0,on_1.5,2,AR_postwar_0.0047,0.0047,0.0725,0.145
prime_age_nonemployment,1.0,dws_low_0.296,1.0,1.0,on_1.5,5,off_0.0000,0.0,0.0275,0.1375
prime_age_nonemployment,1.0,dws_low_0.296,1.0,1.0,on_1.5,5,AR_recent_0.0035,0.0035,0.0305,0.1525
prime_age_nonemployment,1.0,dws_low_0.296,1.0,1.0,on_1.5,5,AR_postwar_0.0047,0.0047,0.032,0.16
prime_age_nonemployment,1.0,dws_low_0.296,1.0,1.0,on_1.5,10,off_0.0000,0.0,0.008,0.08
prime_age_nonemployment,1.0,dws_low_0.296,1.0,1.0,on_1.5,10,AR_recent_0.0035,0.0035,0.011,0.11
prime_age_nonemployment,1.0,dws_low_0.296,1.0,1.0,on_1.5,10,AR_postwar_0.0047,0.0047,0.012,0.12
prime_age_nonemployment,1.0,dws_low_0.296,1.0,1.0,on_1.5,20,off_0.0000,0.0,,
prime_age_nonemployment,1.0,dws_low_0.296,1.0,1.0,on_1.5,20,AR_recent_0.0035,0.0035,,
prime_age_nonemployment,1.0,dws_low_0.296,1.0,1.0,on_1.5,20,AR_postwar_0.0047,0.0047,,
prime_age_nonemployment,1.0,dws_low_0.296,1.5,0.0,off_1.0,2,off_0.0000,0.0,0.071,0.142
prime_age_nonemployment,1.0,dws_low_0.296,1.5,0.0,off_1.0,2,AR_recent_0.0035,0.0035,0.0745,0.149
prime_age_nonemployment,1.0,dws_low_0.296,1.5,0.0,off_1.0,2,AR_postwar_0.0047,0.0047,0.0755,0.151
prime_age_nonemployment,1.0,dws_low_0.296,1.5,0.0,off_1.0,5,off_0.0000,0.0,0.0315,0.1575
prime_age_nonemployment,1.0,dws_low_0.296,1.5,0.0,off_1.0,5,AR_recent_0.0035,0.0035,0.035,0.175
prime_age_nonemployment,1.0,dws_low_0.296,1.5,0.0,off_1.0,5,AR_postwar_0.0047,0.0047,0.036,0.18
prime_age_nonemployment,1.0,dws_low_0.296,1.5,0.0,off_1.0,10,off_0.0000,0.0,0.017,0.17
prime_age_nonemployment,1.0,dws_low_0.296,1.5,0.0,off_1.0,10,AR_recent_0.0035,0.0035,0.02,0.2
prime_age_nonemployment,1.0,dws_low_0.296,1.5,0.0,off_1.0,10,AR_postwar_0.0047,0.0047,0.021,0.21
prime_age_nonemployment,1.0,dws_low_0.296,1.5,0.0,off_1.0,20,off_0.0000,0.0,0.006,0.12
prime_age_nonemployment,1.0,dws_low_0.296,1.5,0.0,off_1.0,20,AR_recent_0.0035,0.0035,0.0085,0.17
prime_age_nonemployment,1.0,dws_low_0.296,1.5,0.0,off_1.0,20,AR_postwar_0.0047,0.0047,0.0095,0.19
prime_age_nonemployment,1.0,dws_low_0.296,1.5,0.0,on_1.5,2,off_0.0000,0.0,0.0695,0.139
prime_age_nonemployment,1.0,dws_low_0.296,1.5,0.0,on_1.5,2,AR_recent_0.0035,0.0035,0.073,0.146
prime_age_nonemployment,1.0,dws_low_0.296,1.5,0.0,on_1.5,2,AR_postwar_0.0047,0.0047,0.0745,0.149
prime_age_nonemployment,1.0,dws_low_0.296,1.5,0.0,on_1.5,5,off_0.0000,0.0,0.0285,0.1425
prime_age_nonemployment,1.0,dws_low_0.296,1.5,0.0,on_1.5,5,AR_recent_0.0035,0.0035,0.032,0.16
prime_age_nonemployment,1.0,dws_low_0.296,1.5,0.0,on_1.5,5,AR_postwar_0.0047,0.0047,0.033,0.165
prime_age_nonemployment,1.0,dws_low_0.296,1.5,0.0,on_1.5,10,off_0.0000,0.0,0.013,0.13
prime_age_nonemployment,1.0,dws_low_0.296,1.5,0.0,on_1.5,10,AR_recent_0.0035,0.0035,0.016,0.16
prime_age_nonemployment,1.0,dws_low_0.296,1.5,0.0,on_1.5,10,AR_postwar_0.0047,0.0047,0.017,0.17
prime_age_nonemployment,1.0,dws_low_0.296,1.5,0.0,on_1.5,20,off_0.0000,0.0,0.001,0.02
prime_age_nonemployment,1.0,dws_low_0.296,1.5,0.0,on_1.5,20,AR_recent_0.0035,0.0035,0.004,0.08
prime_age_nonemployment,1.0,dws_low_0.296,1.5,0.0,on_1.5,20,AR_postwar_0.0047,0.0047,0.005,0.1
prime_age_nonemployment,1.0,dws_low_0.296,1.5,0.5,off_1.0,2,off_0.0000,0.0,0.071,0.142
prime_age_nonemployment,1.0,dws_low_0.296,1.5,0.5,off_1.0,2,AR_recent_0.0035,0.0035,0.0745,0.149
prime_age_nonemployment,1.0,dws_low_0.296,1.5,0.5,off_1.0,2,AR_postwar_0.0047,0.0047,0.0755,0.151
prime_age_nonemployment,1.0,dws_low_0.296,1.5,0.5,off_1.0,5,off_0.0000,0.0,0.0315,0.1575
prime_age_nonemployment,1.0,dws_low_0.296,1.5,0.5,off_1.0,5,AR_recent_0.0035,0.0035,0.035,0.175
prime_age_nonemployment,1.0,dws_low_0.296,1.5,0.5,off_1.0,5,AR_postwar_0.0047,0.0047,0.036,0.18
prime_age_nonemployment,1.0,dws_low_0.296,1.5,0.5,off_1.0,10,off_0.0000,0.0,0.017,0.17
prime_age_nonemployment,1.0,dws_low_0.296,1.5,0.5,off_1.0,10,AR_recent_0.0035,0.0035,0.02,0.2
prime_age_nonemployment,1.0,dws_low_0.296,1.5,0.5,off_1.0,10,AR_postwar_0.0047,0.0047,0.021,0.21
prime_age_nonemployment,1.0,dws_low_0.296,1.5,0.5,off_1.0,20,off_0.0000,0.0,0.006,0.12
prime_age_nonemployment,1.0,dws_low_0.296,1.5,0.5,off_1.0,20,AR_recent_0.0035,0.0035,0.0085,0.17
prime_age_nonemployment,1.0,dws_low_0.296,1.5,0.5,off_1.0,20,AR_postwar_0.0047,0.0047,0.0095,0.19
prime_age_nonemployment,1.0,dws_low_0.296,1.5,0.5,on_1.5,2,off_0.0000,0.0,0.0695,0.139
prime_age_nonemployment,1.0,dws_low_0.296,1.5,0.5,on_1.5,2,AR_recent_0.0035,0.0035,0.073,0.146
prime_age_nonemployment,1.0,dws_low_0.296,1.5,0.5,on_1.5,2,AR_postwar_0.0047,0.0047,0.0745,0.149
prime_age_nonemployment,1.0,dws_low_0.296,1.5,0.5,on_1.5,5,off_0.0000,0.0,0.0285,0.1425
prime_age_nonemployment,1.0,dws_low_0.296,1.5,0.5,on_1.5,5,AR_recent_0.0035,0.0035,0.032,0.16
prime_age_nonemployment,1.0,dws_low_0.296,1.5,0.5,on_1.5,5,AR_postwar_0.0047,0.0047,0.033,0.165
prime_age_nonemployment,1.0,dws_low_0.296,1.5,0.5,on_1.5,10,off_0.0000,0.0,0.013,0.13
prime_age_nonemployment,1.0,dws_low_0.296,1.5,0.5,on_1.5,10,AR_recent_0.0035,0.0035,0.016,0.16
prime_age_nonemployment,1.0,dws_low_0.296,1.5,0.5,on_1.5,10,AR_postwar_0.0047,0.0047,0.017,0.17
prime_age_nonemployment,1.0,dws_low_0.296,1.5,0.5,on_1.5,20,off_0.0000,0.0,0.001,0.02
prime_age_nonemployment,1.0,dws_low_0.296,1.5,0.5,on_1.5,20,AR_recent_0.0035,0.0035,0.004,0.08
prime_age_nonemployment,1.0,dws_low_0.296,1.5,0.5,on_1.5,20,AR_postwar_0.0047,0.0047,0.005,0.1
prime_age_nonemployment,1.0,dws_low_0.296,1.5,1.0,off_1.0,2,off_0.0000,0.0,0.071,0.142
prime_age_nonemployment,1.0,dws_low_0.296,1.5,1.0,off_1.0,2,AR_recent_0.0035,0.0035,0.0745,0.149
prime_age_nonemployment,1.0,dws_low_0.296,1.5,1.0,off_1.0,2,AR_postwar_0.0047,0.0047,0.0755,0.151
prime_age_nonemployment,1.0,dws_low_0.296,1.5,1.0,off_1.0,5,off_0.0000,0.0,0.0315,0.1575
prime_age_nonemployment,1.0,dws_low_0.296,1.5,1.0,off_1.0,5,AR_recent_0.0035,0.0035,0.035,0.175
prime_age_nonemployment,1.0,dws_low_0.296,1.5,1.0,off_1.0,5,AR_postwar_0.0047,0.0047,0.036,0.18
prime_age_nonemployment,1.0,dws_low_0.296,1.5,1.0,off_1.0,10,off_0.0000,0.0,0.017,0.17
prime_age_nonemployment,1.0,dws_low_0.296,1.5,1.0,off_1.0,10,AR_recent_0.0035,0.0035,0.02,0.2
prime_age_nonemployment,1.0,dws_low_0.296,1.5,1.0,off_1.0,10,AR_postwar_0.0047,0.0047,0.021,0.21
prime_age_nonemployment,1.0,dws_low_0.296,1.5,1.0,off_1.0,20,off_0.0000,0.0,0.006,0.12
prime_age_nonemployment,1.0,dws_low_0.296,1.5,1.0,off_1.0,20,AR_recent_0.0035,0.0035,0.0085,0.17
prime_age_nonemployment,1.0,dws_low_0.296,1.5,1.0,off_1.0,20,AR_postwar_0.0047,0.0047,0.0095,0.19
prime_age_nonemployment,1.0,dws_low_0.296,1.5,1.0,on_1.5,2,off_0.0000,0.0,0.0695,0.139
prime_age_nonemployment,1.0,dws_low_0.296,1.5,1.0,on_1.5,2,AR_recent_0.0035,0.0035,0.073,0.146
prime_age_nonemployment,1.0,dws_low_0.296,1.5,1.0,on_1.5,2,AR_postwar_0.0047,0.0047,0.0745,0.149
prime_age_nonemployment,1.0,dws_low_0.296,1.5,1.0,on_1.5,5,off_0.0000,0.0,0.0285,0.1425
prime_age_nonemployment,1.0,dws_low_0.296,1.5,1.0,on_1.5,5,AR_recent_0.0035,0.0035,0.032,0.16
prime_age_nonemployment,1.0,dws_low_0.296,1.5,1.0,on_1.5,5,AR_postwar_0.0047,0.0047,0.033,0.165
prime_age_nonemployment,1.0,dws_low_0.296,1.5,1.0,on_1.5,10,off_0.0000,0.0,0.013,0.13
prime_age_nonemployment,1.0,dws_low_0.296,1.5,1.0,on_1.5,10,AR_recent_0.0035,0.0035,0.016,0.16
prime_age_nonemployment,1.0,dws_low_0.296,1.5,1.0,on_1.5,10,AR_postwar_0.0047,0.0047,0.017,0.17
prime_age_nonemployment,1.0,dws_low_0.296,1.5,1.0,on_1.5,20,off_0.0000,0.0,0.001,0.02
prime_age_nonemployment,1.0,dws_low_0.296,1.5,1.0,on_1.5,20,AR_recent_0.0035,0.0035,0.004,0.08
prime_age_nonemployment,1.0,dws_low_0.296,1.5,1.0,on_1.5,20,AR_postwar_0.0047,0.0047,0.005,0.1
prime_age_nonemployment,1.0,dws_low_0.296,2.0,0.0,off_1.0,2,off_0.0000,0.0,0.0715,0.143
prime_age_nonemployment,1.0,dws_low_0.296,2.0,0.0,off_1.0,2,AR_recent_0.0035,0.0035,0.075,0.15
prime_age_nonemployment,1.0,dws_low_0.296,2.0,0.0,off_1.0,2,AR_postwar_0.0047,0.0047,0.0765,0.153
prime_age_nonemployment,1.0,dws_low_0.296,2.0,0.0,off_1.0,5,off_0.0000,0.0,0.0305,0.1525
prime_age_nonemployment,1.0,dws_low_0.296,2.0,0.0,off_1.0,5,AR_recent_0.0035,0.0035,0.0335,0.1675
prime_age_nonemployment,1.0,dws_low_0.296,2.0,0.0,off_1.0,5,AR_postwar_0.0047,0.0047,0.035,0.175
prime_age_nonemployment,1.0,dws_low_0.296,2.0,0.0,off_1.0,10,off_0.0000,0.0,0.018,0.18
prime_age_nonemployment,1.0,dws_low_0.296,2.0,0.0,off_1.0,10,AR_recent_0.0035,0.0035,0.021,0.21
prime_age_nonemployment,1.0,dws_low_0.296,2.0,0.0,off_1.0,10,AR_postwar_0.0047,0.0047,0.022,0.22
prime_age_nonemployment,1.0,dws_low_0.296,2.0,0.0,off_1.0,20,off_0.0000,0.0,0.0085,0.17
prime_age_nonemployment,1.0,dws_low_0.296,2.0,0.0,off_1.0,20,AR_recent_0.0035,0.0035,0.011,0.22
prime_age_nonemployment,1.0,dws_low_0.296,2.0,0.0,off_1.0,20,AR_postwar_0.0047,0.0047,0.012,0.24
prime_age_nonemployment,1.0,dws_low_0.296,2.0,0.0,on_1.5,2,off_0.0000,0.0,0.0705,0.141
prime_age_nonemployment,1.0,dws_low_0.296,2.0,0.0,on_1.5,2,AR_recent_0.0035,0.0035,0.074,0.148
prime_age_nonemployment,1.0,dws_low_0.296,2.0,0.0,on_1.5,2,AR_postwar_0.0047,0.0047,0.0755,0.151
prime_age_nonemployment,1.0,dws_low_0.296,2.0,0.0,on_1.5,5,off_0.0000,0.0,0.0285,0.1425
prime_age_nonemployment,1.0,dws_low_0.296,2.0,0.0,on_1.5,5,AR_recent_0.0035,0.0035,0.032,0.16
prime_age_nonemployment,1.0,dws_low_0.296,2.0,0.0,on_1.5,5,AR_postwar_0.0047,0.0047,0.033,0.165
prime_age_nonemployment,1.0,dws_low_0.296,2.0,0.0,on_1.5,10,off_0.0000,0.0,0.015,0.15
prime_age_nonemployment,1.0,dws_low_0.296,2.0,0.0,on_1.5,10,AR_recent_0.0035,0.0035,0.018,0.18
prime_age_nonemployment,1.0,dws_low_0.296,2.0,0.0,on_1.5,10,AR_postwar_0.0047,0.0047,0.019,0.19
prime_age_nonemployment,1.0,dws_low_0.296,2.0,0.0,on_1.5,20,off_0.0000,0.0,0.0045,0.09
prime_age_nonemployment,1.0,dws_low_0.296,2.0,0.0,on_1.5,20,AR_recent_0.0035,0.0035,0.0075,0.15
prime_age_nonemployment,1.0,dws_low_0.296,2.0,0.0,on_1.5,20,AR_postwar_0.0047,0.0047,0.0085,0.17
prime_age_nonemployment,1.0,dws_low_0.296,2.0,0.5,off_1.0,2,off_0.0000,0.0,0.0715,0.143
prime_age_nonemployment,1.0,dws_low_0.296,2.0,0.5,off_1.0,2,AR_recent_0.0035,0.0035,0.075,0.15
prime_age_nonemployment,1.0,dws_low_0.296,2.0,0.5,off_1.0,2,AR_postwar_0.0047,0.0047,0.0765,0.153
prime_age_nonemployment,1.0,dws_low_0.296,2.0,0.5,off_1.0,5,off_0.0000,0.0,0.0305,0.1525
prime_age_nonemployment,1.0,dws_low_0.296,2.0,0.5,off_1.0,5,AR_recent_0.0035,0.0035,0.0335,0.1675
prime_age_nonemployment,1.0,dws_low_0.296,2.0,0.5,off_1.0,5,AR_postwar_0.0047,0.0047,0.035,0.175
prime_age_nonemployment,1.0,dws_low_0.296,2.0,0.5,off_1.0,10,off_0.0000,0.0,0.018,0.18
prime_age_nonemployment,1.0,dws_low_0.296,2.0,0.5,off_1.0,10,AR_recent_0.0035,0.0035,0.021,0.21
prime_age_nonemployment,1.0,dws_low_0.296,2.0,0.5,off_1.0,10,AR_postwar_0.0047,0.0047,0.022,0.22
prime_age_nonemployment,1.0,dws_low_0.296,2.0,0.5,off_1.0,20,off_0.0000,0.0,0.0085,0.17
prime_age_nonemployment,1.0,dws_low_0.296,2.0,0.5,off_1.0,20,AR_recent_0.0035,0.0035,0.011,0.22
prime_age_nonemployment,1.0,dws_low_0.296,2.0,0.5,off_1.0,20,AR_postwar_0.0047,0.0047,0.012,0.24
prime_age_nonemployment,1.0,dws_low_0.296,2.0,0.5,on_1.5,2,off_0.0000,0.0,0.0705,0.141
prime_age_nonemployment,1.0,dws_low_0.296,2.0,0.5,on_1.5,2,AR_recent_0.0035,0.0035,0.074,0.148
prime_age_nonemployment,1.0,dws_low_0.296,2.0,0.5,on_1.5,2,AR_postwar_0.0047,0.0047,0.0755,0.151
prime_age_nonemployment,1.0,dws_low_0.296,2.0,0.5,on_1.5,5,off_0.0000,0.0,0.0285,0.1425
prime_age_nonemployment,1.0,dws_low_0.296,2.0,0.5,on_1.5,5,AR_recent_0.0035,0.0035,0.032,0.16
prime_age_nonemployment,1.0,dws_low_0.296,2.0,0.5,on_1.5,5,AR_postwar_0.0047,0.0047,0.033,0.165
prime_age_nonemployment,1.0,dws_low_0.296,2.0,0.5,on_1.5,10,off_0.0000,0.0,0.015,0.15
prime_age_nonemployment,1.0,dws_low_0.296,2.0,0.5,on_1.5,10,AR_recent_0.0035,0.0035,0.018,0.18
prime_age_nonemployment,1.0,dws_low_0.296,2.0,0.5,on_1.5,10,AR_postwar_0.0047,0.0047,0.019,0.19
prime_age_nonemployment,1.0,dws_low_0.296,2.0,0.5,on_1.5,20,off_0.0000,0.0,0.0045,0.09
prime_age_nonemployment,1.0,dws_low_0.296,2.0,0.5,on_1.5,20,AR_recent_0.0035,0.0035,0.0075,0.15
prime_age_nonemployment,1.0,dws_low_0.296,2.0,0.5,on_1.5,20,AR_postwar_0.0047,0.0047,0.0085,0.17
prime_age_nonemployment,1.0,dws_low_0.296,2.0,1.0,off_1.0,2,off_0.0000,0.0,0.0715,0.143
prime_age_nonemployment,1.0,dws_low_0.296,2.0,1.0,off_1.0,2,AR_recent_0.0035,0.0035,0.075,0.15
prime_age_nonemployment,1.0,dws_low_0.296,2.0,1.0,off_1.0,2,AR_postwar_0.0047,0.0047,0.0765,0.153
prime_age_nonemployment,1.0,dws_low_0.296,2.0,1.0,off_1.0,5,off_0.0000,0.0,0.0305,0.1525
prime_age_nonemployment,1.0,dws_low_0.296,2.0,1.0,off_1.0,5,AR_recent_0.0035,0.0035,0.0335,0.1675
prime_age_nonemployment,1.0,dws_low_0.296,2.0,1.0,off_1.0,5,AR_postwar_0.0047,0.0047,0.035,0.175
prime_age_nonemployment,1.0,dws_low_0.296,2.0,1.0,off_1.0,10,off_0.0000,0.0,0.018,0.18
prime_age_nonemployment,1.0,dws_low_0.296,2.0,1.0,off_1.0,10,AR_recent_0.0035,0.0035,0.021,0.21
prime_age_nonemployment,1.0,dws_low_0.296,2.0,1.0,off_1.0,10,AR_postwar_0.0047,0.0047,0.022,0.22
prime_age_nonemployment,1.0,dws_low_0.296,2.0,1.0,off_1.0,20,off_0.0000,0.0,0.0085,0.17
prime_age_nonemployment,1.0,dws_low_0.296,2.0,1.0,off_1.0,20,AR_recent_0.0035,0.0035,0.011,0.22
prime_age_nonemployment,1.0,dws_low_0.296,2.0,1.0,off_1.0,20,AR_postwar_0.0047,0.0047,0.012,0.24
prime_age_nonemployment,1.0,dws_low_0.296,2.0,1.0,on_1.5,2,off_0.0000,0.0,0.0705,0.141
prime_age_nonemployment,1.0,dws_low_0.296,2.0,1.0,on_1.5,2,AR_recent_0.0035,0.0035,0.074,0.148
prime_age_nonemployment,1.0,dws_low_0.296,2.0,1.0,on_1.5,2,AR_postwar_0.0047,0.0047,0.0755,0.151
prime_age_nonemployment,1.0,dws_low_0.296,2.0,1.0,on_1.5,5,off_0.0000,0.0,0.0285,0.1425
prime_age_nonemployment,1.0,dws_low_0.296,2.0,1.0,on_1.5,5,AR_recent_0.0035,0.0035,0.032,0.16
prime_age_nonemployment,1.0,dws_low_0.296,2.0,1.0,on_1.5,5,AR_postwar_0.0047,0.0047,0.033,0.165
prime_age_nonemployment,1.0,dws_low_0.296,2.0,1.0,on_1.5,10,off_0.0000,0.0,0.015,0.15
prime_age_nonemployment,1.0,dws_low_0.296,2.0,1.0,on_1.5,10,AR_recent_0.0035,0.0035,0.018,0.18
prime_age_nonemployment,1.0,dws_low_0.296,2.0,1.0,on_1.5,10,AR_postwar_0.0047,0.0047,0.019,0.19
prime_age_nonemployment,1.0,dws_low_0.296,2.0,1.0,on_1.5,20,off_0.0000,0.0,0.0045,0.09
prime_age_nonemployment,1.0,dws_low_0.296,2.0,1.0,on_1.5,20,AR_recent_0.0035,0.0035,0.0075,0.15
prime_age_nonemployment,1.0,dws_low_0.296,2.0,1.0,on_1.5,20,AR_postwar_0.0047,0.0047,0.0085,0.17
prime_age_nonemployment,1.0,dws_high_0.643,1.0,0.0,off_1.0,2,off_0.0000,0.0,0.0655,0.131
prime_age_nonemployment,1.0,dws_high_0.643,1.0,0.0,off_1.0,2,AR_recent_0.0035,0.0035,0.069,0.138
prime_age_nonemployment,1.0,dws_high_0.643,1.0,0.0,off_1.0,2,AR_postwar_0.0047,0.0047,0.07,0.14
prime_age_nonemployment,1.0,dws_high_0.643,1.0,0.0,off_1.0,5,off_0.0000,0.0,0.024,0.12
prime_age_nonemployment,1.0,dws_high_0.643,1.0,0.0,off_1.0,5,AR_recent_0.0035,0.0035,0.027,0.135
prime_age_nonemployment,1.0,dws_high_0.643,1.0,0.0,off_1.0,5,AR_postwar_0.0047,0.0047,0.028,0.14
prime_age_nonemployment,1.0,dws_high_0.643,1.0,0.0,off_1.0,10,off_0.0000,0.0,0.001,0.01
prime_age_nonemployment,1.0,dws_high_0.643,1.0,0.0,off_1.0,10,AR_recent_0.0035,0.0035,0.004,0.04
prime_age_nonemployment,1.0,dws_high_0.643,1.0,0.0,off_1.0,10,AR_postwar_0.0047,0.0047,0.005,0.05
prime_age_nonemployment,1.0,dws_high_0.643,1.0,0.0,off_1.0,20,off_0.0000,0.0,,
prime_age_nonemployment,1.0,dws_high_0.643,1.0,0.0,off_1.0,20,AR_recent_0.0035,0.0035,,
prime_age_nonemployment,1.0,dws_high_0.643,1.0,0.0,off_1.0,20,AR_postwar_0.0047,0.0047,,
prime_age_nonemployment,1.0,dws_high_0.643,1.0,0.0,on_1.5,2,off_0.0000,0.0,0.0615,0.123
prime_age_nonemployment,1.0,dws_high_0.643,1.0,0.0,on_1.5,2,AR_recent_0.0035,0.0035,0.065,0.13
prime_age_nonemployment,1.0,dws_high_0.643,1.0,0.0,on_1.5,2,AR_postwar_0.0047,0.0047,0.066,0.132
prime_age_nonemployment,1.0,dws_high_0.643,1.0,0.0,on_1.5,5,off_0.0000,0.0,0.014,0.07
prime_age_nonemployment,1.0,dws_high_0.643,1.0,0.0,on_1.5,5,AR_recent_0.0035,0.0035,0.0175,0.0875
prime_age_nonemployment,1.0,dws_high_0.643,1.0,0.0,on_1.5,5,AR_postwar_0.0047,0.0047,0.0185,0.0925
prime_age_nonemployment,1.0,dws_high_0.643,1.0,0.0,on_1.5,10,off_0.0000,0.0,,
prime_age_nonemployment,1.0,dws_high_0.643,1.0,0.0,on_1.5,10,AR_recent_0.0035,0.0035,,
prime_age_nonemployment,1.0,dws_high_0.643,1.0,0.0,on_1.5,10,AR_postwar_0.0047,0.0047,,
prime_age_nonemployment,1.0,dws_high_0.643,1.0,0.0,on_1.5,20,off_0.0000,0.0,,
prime_age_nonemployment,1.0,dws_high_0.643,1.0,0.0,on_1.5,20,AR_recent_0.0035,0.0035,,
prime_age_nonemployment,1.0,dws_high_0.643,1.0,0.0,on_1.5,20,AR_postwar_0.0047,0.0047,,
prime_age_nonemployment,1.0,dws_high_0.643,1.0,0.5,off_1.0,2,off_0.0000,0.0,0.0655,0.131
prime_age_nonemployment,1.0,dws_high_0.643,1.0,0.5,off_1.0,2,AR_recent_0.0035,0.0035,0.069,0.138
prime_age_nonemployment,1.0,dws_high_0.643,1.0,0.5,off_1.0,2,AR_postwar_0.0047,0.0047,0.07,0.14
prime_age_nonemployment,1.0,dws_high_0.643,1.0,0.5,off_1.0,5,off_0.0000,0.0,0.024,0.12
prime_age_nonemployment,1.0,dws_high_0.643,1.0,0.5,off_1.0,5,AR_recent_0.0035,0.0035,0.027,0.135
prime_age_nonemployment,1.0,dws_high_0.643,1.0,0.5,off_1.0,5,AR_postwar_0.0047,0.0047,0.028,0.14
prime_age_nonemployment,1.0,dws_high_0.643,1.0,0.5,off_1.0,10,off_0.0000,0.0,0.001,0.01
prime_age_nonemployment,1.0,dws_high_0.643,1.0,0.5,off_1.0,10,AR_recent_0.0035,0.0035,0.004,0.04
prime_age_nonemployment,1.0,dws_high_0.643,1.0,0.5,off_1.0,10,AR_postwar_0.0047,0.0047,0.005,0.05
prime_age_nonemployment,1.0,dws_high_0.643,1.0,0.5,off_1.0,20,off_0.0000,0.0,,
prime_age_nonemployment,1.0,dws_high_0.643,1.0,0.5,off_1.0,20,AR_recent_0.0035,0.0035,,
prime_age_nonemployment,1.0,dws_high_0.643,1.0,0.5,off_1.0,20,AR_postwar_0.0047,0.0047,,
prime_age_nonemployment,1.0,dws_high_0.643,1.0,0.5,on_1.5,2,off_0.0000,0.0,0.0615,0.123
prime_age_nonemployment,1.0,dws_high_0.643,1.0,0.5,on_1.5,2,AR_recent_0.0035,0.0035,0.065,0.13
prime_age_nonemployment,1.0,dws_high_0.643,1.0,0.5,on_1.5,2,AR_postwar_0.0047,0.0047,0.066,0.132
prime_age_nonemployment,1.0,dws_high_0.643,1.0,0.5,on_1.5,5,off_0.0000,0.0,0.014,0.07
prime_age_nonemployment,1.0,dws_high_0.643,1.0,0.5,on_1.5,5,AR_recent_0.0035,0.0035,0.0175,0.0875
prime_age_nonemployment,1.0,dws_high_0.643,1.0,0.5,on_1.5,5,AR_postwar_0.0047,0.0047,0.0185,0.0925
prime_age_nonemployment,1.0,dws_high_0.643,1.0,0.5,on_1.5,10,off_0.0000,0.0,,
prime_age_nonemployment,1.0,dws_high_0.643,1.0,0.5,on_1.5,10,AR_recent_0.0035,0.0035,,
prime_age_nonemployment,1.0,dws_high_0.643,1.0,0.5,on_1.5,10,AR_postwar_0.0047,0.0047,,
prime_age_nonemployment,1.0,dws_high_0.643,1.0,0.5,on_1.5,20,off_0.0000,0.0,,
prime_age_nonemployment,1.0,dws_high_0.643,1.0,0.5,on_1.5,20,AR_recent_0.0035,0.0035,,
prime_age_nonemployment,1.0,dws_high_0.643,1.0,0.5,on_1.5,20,AR_postwar_0.0047,0.0047,,
prime_age_nonemployment,1.0,dws_high_0.643,1.0,1.0,off_1.0,2,off_0.0000,0.0,0.0655,0.131
prime_age_nonemployment,1.0,dws_high_0.643,1.0,1.0,off_1.0,2,AR_recent_0.0035,0.0035,0.069,0.138
prime_age_nonemployment,1.0,dws_high_0.643,1.0,1.0,off_1.0,2,AR_postwar_0.0047,0.0047,0.07,0.14
prime_age_nonemployment,1.0,dws_high_0.643,1.0,1.0,off_1.0,5,off_0.0000,0.0,0.024,0.12
prime_age_nonemployment,1.0,dws_high_0.643,1.0,1.0,off_1.0,5,AR_recent_0.0035,0.0035,0.027,0.135
prime_age_nonemployment,1.0,dws_high_0.643,1.0,1.0,off_1.0,5,AR_postwar_0.0047,0.0047,0.028,0.14
prime_age_nonemployment,1.0,dws_high_0.643,1.0,1.0,off_1.0,10,off_0.0000,0.0,0.001,0.01
prime_age_nonemployment,1.0,dws_high_0.643,1.0,1.0,off_1.0,10,AR_recent_0.0035,0.0035,0.004,0.04
prime_age_nonemployment,1.0,dws_high_0.643,1.0,1.0,off_1.0,10,AR_postwar_0.0047,0.0047,0.005,0.05
prime_age_nonemployment,1.0,dws_high_0.643,1.0,1.0,off_1.0,20,off_0.0000,0.0,,
prime_age_nonemployment,1.0,dws_high_0.643,1.0,1.0,off_1.0,20,AR_recent_0.0035,0.0035,,
prime_age_nonemployment,1.0,dws_high_0.643,1.0,1.0,off_1.0,20,AR_postwar_0.0047,0.0047,,
prime_age_nonemployment,1.0,dws_high_0.643,1.0,1.0,on_1.5,2,off_0.0000,0.0,0.0615,0.123
prime_age_nonemployment,1.0,dws_high_0.643,1.0,1.0,on_1.5,2,AR_recent_0.0035,0.0035,0.065,0.13
prime_age_nonemployment,1.0,dws_high_0.643,1.0,1.0,on_1.5,2,AR_postwar_0.0047,0.0047,0.066,0.132
prime_age_nonemployment,1.0,dws_high_0.643,1.0,1.0,on_1.5,5,off_0.0000,0.0,0.014,0.07
prime_age_nonemployment,1.0,dws_high_0.643,1.0,1.0,on_1.5,5,AR_recent_0.0035,0.0035,0.0175,0.0875
prime_age_nonemployment,1.0,dws_high_0.643,1.0,1.0,on_1.5,5,AR_postwar_0.0047,0.0047,0.0185,0.0925
prime_age_nonemployment,1.0,dws_high_0.643,1.0,1.0,on_1.5,10,off_0.0000,0.0,,
prime_age_nonemployment,1.0,dws_high_0.643,1.0,1.0,on_1.5,10,AR_recent_0.0035,0.0035,,
prime_age_nonemployment,1.0,dws_high_0.643,1.0,1.0,on_1.5,10,AR_postwar_0.0047,0.0047,,
prime_age_nonemployment,1.0,dws_high_0.643,1.0,1.0,on_1.5,20,off_0.0000,0.0,,
prime_age_nonemployment,1.0,dws_high_0.643,1.0,1.0,on_1.5,20,AR_recent_0.0035,0.0035,,
prime_age_nonemployment,1.0,dws_high_0.643,1.0,1.0,on_1.5,20,AR_postwar_0.0047,0.0047,,
prime_age_nonemployment,1.0,dws_high_0.643,1.5,0.0,off_1.0,2,off_0.0000,0.0,0.068,0.136
prime_age_nonemployment,1.0,dws_high_0.643,1.5,0.0,off_1.0,2,AR_recent_0.0035,0.0035,0.0715,0.143
prime_age_nonemployment,1.0,dws_high_0.643,1.5,0.0,off_1.0,2,AR_postwar_0.0047,0.0047,0.0725,0.145
prime_age_nonemployment,1.0,dws_high_0.643,1.5,0.0,off_1.0,5,off_0.0000,0.0,0.0275,0.1375
prime_age_nonemployment,1.0,dws_high_0.643,1.5,0.0,off_1.0,5,AR_recent_0.0035,0.0035,0.031,0.155
prime_age_nonemployment,1.0,dws_high_0.643,1.5,0.0,off_1.0,5,AR_postwar_0.0047,0.0047,0.032,0.16
prime_age_nonemployment,1.0,dws_high_0.643,1.5,0.0,off_1.0,10,off_0.0000,0.0,0.008,0.08
prime_age_nonemployment,1.0,dws_high_0.643,1.5,0.0,off_1.0,10,AR_recent_0.0035,0.0035,0.011,0.11
prime_age_nonemployment,1.0,dws_high_0.643,1.5,0.0,off_1.0,10,AR_postwar_0.0047,0.0047,0.0125,0.125
prime_age_nonemployment,1.0,dws_high_0.643,1.5,0.0,off_1.0,20,off_0.0000,0.0,,
prime_age_nonemployment,1.0,dws_high_0.643,1.5,0.0,off_1.0,20,AR_recent_0.0035,0.0035,,
prime_age_nonemployment,1.0,dws_high_0.643,1.5,0.0,off_1.0,20,AR_postwar_0.0047,0.0047,,
prime_age_nonemployment,1.0,dws_high_0.643,1.5,0.0,on_1.5,2,off_0.0000,0.0,0.065,0.13
prime_age_nonemployment,1.0,dws_high_0.643,1.5,0.0,on_1.5,2,AR_recent_0.0035,0.0035,0.0685,0.137
prime_age_nonemployment,1.0,dws_high_0.643,1.5,0.0,on_1.5,2,AR_postwar_0.0047,0.0047,0.07,0.14
prime_age_nonemployment,1.0,dws_high_0.643,1.5,0.0,on_1.5,5,off_0.0000,0.0,0.021,0.105
prime_age_nonemployment,1.0,dws_high_0.643,1.5,0.0,on_1.5,5,AR_recent_0.0035,0.0035,0.0245,0.1225
prime_age_nonemployment,1.0,dws_high_0.643,1.5,0.0,on_1.5,5,AR_postwar_0.0047,0.0047,0.0255,0.1275
prime_age_nonemployment,1.0,dws_high_0.643,1.5,0.0,on_1.5,10,off_0.0000,0.0,0.0005,0.005
prime_age_nonemployment,1.0,dws_high_0.643,1.5,0.0,on_1.5,10,AR_recent_0.0035,0.0035,0.0035,0.035
prime_age_nonemployment,1.0,dws_high_0.643,1.5,0.0,on_1.5,10,AR_postwar_0.0047,0.0047,0.0045,0.045
prime_age_nonemployment,1.0,dws_high_0.643,1.5,0.0,on_1.5,20,off_0.0000,0.0,,
prime_age_nonemployment,1.0,dws_high_0.643,1.5,0.0,on_1.5,20,AR_recent_0.0035,0.0035,,
prime_age_nonemployment,1.0,dws_high_0.643,1.5,0.0,on_1.5,20,AR_postwar_0.0047,0.0047,,
prime_age_nonemployment,1.0,dws_high_0.643,1.5,0.5,off_1.0,2,off_0.0000,0.0,0.068,0.136
prime_age_nonemployment,1.0,dws_high_0.643,1.5,0.5,off_1.0,2,AR_recent_0.0035,0.0035,0.0715,0.143
prime_age_nonemployment,1.0,dws_high_0.643,1.5,0.5,off_1.0,2,AR_postwar_0.0047,0.0047,0.0725,0.145
prime_age_nonemployment,1.0,dws_high_0.643,1.5,0.5,off_1.0,5,off_0.0000,0.0,0.0275,0.1375
prime_age_nonemployment,1.0,dws_high_0.643,1.5,0.5,off_1.0,5,AR_recent_0.0035,0.0035,0.031,0.155
prime_age_nonemployment,1.0,dws_high_0.643,1.5,0.5,off_1.0,5,AR_postwar_0.0047,0.0047,0.032,0.16
prime_age_nonemployment,1.0,dws_high_0.643,1.5,0.5,off_1.0,10,off_0.0000,0.0,0.008,0.08
prime_age_nonemployment,1.0,dws_high_0.643,1.5,0.5,off_1.0,10,AR_recent_0.0035,0.0035,0.011,0.11
prime_age_nonemployment,1.0,dws_high_0.643,1.5,0.5,off_1.0,10,AR_postwar_0.0047,0.0047,0.0125,0.125
prime_age_nonemployment,1.0,dws_high_0.643,1.5,0.5,off_1.0,20,off_0.0000,0.0,,
prime_age_nonemployment,1.0,dws_high_0.643,1.5,0.5,off_1.0,20,AR_recent_0.0035,0.0035,,
prime_age_nonemployment,1.0,dws_high_0.643,1.5,0.5,off_1.0,20,AR_postwar_0.0047,0.0047,,
prime_age_nonemployment,1.0,dws_high_0.643,1.5,0.5,on_1.5,2,off_0.0000,0.0,0.065,0.13
prime_age_nonemployment,1.0,dws_high_0.643,1.5,0.5,on_1.5,2,AR_recent_0.0035,0.0035,0.0685,0.137
prime_age_nonemployment,1.0,dws_high_0.643,1.5,0.5,on_1.5,2,AR_postwar_0.0047,0.0047,0.07,0.14
prime_age_nonemployment,1.0,dws_high_0.643,1.5,0.5,on_1.5,5,off_0.0000,0.0,0.021,0.105
prime_age_nonemployment,1.0,dws_high_0.643,1.5,0.5,on_1.5,5,AR_recent_0.0035,0.0035,0.0245,0.1225
prime_age_nonemployment,1.0,dws_high_0.643,1.5,0.5,on_1.5,5,AR_postwar_0.0047,0.0047,0.0255,0.1275
prime_age_nonemployment,1.0,dws_high_0.643,1.5,0.5,on_1.5,10,off_0.0000,0.0,0.0005,0.005
prime_age_nonemployment,1.0,dws_high_0.643,1.5,0.5,on_1.5,10,AR_recent_0.0035,0.0035,0.0035,0.035
prime_age_nonemployment,1.0,dws_high_0.643,1.5,0.5,on_1.5,10,AR_postwar_0.0047,0.0047,0.0045,0.045
prime_age_nonemployment,1.0,dws_high_0.643,1.5,0.5,on_1.5,20,off_0.0000,0.0,,
prime_age_nonemployment,1.0,dws_high_0.643,1.5,0.5,on_1.5,20,AR_recent_0.0035,0.0035,,
prime_age_nonemployment,1.0,dws_high_0.643,1.5,0.5,on_1.5,20,AR_postwar_0.0047,0.0047,,
prime_age_nonemployment,1.0,dws_high_0.643,1.5,1.0,off_1.0,2,off_0.0000,0.0,0.068,0.136
prime_age_nonemployment,1.0,dws_high_0.643,1.5,1.0,off_1.0,2,AR_recent_0.0035,0.0035,0.0715,0.143
prime_age_nonemployment,1.0,dws_high_0.643,1.5,1.0,off_1.0,2,AR_postwar_0.0047,0.0047,0.0725,0.145
prime_age_nonemployment,1.0,dws_high_0.643,1.5,1.0,off_1.0,5,off_0.0000,0.0,0.0275,0.1375
prime_age_nonemployment,1.0,dws_high_0.643,1.5,1.0,off_1.0,5,AR_recent_0.0035,0.0035,0.031,0.155
prime_age_nonemployment,1.0,dws_high_0.643,1.5,1.0,off_1.0,5,AR_postwar_0.0047,0.0047,0.032,0.16
prime_age_nonemployment,1.0,dws_high_0.643,1.5,1.0,off_1.0,10,off_0.0000,0.0,0.008,0.08
prime_age_nonemployment,1.0,dws_high_0.643,1.5,1.0,off_1.0,10,AR_recent_0.0035,0.0035,0.011,0.11
prime_age_nonemployment,1.0,dws_high_0.643,1.5,1.0,off_1.0,10,AR_postwar_0.0047,0.0047,0.0125,0.125
prime_age_nonemployment,1.0,dws_high_0.643,1.5,1.0,off_1.0,20,off_0.0000,0.0,,
prime_age_nonemployment,1.0,dws_high_0.643,1.5,1.0,off_1.0,20,AR_recent_0.0035,0.0035,,
prime_age_nonemployment,1.0,dws_high_0.643,1.5,1.0,off_1.0,20,AR_postwar_0.0047,0.0047,,
prime_age_nonemployment,1.0,dws_high_0.643,1.5,1.0,on_1.5,2,off_0.0000,0.0,0.065,0.13
prime_age_nonemployment,1.0,dws_high_0.643,1.5,1.0,on_1.5,2,AR_recent_0.0035,0.0035,0.0685,0.137
prime_age_nonemployment,1.0,dws_high_0.643,1.5,1.0,on_1.5,2,AR_postwar_0.0047,0.0047,0.07,0.14
prime_age_nonemployment,1.0,dws_high_0.643,1.5,1.0,on_1.5,5,off_0.0000,0.0,0.021,0.105
prime_age_nonemployment,1.0,dws_high_0.643,1.5,1.0,on_1.5,5,AR_recent_0.0035,0.0035,0.0245,0.1225
prime_age_nonemployment,1.0,dws_high_0.643,1.5,1.0,on_1.5,5,AR_postwar_0.0047,0.0047,0.0255,0.1275
prime_age_nonemployment,1.0,dws_high_0.643,1.5,1.0,on_1.5,10,off_0.0000,0.0,0.0005,0.005
prime_age_nonemployment,1.0,dws_high_0.643,1.5,1.0,on_1.5,10,AR_recent_0.0035,0.0035,0.0035,0.035
prime_age_nonemployment,1.0,dws_high_0.643,1.5,1.0,on_1.5,10,AR_postwar_0.0047,0.0047,0.0045,0.045
prime_age_nonemployment,1.0,dws_high_0.643,1.5,1.0,on_1.5,20,off_0.0000,0.0,,
prime_age_nonemployment,1.0,dws_high_0.643,1.5,1.0,on_1.5,20,AR_recent_0.0035,0.0035,,
prime_age_nonemployment,1.0,dws_high_0.643,1.5,1.0,on_1.5,20,AR_postwar_0.0047,0.0047,,
prime_age_nonemployment,1.0,dws_high_0.643,2.0,0.0,off_1.0,2,off_0.0000,0.0,0.069,0.138
prime_age_nonemployment,1.0,dws_high_0.643,2.0,0.0,off_1.0,2,AR_recent_0.0035,0.0035,0.0725,0.145
prime_age_nonemployment,1.0,dws_high_0.643,2.0,0.0,off_1.0,2,AR_postwar_0.0047,0.0047,0.074,0.148
prime_age_nonemployment,1.0,dws_high_0.643,2.0,0.0,off_1.0,5,off_0.0000,0.0,0.0285,0.1425
prime_age_nonemployment,1.0,dws_high_0.643,2.0,0.0,off_1.0,5,AR_recent_0.0035,0.0035,0.032,0.16
prime_age_nonemployment,1.0,dws_high_0.643,2.0,0.0,off_1.0,5,AR_postwar_0.0047,0.0047,0.033,0.165
prime_age_nonemployment,1.0,dws_high_0.643,2.0,0.0,off_1.0,10,off_0.0000,0.0,0.012,0.12
prime_age_nonemployment,1.0,dws_high_0.643,2.0,0.0,off_1.0,10,AR_recent_0.0035,0.0035,0.015,0.15
prime_age_nonemployment,1.0,dws_high_0.643,2.0,0.0,off_1.0,10,AR_postwar_0.0047,0.0047,0.016,0.16
prime_age_nonemployment,1.0,dws_high_0.643,2.0,0.0,off_1.0,20,off_0.0000,0.0,,
prime_age_nonemployment,1.0,dws_high_0.643,2.0,0.0,off_1.0,20,AR_recent_0.0035,0.0035,0.0025,0.05
prime_age_nonemployment,1.0,dws_high_0.643,2.0,0.0,off_1.0,20,AR_postwar_0.0047,0.0047,0.0035,0.07
prime_age_nonemployment,1.0,dws_high_0.643,2.0,0.0,on_1.5,2,off_0.0000,0.0,0.067,0.134
prime_age_nonemployment,1.0,dws_high_0.643,2.0,0.0,on_1.5,2,AR_recent_0.0035,0.0035,0.0705,0.141
prime_age_nonemployment,1.0,dws_high_0.643,2.0,0.0,on_1.5,2,AR_postwar_0.0047,0.0047,0.072,0.144
prime_age_nonemployment,1.0,dws_high_0.643,2.0,0.0,on_1.5,5,off_0.0000,0.0,0.024,0.12
prime_age_nonemployment,1.0,dws_high_0.643,2.0,0.0,on_1.5,5,AR_recent_0.0035,0.0035,0.027,0.135
prime_age_nonemployment,1.0,dws_high_0.643,2.0,0.0,on_1.5,5,AR_postwar_0.0047,0.0047,0.0285,0.1425
prime_age_nonemployment,1.0,dws_high_0.643,2.0,0.0,on_1.5,10,off_0.0000,0.0,0.0055,0.055
prime_age_nonemployment,1.0,dws_high_0.643,2.0,0.0,on_1.5,10,AR_recent_0.0035,0.0035,0.009,0.09
prime_age_nonemployment,1.0,dws_high_0.643,2.0,0.0,on_1.5,10,AR_postwar_0.0047,0.0047,0.01,0.1
prime_age_nonemployment,1.0,dws_high_0.643,2.0,0.0,on_1.5,20,off_0.0000,0.0,,
prime_age_nonemployment,1.0,dws_high_0.643,2.0,0.0,on_1.5,20,AR_recent_0.0035,0.0035,,
prime_age_nonemployment,1.0,dws_high_0.643,2.0,0.0,on_1.5,20,AR_postwar_0.0047,0.0047,,
prime_age_nonemployment,1.0,dws_high_0.643,2.0,0.5,off_1.0,2,off_0.0000,0.0,0.069,0.138
prime_age_nonemployment,1.0,dws_high_0.643,2.0,0.5,off_1.0,2,AR_recent_0.0035,0.0035,0.0725,0.145
prime_age_nonemployment,1.0,dws_high_0.643,2.0,0.5,off_1.0,2,AR_postwar_0.0047,0.0047,0.074,0.148
prime_age_nonemployment,1.0,dws_high_0.643,2.0,0.5,off_1.0,5,off_0.0000,0.0,0.0285,0.1425
prime_age_nonemployment,1.0,dws_high_0.643,2.0,0.5,off_1.0,5,AR_recent_0.0035,0.0035,0.032,0.16
prime_age_nonemployment,1.0,dws_high_0.643,2.0,0.5,off_1.0,5,AR_postwar_0.0047,0.0047,0.033,0.165
prime_age_nonemployment,1.0,dws_high_0.643,2.0,0.5,off_1.0,10,off_0.0000,0.0,0.012,0.12
prime_age_nonemployment,1.0,dws_high_0.643,2.0,0.5,off_1.0,10,AR_recent_0.0035,0.0035,0.015,0.15
prime_age_nonemployment,1.0,dws_high_0.643,2.0,0.5,off_1.0,10,AR_postwar_0.0047,0.0047,0.016,0.16
prime_age_nonemployment,1.0,dws_high_0.643,2.0,0.5,off_1.0,20,off_0.0000,0.0,,
prime_age_nonemployment,1.0,dws_high_0.643,2.0,0.5,off_1.0,20,AR_recent_0.0035,0.0035,0.0025,0.05
prime_age_nonemployment,1.0,dws_high_0.643,2.0,0.5,off_1.0,20,AR_postwar_0.0047,0.0047,0.0035,0.07
prime_age_nonemployment,1.0,dws_high_0.643,2.0,0.5,on_1.5,2,off_0.0000,0.0,0.067,0.134
prime_age_nonemployment,1.0,dws_high_0.643,2.0,0.5,on_1.5,2,AR_recent_0.0035,0.0035,0.0705,0.141
prime_age_nonemployment,1.0,dws_high_0.643,2.0,0.5,on_1.5,2,AR_postwar_0.0047,0.0047,0.072,0.144
prime_age_nonemployment,1.0,dws_high_0.643,2.0,0.5,on_1.5,5,off_0.0000,0.0,0.024,0.12
prime_age_nonemployment,1.0,dws_high_0.643,2.0,0.5,on_1.5,5,AR_recent_0.0035,0.0035,0.027,0.135
prime_age_nonemployment,1.0,dws_high_0.643,2.0,0.5,on_1.5,5,AR_postwar_0.0047,0.0047,0.0285,0.1425
prime_age_nonemployment,1.0,dws_high_0.643,2.0,0.5,on_1.5,10,off_0.0000,0.0,0.0055,0.055
prime_age_nonemployment,1.0,dws_high_0.643,2.0,0.5,on_1.5,10,AR_recent_0.0035,0.0035,0.009,0.09
prime_age_nonemployment,1.0,dws_high_0.643,2.0,0.5,on_1.5,10,AR_postwar_0.0047,0.0047,0.01,0.1
prime_age_nonemployment,1.0,dws_high_0.643,2.0,0.5,on_1.5,20,off_0.0000,0.0,,
prime_age_nonemployment,1.0,dws_high_0.643,2.0,0.5,on_1.5,20,AR_recent_0.0035,0.0035,,
prime_age_nonemployment,1.0,dws_high_0.643,2.0,0.5,on_1.5,20,AR_postwar_0.0047,0.0047,,
prime_age_nonemployment,1.0,dws_high_0.643,2.0,1.0,off_1.0,2,off_0.0000,0.0,0.069,0.138
prime_age_nonemployment,1.0,dws_high_0.643,2.0,1.0,off_1.0,2,AR_recent_0.0035,0.0035,0.0725,0.145
prime_age_nonemployment,1.0,dws_high_0.643,2.0,1.0,off_1.0,2,AR_postwar_0.0047,0.0047,0.074,0.148
prime_age_nonemployment,1.0,dws_high_0.643,2.0,1.0,off_1.0,5,off_0.0000,0.0,0.0285,0.1425
prime_age_nonemployment,1.0,dws_high_0.643,2.0,1.0,off_1.0,5,AR_recent_0.0035,0.0035,0.032,0.16
prime_age_nonemployment,1.0,dws_high_0.643,2.0,1.0,off_1.0,5,AR_postwar_0.0047,0.0047,0.033,0.165
prime_age_nonemployment,1.0,dws_high_0.643,2.0,1.0,off_1.0,10,off_0.0000,0.0,0.012,0.12
prime_age_nonemployment,1.0,dws_high_0.643,2.0,1.0,off_1.0,10,AR_recent_0.0035,0.0035,0.015,0.15
prime_age_nonemployment,1.0,dws_high_0.643,2.0,1.0,off_1.0,10,AR_postwar_0.0047,0.0047,0.016,0.16
prime_age_nonemployment,1.0,dws_high_0.643,2.0,1.0,off_1.0,20,off_0.0000,0.0,,
prime_age_nonemployment,1.0,dws_high_0.643,2.0,1.0,off_1.0,20,AR_recent_0.0035,0.0035,0.0025,0.05
prime_age_nonemployment,1.0,dws_high_0.643,2.0,1.0,off_1.0,20,AR_postwar_0.0047,0.0047,0.0035,0.07
prime_age_nonemployment,1.0,dws_high_0.643,2.0,1.0,on_1.5,2,off_0.0000,0.0,0.067,0.134
prime_age_nonemployment,1.0,dws_high_0.643,2.0,1.0,on_1.5,2,AR_recent_0.0035,0.0035,0.0705,0.141
prime_age_nonemployment,1.0,dws_high_0.643,2.0,1.0,on_1.5,2,AR_postwar_0.0047,0.0047,0.072,0.144
prime_age_nonemployment,1.0,dws_high_0.643,2.0,1.0,on_1.5,5,off_0.0000,0.0,0.024,0.12
prime_age_nonemployment,1.0,dws_high_0.643,2.0,1.0,on_1.5,5,AR_recent_0.0035,0.0035,0.027,0.135
prime_age_nonemployment,1.0,dws_high_0.643,2.0,1.0,on_1.5,5,AR_postwar_0.0047,0.0047,0.0285,0.1425
prime_age_nonemployment,1.0,dws_high_0.643,2.0,1.0,on_1.5,10,off_0.0000,0.0,0.0055,0.055
prime_age_nonemployment,1.0,dws_high_0.643,2.0,1.0,on_1.5,10,AR_recent_0.0035,0.0035,0.009,0.09
prime_age_nonemployment,1.0,dws_high_0.643,2.0,1.0,on_1.5,10,AR_postwar_0.0047,0.0047,0.01,0.1
prime_age_nonemployment,1.0,dws_high_0.643,2.0,1.0,on_1.5,20,off_0.0000,0.0,,
prime_age_nonemployment,1.0,dws_high_0.643,2.0,1.0,on_1.5,20,AR_recent_0.0035,0.0035,,
prime_age_nonemployment,1.0,dws_high_0.643,2.0,1.0,on_1.5,20,AR_postwar_0.0047,0.0047,,
prime_age_nonemployment,1.0,AR_long_run_0.75,1.0,0.0,off_1.0,2,off_0.0000,0.0,0.064,0.128
prime_age_nonemployment,1.0,AR_long_run_0.75,1.0,0.0,off_1.0,2,AR_recent_0.0035,0.0035,0.0675,0.135
prime_age_nonemployment,1.0,AR_long_run_0.75,1.0,0.0,off_1.0,2,AR_postwar_0.0047,0.0047,0.069,0.138
prime_age_nonemployment,1.0,AR_long_run_0.75,1.0,0.0,off_1.0,5,off_0.0000,0.0,0.021,0.105
prime_age_nonemployment,1.0,AR_long_run_0.75,1.0,0.0,off_1.0,5,AR_recent_0.0035,0.0035,0.0245,0.1225
prime_age_nonemployment,1.0,AR_long_run_0.75,1.0,0.0,off_1.0,5,AR_postwar_0.0047,0.0047,0.0255,0.1275
prime_age_nonemployment,1.0,AR_long_run_0.75,1.0,0.0,off_1.0,10,off_0.0000,0.0,,
prime_age_nonemployment,1.0,AR_long_run_0.75,1.0,0.0,off_1.0,10,AR_recent_0.0035,0.0035,0.0005,0.005
prime_age_nonemployment,1.0,AR_long_run_0.75,1.0,0.0,off_1.0,10,AR_postwar_0.0047,0.0047,0.0015,0.015
prime_age_nonemployment,1.0,AR_long_run_0.75,1.0,0.0,off_1.0,20,off_0.0000,0.0,,
prime_age_nonemployment,1.0,AR_long_run_0.75,1.0,0.0,off_1.0,20,AR_recent_0.0035,0.0035,,
prime_age_nonemployment,1.0,AR_long_run_0.75,1.0,0.0,off_1.0,20,AR_postwar_0.0047,0.0047,,
prime_age_nonemployment,1.0,AR_long_run_0.75,1.0,0.0,on_1.5,2,off_0.0000,0.0,0.0595,0.119
prime_age_nonemployment,1.0,AR_long_run_0.75,1.0,0.0,on_1.5,2,AR_recent_0.0035,0.0035,0.063,0.126
prime_age_nonemployment,1.0,AR_long_run_0.75,1.0,0.0,on_1.5,2,AR_postwar_0.0047,0.0047,0.064,0.128
prime_age_nonemployment,1.0,AR_long_run_0.75,1.0,0.0,on_1.5,5,off_0.0000,0.0,0.01,0.05
prime_age_nonemployment,1.0,AR_long_run_0.75,1.0,0.0,on_1.5,5,AR_recent_0.0035,0.0035,0.0135,0.0675
prime_age_nonemployment,1.0,AR_long_run_0.75,1.0,0.0,on_1.5,5,AR_postwar_0.0047,0.0047,0.0145,0.0725
prime_age_nonemployment,1.0,AR_long_run_0.75,1.0,0.0,on_1.5,10,off_0.0000,0.0,,
prime_age_nonemployment,1.0,AR_long_run_0.75,1.0,0.0,on_1.5,10,AR_recent_0.0035,0.0035,,
prime_age_nonemployment,1.0,AR_long_run_0.75,1.0,0.0,on_1.5,10,AR_postwar_0.0047,0.0047,,
prime_age_nonemployment,1.0,AR_long_run_0.75,1.0,0.0,on_1.5,20,off_0.0000,0.0,,
prime_age_nonemployment,1.0,AR_long_run_0.75,1.0,0.0,on_1.5,20,AR_recent_0.0035,0.0035,,
prime_age_nonemployment,1.0,AR_long_run_0.75,1.0,0.0,on_1.5,20,AR_postwar_0.0047,0.0047,,
prime_age_nonemployment,1.0,AR_long_run_0.75,1.0,0.5,off_1.0,2,off_0.0000,0.0,0.064,0.128
prime_age_nonemployment,1.0,AR_long_run_0.75,1.0,0.5,off_1.0,2,AR_recent_0.0035,0.0035,0.0675,0.135
prime_age_nonemployment,1.0,AR_long_run_0.75,1.0,0.5,off_1.0,2,AR_postwar_0.0047,0.0047,0.069,0.138
prime_age_nonemployment,1.0,AR_long_run_0.75,1.0,0.5,off_1.0,5,off_0.0000,0.0,0.021,0.105
prime_age_nonemployment,1.0,AR_long_run_0.75,1.0,0.5,off_1.0,5,AR_recent_0.0035,0.0035,0.0245,0.1225
prime_age_nonemployment,1.0,AR_long_run_0.75,1.0,0.5,off_1.0,5,AR_postwar_0.0047,0.0047,0.0255,0.1275
prime_age_nonemployment,1.0,AR_long_run_0.75,1.0,0.5,off_1.0,10,off_0.0000,0.0,,
prime_age_nonemployment,1.0,AR_long_run_0.75,1.0,0.5,off_1.0,10,AR_recent_0.0035,0.0035,0.0005,0.005
prime_age_nonemployment,1.0,AR_long_run_0.75,1.0,0.5,off_1.0,10,AR_postwar_0.0047,0.0047,0.0015,0.015
prime_age_nonemployment,1.0,AR_long_run_0.75,1.0,0.5,off_1.0,20,off_0.0000,0.0,,
prime_age_nonemployment,1.0,AR_long_run_0.75,1.0,0.5,off_1.0,20,AR_recent_0.0035,0.0035,,
prime_age_nonemployment,1.0,AR_long_run_0.75,1.0,0.5,off_1.0,20,AR_postwar_0.0047,0.0047,,
prime_age_nonemployment,1.0,AR_long_run_0.75,1.0,0.5,on_1.5,2,off_0.0000,0.0,0.0595,0.119
prime_age_nonemployment,1.0,AR_long_run_0.75,1.0,0.5,on_1.5,2,AR_recent_0.0035,0.0035,0.063,0.126
prime_age_nonemployment,1.0,AR_long_run_0.75,1.0,0.5,on_1.5,2,AR_postwar_0.0047,0.0047,0.064,0.128
prime_age_nonemployment,1.0,AR_long_run_0.75,1.0,0.5,on_1.5,5,off_0.0000,0.0,0.01,0.05
prime_age_nonemployment,1.0,AR_long_run_0.75,1.0,0.5,on_1.5,5,AR_recent_0.0035,0.0035,0.0135,0.0675
prime_age_nonemployment,1.0,AR_long_run_0.75,1.0,0.5,on_1.5,5,AR_postwar_0.0047,0.0047,0.0145,0.0725
prime_age_nonemployment,1.0,AR_long_run_0.75,1.0,0.5,on_1.5,10,off_0.0000,0.0,,
prime_age_nonemployment,1.0,AR_long_run_0.75,1.0,0.5,on_1.5,10,AR_recent_0.0035,0.0035,,
prime_age_nonemployment,1.0,AR_long_run_0.75,1.0,0.5,on_1.5,10,AR_postwar_0.0047,0.0047,,
prime_age_nonemployment,1.0,AR_long_run_0.75,1.0,0.5,on_1.5,20,off_0.0000,0.0,,
prime_age_nonemployment,1.0,AR_long_run_0.75,1.0,0.5,on_1.5,20,AR_recent_0.0035,0.0035,,
prime_age_nonemployment,1.0,AR_long_run_0.75,1.0,0.5,on_1.5,20,AR_postwar_0.0047,0.0047,,
prime_age_nonemployment,1.0,AR_long_run_0.75,1.0,1.0,off_1.0,2,off_0.0000,0.0,0.064,0.128
prime_age_nonemployment,1.0,AR_long_run_0.75,1.0,1.0,off_1.0,2,AR_recent_0.0035,0.0035,0.0675,0.135
prime_age_nonemployment,1.0,AR_long_run_0.75,1.0,1.0,off_1.0,2,AR_postwar_0.0047,0.0047,0.069,0.138
prime_age_nonemployment,1.0,AR_long_run_0.75,1.0,1.0,off_1.0,5,off_0.0000,0.0,0.021,0.105
prime_age_nonemployment,1.0,AR_long_run_0.75,1.0,1.0,off_1.0,5,AR_recent_0.0035,0.0035,0.0245,0.1225
prime_age_nonemployment,1.0,AR_long_run_0.75,1.0,1.0,off_1.0,5,AR_postwar_0.0047,0.0047,0.0255,0.1275
prime_age_nonemployment,1.0,AR_long_run_0.75,1.0,1.0,off_1.0,10,off_0.0000,0.0,,
prime_age_nonemployment,1.0,AR_long_run_0.75,1.0,1.0,off_1.0,10,AR_recent_0.0035,0.0035,0.0005,0.005
prime_age_nonemployment,1.0,AR_long_run_0.75,1.0,1.0,off_1.0,10,AR_postwar_0.0047,0.0047,0.0015,0.015
prime_age_nonemployment,1.0,AR_long_run_0.75,1.0,1.0,off_1.0,20,off_0.0000,0.0,,
prime_age_nonemployment,1.0,AR_long_run_0.75,1.0,1.0,off_1.0,20,AR_recent_0.0035,0.0035,,
prime_age_nonemployment,1.0,AR_long_run_0.75,1.0,1.0,off_1.0,20,AR_postwar_0.0047,0.0047,,
prime_age_nonemployment,1.0,AR_long_run_0.75,1.0,1.0,on_1.5,2,off_0.0000,0.0,0.0595,0.119
prime_age_nonemployment,1.0,AR_long_run_0.75,1.0,1.0,on_1.5,2,AR_recent_0.0035,0.0035,0.063,0.126
prime_age_nonemployment,1.0,AR_long_run_0.75,1.0,1.0,on_1.5,2,AR_postwar_0.0047,0.0047,0.064,0.128
prime_age_nonemployment,1.0,AR_long_run_0.75,1.0,1.0,on_1.5,5,off_0.0000,0.0,0.01,0.05
prime_age_nonemployment,1.0,AR_long_run_0.75,1.0,1.0,on_1.5,5,AR_recent_0.0035,0.0035,0.0135,0.0675
prime_age_nonemployment,1.0,AR_long_run_0.75,1.0,1.0,on_1.5,5,AR_postwar_0.0047,0.0047,0.0145,0.0725
prime_age_nonemployment,1.0,AR_long_run_0.75,1.0,1.0,on_1.5,10,off_0.0000,0.0,,
prime_age_nonemployment,1.0,AR_long_run_0.75,1.0,1.0,on_1.5,10,AR_recent_0.0035,0.0035,,
prime_age_nonemployment,1.0,AR_long_run_0.75,1.0,1.0,on_1.5,10,AR_postwar_0.0047,0.0047,,
prime_age_nonemployment,1.0,AR_long_run_0.75,1.0,1.0,on_1.5,20,off_0.0000,0.0,,
prime_age_nonemployment,1.0,AR_long_run_0.75,1.0,1.0,on_1.5,20,AR_recent_0.0035,0.0035,,
prime_age_nonemployment,1.0,AR_long_run_0.75,1.0,1.0,on_1.5,20,AR_postwar_0.0047,0.0047,,
prime_age_nonemployment,1.0,AR_long_run_0.75,1.5,0.0,off_1.0,2,off_0.0000,0.0,0.067,0.134
prime_age_nonemployment,1.0,AR_long_run_0.75,1.5,0.0,off_1.0,2,AR_recent_0.0035,0.0035,0.0705,0.141
prime_age_nonemployment,1.0,AR_long_run_0.75,1.5,0.0,off_1.0,2,AR_postwar_0.0047,0.0047,0.0715,0.143
prime_age_nonemployment,1.0,AR_long_run_0.75,1.5,0.0,off_1.0,5,off_0.0000,0.0,0.0265,0.1325
prime_age_nonemployment,1.0,AR_long_run_0.75,1.5,0.0,off_1.0,5,AR_recent_0.0035,0.0035,0.0295,0.1475
prime_age_nonemployment,1.0,AR_long_run_0.75,1.5,0.0,off_1.0,5,AR_postwar_0.0047,0.0047,0.031,0.155
prime_age_nonemployment,1.0,AR_long_run_0.75,1.5,0.0,off_1.0,10,off_0.0000,0.0,0.0055,0.055
prime_age_nonemployment,1.0,AR_long_run_0.75,1.5,0.0,off_1.0,10,AR_recent_0.0035,0.0035,0.0085,0.085
prime_age_nonemployment,1.0,AR_long_run_0.75,1.5,0.0,off_1.0,10,AR_postwar_0.0047,0.0047,0.0095,0.095
prime_age_nonemployment,1.0,AR_long_run_0.75,1.5,0.0,off_1.0,20,off_0.0000,0.0,,
prime_age_nonemployment,1.0,AR_long_run_0.75,1.5,0.0,off_1.0,20,AR_recent_0.0035,0.0035,,
prime_age_nonemployment,1.0,AR_long_run_0.75,1.5,0.0,off_1.0,20,AR_postwar_0.0047,0.0047,,
prime_age_nonemployment,1.0,AR_long_run_0.75,1.5,0.0,on_1.5,2,off_0.0000,0.0,0.0635,0.127
prime_age_nonemployment,1.0,AR_long_run_0.75,1.5,0.0,on_1.5,2,AR_recent_0.0035,0.0035,0.067,0.134
prime_age_nonemployment,1.0,AR_long_run_0.75,1.5,0.0,on_1.5,2,AR_postwar_0.0047,0.0047,0.0685,0.137
prime_age_nonemployment,1.0,AR_long_run_0.75,1.5,0.0,on_1.5,5,off_0.0000,0.0,0.0185,0.0925
prime_age_nonemployment,1.0,AR_long_run_0.75,1.5,0.0,on_1.5,5,AR_recent_0.0035,0.0035,0.022,0.11
prime_age_nonemployment,1.0,AR_long_run_0.75,1.5,0.0,on_1.5,5,AR_postwar_0.0047,0.0047,0.023,0.115
prime_age_nonemployment,1.0,AR_long_run_0.75,1.5,0.0,on_1.5,10,off_0.0000,0.0,,
prime_age_nonemployment,1.0,AR_long_run_0.75,1.5,0.0,on_1.5,10,AR_recent_0.0035,0.0035,,
prime_age_nonemployment,1.0,AR_long_run_0.75,1.5,0.0,on_1.5,10,AR_postwar_0.0047,0.0047,0.001,0.01
prime_age_nonemployment,1.0,AR_long_run_0.75,1.5,0.0,on_1.5,20,off_0.0000,0.0,,
prime_age_nonemployment,1.0,AR_long_run_0.75,1.5,0.0,on_1.5,20,AR_recent_0.0035,0.0035,,
prime_age_nonemployment,1.0,AR_long_run_0.75,1.5,0.0,on_1.5,20,AR_postwar_0.0047,0.0047,,
prime_age_nonemployment,1.0,AR_long_run_0.75,1.5,0.5,off_1.0,2,off_0.0000,0.0,0.067,0.134
prime_age_nonemployment,1.0,AR_long_run_0.75,1.5,0.5,off_1.0,2,AR_recent_0.0035,0.0035,0.0705,0.141
prime_age_nonemployment,1.0,AR_long_run_0.75,1.5,0.5,off_1.0,2,AR_postwar_0.0047,0.0047,0.0715,0.143
prime_age_nonemployment,1.0,AR_long_run_0.75,1.5,0.5,off_1.0,5,off_0.0000,0.0,0.0265,0.1325
prime_age_nonemployment,1.0,AR_long_run_0.75,1.5,0.5,off_1.0,5,AR_recent_0.0035,0.0035,0.0295,0.1475
prime_age_nonemployment,1.0,AR_long_run_0.75,1.5,0.5,off_1.0,5,AR_postwar_0.0047,0.0047,0.031,0.155
prime_age_nonemployment,1.0,AR_long_run_0.75,1.5,0.5,off_1.0,10,off_0.0000,0.0,0.0055,0.055
prime_age_nonemployment,1.0,AR_long_run_0.75,1.5,0.5,off_1.0,10,AR_recent_0.0035,0.0035,0.0085,0.085
prime_age_nonemployment,1.0,AR_long_run_0.75,1.5,0.5,off_1.0,10,AR_postwar_0.0047,0.0047,0.0095,0.095
prime_age_nonemployment,1.0,AR_long_run_0.75,1.5,0.5,off_1.0,20,off_0.0000,0.0,,
prime_age_nonemployment,1.0,AR_long_run_0.75,1.5,0.5,off_1.0,20,AR_recent_0.0035,0.0035,,
prime_age_nonemployment,1.0,AR_long_run_0.75,1.5,0.5,off_1.0,20,AR_postwar_0.0047,0.0047,,
prime_age_nonemployment,1.0,AR_long_run_0.75,1.5,0.5,on_1.5,2,off_0.0000,0.0,0.0635,0.127
prime_age_nonemployment,1.0,AR_long_run_0.75,1.5,0.5,on_1.5,2,AR_recent_0.0035,0.0035,0.067,0.134
prime_age_nonemployment,1.0,AR_long_run_0.75,1.5,0.5,on_1.5,2,AR_postwar_0.0047,0.0047,0.0685,0.137
prime_age_nonemployment,1.0,AR_long_run_0.75,1.5,0.5,on_1.5,5,off_0.0000,0.0,0.0185,0.0925
prime_age_nonemployment,1.0,AR_long_run_0.75,1.5,0.5,on_1.5,5,AR_recent_0.0035,0.0035,0.022,0.11
prime_age_nonemployment,1.0,AR_long_run_0.75,1.5,0.5,on_1.5,5,AR_postwar_0.0047,0.0047,0.023,0.115
prime_age_nonemployment,1.0,AR_long_run_0.75,1.5,0.5,on_1.5,10,off_0.0000,0.0,,
prime_age_nonemployment,1.0,AR_long_run_0.75,1.5,0.5,on_1.5,10,AR_recent_0.0035,0.0035,,
prime_age_nonemployment,1.0,AR_long_run_0.75,1.5,0.5,on_1.5,10,AR_postwar_0.0047,0.0047,0.001,0.01
prime_age_nonemployment,1.0,AR_long_run_0.75,1.5,0.5,on_1.5,20,off_0.0000,0.0,,
prime_age_nonemployment,1.0,AR_long_run_0.75,1.5,0.5,on_1.5,20,AR_recent_0.0035,0.0035,,
prime_age_nonemployment,1.0,AR_long_run_0.75,1.5,0.5,on_1.5,20,AR_postwar_0.0047,0.0047,,
prime_age_nonemployment,1.0,AR_long_run_0.75,1.5,1.0,off_1.0,2,off_0.0000,0.0,0.067,0.134
prime_age_nonemployment,1.0,AR_long_run_0.75,1.5,1.0,off_1.0,2,AR_recent_0.0035,0.0035,0.0705,0.141
prime_age_nonemployment,1.0,AR_long_run_0.75,1.5,1.0,off_1.0,2,AR_postwar_0.0047,0.0047,0.0715,0.143
prime_age_nonemployment,1.0,AR_long_run_0.75,1.5,1.0,off_1.0,5,off_0.0000,0.0,0.0265,0.1325
prime_age_nonemployment,1.0,AR_long_run_0.75,1.5,1.0,off_1.0,5,AR_recent_0.0035,0.0035,0.0295,0.1475
prime_age_nonemployment,1.0,AR_long_run_0.75,1.5,1.0,off_1.0,5,AR_postwar_0.0047,0.0047,0.031,0.155
prime_age_nonemployment,1.0,AR_long_run_0.75,1.5,1.0,off_1.0,10,off_0.0000,0.0,0.0055,0.055
prime_age_nonemployment,1.0,AR_long_run_0.75,1.5,1.0,off_1.0,10,AR_recent_0.0035,0.0035,0.0085,0.085
prime_age_nonemployment,1.0,AR_long_run_0.75,1.5,1.0,off_1.0,10,AR_postwar_0.0047,0.0047,0.0095,0.095
prime_age_nonemployment,1.0,AR_long_run_0.75,1.5,1.0,off_1.0,20,off_0.0000,0.0,,
prime_age_nonemployment,1.0,AR_long_run_0.75,1.5,1.0,off_1.0,20,AR_recent_0.0035,0.0035,,
prime_age_nonemployment,1.0,AR_long_run_0.75,1.5,1.0,off_1.0,20,AR_postwar_0.0047,0.0047,,
prime_age_nonemployment,1.0,AR_long_run_0.75,1.5,1.0,on_1.5,2,off_0.0000,0.0,0.0635,0.127
prime_age_nonemployment,1.0,AR_long_run_0.75,1.5,1.0,on_1.5,2,AR_recent_0.0035,0.0035,0.067,0.134
prime_age_nonemployment,1.0,AR_long_run_0.75,1.5,1.0,on_1.5,2,AR_postwar_0.0047,0.0047,0.0685,0.137
prime_age_nonemployment,1.0,AR_long_run_0.75,1.5,1.0,on_1.5,5,off_0.0000,0.0,0.0185,0.0925
prime_age_nonemployment,1.0,AR_long_run_0.75,1.5,1.0,on_1.5,5,AR_recent_0.0035,0.0035,0.022,0.11
prime_age_nonemployment,1.0,AR_long_run_0.75,1.5,1.0,on_1.5,5,AR_postwar_0.0047,0.0047,0.023,0.115
prime_age_nonemployment,1.0,AR_long_run_0.75,1.5,1.0,on_1.5,10,off_0.0000,0.0,,
prime_age_nonemployment,1.0,AR_long_run_0.75,1.5,1.0,on_1.5,10,AR_recent_0.0035,0.0035,,
prime_age_nonemployment,1.0,AR_long_run_0.75,1.5,1.0,on_1.5,10,AR_postwar_0.0047,0.0047,0.001,0.01
prime_age_nonemployment,1.0,AR_long_run_0.75,1.5,1.0,on_1.5,20,off_0.0000,0.0,,
prime_age_nonemployment,1.0,AR_long_run_0.75,1.5,1.0,on_1.5,20,AR_recent_0.0035,0.0035,,
prime_age_nonemployment,1.0,AR_long_run_0.75,1.5,1.0,on_1.5,20,AR_postwar_0.0047,0.0047,,
prime_age_nonemployment,1.0,AR_long_run_0.75,2.0,0.0,off_1.0,2,off_0.0000,0.0,0.0685,0.137
prime_age_nonemployment,1.0,AR_long_run_0.75,2.0,0.0,off_1.0,2,AR_recent_0.0035,0.0035,0.072,0.144
prime_age_nonemployment,1.0,AR_long_run_0.75,2.0,0.0,off_1.0,2,AR_postwar_0.0047,0.0047,0.073,0.146
prime_age_nonemployment,1.0,AR_long_run_0.75,2.0,0.0,off_1.0,5,off_0.0000,0.0,0.0285,0.1425
prime_age_nonemployment,1.0,AR_long_run_0.75,2.0,0.0,off_1.0,5,AR_recent_0.0035,0.0035,0.0315,0.1575
prime_age_nonemployment,1.0,AR_long_run_0.75,2.0,0.0,off_1.0,5,AR_postwar_0.0047,0.0047,0.0325,0.1625
prime_age_nonemployment,1.0,AR_long_run_0.75,2.0,0.0,off_1.0,10,off_0.0000,0.0,0.01,0.1
prime_age_nonemployment,1.0,AR_long_run_0.75,2.0,0.0,off_1.0,10,AR_recent_0.0035,0.0035,0.013,0.13
prime_age_nonemployment,1.0,AR_long_run_0.75,2.0,0.0,off_1.0,10,AR_postwar_0.0047,0.0047,0.014,0.14
prime_age_nonemployment,1.0,AR_long_run_0.75,2.0,0.0,off_1.0,20,off_0.0000,0.0,,
prime_age_nonemployment,1.0,AR_long_run_0.75,2.0,0.0,off_1.0,20,AR_recent_0.0035,0.0035,,
prime_age_nonemployment,1.0,AR_long_run_0.75,2.0,0.0,off_1.0,20,AR_postwar_0.0047,0.0047,0.001,0.02
prime_age_nonemployment,1.0,AR_long_run_0.75,2.0,0.0,on_1.5,2,off_0.0000,0.0,0.066,0.132
prime_age_nonemployment,1.0,AR_long_run_0.75,2.0,0.0,on_1.5,2,AR_recent_0.0035,0.0035,0.0695,0.139
prime_age_nonemployment,1.0,AR_long_run_0.75,2.0,0.0,on_1.5,2,AR_postwar_0.0047,0.0047,0.0705,0.141
prime_age_nonemployment,1.0,AR_long_run_0.75,2.0,0.0,on_1.5,5,off_0.0000,0.0,0.0225,0.1125
prime_age_nonemployment,1.0,AR_long_run_0.75,2.0,0.0,on_1.5,5,AR_recent_0.0035,0.0035,0.026,0.13
prime_age_nonemployment,1.0,AR_long_run_0.75,2.0,0.0,on_1.5,5,AR_postwar_0.0047,0.0047,0.027,0.135
prime_age_nonemployment,1.0,AR_long_run_0.75,2.0,0.0,on_1.5,10,off_0.0000,0.0,0.003,0.03
prime_age_nonemployment,1.0,AR_long_run_0.75,2.0,0.0,on_1.5,10,AR_recent_0.0035,0.0035,0.006,0.06
prime_age_nonemployment,1.0,AR_long_run_0.75,2.0,0.0,on_1.5,10,AR_postwar_0.0047,0.0047,0.007,0.07
prime_age_nonemployment,1.0,AR_long_run_0.75,2.0,0.0,on_1.5,20,off_0.0000,0.0,,
prime_age_nonemployment,1.0,AR_long_run_0.75,2.0,0.0,on_1.5,20,AR_recent_0.0035,0.0035,,
prime_age_nonemployment,1.0,AR_long_run_0.75,2.0,0.0,on_1.5,20,AR_postwar_0.0047,0.0047,,
prime_age_nonemployment,1.0,AR_long_run_0.75,2.0,0.5,off_1.0,2,off_0.0000,0.0,0.0685,0.137
prime_age_nonemployment,1.0,AR_long_run_0.75,2.0,0.5,off_1.0,2,AR_recent_0.0035,0.0035,0.072,0.144
prime_age_nonemployment,1.0,AR_long_run_0.75,2.0,0.5,off_1.0,2,AR_postwar_0.0047,0.0047,0.073,0.146
prime_age_nonemployment,1.0,AR_long_run_0.75,2.0,0.5,off_1.0,5,off_0.0000,0.0,0.0285,0.1425
prime_age_nonemployment,1.0,AR_long_run_0.75,2.0,0.5,off_1.0,5,AR_recent_0.0035,0.0035,0.0315,0.1575
prime_age_nonemployment,1.0,AR_long_run_0.75,2.0,0.5,off_1.0,5,AR_postwar_0.0047,0.0047,0.0325,0.1625
prime_age_nonemployment,1.0,AR_long_run_0.75,2.0,0.5,off_1.0,10,off_0.0000,0.0,0.01,0.1
prime_age_nonemployment,1.0,AR_long_run_0.75,2.0,0.5,off_1.0,10,AR_recent_0.0035,0.0035,0.013,0.13
prime_age_nonemployment,1.0,AR_long_run_0.75,2.0,0.5,off_1.0,10,AR_postwar_0.0047,0.0047,0.014,0.14
prime_age_nonemployment,1.0,AR_long_run_0.75,2.0,0.5,off_1.0,20,off_0.0000,0.0,,
prime_age_nonemployment,1.0,AR_long_run_0.75,2.0,0.5,off_1.0,20,AR_recent_0.0035,0.0035,,
prime_age_nonemployment,1.0,AR_long_run_0.75,2.0,0.5,off_1.0,20,AR_postwar_0.0047,0.0047,0.001,0.02
prime_age_nonemployment,1.0,AR_long_run_0.75,2.0,0.5,on_1.5,2,off_0.0000,0.0,0.066,0.132
prime_age_nonemployment,1.0,AR_long_run_0.75,2.0,0.5,on_1.5,2,AR_recent_0.0035,0.0035,0.0695,0.139
prime_age_nonemployment,1.0,AR_long_run_0.75,2.0,0.5,on_1.5,2,AR_postwar_0.0047,0.0047,0.0705,0.141
prime_age_nonemployment,1.0,AR_long_run_0.75,2.0,0.5,on_1.5,5,off_0.0000,0.0,0.0225,0.1125
prime_age_nonemployment,1.0,AR_long_run_0.75,2.0,0.5,on_1.5,5,AR_recent_0.0035,0.0035,0.026,0.13
prime_age_nonemployment,1.0,AR_long_run_0.75,2.0,0.5,on_1.5,5,AR_postwar_0.0047,0.0047,0.027,0.135
prime_age_nonemployment,1.0,AR_long_run_0.75,2.0,0.5,on_1.5,10,off_0.0000,0.0,0.003,0.03
prime_age_nonemployment,1.0,AR_long_run_0.75,2.0,0.5,on_1.5,10,AR_recent_0.0035,0.0035,0.006,0.06
prime_age_nonemployment,1.0,AR_long_run_0.75,2.0,0.5,on_1.5,10,AR_postwar_0.0047,0.0047,0.007,0.07
prime_age_nonemployment,1.0,AR_long_run_0.75,2.0,0.5,on_1.5,20,off_0.0000,0.0,,
prime_age_nonemployment,1.0,AR_long_run_0.75,2.0,0.5,on_1.5,20,AR_recent_0.0035,0.0035,,
prime_age_nonemployment,1.0,AR_long_run_0.75,2.0,0.5,on_1.5,20,AR_postwar_0.0047,0.0047,,
prime_age_nonemployment,1.0,AR_long_run_0.75,2.0,1.0,off_1.0,2,off_0.0000,0.0,0.0685,0.137
prime_age_nonemployment,1.0,AR_long_run_0.75,2.0,1.0,off_1.0,2,AR_recent_0.0035,0.0035,0.072,0.144
prime_age_nonemployment,1.0,AR_long_run_0.75,2.0,1.0,off_1.0,2,AR_postwar_0.0047,0.0047,0.073,0.146
prime_age_nonemployment,1.0,AR_long_run_0.75,2.0,1.0,off_1.0,5,off_0.0000,0.0,0.0285,0.1425
prime_age_nonemployment,1.0,AR_long_run_0.75,2.0,1.0,off_1.0,5,AR_recent_0.0035,0.0035,0.0315,0.1575
prime_age_nonemployment,1.0,AR_long_run_0.75,2.0,1.0,off_1.0,5,AR_postwar_0.0047,0.0047,0.0325,0.1625
prime_age_nonemployment,1.0,AR_long_run_0.75,2.0,1.0,off_1.0,10,off_0.0000,0.0,0.01,0.1
prime_age_nonemployment,1.0,AR_long_run_0.75,2.0,1.0,off_1.0,10,AR_recent_0.0035,0.0035,0.013,0.13
prime_age_nonemployment,1.0,AR_long_run_0.75,2.0,1.0,off_1.0,10,AR_postwar_0.0047,0.0047,0.014,0.14
prime_age_nonemployment,1.0,AR_long_run_0.75,2.0,1.0,off_1.0,20,off_0.0000,0.0,,
prime_age_nonemployment,1.0,AR_long_run_0.75,2.0,1.0,off_1.0,20,AR_recent_0.0035,0.0035,,
prime_age_nonemployment,1.0,AR_long_run_0.75,2.0,1.0,off_1.0,20,AR_postwar_0.0047,0.0047,0.001,0.02
prime_age_nonemployment,1.0,AR_long_run_0.75,2.0,1.0,on_1.5,2,off_0.0000,0.0,0.066,0.132
prime_age_nonemployment,1.0,AR_long_run_0.75,2.0,1.0,on_1.5,2,AR_recent_0.0035,0.0035,0.0695,0.139
prime_age_nonemployment,1.0,AR_long_run_0.75,2.0,1.0,on_1.5,2,AR_postwar_0.0047,0.0047,0.0705,0.141
prime_age_nonemployment,1.0,AR_long_run_0.75,2.0,1.0,on_1.5,5,off_0.0000,0.0,0.0225,0.1125
prime_age_nonemployment,1.0,AR_long_run_0.75,2.0,1.0,on_1.5,5,AR_recent_0.0035,0.0035,0.026,0.13
prime_age_nonemployment,1.0,AR_long_run_0.75,2.0,1.0,on_1.5,5,AR_postwar_0.0047,0.0047,0.027,0.135
prime_age_nonemployment,1.0,AR_long_run_0.75,2.0,1.0,on_1.5,10,off_0.0000,0.0,0.003,0.03
prime_age_nonemployment,1.0,AR_long_run_0.75,2.0,1.0,on_1.5,10,AR_recent_0.0035,0.0035,0.006,0.06
prime_age_nonemployment,1.0,AR_long_run_0.75,2.0,1.0,on_1.5,10,AR_postwar_0.0047,0.0047,0.007,0.07
prime_age_nonemployment,1.0,AR_long_run_0.75,2.0,1.0,on_1.5,20,off_0.0000,0.0,,
prime_age_nonemployment,1.0,AR_long_run_0.75,2.0,1.0,on_1.5,20,AR_recent_0.0035,0.0035,,
prime_age_nonemployment,1.0,AR_long_run_0.75,2.0,1.0,on_1.5,20,AR_postwar_0.0047,0.0047,,
