slack,phi,exit,T,alpha,turnover,horizon,speed_limit,cumulative_ceiling
unemployment_CIRCULAR,0.0,dws_0.462,1.0,0.0,off_1.0,2,0.067,0.134
unemployment_CIRCULAR,0.0,dws_0.462,1.0,0.0,off_1.0,5,0.0615,0.3075
unemployment_CIRCULAR,0.0,dws_0.462,1.0,0.0,off_1.0,10,0.0615,0.615
unemployment_CIRCULAR,0.0,dws_0.462,1.0,0.0,off_1.0,20,0.0615,1.23
unemployment_CIRCULAR,0.0,dws_0.462,1.0,0.0,on_1.5,2,0.0665,0.133
unemployment_CIRCULAR,0.0,dws_0.462,1.0,0.0,on_1.5,5,0.0665,0.3325
unemployment_CIRCULAR,0.0,dws_0.462,1.0,0.0,on_1.5,10,0.0665,0.665
unemployment_CIRCULAR,0.0,dws_0.462,1.0,0.0,on_1.5,20,0.0665,1.33
unemployment_CIRCULAR,0.0,dws_0.462,1.0,0.5,off_1.0,2,0.067,0.134
unemployment_CIRCULAR,0.0,dws_0.462,1.0,0.5,off_1.0,5,0.0615,0.3075
unemployment_CIRCULAR,0.0,dws_0.462,1.0,0.5,off_1.0,10,0.0615,0.615
unemployment_CIRCULAR,0.0,dws_0.462,1.0,0.5,off_1.0,20,0.0615,1.23
unemployment_CIRCULAR,0.0,dws_0.462,1.0,0.5,on_1.5,2,0.0665,0.133
unemployment_CIRCULAR,0.0,dws_0.462,1.0,0.5,on_1.5,5,0.0665,0.3325
unemployment_CIRCULAR,0.0,dws_0.462,1.0,0.5,on_1.5,10,0.0665,0.665
unemployment_CIRCULAR,0.0,dws_0.462,1.0,0.5,on_1.5,20,0.0665,1.33
unemployment_CIRCULAR,0.0,dws_0.462,1.0,1.0,off_1.0,2,0.067,0.134
unemployment_CIRCULAR,0.0,dws_0.462,1.0,1.0,off_1.0,5,0.0615,0.3075
unemployment_CIRCULAR,0.0,dws_0.462,1.0,1.0,off_1.0,10,0.0615,0.615
unemployment_CIRCULAR,0.0,dws_0.462,1.0,1.0,off_1.0,20,0.0615,1.23
unemployment_CIRCULAR,0.0,dws_0.462,1.0,1.0,on_1.5,2,0.0665,0.133
unemployment_CIRCULAR,0.0,dws_0.462,1.0,1.0,on_1.5,5,0.0665,0.3325
unemployment_CIRCULAR,0.0,dws_0.462,1.0,1.0,on_1.5,10,0.0665,0.665
unemployment_CIRCULAR,0.0,dws_0.462,1.0,1.0,on_1.5,20,0.0665,1.33
unemployment_CIRCULAR,0.0,dws_0.462,1.5,0.0,off_1.0,2,0.067,0.134
unemployment_CIRCULAR,0.0,dws_0.462,1.5,0.0,off_1.0,5,0.0475,0.2375
unemployment_CIRCULAR,0.0,dws_0.462,1.5,0.0,off_1.0,10,0.0465,0.465
unemployment_CIRCULAR,0.0,dws_0.462,1.5,0.0,off_1.0,20,0.0465,0.93
unemployment_CIRCULAR,0.0,dws_0.462,1.5,0.0,on_1.5,2,0.067,0.134
unemployment_CIRCULAR,0.0,dws_0.462,1.5,0.0,on_1.5,5,0.0525,0.2625
unemployment_CIRCULAR,0.0,dws_0.462,1.5,0.0,on_1.5,10,0.052,0.52
unemployment_CIRCULAR,0.0,dws_0.462,1.5,0.0,on_1.5,20,0.052,1.04
unemployment_CIRCULAR,0.0,dws_0.462,1.5,0.5,off_1.0,2,0.067,0.134
unemployment_CIRCULAR,0.0,dws_0.462,1.5,0.5,off_1.0,5,0.0475,0.2375
unemployment_CIRCULAR,0.0,dws_0.462,1.5,0.5,off_1.0,10,0.0465,0.465
unemployment_CIRCULAR,0.0,dws_0.462,1.5,0.5,off_1.0,20,0.0465,0.93
unemployment_CIRCULAR,0.0,dws_0.462,1.5,0.5,on_1.5,2,0.067,0.134
unemployment_CIRCULAR,0.0,dws_0.462,1.5,0.5,on_1.5,5,0.0525,0.2625
unemployment_CIRCULAR,0.0,dws_0.462,1.5,0.5,on_1.5,10,0.052,0.52
unemployment_CIRCULAR,0.0,dws_0.462,1.5,0.5,on_1.5,20,0.052,1.04
unemployment_CIRCULAR,0.0,dws_0.462,1.5,1.0,off_1.0,2,0.067,0.134
unemployment_CIRCULAR,0.0,dws_0.462,1.5,1.0,off_1.0,5,0.0475,0.2375
unemployment_CIRCULAR,0.0,dws_0.462,1.5,1.0,off_1.0,10,0.0465,0.465
unemployment_CIRCULAR,0.0,dws_0.462,1.5,1.0,off_1.0,20,0.0465,0.93
unemployment_CIRCULAR,0.0,dws_0.462,1.5,1.0,on_1.5,2,0.067,0.134
unemployment_CIRCULAR,0.0,dws_0.462,1.5,1.0,on_1.5,5,0.0525,0.2625
unemployment_CIRCULAR,0.0,dws_0.462,1.5,1.0,on_1.5,10,0.052,0.52
unemployment_CIRCULAR,0.0,dws_0.462,1.5,1.0,on_1.5,20,0.052,1.04
unemployment_CIRCULAR,0.0,dws_0.462,2.0,0.0,off_1.0,2,0.067,0.134
unemployment_CIRCULAR,0.0,dws_0.462,2.0,0.0,off_1.0,5,0.0405,0.2025
unemployment_CIRCULAR,0.0,dws_0.462,2.0,0.0,off_1.0,10,0.038,0.38
unemployment_CIRCULAR,0.0,dws_0.462,2.0,0.0,off_1.0,20,0.0375,0.75
unemployment_CIRCULAR,0.0,dws_0.462,2.0,0.0,on_1.5,2,0.067,0.134
unemployment_CIRCULAR,0.0,dws_0.462,2.0,0.0,on_1.5,5,0.0435,0.2175
unemployment_CIRCULAR,0.0,dws_0.462,2.0,0.0,on_1.5,10,0.042,0.42
unemployment_CIRCULAR,0.0,dws_0.462,2.0,0.0,on_1.5,20,0.042,0.84
unemployment_CIRCULAR,0.0,dws_0.462,2.0,0.5,off_1.0,2,0.067,0.134
unemployment_CIRCULAR,0.0,dws_0.462,2.0,0.5,off_1.0,5,0.0405,0.2025
unemployment_CIRCULAR,0.0,dws_0.462,2.0,0.5,off_1.0,10,0.038,0.38
unemployment_CIRCULAR,0.0,dws_0.462,2.0,0.5,off_1.0,20,0.0375,0.75
unemployment_CIRCULAR,0.0,dws_0.462,2.0,0.5,on_1.5,2,0.067,0.134
unemployment_CIRCULAR,0.0,dws_0.462,2.0,0.5,on_1.5,5,0.0435,0.2175
unemployment_CIRCULAR,0.0,dws_0.462,2.0,0.5,on_1.5,10,0.042,0.42
unemployment_CIRCULAR,0.0,dws_0.462,2.0,0.5,on_1.5,20,0.042,0.84
unemployment_CIRCULAR,0.0,dws_0.462,2.0,1.0,off_1.0,2,0.067,0.134
unemployment_CIRCULAR,0.0,dws_0.462,2.0,1.0,off_1.0,5,0.0405,0.2025
unemployment_CIRCULAR,0.0,dws_0.462,2.0,1.0,off_1.0,10,0.038,0.38
unemployment_CIRCULAR,0.0,dws_0.462,2.0,1.0,off_1.0,20,0.0375,0.75
unemployment_CIRCULAR,0.0,dws_0.462,2.0,1.0,on_1.5,2,0.067,0.134
unemployment_CIRCULAR,0.0,dws_0.462,2.0,1.0,on_1.5,5,0.0435,0.2175
unemployment_CIRCULAR,0.0,dws_0.462,2.0,1.0,on_1.5,10,0.042,0.42
unemployment_CIRCULAR,0.0,dws_0.462,2.0,1.0,on_1.5,20,0.042,0.84
unemployment_CIRCULAR,0.0,dws_low_0.296,1.0,0.0,off_1.0,2,0.067,0.134
unemployment_CIRCULAR,0.0,dws_low_0.296,1.0,0.0,off_1.0,5,0.0515,0.2575
unemployment_CIRCULAR,0.0,dws_low_0.296,1.0,0.0,off_1.0,10,0.0505,0.505
unemployment_CIRCULAR,0.0,dws_low_0.296,1.0,0.0,off_1.0,20,0.0505,1.01
unemployment_CIRCULAR,0.0,dws_low_0.296,1.0,0.0,on_1.5,2,0.067,0.134
unemployment_CIRCULAR,0.0,dws_low_0.296,1.0,0.0,on_1.5,5,0.056,0.28
unemployment_CIRCULAR,0.0,dws_low_0.296,1.0,0.0,on_1.5,10,0.056,0.56
unemployment_CIRCULAR,0.0,dws_low_0.296,1.0,0.0,on_1.5,20,0.056,1.12
unemployment_CIRCULAR,0.0,dws_low_0.296,1.0,0.5,off_1.0,2,0.067,0.134
unemployment_CIRCULAR,0.0,dws_low_0.296,1.0,0.5,off_1.0,5,0.0515,0.2575
unemployment_CIRCULAR,0.0,dws_low_0.296,1.0,0.5,off_1.0,10,0.0505,0.505
unemployment_CIRCULAR,0.0,dws_low_0.296,1.0,0.5,off_1.0,20,0.0505,1.01
unemployment_CIRCULAR,0.0,dws_low_0.296,1.0,0.5,on_1.5,2,0.067,0.134
unemployment_CIRCULAR,0.0,dws_low_0.296,1.0,0.5,on_1.5,5,0.056,0.28
unemployment_CIRCULAR,0.0,dws_low_0.296,1.0,0.5,on_1.5,10,0.056,0.56
unemployment_CIRCULAR,0.0,dws_low_0.296,1.0,0.5,on_1.5,20,0.056,1.12
unemployment_CIRCULAR,0.0,dws_low_0.296,1.0,1.0,off_1.0,2,0.067,0.134
unemployment_CIRCULAR,0.0,dws_low_0.296,1.0,1.0,off_1.0,5,0.0515,0.2575
unemployment_CIRCULAR,0.0,dws_low_0.296,1.0,1.0,off_1.0,10,0.0505,0.505
unemployment_CIRCULAR,0.0,dws_low_0.296,1.0,1.0,off_1.0,20,0.0505,1.01
unemployment_CIRCULAR,0.0,dws_low_0.296,1.0,1.0,on_1.5,2,0.067,0.134
unemployment_CIRCULAR,0.0,dws_low_0.296,1.0,1.0,on_1.5,5,0.056,0.28
unemployment_CIRCULAR,0.0,dws_low_0.296,1.0,1.0,on_1.5,10,0.056,0.56
unemployment_CIRCULAR,0.0,dws_low_0.296,1.0,1.0,on_1.5,20,0.056,1.12
unemployment_CIRCULAR,0.0,dws_low_0.296,1.5,0.0,off_1.0,2,0.0675,0.135
unemployment_CIRCULAR,0.0,dws_low_0.296,1.5,0.0,off_1.0,5,0.0405,0.2025
unemployment_CIRCULAR,0.0,dws_low_0.296,1.5,0.0,off_1.0,10,0.038,0.38
unemployment_CIRCULAR,0.0,dws_low_0.296,1.5,0.0,off_1.0,20,0.038,0.76
unemployment_CIRCULAR,0.0,dws_low_0.296,1.5,0.0,on_1.5,2,0.067,0.134
unemployment_CIRCULAR,0.0,dws_low_0.296,1.5,0.0,on_1.5,5,0.0435,0.2175
unemployment_CIRCULAR,0.0,dws_low_0.296,1.5,0.0,on_1.5,10,0.0415,0.415
unemployment_CIRCULAR,0.0,dws_low_0.296,1.5,0.0,on_1.5,20,0.0415,0.83
unemployment_CIRCULAR,0.0,dws_low_0.296,1.5,0.5,off_1.0,2,0.0675,0.135
unemployment_CIRCULAR,0.0,dws_low_0.296,1.5,0.5,off_1.0,5,0.0405,0.2025
unemployment_CIRCULAR,0.0,dws_low_0.296,1.5,0.5,off_1.0,10,0.038,0.38
unemployment_CIRCULAR,0.0,dws_low_0.296,1.5,0.5,off_1.0,20,0.038,0.76
unemployment_CIRCULAR,0.0,dws_low_0.296,1.5,0.5,on_1.5,2,0.067,0.134
unemployment_CIRCULAR,0.0,dws_low_0.296,1.5,0.5,on_1.5,5,0.0435,0.2175
unemployment_CIRCULAR,0.0,dws_low_0.296,1.5,0.5,on_1.5,10,0.0415,0.415
unemployment_CIRCULAR,0.0,dws_low_0.296,1.5,0.5,on_1.5,20,0.0415,0.83
unemployment_CIRCULAR,0.0,dws_low_0.296,1.5,1.0,off_1.0,2,0.0675,0.135
unemployment_CIRCULAR,0.0,dws_low_0.296,1.5,1.0,off_1.0,5,0.0405,0.2025
unemployment_CIRCULAR,0.0,dws_low_0.296,1.5,1.0,off_1.0,10,0.038,0.38
unemployment_CIRCULAR,0.0,dws_low_0.296,1.5,1.0,off_1.0,20,0.038,0.76
unemployment_CIRCULAR,0.0,dws_low_0.296,1.5,1.0,on_1.5,2,0.067,0.134
unemployment_CIRCULAR,0.0,dws_low_0.296,1.5,1.0,on_1.5,5,0.0435,0.2175
unemployment_CIRCULAR,0.0,dws_low_0.296,1.5,1.0,on_1.5,10,0.0415,0.415
unemployment_CIRCULAR,0.0,dws_low_0.296,1.5,1.0,on_1.5,20,0.0415,0.83
unemployment_CIRCULAR,0.0,dws_low_0.296,2.0,0.0,off_1.0,2,0.0675,0.135
unemployment_CIRCULAR,0.0,dws_low_0.296,2.0,0.0,off_1.0,5,0.0355,0.1775
unemployment_CIRCULAR,0.0,dws_low_0.296,2.0,0.0,off_1.0,10,0.0315,0.315
unemployment_CIRCULAR,0.0,dws_low_0.296,2.0,0.0,off_1.0,20,0.031,0.62
unemployment_CIRCULAR,0.0,dws_low_0.296,2.0,0.0,on_1.5,2,0.067,0.134
unemployment_CIRCULAR,0.0,dws_low_0.296,2.0,0.0,on_1.5,5,0.037,0.185
unemployment_CIRCULAR,0.0,dws_low_0.296,2.0,0.0,on_1.5,10,0.034,0.34
unemployment_CIRCULAR,0.0,dws_low_0.296,2.0,0.0,on_1.5,20,0.0335,0.67
unemployment_CIRCULAR,0.0,dws_low_0.296,2.0,0.5,off_1.0,2,0.0675,0.135
unemployment_CIRCULAR,0.0,dws_low_0.296,2.0,0.5,off_1.0,5,0.0355,0.1775
unemployment_CIRCULAR,0.0,dws_low_0.296,2.0,0.5,off_1.0,10,0.0315,0.315
unemployment_CIRCULAR,0.0,dws_low_0.296,2.0,0.5,off_1.0,20,0.031,0.62
unemployment_CIRCULAR,0.0,dws_low_0.296,2.0,0.5,on_1.5,2,0.067,0.134
unemployment_CIRCULAR,0.0,dws_low_0.296,2.0,0.5,on_1.5,5,0.037,0.185
unemployment_CIRCULAR,0.0,dws_low_0.296,2.0,0.5,on_1.5,10,0.034,0.34
unemployment_CIRCULAR,0.0,dws_low_0.296,2.0,0.5,on_1.5,20,0.0335,0.67
unemployment_CIRCULAR,0.0,dws_low_0.296,2.0,1.0,off_1.0,2,0.0675,0.135
unemployment_CIRCULAR,0.0,dws_low_0.296,2.0,1.0,off_1.0,5,0.0355,0.1775
unemployment_CIRCULAR,0.0,dws_low_0.296,2.0,1.0,off_1.0,10,0.0315,0.315
unemployment_CIRCULAR,0.0,dws_low_0.296,2.0,1.0,off_1.0,20,0.031,0.62
unemployment_CIRCULAR,0.0,dws_low_0.296,2.0,1.0,on_1.5,2,0.067,0.134
unemployment_CIRCULAR,0.0,dws_low_0.296,2.0,1.0,on_1.5,5,0.037,0.185
unemployment_CIRCULAR,0.0,dws_low_0.296,2.0,1.0,on_1.5,10,0.034,0.34
unemployment_CIRCULAR,0.0,dws_low_0.296,2.0,1.0,on_1.5,20,0.0335,0.67
unemployment_CIRCULAR,0.0,dws_high_0.643,1.0,0.0,off_1.0,2,0.0665,0.133
unemployment_CIRCULAR,0.0,dws_high_0.643,1.0,0.0,off_1.0,5,0.0665,0.3325
unemployment_CIRCULAR,0.0,dws_high_0.643,1.0,0.0,off_1.0,10,0.0665,0.665
unemployment_CIRCULAR,0.0,dws_high_0.643,1.0,0.0,off_1.0,20,0.0665,1.33
unemployment_CIRCULAR,0.0,dws_high_0.643,1.0,0.0,on_1.5,2,0.0665,0.133
unemployment_CIRCULAR,0.0,dws_high_0.643,1.0,0.0,on_1.5,5,0.0665,0.3325
unemployment_CIRCULAR,0.0,dws_high_0.643,1.0,0.0,on_1.5,10,0.0665,0.665
unemployment_CIRCULAR,0.0,dws_high_0.643,1.0,0.0,on_1.5,20,0.0665,1.33
unemployment_CIRCULAR,0.0,dws_high_0.643,1.0,0.5,off_1.0,2,0.0665,0.133
unemployment_CIRCULAR,0.0,dws_high_0.643,1.0,0.5,off_1.0,5,0.0665,0.3325
unemployment_CIRCULAR,0.0,dws_high_0.643,1.0,0.5,off_1.0,10,0.0665,0.665
unemployment_CIRCULAR,0.0,dws_high_0.643,1.0,0.5,off_1.0,20,0.0665,1.33
unemployment_CIRCULAR,0.0,dws_high_0.643,1.0,0.5,on_1.5,2,0.0665,0.133
unemployment_CIRCULAR,0.0,dws_high_0.643,1.0,0.5,on_1.5,5,0.0665,0.3325
unemployment_CIRCULAR,0.0,dws_high_0.643,1.0,0.5,on_1.5,10,0.0665,0.665
unemployment_CIRCULAR,0.0,dws_high_0.643,1.0,0.5,on_1.5,20,0.0665,1.33
unemployment_CIRCULAR,0.0,dws_high_0.643,1.0,1.0,off_1.0,2,0.0665,0.133
unemployment_CIRCULAR,0.0,dws_high_0.643,1.0,1.0,off_1.0,5,0.0665,0.3325
unemployment_CIRCULAR,0.0,dws_high_0.643,1.0,1.0,off_1.0,10,0.0665,0.665
unemployment_CIRCULAR,0.0,dws_high_0.643,1.0,1.0,off_1.0,20,0.0665,1.33
unemployment_CIRCULAR,0.0,dws_high_0.643,1.0,1.0,on_1.5,2,0.0665,0.133
unemployment_CIRCULAR,0.0,dws_high_0.643,1.0,1.0,on_1.5,5,0.0665,0.3325
unemployment_CIRCULAR,0.0,dws_high_0.643,1.0,1.0,on_1.5,10,0.0665,0.665
unemployment_CIRCULAR,0.0,dws_high_0.643,1.0,1.0,on_1.5,20,0.0665,1.33
unemployment_CIRCULAR,0.0,dws_high_0.643,1.5,0.0,off_1.0,2,0.067,0.134
unemployment_CIRCULAR,0.0,dws_high_0.643,1.5,0.0,off_1.0,5,0.0575,0.2875
unemployment_CIRCULAR,0.0,dws_high_0.643,1.5,0.0,off_1.0,10,0.0575,0.575
unemployment_CIRCULAR,0.0,dws_high_0.643,1.5,0.0,off_1.0,20,0.0575,1.15
unemployment_CIRCULAR,0.0,dws_high_0.643,1.5,0.0,on_1.5,2,0.0665,0.133
unemployment_CIRCULAR,0.0,dws_high_0.643,1.5,0.0,on_1.5,5,0.0655,0.3275
unemployment_CIRCULAR,0.0,dws_high_0.643,1.5,0.0,on_1.5,10,0.0655,0.655
unemployment_CIRCULAR,0.0,dws_high_0.643,1.5,0.0,on_1.5,20,0.0655,1.31
unemployment_CIRCULAR,0.0,dws_high_0.643,1.5,0.5,off_1.0,2,0.067,0.134
unemployment_CIRCULAR,0.0,dws_high_0.643,1.5,0.5,off_1.0,5,0.0575,0.2875
unemployment_CIRCULAR,0.0,dws_high_0.643,1.5,0.5,off_1.0,10,0.0575,0.575
unemployment_CIRCULAR,0.0,dws_high_0.643,1.5,0.5,off_1.0,20,0.0575,1.15
unemployment_CIRCULAR,0.0,dws_high_0.643,1.5,0.5,on_1.5,2,0.0665,0.133
unemployment_CIRCULAR,0.0,dws_high_0.643,1.5,0.5,on_1.5,5,0.0655,0.3275
unemployment_CIRCULAR,0.0,dws_high_0.643,1.5,0.5,on_1.5,10,0.0655,0.655
unemployment_CIRCULAR,0.0,dws_high_0.643,1.5,0.5,on_1.5,20,0.0655,1.31
unemployment_CIRCULAR,0.0,dws_high_0.643,1.5,1.0,off_1.0,2,0.067,0.134
unemployment_CIRCULAR,0.0,dws_high_0.643,1.5,1.0,off_1.0,5,0.0575,0.2875
unemployment_CIRCULAR,0.0,dws_high_0.643,1.5,1.0,off_1.0,10,0.0575,0.575
unemployment_CIRCULAR,0.0,dws_high_0.643,1.5,1.0,off_1.0,20,0.0575,1.15
unemployment_CIRCULAR,0.0,dws_high_0.643,1.5,1.0,on_1.5,2,0.0665,0.133
unemployment_CIRCULAR,0.0,dws_high_0.643,1.5,1.0,on_1.5,5,0.0655,0.3275
unemployment_CIRCULAR,0.0,dws_high_0.643,1.5,1.0,on_1.5,10,0.0655,0.655
unemployment_CIRCULAR,0.0,dws_high_0.643,1.5,1.0,on_1.5,20,0.0655,1.31
unemployment_CIRCULAR,0.0,dws_high_0.643,2.0,0.0,off_1.0,2,0.067,0.134
unemployment_CIRCULAR,0.0,dws_high_0.643,2.0,0.0,off_1.0,5,0.048,0.24
unemployment_CIRCULAR,0.0,dws_high_0.643,2.0,0.0,off_1.0,10,0.047,0.47
unemployment_CIRCULAR,0.0,dws_high_0.643,2.0,0.0,off_1.0,20,0.047,0.94
unemployment_CIRCULAR,0.0,dws_high_0.643,2.0,0.0,on_1.5,2,0.067,0.134
unemployment_CIRCULAR,0.0,dws_high_0.643,2.0,0.0,on_1.5,5,0.0535,0.2675
unemployment_CIRCULAR,0.0,dws_high_0.643,2.0,0.0,on_1.5,10,0.0535,0.535
unemployment_CIRCULAR,0.0,dws_high_0.643,2.0,0.0,on_1.5,20,0.0535,1.07
unemployment_CIRCULAR,0.0,dws_high_0.643,2.0,0.5,off_1.0,2,0.067,0.134
unemployment_CIRCULAR,0.0,dws_high_0.643,2.0,0.5,off_1.0,5,0.048,0.24
unemployment_CIRCULAR,0.0,dws_high_0.643,2.0,0.5,off_1.0,10,0.047,0.47
unemployment_CIRCULAR,0.0,dws_high_0.643,2.0,0.5,off_1.0,20,0.047,0.94
unemployment_CIRCULAR,0.0,dws_high_0.643,2.0,0.5,on_1.5,2,0.067,0.134
unemployment_CIRCULAR,0.0,dws_high_0.643,2.0,0.5,on_1.5,5,0.0535,0.2675
unemployment_CIRCULAR,0.0,dws_high_0.643,2.0,0.5,on_1.5,10,0.0535,0.535
unemployment_CIRCULAR,0.0,dws_high_0.643,2.0,0.5,on_1.5,20,0.0535,1.07
unemployment_CIRCULAR,0.0,dws_high_0.643,2.0,1.0,off_1.0,2,0.067,0.134
unemployment_CIRCULAR,0.0,dws_high_0.643,2.0,1.0,off_1.0,5,0.048,0.24
unemployment_CIRCULAR,0.0,dws_high_0.643,2.0,1.0,off_1.0,10,0.047,0.47
unemployment_CIRCULAR,0.0,dws_high_0.643,2.0,1.0,off_1.0,20,0.047,0.94
unemployment_CIRCULAR,0.0,dws_high_0.643,2.0,1.0,on_1.5,2,0.067,0.134
unemployment_CIRCULAR,0.0,dws_high_0.643,2.0,1.0,on_1.5,5,0.0535,0.2675
unemployment_CIRCULAR,0.0,dws_high_0.643,2.0,1.0,on_1.5,10,0.0535,0.535
unemployment_CIRCULAR,0.0,dws_high_0.643,2.0,1.0,on_1.5,20,0.0535,1.07
unemployment_CIRCULAR,0.0,AR_long_run_0.75,1.0,0.0,off_1.0,2,0.0665,0.133
unemployment_CIRCULAR,0.0,AR_long_run_0.75,1.0,0.0,off_1.0,5,0.0665,0.3325
unemployment_CIRCULAR,0.0,AR_long_run_0.75,1.0,0.0,off_1.0,10,0.0665,0.665
unemployment_CIRCULAR,0.0,AR_long_run_0.75,1.0,0.0,off_1.0,20,0.0665,1.33
unemployment_CIRCULAR,0.0,AR_long_run_0.75,1.0,0.0,on_1.5,2,0.066,0.132
unemployment_CIRCULAR,0.0,AR_long_run_0.75,1.0,0.0,on_1.5,5,0.066,0.33
unemployment_CIRCULAR,0.0,AR_long_run_0.75,1.0,0.0,on_1.5,10,0.066,0.66
unemployment_CIRCULAR,0.0,AR_long_run_0.75,1.0,0.0,on_1.5,20,0.066,1.32
unemployment_CIRCULAR,0.0,AR_long_run_0.75,1.0,0.5,off_1.0,2,0.0665,0.133
unemployment_CIRCULAR,0.0,AR_long_run_0.75,1.0,0.5,off_1.0,5,0.0665,0.3325
unemployment_CIRCULAR,0.0,AR_long_run_0.75,1.0,0.5,off_1.0,10,0.0665,0.665
unemployment_CIRCULAR,0.0,AR_long_run_0.75,1.0,0.5,off_1.0,20,0.0665,1.33
unemployment_CIRCULAR,0.0,AR_long_run_0.75,1.0,0.5,on_1.5,2,0.066,0.132
unemployment_CIRCULAR,0.0,AR_long_run_0.75,1.0,0.5,on_1.5,5,0.066,0.33
unemployment_CIRCULAR,0.0,AR_long_run_0.75,1.0,0.5,on_1.5,10,0.066,0.66
unemployment_CIRCULAR,0.0,AR_long_run_0.75,1.0,0.5,on_1.5,20,0.066,1.32
unemployment_CIRCULAR,0.0,AR_long_run_0.75,1.0,1.0,off_1.0,2,0.0665,0.133
unemployment_CIRCULAR,0.0,AR_long_run_0.75,1.0,1.0,off_1.0,5,0.0665,0.3325
unemployment_CIRCULAR,0.0,AR_long_run_0.75,1.0,1.0,off_1.0,10,0.0665,0.665
unemployment_CIRCULAR,0.0,AR_long_run_0.75,1.0,1.0,off_1.0,20,0.0665,1.33
unemployment_CIRCULAR,0.0,AR_long_run_0.75,1.0,1.0,on_1.5,2,0.066,0.132
unemployment_CIRCULAR,0.0,AR_long_run_0.75,1.0,1.0,on_1.5,5,0.066,0.33
unemployment_CIRCULAR,0.0,AR_long_run_0.75,1.0,1.0,on_1.5,10,0.066,0.66
unemployment_CIRCULAR,0.0,AR_long_run_0.75,1.0,1.0,on_1.5,20,0.066,1.32
unemployment_CIRCULAR,0.0,AR_long_run_0.75,1.5,0.0,off_1.0,2,0.067,0.134
unemployment_CIRCULAR,0.0,AR_long_run_0.75,1.5,0.0,off_1.0,5,0.066,0.33
unemployment_CIRCULAR,0.0,AR_long_run_0.75,1.5,0.0,off_1.0,10,0.066,0.66
unemployment_CIRCULAR,0.0,AR_long_run_0.75,1.5,0.0,off_1.0,20,0.066,1.32
unemployment_CIRCULAR,0.0,AR_long_run_0.75,1.5,0.0,on_1.5,2,0.0665,0.133
unemployment_CIRCULAR,0.0,AR_long_run_0.75,1.5,0.0,on_1.5,5,0.0665,0.3325
unemployment_CIRCULAR,0.0,AR_long_run_0.75,1.5,0.0,on_1.5,10,0.0665,0.665
unemployment_CIRCULAR,0.0,AR_long_run_0.75,1.5,0.0,on_1.5,20,0.0665,1.33
unemployment_CIRCULAR,0.0,AR_long_run_0.75,1.5,0.5,off_1.0,2,0.067,0.134
unemployment_CIRCULAR,0.0,AR_long_run_0.75,1.5,0.5,off_1.0,5,0.066,0.33
unemployment_CIRCULAR,0.0,AR_long_run_0.75,1.5,0.5,off_1.0,10,0.066,0.66
unemployment_CIRCULAR,0.0,AR_long_run_0.75,1.5,0.5,off_1.0,20,0.066,1.32
unemployment_CIRCULAR,0.0,AR_long_run_0.75,1.5,0.5,on_1.5,2,0.0665,0.133
unemployment_CIRCULAR,0.0,AR_long_run_0.75,1.5,0.5,on_1.5,5,0.0665,0.3325
unemployment_CIRCULAR,0.0,AR_long_run_0.75,1.5,0.5,on_1.5,10,0.0665,0.665
unemployment_CIRCULAR,0.0,AR_long_run_0.75,1.5,0.5,on_1.5,20,0.0665,1.33
unemployment_CIRCULAR,0.0,AR_long_run_0.75,1.5,1.0,off_1.0,2,0.067,0.134
unemployment_CIRCULAR,0.0,AR_long_run_0.75,1.5,1.0,off_1.0,5,0.066,0.33
unemployment_CIRCULAR,0.0,AR_long_run_0.75,1.5,1.0,off_1.0,10,0.066,0.66
unemployment_CIRCULAR,0.0,AR_long_run_0.75,1.5,1.0,off_1.0,20,0.066,1.32
unemployment_CIRCULAR,0.0,AR_long_run_0.75,1.5,1.0,on_1.5,2,0.0665,0.133
unemployment_CIRCULAR,0.0,AR_long_run_0.75,1.5,1.0,on_1.5,5,0.0665,0.3325
unemployment_CIRCULAR,0.0,AR_long_run_0.75,1.5,1.0,on_1.5,10,0.0665,0.665
unemployment_CIRCULAR,0.0,AR_long_run_0.75,1.5,1.0,on_1.5,20,0.0665,1.33
unemployment_CIRCULAR,0.0,AR_long_run_0.75,2.0,0.0,off_1.0,2,0.067,0.134
unemployment_CIRCULAR,0.0,AR_long_run_0.75,2.0,0.0,off_1.0,5,0.0545,0.2725
unemployment_CIRCULAR,0.0,AR_long_run_0.75,2.0,0.0,off_1.0,10,0.0545,0.545
unemployment_CIRCULAR,0.0,AR_long_run_0.75,2.0,0.0,off_1.0,20,0.0545,1.09
unemployment_CIRCULAR,0.0,AR_long_run_0.75,2.0,0.0,on_1.5,2,0.067,0.134
unemployment_CIRCULAR,0.0,AR_long_run_0.75,2.0,0.0,on_1.5,5,0.062,0.31
unemployment_CIRCULAR,0.0,AR_long_run_0.75,2.0,0.0,on_1.5,10,0.062,0.62
unemployment_CIRCULAR,0.0,AR_long_run_0.75,2.0,0.0,on_1.5,20,0.062,1.24
unemployment_CIRCULAR,0.0,AR_long_run_0.75,2.0,0.5,off_1.0,2,0.067,0.134
unemployment_CIRCULAR,0.0,AR_long_run_0.75,2.0,0.5,off_1.0,5,0.0545,0.2725
unemployment_CIRCULAR,0.0,AR_long_run_0.75,2.0,0.5,off_1.0,10,0.0545,0.545
unemployment_CIRCULAR,0.0,AR_long_run_0.75,2.0,0.5,off_1.0,20,0.0545,1.09
unemployment_CIRCULAR,0.0,AR_long_run_0.75,2.0,0.5,on_1.5,2,0.067,0.134
unemployment_CIRCULAR,0.0,AR_long_run_0.75,2.0,0.5,on_1.5,5,0.062,0.31
unemployment_CIRCULAR,0.0,AR_long_run_0.75,2.0,0.5,on_1.5,10,0.062,0.62
unemployment_CIRCULAR,0.0,AR_long_run_0.75,2.0,0.5,on_1.5,20,0.062,1.24
unemployment_CIRCULAR,0.0,AR_long_run_0.75,2.0,1.0,off_1.0,2,0.067,0.134
unemployment_CIRCULAR,0.0,AR_long_run_0.75,2.0,1.0,off_1.0,5,0.0545,0.2725
unemployment_CIRCULAR,0.0,AR_long_run_0.75,2.0,1.0,off_1.0,10,0.0545,0.545
unemployment_CIRCULAR,0.0,AR_long_run_0.75,2.0,1.0,off_1.0,20,0.0545,1.09
unemployment_CIRCULAR,0.0,AR_long_run_0.75,2.0,1.0,on_1.5,2,0.067,0.134
unemployment_CIRCULAR,0.0,AR_long_run_0.75,2.0,1.0,on_1.5,5,0.062,0.31
unemployment_CIRCULAR,0.0,AR_long_run_0.75,2.0,1.0,on_1.5,10,0.062,0.62
unemployment_CIRCULAR,0.0,AR_long_run_0.75,2.0,1.0,on_1.5,20,0.062,1.24
unemployment_CIRCULAR,0.5,dws_0.462,1.0,0.0,off_1.0,2,0.067,0.134
unemployment_CIRCULAR,0.5,dws_0.462,1.0,0.0,off_1.0,5,0.056,0.28
unemployment_CIRCULAR,0.5,dws_0.462,1.0,0.0,off_1.0,10,0.049,0.49
unemployment_CIRCULAR,0.5,dws_0.462,1.0,0.0,off_1.0,20,0.04,0.8
unemployment_CIRCULAR,0.5,dws_0.462,1.0,0.0,on_1.5,2,0.0665,0.133
unemployment_CIRCULAR,0.5,dws_0.462,1.0,0.0,on_1.5,5,0.0635,0.3175
unemployment_CIRCULAR,0.5,dws_0.462,1.0,0.0,on_1.5,10,0.0555,0.555
unemployment_CIRCULAR,0.5,dws_0.462,1.0,0.0,on_1.5,20,0.046,0.92
unemployment_CIRCULAR,0.5,dws_0.462,1.0,0.5,off_1.0,2,0.067,0.134
unemployment_CIRCULAR,0.5,dws_0.462,1.0,0.5,off_1.0,5,0.056,0.28
unemployment_CIRCULAR,0.5,dws_0.462,1.0,0.5,off_1.0,10,0.049,0.49
unemployment_CIRCULAR,0.5,dws_0.462,1.0,0.5,off_1.0,20,0.04,0.8
unemployment_CIRCULAR,0.5,dws_0.462,1.0,0.5,on_1.5,2,0.0665,0.133
unemployment_CIRCULAR,0.5,dws_0.462,1.0,0.5,on_1.5,5,0.0635,0.3175
unemployment_CIRCULAR,0.5,dws_0.462,1.0,0.5,on_1.5,10,0.0555,0.555
unemployment_CIRCULAR,0.5,dws_0.462,1.0,0.5,on_1.5,20,0.046,0.92
unemployment_CIRCULAR,0.5,dws_0.462,1.0,1.0,off_1.0,2,0.067,0.134
unemployment_CIRCULAR,0.5,dws_0.462,1.0,1.0,off_1.0,5,0.056,0.28
unemployment_CIRCULAR,0.5,dws_0.462,1.0,1.0,off_1.0,10,0.049,0.49
unemployment_CIRCULAR,0.5,dws_0.462,1.0,1.0,off_1.0,20,0.04,0.8
unemployment_CIRCULAR,0.5,dws_0.462,1.0,1.0,on_1.5,2,0.0665,0.133
unemployment_CIRCULAR,0.5,dws_0.462,1.0,1.0,on_1.5,5,0.0635,0.3175
unemployment_CIRCULAR,0.5,dws_0.462,1.0,1.0,on_1.5,10,0.0555,0.555
unemployment_CIRCULAR,0.5,dws_0.462,1.0,1.0,on_1.5,20,0.046,0.92
unemployment_CIRCULAR,0.5,dws_0.462,1.5,0.0,off_1.0,2,0.067,0.134
unemployment_CIRCULAR,0.5,dws_0.462,1.5,0.0,off_1.0,5,0.0445,0.2225
unemployment_CIRCULAR,0.5,dws_0.462,1.5,0.0,off_1.0,10,0.039,0.39
unemployment_CIRCULAR,0.5,dws_0.462,1.5,0.0,off_1.0,20,0.0325,0.65
unemployment_CIRCULAR,0.5,dws_0.462,1.5,0.0,on_1.5,2,0.067,0.134
unemployment_CIRCULAR,0.5,dws_0.462,1.5,0.0,on_1.5,5,0.049,0.245
unemployment_CIRCULAR,0.5,dws_0.462,1.5,0.0,on_1.5,10,0.044,0.44
unemployment_CIRCULAR,0.5,dws_0.462,1.5,0.0,on_1.5,20,0.037,0.74
unemployment_CIRCULAR,0.5,dws_0.462,1.5,0.5,off_1.0,2,0.067,0.134
unemployment_CIRCULAR,0.5,dws_0.462,1.5,0.5,off_1.0,5,0.0445,0.2225
unemployment_CIRCULAR,0.5,dws_0.462,1.5,0.5,off_1.0,10,0.039,0.39
unemployment_CIRCULAR,0.5,dws_0.462,1.5,0.5,off_1.0,20,0.0325,0.65
unemployment_CIRCULAR,0.5,dws_0.462,1.5,0.5,on_1.5,2,0.067,0.134
unemployment_CIRCULAR,0.5,dws_0.462,1.5,0.5,on_1.5,5,0.049,0.245
unemployment_CIRCULAR,0.5,dws_0.462,1.5,0.5,on_1.5,10,0.044,0.44
unemployment_CIRCULAR,0.5,dws_0.462,1.5,0.5,on_1.5,20,0.037,0.74
unemployment_CIRCULAR,0.5,dws_0.462,1.5,1.0,off_1.0,2,0.067,0.134
unemployment_CIRCULAR,0.5,dws_0.462,1.5,1.0,off_1.0,5,0.0445,0.2225
unemployment_CIRCULAR,0.5,dws_0.462,1.5,1.0,off_1.0,10,0.039,0.39
unemployment_CIRCULAR,0.5,dws_0.462,1.5,1.0,off_1.0,20,0.0325,0.65
unemployment_CIRCULAR,0.5,dws_0.462,1.5,1.0,on_1.5,2,0.067,0.134
unemployment_CIRCULAR,0.5,dws_0.462,1.5,1.0,on_1.5,5,0.049,0.245
unemployment_CIRCULAR,0.5,dws_0.462,1.5,1.0,on_1.5,10,0.044,0.44
unemployment_CIRCULAR,0.5,dws_0.462,1.5,1.0,on_1.5,20,0.037,0.74
unemployment_CIRCULAR,0.5,dws_0.462,2.0,0.0,off_1.0,2,0.067,0.134
unemployment_CIRCULAR,0.5,dws_0.462,2.0,0.0,off_1.0,5,0.0385,0.1925
unemployment_CIRCULAR,0.5,dws_0.462,2.0,0.0,off_1.0,10,0.033,0.33
unemployment_CIRCULAR,0.5,dws_0.462,2.0,0.0,off_1.0,20,0.028,0.56
unemployment_CIRCULAR,0.5,dws_0.462,2.0,0.0,on_1.5,2,0.067,0.134
unemployment_CIRCULAR,0.5,dws_0.462,2.0,0.0,on_1.5,5,0.0415,0.2075
unemployment_CIRCULAR,0.5,dws_0.462,2.0,0.0,on_1.5,10,0.0365,0.365
unemployment_CIRCULAR,0.5,dws_0.462,2.0,0.0,on_1.5,20,0.0315,0.63
unemployment_CIRCULAR,0.5,dws_0.462,2.0,0.5,off_1.0,2,0.067,0.134
unemployment_CIRCULAR,0.5,dws_0.462,2.0,0.5,off_1.0,5,0.0385,0.1925
unemployment_CIRCULAR,0.5,dws_0.462,2.0,0.5,off_1.0,10,0.033,0.33
unemployment_CIRCULAR,0.5,dws_0.462,2.0,0.5,off_1.0,20,0.028,0.56
unemployment_CIRCULAR,0.5,dws_0.462,2.0,0.5,on_1.5,2,0.067,0.134
unemployment_CIRCULAR,0.5,dws_0.462,2.0,0.5,on_1.5,5,0.0415,0.2075
unemployment_CIRCULAR,0.5,dws_0.462,2.0,0.5,on_1.5,10,0.0365,0.365
unemployment_CIRCULAR,0.5,dws_0.462,2.0,0.5,on_1.5,20,0.0315,0.63
unemployment_CIRCULAR,0.5,dws_0.462,2.0,1.0,off_1.0,2,0.067,0.134
unemployment_CIRCULAR,0.5,dws_0.462,2.0,1.0,off_1.0,5,0.0385,0.1925
unemployment_CIRCULAR,0.5,dws_0.462,2.0,1.0,off_1.0,10,0.033,0.33
unemployment_CIRCULAR,0.5,dws_0.462,2.0,1.0,off_1.0,20,0.028,0.56
unemployment_CIRCULAR,0.5,dws_0.462,2.0,1.0,on_1.5,2,0.067,0.134
unemployment_CIRCULAR,0.5,dws_0.462,2.0,1.0,on_1.5,5,0.0415,0.2075
unemployment_CIRCULAR,0.5,dws_0.462,2.0,1.0,on_1.5,10,0.0365,0.365
unemployment_CIRCULAR,0.5,dws_0.462,2.0,1.0,on_1.5,20,0.0315,0.63
unemployment_CIRCULAR,0.5,dws_low_0.296,1.0,0.0,off_1.0,2,0.067,0.134
unemployment_CIRCULAR,0.5,dws_low_0.296,1.0,0.0,off_1.0,5,0.0475,0.2375
unemployment_CIRCULAR,0.5,dws_low_0.296,1.0,0.0,off_1.0,10,0.0415,0.415
unemployment_CIRCULAR,0.5,dws_low_0.296,1.0,0.0,off_1.0,20,0.034,0.68
unemployment_CIRCULAR,0.5,dws_low_0.296,1.0,0.0,on_1.5,2,0.067,0.134
unemployment_CIRCULAR,0.5,dws_low_0.296,1.0,0.0,on_1.5,5,0.052,0.26
unemployment_CIRCULAR,0.5,dws_low_0.296,1.0,0.0,on_1.5,10,0.0455,0.455
unemployment_CIRCULAR,0.5,dws_low_0.296,1.0,0.0,on_1.5,20,0.0375,0.75
unemployment_CIRCULAR,0.5,dws_low_0.296,1.0,0.5,off_1.0,2,0.067,0.134
unemployment_CIRCULAR,0.5,dws_low_0.296,1.0,0.5,off_1.0,5,0.0475,0.2375
unemployment_CIRCULAR,0.5,dws_low_0.296,1.0,0.5,off_1.0,10,0.0415,0.415
unemployment_CIRCULAR,0.5,dws_low_0.296,1.0,0.5,off_1.0,20,0.034,0.68
unemployment_CIRCULAR,0.5,dws_low_0.296,1.0,0.5,on_1.5,2,0.067,0.134
unemployment_CIRCULAR,0.5,dws_low_0.296,1.0,0.5,on_1.5,5,0.052,0.26
unemployment_CIRCULAR,0.5,dws_low_0.296,1.0,0.5,on_1.5,10,0.0455,0.455
unemployment_CIRCULAR,0.5,dws_low_0.296,1.0,0.5,on_1.5,20,0.0375,0.75
unemployment_CIRCULAR,0.5,dws_low_0.296,1.0,1.0,off_1.0,2,0.067,0.134
unemployment_CIRCULAR,0.5,dws_low_0.296,1.0,1.0,off_1.0,5,0.0475,0.2375
unemployment_CIRCULAR,0.5,dws_low_0.296,1.0,1.0,off_1.0,10,0.0415,0.415
unemployment_CIRCULAR,0.5,dws_low_0.296,1.0,1.0,off_1.0,20,0.034,0.68
unemployment_CIRCULAR,0.5,dws_low_0.296,1.0,1.0,on_1.5,2,0.067,0.134
unemployment_CIRCULAR,0.5,dws_low_0.296,1.0,1.0,on_1.5,5,0.052,0.26
unemployment_CIRCULAR,0.5,dws_low_0.296,1.0,1.0,on_1.5,10,0.0455,0.455
unemployment_CIRCULAR,0.5,dws_low_0.296,1.0,1.0,on_1.5,20,0.0375,0.75
unemployment_CIRCULAR,0.5,dws_low_0.296,1.5,0.0,off_1.0,2,0.0675,0.135
unemployment_CIRCULAR,0.5,dws_low_0.296,1.5,0.0,off_1.0,5,0.039,0.195
unemployment_CIRCULAR,0.5,dws_low_0.296,1.5,0.0,off_1.0,10,0.033,0.33
unemployment_CIRCULAR,0.5,dws_low_0.296,1.5,0.0,off_1.0,20,0.0275,0.55
unemployment_CIRCULAR,0.5,dws_low_0.296,1.5,0.0,on_1.5,2,0.067,0.134
unemployment_CIRCULAR,0.5,dws_low_0.296,1.5,0.0,on_1.5,5,0.041,0.205
unemployment_CIRCULAR,0.5,dws_low_0.296,1.5,0.0,on_1.5,10,0.036,0.36
unemployment_CIRCULAR,0.5,dws_low_0.296,1.5,0.0,on_1.5,20,0.0305,0.61
unemployment_CIRCULAR,0.5,dws_low_0.296,1.5,0.5,off_1.0,2,0.0675,0.135
unemployment_CIRCULAR,0.5,dws_low_0.296,1.5,0.5,off_1.0,5,0.039,0.195
unemployment_CIRCULAR,0.5,dws_low_0.296,1.5,0.5,off_1.0,10,0.033,0.33
unemployment_CIRCULAR,0.5,dws_low_0.296,1.5,0.5,off_1.0,20,0.0275,0.55
unemployment_CIRCULAR,0.5,dws_low_0.296,1.5,0.5,on_1.5,2,0.067,0.134
unemployment_CIRCULAR,0.5,dws_low_0.296,1.5,0.5,on_1.5,5,0.041,0.205
unemployment_CIRCULAR,0.5,dws_low_0.296,1.5,0.5,on_1.5,10,0.036,0.36
unemployment_CIRCULAR,0.5,dws_low_0.296,1.5,0.5,on_1.5,20,0.0305,0.61
unemployment_CIRCULAR,0.5,dws_low_0.296,1.5,1.0,off_1.0,2,0.0675,0.135
unemployment_CIRCULAR,0.5,dws_low_0.296,1.5,1.0,off_1.0,5,0.039,0.195
unemployment_CIRCULAR,0.5,dws_low_0.296,1.5,1.0,off_1.0,10,0.033,0.33
unemployment_CIRCULAR,0.5,dws_low_0.296,1.5,1.0,off_1.0,20,0.0275,0.55
unemployment_CIRCULAR,0.5,dws_low_0.296,1.5,1.0,on_1.5,2,0.067,0.134
unemployment_CIRCULAR,0.5,dws_low_0.296,1.5,1.0,on_1.5,5,0.041,0.205
unemployment_CIRCULAR,0.5,dws_low_0.296,1.5,1.0,on_1.5,10,0.036,0.36
unemployment_CIRCULAR,0.5,dws_low_0.296,1.5,1.0,on_1.5,20,0.0305,0.61
unemployment_CIRCULAR,0.5,dws_low_0.296,2.0,0.0,off_1.0,2,0.0675,0.135
unemployment_CIRCULAR,0.5,dws_low_0.296,2.0,0.0,off_1.0,5,0.0345,0.1725
unemployment_CIRCULAR,0.5,dws_low_0.296,2.0,0.0,off_1.0,10,0.028,0.28
unemployment_CIRCULAR,0.5,dws_low_0.296,2.0,0.0,off_1.0,20,0.024,0.48
unemployment_CIRCULAR,0.5,dws_low_0.296,2.0,0.0,on_1.5,2,0.067,0.134
unemployment_CIRCULAR,0.5,dws_low_0.296,2.0,0.0,on_1.5,5,0.036,0.18
unemployment_CIRCULAR,0.5,dws_low_0.296,2.0,0.0,on_1.5,10,0.0305,0.305
unemployment_CIRCULAR,0.5,dws_low_0.296,2.0,0.0,on_1.5,20,0.026,0.52
unemployment_CIRCULAR,0.5,dws_low_0.296,2.0,0.5,off_1.0,2,0.0675,0.135
unemployment_CIRCULAR,0.5,dws_low_0.296,2.0,0.5,off_1.0,5,0.0345,0.1725
unemployment_CIRCULAR,0.5,dws_low_0.296,2.0,0.5,off_1.0,10,0.028,0.28
unemployment_CIRCULAR,0.5,dws_low_0.296,2.0,0.5,off_1.0,20,0.024,0.48
unemployment_CIRCULAR,0.5,dws_low_0.296,2.0,0.5,on_1.5,2,0.067,0.134
unemployment_CIRCULAR,0.5,dws_low_0.296,2.0,0.5,on_1.5,5,0.036,0.18
unemployment_CIRCULAR,0.5,dws_low_0.296,2.0,0.5,on_1.5,10,0.0305,0.305
unemployment_CIRCULAR,0.5,dws_low_0.296,2.0,0.5,on_1.5,20,0.026,0.52
unemployment_CIRCULAR,0.5,dws_low_0.296,2.0,1.0,off_1.0,2,0.0675,0.135
unemployment_CIRCULAR,0.5,dws_low_0.296,2.0,1.0,off_1.0,5,0.0345,0.1725
unemployment_CIRCULAR,0.5,dws_low_0.296,2.0,1.0,off_1.0,10,0.028,0.28
unemployment_CIRCULAR,0.5,dws_low_0.296,2.0,1.0,off_1.0,20,0.024,0.48
unemployment_CIRCULAR,0.5,dws_low_0.296,2.0,1.0,on_1.5,2,0.067,0.134
unemployment_CIRCULAR,0.5,dws_low_0.296,2.0,1.0,on_1.5,5,0.036,0.18
unemployment_CIRCULAR,0.5,dws_low_0.296,2.0,1.0,on_1.5,10,0.0305,0.305
unemployment_CIRCULAR,0.5,dws_low_0.296,2.0,1.0,on_1.5,20,0.026,0.52
unemployment_CIRCULAR,0.5,dws_high_0.643,1.0,0.0,off_1.0,2,0.0665,0.133
unemployment_CIRCULAR,0.5,dws_high_0.643,1.0,0.0,off_1.0,5,0.0665,0.3325
unemployment_CIRCULAR,0.5,dws_high_0.643,1.0,0.0,off_1.0,10,0.058,0.58
unemployment_CIRCULAR,0.5,dws_high_0.643,1.0,0.0,off_1.0,20,0.047,0.94
unemployment_CIRCULAR,0.5,dws_high_0.643,1.0,0.0,on_1.5,2,0.0665,0.133
unemployment_CIRCULAR,0.5,dws_high_0.643,1.0,0.0,on_1.5,5,0.0665,0.3325
unemployment_CIRCULAR,0.5,dws_high_0.643,1.0,0.0,on_1.5,10,0.0665,0.665
unemployment_CIRCULAR,0.5,dws_high_0.643,1.0,0.0,on_1.5,20,0.056,1.12
unemployment_CIRCULAR,0.5,dws_high_0.643,1.0,0.5,off_1.0,2,0.0665,0.133
unemployment_CIRCULAR,0.5,dws_high_0.643,1.0,0.5,off_1.0,5,0.0665,0.3325
unemployment_CIRCULAR,0.5,dws_high_0.643,1.0,0.5,off_1.0,10,0.058,0.58
unemployment_CIRCULAR,0.5,dws_high_0.643,1.0,0.5,off_1.0,20,0.047,0.94
unemployment_CIRCULAR,0.5,dws_high_0.643,1.0,0.5,on_1.5,2,0.0665,0.133
unemployment_CIRCULAR,0.5,dws_high_0.643,1.0,0.5,on_1.5,5,0.0665,0.3325
unemployment_CIRCULAR,0.5,dws_high_0.643,1.0,0.5,on_1.5,10,0.0665,0.665
unemployment_CIRCULAR,0.5,dws_high_0.643,1.0,0.5,on_1.5,20,0.056,1.12
unemployment_CIRCULAR,0.5,dws_high_0.643,1.0,1.0,off_1.0,2,0.0665,0.133
unemployment_CIRCULAR,0.5,dws_high_0.643,1.0,1.0,off_1.0,5,0.0665,0.3325
unemployment_CIRCULAR,0.5,dws_high_0.643,1.0,1.0,off_1.0,10,0.058,0.58
unemployment_CIRCULAR,0.5,dws_high_0.643,1.0,1.0,off_1.0,20,0.047,0.94
unemployment_CIRCULAR,0.5,dws_high_0.643,1.0,1.0,on_1.5,2,0.0665,0.133
unemployment_CIRCULAR,0.5,dws_high_0.643,1.0,1.0,on_1.5,5,0.0665,0.3325
unemployment_CIRCULAR,0.5,dws_high_0.643,1.0,1.0,on_1.5,10,0.0665,0.665
unemployment_CIRCULAR,0.5,dws_high_0.643,1.0,1.0,on_1.5,20,0.056,1.12
unemployment_CIRCULAR,0.5,dws_high_0.643,1.5,0.0,off_1.0,2,0.067,0.134
unemployment_CIRCULAR,0.5,dws_high_0.643,1.5,0.0,off_1.0,5,0.0535,0.2675
unemployment_CIRCULAR,0.5,dws_high_0.643,1.5,0.0,off_1.0,10,0.047,0.47
unemployment_CIRCULAR,0.5,dws_high_0.643,1.5,0.0,off_1.0,20,0.039,0.78
unemployment_CIRCULAR,0.5,dws_high_0.643,1.5,0.0,on_1.5,2,0.0665,0.133
unemployment_CIRCULAR,0.5,dws_high_0.643,1.5,0.0,on_1.5,5,0.0605,0.3025
unemployment_CIRCULAR,0.5,dws_high_0.643,1.5,0.0,on_1.5,10,0.0535,0.535
unemployment_CIRCULAR,0.5,dws_high_0.643,1.5,0.0,on_1.5,20,0.045,0.9
unemployment_CIRCULAR,0.5,dws_high_0.643,1.5,0.5,off_1.0,2,0.067,0.134
unemployment_CIRCULAR,0.5,dws_high_0.643,1.5,0.5,off_1.0,5,0.0535,0.2675
unemployment_CIRCULAR,0.5,dws_high_0.643,1.5,0.5,off_1.0,10,0.047,0.47
unemployment_CIRCULAR,0.5,dws_high_0.643,1.5,0.5,off_1.0,20,0.039,0.78
unemployment_CIRCULAR,0.5,dws_high_0.643,1.5,0.5,on_1.5,2,0.0665,0.133
unemployment_CIRCULAR,0.5,dws_high_0.643,1.5,0.5,on_1.5,5,0.0605,0.3025
unemployment_CIRCULAR,0.5,dws_high_0.643,1.5,0.5,on_1.5,10,0.0535,0.535
unemployment_CIRCULAR,0.5,dws_high_0.643,1.5,0.5,on_1.5,20,0.045,0.9
unemployment_CIRCULAR,0.5,dws_high_0.643,1.5,1.0,off_1.0,2,0.067,0.134
unemployment_CIRCULAR,0.5,dws_high_0.643,1.5,1.0,off_1.0,5,0.0535,0.2675
unemployment_CIRCULAR,0.5,dws_high_0.643,1.5,1.0,off_1.0,10,0.047,0.47
unemployment_CIRCULAR,0.5,dws_high_0.643,1.5,1.0,off_1.0,20,0.039,0.78
unemployment_CIRCULAR,0.5,dws_high_0.643,1.5,1.0,on_1.5,2,0.0665,0.133
unemployment_CIRCULAR,0.5,dws_high_0.643,1.5,1.0,on_1.5,5,0.0605,0.3025
unemployment_CIRCULAR,0.5,dws_high_0.643,1.5,1.0,on_1.5,10,0.0535,0.535
unemployment_CIRCULAR,0.5,dws_high_0.643,1.5,1.0,on_1.5,20,0.045,0.9
unemployment_CIRCULAR,0.5,dws_high_0.643,2.0,0.0,off_1.0,2,0.067,0.134
unemployment_CIRCULAR,0.5,dws_high_0.643,2.0,0.0,off_1.0,5,0.045,0.225
unemployment_CIRCULAR,0.5,dws_high_0.643,2.0,0.0,off_1.0,10,0.04,0.4
unemployment_CIRCULAR,0.5,dws_high_0.643,2.0,0.0,off_1.0,20,0.0335,0.67
unemployment_CIRCULAR,0.5,dws_high_0.643,2.0,0.0,on_1.5,2,0.067,0.134
unemployment_CIRCULAR,0.5,dws_high_0.643,2.0,0.0,on_1.5,5,0.05,0.25
unemployment_CIRCULAR,0.5,dws_high_0.643,2.0,0.0,on_1.5,10,0.045,0.45
unemployment_CIRCULAR,0.5,dws_high_0.643,2.0,0.0,on_1.5,20,0.0385,0.77
unemployment_CIRCULAR,0.5,dws_high_0.643,2.0,0.5,off_1.0,2,0.067,0.134
unemployment_CIRCULAR,0.5,dws_high_0.643,2.0,0.5,off_1.0,5,0.045,0.225
unemployment_CIRCULAR,0.5,dws_high_0.643,2.0,0.5,off_1.0,10,0.04,0.4
unemployment_CIRCULAR,0.5,dws_high_0.643,2.0,0.5,off_1.0,20,0.0335,0.67
unemployment_CIRCULAR,0.5,dws_high_0.643,2.0,0.5,on_1.5,2,0.067,0.134
unemployment_CIRCULAR,0.5,dws_high_0.643,2.0,0.5,on_1.5,5,0.05,0.25
unemployment_CIRCULAR,0.5,dws_high_0.643,2.0,0.5,on_1.5,10,0.045,0.45
unemployment_CIRCULAR,0.5,dws_high_0.643,2.0,0.5,on_1.5,20,0.0385,0.77
unemployment_CIRCULAR,0.5,dws_high_0.643,2.0,1.0,off_1.0,2,0.067,0.134
unemployment_CIRCULAR,0.5,dws_high_0.643,2.0,1.0,off_1.0,5,0.045,0.225
unemployment_CIRCULAR,0.5,dws_high_0.643,2.0,1.0,off_1.0,10,0.04,0.4
unemployment_CIRCULAR,0.5,dws_high_0.643,2.0,1.0,off_1.0,20,0.0335,0.67
unemployment_CIRCULAR,0.5,dws_high_0.643,2.0,1.0,on_1.5,2,0.067,0.134
unemployment_CIRCULAR,0.5,dws_high_0.643,2.0,1.0,on_1.5,5,0.05,0.25
unemployment_CIRCULAR,0.5,dws_high_0.643,2.0,1.0,on_1.5,10,0.045,0.45
unemployment_CIRCULAR,0.5,dws_high_0.643,2.0,1.0,on_1.5,20,0.0385,0.77
unemployment_CIRCULAR,0.5,AR_long_run_0.75,1.0,0.0,off_1.0,2,0.0665,0.133
unemployment_CIRCULAR,0.5,AR_long_run_0.75,1.0,0.0,off_1.0,5,0.0665,0.3325
unemployment_CIRCULAR,0.5,AR_long_run_0.75,1.0,0.0,off_1.0,10,0.064,0.64
unemployment_CIRCULAR,0.5,AR_long_run_0.75,1.0,0.0,off_1.0,20,0.052,1.04
unemployment_CIRCULAR,0.5,AR_long_run_0.75,1.0,0.0,on_1.5,2,0.066,0.132
unemployment_CIRCULAR,0.5,AR_long_run_0.75,1.0,0.0,on_1.5,5,0.066,0.33
unemployment_CIRCULAR,0.5,AR_long_run_0.75,1.0,0.0,on_1.5,10,0.066,0.66
unemployment_CIRCULAR,0.5,AR_long_run_0.75,1.0,0.0,on_1.5,20,0.0625,1.25
unemployment_CIRCULAR,0.5,AR_long_run_0.75,1.0,0.5,off_1.0,2,0.0665,0.133
unemployment_CIRCULAR,0.5,AR_long_run_0.75,1.0,0.5,off_1.0,5,0.0665,0.3325
unemployment_CIRCULAR,0.5,AR_long_run_0.75,1.0,0.5,off_1.0,10,0.064,0.64
unemployment_CIRCULAR,0.5,AR_long_run_0.75,1.0,0.5,off_1.0,20,0.052,1.04
unemployment_CIRCULAR,0.5,AR_long_run_0.75,1.0,0.5,on_1.5,2,0.066,0.132
unemployment_CIRCULAR,0.5,AR_long_run_0.75,1.0,0.5,on_1.5,5,0.066,0.33
unemployment_CIRCULAR,0.5,AR_long_run_0.75,1.0,0.5,on_1.5,10,0.066,0.66
unemployment_CIRCULAR,0.5,AR_long_run_0.75,1.0,0.5,on_1.5,20,0.0625,1.25
unemployment_CIRCULAR,0.5,AR_long_run_0.75,1.0,1.0,off_1.0,2,0.0665,0.133
unemployment_CIRCULAR,0.5,AR_long_run_0.75,1.0,1.0,off_1.0,5,0.0665,0.3325
unemployment_CIRCULAR,0.5,AR_long_run_0.75,1.0,1.0,off_1.0,10,0.064,0.64
unemployment_CIRCULAR,0.5,AR_long_run_0.75,1.0,1.0,off_1.0,20,0.052,1.04
unemployment_CIRCULAR,0.5,AR_long_run_0.75,1.0,1.0,on_1.5,2,0.066,0.132
unemployment_CIRCULAR,0.5,AR_long_run_0.75,1.0,1.0,on_1.5,5,0.066,0.33
unemployment_CIRCULAR,0.5,AR_long_run_0.75,1.0,1.0,on_1.5,10,0.066,0.66
unemployment_CIRCULAR,0.5,AR_long_run_0.75,1.0,1.0,on_1.5,20,0.0625,1.25
unemployment_CIRCULAR,0.5,AR_long_run_0.75,1.5,0.0,off_1.0,2,0.067,0.134
unemployment_CIRCULAR,0.5,AR_long_run_0.75,1.5,0.0,off_1.0,5,0.06,0.3
unemployment_CIRCULAR,0.5,AR_long_run_0.75,1.5,0.0,off_1.0,10,0.0525,0.525
unemployment_CIRCULAR,0.5,AR_long_run_0.75,1.5,0.0,off_1.0,20,0.043,0.86
unemployment_CIRCULAR,0.5,AR_long_run_0.75,1.5,0.0,on_1.5,2,0.0665,0.133
unemployment_CIRCULAR,0.5,AR_long_run_0.75,1.5,0.0,on_1.5,5,0.0665,0.3325
unemployment_CIRCULAR,0.5,AR_long_run_0.75,1.5,0.0,on_1.5,10,0.06,0.6
unemployment_CIRCULAR,0.5,AR_long_run_0.75,1.5,0.0,on_1.5,20,0.0505,1.01
unemployment_CIRCULAR,0.5,AR_long_run_0.75,1.5,0.5,off_1.0,2,0.067,0.134
unemployment_CIRCULAR,0.5,AR_long_run_0.75,1.5,0.5,off_1.0,5,0.06,0.3
unemployment_CIRCULAR,0.5,AR_long_run_0.75,1.5,0.5,off_1.0,10,0.0525,0.525
unemployment_CIRCULAR,0.5,AR_long_run_0.75,1.5,0.5,off_1.0,20,0.043,0.86
unemployment_CIRCULAR,0.5,AR_long_run_0.75,1.5,0.5,on_1.5,2,0.0665,0.133
unemployment_CIRCULAR,0.5,AR_long_run_0.75,1.5,0.5,on_1.5,5,0.0665,0.3325
unemployment_CIRCULAR,0.5,AR_long_run_0.75,1.5,0.5,on_1.5,10,0.06,0.6
unemployment_CIRCULAR,0.5,AR_long_run_0.75,1.5,0.5,on_1.5,20,0.0505,1.01
unemployment_CIRCULAR,0.5,AR_long_run_0.75,1.5,1.0,off_1.0,2,0.067,0.134
unemployment_CIRCULAR,0.5,AR_long_run_0.75,1.5,1.0,off_1.0,5,0.06,0.3
unemployment_CIRCULAR,0.5,AR_long_run_0.75,1.5,1.0,off_1.0,10,0.0525,0.525
unemployment_CIRCULAR,0.5,AR_long_run_0.75,1.5,1.0,off_1.0,20,0.043,0.86
unemployment_CIRCULAR,0.5,AR_long_run_0.75,1.5,1.0,on_1.5,2,0.0665,0.133
unemployment_CIRCULAR,0.5,AR_long_run_0.75,1.5,1.0,on_1.5,5,0.0665,0.3325
unemployment_CIRCULAR,0.5,AR_long_run_0.75,1.5,1.0,on_1.5,10,0.06,0.6
unemployment_CIRCULAR,0.5,AR_long_run_0.75,1.5,1.0,on_1.5,20,0.0505,1.01
unemployment_CIRCULAR,0.5,AR_long_run_0.75,2.0,0.0,off_1.0,2,0.067,0.134
unemployment_CIRCULAR,0.5,AR_long_run_0.75,2.0,0.0,off_1.0,5,0.0505,0.2525
unemployment_CIRCULAR,0.5,AR_long_run_0.75,2.0,0.0,off_1.0,10,0.045,0.45
unemployment_CIRCULAR,0.5,AR_long_run_0.75,2.0,0.0,off_1.0,20,0.0375,0.75
unemployment_CIRCULAR,0.5,AR_long_run_0.75,2.0,0.0,on_1.5,2,0.067,0.134
unemployment_CIRCULAR,0.5,AR_long_run_0.75,2.0,0.0,on_1.5,5,0.057,0.285
unemployment_CIRCULAR,0.5,AR_long_run_0.75,2.0,0.0,on_1.5,10,0.051,0.51
unemployment_CIRCULAR,0.5,AR_long_run_0.75,2.0,0.0,on_1.5,20,0.043,0.86
unemployment_CIRCULAR,0.5,AR_long_run_0.75,2.0,0.5,off_1.0,2,0.067,0.134
unemployment_CIRCULAR,0.5,AR_long_run_0.75,2.0,0.5,off_1.0,5,0.0505,0.2525
unemployment_CIRCULAR,0.5,AR_long_run_0.75,2.0,0.5,off_1.0,10,0.045,0.45
unemployment_CIRCULAR,0.5,AR_long_run_0.75,2.0,0.5,off_1.0,20,0.0375,0.75
unemployment_CIRCULAR,0.5,AR_long_run_0.75,2.0,0.5,on_1.5,2,0.067,0.134
unemployment_CIRCULAR,0.5,AR_long_run_0.75,2.0,0.5,on_1.5,5,0.057,0.285
unemployment_CIRCULAR,0.5,AR_long_run_0.75,2.0,0.5,on_1.5,10,0.051,0.51
unemployment_CIRCULAR,0.5,AR_long_run_0.75,2.0,0.5,on_1.5,20,0.043,0.86
unemployment_CIRCULAR,0.5,AR_long_run_0.75,2.0,1.0,off_1.0,2,0.067,0.134
unemployment_CIRCULAR,0.5,AR_long_run_0.75,2.0,1.0,off_1.0,5,0.0505,0.2525
unemployment_CIRCULAR,0.5,AR_long_run_0.75,2.0,1.0,off_1.0,10,0.045,0.45
unemployment_CIRCULAR,0.5,AR_long_run_0.75,2.0,1.0,off_1.0,20,0.0375,0.75
unemployment_CIRCULAR,0.5,AR_long_run_0.75,2.0,1.0,on_1.5,2,0.067,0.134
unemployment_CIRCULAR,0.5,AR_long_run_0.75,2.0,1.0,on_1.5,5,0.057,0.285
unemployment_CIRCULAR,0.5,AR_long_run_0.75,2.0,1.0,on_1.5,10,0.051,0.51
unemployment_CIRCULAR,0.5,AR_long_run_0.75,2.0,1.0,on_1.5,20,0.043,0.86
unemployment_CIRCULAR,1.0,dws_0.462,1.0,0.0,off_1.0,2,0.067,0.134
unemployment_CIRCULAR,1.0,dws_0.462,1.0,0.0,off_1.0,5,0.052,0.26
unemployment_CIRCULAR,1.0,dws_0.462,1.0,0.0,off_1.0,10,0.041,0.41
unemployment_CIRCULAR,1.0,dws_0.462,1.0,0.0,off_1.0,20,0.0295,0.59
unemployment_CIRCULAR,1.0,dws_0.462,1.0,0.0,on_1.5,2,0.0665,0.133
unemployment_CIRCULAR,1.0,dws_0.462,1.0,0.0,on_1.5,5,0.058,0.29
unemployment_CIRCULAR,1.0,dws_0.462,1.0,0.0,on_1.5,10,0.0465,0.465
unemployment_CIRCULAR,1.0,dws_0.462,1.0,0.0,on_1.5,20,0.034,0.68
unemployment_CIRCULAR,1.0,dws_0.462,1.0,0.5,off_1.0,2,0.067,0.134
unemployment_CIRCULAR,1.0,dws_0.462,1.0,0.5,off_1.0,5,0.052,0.26
unemployment_CIRCULAR,1.0,dws_0.462,1.0,0.5,off_1.0,10,0.041,0.41
unemployment_CIRCULAR,1.0,dws_0.462,1.0,0.5,off_1.0,20,0.0295,0.59
unemployment_CIRCULAR,1.0,dws_0.462,1.0,0.5,on_1.5,2,0.0665,0.133
unemployment_CIRCULAR,1.0,dws_0.462,1.0,0.5,on_1.5,5,0.058,0.29
unemployment_CIRCULAR,1.0,dws_0.462,1.0,0.5,on_1.5,10,0.0465,0.465
unemployment_CIRCULAR,1.0,dws_0.462,1.0,0.5,on_1.5,20,0.034,0.68
unemployment_CIRCULAR,1.0,dws_0.462,1.0,1.0,off_1.0,2,0.067,0.134
unemployment_CIRCULAR,1.0,dws_0.462,1.0,1.0,off_1.0,5,0.052,0.26
unemployment_CIRCULAR,1.0,dws_0.462,1.0,1.0,off_1.0,10,0.041,0.41
unemployment_CIRCULAR,1.0,dws_0.462,1.0,1.0,off_1.0,20,0.0295,0.59
unemployment_CIRCULAR,1.0,dws_0.462,1.0,1.0,on_1.5,2,0.0665,0.133
unemployment_CIRCULAR,1.0,dws_0.462,1.0,1.0,on_1.5,5,0.058,0.29
unemployment_CIRCULAR,1.0,dws_0.462,1.0,1.0,on_1.5,10,0.0465,0.465
unemployment_CIRCULAR,1.0,dws_0.462,1.0,1.0,on_1.5,20,0.034,0.68
unemployment_CIRCULAR,1.0,dws_0.462,1.5,0.0,off_1.0,2,0.067,0.134
unemployment_CIRCULAR,1.0,dws_0.462,1.5,0.0,off_1.0,5,0.042,0.21
unemployment_CIRCULAR,1.0,dws_0.462,1.5,0.0,off_1.0,10,0.034,0.34
unemployment_CIRCULAR,1.0,dws_0.462,1.5,0.0,off_1.0,20,0.025,0.5
unemployment_CIRCULAR,1.0,dws_0.462,1.5,0.0,on_1.5,2,0.067,0.134
unemployment_CIRCULAR,1.0,dws_0.462,1.5,0.0,on_1.5,5,0.046,0.23
unemployment_CIRCULAR,1.0,dws_0.462,1.5,0.0,on_1.5,10,0.038,0.38
unemployment_CIRCULAR,1.0,dws_0.462,1.5,0.0,on_1.5,20,0.0285,0.57
unemployment_CIRCULAR,1.0,dws_0.462,1.5,0.5,off_1.0,2,0.067,0.134
unemployment_CIRCULAR,1.0,dws_0.462,1.5,0.5,off_1.0,5,0.042,0.21
unemployment_CIRCULAR,1.0,dws_0.462,1.5,0.5,off_1.0,10,0.034,0.34
unemployment_CIRCULAR,1.0,dws_0.462,1.5,0.5,off_1.0,20,0.025,0.5
unemployment_CIRCULAR,1.0,dws_0.462,1.5,0.5,on_1.5,2,0.067,0.134
unemployment_CIRCULAR,1.0,dws_0.462,1.5,0.5,on_1.5,5,0.046,0.23
unemployment_CIRCULAR,1.0,dws_0.462,1.5,0.5,on_1.5,10,0.038,0.38
unemployment_CIRCULAR,1.0,dws_0.462,1.5,0.5,on_1.5,20,0.0285,0.57
unemployment_CIRCULAR,1.0,dws_0.462,1.5,1.0,off_1.0,2,0.067,0.134
unemployment_CIRCULAR,1.0,dws_0.462,1.5,1.0,off_1.0,5,0.042,0.21
unemployment_CIRCULAR,1.0,dws_0.462,1.5,1.0,off_1.0,10,0.034,0.34
unemployment_CIRCULAR,1.0,dws_0.462,1.5,1.0,off_1.0,20,0.025,0.5
unemployment_CIRCULAR,1.0,dws_0.462,1.5,1.0,on_1.5,2,0.067,0.134
unemployment_CIRCULAR,1.0,dws_0.462,1.5,1.0,on_1.5,5,0.046,0.23
unemployment_CIRCULAR,1.0,dws_0.462,1.5,1.0,on_1.5,10,0.038,0.38
unemployment_CIRCULAR,1.0,dws_0.462,1.5,1.0,on_1.5,20,0.0285,0.57
unemployment_CIRCULAR,1.0,dws_0.462,2.0,0.0,off_1.0,2,0.067,0.134
unemployment_CIRCULAR,1.0,dws_0.462,2.0,0.0,off_1.0,5,0.037,0.185
unemployment_CIRCULAR,1.0,dws_0.462,2.0,0.0,off_1.0,10,0.0295,0.295
unemployment_CIRCULAR,1.0,dws_0.462,2.0,0.0,off_1.0,20,0.0225,0.45
unemployment_CIRCULAR,1.0,dws_0.462,2.0,0.0,on_1.5,2,0.067,0.134
unemployment_CIRCULAR,1.0,dws_0.462,2.0,0.0,on_1.5,5,0.0395,0.1975
unemployment_CIRCULAR,1.0,dws_0.462,2.0,0.0,on_1.5,10,0.0325,0.325
unemployment_CIRCULAR,1.0,dws_0.462,2.0,0.0,on_1.5,20,0.025,0.5
unemployment_CIRCULAR,1.0,dws_0.462,2.0,0.5,off_1.0,2,0.067,0.134
unemployment_CIRCULAR,1.0,dws_0.462,2.0,0.5,off_1.0,5,0.037,0.185
unemployment_CIRCULAR,1.0,dws_0.462,2.0,0.5,off_1.0,10,0.0295,0.295
unemployment_CIRCULAR,1.0,dws_0.462,2.0,0.5,off_1.0,20,0.0225,0.45
unemployment_CIRCULAR,1.0,dws_0.462,2.0,0.5,on_1.5,2,0.067,0.134
unemployment_CIRCULAR,1.0,dws_0.462,2.0,0.5,on_1.5,5,0.0395,0.1975
unemployment_CIRCULAR,1.0,dws_0.462,2.0,0.5,on_1.5,10,0.0325,0.325
unemployment_CIRCULAR,1.0,dws_0.462,2.0,0.5,on_1.5,20,0.025,0.5
unemployment_CIRCULAR,1.0,dws_0.462,2.0,1.0,off_1.0,2,0.067,0.134
unemployment_CIRCULAR,1.0,dws_0.462,2.0,1.0,off_1.0,5,0.037,0.185
unemployment_CIRCULAR,1.0,dws_0.462,2.0,1.0,off_1.0,10,0.0295,0.295
unemployment_CIRCULAR,1.0,dws_0.462,2.0,1.0,off_1.0,20,0.0225,0.45
unemployment_CIRCULAR,1.0,dws_0.462,2.0,1.0,on_1.5,2,0.067,0.134
unemployment_CIRCULAR,1.0,dws_0.462,2.0,1.0,on_1.5,5,0.0395,0.1975
unemployment_CIRCULAR,1.0,dws_0.462,2.0,1.0,on_1.5,10,0.0325,0.325
unemployment_CIRCULAR,1.0,dws_0.462,2.0,1.0,on_1.5,20,0.025,0.5
unemployment_CIRCULAR,1.0,dws_low_0.296,1.0,0.0,off_1.0,2,0.067,0.134
unemployment_CIRCULAR,1.0,dws_low_0.296,1.0,0.0,off_1.0,5,0.0445,0.2225
unemployment_CIRCULAR,1.0,dws_low_0.296,1.0,0.0,off_1.0,10,0.0355,0.355
unemployment_CIRCULAR,1.0,dws_low_0.296,1.0,0.0,off_1.0,20,0.0255,0.51
unemployment_CIRCULAR,1.0,dws_low_0.296,1.0,0.0,on_1.5,2,0.067,0.134
unemployment_CIRCULAR,1.0,dws_low_0.296,1.0,0.0,on_1.5,5,0.0485,0.2425
unemployment_CIRCULAR,1.0,dws_low_0.296,1.0,0.0,on_1.5,10,0.0385,0.385
unemployment_CIRCULAR,1.0,dws_low_0.296,1.0,0.0,on_1.5,20,0.028,0.56
unemployment_CIRCULAR,1.0,dws_low_0.296,1.0,0.5,off_1.0,2,0.067,0.134
unemployment_CIRCULAR,1.0,dws_low_0.296,1.0,0.5,off_1.0,5,0.0445,0.2225
unemployment_CIRCULAR,1.0,dws_low_0.296,1.0,0.5,off_1.0,10,0.0355,0.355
unemployment_CIRCULAR,1.0,dws_low_0.296,1.0,0.5,off_1.0,20,0.0255,0.51
unemployment_CIRCULAR,1.0,dws_low_0.296,1.0,0.5,on_1.5,2,0.067,0.134
unemployment_CIRCULAR,1.0,dws_low_0.296,1.0,0.5,on_1.5,5,0.0485,0.2425
unemployment_CIRCULAR,1.0,dws_low_0.296,1.0,0.5,on_1.5,10,0.0385,0.385
unemployment_CIRCULAR,1.0,dws_low_0.296,1.0,0.5,on_1.5,20,0.028,0.56
unemployment_CIRCULAR,1.0,dws_low_0.296,1.0,1.0,off_1.0,2,0.067,0.134
unemployment_CIRCULAR,1.0,dws_low_0.296,1.0,1.0,off_1.0,5,0.0445,0.2225
unemployment_CIRCULAR,1.0,dws_low_0.296,1.0,1.0,off_1.0,10,0.0355,0.355
unemployment_CIRCULAR,1.0,dws_low_0.296,1.0,1.0,off_1.0,20,0.0255,0.51
unemployment_CIRCULAR,1.0,dws_low_0.296,1.0,1.0,on_1.5,2,0.067,0.134
unemployment_CIRCULAR,1.0,dws_low_0.296,1.0,1.0,on_1.5,5,0.0485,0.2425
unemployment_CIRCULAR,1.0,dws_low_0.296,1.0,1.0,on_1.5,10,0.0385,0.385
unemployment_CIRCULAR,1.0,dws_low_0.296,1.0,1.0,on_1.5,20,0.028,0.56
unemployment_CIRCULAR,1.0,dws_low_0.296,1.5,0.0,off_1.0,2,0.0675,0.135
unemployment_CIRCULAR,1.0,dws_low_0.296,1.5,0.0,off_1.0,5,0.037,0.185
unemployment_CIRCULAR,1.0,dws_low_0.296,1.5,0.0,off_1.0,10,0.029,0.29
unemployment_CIRCULAR,1.0,dws_low_0.296,1.5,0.0,off_1.0,20,0.022,0.44
unemployment_CIRCULAR,1.0,dws_low_0.296,1.5,0.0,on_1.5,2,0.067,0.134
unemployment_CIRCULAR,1.0,dws_low_0.296,1.5,0.0,on_1.5,5,0.0395,0.1975
unemployment_CIRCULAR,1.0,dws_low_0.296,1.5,0.0,on_1.5,10,0.0315,0.315
unemployment_CIRCULAR,1.0,dws_low_0.296,1.5,0.0,on_1.5,20,0.024,0.48
unemployment_CIRCULAR,1.0,dws_low_0.296,1.5,0.5,off_1.0,2,0.0675,0.135
unemployment_CIRCULAR,1.0,dws_low_0.296,1.5,0.5,off_1.0,5,0.037,0.185
unemployment_CIRCULAR,1.0,dws_low_0.296,1.5,0.5,off_1.0,10,0.029,0.29
unemployment_CIRCULAR,1.0,dws_low_0.296,1.5,0.5,off_1.0,20,0.022,0.44
unemployment_CIRCULAR,1.0,dws_low_0.296,1.5,0.5,on_1.5,2,0.067,0.134
unemployment_CIRCULAR,1.0,dws_low_0.296,1.5,0.5,on_1.5,5,0.0395,0.1975
unemployment_CIRCULAR,1.0,dws_low_0.296,1.5,0.5,on_1.5,10,0.0315,0.315
unemployment_CIRCULAR,1.0,dws_low_0.296,1.5,0.5,on_1.5,20,0.024,0.48
unemployment_CIRCULAR,1.0,dws_low_0.296,1.5,1.0,off_1.0,2,0.0675,0.135
unemployment_CIRCULAR,1.0,dws_low_0.296,1.5,1.0,off_1.0,5,0.037,0.185
unemployment_CIRCULAR,1.0,dws_low_0.296,1.5,1.0,off_1.0,10,0.029,0.29
unemployment_CIRCULAR,1.0,dws_low_0.296,1.5,1.0,off_1.0,20,0.022,0.44
unemployment_CIRCULAR,1.0,dws_low_0.296,1.5,1.0,on_1.5,2,0.067,0.134
unemployment_CIRCULAR,1.0,dws_low_0.296,1.5,1.0,on_1.5,5,0.0395,0.1975
unemployment_CIRCULAR,1.0,dws_low_0.296,1.5,1.0,on_1.5,10,0.0315,0.315
unemployment_CIRCULAR,1.0,dws_low_0.296,1.5,1.0,on_1.5,20,0.024,0.48
unemployment_CIRCULAR,1.0,dws_low_0.296,2.0,0.0,off_1.0,2,0.0675,0.135
unemployment_CIRCULAR,1.0,dws_low_0.296,2.0,0.0,off_1.0,5,0.033,0.165
unemployment_CIRCULAR,1.0,dws_low_0.296,2.0,0.0,off_1.0,10,0.0255,0.255
unemployment_CIRCULAR,1.0,dws_low_0.296,2.0,0.0,off_1.0,20,0.0195,0.39
unemployment_CIRCULAR,1.0,dws_low_0.296,2.0,0.0,on_1.5,2,0.067,0.134
unemployment_CIRCULAR,1.0,dws_low_0.296,2.0,0.0,on_1.5,5,0.0345,0.1725
unemployment_CIRCULAR,1.0,dws_low_0.296,2.0,0.0,on_1.5,10,0.0275,0.275
unemployment_CIRCULAR,1.0,dws_low_0.296,2.0,0.0,on_1.5,20,0.021,0.42
unemployment_CIRCULAR,1.0,dws_low_0.296,2.0,0.5,off_1.0,2,0.0675,0.135
unemployment_CIRCULAR,1.0,dws_low_0.296,2.0,0.5,off_1.0,5,0.033,0.165
unemployment_CIRCULAR,1.0,dws_low_0.296,2.0,0.5,off_1.0,10,0.0255,0.255
unemployment_CIRCULAR,1.0,dws_low_0.296,2.0,0.5,off_1.0,20,0.0195,0.39
unemployment_CIRCULAR,1.0,dws_low_0.296,2.0,0.5,on_1.5,2,0.067,0.134
unemployment_CIRCULAR,1.0,dws_low_0.296,2.0,0.5,on_1.5,5,0.0345,0.1725
unemployment_CIRCULAR,1.0,dws_low_0.296,2.0,0.5,on_1.5,10,0.0275,0.275
unemployment_CIRCULAR,1.0,dws_low_0.296,2.0,0.5,on_1.5,20,0.021,0.42
unemployment_CIRCULAR,1.0,dws_low_0.296,2.0,1.0,off_1.0,2,0.0675,0.135
unemployment_CIRCULAR,1.0,dws_low_0.296,2.0,1.0,off_1.0,5,0.033,0.165
unemployment_CIRCULAR,1.0,dws_low_0.296,2.0,1.0,off_1.0,10,0.0255,0.255
unemployment_CIRCULAR,1.0,dws_low_0.296,2.0,1.0,off_1.0,20,0.0195,0.39
unemployment_CIRCULAR,1.0,dws_low_0.296,2.0,1.0,on_1.5,2,0.067,0.134
unemployment_CIRCULAR,1.0,dws_low_0.296,2.0,1.0,on_1.5,5,0.0345,0.1725
unemployment_CIRCULAR,1.0,dws_low_0.296,2.0,1.0,on_1.5,10,0.0275,0.275
unemployment_CIRCULAR,1.0,dws_low_0.296,2.0,1.0,on_1.5,20,0.021,0.42
unemployment_CIRCULAR,1.0,dws_high_0.643,1.0,0.0,off_1.0,2,0.0665,0.133
unemployment_CIRCULAR,1.0,dws_high_0.643,1.0,0.0,off_1.0,5,0.061,0.305
unemployment_CIRCULAR,1.0,dws_high_0.643,1.0,0.0,off_1.0,10,0.0475,0.475
unemployment_CIRCULAR,1.0,dws_high_0.643,1.0,0.0,off_1.0,20,0.034,0.68
unemployment_CIRCULAR,1.0,dws_high_0.643,1.0,0.0,on_1.5,2,0.0665,0.133
unemployment_CIRCULAR,1.0,dws_high_0.643,1.0,0.0,on_1.5,5,0.0665,0.3325
unemployment_CIRCULAR,1.0,dws_high_0.643,1.0,0.0,on_1.5,10,0.055,0.55
unemployment_CIRCULAR,1.0,dws_high_0.643,1.0,0.0,on_1.5,20,0.0405,0.81
unemployment_CIRCULAR,1.0,dws_high_0.643,1.0,0.5,off_1.0,2,0.0665,0.133
unemployment_CIRCULAR,1.0,dws_high_0.643,1.0,0.5,off_1.0,5,0.061,0.305
unemployment_CIRCULAR,1.0,dws_high_0.643,1.0,0.5,off_1.0,10,0.0475,0.475
unemployment_CIRCULAR,1.0,dws_high_0.643,1.0,0.5,off_1.0,20,0.034,0.68
unemployment_CIRCULAR,1.0,dws_high_0.643,1.0,0.5,on_1.5,2,0.0665,0.133
unemployment_CIRCULAR,1.0,dws_high_0.643,1.0,0.5,on_1.5,5,0.0665,0.3325
unemployment_CIRCULAR,1.0,dws_high_0.643,1.0,0.5,on_1.5,10,0.055,0.55
unemployment_CIRCULAR,1.0,dws_high_0.643,1.0,0.5,on_1.5,20,0.0405,0.81
unemployment_CIRCULAR,1.0,dws_high_0.643,1.0,1.0,off_1.0,2,0.0665,0.133
unemployment_CIRCULAR,1.0,dws_high_0.643,1.0,1.0,off_1.0,5,0.061,0.305
unemployment_CIRCULAR,1.0,dws_high_0.643,1.0,1.0,off_1.0,10,0.0475,0.475
unemployment_CIRCULAR,1.0,dws_high_0.643,1.0,1.0,off_1.0,20,0.034,0.68
unemployment_CIRCULAR,1.0,dws_high_0.643,1.0,1.0,on_1.5,2,0.0665,0.133
unemployment_CIRCULAR,1.0,dws_high_0.643,1.0,1.0,on_1.5,5,0.0665,0.3325
unemployment_CIRCULAR,1.0,dws_high_0.643,1.0,1.0,on_1.5,10,0.055,0.55
unemployment_CIRCULAR,1.0,dws_high_0.643,1.0,1.0,on_1.5,20,0.0405,0.81
unemployment_CIRCULAR,1.0,dws_high_0.643,1.5,0.0,off_1.0,2,0.067,0.134
unemployment_CIRCULAR,1.0,dws_high_0.643,1.5,0.0,off_1.0,5,0.0495,0.2475
unemployment_CIRCULAR,1.0,dws_high_0.643,1.5,0.0,off_1.0,10,0.0395,0.395
unemployment_CIRCULAR,1.0,dws_high_0.643,1.5,0.0,off_1.0,20,0.029,0.58
unemployment_CIRCULAR,1.0,dws_high_0.643,1.5,0.0,on_1.5,2,0.0665,0.133
unemployment_CIRCULAR,1.0,dws_high_0.643,1.5,0.0,on_1.5,5,0.0555,0.2775
unemployment_CIRCULAR,1.0,dws_high_0.643,1.5,0.0,on_1.5,10,0.045,0.45
unemployment_CIRCULAR,1.0,dws_high_0.643,1.5,0.0,on_1.5,20,0.034,0.68
unemployment_CIRCULAR,1.0,dws_high_0.643,1.5,0.5,off_1.0,2,0.067,0.134
unemployment_CIRCULAR,1.0,dws_high_0.643,1.5,0.5,off_1.0,5,0.0495,0.2475
unemployment_CIRCULAR,1.0,dws_high_0.643,1.5,0.5,off_1.0,10,0.0395,0.395
unemployment_CIRCULAR,1.0,dws_high_0.643,1.5,0.5,off_1.0,20,0.029,0.58
unemployment_CIRCULAR,1.0,dws_high_0.643,1.5,0.5,on_1.5,2,0.0665,0.133
unemployment_CIRCULAR,1.0,dws_high_0.643,1.5,0.5,on_1.5,5,0.0555,0.2775
unemployment_CIRCULAR,1.0,dws_high_0.643,1.5,0.5,on_1.5,10,0.045,0.45
unemployment_CIRCULAR,1.0,dws_high_0.643,1.5,0.5,on_1.5,20,0.034,0.68
unemployment_CIRCULAR,1.0,dws_high_0.643,1.5,1.0,off_1.0,2,0.067,0.134
unemployment_CIRCULAR,1.0,dws_high_0.643,1.5,1.0,off_1.0,5,0.0495,0.2475
unemployment_CIRCULAR,1.0,dws_high_0.643,1.5,1.0,off_1.0,10,0.0395,0.395
unemployment_CIRCULAR,1.0,dws_high_0.643,1.5,1.0,off_1.0,20,0.029,0.58
unemployment_CIRCULAR,1.0,dws_high_0.643,1.5,1.0,on_1.5,2,0.0665,0.133
unemployment_CIRCULAR,1.0,dws_high_0.643,1.5,1.0,on_1.5,5,0.0555,0.2775
unemployment_CIRCULAR,1.0,dws_high_0.643,1.5,1.0,on_1.5,10,0.045,0.45
unemployment_CIRCULAR,1.0,dws_high_0.643,1.5,1.0,on_1.5,20,0.034,0.68
unemployment_CIRCULAR,1.0,dws_high_0.643,2.0,0.0,off_1.0,2,0.067,0.134
unemployment_CIRCULAR,1.0,dws_high_0.643,2.0,0.0,off_1.0,5,0.0425,0.2125
unemployment_CIRCULAR,1.0,dws_high_0.643,2.0,0.0,off_1.0,10,0.0345,0.345
unemployment_CIRCULAR,1.0,dws_high_0.643,2.0,0.0,off_1.0,20,0.026,0.52
unemployment_CIRCULAR,1.0,dws_high_0.643,2.0,0.0,on_1.5,2,0.067,0.134
unemployment_CIRCULAR,1.0,dws_high_0.643,2.0,0.0,on_1.5,5,0.047,0.235
unemployment_CIRCULAR,1.0,dws_high_0.643,2.0,0.0,on_1.5,10,0.039,0.39
unemployment_CIRCULAR,1.0,dws_high_0.643,2.0,0.0,on_1.5,20,0.0295,0.59
unemployment_CIRCULAR,1.0,dws_high_0.643,2.0,0.5,off_1.0,2,0.067,0.134
unemployment_CIRCULAR,1.0,dws_high_0.643,2.0,0.5,off_1.0,5,0.0425,0.2125
unemployment_CIRCULAR,1.0,dws_high_0.643,2.0,0.5,off_1.0,10,0.0345,0.345
unemployment_CIRCULAR,1.0,dws_high_0.643,2.0,0.5,off_1.0,20,0.026,0.52
unemployment_CIRCULAR,1.0,dws_high_0.643,2.0,0.5,on_1.5,2,0.067,0.134
unemployment_CIRCULAR,1.0,dws_high_0.643,2.0,0.5,on_1.5,5,0.047,0.235
unemployment_CIRCULAR,1.0,dws_high_0.643,2.0,0.5,on_1.5,10,0.039,0.39
unemployment_CIRCULAR,1.0,dws_high_0.643,2.0,0.5,on_1.5,20,0.0295,0.59
unemployment_CIRCULAR,1.0,dws_high_0.643,2.0,1.0,off_1.0,2,0.067,0.134
unemployment_CIRCULAR,1.0,dws_high_0.643,2.0,1.0,off_1.0,5,0.0425,0.2125
unemployment_CIRCULAR,1.0,dws_high_0.643,2.0,1.0,off_1.0,10,0.0345,0.345
unemployment_CIRCULAR,1.0,dws_high_0.643,2.0,1.0,off_1.0,20,0.026,0.52
unemployment_CIRCULAR,1.0,dws_high_0.643,2.0,1.0,on_1.5,2,0.067,0.134
unemployment_CIRCULAR,1.0,dws_high_0.643,2.0,1.0,on_1.5,5,0.047,0.235
unemployment_CIRCULAR,1.0,dws_high_0.643,2.0,1.0,on_1.5,10,0.039,0.39
unemployment_CIRCULAR,1.0,dws_high_0.643,2.0,1.0,on_1.5,20,0.0295,0.59
unemployment_CIRCULAR,1.0,AR_long_run_0.75,1.0,0.0,off_1.0,2,0.0665,0.133
unemployment_CIRCULAR,1.0,AR_long_run_0.75,1.0,0.0,off_1.0,5,0.0665,0.3325
unemployment_CIRCULAR,1.0,AR_long_run_0.75,1.0,0.0,off_1.0,10,0.0515,0.515
unemployment_CIRCULAR,1.0,AR_long_run_0.75,1.0,0.0,off_1.0,20,0.0365,0.73
unemployment_CIRCULAR,1.0,AR_long_run_0.75,1.0,0.0,on_1.5,2,0.066,0.132
unemployment_CIRCULAR,1.0,AR_long_run_0.75,1.0,0.0,on_1.5,5,0.066,0.33
unemployment_CIRCULAR,1.0,AR_long_run_0.75,1.0,0.0,on_1.5,10,0.06,0.6
unemployment_CIRCULAR,1.0,AR_long_run_0.75,1.0,0.0,on_1.5,20,0.0445,0.89
unemployment_CIRCULAR,1.0,AR_long_run_0.75,1.0,0.5,off_1.0,2,0.0665,0.133
unemployment_CIRCULAR,1.0,AR_long_run_0.75,1.0,0.5,off_1.0,5,0.0665,0.3325
unemployment_CIRCULAR,1.0,AR_long_run_0.75,1.0,0.5,off_1.0,10,0.0515,0.515
unemployment_CIRCULAR,1.0,AR_long_run_0.75,1.0,0.5,off_1.0,20,0.0365,0.73
unemployment_CIRCULAR,1.0,AR_long_run_0.75,1.0,0.5,on_1.5,2,0.066,0.132
unemployment_CIRCULAR,1.0,AR_long_run_0.75,1.0,0.5,on_1.5,5,0.066,0.33
unemployment_CIRCULAR,1.0,AR_long_run_0.75,1.0,0.5,on_1.5,10,0.06,0.6
unemployment_CIRCULAR,1.0,AR_long_run_0.75,1.0,0.5,on_1.5,20,0.0445,0.89
unemployment_CIRCULAR,1.0,AR_long_run_0.75,1.0,1.0,off_1.0,2,0.0665,0.133
unemployment_CIRCULAR,1.0,AR_long_run_0.75,1.0,1.0,off_1.0,5,0.0665,0.3325
unemployment_CIRCULAR,1.0,AR_long_run_0.75,1.0,1.0,off_1.0,10,0.0515,0.515
unemployment_CIRCULAR,1.0,AR_long_run_0.75,1.0,1.0,off_1.0,20,0.0365,0.73
unemployment_CIRCULAR,1.0,AR_long_run_0.75,1.0,1.0,on_1.5,2,0.066,0.132
unemployment_CIRCULAR,1.0,AR_long_run_0.75,1.0,1.0,on_1.5,5,0.066,0.33
unemployment_CIRCULAR,1.0,AR_long_run_0.75,1.0,1.0,on_1.5,10,0.06,0.6
unemployment_CIRCULAR,1.0,AR_long_run_0.75,1.0,1.0,on_1.5,20,0.0445,0.89
unemployment_CIRCULAR,1.0,AR_long_run_0.75,1.5,0.0,off_1.0,2,0.067,0.134
unemployment_CIRCULAR,1.0,AR_long_run_0.75,1.5,0.0,off_1.0,5,0.055,0.275
unemployment_CIRCULAR,1.0,AR_long_run_0.75,1.5,0.0,off_1.0,10,0.0435,0.435
unemployment_CIRCULAR,1.0,AR_long_run_0.75,1.5,0.0,off_1.0,20,0.0315,0.63
unemployment_CIRCULAR,1.0,AR_long_run_0.75,1.5,0.0,on_1.5,2,0.0665,0.133
unemployment_CIRCULAR,1.0,AR_long_run_0.75,1.5,0.0,on_1.5,5,0.0625,0.3125
unemployment_CIRCULAR,1.0,AR_long_run_0.75,1.5,0.0,on_1.5,10,0.05,0.5
unemployment_CIRCULAR,1.0,AR_long_run_0.75,1.5,0.0,on_1.5,20,0.037,0.74
unemployment_CIRCULAR,1.0,AR_long_run_0.75,1.5,0.5,off_1.0,2,0.067,0.134
unemployment_CIRCULAR,1.0,AR_long_run_0.75,1.5,0.5,off_1.0,5,0.055,0.275
unemployment_CIRCULAR,1.0,AR_long_run_0.75,1.5,0.5,off_1.0,10,0.0435,0.435
unemployment_CIRCULAR,1.0,AR_long_run_0.75,1.5,0.5,off_1.0,20,0.0315,0.63
unemployment_CIRCULAR,1.0,AR_long_run_0.75,1.5,0.5,on_1.5,2,0.0665,0.133
unemployment_CIRCULAR,1.0,AR_long_run_0.75,1.5,0.5,on_1.5,5,0.0625,0.3125
unemployment_CIRCULAR,1.0,AR_long_run_0.75,1.5,0.5,on_1.5,10,0.05,0.5
unemployment_CIRCULAR,1.0,AR_long_run_0.75,1.5,0.5,on_1.5,20,0.037,0.74
unemployment_CIRCULAR,1.0,AR_long_run_0.75,1.5,1.0,off_1.0,2,0.067,0.134
unemployment_CIRCULAR,1.0,AR_long_run_0.75,1.5,1.0,off_1.0,5,0.055,0.275
unemployment_CIRCULAR,1.0,AR_long_run_0.75,1.5,1.0,off_1.0,10,0.0435,0.435
unemployment_CIRCULAR,1.0,AR_long_run_0.75,1.5,1.0,off_1.0,20,0.0315,0.63
unemployment_CIRCULAR,1.0,AR_long_run_0.75,1.5,1.0,on_1.5,2,0.0665,0.133
unemployment_CIRCULAR,1.0,AR_long_run_0.75,1.5,1.0,on_1.5,5,0.0625,0.3125
unemployment_CIRCULAR,1.0,AR_long_run_0.75,1.5,1.0,on_1.5,10,0.05,0.5
unemployment_CIRCULAR,1.0,AR_long_run_0.75,1.5,1.0,on_1.5,20,0.037,0.74
unemployment_CIRCULAR,1.0,AR_long_run_0.75,2.0,0.0,off_1.0,2,0.067,0.134
unemployment_CIRCULAR,1.0,AR_long_run_0.75,2.0,0.0,off_1.0,5,0.0475,0.2375
unemployment_CIRCULAR,1.0,AR_long_run_0.75,2.0,0.0,off_1.0,10,0.0385,0.385
unemployment_CIRCULAR,1.0,AR_long_run_0.75,2.0,0.0,off_1.0,20,0.028,0.56
unemployment_CIRCULAR,1.0,AR_long_run_0.75,2.0,0.0,on_1.5,2,0.067,0.134
unemployment_CIRCULAR,1.0,AR_long_run_0.75,2.0,0.0,on_1.5,5,0.053,0.265
unemployment_CIRCULAR,1.0,AR_long_run_0.75,2.0,0.0,on_1.5,10,0.0435,0.435
unemployment_CIRCULAR,1.0,AR_long_run_0.75,2.0,0.0,on_1.5,20,0.0325,0.65
unemployment_CIRCULAR,1.0,AR_long_run_0.75,2.0,0.5,off_1.0,2,0.067,0.134
unemployment_CIRCULAR,1.0,AR_long_run_0.75,2.0,0.5,off_1.0,5,0.0475,0.2375
unemployment_CIRCULAR,1.0,AR_long_run_0.75,2.0,0.5,off_1.0,10,0.0385,0.385
unemployment_CIRCULAR,1.0,AR_long_run_0.75,2.0,0.5,off_1.0,20,0.028,0.56
unemployment_CIRCULAR,1.0,AR_long_run_0.75,2.0,0.5,on_1.5,2,0.067,0.134
unemployment_CIRCULAR,1.0,AR_long_run_0.75,2.0,0.5,on_1.5,5,0.053,0.265
unemployment_CIRCULAR,1.0,AR_long_run_0.75,2.0,0.5,on_1.5,10,0.0435,0.435
unemployment_CIRCULAR,1.0,AR_long_run_0.75,2.0,0.5,on_1.5,20,0.0325,0.65
unemployment_CIRCULAR,1.0,AR_long_run_0.75,2.0,1.0,off_1.0,2,0.067,0.134
unemployment_CIRCULAR,1.0,AR_long_run_0.75,2.0,1.0,off_1.0,5,0.0475,0.2375
unemployment_CIRCULAR,1.0,AR_long_run_0.75,2.0,1.0,off_1.0,10,0.0385,0.385
unemployment_CIRCULAR,1.0,AR_long_run_0.75,2.0,1.0,off_1.0,20,0.028,0.56
unemployment_CIRCULAR,1.0,AR_long_run_0.75,2.0,1.0,on_1.5,2,0.067,0.134
unemployment_CIRCULAR,1.0,AR_long_run_0.75,2.0,1.0,on_1.5,5,0.053,0.265
unemployment_CIRCULAR,1.0,AR_long_run_0.75,2.0,1.0,on_1.5,10,0.0435,0.435
unemployment_CIRCULAR,1.0,AR_long_run_0.75,2.0,1.0,on_1.5,20,0.0325,0.65
nonemployment_16plus,0.0,dws_0.462,1.0,0.0,off_1.0,2,0.1,0.2
nonemployment_16plus,0.0,dws_0.462,1.0,0.0,off_1.0,5,0.1,0.5
nonemployment_16plus,0.0,dws_0.462,1.0,0.0,off_1.0,10,0.1,1.0
nonemployment_16plus,0.0,dws_0.462,1.0,0.0,off_1.0,20,0.1,2.0
nonemployment_16plus,0.0,dws_0.462,1.0,0.0,on_1.5,2,0.1,0.2
nonemployment_16plus,0.0,dws_0.462,1.0,0.0,on_1.5,5,0.1,0.5
nonemployment_16plus,0.0,dws_0.462,1.0,0.0,on_1.5,10,0.1,1.0
nonemployment_16plus,0.0,dws_0.462,1.0,0.0,on_1.5,20,0.0985,1.97
nonemployment_16plus,0.0,dws_0.462,1.0,0.5,off_1.0,2,0.1,0.2
nonemployment_16plus,0.0,dws_0.462,1.0,0.5,off_1.0,5,0.1,0.5
nonemployment_16plus,0.0,dws_0.462,1.0,0.5,off_1.0,10,0.1,1.0
nonemployment_16plus,0.0,dws_0.462,1.0,0.5,off_1.0,20,0.1,2.0
nonemployment_16plus,0.0,dws_0.462,1.0,0.5,on_1.5,2,0.1,0.2
nonemployment_16plus,0.0,dws_0.462,1.0,0.5,on_1.5,5,0.1,0.5
nonemployment_16plus,0.0,dws_0.462,1.0,0.5,on_1.5,10,0.1,1.0
nonemployment_16plus,0.0,dws_0.462,1.0,0.5,on_1.5,20,0.0985,1.97
nonemployment_16plus,0.0,dws_0.462,1.0,1.0,off_1.0,2,0.1,0.2
nonemployment_16plus,0.0,dws_0.462,1.0,1.0,off_1.0,5,0.1,0.5
nonemployment_16plus,0.0,dws_0.462,1.0,1.0,off_1.0,10,0.1,1.0
nonemployment_16plus,0.0,dws_0.462,1.0,1.0,off_1.0,20,0.1,2.0
nonemployment_16plus,0.0,dws_0.462,1.0,1.0,on_1.5,2,0.1,0.2
nonemployment_16plus,0.0,dws_0.462,1.0,1.0,on_1.5,5,0.1,0.5
nonemployment_16plus,0.0,dws_0.462,1.0,1.0,on_1.5,10,0.1,1.0
nonemployment_16plus,0.0,dws_0.462,1.0,1.0,on_1.5,20,0.0985,1.97
nonemployment_16plus,0.0,dws_0.462,1.5,0.0,off_1.0,2,0.1,0.2
nonemployment_16plus,0.0,dws_0.462,1.5,0.0,off_1.0,5,0.1,0.5
nonemployment_16plus,0.0,dws_0.462,1.5,0.0,off_1.0,10,0.1,1.0
nonemployment_16plus,0.0,dws_0.462,1.5,0.0,off_1.0,20,0.1,2.0
nonemployment_16plus,0.0,dws_0.462,1.5,0.0,on_1.5,2,0.1,0.2
nonemployment_16plus,0.0,dws_0.462,1.5,0.0,on_1.5,5,0.1,0.5
nonemployment_16plus,0.0,dws_0.462,1.5,0.0,on_1.5,10,0.1,1.0
nonemployment_16plus,0.0,dws_0.462,1.5,0.0,on_1.5,20,0.099,1.98
nonemployment_16plus,0.0,dws_0.462,1.5,0.5,off_1.0,2,0.1,0.2
nonemployment_16plus,0.0,dws_0.462,1.5,0.5,off_1.0,5,0.1,0.5
nonemployment_16plus,0.0,dws_0.462,1.5,0.5,off_1.0,10,0.1,1.0
nonemployment_16plus,0.0,dws_0.462,1.5,0.5,off_1.0,20,0.1,2.0
nonemployment_16plus,0.0,dws_0.462,1.5,0.5,on_1.5,2,0.1,0.2
nonemployment_16plus,0.0,dws_0.462,1.5,0.5,on_1.5,5,0.1,0.5
nonemployment_16plus,0.0,dws_0.462,1.5,0.5,on_1.5,10,0.1,1.0
nonemployment_16plus,0.0,dws_0.462,1.5,0.5,on_1.5,20,0.099,1.98
nonemployment_16plus,0.0,dws_0.462,1.5,1.0,off_1.0,2,0.1,0.2
nonemployment_16plus,0.0,dws_0.462,1.5,1.0,off_1.0,5,0.1,0.5
nonemployment_16plus,0.0,dws_0.462,1.5,1.0,off_1.0,10,0.1,1.0
nonemployment_16plus,0.0,dws_0.462,1.5,1.0,off_1.0,20,0.1,2.0
nonemployment_16plus,0.0,dws_0.462,1.5,1.0,on_1.5,2,0.1,0.2
nonemployment_16plus,0.0,dws_0.462,1.5,1.0,on_1.5,5,0.1,0.5
nonemployment_16plus,0.0,dws_0.462,1.5,1.0,on_1.5,10,0.1,1.0
nonemployment_16plus,0.0,dws_0.462,1.5,1.0,on_1.5,20,0.099,1.98
nonemployment_16plus,0.0,dws_0.462,2.0,0.0,off_1.0,2,0.1,0.2
nonemployment_16plus,0.0,dws_0.462,2.0,0.0,off_1.0,5,0.1,0.5
nonemployment_16plus,0.0,dws_0.462,2.0,0.0,off_1.0,10,0.1,1.0
nonemployment_16plus,0.0,dws_0.462,2.0,0.0,off_1.0,20,0.1,2.0
nonemployment_16plus,0.0,dws_0.462,2.0,0.0,on_1.5,2,0.1,0.2
nonemployment_16plus,0.0,dws_0.462,2.0,0.0,on_1.5,5,0.1,0.5
nonemployment_16plus,0.0,dws_0.462,2.0,0.0,on_1.5,10,0.1,1.0
nonemployment_16plus,0.0,dws_0.462,2.0,0.0,on_1.5,20,0.0935,1.87
nonemployment_16plus,0.0,dws_0.462,2.0,0.5,off_1.0,2,0.1,0.2
nonemployment_16plus,0.0,dws_0.462,2.0,0.5,off_1.0,5,0.1,0.5
nonemployment_16plus,0.0,dws_0.462,2.0,0.5,off_1.0,10,0.1,1.0
nonemployment_16plus,0.0,dws_0.462,2.0,0.5,off_1.0,20,0.1,2.0
nonemployment_16plus,0.0,dws_0.462,2.0,0.5,on_1.5,2,0.1,0.2
nonemployment_16plus,0.0,dws_0.462,2.0,0.5,on_1.5,5,0.1,0.5
nonemployment_16plus,0.0,dws_0.462,2.0,0.5,on_1.5,10,0.1,1.0
nonemployment_16plus,0.0,dws_0.462,2.0,0.5,on_1.5,20,0.0935,1.87
nonemployment_16plus,0.0,dws_0.462,2.0,1.0,off_1.0,2,0.1,0.2
nonemployment_16plus,0.0,dws_0.462,2.0,1.0,off_1.0,5,0.1,0.5
nonemployment_16plus,0.0,dws_0.462,2.0,1.0,off_1.0,10,0.1,1.0
nonemployment_16plus,0.0,dws_0.462,2.0,1.0,off_1.0,20,0.1,2.0
nonemployment_16plus,0.0,dws_0.462,2.0,1.0,on_1.5,2,0.1,0.2
nonemployment_16plus,0.0,dws_0.462,2.0,1.0,on_1.5,5,0.1,0.5
nonemployment_16plus,0.0,dws_0.462,2.0,1.0,on_1.5,10,0.1,1.0
nonemployment_16plus,0.0,dws_0.462,2.0,1.0,on_1.5,20,0.0935,1.87
nonemployment_16plus,0.0,dws_low_0.296,1.0,0.0,off_1.0,2,0.1,0.2
nonemployment_16plus,0.0,dws_low_0.296,1.0,0.0,off_1.0,5,0.1,0.5
nonemployment_16plus,0.0,dws_low_0.296,1.0,0.0,off_1.0,10,0.1,1.0
nonemployment_16plus,0.0,dws_low_0.296,1.0,0.0,off_1.0,20,0.1,2.0
nonemployment_16plus,0.0,dws_low_0.296,1.0,0.0,on_1.5,2,0.1,0.2
nonemployment_16plus,0.0,dws_low_0.296,1.0,0.0,on_1.5,5,0.1,0.5
nonemployment_16plus,0.0,dws_low_0.296,1.0,0.0,on_1.5,10,0.1,1.0
nonemployment_16plus,0.0,dws_low_0.296,1.0,0.0,on_1.5,20,0.1,2.0
nonemployment_16plus,0.0,dws_low_0.296,1.0,0.5,off_1.0,2,0.1,0.2
nonemployment_16plus,0.0,dws_low_0.296,1.0,0.5,off_1.0,5,0.1,0.5
nonemployment_16plus,0.0,dws_low_0.296,1.0,0.5,off_1.0,10,0.1,1.0
nonemployment_16plus,0.0,dws_low_0.296,1.0,0.5,off_1.0,20,0.1,2.0
nonemployment_16plus,0.0,dws_low_0.296,1.0,0.5,on_1.5,2,0.1,0.2
nonemployment_16plus,0.0,dws_low_0.296,1.0,0.5,on_1.5,5,0.1,0.5
nonemployment_16plus,0.0,dws_low_0.296,1.0,0.5,on_1.5,10,0.1,1.0
nonemployment_16plus,0.0,dws_low_0.296,1.0,0.5,on_1.5,20,0.1,2.0
nonemployment_16plus,0.0,dws_low_0.296,1.0,1.0,off_1.0,2,0.1,0.2
nonemployment_16plus,0.0,dws_low_0.296,1.0,1.0,off_1.0,5,0.1,0.5
nonemployment_16plus,0.0,dws_low_0.296,1.0,1.0,off_1.0,10,0.1,1.0
nonemployment_16plus,0.0,dws_low_0.296,1.0,1.0,off_1.0,20,0.1,2.0
nonemployment_16plus,0.0,dws_low_0.296,1.0,1.0,on_1.5,2,0.1,0.2
nonemployment_16plus,0.0,dws_low_0.296,1.0,1.0,on_1.5,5,0.1,0.5
nonemployment_16plus,0.0,dws_low_0.296,1.0,1.0,on_1.5,10,0.1,1.0
nonemployment_16plus,0.0,dws_low_0.296,1.0,1.0,on_1.5,20,0.1,2.0
nonemployment_16plus,0.0,dws_low_0.296,1.5,0.0,off_1.0,2,0.1,0.2
nonemployment_16plus,0.0,dws_low_0.296,1.5,0.0,off_1.0,5,0.1,0.5
nonemployment_16plus,0.0,dws_low_0.296,1.5,0.0,off_1.0,10,0.1,1.0
nonemployment_16plus,0.0,dws_low_0.296,1.5,0.0,off_1.0,20,0.1,2.0
nonemployment_16plus,0.0,dws_low_0.296,1.5,0.0,on_1.5,2,0.1,0.2
nonemployment_16plus,0.0,dws_low_0.296,1.5,0.0,on_1.5,5,0.1,0.5
nonemployment_16plus,0.0,dws_low_0.296,1.5,0.0,on_1.5,10,0.1,1.0
nonemployment_16plus,0.0,dws_low_0.296,1.5,0.0,on_1.5,20,0.1,2.0
nonemployment_16plus,0.0,dws_low_0.296,1.5,0.5,off_1.0,2,0.1,0.2
nonemployment_16plus,0.0,dws_low_0.296,1.5,0.5,off_1.0,5,0.1,0.5
nonemployment_16plus,0.0,dws_low_0.296,1.5,0.5,off_1.0,10,0.1,1.0
nonemployment_16plus,0.0,dws_low_0.296,1.5,0.5,off_1.0,20,0.1,2.0
nonemployment_16plus,0.0,dws_low_0.296,1.5,0.5,on_1.5,2,0.1,0.2
nonemployment_16plus,0.0,dws_low_0.296,1.5,0.5,on_1.5,5,0.1,0.5
nonemployment_16plus,0.0,dws_low_0.296,1.5,0.5,on_1.5,10,0.1,1.0
nonemployment_16plus,0.0,dws_low_0.296,1.5,0.5,on_1.5,20,0.1,2.0
nonemployment_16plus,0.0,dws_low_0.296,1.5,1.0,off_1.0,2,0.1,0.2
nonemployment_16plus,0.0,dws_low_0.296,1.5,1.0,off_1.0,5,0.1,0.5
nonemployment_16plus,0.0,dws_low_0.296,1.5,1.0,off_1.0,10,0.1,1.0
nonemployment_16plus,0.0,dws_low_0.296,1.5,1.0,off_1.0,20,0.1,2.0
nonemployment_16plus,0.0,dws_low_0.296,1.5,1.0,on_1.5,2,0.1,0.2
nonemployment_16plus,0.0,dws_low_0.296,1.5,1.0,on_1.5,5,0.1,0.5
nonemployment_16plus,0.0,dws_low_0.296,1.5,1.0,on_1.5,10,0.1,1.0
nonemployment_16plus,0.0,dws_low_0.296,1.5,1.0,on_1.5,20,0.1,2.0
nonemployment_16plus,0.0,dws_low_0.296,2.0,0.0,off_1.0,2,0.1,0.2
nonemployment_16plus,0.0,dws_low_0.296,2.0,0.0,off_1.0,5,0.1,0.5
nonemployment_16plus,0.0,dws_low_0.296,2.0,0.0,off_1.0,10,0.1,1.0
nonemployment_16plus,0.0,dws_low_0.296,2.0,0.0,off_1.0,20,0.1,2.0
nonemployment_16plus,0.0,dws_low_0.296,2.0,0.0,on_1.5,2,0.1,0.2
nonemployment_16plus,0.0,dws_low_0.296,2.0,0.0,on_1.5,5,0.1,0.5
nonemployment_16plus,0.0,dws_low_0.296,2.0,0.0,on_1.5,10,0.1,1.0
nonemployment_16plus,0.0,dws_low_0.296,2.0,0.0,on_1.5,20,0.098,1.96
nonemployment_16plus,0.0,dws_low_0.296,2.0,0.5,off_1.0,2,0.1,0.2
nonemployment_16plus,0.0,dws_low_0.296,2.0,0.5,off_1.0,5,0.1,0.5
nonemployment_16plus,0.0,dws_low_0.296,2.0,0.5,off_1.0,10,0.1,1.0
nonemployment_16plus,0.0,dws_low_0.296,2.0,0.5,off_1.0,20,0.1,2.0
nonemployment_16plus,0.0,dws_low_0.296,2.0,0.5,on_1.5,2,0.1,0.2
nonemployment_16plus,0.0,dws_low_0.296,2.0,0.5,on_1.5,5,0.1,0.5
nonemployment_16plus,0.0,dws_low_0.296,2.0,0.5,on_1.5,10,0.1,1.0
nonemployment_16plus,0.0,dws_low_0.296,2.0,0.5,on_1.5,20,0.098,1.96
nonemployment_16plus,0.0,dws_low_0.296,2.0,1.0,off_1.0,2,0.1,0.2
nonemployment_16plus,0.0,dws_low_0.296,2.0,1.0,off_1.0,5,0.1,0.5
nonemployment_16plus,0.0,dws_low_0.296,2.0,1.0,off_1.0,10,0.1,1.0
nonemployment_16plus,0.0,dws_low_0.296,2.0,1.0,off_1.0,20,0.1,2.0
nonemployment_16plus,0.0,dws_low_0.296,2.0,1.0,on_1.5,2,0.1,0.2
nonemployment_16plus,0.0,dws_low_0.296,2.0,1.0,on_1.5,5,0.1,0.5
nonemployment_16plus,0.0,dws_low_0.296,2.0,1.0,on_1.5,10,0.1,1.0
nonemployment_16plus,0.0,dws_low_0.296,2.0,1.0,on_1.5,20,0.098,1.96
nonemployment_16plus,0.0,dws_high_0.643,1.0,0.0,off_1.0,2,0.1,0.2
nonemployment_16plus,0.0,dws_high_0.643,1.0,0.0,off_1.0,5,0.1,0.5
nonemployment_16plus,0.0,dws_high_0.643,1.0,0.0,off_1.0,10,0.1,1.0
nonemployment_16plus,0.0,dws_high_0.643,1.0,0.0,off_1.0,20,0.1,2.0
nonemployment_16plus,0.0,dws_high_0.643,1.0,0.0,on_1.5,2,0.1,0.2
nonemployment_16plus,0.0,dws_high_0.643,1.0,0.0,on_1.5,5,0.1,0.5
nonemployment_16plus,0.0,dws_high_0.643,1.0,0.0,on_1.5,10,0.1,1.0
nonemployment_16plus,0.0,dws_high_0.643,1.0,0.0,on_1.5,20,0.09,1.8
nonemployment_16plus,0.0,dws_high_0.643,1.0,0.5,off_1.0,2,0.1,0.2
nonemployment_16plus,0.0,dws_high_0.643,1.0,0.5,off_1.0,5,0.1,0.5
nonemployment_16plus,0.0,dws_high_0.643,1.0,0.5,off_1.0,10,0.1,1.0
nonemployment_16plus,0.0,dws_high_0.643,1.0,0.5,off_1.0,20,0.1,2.0
nonemployment_16plus,0.0,dws_high_0.643,1.0,0.5,on_1.5,2,0.1,0.2
nonemployment_16plus,0.0,dws_high_0.643,1.0,0.5,on_1.5,5,0.1,0.5
nonemployment_16plus,0.0,dws_high_0.643,1.0,0.5,on_1.5,10,0.1,1.0
nonemployment_16plus,0.0,dws_high_0.643,1.0,0.5,on_1.5,20,0.09,1.8
nonemployment_16plus,0.0,dws_high_0.643,1.0,1.0,off_1.0,2,0.1,0.2
nonemployment_16plus,0.0,dws_high_0.643,1.0,1.0,off_1.0,5,0.1,0.5
nonemployment_16plus,0.0,dws_high_0.643,1.0,1.0,off_1.0,10,0.1,1.0
nonemployment_16plus,0.0,dws_high_0.643,1.0,1.0,off_1.0,20,0.1,2.0
nonemployment_16plus,0.0,dws_high_0.643,1.0,1.0,on_1.5,2,0.1,0.2
nonemployment_16plus,0.0,dws_high_0.643,1.0,1.0,on_1.5,5,0.1,0.5
nonemployment_16plus,0.0,dws_high_0.643,1.0,1.0,on_1.5,10,0.1,1.0
nonemployment_16plus,0.0,dws_high_0.643,1.0,1.0,on_1.5,20,0.09,1.8
nonemployment_16plus,0.0,dws_high_0.643,1.5,0.0,off_1.0,2,0.1,0.2
nonemployment_16plus,0.0,dws_high_0.643,1.5,0.0,off_1.0,5,0.1,0.5
nonemployment_16plus,0.0,dws_high_0.643,1.5,0.0,off_1.0,10,0.1,1.0
nonemployment_16plus,0.0,dws_high_0.643,1.5,0.0,off_1.0,20,0.1,2.0
nonemployment_16plus,0.0,dws_high_0.643,1.5,0.0,on_1.5,2,0.1,0.2
nonemployment_16plus,0.0,dws_high_0.643,1.5,0.0,on_1.5,5,0.1,0.5
nonemployment_16plus,0.0,dws_high_0.643,1.5,0.0,on_1.5,10,0.1,1.0
nonemployment_16plus,0.0,dws_high_0.643,1.5,0.0,on_1.5,20,0.094,1.88
nonemployment_16plus,0.0,dws_high_0.643,1.5,0.5,off_1.0,2,0.1,0.2
nonemployment_16plus,0.0,dws_high_0.643,1.5,0.5,off_1.0,5,0.1,0.5
nonemployment_16plus,0.0,dws_high_0.643,1.5,0.5,off_1.0,10,0.1,1.0
nonemployment_16plus,0.0,dws_high_0.643,1.5,0.5,off_1.0,20,0.1,2.0
nonemployment_16plus,0.0,dws_high_0.643,1.5,0.5,on_1.5,2,0.1,0.2
nonemployment_16plus,0.0,dws_high_0.643,1.5,0.5,on_1.5,5,0.1,0.5
nonemployment_16plus,0.0,dws_high_0.643,1.5,0.5,on_1.5,10,0.1,1.0
nonemployment_16plus,0.0,dws_high_0.643,1.5,0.5,on_1.5,20,0.094,1.88
nonemployment_16plus,0.0,dws_high_0.643,1.5,1.0,off_1.0,2,0.1,0.2
nonemployment_16plus,0.0,dws_high_0.643,1.5,1.0,off_1.0,5,0.1,0.5
nonemployment_16plus,0.0,dws_high_0.643,1.5,1.0,off_1.0,10,0.1,1.0
nonemployment_16plus,0.0,dws_high_0.643,1.5,1.0,off_1.0,20,0.1,2.0
nonemployment_16plus,0.0,dws_high_0.643,1.5,1.0,on_1.5,2,0.1,0.2
nonemployment_16plus,0.0,dws_high_0.643,1.5,1.0,on_1.5,5,0.1,0.5
nonemployment_16plus,0.0,dws_high_0.643,1.5,1.0,on_1.5,10,0.1,1.0
nonemployment_16plus,0.0,dws_high_0.643,1.5,1.0,on_1.5,20,0.094,1.88
nonemployment_16plus,0.0,dws_high_0.643,2.0,0.0,off_1.0,2,0.1,0.2
nonemployment_16plus,0.0,dws_high_0.643,2.0,0.0,off_1.0,5,0.1,0.5
nonemployment_16plus,0.0,dws_high_0.643,2.0,0.0,off_1.0,10,0.1,1.0
nonemployment_16plus,0.0,dws_high_0.643,2.0,0.0,off_1.0,20,0.1,2.0
nonemployment_16plus,0.0,dws_high_0.643,2.0,0.0,on_1.5,2,0.1,0.2
nonemployment_16plus,0.0,dws_high_0.643,2.0,0.0,on_1.5,5,0.1,0.5
nonemployment_16plus,0.0,dws_high_0.643,2.0,0.0,on_1.5,10,0.1,1.0
nonemployment_16plus,0.0,dws_high_0.643,2.0,0.0,on_1.5,20,0.0915,1.83
nonemployment_16plus,0.0,dws_high_0.643,2.0,0.5,off_1.0,2,0.1,0.2
nonemployment_16plus,0.0,dws_high_0.643,2.0,0.5,off_1.0,5,0.1,0.5
nonemployment_16plus,0.0,dws_high_0.643,2.0,0.5,off_1.0,10,0.1,1.0
nonemployment_16plus,0.0,dws_high_0.643,2.0,0.5,off_1.0,20,0.1,2.0
nonemployment_16plus,0.0,dws_high_0.643,2.0,0.5,on_1.5,2,0.1,0.2
nonemployment_16plus,0.0,dws_high_0.643,2.0,0.5,on_1.5,5,0.1,0.5
nonemployment_16plus,0.0,dws_high_0.643,2.0,0.5,on_1.5,10,0.1,1.0
nonemployment_16plus,0.0,dws_high_0.643,2.0,0.5,on_1.5,20,0.0915,1.83
nonemployment_16plus,0.0,dws_high_0.643,2.0,1.0,off_1.0,2,0.1,0.2
nonemployment_16plus,0.0,dws_high_0.643,2.0,1.0,off_1.0,5,0.1,0.5
nonemployment_16plus,0.0,dws_high_0.643,2.0,1.0,off_1.0,10,0.1,1.0
nonemployment_16plus,0.0,dws_high_0.643,2.0,1.0,off_1.0,20,0.1,2.0
nonemployment_16plus,0.0,dws_high_0.643,2.0,1.0,on_1.5,2,0.1,0.2
nonemployment_16plus,0.0,dws_high_0.643,2.0,1.0,on_1.5,5,0.1,0.5
nonemployment_16plus,0.0,dws_high_0.643,2.0,1.0,on_1.5,10,0.1,1.0
nonemployment_16plus,0.0,dws_high_0.643,2.0,1.0,on_1.5,20,0.0915,1.83
nonemployment_16plus,0.0,AR_long_run_0.75,1.0,0.0,off_1.0,2,0.1,0.2
nonemployment_16plus,0.0,AR_long_run_0.75,1.0,0.0,off_1.0,5,0.1,0.5
nonemployment_16plus,0.0,AR_long_run_0.75,1.0,0.0,off_1.0,10,0.1,1.0
nonemployment_16plus,0.0,AR_long_run_0.75,1.0,0.0,off_1.0,20,0.1,2.0
nonemployment_16plus,0.0,AR_long_run_0.75,1.0,0.0,on_1.5,2,0.1,0.2
nonemployment_16plus,0.0,AR_long_run_0.75,1.0,0.0,on_1.5,5,0.1,0.5
nonemployment_16plus,0.0,AR_long_run_0.75,1.0,0.0,on_1.5,10,0.1,1.0
nonemployment_16plus,0.0,AR_long_run_0.75,1.0,0.0,on_1.5,20,0.087,1.74
nonemployment_16plus,0.0,AR_long_run_0.75,1.0,0.5,off_1.0,2,0.1,0.2
nonemployment_16plus,0.0,AR_long_run_0.75,1.0,0.5,off_1.0,5,0.1,0.5
nonemployment_16plus,0.0,AR_long_run_0.75,1.0,0.5,off_1.0,10,0.1,1.0
nonemployment_16plus,0.0,AR_long_run_0.75,1.0,0.5,off_1.0,20,0.1,2.0
nonemployment_16plus,0.0,AR_long_run_0.75,1.0,0.5,on_1.5,2,0.1,0.2
nonemployment_16plus,0.0,AR_long_run_0.75,1.0,0.5,on_1.5,5,0.1,0.5
nonemployment_16plus,0.0,AR_long_run_0.75,1.0,0.5,on_1.5,10,0.1,1.0
nonemployment_16plus,0.0,AR_long_run_0.75,1.0,0.5,on_1.5,20,0.087,1.74
nonemployment_16plus,0.0,AR_long_run_0.75,1.0,1.0,off_1.0,2,0.1,0.2
nonemployment_16plus,0.0,AR_long_run_0.75,1.0,1.0,off_1.0,5,0.1,0.5
nonemployment_16plus,0.0,AR_long_run_0.75,1.0,1.0,off_1.0,10,0.1,1.0
nonemployment_16plus,0.0,AR_long_run_0.75,1.0,1.0,off_1.0,20,0.1,2.0
nonemployment_16plus,0.0,AR_long_run_0.75,1.0,1.0,on_1.5,2,0.1,0.2
nonemployment_16plus,0.0,AR_long_run_0.75,1.0,1.0,on_1.5,5,0.1,0.5
nonemployment_16plus,0.0,AR_long_run_0.75,1.0,1.0,on_1.5,10,0.1,1.0
nonemployment_16plus,0.0,AR_long_run_0.75,1.0,1.0,on_1.5,20,0.087,1.74
nonemployment_16plus,0.0,AR_long_run_0.75,1.5,0.0,off_1.0,2,0.1,0.2
nonemployment_16plus,0.0,AR_long_run_0.75,1.5,0.0,off_1.0,5,0.1,0.5
nonemployment_16plus,0.0,AR_long_run_0.75,1.5,0.0,off_1.0,10,0.1,1.0
nonemployment_16plus,0.0,AR_long_run_0.75,1.5,0.0,off_1.0,20,0.1,2.0
nonemployment_16plus,0.0,AR_long_run_0.75,1.5,0.0,on_1.5,2,0.1,0.2
nonemployment_16plus,0.0,AR_long_run_0.75,1.5,0.0,on_1.5,5,0.1,0.5
nonemployment_16plus,0.0,AR_long_run_0.75,1.5,0.0,on_1.5,10,0.1,1.0
nonemployment_16plus,0.0,AR_long_run_0.75,1.5,0.0,on_1.5,20,0.092,1.84
nonemployment_16plus,0.0,AR_long_run_0.75,1.5,0.5,off_1.0,2,0.1,0.2
nonemployment_16plus,0.0,AR_long_run_0.75,1.5,0.5,off_1.0,5,0.1,0.5
nonemployment_16plus,0.0,AR_long_run_0.75,1.5,0.5,off_1.0,10,0.1,1.0
nonemployment_16plus,0.0,AR_long_run_0.75,1.5,0.5,off_1.0,20,0.1,2.0
nonemployment_16plus,0.0,AR_long_run_0.75,1.5,0.5,on_1.5,2,0.1,0.2
nonemployment_16plus,0.0,AR_long_run_0.75,1.5,0.5,on_1.5,5,0.1,0.5
nonemployment_16plus,0.0,AR_long_run_0.75,1.5,0.5,on_1.5,10,0.1,1.0
nonemployment_16plus,0.0,AR_long_run_0.75,1.5,0.5,on_1.5,20,0.092,1.84
nonemployment_16plus,0.0,AR_long_run_0.75,1.5,1.0,off_1.0,2,0.1,0.2
nonemployment_16plus,0.0,AR_long_run_0.75,1.5,1.0,off_1.0,5,0.1,0.5
nonemployment_16plus,0.0,AR_long_run_0.75,1.5,1.0,off_1.0,10,0.1,1.0
nonemployment_16plus,0.0,AR_long_run_0.75,1.5,1.0,off_1.0,20,0.1,2.0
nonemployment_16plus,0.0,AR_long_run_0.75,1.5,1.0,on_1.5,2,0.1,0.2
nonemployment_16plus,0.0,AR_long_run_0.75,1.5,1.0,on_1.5,5,0.1,0.5
nonemployment_16plus,0.0,AR_long_run_0.75,1.5,1.0,on_1.5,10,0.1,1.0
nonemployment_16plus,0.0,AR_long_run_0.75,1.5,1.0,on_1.5,20,0.092,1.84
nonemployment_16plus,0.0,AR_long_run_0.75,2.0,0.0,off_1.0,2,0.1,0.2
nonemployment_16plus,0.0,AR_long_run_0.75,2.0,0.0,off_1.0,5,0.1,0.5
nonemployment_16plus,0.0,AR_long_run_0.75,2.0,0.0,off_1.0,10,0.1,1.0
nonemployment_16plus,0.0,AR_long_run_0.75,2.0,0.0,off_1.0,20,0.1,2.0
nonemployment_16plus,0.0,AR_long_run_0.75,2.0,0.0,on_1.5,2,0.1,0.2
nonemployment_16plus,0.0,AR_long_run_0.75,2.0,0.0,on_1.5,5,0.1,0.5
nonemployment_16plus,0.0,AR_long_run_0.75,2.0,0.0,on_1.5,10,0.1,1.0
nonemployment_16plus,0.0,AR_long_run_0.75,2.0,0.0,on_1.5,20,0.092,1.84
nonemployment_16plus,0.0,AR_long_run_0.75,2.0,0.5,off_1.0,2,0.1,0.2
nonemployment_16plus,0.0,AR_long_run_0.75,2.0,0.5,off_1.0,5,0.1,0.5
nonemployment_16plus,0.0,AR_long_run_0.75,2.0,0.5,off_1.0,10,0.1,1.0
nonemployment_16plus,0.0,AR_long_run_0.75,2.0,0.5,off_1.0,20,0.1,2.0
nonemployment_16plus,0.0,AR_long_run_0.75,2.0,0.5,on_1.5,2,0.1,0.2
nonemployment_16plus,0.0,AR_long_run_0.75,2.0,0.5,on_1.5,5,0.1,0.5
nonemployment_16plus,0.0,AR_long_run_0.75,2.0,0.5,on_1.5,10,0.1,1.0
nonemployment_16plus,0.0,AR_long_run_0.75,2.0,0.5,on_1.5,20,0.092,1.84
nonemployment_16plus,0.0,AR_long_run_0.75,2.0,1.0,off_1.0,2,0.1,0.2
nonemployment_16plus,0.0,AR_long_run_0.75,2.0,1.0,off_1.0,5,0.1,0.5
nonemployment_16plus,0.0,AR_long_run_0.75,2.0,1.0,off_1.0,10,0.1,1.0
nonemployment_16plus,0.0,AR_long_run_0.75,2.0,1.0,off_1.0,20,0.1,2.0
nonemployment_16plus,0.0,AR_long_run_0.75,2.0,1.0,on_1.5,2,0.1,0.2
nonemployment_16plus,0.0,AR_long_run_0.75,2.0,1.0,on_1.5,5,0.1,0.5
nonemployment_16plus,0.0,AR_long_run_0.75,2.0,1.0,on_1.5,10,0.1,1.0
nonemployment_16plus,0.0,AR_long_run_0.75,2.0,1.0,on_1.5,20,0.092,1.84
nonemployment_16plus,0.5,dws_0.462,1.0,0.0,off_1.0,2,0.1,0.2
nonemployment_16plus,0.5,dws_0.462,1.0,0.0,off_1.0,5,0.1,0.5
nonemployment_16plus,0.5,dws_0.462,1.0,0.0,off_1.0,10,0.1,1.0
nonemployment_16plus,0.5,dws_0.462,1.0,0.0,off_1.0,20,0.072,1.44
nonemployment_16plus,0.5,dws_0.462,1.0,0.0,on_1.5,2,0.1,0.2
nonemployment_16plus,0.5,dws_0.462,1.0,0.0,on_1.5,5,0.1,0.5
nonemployment_16plus,0.5,dws_0.462,1.0,0.0,on_1.5,10,0.1,1.0
nonemployment_16plus,0.5,dws_0.462,1.0,0.0,on_1.5,20,0.068,1.36
nonemployment_16plus,0.5,dws_0.462,1.0,0.5,off_1.0,2,0.1,0.2
nonemployment_16plus,0.5,dws_0.462,1.0,0.5,off_1.0,5,0.1,0.5
nonemployment_16plus,0.5,dws_0.462,1.0,0.5,off_1.0,10,0.1,1.0
nonemployment_16plus,0.5,dws_0.462,1.0,0.5,off_1.0,20,0.072,1.44
nonemployment_16plus,0.5,dws_0.462,1.0,0.5,on_1.5,2,0.1,0.2
nonemployment_16plus,0.5,dws_0.462,1.0,0.5,on_1.5,5,0.1,0.5
nonemployment_16plus,0.5,dws_0.462,1.0,0.5,on_1.5,10,0.1,1.0
nonemployment_16plus,0.5,dws_0.462,1.0,0.5,on_1.5,20,0.068,1.36
nonemployment_16plus,0.5,dws_0.462,1.0,1.0,off_1.0,2,0.1,0.2
nonemployment_16plus,0.5,dws_0.462,1.0,1.0,off_1.0,5,0.1,0.5
nonemployment_16plus,0.5,dws_0.462,1.0,1.0,off_1.0,10,0.1,1.0
nonemployment_16plus,0.5,dws_0.462,1.0,1.0,off_1.0,20,0.072,1.44
nonemployment_16plus,0.5,dws_0.462,1.0,1.0,on_1.5,2,0.1,0.2
nonemployment_16plus,0.5,dws_0.462,1.0,1.0,on_1.5,5,0.1,0.5
nonemployment_16plus,0.5,dws_0.462,1.0,1.0,on_1.5,10,0.1,1.0
nonemployment_16plus,0.5,dws_0.462,1.0,1.0,on_1.5,20,0.068,1.36
nonemployment_16plus,0.5,dws_0.462,1.5,0.0,off_1.0,2,0.1,0.2
nonemployment_16plus,0.5,dws_0.462,1.5,0.0,off_1.0,5,0.1,0.5
nonemployment_16plus,0.5,dws_0.462,1.5,0.0,off_1.0,10,0.1,1.0
nonemployment_16plus,0.5,dws_0.462,1.5,0.0,off_1.0,20,0.0705,1.41
nonemployment_16plus,0.5,dws_0.462,1.5,0.0,on_1.5,2,0.1,0.2
nonemployment_16plus,0.5,dws_0.462,1.5,0.0,on_1.5,5,0.1,0.5
nonemployment_16plus,0.5,dws_0.462,1.5,0.0,on_1.5,10,0.1,1.0
nonemployment_16plus,0.5,dws_0.462,1.5,0.0,on_1.5,20,0.067,1.34
nonemployment_16plus,0.5,dws_0.462,1.5,0.5,off_1.0,2,0.1,0.2
nonemployment_16plus,0.5,dws_0.462,1.5,0.5,off_1.0,5,0.1,0.5
nonemployment_16plus,0.5,dws_0.462,1.5,0.5,off_1.0,10,0.1,1.0
nonemployment_16plus,0.5,dws_0.462,1.5,0.5,off_1.0,20,0.0705,1.41
nonemployment_16plus,0.5,dws_0.462,1.5,0.5,on_1.5,2,0.1,0.2
nonemployment_16plus,0.5,dws_0.462,1.5,0.5,on_1.5,5,0.1,0.5
nonemployment_16plus,0.5,dws_0.462,1.5,0.5,on_1.5,10,0.1,1.0
nonemployment_16plus,0.5,dws_0.462,1.5,0.5,on_1.5,20,0.067,1.34
nonemployment_16plus,0.5,dws_0.462,1.5,1.0,off_1.0,2,0.1,0.2
nonemployment_16plus,0.5,dws_0.462,1.5,1.0,off_1.0,5,0.1,0.5
nonemployment_16plus,0.5,dws_0.462,1.5,1.0,off_1.0,10,0.1,1.0
nonemployment_16plus,0.5,dws_0.462,1.5,1.0,off_1.0,20,0.0705,1.41
nonemployment_16plus,0.5,dws_0.462,1.5,1.0,on_1.5,2,0.1,0.2
nonemployment_16plus,0.5,dws_0.462,1.5,1.0,on_1.5,5,0.1,0.5
nonemployment_16plus,0.5,dws_0.462,1.5,1.0,on_1.5,10,0.1,1.0
nonemployment_16plus,0.5,dws_0.462,1.5,1.0,on_1.5,20,0.067,1.34
nonemployment_16plus,0.5,dws_0.462,2.0,0.0,off_1.0,2,0.1,0.2
nonemployment_16plus,0.5,dws_0.462,2.0,0.0,off_1.0,5,0.1,0.5
nonemployment_16plus,0.5,dws_0.462,2.0,0.0,off_1.0,10,0.1,1.0
nonemployment_16plus,0.5,dws_0.462,2.0,0.0,off_1.0,20,0.067,1.34
nonemployment_16plus,0.5,dws_0.462,2.0,0.0,on_1.5,2,0.1,0.2
nonemployment_16plus,0.5,dws_0.462,2.0,0.0,on_1.5,5,0.1,0.5
nonemployment_16plus,0.5,dws_0.462,2.0,0.0,on_1.5,10,0.1,1.0
nonemployment_16plus,0.5,dws_0.462,2.0,0.0,on_1.5,20,0.064,1.28
nonemployment_16plus,0.5,dws_0.462,2.0,0.5,off_1.0,2,0.1,0.2
nonemployment_16plus,0.5,dws_0.462,2.0,0.5,off_1.0,5,0.1,0.5
nonemployment_16plus,0.5,dws_0.462,2.0,0.5,off_1.0,10,0.1,1.0
nonemployment_16plus,0.5,dws_0.462,2.0,0.5,off_1.0,20,0.067,1.34
nonemployment_16plus,0.5,dws_0.462,2.0,0.5,on_1.5,2,0.1,0.2
nonemployment_16plus,0.5,dws_0.462,2.0,0.5,on_1.5,5,0.1,0.5
nonemployment_16plus,0.5,dws_0.462,2.0,0.5,on_1.5,10,0.1,1.0
nonemployment_16plus,0.5,dws_0.462,2.0,0.5,on_1.5,20,0.064,1.28
nonemployment_16plus,0.5,dws_0.462,2.0,1.0,off_1.0,2,0.1,0.2
nonemployment_16plus,0.5,dws_0.462,2.0,1.0,off_1.0,5,0.1,0.5
nonemployment_16plus,0.5,dws_0.462,2.0,1.0,off_1.0,10,0.1,1.0
nonemployment_16plus,0.5,dws_0.462,2.0,1.0,off_1.0,20,0.067,1.34
nonemployment_16plus,0.5,dws_0.462,2.0,1.0,on_1.5,2,0.1,0.2
nonemployment_16plus,0.5,dws_0.462,2.0,1.0,on_1.5,5,0.1,0.5
nonemployment_16plus,0.5,dws_0.462,2.0,1.0,on_1.5,10,0.1,1.0
nonemployment_16plus,0.5,dws_0.462,2.0,1.0,on_1.5,20,0.064,1.28
nonemployment_16plus,0.5,dws_low_0.296,1.0,0.0,off_1.0,2,0.1,0.2
nonemployment_16plus,0.5,dws_low_0.296,1.0,0.0,off_1.0,5,0.1,0.5
nonemployment_16plus,0.5,dws_low_0.296,1.0,0.0,off_1.0,10,0.1,1.0
nonemployment_16plus,0.5,dws_low_0.296,1.0,0.0,off_1.0,20,0.075,1.5
nonemployment_16plus,0.5,dws_low_0.296,1.0,0.0,on_1.5,2,0.1,0.2
nonemployment_16plus,0.5,dws_low_0.296,1.0,0.0,on_1.5,5,0.1,0.5
nonemployment_16plus,0.5,dws_low_0.296,1.0,0.0,on_1.5,10,0.1,1.0
nonemployment_16plus,0.5,dws_low_0.296,1.0,0.0,on_1.5,20,0.0715,1.43
nonemployment_16plus,0.5,dws_low_0.296,1.0,0.5,off_1.0,2,0.1,0.2
nonemployment_16plus,0.5,dws_low_0.296,1.0,0.5,off_1.0,5,0.1,0.5
nonemployment_16plus,0.5,dws_low_0.296,1.0,0.5,off_1.0,10,0.1,1.0
nonemployment_16plus,0.5,dws_low_0.296,1.0,0.5,off_1.0,20,0.075,1.5
nonemployment_16plus,0.5,dws_low_0.296,1.0,0.5,on_1.5,2,0.1,0.2
nonemployment_16plus,0.5,dws_low_0.296,1.0,0.5,on_1.5,5,0.1,0.5
nonemployment_16plus,0.5,dws_low_0.296,1.0,0.5,on_1.5,10,0.1,1.0
nonemployment_16plus,0.5,dws_low_0.296,1.0,0.5,on_1.5,20,0.0715,1.43
nonemployment_16plus,0.5,dws_low_0.296,1.0,1.0,off_1.0,2,0.1,0.2
nonemployment_16plus,0.5,dws_low_0.296,1.0,1.0,off_1.0,5,0.1,0.5
nonemployment_16plus,0.5,dws_low_0.296,1.0,1.0,off_1.0,10,0.1,1.0
nonemployment_16plus,0.5,dws_low_0.296,1.0,1.0,off_1.0,20,0.075,1.5
nonemployment_16plus,0.5,dws_low_0.296,1.0,1.0,on_1.5,2,0.1,0.2
nonemployment_16plus,0.5,dws_low_0.296,1.0,1.0,on_1.5,5,0.1,0.5
nonemployment_16plus,0.5,dws_low_0.296,1.0,1.0,on_1.5,10,0.1,1.0
nonemployment_16plus,0.5,dws_low_0.296,1.0,1.0,on_1.5,20,0.0715,1.43
nonemployment_16plus,0.5,dws_low_0.296,1.5,0.0,off_1.0,2,0.1,0.2
nonemployment_16plus,0.5,dws_low_0.296,1.5,0.0,off_1.0,5,0.1,0.5
nonemployment_16plus,0.5,dws_low_0.296,1.5,0.0,off_1.0,10,0.1,1.0
nonemployment_16plus,0.5,dws_low_0.296,1.5,0.0,off_1.0,20,0.071,1.42
nonemployment_16plus,0.5,dws_low_0.296,1.5,0.0,on_1.5,2,0.1,0.2
nonemployment_16plus,0.5,dws_low_0.296,1.5,0.0,on_1.5,5,0.1,0.5
nonemployment_16plus,0.5,dws_low_0.296,1.5,0.0,on_1.5,10,0.1,1.0
nonemployment_16plus,0.5,dws_low_0.296,1.5,0.0,on_1.5,20,0.0685,1.37
nonemployment_16plus,0.5,dws_low_0.296,1.5,0.5,off_1.0,2,0.1,0.2
nonemployment_16plus,0.5,dws_low_0.296,1.5,0.5,off_1.0,5,0.1,0.5
nonemployment_16plus,0.5,dws_low_0.296,1.5,0.5,off_1.0,10,0.1,1.0
nonemployment_16plus,0.5,dws_low_0.296,1.5,0.5,off_1.0,20,0.071,1.42
nonemployment_16plus,0.5,dws_low_0.296,1.5,0.5,on_1.5,2,0.1,0.2
nonemployment_16plus,0.5,dws_low_0.296,1.5,0.5,on_1.5,5,0.1,0.5
nonemployment_16plus,0.5,dws_low_0.296,1.5,0.5,on_1.5,10,0.1,1.0
nonemployment_16plus,0.5,dws_low_0.296,1.5,0.5,on_1.5,20,0.0685,1.37
nonemployment_16plus,0.5,dws_low_0.296,1.5,1.0,off_1.0,2,0.1,0.2
nonemployment_16plus,0.5,dws_low_0.296,1.5,1.0,off_1.0,5,0.1,0.5
nonemployment_16plus,0.5,dws_low_0.296,1.5,1.0,off_1.0,10,0.1,1.0
nonemployment_16plus,0.5,dws_low_0.296,1.5,1.0,off_1.0,20,0.071,1.42
nonemployment_16plus,0.5,dws_low_0.296,1.5,1.0,on_1.5,2,0.1,0.2
nonemployment_16plus,0.5,dws_low_0.296,1.5,1.0,on_1.5,5,0.1,0.5
nonemployment_16plus,0.5,dws_low_0.296,1.5,1.0,on_1.5,10,0.1,1.0
nonemployment_16plus,0.5,dws_low_0.296,1.5,1.0,on_1.5,20,0.0685,1.37
nonemployment_16plus,0.5,dws_low_0.296,2.0,0.0,off_1.0,2,0.1,0.2
nonemployment_16plus,0.5,dws_low_0.296,2.0,0.0,off_1.0,5,0.1,0.5
nonemployment_16plus,0.5,dws_low_0.296,2.0,0.0,off_1.0,10,0.1,1.0
nonemployment_16plus,0.5,dws_low_0.296,2.0,0.0,off_1.0,20,0.0665,1.33
nonemployment_16plus,0.5,dws_low_0.296,2.0,0.0,on_1.5,2,0.1,0.2
nonemployment_16plus,0.5,dws_low_0.296,2.0,0.0,on_1.5,5,0.1,0.5
nonemployment_16plus,0.5,dws_low_0.296,2.0,0.0,on_1.5,10,0.1,1.0
nonemployment_16plus,0.5,dws_low_0.296,2.0,0.0,on_1.5,20,0.0645,1.29
nonemployment_16plus,0.5,dws_low_0.296,2.0,0.5,off_1.0,2,0.1,0.2
nonemployment_16plus,0.5,dws_low_0.296,2.0,0.5,off_1.0,5,0.1,0.5
nonemployment_16plus,0.5,dws_low_0.296,2.0,0.5,off_1.0,10,0.1,1.0
nonemployment_16plus,0.5,dws_low_0.296,2.0,0.5,off_1.0,20,0.0665,1.33
nonemployment_16plus,0.5,dws_low_0.296,2.0,0.5,on_1.5,2,0.1,0.2
nonemployment_16plus,0.5,dws_low_0.296,2.0,0.5,on_1.5,5,0.1,0.5
nonemployment_16plus,0.5,dws_low_0.296,2.0,0.5,on_1.5,10,0.1,1.0
nonemployment_16plus,0.5,dws_low_0.296,2.0,0.5,on_1.5,20,0.0645,1.29
nonemployment_16plus,0.5,dws_low_0.296,2.0,1.0,off_1.0,2,0.1,0.2
nonemployment_16plus,0.5,dws_low_0.296,2.0,1.0,off_1.0,5,0.1,0.5
nonemployment_16plus,0.5,dws_low_0.296,2.0,1.0,off_1.0,10,0.1,1.0
nonemployment_16plus,0.5,dws_low_0.296,2.0,1.0,off_1.0,20,0.0665,1.33
nonemployment_16plus,0.5,dws_low_0.296,2.0,1.0,on_1.5,2,0.1,0.2
nonemployment_16plus,0.5,dws_low_0.296,2.0,1.0,on_1.5,5,0.1,0.5
nonemployment_16plus,0.5,dws_low_0.296,2.0,1.0,on_1.5,10,0.1,1.0
nonemployment_16plus,0.5,dws_low_0.296,2.0,1.0,on_1.5,20,0.0645,1.29
nonemployment_16plus,0.5,dws_high_0.643,1.0,0.0,off_1.0,2,0.1,0.2
nonemployment_16plus,0.5,dws_high_0.643,1.0,0.0,off_1.0,5,0.1,0.5
nonemployment_16plus,0.5,dws_high_0.643,1.0,0.0,off_1.0,10,0.1,1.0
nonemployment_16plus,0.5,dws_high_0.643,1.0,0.0,off_1.0,20,0.07,1.4
nonemployment_16plus,0.5,dws_high_0.643,1.0,0.0,on_1.5,2,0.1,0.2
nonemployment_16plus,0.5,dws_high_0.643,1.0,0.0,on_1.5,5,0.1,0.5
nonemployment_16plus,0.5,dws_high_0.643,1.0,0.0,on_1.5,10,0.1,1.0
nonemployment_16plus,0.5,dws_high_0.643,1.0,0.0,on_1.5,20,0.0655,1.31
nonemployment_16plus,0.5,dws_high_0.643,1.0,0.5,off_1.0,2,0.1,0.2
nonemployment_16plus,0.5,dws_high_0.643,1.0,0.5,off_1.0,5,0.1,0.5
nonemployment_16plus,0.5,dws_high_0.643,1.0,0.5,off_1.0,10,0.1,1.0
nonemployment_16plus,0.5,dws_high_0.643,1.0,0.5,off_1.0,20,0.07,1.4
nonemployment_16plus,0.5,dws_high_0.643,1.0,0.5,on_1.5,2,0.1,0.2
nonemployment_16plus,0.5,dws_high_0.643,1.0,0.5,on_1.5,5,0.1,0.5
nonemployment_16plus,0.5,dws_high_0.643,1.0,0.5,on_1.5,10,0.1,1.0
nonemployment_16plus,0.5,dws_high_0.643,1.0,0.5,on_1.5,20,0.0655,1.31
nonemployment_16plus,0.5,dws_high_0.643,1.0,1.0,off_1.0,2,0.1,0.2
nonemployment_16plus,0.5,dws_high_0.643,1.0,1.0,off_1.0,5,0.1,0.5
nonemployment_16plus,0.5,dws_high_0.643,1.0,1.0,off_1.0,10,0.1,1.0
nonemployment_16plus,0.5,dws_high_0.643,1.0,1.0,off_1.0,20,0.07,1.4
nonemployment_16plus,0.5,dws_high_0.643,1.0,1.0,on_1.5,2,0.1,0.2
nonemployment_16plus,0.5,dws_high_0.643,1.0,1.0,on_1.5,5,0.1,0.5
nonemployment_16plus,0.5,dws_high_0.643,1.0,1.0,on_1.5,10,0.1,1.0
nonemployment_16plus,0.5,dws_high_0.643,1.0,1.0,on_1.5,20,0.0655,1.31
nonemployment_16plus,0.5,dws_high_0.643,1.5,0.0,off_1.0,2,0.1,0.2
nonemployment_16plus,0.5,dws_high_0.643,1.5,0.0,off_1.0,5,0.1,0.5
nonemployment_16plus,0.5,dws_high_0.643,1.5,0.0,off_1.0,10,0.1,1.0
nonemployment_16plus,0.5,dws_high_0.643,1.5,0.0,off_1.0,20,0.07,1.4
nonemployment_16plus,0.5,dws_high_0.643,1.5,0.0,on_1.5,2,0.1,0.2
nonemployment_16plus,0.5,dws_high_0.643,1.5,0.0,on_1.5,5,0.1,0.5
nonemployment_16plus,0.5,dws_high_0.643,1.5,0.0,on_1.5,10,0.1,1.0
nonemployment_16plus,0.5,dws_high_0.643,1.5,0.0,on_1.5,20,0.066,1.32
nonemployment_16plus,0.5,dws_high_0.643,1.5,0.5,off_1.0,2,0.1,0.2
nonemployment_16plus,0.5,dws_high_0.643,1.5,0.5,off_1.0,5,0.1,0.5
nonemployment_16plus,0.5,dws_high_0.643,1.5,0.5,off_1.0,10,0.1,1.0
nonemployment_16plus,0.5,dws_high_0.643,1.5,0.5,off_1.0,20,0.07,1.4
nonemployment_16plus,0.5,dws_high_0.643,1.5,0.5,on_1.5,2,0.1,0.2
nonemployment_16plus,0.5,dws_high_0.643,1.5,0.5,on_1.5,5,0.1,0.5
nonemployment_16plus,0.5,dws_high_0.643,1.5,0.5,on_1.5,10,0.1,1.0
nonemployment_16plus,0.5,dws_high_0.643,1.5,0.5,on_1.5,20,0.066,1.32
nonemployment_16plus,0.5,dws_high_0.643,1.5,1.0,off_1.0,2,0.1,0.2
nonemployment_16plus,0.5,dws_high_0.643,1.5,1.0,off_1.0,5,0.1,0.5
nonemployment_16plus,0.5,dws_high_0.643,1.5,1.0,off_1.0,10,0.1,1.0
nonemployment_16plus,0.5,dws_high_0.643,1.5,1.0,off_1.0,20,0.07,1.4
nonemployment_16plus,0.5,dws_high_0.643,1.5,1.0,on_1.5,2,0.1,0.2
nonemployment_16plus,0.5,dws_high_0.643,1.5,1.0,on_1.5,5,0.1,0.5
nonemployment_16plus,0.5,dws_high_0.643,1.5,1.0,on_1.5,10,0.1,1.0
nonemployment_16plus,0.5,dws_high_0.643,1.5,1.0,on_1.5,20,0.066,1.32
nonemployment_16plus,0.5,dws_high_0.643,2.0,0.0,off_1.0,2,0.1,0.2
nonemployment_16plus,0.5,dws_high_0.643,2.0,0.0,off_1.0,5,0.1,0.5
nonemployment_16plus,0.5,dws_high_0.643,2.0,0.0,off_1.0,10,0.1,1.0
nonemployment_16plus,0.5,dws_high_0.643,2.0,0.0,off_1.0,20,0.0675,1.35
nonemployment_16plus,0.5,dws_high_0.643,2.0,0.0,on_1.5,2,0.1,0.2
nonemployment_16plus,0.5,dws_high_0.643,2.0,0.0,on_1.5,5,0.1,0.5
nonemployment_16plus,0.5,dws_high_0.643,2.0,0.0,on_1.5,10,0.1,1.0
nonemployment_16plus,0.5,dws_high_0.643,2.0,0.0,on_1.5,20,0.0645,1.29
nonemployment_16plus,0.5,dws_high_0.643,2.0,0.5,off_1.0,2,0.1,0.2
nonemployment_16plus,0.5,dws_high_0.643,2.0,0.5,off_1.0,5,0.1,0.5
nonemployment_16plus,0.5,dws_high_0.643,2.0,0.5,off_1.0,10,0.1,1.0
nonemployment_16plus,0.5,dws_high_0.643,2.0,0.5,off_1.0,20,0.0675,1.35
nonemployment_16plus,0.5,dws_high_0.643,2.0,0.5,on_1.5,2,0.1,0.2
nonemployment_16plus,0.5,dws_high_0.643,2.0,0.5,on_1.5,5,0.1,0.5
nonemployment_16plus,0.5,dws_high_0.643,2.0,0.5,on_1.5,10,0.1,1.0
nonemployment_16plus,0.5,dws_high_0.643,2.0,0.5,on_1.5,20,0.0645,1.29
nonemployment_16plus,0.5,dws_high_0.643,2.0,1.0,off_1.0,2,0.1,0.2
nonemployment_16plus,0.5,dws_high_0.643,2.0,1.0,off_1.0,5,0.1,0.5
nonemployment_16plus,0.5,dws_high_0.643,2.0,1.0,off_1.0,10,0.1,1.0
nonemployment_16plus,0.5,dws_high_0.643,2.0,1.0,off_1.0,20,0.0675,1.35
nonemployment_16plus,0.5,dws_high_0.643,2.0,1.0,on_1.5,2,0.1,0.2
nonemployment_16plus,0.5,dws_high_0.643,2.0,1.0,on_1.5,5,0.1,0.5
nonemployment_16plus,0.5,dws_high_0.643,2.0,1.0,on_1.5,10,0.1,1.0
nonemployment_16plus,0.5,dws_high_0.643,2.0,1.0,on_1.5,20,0.0645,1.29
nonemployment_16plus,0.5,AR_long_run_0.75,1.0,0.0,off_1.0,2,0.1,0.2
nonemployment_16plus,0.5,AR_long_run_0.75,1.0,0.0,off_1.0,5,0.1,0.5
nonemployment_16plus,0.5,AR_long_run_0.75,1.0,0.0,off_1.0,10,0.1,1.0
nonemployment_16plus,0.5,AR_long_run_0.75,1.0,0.0,off_1.0,20,0.069,1.38
nonemployment_16plus,0.5,AR_long_run_0.75,1.0,0.0,on_1.5,2,0.1,0.2
nonemployment_16plus,0.5,AR_long_run_0.75,1.0,0.0,on_1.5,5,0.1,0.5
nonemployment_16plus,0.5,AR_long_run_0.75,1.0,0.0,on_1.5,10,0.1,1.0
nonemployment_16plus,0.5,AR_long_run_0.75,1.0,0.0,on_1.5,20,0.064,1.28
nonemployment_16plus,0.5,AR_long_run_0.75,1.0,0.5,off_1.0,2,0.1,0.2
nonemployment_16plus,0.5,AR_long_run_0.75,1.0,0.5,off_1.0,5,0.1,0.5
nonemployment_16plus,0.5,AR_long_run_0.75,1.0,0.5,off_1.0,10,0.1,1.0
nonemployment_16plus,0.5,AR_long_run_0.75,1.0,0.5,off_1.0,20,0.069,1.38
nonemployment_16plus,0.5,AR_long_run_0.75,1.0,0.5,on_1.5,2,0.1,0.2
nonemployment_16plus,0.5,AR_long_run_0.75,1.0,0.5,on_1.5,5,0.1,0.5
nonemployment_16plus,0.5,AR_long_run_0.75,1.0,0.5,on_1.5,10,0.1,1.0
nonemployment_16plus,0.5,AR_long_run_0.75,1.0,0.5,on_1.5,20,0.064,1.28
nonemployment_16plus,0.5,AR_long_run_0.75,1.0,1.0,off_1.0,2,0.1,0.2
nonemployment_16plus,0.5,AR_long_run_0.75,1.0,1.0,off_1.0,5,0.1,0.5
nonemployment_16plus,0.5,AR_long_run_0.75,1.0,1.0,off_1.0,10,0.1,1.0
nonemployment_16plus,0.5,AR_long_run_0.75,1.0,1.0,off_1.0,20,0.069,1.38
nonemployment_16plus,0.5,AR_long_run_0.75,1.0,1.0,on_1.5,2,0.1,0.2
nonemployment_16plus,0.5,AR_long_run_0.75,1.0,1.0,on_1.5,5,0.1,0.5
nonemployment_16plus,0.5,AR_long_run_0.75,1.0,1.0,on_1.5,10,0.1,1.0
nonemployment_16plus,0.5,AR_long_run_0.75,1.0,1.0,on_1.5,20,0.064,1.28
nonemployment_16plus,0.5,AR_long_run_0.75,1.5,0.0,off_1.0,2,0.1,0.2
nonemployment_16plus,0.5,AR_long_run_0.75,1.5,0.0,off_1.0,5,0.1,0.5
nonemployment_16plus,0.5,AR_long_run_0.75,1.5,0.0,off_1.0,10,0.1,1.0
nonemployment_16plus,0.5,AR_long_run_0.75,1.5,0.0,off_1.0,20,0.07,1.4
nonemployment_16plus,0.5,AR_long_run_0.75,1.5,0.0,on_1.5,2,0.1,0.2
nonemployment_16plus,0.5,AR_long_run_0.75,1.5,0.0,on_1.5,5,0.1,0.5
nonemployment_16plus,0.5,AR_long_run_0.75,1.5,0.0,on_1.5,10,0.1,1.0
nonemployment_16plus,0.5,AR_long_run_0.75,1.5,0.0,on_1.5,20,0.0655,1.31
nonemployment_16plus,0.5,AR_long_run_0.75,1.5,0.5,off_1.0,2,0.1,0.2
nonemployment_16plus,0.5,AR_long_run_0.75,1.5,0.5,off_1.0,5,0.1,0.5
nonemployment_16plus,0.5,AR_long_run_0.75,1.5,0.5,off_1.0,10,0.1,1.0
nonemployment_16plus,0.5,AR_long_run_0.75,1.5,0.5,off_1.0,20,0.07,1.4
nonemployment_16plus,0.5,AR_long_run_0.75,1.5,0.5,on_1.5,2,0.1,0.2
nonemployment_16plus,0.5,AR_long_run_0.75,1.5,0.5,on_1.5,5,0.1,0.5
nonemployment_16plus,0.5,AR_long_run_0.75,1.5,0.5,on_1.5,10,0.1,1.0
nonemployment_16plus,0.5,AR_long_run_0.75,1.5,0.5,on_1.5,20,0.0655,1.31
nonemployment_16plus,0.5,AR_long_run_0.75,1.5,1.0,off_1.0,2,0.1,0.2
nonemployment_16plus,0.5,AR_long_run_0.75,1.5,1.0,off_1.0,5,0.1,0.5
nonemployment_16plus,0.5,AR_long_run_0.75,1.5,1.0,off_1.0,10,0.1,1.0
nonemployment_16plus,0.5,AR_long_run_0.75,1.5,1.0,off_1.0,20,0.07,1.4
nonemployment_16plus,0.5,AR_long_run_0.75,1.5,1.0,on_1.5,2,0.1,0.2
nonemployment_16plus,0.5,AR_long_run_0.75,1.5,1.0,on_1.5,5,0.1,0.5
nonemployment_16plus,0.5,AR_long_run_0.75,1.5,1.0,on_1.5,10,0.1,1.0
nonemployment_16plus,0.5,AR_long_run_0.75,1.5,1.0,on_1.5,20,0.0655,1.31
nonemployment_16plus,0.5,AR_long_run_0.75,2.0,0.0,off_1.0,2,0.1,0.2
nonemployment_16plus,0.5,AR_long_run_0.75,2.0,0.0,off_1.0,5,0.1,0.5
nonemployment_16plus,0.5,AR_long_run_0.75,2.0,0.0,off_1.0,10,0.1,1.0
nonemployment_16plus,0.5,AR_long_run_0.75,2.0,0.0,off_1.0,20,0.0685,1.37
nonemployment_16plus,0.5,AR_long_run_0.75,2.0,0.0,on_1.5,2,0.1,0.2
nonemployment_16plus,0.5,AR_long_run_0.75,2.0,0.0,on_1.5,5,0.1,0.5
nonemployment_16plus,0.5,AR_long_run_0.75,2.0,0.0,on_1.5,10,0.1,1.0
nonemployment_16plus,0.5,AR_long_run_0.75,2.0,0.0,on_1.5,20,0.065,1.3
nonemployment_16plus,0.5,AR_long_run_0.75,2.0,0.5,off_1.0,2,0.1,0.2
nonemployment_16plus,0.5,AR_long_run_0.75,2.0,0.5,off_1.0,5,0.1,0.5
nonemployment_16plus,0.5,AR_long_run_0.75,2.0,0.5,off_1.0,10,0.1,1.0
nonemployment_16plus,0.5,AR_long_run_0.75,2.0,0.5,off_1.0,20,0.0685,1.37
nonemployment_16plus,0.5,AR_long_run_0.75,2.0,0.5,on_1.5,2,0.1,0.2
nonemployment_16plus,0.5,AR_long_run_0.75,2.0,0.5,on_1.5,5,0.1,0.5
nonemployment_16plus,0.5,AR_long_run_0.75,2.0,0.5,on_1.5,10,0.1,1.0
nonemployment_16plus,0.5,AR_long_run_0.75,2.0,0.5,on_1.5,20,0.065,1.3
nonemployment_16plus,0.5,AR_long_run_0.75,2.0,1.0,off_1.0,2,0.1,0.2
nonemployment_16plus,0.5,AR_long_run_0.75,2.0,1.0,off_1.0,5,0.1,0.5
nonemployment_16plus,0.5,AR_long_run_0.75,2.0,1.0,off_1.0,10,0.1,1.0
nonemployment_16plus,0.5,AR_long_run_0.75,2.0,1.0,off_1.0,20,0.0685,1.37
nonemployment_16plus,0.5,AR_long_run_0.75,2.0,1.0,on_1.5,2,0.1,0.2
nonemployment_16plus,0.5,AR_long_run_0.75,2.0,1.0,on_1.5,5,0.1,0.5
nonemployment_16plus,0.5,AR_long_run_0.75,2.0,1.0,on_1.5,10,0.1,1.0
nonemployment_16plus,0.5,AR_long_run_0.75,2.0,1.0,on_1.5,20,0.065,1.3
nonemployment_16plus,1.0,dws_0.462,1.0,0.0,off_1.0,2,0.1,0.2
nonemployment_16plus,1.0,dws_0.462,1.0,0.0,off_1.0,5,0.1,0.5
nonemployment_16plus,1.0,dws_0.462,1.0,0.0,off_1.0,10,0.093,0.93
nonemployment_16plus,1.0,dws_0.462,1.0,0.0,off_1.0,20,0.0485,0.97
nonemployment_16plus,1.0,dws_0.462,1.0,0.0,on_1.5,2,0.1,0.2
nonemployment_16plus,1.0,dws_0.462,1.0,0.0,on_1.5,5,0.1,0.5
nonemployment_16plus,1.0,dws_0.462,1.0,0.0,on_1.5,10,0.0895,0.895
nonemployment_16plus,1.0,dws_0.462,1.0,0.0,on_1.5,20,0.047,0.94
nonemployment_16plus,1.0,dws_0.462,1.0,0.5,off_1.0,2,0.1,0.2
nonemployment_16plus,1.0,dws_0.462,1.0,0.5,off_1.0,5,0.1,0.5
nonemployment_16plus,1.0,dws_0.462,1.0,0.5,off_1.0,10,0.093,0.93
nonemployment_16plus,1.0,dws_0.462,1.0,0.5,off_1.0,20,0.0485,0.97
nonemployment_16plus,1.0,dws_0.462,1.0,0.5,on_1.5,2,0.1,0.2
nonemployment_16plus,1.0,dws_0.462,1.0,0.5,on_1.5,5,0.1,0.5
nonemployment_16plus,1.0,dws_0.462,1.0,0.5,on_1.5,10,0.0895,0.895
nonemployment_16plus,1.0,dws_0.462,1.0,0.5,on_1.5,20,0.047,0.94
nonemployment_16plus,1.0,dws_0.462,1.0,1.0,off_1.0,2,0.1,0.2
nonemployment_16plus,1.0,dws_0.462,1.0,1.0,off_1.0,5,0.1,0.5
nonemployment_16plus,1.0,dws_0.462,1.0,1.0,off_1.0,10,0.093,0.93
nonemployment_16plus,1.0,dws_0.462,1.0,1.0,off_1.0,20,0.0485,0.97
nonemployment_16plus,1.0,dws_0.462,1.0,1.0,on_1.5,2,0.1,0.2
nonemployment_16plus,1.0,dws_0.462,1.0,1.0,on_1.5,5,0.1,0.5
nonemployment_16plus,1.0,dws_0.462,1.0,1.0,on_1.5,10,0.0895,0.895
nonemployment_16plus,1.0,dws_0.462,1.0,1.0,on_1.5,20,0.047,0.94
nonemployment_16plus,1.0,dws_0.462,1.5,0.0,off_1.0,2,0.1,0.2
nonemployment_16plus,1.0,dws_0.462,1.5,0.0,off_1.0,5,0.1,0.5
nonemployment_16plus,1.0,dws_0.462,1.5,0.0,off_1.0,10,0.089,0.89
nonemployment_16plus,1.0,dws_0.462,1.5,0.0,off_1.0,20,0.0475,0.95
nonemployment_16plus,1.0,dws_0.462,1.5,0.0,on_1.5,2,0.1,0.2
nonemployment_16plus,1.0,dws_0.462,1.5,0.0,on_1.5,5,0.1,0.5
nonemployment_16plus,1.0,dws_0.462,1.5,0.0,on_1.5,10,0.0865,0.865
nonemployment_16plus,1.0,dws_0.462,1.5,0.0,on_1.5,20,0.0465,0.93
nonemployment_16plus,1.0,dws_0.462,1.5,0.5,off_1.0,2,0.1,0.2
nonemployment_16plus,1.0,dws_0.462,1.5,0.5,off_1.0,5,0.1,0.5
nonemployment_16plus,1.0,dws_0.462,1.5,0.5,off_1.0,10,0.089,0.89
nonemployment_16plus,1.0,dws_0.462,1.5,0.5,off_1.0,20,0.0475,0.95
nonemployment_16plus,1.0,dws_0.462,1.5,0.5,on_1.5,2,0.1,0.2
nonemployment_16plus,1.0,dws_0.462,1.5,0.5,on_1.5,5,0.1,0.5
nonemployment_16plus,1.0,dws_0.462,1.5,0.5,on_1.5,10,0.0865,0.865
nonemployment_16plus,1.0,dws_0.462,1.5,0.5,on_1.5,20,0.0465,0.93
nonemployment_16plus,1.0,dws_0.462,1.5,1.0,off_1.0,2,0.1,0.2
nonemployment_16plus,1.0,dws_0.462,1.5,1.0,off_1.0,5,0.1,0.5
nonemployment_16plus,1.0,dws_0.462,1.5,1.0,off_1.0,10,0.089,0.89
nonemployment_16plus,1.0,dws_0.462,1.5,1.0,off_1.0,20,0.0475,0.95
nonemployment_16plus,1.0,dws_0.462,1.5,1.0,on_1.5,2,0.1,0.2
nonemployment_16plus,1.0,dws_0.462,1.5,1.0,on_1.5,5,0.1,0.5
nonemployment_16plus,1.0,dws_0.462,1.5,1.0,on_1.5,10,0.0865,0.865
nonemployment_16plus,1.0,dws_0.462,1.5,1.0,on_1.5,20,0.0465,0.93
nonemployment_16plus,1.0,dws_0.462,2.0,0.0,off_1.0,2,0.1,0.2
nonemployment_16plus,1.0,dws_0.462,2.0,0.0,off_1.0,5,0.1,0.5
nonemployment_16plus,1.0,dws_0.462,2.0,0.0,off_1.0,10,0.0845,0.845
nonemployment_16plus,1.0,dws_0.462,2.0,0.0,off_1.0,20,0.046,0.92
nonemployment_16plus,1.0,dws_0.462,2.0,0.0,on_1.5,2,0.1,0.2
nonemployment_16plus,1.0,dws_0.462,2.0,0.0,on_1.5,5,0.1,0.5
nonemployment_16plus,1.0,dws_0.462,2.0,0.0,on_1.5,10,0.0825,0.825
nonemployment_16plus,1.0,dws_0.462,2.0,0.0,on_1.5,20,0.045,0.9
nonemployment_16plus,1.0,dws_0.462,2.0,0.5,off_1.0,2,0.1,0.2
nonemployment_16plus,1.0,dws_0.462,2.0,0.5,off_1.0,5,0.1,0.5
nonemployment_16plus,1.0,dws_0.462,2.0,0.5,off_1.0,10,0.0845,0.845
nonemployment_16plus,1.0,dws_0.462,2.0,0.5,off_1.0,20,0.046,0.92
nonemployment_16plus,1.0,dws_0.462,2.0,0.5,on_1.5,2,0.1,0.2
nonemployment_16plus,1.0,dws_0.462,2.0,0.5,on_1.5,5,0.1,0.5
nonemployment_16plus,1.0,dws_0.462,2.0,0.5,on_1.5,10,0.0825,0.825
nonemployment_16plus,1.0,dws_0.462,2.0,0.5,on_1.5,20,0.045,0.9
nonemployment_16plus,1.0,dws_0.462,2.0,1.0,off_1.0,2,0.1,0.2
nonemployment_16plus,1.0,dws_0.462,2.0,1.0,off_1.0,5,0.1,0.5
nonemployment_16plus,1.0,dws_0.462,2.0,1.0,off_1.0,10,0.0845,0.845
nonemployment_16plus,1.0,dws_0.462,2.0,1.0,off_1.0,20,0.046,0.92
nonemployment_16plus,1.0,dws_0.462,2.0,1.0,on_1.5,2,0.1,0.2
nonemployment_16plus,1.0,dws_0.462,2.0,1.0,on_1.5,5,0.1,0.5
nonemployment_16plus,1.0,dws_0.462,2.0,1.0,on_1.5,10,0.0825,0.825
nonemployment_16plus,1.0,dws_0.462,2.0,1.0,on_1.5,20,0.045,0.9
nonemployment_16plus,1.0,dws_low_0.296,1.0,0.0,off_1.0,2,0.1,0.2
nonemployment_16plus,1.0,dws_low_0.296,1.0,0.0,off_1.0,5,0.1,0.5
nonemployment_16plus,1.0,dws_low_0.296,1.0,0.0,off_1.0,10,0.094,0.94
nonemployment_16plus,1.0,dws_low_0.296,1.0,0.0,off_1.0,20,0.0495,0.99
nonemployment_16plus,1.0,dws_low_0.296,1.0,0.0,on_1.5,2,0.1,0.2
nonemployment_16plus,1.0,dws_low_0.296,1.0,0.0,on_1.5,5,0.1,0.5
nonemployment_16plus,1.0,dws_low_0.296,1.0,0.0,on_1.5,10,0.0915,0.915
nonemployment_16plus,1.0,dws_low_0.296,1.0,0.0,on_1.5,20,0.048,0.96
nonemployment_16plus,1.0,dws_low_0.296,1.0,0.5,off_1.0,2,0.1,0.2
nonemployment_16plus,1.0,dws_low_0.296,1.0,0.5,off_1.0,5,0.1,0.5
nonemployment_16plus,1.0,dws_low_0.296,1.0,0.5,off_1.0,10,0.094,0.94
nonemployment_16plus,1.0,dws_low_0.296,1.0,0.5,off_1.0,20,0.0495,0.99
nonemployment_16plus,1.0,dws_low_0.296,1.0,0.5,on_1.5,2,0.1,0.2
nonemployment_16plus,1.0,dws_low_0.296,1.0,0.5,on_1.5,5,0.1,0.5
nonemployment_16plus,1.0,dws_low_0.296,1.0,0.5,on_1.5,10,0.0915,0.915
nonemployment_16plus,1.0,dws_low_0.296,1.0,0.5,on_1.5,20,0.048,0.96
nonemployment_16plus,1.0,dws_low_0.296,1.0,1.0,off_1.0,2,0.1,0.2
nonemployment_16plus,1.0,dws_low_0.296,1.0,1.0,off_1.0,5,0.1,0.5
nonemployment_16plus,1.0,dws_low_0.296,1.0,1.0,off_1.0,10,0.094,0.94
nonemployment_16plus,1.0,dws_low_0.296,1.0,1.0,off_1.0,20,0.0495,0.99
nonemployment_16plus,1.0,dws_low_0.296,1.0,1.0,on_1.5,2,0.1,0.2
nonemployment_16plus,1.0,dws_low_0.296,1.0,1.0,on_1.5,5,0.1,0.5
nonemployment_16plus,1.0,dws_low_0.296,1.0,1.0,on_1.5,10,0.0915,0.915
nonemployment_16plus,1.0,dws_low_0.296,1.0,1.0,on_1.5,20,0.048,0.96
nonemployment_16plus,1.0,dws_low_0.296,1.5,0.0,off_1.0,2,0.1,0.2
nonemployment_16plus,1.0,dws_low_0.296,1.5,0.0,off_1.0,5,0.1,0.5
nonemployment_16plus,1.0,dws_low_0.296,1.5,0.0,off_1.0,10,0.0885,0.885
nonemployment_16plus,1.0,dws_low_0.296,1.5,0.0,off_1.0,20,0.0475,0.95
nonemployment_16plus,1.0,dws_low_0.296,1.5,0.0,on_1.5,2,0.1,0.2
nonemployment_16plus,1.0,dws_low_0.296,1.5,0.0,on_1.5,5,0.1,0.5
nonemployment_16plus,1.0,dws_low_0.296,1.5,0.0,on_1.5,10,0.087,0.87
nonemployment_16plus,1.0,dws_low_0.296,1.5,0.0,on_1.5,20,0.047,0.94
nonemployment_16plus,1.0,dws_low_0.296,1.5,0.5,off_1.0,2,0.1,0.2
nonemployment_16plus,1.0,dws_low_0.296,1.5,0.5,off_1.0,5,0.1,0.5
nonemployment_16plus,1.0,dws_low_0.296,1.5,0.5,off_1.0,10,0.0885,0.885
nonemployment_16plus,1.0,dws_low_0.296,1.5,0.5,off_1.0,20,0.0475,0.95
nonemployment_16plus,1.0,dws_low_0.296,1.5,0.5,on_1.5,2,0.1,0.2
nonemployment_16plus,1.0,dws_low_0.296,1.5,0.5,on_1.5,5,0.1,0.5
nonemployment_16plus,1.0,dws_low_0.296,1.5,0.5,on_1.5,10,0.087,0.87
nonemployment_16plus,1.0,dws_low_0.296,1.5,0.5,on_1.5,20,0.047,0.94
nonemployment_16plus,1.0,dws_low_0.296,1.5,1.0,off_1.0,2,0.1,0.2
nonemployment_16plus,1.0,dws_low_0.296,1.5,1.0,off_1.0,5,0.1,0.5
nonemployment_16plus,1.0,dws_low_0.296,1.5,1.0,off_1.0,10,0.0885,0.885
nonemployment_16plus,1.0,dws_low_0.296,1.5,1.0,off_1.0,20,0.0475,0.95
nonemployment_16plus,1.0,dws_low_0.296,1.5,1.0,on_1.5,2,0.1,0.2
nonemployment_16plus,1.0,dws_low_0.296,1.5,1.0,on_1.5,5,0.1,0.5
nonemployment_16plus,1.0,dws_low_0.296,1.5,1.0,on_1.5,10,0.087,0.87
nonemployment_16plus,1.0,dws_low_0.296,1.5,1.0,on_1.5,20,0.047,0.94
nonemployment_16plus,1.0,dws_low_0.296,2.0,0.0,off_1.0,2,0.1,0.2
nonemployment_16plus,1.0,dws_low_0.296,2.0,0.0,off_1.0,5,0.1,0.5
nonemployment_16plus,1.0,dws_low_0.296,2.0,0.0,off_1.0,10,0.0825,0.825
nonemployment_16plus,1.0,dws_low_0.296,2.0,0.0,off_1.0,20,0.0455,0.91
nonemployment_16plus,1.0,dws_low_0.296,2.0,0.0,on_1.5,2,0.1,0.2
nonemployment_16plus,1.0,dws_low_0.296,2.0,0.0,on_1.5,5,0.1,0.5
nonemployment_16plus,1.0,dws_low_0.296,2.0,0.0,on_1.5,10,0.0815,0.815
nonemployment_16plus,1.0,dws_low_0.296,2.0,0.0,on_1.5,20,0.045,0.9
nonemployment_16plus,1.0,dws_low_0.296,2.0,0.5,off_1.0,2,0.1,0.2
nonemployment_16plus,1.0,dws_low_0.296,2.0,0.5,off_1.0,5,0.1,0.5
nonemployment_16plus,1.0,dws_low_0.296,2.0,0.5,off_1.0,10,0.0825,0.825
nonemployment_16plus,1.0,dws_low_0.296,2.0,0.5,off_1.0,20,0.0455,0.91
nonemployment_16plus,1.0,dws_low_0.296,2.0,0.5,on_1.5,2,0.1,0.2
nonemployment_16plus,1.0,dws_low_0.296,2.0,0.5,on_1.5,5,0.1,0.5
nonemployment_16plus,1.0,dws_low_0.296,2.0,0.5,on_1.5,10,0.0815,0.815
nonemployment_16plus,1.0,dws_low_0.296,2.0,0.5,on_1.5,20,0.045,0.9
nonemployment_16plus,1.0,dws_low_0.296,2.0,1.0,off_1.0,2,0.1,0.2
nonemployment_16plus,1.0,dws_low_0.296,2.0,1.0,off_1.0,5,0.1,0.5
nonemployment_16plus,1.0,dws_low_0.296,2.0,1.0,off_1.0,10,0.0825,0.825
nonemployment_16plus,1.0,dws_low_0.296,2.0,1.0,off_1.0,20,0.0455,0.91
nonemployment_16plus,1.0,dws_low_0.296,2.0,1.0,on_1.5,2,0.1,0.2
nonemployment_16plus,1.0,dws_low_0.296,2.0,1.0,on_1.5,5,0.1,0.5
nonemployment_16plus,1.0,dws_low_0.296,2.0,1.0,on_1.5,10,0.0815,0.815
nonemployment_16plus,1.0,dws_low_0.296,2.0,1.0,on_1.5,20,0.045,0.9
nonemployment_16plus,1.0,dws_high_0.643,1.0,0.0,off_1.0,2,0.1,0.2
nonemployment_16plus,1.0,dws_high_0.643,1.0,0.0,off_1.0,5,0.1,0.5
nonemployment_16plus,1.0,dws_high_0.643,1.0,0.0,off_1.0,10,0.092,0.92
nonemployment_16plus,1.0,dws_high_0.643,1.0,0.0,off_1.0,20,0.048,0.96
nonemployment_16plus,1.0,dws_high_0.643,1.0,0.0,on_1.5,2,0.1,0.2
nonemployment_16plus,1.0,dws_high_0.643,1.0,0.0,on_1.5,5,0.1,0.5
nonemployment_16plus,1.0,dws_high_0.643,1.0,0.0,on_1.5,10,0.088,0.88
nonemployment_16plus,1.0,dws_high_0.643,1.0,0.0,on_1.5,20,0.0465,0.93
nonemployment_16plus,1.0,dws_high_0.643,1.0,0.5,off_1.0,2,0.1,0.2
nonemployment_16plus,1.0,dws_high_0.643,1.0,0.5,off_1.0,5,0.1,0.5
nonemployment_16plus,1.0,dws_high_0.643,1.0,0.5,off_1.0,10,0.092,0.92
nonemployment_16plus,1.0,dws_high_0.643,1.0,0.5,off_1.0,20,0.048,0.96
nonemployment_16plus,1.0,dws_high_0.643,1.0,0.5,on_1.5,2,0.1,0.2
nonemployment_16plus,1.0,dws_high_0.643,1.0,0.5,on_1.5,5,0.1,0.5
nonemployment_16plus,1.0,dws_high_0.643,1.0,0.5,on_1.5,10,0.088,0.88
nonemployment_16plus,1.0,dws_high_0.643,1.0,0.5,on_1.5,20,0.0465,0.93
nonemployment_16plus,1.0,dws_high_0.643,1.0,1.0,off_1.0,2,0.1,0.2
nonemployment_16plus,1.0,dws_high_0.643,1.0,1.0,off_1.0,5,0.1,0.5
nonemployment_16plus,1.0,dws_high_0.643,1.0,1.0,off_1.0,10,0.092,0.92
nonemployment_16plus,1.0,dws_high_0.643,1.0,1.0,off_1.0,20,0.048,0.96
nonemployment_16plus,1.0,dws_high_0.643,1.0,1.0,on_1.5,2,0.1,0.2
nonemployment_16plus,1.0,dws_high_0.643,1.0,1.0,on_1.5,5,0.1,0.5
nonemployment_16plus,1.0,dws_high_0.643,1.0,1.0,on_1.5,10,0.088,0.88
nonemployment_16plus,1.0,dws_high_0.643,1.0,1.0,on_1.5,20,0.0465,0.93
nonemployment_16plus,1.0,dws_high_0.643,1.5,0.0,off_1.0,2,0.1,0.2
nonemployment_16plus,1.0,dws_high_0.643,1.5,0.0,off_1.0,5,0.1,0.5
nonemployment_16plus,1.0,dws_high_0.643,1.5,0.0,off_1.0,10,0.09,0.9
nonemployment_16plus,1.0,dws_high_0.643,1.5,0.0,off_1.0,20,0.0475,0.95
nonemployment_16plus,1.0,dws_high_0.643,1.5,0.0,on_1.5,2,0.1,0.2
nonemployment_16plus,1.0,dws_high_0.643,1.5,0.0,on_1.5,5,0.1,0.5
nonemployment_16plus,1.0,dws_high_0.643,1.5,0.0,on_1.5,10,0.087,0.87
nonemployment_16plus,1.0,dws_high_0.643,1.5,0.0,on_1.5,20,0.0465,0.93
nonemployment_16plus,1.0,dws_high_0.643,1.5,0.5,off_1.0,2,0.1,0.2
nonemployment_16plus,1.0,dws_high_0.643,1.5,0.5,off_1.0,5,0.1,0.5
nonemployment_16plus,1.0,dws_high_0.643,1.5,0.5,off_1.0,10,0.09,0.9
nonemployment_16plus,1.0,dws_high_0.643,1.5,0.5,off_1.0,20,0.0475,0.95
nonemployment_16plus,1.0,dws_high_0.643,1.5,0.5,on_1.5,2,0.1,0.2
nonemployment_16plus,1.0,dws_high_0.643,1.5,0.5,on_1.5,5,0.1,0.5
nonemployment_16plus,1.0,dws_high_0.643,1.5,0.5,on_1.5,10,0.087,0.87
nonemployment_16plus,1.0,dws_high_0.643,1.5,0.5,on_1.5,20,0.0465,0.93
nonemployment_16plus,1.0,dws_high_0.643,1.5,1.0,off_1.0,2,0.1,0.2
nonemployment_16plus,1.0,dws_high_0.643,1.5,1.0,off_1.0,5,0.1,0.5
nonemployment_16plus,1.0,dws_high_0.643,1.5,1.0,off_1.0,10,0.09,0.9
nonemployment_16plus,1.0,dws_high_0.643,1.5,1.0,off_1.0,20,0.0475,0.95
nonemployment_16plus,1.0,dws_high_0.643,1.5,1.0,on_1.5,2,0.1,0.2
nonemployment_16plus,1.0,dws_high_0.643,1.5,1.0,on_1.5,5,0.1,0.5
nonemployment_16plus,1.0,dws_high_0.643,1.5,1.0,on_1.5,10,0.087,0.87
nonemployment_16plus,1.0,dws_high_0.643,1.5,1.0,on_1.5,20,0.0465,0.93
nonemployment_16plus,1.0,dws_high_0.643,2.0,0.0,off_1.0,2,0.1,0.2
nonemployment_16plus,1.0,dws_high_0.643,2.0,0.0,off_1.0,5,0.1,0.5
nonemployment_16plus,1.0,dws_high_0.643,2.0,0.0,off_1.0,10,0.0865,0.865
nonemployment_16plus,1.0,dws_high_0.643,2.0,0.0,off_1.0,20,0.0465,0.93
nonemployment_16plus,1.0,dws_high_0.643,2.0,0.0,on_1.5,2,0.1,0.2
nonemployment_16plus,1.0,dws_high_0.643,2.0,0.0,on_1.5,5,0.1,0.5
nonemployment_16plus,1.0,dws_high_0.643,2.0,0.0,on_1.5,10,0.084,0.84
nonemployment_16plus,1.0,dws_high_0.643,2.0,0.0,on_1.5,20,0.0455,0.91
nonemployment_16plus,1.0,dws_high_0.643,2.0,0.5,off_1.0,2,0.1,0.2
nonemployment_16plus,1.0,dws_high_0.643,2.0,0.5,off_1.0,5,0.1,0.5
nonemployment_16plus,1.0,dws_high_0.643,2.0,0.5,off_1.0,10,0.0865,0.865
nonemployment_16plus,1.0,dws_high_0.643,2.0,0.5,off_1.0,20,0.0465,0.93
nonemployment_16plus,1.0,dws_high_0.643,2.0,0.5,on_1.5,2,0.1,0.2
nonemployment_16plus,1.0,dws_high_0.643,2.0,0.5,on_1.5,5,0.1,0.5
nonemployment_16plus,1.0,dws_high_0.643,2.0,0.5,on_1.5,10,0.084,0.84
nonemployment_16plus,1.0,dws_high_0.643,2.0,0.5,on_1.5,20,0.0455,0.91
nonemployment_16plus,1.0,dws_high_0.643,2.0,1.0,off_1.0,2,0.1,0.2
nonemployment_16plus,1.0,dws_high_0.643,2.0,1.0,off_1.0,5,0.1,0.5
nonemployment_16plus,1.0,dws_high_0.643,2.0,1.0,off_1.0,10,0.0865,0.865
nonemployment_16plus,1.0,dws_high_0.643,2.0,1.0,off_1.0,20,0.0465,0.93
nonemployment_16plus,1.0,dws_high_0.643,2.0,1.0,on_1.5,2,0.1,0.2
nonemployment_16plus,1.0,dws_high_0.643,2.0,1.0,on_1.5,5,0.1,0.5
nonemployment_16plus,1.0,dws_high_0.643,2.0,1.0,on_1.5,10,0.084,0.84
nonemployment_16plus,1.0,dws_high_0.643,2.0,1.0,on_1.5,20,0.0455,0.91
nonemployment_16plus,1.0,AR_long_run_0.75,1.0,0.0,off_1.0,2,0.1,0.2
nonemployment_16plus,1.0,AR_long_run_0.75,1.0,0.0,off_1.0,5,0.1,0.5
nonemployment_16plus,1.0,AR_long_run_0.75,1.0,0.0,off_1.0,10,0.0915,0.915
nonemployment_16plus,1.0,AR_long_run_0.75,1.0,0.0,off_1.0,20,0.048,0.96
nonemployment_16plus,1.0,AR_long_run_0.75,1.0,0.0,on_1.5,2,0.1,0.2
nonemployment_16plus,1.0,AR_long_run_0.75,1.0,0.0,on_1.5,5,0.1,0.5
nonemployment_16plus,1.0,AR_long_run_0.75,1.0,0.0,on_1.5,10,0.087,0.87
nonemployment_16plus,1.0,AR_long_run_0.75,1.0,0.0,on_1.5,20,0.046,0.92
nonemployment_16plus,1.0,AR_long_run_0.75,1.0,0.5,off_1.0,2,0.1,0.2
nonemployment_16plus,1.0,AR_long_run_0.75,1.0,0.5,off_1.0,5,0.1,0.5
nonemployment_16plus,1.0,AR_long_run_0.75,1.0,0.5,off_1.0,10,0.0915,0.915
nonemployment_16plus,1.0,AR_long_run_0.75,1.0,0.5,off_1.0,20,0.048,0.96
nonemployment_16plus,1.0,AR_long_run_0.75,1.0,0.5,on_1.5,2,0.1,0.2
nonemployment_16plus,1.0,AR_long_run_0.75,1.0,0.5,on_1.5,5,0.1,0.5
nonemployment_16plus,1.0,AR_long_run_0.75,1.0,0.5,on_1.5,10,0.087,0.87
nonemployment_16plus,1.0,AR_long_run_0.75,1.0,0.5,on_1.5,20,0.046,0.92
nonemployment_16plus,1.0,AR_long_run_0.75,1.0,1.0,off_1.0,2,0.1,0.2
nonemployment_16plus,1.0,AR_long_run_0.75,1.0,1.0,off_1.0,5,0.1,0.5
nonemployment_16plus,1.0,AR_long_run_0.75,1.0,1.0,off_1.0,10,0.0915,0.915
nonemployment_16plus,1.0,AR_long_run_0.75,1.0,1.0,off_1.0,20,0.048,0.96
nonemployment_16plus,1.0,AR_long_run_0.75,1.0,1.0,on_1.5,2,0.1,0.2
nonemployment_16plus,1.0,AR_long_run_0.75,1.0,1.0,on_1.5,5,0.1,0.5
nonemployment_16plus,1.0,AR_long_run_0.75,1.0,1.0,on_1.5,10,0.087,0.87
nonemployment_16plus,1.0,AR_long_run_0.75,1.0,1.0,on_1.5,20,0.046,0.92
nonemployment_16plus,1.0,AR_long_run_0.75,1.5,0.0,off_1.0,2,0.1,0.2
nonemployment_16plus,1.0,AR_long_run_0.75,1.5,0.0,off_1.0,5,0.1,0.5
nonemployment_16plus,1.0,AR_long_run_0.75,1.5,0.0,off_1.0,10,0.091,0.91
nonemployment_16plus,1.0,AR_long_run_0.75,1.5,0.0,off_1.0,20,0.048,0.96
nonemployment_16plus,1.0,AR_long_run_0.75,1.5,0.0,on_1.5,2,0.1,0.2
nonemployment_16plus,1.0,AR_long_run_0.75,1.5,0.0,on_1.5,5,0.1,0.5
nonemployment_16plus,1.0,AR_long_run_0.75,1.5,0.0,on_1.5,10,0.0875,0.875
nonemployment_16plus,1.0,AR_long_run_0.75,1.5,0.0,on_1.5,20,0.0465,0.93
nonemployment_16plus,1.0,AR_long_run_0.75,1.5,0.5,off_1.0,2,0.1,0.2
nonemployment_16plus,1.0,AR_long_run_0.75,1.5,0.5,off_1.0,5,0.1,0.5
nonemployment_16plus,1.0,AR_long_run_0.75,1.5,0.5,off_1.0,10,0.091,0.91
nonemployment_16plus,1.0,AR_long_run_0.75,1.5,0.5,off_1.0,20,0.048,0.96
nonemployment_16plus,1.0,AR_long_run_0.75,1.5,0.5,on_1.5,2,0.1,0.2
nonemployment_16plus,1.0,AR_long_run_0.75,1.5,0.5,on_1.5,5,0.1,0.5
nonemployment_16plus,1.0,AR_long_run_0.75,1.5,0.5,on_1.5,10,0.0875,0.875
nonemployment_16plus,1.0,AR_long_run_0.75,1.5,0.5,on_1.5,20,0.0465,0.93
nonemployment_16plus,1.0,AR_long_run_0.75,1.5,1.0,off_1.0,2,0.1,0.2
nonemployment_16plus,1.0,AR_long_run_0.75,1.5,1.0,off_1.0,5,0.1,0.5
nonemployment_16plus,1.0,AR_long_run_0.75,1.5,1.0,off_1.0,10,0.091,0.91
nonemployment_16plus,1.0,AR_long_run_0.75,1.5,1.0,off_1.0,20,0.048,0.96
nonemployment_16plus,1.0,AR_long_run_0.75,1.5,1.0,on_1.5,2,0.1,0.2
nonemployment_16plus,1.0,AR_long_run_0.75,1.5,1.0,on_1.5,5,0.1,0.5
nonemployment_16plus,1.0,AR_long_run_0.75,1.5,1.0,on_1.5,10,0.0875,0.875
nonemployment_16plus,1.0,AR_long_run_0.75,1.5,1.0,on_1.5,20,0.0465,0.93
nonemployment_16plus,1.0,AR_long_run_0.75,2.0,0.0,off_1.0,2,0.1,0.2
nonemployment_16plus,1.0,AR_long_run_0.75,2.0,0.0,off_1.0,5,0.1,0.5
nonemployment_16plus,1.0,AR_long_run_0.75,2.0,0.0,off_1.0,10,0.088,0.88
nonemployment_16plus,1.0,AR_long_run_0.75,2.0,0.0,off_1.0,20,0.047,0.94
nonemployment_16plus,1.0,AR_long_run_0.75,2.0,0.0,on_1.5,2,0.1,0.2
nonemployment_16plus,1.0,AR_long_run_0.75,2.0,0.0,on_1.5,5,0.1,0.5
nonemployment_16plus,1.0,AR_long_run_0.75,2.0,0.0,on_1.5,10,0.085,0.85
nonemployment_16plus,1.0,AR_long_run_0.75,2.0,0.0,on_1.5,20,0.0455,0.91
nonemployment_16plus,1.0,AR_long_run_0.75,2.0,0.5,off_1.0,2,0.1,0.2
nonemployment_16plus,1.0,AR_long_run_0.75,2.0,0.5,off_1.0,5,0.1,0.5
nonemployment_16plus,1.0,AR_long_run_0.75,2.0,0.5,off_1.0,10,0.088,0.88
nonemployment_16plus,1.0,AR_long_run_0.75,2.0,0.5,off_1.0,20,0.047,0.94
nonemployment_16plus,1.0,AR_long_run_0.75,2.0,0.5,on_1.5,2,0.1,0.2
nonemployment_16plus,1.0,AR_long_run_0.75,2.0,0.5,on_1.5,5,0.1,0.5
nonemployment_16plus,1.0,AR_long_run_0.75,2.0,0.5,on_1.5,10,0.085,0.85
nonemployment_16plus,1.0,AR_long_run_0.75,2.0,0.5,on_1.5,20,0.0455,0.91
nonemployment_16plus,1.0,AR_long_run_0.75,2.0,1.0,off_1.0,2,0.1,0.2
nonemployment_16plus,1.0,AR_long_run_0.75,2.0,1.0,off_1.0,5,0.1,0.5
nonemployment_16plus,1.0,AR_long_run_0.75,2.0,1.0,off_1.0,10,0.088,0.88
nonemployment_16plus,1.0,AR_long_run_0.75,2.0,1.0,off_1.0,20,0.047,0.94
nonemployment_16plus,1.0,AR_long_run_0.75,2.0,1.0,on_1.5,2,0.1,0.2
nonemployment_16plus,1.0,AR_long_run_0.75,2.0,1.0,on_1.5,5,0.1,0.5
nonemployment_16plus,1.0,AR_long_run_0.75,2.0,1.0,on_1.5,10,0.085,0.85
nonemployment_16plus,1.0,AR_long_run_0.75,2.0,1.0,on_1.5,20,0.0455,0.91
prime_age_nonemployment,0.0,dws_0.462,1.0,0.0,off_1.0,2,0.0675,0.135
prime_age_nonemployment,0.0,dws_0.462,1.0,0.0,off_1.0,5,0.031,0.155
prime_age_nonemployment,0.0,dws_0.462,1.0,0.0,off_1.0,10,0.009,0.09
prime_age_nonemployment,0.0,dws_0.462,1.0,0.0,off_1.0,20,,
prime_age_nonemployment,0.0,dws_0.462,1.0,0.0,on_1.5,2,0.065,0.13
prime_age_nonemployment,0.0,dws_0.462,1.0,0.0,on_1.5,5,0.0225,0.1125
prime_age_nonemployment,0.0,dws_0.462,1.0,0.0,on_1.5,10,,
prime_age_nonemployment,0.0,dws_0.462,1.0,0.0,on_1.5,20,,
prime_age_nonemployment,0.0,dws_0.462,1.0,0.5,off_1.0,2,0.0675,0.135
prime_age_nonemployment,0.0,dws_0.462,1.0,0.5,off_1.0,5,0.031,0.155
prime_age_nonemployment,0.0,dws_0.462,1.0,0.5,off_1.0,10,0.009,0.09
prime_age_nonemployment,0.0,dws_0.462,1.0,0.5,off_1.0,20,,
prime_age_nonemployment,0.0,dws_0.462,1.0,0.5,on_1.5,2,0.065,0.13
prime_age_nonemployment,0.0,dws_0.462,1.0,0.5,on_1.5,5,0.0225,0.1125
prime_age_nonemployment,0.0,dws_0.462,1.0,0.5,on_1.5,10,,
prime_age_nonemployment,0.0,dws_0.462,1.0,0.5,on_1.5,20,,
prime_age_nonemployment,0.0,dws_0.462,1.0,1.0,off_1.0,2,0.0675,0.135
prime_age_nonemployment,0.0,dws_0.462,1.0,1.0,off_1.0,5,0.031,0.155
prime_age_nonemployment,0.0,dws_0.462,1.0,1.0,off_1.0,10,0.009,0.09
prime_age_nonemployment,0.0,dws_0.462,1.0,1.0,off_1.0,20,,
prime_age_nonemployment,0.0,dws_0.462,1.0,1.0,on_1.5,2,0.065,0.13
prime_age_nonemployment,0.0,dws_0.462,1.0,1.0,on_1.5,5,0.0225,0.1125
prime_age_nonemployment,0.0,dws_0.462,1.0,1.0,on_1.5,10,,
prime_age_nonemployment,0.0,dws_0.462,1.0,1.0,on_1.5,20,,
prime_age_nonemployment,0.0,dws_0.462,1.5,0.0,off_1.0,2,0.0695,0.139
prime_age_nonemployment,0.0,dws_0.462,1.5,0.0,off_1.0,5,0.0325,0.1625
prime_age_nonemployment,0.0,dws_0.462,1.5,0.0,off_1.0,10,0.015,0.15
prime_age_nonemployment,0.0,dws_0.462,1.5,0.0,off_1.0,20,0.0005,0.01
prime_age_nonemployment,0.0,dws_0.462,1.5,0.0,on_1.5,2,0.0675,0.135
prime_age_nonemployment,0.0,dws_0.462,1.5,0.0,on_1.5,5,0.027,0.135
prime_age_nonemployment,0.0,dws_0.462,1.5,0.0,on_1.5,10,0.0075,0.075
prime_age_nonemployment,0.0,dws_0.462,1.5,0.0,on_1.5,20,,
prime_age_nonemployment,0.0,dws_0.462,1.5,0.5,off_1.0,2,0.0695,0.139
prime_age_nonemployment,0.0,dws_0.462,1.5,0.5,off_1.0,5,0.0325,0.1625
prime_age_nonemployment,0.0,dws_0.462,1.5,0.5,off_1.0,10,0.015,0.15
prime_age_nonemployment,0.0,dws_0.462,1.5,0.5,off_1.0,20,0.0005,0.01
prime_age_nonemployment,0.0,dws_0.462,1.5,0.5,on_1.5,2,0.0675,0.135
prime_age_nonemployment,0.0,dws_0.462,1.5,0.5,on_1.5,5,0.027,0.135
prime_age_nonemployment,0.0,dws_0.462,1.5,0.5,on_1.5,10,0.0075,0.075
prime_age_nonemployment,0.0,dws_0.462,1.5,0.5,on_1.5,20,,
prime_age_nonemployment,0.0,dws_0.462,1.5,1.0,off_1.0,2,0.0695,0.139
prime_age_nonemployment,0.0,dws_0.462,1.5,1.0,off_1.0,5,0.0325,0.1625
prime_age_nonemployment,0.0,dws_0.462,1.5,1.0,off_1.0,10,0.015,0.15
prime_age_nonemployment,0.0,dws_0.462,1.5,1.0,off_1.0,20,0.0005,0.01
prime_age_nonemployment,0.0,dws_0.462,1.5,1.0,on_1.5,2,0.0675,0.135
prime_age_nonemployment,0.0,dws_0.462,1.5,1.0,on_1.5,5,0.027,0.135
prime_age_nonemployment,0.0,dws_0.462,1.5,1.0,on_1.5,10,0.0075,0.075
prime_age_nonemployment,0.0,dws_0.462,1.5,1.0,on_1.5,20,,
prime_age_nonemployment,0.0,dws_0.462,2.0,0.0,off_1.0,2,0.0705,0.141
prime_age_nonemployment,0.0,dws_0.462,2.0,0.0,off_1.0,5,0.0315,0.1575
prime_age_nonemployment,0.0,dws_0.462,2.0,0.0,off_1.0,10,0.0175,0.175
prime_age_nonemployment,0.0,dws_0.462,2.0,0.0,off_1.0,20,0.005,0.1
prime_age_nonemployment,0.0,dws_0.462,2.0,0.0,on_1.5,2,0.069,0.138
prime_age_nonemployment,0.0,dws_0.462,2.0,0.0,on_1.5,5,0.028,0.14
prime_age_nonemployment,0.0,dws_0.462,2.0,0.0,on_1.5,10,0.0115,0.115
prime_age_nonemployment,0.0,dws_0.462,2.0,0.0,on_1.5,20,,
prime_age_nonemployment,0.0,dws_0.462,2.0,0.5,off_1.0,2,0.0705,0.141
prime_age_nonemployment,0.0,dws_0.462,2.0,0.5,off_1.0,5,0.0315,0.1575
prime_age_nonemployment,0.0,dws_0.462,2.0,0.5,off_1.0,10,0.0175,0.175
prime_age_nonemployment,0.0,dws_0.462,2.0,0.5,off_1.0,20,0.005,0.1
prime_age_nonemployment,0.0,dws_0.462,2.0,0.5,on_1.5,2,0.069,0.138
prime_age_nonemployment,0.0,dws_0.462,2.0,0.5,on_1.5,5,0.028,0.14
prime_age_nonemployment,0.0,dws_0.462,2.0,0.5,on_1.5,10,0.0115,0.115
prime_age_nonemployment,0.0,dws_0.462,2.0,0.5,on_1.5,20,,
prime_age_nonemployment,0.0,dws_0.462,2.0,1.0,off_1.0,2,0.0705,0.141
prime_age_nonemployment,0.0,dws_0.462,2.0,1.0,off_1.0,5,0.0315,0.1575
prime_age_nonemployment,0.0,dws_0.462,2.0,1.0,off_1.0,10,0.0175,0.175
prime_age_nonemployment,0.0,dws_0.462,2.0,1.0,off_1.0,20,0.005,0.1
prime_age_nonemployment,0.0,dws_0.462,2.0,1.0,on_1.5,2,0.069,0.138
prime_age_nonemployment,0.0,dws_0.462,2.0,1.0,on_1.5,5,0.028,0.14
prime_age_nonemployment,0.0,dws_0.462,2.0,1.0,on_1.5,10,0.0115,0.115
prime_age_nonemployment,0.0,dws_0.462,2.0,1.0,on_1.5,20,,
prime_age_nonemployment,0.0,dws_low_0.296,1.0,0.0,off_1.0,2,0.07,0.14
prime_age_nonemployment,0.0,dws_low_0.296,1.0,0.0,off_1.0,5,0.036,0.18
prime_age_nonemployment,0.0,dws_low_0.296,1.0,0.0,off_1.0,10,0.017,0.17
prime_age_nonemployment,0.0,dws_low_0.296,1.0,0.0,off_1.0,20,0.001,0.02
prime_age_nonemployment,0.0,dws_low_0.296,1.0,0.0,on_1.5,2,0.068,0.136
prime_age_nonemployment,0.0,dws_low_0.296,1.0,0.0,on_1.5,5,0.03,0.15
prime_age_nonemployment,0.0,dws_low_0.296,1.0,0.0,on_1.5,10,0.009,0.09
prime_age_nonemployment,0.0,dws_low_0.296,1.0,0.0,on_1.5,20,,
prime_age_nonemployment,0.0,dws_low_0.296,1.0,0.5,off_1.0,2,0.07,0.14
prime_age_nonemployment,0.0,dws_low_0.296,1.0,0.5,off_1.0,5,0.036,0.18
prime_age_nonemployment,0.0,dws_low_0.296,1.0,0.5,off_1.0,10,0.017,0.17
prime_age_nonemployment,0.0,dws_low_0.296,1.0,0.5,off_1.0,20,0.001,0.02
prime_age_nonemployment,0.0,dws_low_0.296,1.0,0.5,on_1.5,2,0.068,0.136
prime_age_nonemployment,0.0,dws_low_0.296,1.0,0.5,on_1.5,5,0.03,0.15
prime_age_nonemployment,0.0,dws_low_0.296,1.0,0.5,on_1.5,10,0.009,0.09
prime_age_nonemployment,0.0,dws_low_0.296,1.0,0.5,on_1.5,20,,
prime_age_nonemployment,0.0,dws_low_0.296,1.0,1.0,off_1.0,2,0.07,0.14
prime_age_nonemployment,0.0,dws_low_0.296,1.0,1.0,off_1.0,5,0.036,0.18
prime_age_nonemployment,0.0,dws_low_0.296,1.0,1.0,off_1.0,10,0.017,0.17
prime_age_nonemployment,0.0,dws_low_0.296,1.0,1.0,off_1.0,20,0.001,0.02
prime_age_nonemployment,0.0,dws_low_0.296,1.0,1.0,on_1.5,2,0.068,0.136
prime_age_nonemployment,0.0,dws_low_0.296,1.0,1.0,on_1.5,5,0.03,0.15
prime_age_nonemployment,0.0,dws_low_0.296,1.0,1.0,on_1.5,10,0.009,0.09
prime_age_nonemployment,0.0,dws_low_0.296,1.0,1.0,on_1.5,20,,
prime_age_nonemployment,0.0,dws_low_0.296,1.5,0.0,off_1.0,2,0.071,0.142
prime_age_nonemployment,0.0,dws_low_0.296,1.5,0.0,off_1.0,5,0.0345,0.1725
prime_age_nonemployment,0.0,dws_low_0.296,1.5,0.0,off_1.0,10,0.02,0.2
prime_age_nonemployment,0.0,dws_low_0.296,1.5,0.0,off_1.0,20,0.0075,0.15
prime_age_nonemployment,0.0,dws_low_0.296,1.5,0.0,on_1.5,2,0.0695,0.139
prime_age_nonemployment,0.0,dws_low_0.296,1.5,0.0,on_1.5,5,0.031,0.155
prime_age_nonemployment,0.0,dws_low_0.296,1.5,0.0,on_1.5,10,0.0145,0.145
prime_age_nonemployment,0.0,dws_low_0.296,1.5,0.0,on_1.5,20,0.0015,0.03
prime_age_nonemployment,0.0,dws_low_0.296,1.5,0.5,off_1.0,2,0.071,0.142
prime_age_nonemployment,0.0,dws_low_0.296,1.5,0.5,off_1.0,5,0.0345,0.1725
prime_age_nonemployment,0.0,dws_low_0.296,1.5,0.5,off_1.0,10,0.02,0.2
prime_age_nonemployment,0.0,dws_low_0.296,1.5,0.5,off_1.0,20,0.0075,0.15
prime_age_nonemployment,0.0,dws_low_0.296,1.5,0.5,on_1.5,2,0.0695,0.139
prime_age_nonemployment,0.0,dws_low_0.296,1.5,0.5,on_1.5,5,0.031,0.155
prime_age_nonemployment,0.0,dws_low_0.296,1.5,0.5,on_1.5,10,0.0145,0.145
prime_age_nonemployment,0.0,dws_low_0.296,1.5,0.5,on_1.5,20,0.0015,0.03
prime_age_nonemployment,0.0,dws_low_0.296,1.5,1.0,off_1.0,2,0.071,0.142
prime_age_nonemployment,0.0,dws_low_0.296,1.5,1.0,off_1.0,5,0.0345,0.1725
prime_age_nonemployment,0.0,dws_low_0.296,1.5,1.0,off_1.0,10,0.02,0.2
prime_age_nonemployment,0.0,dws_low_0.296,1.5,1.0,off_1.0,20,0.0075,0.15
prime_age_nonemployment,0.0,dws_low_0.296,1.5,1.0,on_1.5,2,0.0695,0.139
prime_age_nonemployment,0.0,dws_low_0.296,1.5,1.0,on_1.5,5,0.031,0.155
prime_age_nonemployment,0.0,dws_low_0.296,1.5,1.0,on_1.5,10,0.0145,0.145
prime_age_nonemployment,0.0,dws_low_0.296,1.5,1.0,on_1.5,20,0.0015,0.03
prime_age_nonemployment,0.0,dws_low_0.296,2.0,0.0,off_1.0,2,0.0715,0.143
prime_age_nonemployment,0.0,dws_low_0.296,2.0,0.0,off_1.0,5,0.0325,0.1625
prime_age_nonemployment,0.0,dws_low_0.296,2.0,0.0,off_1.0,10,0.021,0.21
prime_age_nonemployment,0.0,dws_low_0.296,2.0,0.0,off_1.0,20,0.0105,0.21
prime_age_nonemployment,0.0,dws_low_0.296,2.0,0.0,on_1.5,2,0.0705,0.141
prime_age_nonemployment,0.0,dws_low_0.296,2.0,0.0,on_1.5,5,0.0305,0.1525
prime_age_nonemployment,0.0,dws_low_0.296,2.0,0.0,on_1.5,10,0.017,0.17
prime_age_nonemployment,0.0,dws_low_0.296,2.0,0.0,on_1.5,20,0.0055,0.11
prime_age_nonemployment,0.0,dws_low_0.296,2.0,0.5,off_1.0,2,0.0715,0.143
prime_age_nonemployment,0.0,dws_low_0.296,2.0,0.5,off_1.0,5,0.0325,0.1625
prime_age_nonemployment,0.0,dws_low_0.296,2.0,0.5,off_1.0,10,0.021,0.21
prime_age_nonemployment,0.0,dws_low_0.296,2.0,0.5,off_1.0,20,0.0105,0.21
prime_age_nonemployment,0.0,dws_low_0.296,2.0,0.5,on_1.5,2,0.0705,0.141
prime_age_nonemployment,0.0,dws_low_0.296,2.0,0.5,on_1.5,5,0.0305,0.1525
prime_age_nonemployment,0.0,dws_low_0.296,2.0,0.5,on_1.5,10,0.017,0.17
prime_age_nonemployment,0.0,dws_low_0.296,2.0,0.5,on_1.5,20,0.0055,0.11
prime_age_nonemployment,0.0,dws_low_0.296,2.0,1.0,off_1.0,2,0.0715,0.143
prime_age_nonemployment,0.0,dws_low_0.296,2.0,1.0,off_1.0,5,0.0325,0.1625
prime_age_nonemployment,0.0,dws_low_0.296,2.0,1.0,off_1.0,10,0.021,0.21
prime_age_nonemployment,0.0,dws_low_0.296,2.0,1.0,off_1.0,20,0.0105,0.21
prime_age_nonemployment,0.0,dws_low_0.296,2.0,1.0,on_1.5,2,0.0705,0.141
prime_age_nonemployment,0.0,dws_low_0.296,2.0,1.0,on_1.5,5,0.0305,0.1525
prime_age_nonemployment,0.0,dws_low_0.296,2.0,1.0,on_1.5,10,0.017,0.17
prime_age_nonemployment,0.0,dws_low_0.296,2.0,1.0,on_1.5,20,0.0055,0.11
prime_age_nonemployment,0.0,dws_high_0.643,1.0,0.0,off_1.0,2,0.0655,0.131
prime_age_nonemployment,0.0,dws_high_0.643,1.0,0.0,off_1.0,5,0.026,0.13
prime_age_nonemployment,0.0,dws_high_0.643,1.0,0.0,off_1.0,10,0.001,0.01
prime_age_nonemployment,0.0,dws_high_0.643,1.0,0.0,off_1.0,20,,
prime_age_nonemployment,0.0,dws_high_0.643,1.0,0.0,on_1.5,2,0.0615,0.123
prime_age_nonemployment,0.0,dws_high_0.643,1.0,0.0,on_1.5,5,0.015,0.075
prime_age_nonemployment,0.0,dws_high_0.643,1.0,0.0,on_1.5,10,,
prime_age_nonemployment,0.0,dws_high_0.643,1.0,0.0,on_1.5,20,,
prime_age_nonemployment,0.0,dws_high_0.643,1.0,0.5,off_1.0,2,0.0655,0.131
prime_age_nonemployment,0.0,dws_high_0.643,1.0,0.5,off_1.0,5,0.026,0.13
prime_age_nonemployment,0.0,dws_high_0.643,1.0,0.5,off_1.0,10,0.001,0.01
prime_age_nonemployment,0.0,dws_high_0.643,1.0,0.5,off_1.0,20,,
prime_age_nonemployment,0.0,dws_high_0.643,1.0,0.5,on_1.5,2,0.0615,0.123
prime_age_nonemployment,0.0,dws_high_0.643,1.0,0.5,on_1.5,5,0.015,0.075
prime_age_nonemployment,0.0,dws_high_0.643,1.0,0.5,on_1.5,10,,
prime_age_nonemployment,0.0,dws_high_0.643,1.0,0.5,on_1.5,20,,
prime_age_nonemployment,0.0,dws_high_0.643,1.0,1.0,off_1.0,2,0.0655,0.131
prime_age_nonemployment,0.0,dws_high_0.643,1.0,1.0,off_1.0,5,0.026,0.13
prime_age_nonemployment,0.0,dws_high_0.643,1.0,1.0,off_1.0,10,0.001,0.01
prime_age_nonemployment,0.0,dws_high_0.643,1.0,1.0,off_1.0,20,,
prime_age_nonemployment,0.0,dws_high_0.643,1.0,1.0,on_1.5,2,0.0615,0.123
prime_age_nonemployment,0.0,dws_high_0.643,1.0,1.0,on_1.5,5,0.015,0.075
prime_age_nonemployment,0.0,dws_high_0.643,1.0,1.0,on_1.5,10,,
prime_age_nonemployment,0.0,dws_high_0.643,1.0,1.0,on_1.5,20,,
prime_age_nonemployment,0.0,dws_high_0.643,1.5,0.0,off_1.0,2,0.068,0.136
prime_age_nonemployment,0.0,dws_high_0.643,1.5,0.0,off_1.0,5,0.03,0.15
prime_age_nonemployment,0.0,dws_high_0.643,1.5,0.0,off_1.0,10,0.0095,0.095
prime_age_nonemployment,0.0,dws_high_0.643,1.5,0.0,off_1.0,20,,
prime_age_nonemployment,0.0,dws_high_0.643,1.5,0.0,on_1.5,2,0.065,0.13
prime_age_nonemployment,0.0,dws_high_0.643,1.5,0.0,on_1.5,5,0.0225,0.1125
prime_age_nonemployment,0.0,dws_high_0.643,1.5,0.0,on_1.5,10,0.0005,0.005
prime_age_nonemployment,0.0,dws_high_0.643,1.5,0.0,on_1.5,20,,
prime_age_nonemployment,0.0,dws_high_0.643,1.5,0.5,off_1.0,2,0.068,0.136
prime_age_nonemployment,0.0,dws_high_0.643,1.5,0.5,off_1.0,5,0.03,0.15
prime_age_nonemployment,0.0,dws_high_0.643,1.5,0.5,off_1.0,10,0.0095,0.095
prime_age_nonemployment,0.0,dws_high_0.643,1.5,0.5,off_1.0,20,,
prime_age_nonemployment,0.0,dws_high_0.643,1.5,0.5,on_1.5,2,0.065,0.13
prime_age_nonemployment,0.0,dws_high_0.643,1.5,0.5,on_1.5,5,0.0225,0.1125
prime_age_nonemployment,0.0,dws_high_0.643,1.5,0.5,on_1.5,10,0.0005,0.005
prime_age_nonemployment,0.0,dws_high_0.643,1.5,0.5,on_1.5,20,,
prime_age_nonemployment,0.0,dws_high_0.643,1.5,1.0,off_1.0,2,0.068,0.136
prime_age_nonemployment,0.0,dws_high_0.643,1.5,1.0,off_1.0,5,0.03,0.15
prime_age_nonemployment,0.0,dws_high_0.643,1.5,1.0,off_1.0,10,0.0095,0.095
prime_age_nonemployment,0.0,dws_high_0.643,1.5,1.0,off_1.0,20,,
prime_age_nonemployment,0.0,dws_high_0.643,1.5,1.0,on_1.5,2,0.065,0.13
prime_age_nonemployment,0.0,dws_high_0.643,1.5,1.0,on_1.5,5,0.0225,0.1125
prime_age_nonemployment,0.0,dws_high_0.643,1.5,1.0,on_1.5,10,0.0005,0.005
prime_age_nonemployment,0.0,dws_high_0.643,1.5,1.0,on_1.5,20,,
prime_age_nonemployment,0.0,dws_high_0.643,2.0,0.0,off_1.0,2,0.069,0.138
prime_age_nonemployment,0.0,dws_high_0.643,2.0,0.0,off_1.0,5,0.031,0.155
prime_age_nonemployment,0.0,dws_high_0.643,2.0,0.0,off_1.0,10,0.0135,0.135
prime_age_nonemployment,0.0,dws_high_0.643,2.0,0.0,off_1.0,20,,
prime_age_nonemployment,0.0,dws_high_0.643,2.0,0.0,on_1.5,2,0.067,0.134
prime_age_nonemployment,0.0,dws_high_0.643,2.0,0.0,on_1.5,5,0.0255,0.1275
prime_age_nonemployment,0.0,dws_high_0.643,2.0,0.0,on_1.5,10,0.0065,0.065
prime_age_nonemployment,0.0,dws_high_0.643,2.0,0.0,on_1.5,20,,
prime_age_nonemployment,0.0,dws_high_0.643,2.0,0.5,off_1.0,2,0.069,0.138
prime_age_nonemployment,0.0,dws_high_0.643,2.0,0.5,off_1.0,5,0.031,0.155
prime_age_nonemployment,0.0,dws_high_0.643,2.0,0.5,off_1.0,10,0.0135,0.135
prime_age_nonemployment,0.0,dws_high_0.643,2.0,0.5,off_1.0,20,,
prime_age_nonemployment,0.0,dws_high_0.643,2.0,0.5,on_1.5,2,0.067,0.134
prime_age_nonemployment,0.0,dws_high_0.643,2.0,0.5,on_1.5,5,0.0255,0.1275
prime_age_nonemployment,0.0,dws_high_0.643,2.0,0.5,on_1.5,10,0.0065,0.065
prime_age_nonemployment,0.0,dws_high_0.643,2.0,0.5,on_1.5,20,,
prime_age_nonemployment,0.0,dws_high_0.643,2.0,1.0,off_1.0,2,0.069,0.138
prime_age_nonemployment,0.0,dws_high_0.643,2.0,1.0,off_1.0,5,0.031,0.155
prime_age_nonemployment,0.0,dws_high_0.643,2.0,1.0,off_1.0,10,0.0135,0.135
prime_age_nonemployment,0.0,dws_high_0.643,2.0,1.0,off_1.0,20,,
prime_age_nonemployment,0.0,dws_high_0.643,2.0,1.0,on_1.5,2,0.067,0.134
prime_age_nonemployment,0.0,dws_high_0.643,2.0,1.0,on_1.5,5,0.0255,0.1275
prime_age_nonemployment,0.0,dws_high_0.643,2.0,1.0,on_1.5,10,0.0065,0.065
prime_age_nonemployment,0.0,dws_high_0.643,2.0,1.0,on_1.5,20,,
prime_age_nonemployment,0.0,AR_long_run_0.75,1.0,0.0,off_1.0,2,0.064,0.128
prime_age_nonemployment,0.0,AR_long_run_0.75,1.0,0.0,off_1.0,5,0.023,0.115
prime_age_nonemployment,0.0,AR_long_run_0.75,1.0,0.0,off_1.0,10,,
prime_age_nonemployment,0.0,AR_long_run_0.75,1.0,0.0,off_1.0,20,,
prime_age_nonemployment,0.0,AR_long_run_0.75,1.0,0.0,on_1.5,2,0.0595,0.119
prime_age_nonemployment,0.0,AR_long_run_0.75,1.0,0.0,on_1.5,5,0.011,0.055
prime_age_nonemployment,0.0,AR_long_run_0.75,1.0,0.0,on_1.5,10,,
prime_age_nonemployment,0.0,AR_long_run_0.75,1.0,0.0,on_1.5,20,,
prime_age_nonemployment,0.0,AR_long_run_0.75,1.0,0.5,off_1.0,2,0.064,0.128
prime_age_nonemployment,0.0,AR_long_run_0.75,1.0,0.5,off_1.0,5,0.023,0.115
prime_age_nonemployment,0.0,AR_long_run_0.75,1.0,0.5,off_1.0,10,,
prime_age_nonemployment,0.0,AR_long_run_0.75,1.0,0.5,off_1.0,20,,
prime_age_nonemployment,0.0,AR_long_run_0.75,1.0,0.5,on_1.5,2,0.0595,0.119
prime_age_nonemployment,0.0,AR_long_run_0.75,1.0,0.5,on_1.5,5,0.011,0.055
prime_age_nonemployment,0.0,AR_long_run_0.75,1.0,0.5,on_1.5,10,,
prime_age_nonemployment,0.0,AR_long_run_0.75,1.0,0.5,on_1.5,20,,
prime_age_nonemployment,0.0,AR_long_run_0.75,1.0,1.0,off_1.0,2,0.064,0.128
prime_age_nonemployment,0.0,AR_long_run_0.75,1.0,1.0,off_1.0,5,0.023,0.115
prime_age_nonemployment,0.0,AR_long_run_0.75,1.0,1.0,off_1.0,10,,
prime_age_nonemployment,0.0,AR_long_run_0.75,1.0,1.0,off_1.0,20,,
prime_age_nonemployment,0.0,AR_long_run_0.75,1.0,1.0,on_1.5,2,0.0595,0.119
prime_age_nonemployment,0.0,AR_long_run_0.75,1.0,1.0,on_1.5,5,0.011,0.055
prime_age_nonemployment,0.0,AR_long_run_0.75,1.0,1.0,on_1.5,10,,
prime_age_nonemployment,0.0,AR_long_run_0.75,1.0,1.0,on_1.5,20,,
prime_age_nonemployment,0.0,AR_long_run_0.75,1.5,0.0,off_1.0,2,0.067,0.134
prime_age_nonemployment,0.0,AR_long_run_0.75,1.5,0.0,off_1.0,5,0.029,0.145
prime_age_nonemployment,0.0,AR_long_run_0.75,1.5,0.0,off_1.0,10,0.0065,0.065
prime_age_nonemployment,0.0,AR_long_run_0.75,1.5,0.0,off_1.0,20,,
prime_age_nonemployment,0.0,AR_long_run_0.75,1.5,0.0,on_1.5,2,0.0635,0.127
prime_age_nonemployment,0.0,AR_long_run_0.75,1.5,0.0,on_1.5,5,0.02,0.1
prime_age_nonemployment,0.0,AR_long_run_0.75,1.5,0.0,on_1.5,10,,
prime_age_nonemployment,0.0,AR_long_run_0.75,1.5,0.0,on_1.5,20,,
prime_age_nonemployment,0.0,AR_long_run_0.75,1.5,0.5,off_1.0,2,0.067,0.134
prime_age_nonemployment,0.0,AR_long_run_0.75,1.5,0.5,off_1.0,5,0.029,0.145
prime_age_nonemployment,0.0,AR_long_run_0.75,1.5,0.5,off_1.0,10,0.0065,0.065
prime_age_nonemployment,0.0,AR_long_run_0.75,1.5,0.5,off_1.0,20,,
prime_age_nonemployment,0.0,AR_long_run_0.75,1.5,0.5,on_1.5,2,0.0635,0.127
prime_age_nonemployment,0.0,AR_long_run_0.75,1.5,0.5,on_1.5,5,0.02,0.1
prime_age_nonemployment,0.0,AR_long_run_0.75,1.5,0.5,on_1.5,10,,
prime_age_nonemployment,0.0,AR_long_run_0.75,1.5,0.5,on_1.5,20,,
prime_age_nonemployment,0.0,AR_long_run_0.75,1.5,1.0,off_1.0,2,0.067,0.134
prime_age_nonemployment,0.0,AR_long_run_0.75,1.5,1.0,off_1.0,5,0.029,0.145
prime_age_nonemployment,0.0,AR_long_run_0.75,1.5,1.0,off_1.0,10,0.0065,0.065
prime_age_nonemployment,0.0,AR_long_run_0.75,1.5,1.0,off_1.0,20,,
prime_age_nonemployment,0.0,AR_long_run_0.75,1.5,1.0,on_1.5,2,0.0635,0.127
prime_age_nonemployment,0.0,AR_long_run_0.75,1.5,1.0,on_1.5,5,0.02,0.1
prime_age_nonemployment,0.0,AR_long_run_0.75,1.5,1.0,on_1.5,10,,
prime_age_nonemployment,0.0,AR_long_run_0.75,1.5,1.0,on_1.5,20,,
prime_age_nonemployment,0.0,AR_long_run_0.75,2.0,0.0,off_1.0,2,0.0685,0.137
prime_age_nonemployment,0.0,AR_long_run_0.75,2.0,0.0,off_1.0,5,0.031,0.155
prime_age_nonemployment,0.0,AR_long_run_0.75,2.0,0.0,off_1.0,10,0.0115,0.115
prime_age_nonemployment,0.0,AR_long_run_0.75,2.0,0.0,off_1.0,20,,
prime_age_nonemployment,0.0,AR_long_run_0.75,2.0,0.0,on_1.5,2,0.066,0.132
prime_age_nonemployment,0.0,AR_long_run_0.75,2.0,0.0,on_1.5,5,0.024,0.12
prime_age_nonemployment,0.0,AR_long_run_0.75,2.0,0.0,on_1.5,10,0.003,0.03
prime_age_nonemployment,0.0,AR_long_run_0.75,2.0,0.0,on_1.5,20,,
prime_age_nonemployment,0.0,AR_long_run_0.75,2.0,0.5,off_1.0,2,0.0685,0.137
prime_age_nonemployment,0.0,AR_long_run_0.75,2.0,0.5,off_1.0,5,0.031,0.155
prime_age_nonemployment,0.0,AR_long_run_0.75,2.0,0.5,off_1.0,10,0.0115,0.115
prime_age_nonemployment,0.0,AR_long_run_0.75,2.0,0.5,off_1.0,20,,
prime_age_nonemployment,0.0,AR_long_run_0.75,2.0,0.5,on_1.5,2,0.066,0.132
prime_age_nonemployment,0.0,AR_long_run_0.75,2.0,0.5,on_1.5,5,0.024,0.12
prime_age_nonemployment,0.0,AR_long_run_0.75,2.0,0.5,on_1.5,10,0.003,0.03
prime_age_nonemployment,0.0,AR_long_run_0.75,2.0,0.5,on_1.5,20,,
prime_age_nonemployment,0.0,AR_long_run_0.75,2.0,1.0,off_1.0,2,0.0685,0.137
prime_age_nonemployment,0.0,AR_long_run_0.75,2.0,1.0,off_1.0,5,0.031,0.155
prime_age_nonemployment,0.0,AR_long_run_0.75,2.0,1.0,off_1.0,10,0.0115,0.115
prime_age_nonemployment,0.0,AR_long_run_0.75,2.0,1.0,off_1.0,20,,
prime_age_nonemployment,0.0,AR_long_run_0.75,2.0,1.0,on_1.5,2,0.066,0.132
prime_age_nonemployment,0.0,AR_long_run_0.75,2.0,1.0,on_1.5,5,0.024,0.12
prime_age_nonemployment,0.0,AR_long_run_0.75,2.0,1.0,on_1.5,10,0.003,0.03
prime_age_nonemployment,0.0,AR_long_run_0.75,2.0,1.0,on_1.5,20,,
prime_age_nonemployment,0.5,dws_0.462,1.0,0.0,off_1.0,2,0.0675,0.135
prime_age_nonemployment,0.5,dws_0.462,1.0,0.0,off_1.0,5,0.0295,0.1475
prime_age_nonemployment,0.5,dws_0.462,1.0,0.0,off_1.0,10,0.008,0.08
prime_age_nonemployment,0.5,dws_0.462,1.0,0.0,off_1.0,20,,
prime_age_nonemployment,0.5,dws_0.462,1.0,0.0,on_1.5,2,0.065,0.13
prime_age_nonemployment,0.5,dws_0.462,1.0,0.0,on_1.5,5,0.022,0.11
prime_age_nonemployment,0.5,dws_0.462,1.0,0.0,on_1.5,10,,
prime_age_nonemployment,0.5,dws_0.462,1.0,0.0,on_1.5,20,,
prime_age_nonemployment,0.5,dws_0.462,1.0,0.5,off_1.0,2,0.0675,0.135
prime_age_nonemployment,0.5,dws_0.462,1.0,0.5,off_1.0,5,0.0295,0.1475
prime_age_nonemployment,0.5,dws_0.462,1.0,0.5,off_1.0,10,0.008,0.08
prime_age_nonemployment,0.5,dws_0.462,1.0,0.5,off_1.0,20,,
prime_age_nonemployment,0.5,dws_0.462,1.0,0.5,on_1.5,2,0.065,0.13
prime_age_nonemployment,0.5,dws_0.462,1.0,0.5,on_1.5,5,0.022,0.11
prime_age_nonemployment,0.5,dws_0.462,1.0,0.5,on_1.5,10,,
prime_age_nonemployment,0.5,dws_0.462,1.0,0.5,on_1.5,20,,
prime_age_nonemployment,0.5,dws_0.462,1.0,1.0,off_1.0,2,0.0675,0.135
prime_age_nonemployment,0.5,dws_0.462,1.0,1.0,off_1.0,5,0.0295,0.1475
prime_age_nonemployment,0.5,dws_0.462,1.0,1.0,off_1.0,10,0.008,0.08
prime_age_nonemployment,0.5,dws_0.462,1.0,1.0,off_1.0,20,,
prime_age_nonemployment,0.5,dws_0.462,1.0,1.0,on_1.5,2,0.065,0.13
prime_age_nonemployment,0.5,dws_0.462,1.0,1.0,on_1.5,5,0.022,0.11
prime_age_nonemployment,0.5,dws_0.462,1.0,1.0,on_1.5,10,,
prime_age_nonemployment,0.5,dws_0.462,1.0,1.0,on_1.5,20,,
prime_age_nonemployment,0.5,dws_0.462,1.5,0.0,off_1.0,2,0.0695,0.139
prime_age_nonemployment,0.5,dws_0.462,1.5,0.0,off_1.0,5,0.031,0.155
prime_age_nonemployment,0.5,dws_0.462,1.5,0.0,off_1.0,10,0.0135,0.135
prime_age_nonemployment,0.5,dws_0.462,1.5,0.0,off_1.0,20,0.0005,0.01
prime_age_nonemployment,0.5,dws_0.462,1.5,0.0,on_1.5,2,0.0675,0.135
prime_age_nonemployment,0.5,dws_0.462,1.5,0.0,on_1.5,5,0.026,0.13
prime_age_nonemployment,0.5,dws_0.462,1.5,0.0,on_1.5,10,0.007,0.07
prime_age_nonemployment,0.5,dws_0.462,1.5,0.0,on_1.5,20,,
prime_age_nonemployment,0.5,dws_0.462,1.5,0.5,off_1.0,2,0.0695,0.139
prime_age_nonemployment,0.5,dws_0.462,1.5,0.5,off_1.0,5,0.031,0.155
prime_age_nonemployment,0.5,dws_0.462,1.5,0.5,off_1.0,10,0.0135,0.135
prime_age_nonemployment,0.5,dws_0.462,1.5,0.5,off_1.0,20,0.0005,0.01
prime_age_nonemployment,0.5,dws_0.462,1.5,0.5,on_1.5,2,0.0675,0.135
prime_age_nonemployment,0.5,dws_0.462,1.5,0.5,on_1.5,5,0.026,0.13
prime_age_nonemployment,0.5,dws_0.462,1.5,0.5,on_1.5,10,0.007,0.07
prime_age_nonemployment,0.5,dws_0.462,1.5,0.5,on_1.5,20,,
prime_age_nonemployment,0.5,dws_0.462,1.5,1.0,off_1.0,2,0.0695,0.139
prime_age_nonemployment,0.5,dws_0.462,1.5,1.0,off_1.0,5,0.031,0.155
prime_age_nonemployment,0.5,dws_0.462,1.5,1.0,off_1.0,10,0.0135,0.135
prime_age_nonemployment,0.5,dws_0.462,1.5,1.0,off_1.0,20,0.0005,0.01
prime_age_nonemployment,0.5,dws_0.462,1.5,1.0,on_1.5,2,0.0675,0.135
prime_age_nonemployment,0.5,dws_0.462,1.5,1.0,on_1.5,5,0.026,0.13
prime_age_nonemployment,0.5,dws_0.462,1.5,1.0,on_1.5,10,0.007,0.07
prime_age_nonemployment,0.5,dws_0.462,1.5,1.0,on_1.5,20,,
prime_age_nonemployment,0.5,dws_0.462,2.0,0.0,off_1.0,2,0.0705,0.141
prime_age_nonemployment,0.5,dws_0.462,2.0,0.0,off_1.0,5,0.0305,0.1525
prime_age_nonemployment,0.5,dws_0.462,2.0,0.0,off_1.0,10,0.016,0.16
prime_age_nonemployment,0.5,dws_0.462,2.0,0.0,off_1.0,20,0.0045,0.09
prime_age_nonemployment,0.5,dws_0.462,2.0,0.0,on_1.5,2,0.069,0.138
prime_age_nonemployment,0.5,dws_0.462,2.0,0.0,on_1.5,5,0.027,0.135
prime_age_nonemployment,0.5,dws_0.462,2.0,0.0,on_1.5,10,0.011,0.11
prime_age_nonemployment,0.5,dws_0.462,2.0,0.0,on_1.5,20,,
prime_age_nonemployment,0.5,dws_0.462,2.0,0.5,off_1.0,2,0.0705,0.141
prime_age_nonemployment,0.5,dws_0.462,2.0,0.5,off_1.0,5,0.0305,0.1525
prime_age_nonemployment,0.5,dws_0.462,2.0,0.5,off_1.0,10,0.016,0.16
prime_age_nonemployment,0.5,dws_0.462,2.0,0.5,off_1.0,20,0.0045,0.09
prime_age_nonemployment,0.5,dws_0.462,2.0,0.5,on_1.5,2,0.069,0.138
prime_age_nonemployment,0.5,dws_0.462,2.0,0.5,on_1.5,5,0.027,0.135
prime_age_nonemployment,0.5,dws_0.462,2.0,0.5,on_1.5,10,0.011,0.11
prime_age_nonemployment,0.5,dws_0.462,2.0,0.5,on_1.5,20,,
prime_age_nonemployment,0.5,dws_0.462,2.0,1.0,off_1.0,2,0.0705,0.141
prime_age_nonemployment,0.5,dws_0.462,2.0,1.0,off_1.0,5,0.0305,0.1525
prime_age_nonemployment,0.5,dws_0.462,2.0,1.0,off_1.0,10,0.016,0.16
prime_age_nonemployment,0.5,dws_0.462,2.0,1.0,off_1.0,20,0.0045,0.09
prime_age_nonemployment,0.5,dws_0.462,2.0,1.0,on_1.5,2,0.069,0.138
prime_age_nonemployment,0.5,dws_0.462,2.0,1.0,on_1.5,5,0.027,0.135
prime_age_nonemployment,0.5,dws_0.462,2.0,1.0,on_1.5,10,0.011,0.11
prime_age_nonemployment,0.5,dws_0.462,2.0,1.0,on_1.5,20,,
prime_age_nonemployment,0.5,dws_low_0.296,1.0,0.0,off_1.0,2,0.07,0.14
prime_age_nonemployment,0.5,dws_low_0.296,1.0,0.0,off_1.0,5,0.034,0.17
prime_age_nonemployment,0.5,dws_low_0.296,1.0,0.0,off_1.0,10,0.0155,0.155
prime_age_nonemployment,0.5,dws_low_0.296,1.0,0.0,off_1.0,20,0.001,0.02
prime_age_nonemployment,0.5,dws_low_0.296,1.0,0.0,on_1.5,2,0.068,0.136
prime_age_nonemployment,0.5,dws_low_0.296,1.0,0.0,on_1.5,5,0.0285,0.1425
prime_age_nonemployment,0.5,dws_low_0.296,1.0,0.0,on_1.5,10,0.0085,0.085
prime_age_nonemployment,0.5,dws_low_0.296,1.0,0.0,on_1.5,20,,
prime_age_nonemployment,0.5,dws_low_0.296,1.0,0.5,off_1.0,2,0.07,0.14
prime_age_nonemployment,0.5,dws_low_0.296,1.0,0.5,off_1.0,5,0.034,0.17
prime_age_nonemployment,0.5,dws_low_0.296,1.0,0.5,off_1.0,10,0.0155,0.155
prime_age_nonemployment,0.5,dws_low_0.296,1.0,0.5,off_1.0,20,0.001,0.02
prime_age_nonemployment,0.5,dws_low_0.296,1.0,0.5,on_1.5,2,0.068,0.136
prime_age_nonemployment,0.5,dws_low_0.296,1.0,0.5,on_1.5,5,0.0285,0.1425
prime_age_nonemployment,0.5,dws_low_0.296,1.0,0.5,on_1.5,10,0.0085,0.085
prime_age_nonemployment,0.5,dws_low_0.296,1.0,0.5,on_1.5,20,,
prime_age_nonemployment,0.5,dws_low_0.296,1.0,1.0,off_1.0,2,0.07,0.14
prime_age_nonemployment,0.5,dws_low_0.296,1.0,1.0,off_1.0,5,0.034,0.17
prime_age_nonemployment,0.5,dws_low_0.296,1.0,1.0,off_1.0,10,0.0155,0.155
prime_age_nonemployment,0.5,dws_low_0.296,1.0,1.0,off_1.0,20,0.001,0.02
prime_age_nonemployment,0.5,dws_low_0.296,1.0,1.0,on_1.5,2,0.068,0.136
prime_age_nonemployment,0.5,dws_low_0.296,1.0,1.0,on_1.5,5,0.0285,0.1425
prime_age_nonemployment,0.5,dws_low_0.296,1.0,1.0,on_1.5,10,0.0085,0.085
prime_age_nonemployment,0.5,dws_low_0.296,1.0,1.0,on_1.5,20,,
prime_age_nonemployment,0.5,dws_low_0.296,1.5,0.0,off_1.0,2,0.071,0.142
prime_age_nonemployment,0.5,dws_low_0.296,1.5,0.0,off_1.0,5,0.033,0.165
prime_age_nonemployment,0.5,dws_low_0.296,1.5,0.0,off_1.0,10,0.0185,0.185
prime_age_nonemployment,0.5,dws_low_0.296,1.5,0.0,off_1.0,20,0.0065,0.13
prime_age_nonemployment,0.5,dws_low_0.296,1.5,0.0,on_1.5,2,0.0695,0.139
prime_age_nonemployment,0.5,dws_low_0.296,1.5,0.0,on_1.5,5,0.03,0.15
prime_age_nonemployment,0.5,dws_low_0.296,1.5,0.0,on_1.5,10,0.0135,0.135
prime_age_nonemployment,0.5,dws_low_0.296,1.5,0.0,on_1.5,20,0.0015,0.03
prime_age_nonemployment,0.5,dws_low_0.296,1.5,0.5,off_1.0,2,0.071,0.142
prime_age_nonemployment,0.5,dws_low_0.296,1.5,0.5,off_1.0,5,0.033,0.165
prime_age_nonemployment,0.5,dws_low_0.296,1.5,0.5,off_1.0,10,0.0185,0.185
prime_age_nonemployment,0.5,dws_low_0.296,1.5,0.5,off_1.0,20,0.0065,0.13
prime_age_nonemployment,0.5,dws_low_0.296,1.5,0.5,on_1.5,2,0.0695,0.139
prime_age_nonemployment,0.5,dws_low_0.296,1.5,0.5,on_1.5,5,0.03,0.15
prime_age_nonemployment,0.5,dws_low_0.296,1.5,0.5,on_1.5,10,0.0135,0.135
prime_age_nonemployment,0.5,dws_low_0.296,1.5,0.5,on_1.5,20,0.0015,0.03
prime_age_nonemployment,0.5,dws_low_0.296,1.5,1.0,off_1.0,2,0.071,0.142
prime_age_nonemployment,0.5,dws_low_0.296,1.5,1.0,off_1.0,5,0.033,0.165
prime_age_nonemployment,0.5,dws_low_0.296,1.5,1.0,off_1.0,10,0.0185,0.185
prime_age_nonemployment,0.5,dws_low_0.296,1.5,1.0,off_1.0,20,0.0065,0.13
prime_age_nonemployment,0.5,dws_low_0.296,1.5,1.0,on_1.5,2,0.0695,0.139
prime_age_nonemployment,0.5,dws_low_0.296,1.5,1.0,on_1.5,5,0.03,0.15
prime_age_nonemployment,0.5,dws_low_0.296,1.5,1.0,on_1.5,10,0.0135,0.135
prime_age_nonemployment,0.5,dws_low_0.296,1.5,1.0,on_1.5,20,0.0015,0.03
prime_age_nonemployment,0.5,dws_low_0.296,2.0,0.0,off_1.0,2,0.0715,0.143
prime_age_nonemployment,0.5,dws_low_0.296,2.0,0.0,off_1.0,5,0.0315,0.1575
prime_age_nonemployment,0.5,dws_low_0.296,2.0,0.0,off_1.0,10,0.0195,0.195
prime_age_nonemployment,0.5,dws_low_0.296,2.0,0.0,off_1.0,20,0.0095,0.19
prime_age_nonemployment,0.5,dws_low_0.296,2.0,0.0,on_1.5,2,0.0705,0.141
prime_age_nonemployment,0.5,dws_low_0.296,2.0,0.0,on_1.5,5,0.0295,0.1475
prime_age_nonemployment,0.5,dws_low_0.296,2.0,0.0,on_1.5,10,0.016,0.16
prime_age_nonemployment,0.5,dws_low_0.296,2.0,0.0,on_1.5,20,0.005,0.1
prime_age_nonemployment,0.5,dws_low_0.296,2.0,0.5,off_1.0,2,0.0715,0.143
prime_age_nonemployment,0.5,dws_low_0.296,2.0,0.5,off_1.0,5,0.0315,0.1575
prime_age_nonemployment,0.5,dws_low_0.296,2.0,0.5,off_1.0,10,0.0195,0.195
prime_age_nonemployment,0.5,dws_low_0.296,2.0,0.5,off_1.0,20,0.0095,0.19
prime_age_nonemployment,0.5,dws_low_0.296,2.0,0.5,on_1.5,2,0.0705,0.141
prime_age_nonemployment,0.5,dws_low_0.296,2.0,0.5,on_1.5,5,0.0295,0.1475
prime_age_nonemployment,0.5,dws_low_0.296,2.0,0.5,on_1.5,10,0.016,0.16
prime_age_nonemployment,0.5,dws_low_0.296,2.0,0.5,on_1.5,20,0.005,0.1
prime_age_nonemployment,0.5,dws_low_0.296,2.0,1.0,off_1.0,2,0.0715,0.143
prime_age_nonemployment,0.5,dws_low_0.296,2.0,1.0,off_1.0,5,0.0315,0.1575
prime_age_nonemployment,0.5,dws_low_0.296,2.0,1.0,off_1.0,10,0.0195,0.195
prime_age_nonemployment,0.5,dws_low_0.296,2.0,1.0,off_1.0,20,0.0095,0.19
prime_age_nonemployment,0.5,dws_low_0.296,2.0,1.0,on_1.5,2,0.0705,0.141
prime_age_nonemployment,0.5,dws_low_0.296,2.0,1.0,on_1.5,5,0.0295,0.1475
prime_age_nonemployment,0.5,dws_low_0.296,2.0,1.0,on_1.5,10,0.016,0.16
prime_age_nonemployment,0.5,dws_low_0.296,2.0,1.0,on_1.5,20,0.005,0.1
prime_age_nonemployment,0.5,dws_high_0.643,1.0,0.0,off_1.0,2,0.0655,0.131
prime_age_nonemployment,0.5,dws_high_0.643,1.0,0.0,off_1.0,5,0.025,0.125
prime_age_nonemployment,0.5,dws_high_0.643,1.0,0.0,off_1.0,10,0.001,0.01
prime_age_nonemployment,0.5,dws_high_0.643,1.0,0.0,off_1.0,20,,
prime_age_nonemployment,0.5,dws_high_0.643,1.0,0.0,on_1.5,2,0.0615,0.123
prime_age_nonemployment,0.5,dws_high_0.643,1.0,0.0,on_1.5,5,0.0145,0.0725
prime_age_nonemployment,0.5,dws_high_0.643,1.0,0.0,on_1.5,10,,
prime_age_nonemployment,0.5,dws_high_0.643,1.0,0.0,on_1.5,20,,
prime_age_nonemployment,0.5,dws_high_0.643,1.0,0.5,off_1.0,2,0.0655,0.131
prime_age_nonemployment,0.5,dws_high_0.643,1.0,0.5,off_1.0,5,0.025,0.125
prime_age_nonemployment,0.5,dws_high_0.643,1.0,0.5,off_1.0,10,0.001,0.01
prime_age_nonemployment,0.5,dws_high_0.643,1.0,0.5,off_1.0,20,,
prime_age_nonemployment,0.5,dws_high_0.643,1.0,0.5,on_1.5,2,0.0615,0.123
prime_age_nonemployment,0.5,dws_high_0.643,1.0,0.5,on_1.5,5,0.0145,0.0725
prime_age_nonemployment,0.5,dws_high_0.643,1.0,0.5,on_1.5,10,,
prime_age_nonemployment,0.5,dws_high_0.643,1.0,0.5,on_1.5,20,,
prime_age_nonemployment,0.5,dws_high_0.643,1.0,1.0,off_1.0,2,0.0655,0.131
prime_age_nonemployment,0.5,dws_high_0.643,1.0,1.0,off_1.0,5,0.025,0.125
prime_age_nonemployment,0.5,dws_high_0.643,1.0,1.0,off_1.0,10,0.001,0.01
prime_age_nonemployment,0.5,dws_high_0.643,1.0,1.0,off_1.0,20,,
prime_age_nonemployment,0.5,dws_high_0.643,1.0,1.0,on_1.5,2,0.0615,0.123
prime_age_nonemployment,0.5,dws_high_0.643,1.0,1.0,on_1.5,5,0.0145,0.0725
prime_age_nonemployment,0.5,dws_high_0.643,1.0,1.0,on_1.5,10,,
prime_age_nonemployment,0.5,dws_high_0.643,1.0,1.0,on_1.5,20,,
prime_age_nonemployment,0.5,dws_high_0.643,1.5,0.0,off_1.0,2,0.068,0.136
prime_age_nonemployment,0.5,dws_high_0.643,1.5,0.0,off_1.0,5,0.029,0.145
prime_age_nonemployment,0.5,dws_high_0.643,1.5,0.0,off_1.0,10,0.0085,0.085
prime_age_nonemployment,0.5,dws_high_0.643,1.5,0.0,off_1.0,20,,
prime_age_nonemployment,0.5,dws_high_0.643,1.5,0.0,on_1.5,2,0.065,0.13
prime_age_nonemployment,0.5,dws_high_0.643,1.5,0.0,on_1.5,5,0.022,0.11
prime_age_nonemployment,0.5,dws_high_0.643,1.5,0.0,on_1.5,10,0.0005,0.005
prime_age_nonemployment,0.5,dws_high_0.643,1.5,0.0,on_1.5,20,,
prime_age_nonemployment,0.5,dws_high_0.643,1.5,0.5,off_1.0,2,0.068,0.136
prime_age_nonemployment,0.5,dws_high_0.643,1.5,0.5,off_1.0,5,0.029,0.145
prime_age_nonemployment,0.5,dws_high_0.643,1.5,0.5,off_1.0,10,0.0085,0.085
prime_age_nonemployment,0.5,dws_high_0.643,1.5,0.5,off_1.0,20,,
prime_age_nonemployment,0.5,dws_high_0.643,1.5,0.5,on_1.5,2,0.065,0.13
prime_age_nonemployment,0.5,dws_high_0.643,1.5,0.5,on_1.5,5,0.022,0.11
prime_age_nonemployment,0.5,dws_high_0.643,1.5,0.5,on_1.5,10,0.0005,0.005
prime_age_nonemployment,0.5,dws_high_0.643,1.5,0.5,on_1.5,20,,
prime_age_nonemployment,0.5,dws_high_0.643,1.5,1.0,off_1.0,2,0.068,0.136
prime_age_nonemployment,0.5,dws_high_0.643,1.5,1.0,off_1.0,5,0.029,0.145
prime_age_nonemployment,0.5,dws_high_0.643,1.5,1.0,off_1.0,10,0.0085,0.085
prime_age_nonemployment,0.5,dws_high_0.643,1.5,1.0,off_1.0,20,,
prime_age_nonemployment,0.5,dws_high_0.643,1.5,1.0,on_1.5,2,0.065,0.13
prime_age_nonemployment,0.5,dws_high_0.643,1.5,1.0,on_1.5,5,0.022,0.11
prime_age_nonemployment,0.5,dws_high_0.643,1.5,1.0,on_1.5,10,0.0005,0.005
prime_age_nonemployment,0.5,dws_high_0.643,1.5,1.0,on_1.5,20,,
prime_age_nonemployment,0.5,dws_high_0.643,2.0,0.0,off_1.0,2,0.069,0.138
prime_age_nonemployment,0.5,dws_high_0.643,2.0,0.0,off_1.0,5,0.03,0.15
prime_age_nonemployment,0.5,dws_high_0.643,2.0,0.0,off_1.0,10,0.0125,0.125
prime_age_nonemployment,0.5,dws_high_0.643,2.0,0.0,off_1.0,20,,
prime_age_nonemployment,0.5,dws_high_0.643,2.0,0.0,on_1.5,2,0.067,0.134
prime_age_nonemployment,0.5,dws_high_0.643,2.0,0.0,on_1.5,5,0.0245,0.1225
prime_age_nonemployment,0.5,dws_high_0.643,2.0,0.0,on_1.5,10,0.006,0.06
prime_age_nonemployment,0.5,dws_high_0.643,2.0,0.0,on_1.5,20,,
prime_age_nonemployment,0.5,dws_high_0.643,2.0,0.5,off_1.0,2,0.069,0.138
prime_age_nonemployment,0.5,dws_high_0.643,2.0,0.5,off_1.0,5,0.03,0.15
prime_age_nonemployment,0.5,dws_high_0.643,2.0,0.5,off_1.0,10,0.0125,0.125
prime_age_nonemployment,0.5,dws_high_0.643,2.0,0.5,off_1.0,20,,
prime_age_nonemployment,0.5,dws_high_0.643,2.0,0.5,on_1.5,2,0.067,0.134
prime_age_nonemployment,0.5,dws_high_0.643,2.0,0.5,on_1.5,5,0.0245,0.1225
prime_age_nonemployment,0.5,dws_high_0.643,2.0,0.5,on_1.5,10,0.006,0.06
prime_age_nonemployment,0.5,dws_high_0.643,2.0,0.5,on_1.5,20,,
prime_age_nonemployment,0.5,dws_high_0.643,2.0,1.0,off_1.0,2,0.069,0.138
prime_age_nonemployment,0.5,dws_high_0.643,2.0,1.0,off_1.0,5,0.03,0.15
prime_age_nonemployment,0.5,dws_high_0.643,2.0,1.0,off_1.0,10,0.0125,0.125
prime_age_nonemployment,0.5,dws_high_0.643,2.0,1.0,off_1.0,20,,
prime_age_nonemployment,0.5,dws_high_0.643,2.0,1.0,on_1.5,2,0.067,0.134
prime_age_nonemployment,0.5,dws_high_0.643,2.0,1.0,on_1.5,5,0.0245,0.1225
prime_age_nonemployment,0.5,dws_high_0.643,2.0,1.0,on_1.5,10,0.006,0.06
prime_age_nonemployment,0.5,dws_high_0.643,2.0,1.0,on_1.5,20,,
prime_age_nonemployment,0.5,AR_long_run_0.75,1.0,0.0,off_1.0,2,0.064,0.128
prime_age_nonemployment,0.5,AR_long_run_0.75,1.0,0.0,off_1.0,5,0.022,0.11
prime_age_nonemployment,0.5,AR_long_run_0.75,1.0,0.0,off_1.0,10,,
prime_age_nonemployment,0.5,AR_long_run_0.75,1.0,0.0,off_1.0,20,,
prime_age_nonemployment,0.5,AR_long_run_0.75,1.0,0.0,on_1.5,2,0.0595,0.119
prime_age_nonemployment,0.5,AR_long_run_0.75,1.0,0.0,on_1.5,5,0.0105,0.0525
prime_age_nonemployment,0.5,AR_long_run_0.75,1.0,0.0,on_1.5,10,,
prime_age_nonemployment,0.5,AR_long_run_0.75,1.0,0.0,on_1.5,20,,
prime_age_nonemployment,0.5,AR_long_run_0.75,1.0,0.5,off_1.0,2,0.064,0.128
prime_age_nonemployment,0.5,AR_long_run_0.75,1.0,0.5,off_1.0,5,0.022,0.11
prime_age_nonemployment,0.5,AR_long_run_0.75,1.0,0.5,off_1.0,10,,
prime_age_nonemployment,0.5,AR_long_run_0.75,1.0,0.5,off_1.0,20,,
prime_age_nonemployment,0.5,AR_long_run_0.75,1.0,0.5,on_1.5,2,0.0595,0.119
prime_age_nonemployment,0.5,AR_long_run_0.75,1.0,0.5,on_1.5,5,0.0105,0.0525
prime_age_nonemployment,0.5,AR_long_run_0.75,1.0,0.5,on_1.5,10,,
prime_age_nonemployment,0.5,AR_long_run_0.75,1.0,0.5,on_1.5,20,,
prime_age_nonemployment,0.5,AR_long_run_0.75,1.0,1.0,off_1.0,2,0.064,0.128
prime_age_nonemployment,0.5,AR_long_run_0.75,1.0,1.0,off_1.0,5,0.022,0.11
prime_age_nonemployment,0.5,AR_long_run_0.75,1.0,1.0,off_1.0,10,,
prime_age_nonemployment,0.5,AR_long_run_0.75,1.0,1.0,off_1.0,20,,
prime_age_nonemployment,0.5,AR_long_run_0.75,1.0,1.0,on_1.5,2,0.0595,0.119
prime_age_nonemployment,0.5,AR_long_run_0.75,1.0,1.0,on_1.5,5,0.0105,0.0525
prime_age_nonemployment,0.5,AR_long_run_0.75,1.0,1.0,on_1.5,10,,
prime_age_nonemployment,0.5,AR_long_run_0.75,1.0,1.0,on_1.5,20,,
prime_age_nonemployment,0.5,AR_long_run_0.75,1.5,0.0,off_1.0,2,0.067,0.134
prime_age_nonemployment,0.5,AR_long_run_0.75,1.5,0.0,off_1.0,5,0.0275,0.1375
prime_age_nonemployment,0.5,AR_long_run_0.75,1.5,0.0,off_1.0,10,0.006,0.06
prime_age_nonemployment,0.5,AR_long_run_0.75,1.5,0.0,off_1.0,20,,
prime_age_nonemployment,0.5,AR_long_run_0.75,1.5,0.0,on_1.5,2,0.0635,0.127
prime_age_nonemployment,0.5,AR_long_run_0.75,1.5,0.0,on_1.5,5,0.019,0.095
prime_age_nonemployment,0.5,AR_long_run_0.75,1.5,0.0,on_1.5,10,,
prime_age_nonemployment,0.5,AR_long_run_0.75,1.5,0.0,on_1.5,20,,
prime_age_nonemployment,0.5,AR_long_run_0.75,1.5,0.5,off_1.0,2,0.067,0.134
prime_age_nonemployment,0.5,AR_long_run_0.75,1.5,0.5,off_1.0,5,0.0275,0.1375
prime_age_nonemployment,0.5,AR_long_run_0.75,1.5,0.5,off_1.0,10,0.006,0.06
prime_age_nonemployment,0.5,AR_long_run_0.75,1.5,0.5,off_1.0,20,,
prime_age_nonemployment,0.5,AR_long_run_0.75,1.5,0.5,on_1.5,2,0.0635,0.127
prime_age_nonemployment,0.5,AR_long_run_0.75,1.5,0.5,on_1.5,5,0.019,0.095
prime_age_nonemployment,0.5,AR_long_run_0.75,1.5,0.5,on_1.5,10,,
prime_age_nonemployment,0.5,AR_long_run_0.75,1.5,0.5,on_1.5,20,,
prime_age_nonemployment,0.5,AR_long_run_0.75,1.5,1.0,off_1.0,2,0.067,0.134
prime_age_nonemployment,0.5,AR_long_run_0.75,1.5,1.0,off_1.0,5,0.0275,0.1375
prime_age_nonemployment,0.5,AR_long_run_0.75,1.5,1.0,off_1.0,10,0.006,0.06
prime_age_nonemployment,0.5,AR_long_run_0.75,1.5,1.0,off_1.0,20,,
prime_age_nonemployment,0.5,AR_long_run_0.75,1.5,1.0,on_1.5,2,0.0635,0.127
prime_age_nonemployment,0.5,AR_long_run_0.75,1.5,1.0,on_1.5,5,0.019,0.095
prime_age_nonemployment,0.5,AR_long_run_0.75,1.5,1.0,on_1.5,10,,
prime_age_nonemployment,0.5,AR_long_run_0.75,1.5,1.0,on_1.5,20,,
prime_age_nonemployment,0.5,AR_long_run_0.75,2.0,0.0,off_1.0,2,0.0685,0.137
prime_age_nonemployment,0.5,AR_long_run_0.75,2.0,0.0,off_1.0,5,0.0295,0.1475
prime_age_nonemployment,0.5,AR_long_run_0.75,2.0,0.0,off_1.0,10,0.0105,0.105
prime_age_nonemployment,0.5,AR_long_run_0.75,2.0,0.0,off_1.0,20,,
prime_age_nonemployment,0.5,AR_long_run_0.75,2.0,0.0,on_1.5,2,0.066,0.132
prime_age_nonemployment,0.5,AR_long_run_0.75,2.0,0.0,on_1.5,5,0.0235,0.1175
prime_age_nonemployment,0.5,AR_long_run_0.75,2.0,0.0,on_1.5,10,0.003,0.03
prime_age_nonemployment,0.5,AR_long_run_0.75,2.0,0.0,on_1.5,20,,
prime_age_nonemployment,0.5,AR_long_run_0.75,2.0,0.5,off_1.0,2,0.0685,0.137
prime_age_nonemployment,0.5,AR_long_run_0.75,2.0,0.5,off_1.0,5,0.0295,0.1475
prime_age_nonemployment,0.5,AR_long_run_0.75,2.0,0.5,off_1.0,10,0.0105,0.105
prime_age_nonemployment,0.5,AR_long_run_0.75,2.0,0.5,off_1.0,20,,
prime_age_nonemployment,0.5,AR_long_run_0.75,2.0,0.5,on_1.5,2,0.066,0.132
prime_age_nonemployment,0.5,AR_long_run_0.75,2.0,0.5,on_1.5,5,0.0235,0.1175
prime_age_nonemployment,0.5,AR_long_run_0.75,2.0,0.5,on_1.5,10,0.003,0.03
prime_age_nonemployment,0.5,AR_long_run_0.75,2.0,0.5,on_1.5,20,,
prime_age_nonemployment,0.5,AR_long_run_0.75,2.0,1.0,off_1.0,2,0.0685,0.137
prime_age_nonemployment,0.5,AR_long_run_0.75,2.0,1.0,off_1.0,5,0.0295,0.1475
prime_age_nonemployment,0.5,AR_long_run_0.75,2.0,1.0,off_1.0,10,0.0105,0.105
prime_age_nonemployment,0.5,AR_long_run_0.75,2.0,1.0,off_1.0,20,,
prime_age_nonemployment,0.5,AR_long_run_0.75,2.0,1.0,on_1.5,2,0.066,0.132
prime_age_nonemployment,0.5,AR_long_run_0.75,2.0,1.0,on_1.5,5,0.0235,0.1175
prime_age_nonemployment,0.5,AR_long_run_0.75,2.0,1.0,on_1.5,10,0.003,0.03
prime_age_nonemployment,0.5,AR_long_run_0.75,2.0,1.0,on_1.5,20,,
prime_age_nonemployment,1.0,dws_0.462,1.0,0.0,off_1.0,2,0.0675,0.135
prime_age_nonemployment,1.0,dws_0.462,1.0,0.0,off_1.0,5,0.0285,0.1425
prime_age_nonemployment,1.0,dws_0.462,1.0,0.0,off_1.0,10,0.0075,0.075
prime_age_nonemployment,1.0,dws_0.462,1.0,0.0,off_1.0,20,,
prime_age_nonemployment,1.0,dws_0.462,1.0,0.0,on_1.5,2,0.065,0.13
prime_age_nonemployment,1.0,dws_0.462,1.0,0.0,on_1.5,5,0.021,0.105
prime_age_nonemployment,1.0,dws_0.462,1.0,0.0,on_1.5,10,,
prime_age_nonemployment,1.0,dws_0.462,1.0,0.0,on_1.5,20,,
prime_age_nonemployment,1.0,dws_0.462,1.0,0.5,off_1.0,2,0.0675,0.135
prime_age_nonemployment,1.0,dws_0.462,1.0,0.5,off_1.0,5,0.0285,0.1425
prime_age_nonemployment,1.0,dws_0.462,1.0,0.5,off_1.0,10,0.0075,0.075
prime_age_nonemployment,1.0,dws_0.462,1.0,0.5,off_1.0,20,,
prime_age_nonemployment,1.0,dws_0.462,1.0,0.5,on_1.5,2,0.065,0.13
prime_age_nonemployment,1.0,dws_0.462,1.0,0.5,on_1.5,5,0.021,0.105
prime_age_nonemployment,1.0,dws_0.462,1.0,0.5,on_1.5,10,,
prime_age_nonemployment,1.0,dws_0.462,1.0,0.5,on_1.5,20,,
prime_age_nonemployment,1.0,dws_0.462,1.0,1.0,off_1.0,2,0.0675,0.135
prime_age_nonemployment,1.0,dws_0.462,1.0,1.0,off_1.0,5,0.0285,0.1425
prime_age_nonemployment,1.0,dws_0.462,1.0,1.0,off_1.0,10,0.0075,0.075
prime_age_nonemployment,1.0,dws_0.462,1.0,1.0,off_1.0,20,,
prime_age_nonemployment,1.0,dws_0.462,1.0,1.0,on_1.5,2,0.065,0.13
prime_age_nonemployment,1.0,dws_0.462,1.0,1.0,on_1.5,5,0.021,0.105
prime_age_nonemployment,1.0,dws_0.462,1.0,1.0,on_1.5,10,,
prime_age_nonemployment,1.0,dws_0.462,1.0,1.0,on_1.5,20,,
prime_age_nonemployment,1.0,dws_0.462,1.5,0.0,off_1.0,2,0.0695,0.139
prime_age_nonemployment,1.0,dws_0.462,1.5,0.0,off_1.0,5,0.0295,0.1475
prime_age_nonemployment,1.0,dws_0.462,1.5,0.0,off_1.0,10,0.0125,0.125
prime_age_nonemployment,1.0,dws_0.462,1.5,0.0,off_1.0,20,0.0005,0.01
prime_age_nonemployment,1.0,dws_0.462,1.5,0.0,on_1.5,2,0.0675,0.135
prime_age_nonemployment,1.0,dws_0.462,1.5,0.0,on_1.5,5,0.025,0.125
prime_age_nonemployment,1.0,dws_0.462,1.5,0.0,on_1.5,10,0.0065,0.065
prime_age_nonemployment,1.0,dws_0.462,1.5,0.0,on_1.5,20,,
prime_age_nonemployment,1.0,dws_0.462,1.5,0.5,off_1.0,2,0.0695,0.139
prime_age_nonemployment,1.0,dws_0.462,1.5,0.5,off_1.0,5,0.0295,0.1475
prime_age_nonemployment,1.0,dws_0.462,1.5,0.5,off_1.0,10,0.0125,0.125
prime_age_nonemployment,1.0,dws_0.462,1.5,0.5,off_1.0,20,0.0005,0.01
prime_age_nonemployment,1.0,dws_0.462,1.5,0.5,on_1.5,2,0.0675,0.135
prime_age_nonemployment,1.0,dws_0.462,1.5,0.5,on_1.5,5,0.025,0.125
prime_age_nonemployment,1.0,dws_0.462,1.5,0.5,on_1.5,10,0.0065,0.065
prime_age_nonemployment,1.0,dws_0.462,1.5,0.5,on_1.5,20,,
prime_age_nonemployment,1.0,dws_0.462,1.5,1.0,off_1.0,2,0.0695,0.139
prime_age_nonemployment,1.0,dws_0.462,1.5,1.0,off_1.0,5,0.0295,0.1475
prime_age_nonemployment,1.0,dws_0.462,1.5,1.0,off_1.0,10,0.0125,0.125
prime_age_nonemployment,1.0,dws_0.462,1.5,1.0,off_1.0,20,0.0005,0.01
prime_age_nonemployment,1.0,dws_0.462,1.5,1.0,on_1.5,2,0.0675,0.135
prime_age_nonemployment,1.0,dws_0.462,1.5,1.0,on_1.5,5,0.025,0.125
prime_age_nonemployment,1.0,dws_0.462,1.5,1.0,on_1.5,10,0.0065,0.065
prime_age_nonemployment,1.0,dws_0.462,1.5,1.0,on_1.5,20,,
prime_age_nonemployment,1.0,dws_0.462,2.0,0.0,off_1.0,2,0.0705,0.141
prime_age_nonemployment,1.0,dws_0.462,2.0,0.0,off_1.0,5,0.0295,0.1475
prime_age_nonemployment,1.0,dws_0.462,2.0,0.0,off_1.0,10,0.015,0.15
prime_age_nonemployment,1.0,dws_0.462,2.0,0.0,off_1.0,20,0.004,0.08
prime_age_nonemployment,1.0,dws_0.462,2.0,0.0,on_1.5,2,0.069,0.138
prime_age_nonemployment,1.0,dws_0.462,2.0,0.0,on_1.5,5,0.0265,0.1325
prime_age_nonemployment,1.0,dws_0.462,2.0,0.0,on_1.5,10,0.0105,0.105
prime_age_nonemployment,1.0,dws_0.462,2.0,0.0,on_1.5,20,,
prime_age_nonemployment,1.0,dws_0.462,2.0,0.5,off_1.0,2,0.0705,0.141
prime_age_nonemployment,1.0,dws_0.462,2.0,0.5,off_1.0,5,0.0295,0.1475
prime_age_nonemployment,1.0,dws_0.462,2.0,0.5,off_1.0,10,0.015,0.15
prime_age_nonemployment,1.0,dws_0.462,2.0,0.5,off_1.0,20,0.004,0.08
prime_age_nonemployment,1.0,dws_0.462,2.0,0.5,on_1.5,2,0.069,0.138
prime_age_nonemployment,1.0,dws_0.462,2.0,0.5,on_1.5,5,0.0265,0.1325
prime_age_nonemployment,1.0,dws_0.462,2.0,0.5,on_1.5,10,0.0105,0.105
prime_age_nonemployment,1.0,dws_0.462,2.0,0.5,on_1.5,20,,
prime_age_nonemployment,1.0,dws_0.462,2.0,1.0,off_1.0,2,0.0705,0.141
prime_age_nonemployment,1.0,dws_0.462,2.0,1.0,off_1.0,5,0.0295,0.1475
prime_age_nonemployment,1.0,dws_0.462,2.0,1.0,off_1.0,10,0.015,0.15
prime_age_nonemployment,1.0,dws_0.462,2.0,1.0,off_1.0,20,0.004,0.08
prime_age_nonemployment,1.0,dws_0.462,2.0,1.0,on_1.5,2,0.069,0.138
prime_age_nonemployment,1.0,dws_0.462,2.0,1.0,on_1.5,5,0.0265,0.1325
prime_age_nonemployment,1.0,dws_0.462,2.0,1.0,on_1.5,10,0.0105,0.105
prime_age_nonemployment,1.0,dws_0.462,2.0,1.0,on_1.5,20,,
prime_age_nonemployment,1.0,dws_low_0.296,1.0,0.0,off_1.0,2,0.07,0.14
prime_age_nonemployment,1.0,dws_low_0.296,1.0,0.0,off_1.0,5,0.0325,0.1625
prime_age_nonemployment,1.0,dws_low_0.296,1.0,0.0,off_1.0,10,0.0145,0.145
prime_age_nonemployment,1.0,dws_low_0.296,1.0,0.0,off_1.0,20,0.001,0.02
prime_age_nonemployment,1.0,dws_low_0.296,1.0,0.0,on_1.5,2,0.068,0.136
prime_age_nonemployment,1.0,dws_low_0.296,1.0,0.0,on_1.5,5,0.0275,0.1375
prime_age_nonemployment,1.0,dws_low_0.296,1.0,0.0,on_1.5,10,0.008,0.08
prime_age_nonemployment,1.0,dws_low_0.296,1.0,0.0,on_1.5,20,,
prime_age_nonemployment,1.0,dws_low_0.296,1.0,0.5,off_1.0,2,0.07,0.14
prime_age_nonemployment,1.0,dws_low_0.296,1.0,0.5,off_1.0,5,0.0325,0.1625
prime_age_nonemployment,1.0,dws_low_0.296,1.0,0.5,off_1.0,10,0.0145,0.145
prime_age_nonemployment,1.0,dws_low_0.296,1.0,0.5,off_1.0,20,0.001,0.02
prime_age_nonemployment,1.0,dws_low_0.296,1.0,0.5,on_1.5,2,0.068,0.136
prime_age_nonemployment,1.0,dws_low_0.296,1.0,0.5,on_1.5,5,0.0275,0.1375
prime_age_nonemployment,1.0,dws_low_0.296,1.0,0.5,on_1.5,10,0.008,0.08
prime_age_nonemployment,1.0,dws_low_0.296,1.0,0.5,on_1.5,20,,
prime_age_nonemployment,1.0,dws_low_0.296,1.0,1.0,off_1.0,2,0.07,0.14
prime_age_nonemployment,1.0,dws_low_0.296,1.0,1.0,off_1.0,5,0.0325,0.1625
prime_age_nonemployment,1.0,dws_low_0.296,1.0,1.0,off_1.0,10,0.0145,0.145
prime_age_nonemployment,1.0,dws_low_0.296,1.0,1.0,off_1.0,20,0.001,0.02
prime_age_nonemployment,1.0,dws_low_0.296,1.0,1.0,on_1.5,2,0.068,0.136
prime_age_nonemployment,1.0,dws_low_0.296,1.0,1.0,on_1.5,5,0.0275,0.1375
prime_age_nonemployment,1.0,dws_low_0.296,1.0,1.0,on_1.5,10,0.008,0.08
prime_age_nonemployment,1.0,dws_low_0.296,1.0,1.0,on_1.5,20,,
prime_age_nonemployment,1.0,dws_low_0.296,1.5,0.0,off_1.0,2,0.071,0.142
prime_age_nonemployment,1.0,dws_low_0.296,1.5,0.0,off_1.0,5,0.0315,0.1575
prime_age_nonemployment,1.0,dws_low_0.296,1.5,0.0,off_1.0,10,0.017,0.17
prime_age_nonemployment,1.0,dws_low_0.296,1.5,0.0,off_1.0,20,0.006,0.12
prime_age_nonemployment,1.0,dws_low_0.296,1.5,0.0,on_1.5,2,0.0695,0.139
prime_age_nonemployment,1.0,dws_low_0.296,1.5,0.0,on_1.5,5,0.0285,0.1425
prime_age_nonemployment,1.0,dws_low_0.296,1.5,0.0,on_1.5,10,0.013,0.13
prime_age_nonemployment,1.0,dws_low_0.296,1.5,0.0,on_1.5,20,0.001,0.02
prime_age_nonemployment,1.0,dws_low_0.296,1.5,0.5,off_1.0,2,0.071,0.142
prime_age_nonemployment,1.0,dws_low_0.296,1.5,0.5,off_1.0,5,0.0315,0.1575
prime_age_nonemployment,1.0,dws_low_0.296,1.5,0.5,off_1.0,10,0.017,0.17
prime_age_nonemployment,1.0,dws_low_0.296,1.5,0.5,off_1.0,20,0.006,0.12
prime_age_nonemployment,1.0,dws_low_0.296,1.5,0.5,on_1.5,2,0.0695,0.139
prime_age_nonemployment,1.0,dws_low_0.296,1.5,0.5,on_1.5,5,0.0285,0.1425
prime_age_nonemployment,1.0,dws_low_0.296,1.5,0.5,on_1.5,10,0.013,0.13
prime_age_nonemployment,1.0,dws_low_0.296,1.5,0.5,on_1.5,20,0.001,0.02
prime_age_nonemployment,1.0,dws_low_0.296,1.5,1.0,off_1.0,2,0.071,0.142
prime_age_nonemployment,1.0,dws_low_0.296,1.5,1.0,off_1.0,5,0.0315,0.1575
prime_age_nonemployment,1.0,dws_low_0.296,1.5,1.0,off_1.0,10,0.017,0.17
prime_age_nonemployment,1.0,dws_low_0.296,1.5,1.0,off_1.0,20,0.006,0.12
prime_age_nonemployment,1.0,dws_low_0.296,1.5,1.0,on_1.5,2,0.0695,0.139
prime_age_nonemployment,1.0,dws_low_0.296,1.5,1.0,on_1.5,5,0.0285,0.1425
prime_age_nonemployment,1.0,dws_low_0.296,1.5,1.0,on_1.5,10,0.013,0.13
prime_age_nonemployment,1.0,dws_low_0.296,1.5,1.0,on_1.5,20,0.001,0.02
prime_age_nonemployment,1.0,dws_low_0.296,2.0,0.0,off_1.0,2,0.0715,0.143
prime_age_nonemployment,1.0,dws_low_0.296,2.0,0.0,off_1.0,5,0.0305,0.1525
prime_age_nonemployment,1.0,dws_low_0.296,2.0,0.0,off_1.0,10,0.018,0.18
prime_age_nonemployment,1.0,dws_low_0.296,2.0,0.0,off_1.0,20,0.0085,0.17
prime_age_nonemployment,1.0,dws_low_0.296,2.0,0.0,on_1.5,2,0.0705,0.141
prime_age_nonemployment,1.0,dws_low_0.296,2.0,0.0,on_1.5,5,0.0285,0.1425
prime_age_nonemployment,1.0,dws_low_0.296,2.0,0.0,on_1.5,10,0.015,0.15
prime_age_nonemployment,1.0,dws_low_0.296,2.0,0.0,on_1.5,20,0.0045,0.09
prime_age_nonemployment,1.0,dws_low_0.296,2.0,0.5,off_1.0,2,0.0715,0.143
prime_age_nonemployment,1.0,dws_low_0.296,2.0,0.5,off_1.0,5,0.0305,0.1525
prime_age_nonemployment,1.0,dws_low_0.296,2.0,0.5,off_1.0,10,0.018,0.18
prime_age_nonemployment,1.0,dws_low_0.296,2.0,0.5,off_1.0,20,0.0085,0.17
prime_age_nonemployment,1.0,dws_low_0.296,2.0,0.5,on_1.5,2,0.0705,0.141
prime_age_nonemployment,1.0,dws_low_0.296,2.0,0.5,on_1.5,5,0.0285,0.1425
prime_age_nonemployment,1.0,dws_low_0.296,2.0,0.5,on_1.5,10,0.015,0.15
prime_age_nonemployment,1.0,dws_low_0.296,2.0,0.5,on_1.5,20,0.0045,0.09
prime_age_nonemployment,1.0,dws_low_0.296,2.0,1.0,off_1.0,2,0.0715,0.143
prime_age_nonemployment,1.0,dws_low_0.296,2.0,1.0,off_1.0,5,0.0305,0.1525
prime_age_nonemployment,1.0,dws_low_0.296,2.0,1.0,off_1.0,10,0.018,0.18
prime_age_nonemployment,1.0,dws_low_0.296,2.0,1.0,off_1.0,20,0.0085,0.17
prime_age_nonemployment,1.0,dws_low_0.296,2.0,1.0,on_1.5,2,0.0705,0.141
prime_age_nonemployment,1.0,dws_low_0.296,2.0,1.0,on_1.5,5,0.0285,0.1425
prime_age_nonemployment,1.0,dws_low_0.296,2.0,1.0,on_1.5,10,0.015,0.15
prime_age_nonemployment,1.0,dws_low_0.296,2.0,1.0,on_1.5,20,0.0045,0.09
prime_age_nonemployment,1.0,dws_high_0.643,1.0,0.0,off_1.0,2,0.0655,0.131
prime_age_nonemployment,1.0,dws_high_0.643,1.0,0.0,off_1.0,5,0.024,0.12
prime_age_nonemployment,1.0,dws_high_0.643,1.0,0.0,off_1.0,10,0.001,0.01
prime_age_nonemployment,1.0,dws_high_0.643,1.0,0.0,off_1.0,20,,
prime_age_nonemployment,1.0,dws_high_0.643,1.0,0.0,on_1.5,2,0.0615,0.123
prime_age_nonemployment,1.0,dws_high_0.643,1.0,0.0,on_1.5,5,0.014,0.07
prime_age_nonemployment,1.0,dws_high_0.643,1.0,0.0,on_1.5,10,,
prime_age_nonemployment,1.0,dws_high_0.643,1.0,0.0,on_1.5,20,,
prime_age_nonemployment,1.0,dws_high_0.643,1.0,0.5,off_1.0,2,0.0655,0.131
prime_age_nonemployment,1.0,dws_high_0.643,1.0,0.5,off_1.0,5,0.024,0.12
prime_age_nonemployment,1.0,dws_high_0.643,1.0,0.5,off_1.0,10,0.001,0.01
prime_age_nonemployment,1.0,dws_high_0.643,1.0,0.5,off_1.0,20,,
prime_age_nonemployment,1.0,dws_high_0.643,1.0,0.5,on_1.5,2,0.0615,0.123
prime_age_nonemployment,1.0,dws_high_0.643,1.0,0.5,on_1.5,5,0.014,0.07
prime_age_nonemployment,1.0,dws_high_0.643,1.0,0.5,on_1.5,10,,
prime_age_nonemployment,1.0,dws_high_0.643,1.0,0.5,on_1.5,20,,
prime_age_nonemployment,1.0,dws_high_0.643,1.0,1.0,off_1.0,2,0.0655,0.131
prime_age_nonemployment,1.0,dws_high_0.643,1.0,1.0,off_1.0,5,0.024,0.12
prime_age_nonemployment,1.0,dws_high_0.643,1.0,1.0,off_1.0,10,0.001,0.01
prime_age_nonemployment,1.0,dws_high_0.643,1.0,1.0,off_1.0,20,,
prime_age_nonemployment,1.0,dws_high_0.643,1.0,1.0,on_1.5,2,0.0615,0.123
prime_age_nonemployment,1.0,dws_high_0.643,1.0,1.0,on_1.5,5,0.014,0.07
prime_age_nonemployment,1.0,dws_high_0.643,1.0,1.0,on_1.5,10,,
prime_age_nonemployment,1.0,dws_high_0.643,1.0,1.0,on_1.5,20,,
prime_age_nonemployment,1.0,dws_high_0.643,1.5,0.0,off_1.0,2,0.068,0.136
prime_age_nonemployment,1.0,dws_high_0.643,1.5,0.0,off_1.0,5,0.0275,0.1375
prime_age_nonemployment,1.0,dws_high_0.643,1.5,0.0,off_1.0,10,0.008,0.08
prime_age_nonemployment,1.0,dws_high_0.643,1.5,0.0,off_1.0,20,,
prime_age_nonemployment,1.0,dws_high_0.643,1.5,0.0,on_1.5,2,0.065,0.13
prime_age_nonemployment,1.0,dws_high_0.643,1.5,0.0,on_1.5,5,0.021,0.105
prime_age_nonemployment,1.0,dws_high_0.643,1.5,0.0,on_1.5,10,0.0005,0.005
prime_age_nonemployment,1.0,dws_high_0.643,1.5,0.0,on_1.5,20,,
prime_age_nonemployment,1.0,dws_high_0.643,1.5,0.5,off_1.0,2,0.068,0.136
prime_age_nonemployment,1.0,dws_high_0.643,1.5,0.5,off_1.0,5,0.0275,0.1375
prime_age_nonemployment,1.0,dws_high_0.643,1.5,0.5,off_1.0,10,0.008,0.08
prime_age_nonemployment,1.0,dws_high_0.643,1.5,0.5,off_1.0,20,,
prime_age_nonemployment,1.0,dws_high_0.643,1.5,0.5,on_1.5,2,0.065,0.13
prime_age_nonemployment,1.0,dws_high_0.643,1.5,0.5,on_1.5,5,0.021,0.105
prime_age_nonemployment,1.0,dws_high_0.643,1.5,0.5,on_1.5,10,0.0005,0.005
prime_age_nonemployment,1.0,dws_high_0.643,1.5,0.5,on_1.5,20,,
prime_age_nonemployment,1.0,dws_high_0.643,1.5,1.0,off_1.0,2,0.068,0.136
prime_age_nonemployment,1.0,dws_high_0.643,1.5,1.0,off_1.0,5,0.0275,0.1375
prime_age_nonemployment,1.0,dws_high_0.643,1.5,1.0,off_1.0,10,0.008,0.08
prime_age_nonemployment,1.0,dws_high_0.643,1.5,1.0,off_1.0,20,,
prime_age_nonemployment,1.0,dws_high_0.643,1.5,1.0,on_1.5,2,0.065,0.13
prime_age_nonemployment,1.0,dws_high_0.643,1.5,1.0,on_1.5,5,0.021,0.105
prime_age_nonemployment,1.0,dws_high_0.643,1.5,1.0,on_1.5,10,0.0005,0.005
prime_age_nonemployment,1.0,dws_high_0.643,1.5,1.0,on_1.5,20,,
prime_age_nonemployment,1.0,dws_high_0.643,2.0,0.0,off_1.0,2,0.069,0.138
prime_age_nonemployment,1.0,dws_high_0.643,2.0,0.0,off_1.0,5,0.0285,0.1425
prime_age_nonemployment,1.0,dws_high_0.643,2.0,0.0,off_1.0,10,0.012,0.12
prime_age_nonemployment,1.0,dws_high_0.643,2.0,0.0,off_1.0,20,,
prime_age_nonemployment,1.0,dws_high_0.643,2.0,0.0,on_1.5,2,0.067,0.134
prime_age_nonemployment,1.0,dws_high_0.643,2.0,0.0,on_1.5,5,0.024,0.12
prime_age_nonemployment,1.0,dws_high_0.643,2.0,0.0,on_1.5,10,0.0055,0.055
prime_age_nonemployment,1.0,dws_high_0.643,2.0,0.0,on_1.5,20,,
prime_age_nonemployment,1.0,dws_high_0.643,2.0,0.5,off_1.0,2,0.069,0.138
prime_age_nonemployment,1.0,dws_high_0.643,2.0,0.5,off_1.0,5,0.0285,0.1425
prime_age_nonemployment,1.0,dws_high_0.643,2.0,0.5,off_1.0,10,0.012,0.12
prime_age_nonemployment,1.0,dws_high_0.643,2.0,0.5,off_1.0,20,,
prime_age_nonemployment,1.0,dws_high_0.643,2.0,0.5,on_1.5,2,0.067,0.134
prime_age_nonemployment,1.0,dws_high_0.643,2.0,0.5,on_1.5,5,0.024,0.12
prime_age_nonemployment,1.0,dws_high_0.643,2.0,0.5,on_1.5,10,0.0055,0.055
prime_age_nonemployment,1.0,dws_high_0.643,2.0,0.5,on_1.5,20,,
prime_age_nonemployment,1.0,dws_high_0.643,2.0,1.0,off_1.0,2,0.069,0.138
prime_age_nonemployment,1.0,dws_high_0.643,2.0,1.0,off_1.0,5,0.0285,0.1425
prime_age_nonemployment,1.0,dws_high_0.643,2.0,1.0,off_1.0,10,0.012,0.12
prime_age_nonemployment,1.0,dws_high_0.643,2.0,1.0,off_1.0,20,,
prime_age_nonemployment,1.0,dws_high_0.643,2.0,1.0,on_1.5,2,0.067,0.134
prime_age_nonemployment,1.0,dws_high_0.643,2.0,1.0,on_1.5,5,0.024,0.12
prime_age_nonemployment,1.0,dws_high_0.643,2.0,1.0,on_1.5,10,0.0055,0.055
prime_age_nonemployment,1.0,dws_high_0.643,2.0,1.0,on_1.5,20,,
prime_age_nonemployment,1.0,AR_long_run_0.75,1.0,0.0,off_1.0,2,0.064,0.128
prime_age_nonemployment,1.0,AR_long_run_0.75,1.0,0.0,off_1.0,5,0.021,0.105
prime_age_nonemployment,1.0,AR_long_run_0.75,1.0,0.0,off_1.0,10,,
prime_age_nonemployment,1.0,AR_long_run_0.75,1.0,0.0,off_1.0,20,,
prime_age_nonemployment,1.0,AR_long_run_0.75,1.0,0.0,on_1.5,2,0.0595,0.119
prime_age_nonemployment,1.0,AR_long_run_0.75,1.0,0.0,on_1.5,5,0.01,0.05
prime_age_nonemployment,1.0,AR_long_run_0.75,1.0,0.0,on_1.5,10,,
prime_age_nonemployment,1.0,AR_long_run_0.75,1.0,0.0,on_1.5,20,,
prime_age_nonemployment,1.0,AR_long_run_0.75,1.0,0.5,off_1.0,2,0.064,0.128
prime_age_nonemployment,1.0,AR_long_run_0.75,1.0,0.5,off_1.0,5,0.021,0.105
prime_age_nonemployment,1.0,AR_long_run_0.75,1.0,0.5,off_1.0,10,,
prime_age_nonemployment,1.0,AR_long_run_0.75,1.0,0.5,off_1.0,20,,
prime_age_nonemployment,1.0,AR_long_run_0.75,1.0,0.5,on_1.5,2,0.0595,0.119
prime_age_nonemployment,1.0,AR_long_run_0.75,1.0,0.5,on_1.5,5,0.01,0.05
prime_age_nonemployment,1.0,AR_long_run_0.75,1.0,0.5,on_1.5,10,,
prime_age_nonemployment,1.0,AR_long_run_0.75,1.0,0.5,on_1.5,20,,
prime_age_nonemployment,1.0,AR_long_run_0.75,1.0,1.0,off_1.0,2,0.064,0.128
prime_age_nonemployment,1.0,AR_long_run_0.75,1.0,1.0,off_1.0,5,0.021,0.105
prime_age_nonemployment,1.0,AR_long_run_0.75,1.0,1.0,off_1.0,10,,
prime_age_nonemployment,1.0,AR_long_run_0.75,1.0,1.0,off_1.0,20,,
prime_age_nonemployment,1.0,AR_long_run_0.75,1.0,1.0,on_1.5,2,0.0595,0.119
prime_age_nonemployment,1.0,AR_long_run_0.75,1.0,1.0,on_1.5,5,0.01,0.05
prime_age_nonemployment,1.0,AR_long_run_0.75,1.0,1.0,on_1.5,10,,
prime_age_nonemployment,1.0,AR_long_run_0.75,1.0,1.0,on_1.5,20,,
prime_age_nonemployment,1.0,AR_long_run_0.75,1.5,0.0,off_1.0,2,0.067,0.134
prime_age_nonemployment,1.0,AR_long_run_0.75,1.5,0.0,off_1.0,5,0.0265,0.1325
prime_age_nonemployment,1.0,AR_long_run_0.75,1.5,0.0,off_1.0,10,0.0055,0.055
prime_age_nonemployment,1.0,AR_long_run_0.75,1.5,0.0,off_1.0,20,,
prime_age_nonemployment,1.0,AR_long_run_0.75,1.5,0.0,on_1.5,2,0.0635,0.127
prime_age_nonemployment,1.0,AR_long_run_0.75,1.5,0.0,on_1.5,5,0.0185,0.0925
prime_age_nonemployment,1.0,AR_long_run_0.75,1.5,0.0,on_1.5,10,,
prime_age_nonemployment,1.0,AR_long_run_0.75,1.5,0.0,on_1.5,20,,
prime_age_nonemployment,1.0,AR_long_run_0.75,1.5,0.5,off_1.0,2,0.067,0.134
prime_age_nonemployment,1.0,AR_long_run_0.75,1.5,0.5,off_1.0,5,0.0265,0.1325
prime_age_nonemployment,1.0,AR_long_run_0.75,1.5,0.5,off_1.0,10,0.0055,0.055
prime_age_nonemployment,1.0,AR_long_run_0.75,1.5,0.5,off_1.0,20,,
prime_age_nonemployment,1.0,AR_long_run_0.75,1.5,0.5,on_1.5,2,0.0635,0.127
prime_age_nonemployment,1.0,AR_long_run_0.75,1.5,0.5,on_1.5,5,0.0185,0.0925
prime_age_nonemployment,1.0,AR_long_run_0.75,1.5,0.5,on_1.5,10,,
prime_age_nonemployment,1.0,AR_long_run_0.75,1.5,0.5,on_1.5,20,,
prime_age_nonemployment,1.0,AR_long_run_0.75,1.5,1.0,off_1.0,2,0.067,0.134
prime_age_nonemployment,1.0,AR_long_run_0.75,1.5,1.0,off_1.0,5,0.0265,0.1325
prime_age_nonemployment,1.0,AR_long_run_0.75,1.5,1.0,off_1.0,10,0.0055,0.055
prime_age_nonemployment,1.0,AR_long_run_0.75,1.5,1.0,off_1.0,20,,
prime_age_nonemployment,1.0,AR_long_run_0.75,1.5,1.0,on_1.5,2,0.0635,0.127
prime_age_nonemployment,1.0,AR_long_run_0.75,1.5,1.0,on_1.5,5,0.0185,0.0925
prime_age_nonemployment,1.0,AR_long_run_0.75,1.5,1.0,on_1.5,10,,
prime_age_nonemployment,1.0,AR_long_run_0.75,1.5,1.0,on_1.5,20,,
prime_age_nonemployment,1.0,AR_long_run_0.75,2.0,0.0,off_1.0,2,0.0685,0.137
prime_age_nonemployment,1.0,AR_long_run_0.75,2.0,0.0,off_1.0,5,0.0285,0.1425
prime_age_nonemployment,1.0,AR_long_run_0.75,2.0,0.0,off_1.0,10,0.01,0.1
prime_age_nonemployment,1.0,AR_long_run_0.75,2.0,0.0,off_1.0,20,,
prime_age_nonemployment,1.0,AR_long_run_0.75,2.0,0.0,on_1.5,2,0.066,0.132
prime_age_nonemployment,1.0,AR_long_run_0.75,2.0,0.0,on_1.5,5,0.0225,0.1125
prime_age_nonemployment,1.0,AR_long_run_0.75,2.0,0.0,on_1.5,10,0.003,0.03
prime_age_nonemployment,1.0,AR_long_run_0.75,2.0,0.0,on_1.5,20,,
prime_age_nonemployment,1.0,AR_long_run_0.75,2.0,0.5,off_1.0,2,0.0685,0.137
prime_age_nonemployment,1.0,AR_long_run_0.75,2.0,0.5,off_1.0,5,0.0285,0.1425
prime_age_nonemployment,1.0,AR_long_run_0.75,2.0,0.5,off_1.0,10,0.01,0.1
prime_age_nonemployment,1.0,AR_long_run_0.75,2.0,0.5,off_1.0,20,,
prime_age_nonemployment,1.0,AR_long_run_0.75,2.0,0.5,on_1.5,2,0.066,0.132
prime_age_nonemployment,1.0,AR_long_run_0.75,2.0,0.5,on_1.5,5,0.0225,0.1125
prime_age_nonemployment,1.0,AR_long_run_0.75,2.0,0.5,on_1.5,10,0.003,0.03
prime_age_nonemployment,1.0,AR_long_run_0.75,2.0,0.5,on_1.5,20,,
prime_age_nonemployment,1.0,AR_long_run_0.75,2.0,1.0,off_1.0,2,0.0685,0.137
prime_age_nonemployment,1.0,AR_long_run_0.75,2.0,1.0,off_1.0,5,0.0285,0.1425
prime_age_nonemployment,1.0,AR_long_run_0.75,2.0,1.0,off_1.0,10,0.01,0.1
prime_age_nonemployment,1.0,AR_long_run_0.75,2.0,1.0,off_1.0,20,,
prime_age_nonemployment,1.0,AR_long_run_0.75,2.0,1.0,on_1.5,2,0.066,0.132
prime_age_nonemployment,1.0,AR_long_run_0.75,2.0,1.0,on_1.5,5,0.0225,0.1125
prime_age_nonemployment,1.0,AR_long_run_0.75,2.0,1.0,on_1.5,10,0.003,0.03
prime_age_nonemployment,1.0,AR_long_run_0.75,2.0,1.0,on_1.5,20,,
