alpha_basis,alpha,phi,early_retire,d_annual,horizon,ep_ratio,nonemployment_rate,wage_income_rel_baseline,unemployment,laid_off_cum,entrant_openings_lost,absorbed_share_of_JD,inside_observed
aggregate,0.0,0.0,none_1.0,0.005,2,80.240483,19.759517,0.987035,0.037605,0.009989,0.0,0.0,True
aggregate,0.0,0.0,none_1.0,0.005,5,79.271032,20.728968,0.964907,0.038122,0.024848,0.0,0.0,True
aggregate,0.0,0.0,none_1.0,0.005,10,77.425911,22.574089,0.92648,0.039414,0.049187,0.0,0.0,True
aggregate,0.0,0.0,none_1.0,0.005,20,72.715104,27.284896,0.842636,0.04316,0.095931,0.0,0.0,False
aggregate,0.0,0.0,none_1.0,0.01,2,79.683808,20.316192,0.979746,0.043685,0.019929,0.0,0.0,True
aggregate,0.0,0.0,none_1.0,0.01,5,78.44749,21.55251,0.952973,0.044897,0.049404,0.0,0.0,True
aggregate,0.0,0.0,none_1.0,0.01,10,76.096187,23.903813,0.906546,0.046867,0.097453,0.0,0.0,True
aggregate,0.0,0.0,none_1.0,0.01,20,69.760971,30.239029,0.802021,0.053239,0.188494,0.0,0.0,False
aggregate,0.0,0.0,none_1.0,0.015,2,79.123686,20.876314,0.972427,0.04978,0.029818,0.0,0.0,True
aggregate,0.0,0.0,none_1.0,0.015,5,77.595075,22.404925,0.940793,0.051798,0.073663,0.0,0.0,True
aggregate,0.0,0.0,none_1.0,0.015,10,74.662846,25.337154,0.88575,0.054684,0.144743,0.0,0.0,False
aggregate,0.0,0.0,none_1.0,0.015,20,66.248364,33.751636,0.756648,0.06546,0.277158,0.0,0.0,False
aggregate,0.0,0.0,none_1.0,0.02,2,78.560115,21.439885,0.965079,0.055891,0.039657,0.0,0.0,True
aggregate,0.0,0.0,none_1.0,0.02,5,76.712612,23.287388,0.928355,0.058836,0.097618,0.0,0.0,True
aggregate,0.0,0.0,none_1.0,0.02,10,73.114371,26.885629,0.86398,0.062948,0.190994,0.0,0.0,False
aggregate,0.0,0.0,none_1.0,0.02,20,61.949277,38.050723,0.70432,0.081569,0.361229,0.0,0.0,False
aggregate,0.0,0.0,none_1.0,0.025,2,77.99309,22.00691,0.957701,0.06202,0.049447,0.0,0.0,True
aggregate,0.0,0.0,none_1.0,0.025,5,75.798793,24.201207,0.915646,0.066025,0.121262,0.0,0.0,True
aggregate,0.0,0.0,none_1.0,0.025,10,71.436545,28.563455,0.841094,0.071772,0.236138,0.0,0.0,False
aggregate,0.0,0.0,none_1.0,0.025,20,56.394395,43.605605,0.640461,0.105985,0.439722,0.0,0.0,False
aggregate,0.0,0.0,none_1.0,0.03,2,77.4226,22.5774,0.950293,0.068165,0.059186,0.0,0.0,True
aggregate,0.0,0.0,none_1.0,0.03,5,74.852156,25.147844,0.902649,0.073384,0.14459,0.0,0.0,False
aggregate,0.0,0.0,none_1.0,0.03,10,69.611445,30.388555,0.816914,0.081307,0.280097,0.0,0.0,False
aggregate,0.0,0.0,none_1.0,0.03,20,49.295084,50.704916,0.562205,0.141355,0.511049,0.0,0.0,False
aggregate,0.0,0.0,none_1.0,0.04,2,76.271152,23.728848,0.935387,0.080513,0.078515,0.0,0.0,True
aggregate,0.0,0.0,none_1.0,0.04,5,72.853693,27.146307,0.875721,0.088685,0.190266,0.0,0.0,False
aggregate,0.0,0.0,none_1.0,0.04,10,65.419183,34.580817,0.763666,0.103443,0.364105,0.0,0.0,False
aggregate,0.0,0.0,none_1.0,0.04,20,37.576345,62.423655,0.432157,0.183792,0.629569,0.0,0.0,False
aggregate,0.0,0.0,none_1.0,0.05,2,75.105582,24.894418,0.920358,0.09294,0.097643,0.0,0.0,False
aggregate,0.0,0.0,none_1.0,0.05,5,70.701568,29.298432,0.847407,0.104929,0.234586,0.0,0.0,False
aggregate,0.0,0.0,none_1.0,0.05,10,60.235786,39.764214,0.701189,0.132504,0.442151,0.0,0.0,False
aggregate,0.0,0.0,none_1.0,0.05,20,28.763882,71.236118,0.333236,0.216642,0.720263,0.0,0.0,False
aggregate,0.0,0.0,elevated_1.5,0.005,2,80.135047,19.864953,0.985911,0.035526,0.009989,0.0,0.0,True
aggregate,0.0,0.0,elevated_1.5,0.005,5,78.765294,21.234706,0.959542,0.03595,0.024804,0.0,0.0,True
aggregate,0.0,0.0,elevated_1.5,0.005,10,76.081566,23.918434,0.912441,0.037109,0.048888,0.0,0.0,True
aggregate,0.0,0.0,elevated_1.5,0.005,20,68.844212,31.155788,0.803436,0.040769,0.094162,0.0,0.0,False
aggregate,0.0,0.0,elevated_1.5,0.01,2,79.579851,20.420149,0.978638,0.041317,0.019929,0.0,0.0,True
aggregate,0.0,0.0,elevated_1.5,0.01,5,77.872382,22.127618,0.946874,0.042202,0.049311,0.0,0.0,True
aggregate,0.0,0.0,elevated_1.5,0.01,10,74.468978,25.531022,0.889593,0.043952,0.09676,0.0,0.0,False
aggregate,0.0,0.0,elevated_1.5,0.01,20,64.746799,35.253201,0.751524,0.050402,0.184107,0.0,0.0,False
aggregate,0.0,0.0,elevated_1.5,0.015,2,79.021205,20.978795,0.971335,0.047111,0.029818,0.0,0.0,True
aggregate,0.0,0.0,elevated_1.5,0.015,5,76.947755,23.052245,0.933932,0.048526,0.073513,0.0,0.0,True
aggregate,0.0,0.0,elevated_1.5,0.015,10,72.728263,27.271737,0.865641,0.051073,0.143548,0.0,0.0,False
aggregate,0.0,0.0,elevated_1.5,0.015,20,59.856112,40.143888,0.692551,0.062601,0.269131,0.0,0.0,False
aggregate,0.0,0.0,elevated_1.5,0.02,2,78.45911,21.54089,0.964003,0.052906,0.039657,0.0,0.0,True
aggregate,0.0,0.0,elevated_1.5,0.02,5,75.990598,24.009402,0.920705,0.054932,0.097405,0.0,0.0,True
aggregate,0.0,0.0,elevated_1.5,0.02,10,70.848532,29.151468,0.840476,0.058547,0.189183,0.0,0.0,False
aggregate,0.0,0.0,elevated_1.5,0.02,20,53.82368,46.17632,0.623056,0.080311,0.348333,0.0,0.0,False
aggregate,0.0,0.0,elevated_1.5,0.025,2,77.893559,22.106441,0.956641,0.058706,0.049447,0.0,0.0,True
aggregate,0.0,0.0,elevated_1.5,0.025,5,75.000001,24.999999,0.907184,0.061429,0.120979,0.0,0.0,False
aggregate,0.0,0.0,elevated_1.5,0.025,10,68.816614,31.183386,0.813969,0.066471,0.233588,0.0,0.0,False
aggregate,0.0,0.0,elevated_1.5,0.025,20,47.488588,52.511412,0.551366,0.095987,0.420569,0.0,0.0,False
aggregate,0.0,0.0,elevated_1.5,0.03,2,77.324543,22.675457,0.949249,0.064509,0.059186,0.0,0.0,True
aggregate,0.0,0.0,elevated_1.5,0.03,5,73.974949,26.025051,0.893359,0.068032,0.14423,0.0,0.0,False
aggregate,0.0,0.0,elevated_1.5,0.03,10,66.61614,33.38386,0.785956,0.074984,0.276681,0.0,0.0,False
aggregate,0.0,0.0,elevated_1.5,0.03,20,41.964871,58.035129,0.488532,0.106976,0.485647,0.0,0.0,False
aggregate,0.0,0.0,elevated_1.5,0.04,2,76.176043,23.823957,0.934374,0.076134,0.078515,0.0,0.0,True
aggregate,0.0,0.0,elevated_1.5,0.04,5,71.816792,28.183208,0.864746,0.08161,0.189731,0.0,0.0,False
aggregate,0.0,0.0,elevated_1.5,0.04,10,61.618946,38.381054,0.7245,0.094649,0.358562,0.0,0.0,False
aggregate,0.0,0.0,elevated_1.5,0.04,20,32.796846,67.203154,0.38368,0.127147,0.596,0.0,0.0,False
aggregate,0.0,0.0,elevated_1.5,0.05,2,75.013426,24.986574,0.919376,0.087789,0.097643,0.0,0.0,False
aggregate,0.0,0.0,elevated_1.5,0.05,5,69.505222,30.494778,0.83475,0.095811,0.23385,0.0,0.0,False
aggregate,0.0,0.0,elevated_1.5,0.05,10,55.584983,44.415017,0.653341,0.120575,0.433959,0.0,0.0,False
aggregate,0.0,0.0,elevated_1.5,0.05,20,25.625111,74.374889,0.301143,0.146928,0.683265,0.0,0.0,False
aggregate,0.0,0.0,high_2.0,0.005,2,80.02961,19.97039,0.984788,0.033612,0.009989,0.0,0.0,True
aggregate,0.0,0.0,high_2.0,0.005,5,78.298238,21.701762,0.954588,0.033882,0.024763,0.0,0.0,True
aggregate,0.0,0.0,high_2.0,0.005,10,74.849823,25.150177,0.899568,0.034619,0.048613,0.0,0.0,False
aggregate,0.0,0.0,high_2.0,0.005,20,65.359754,34.640246,0.767976,0.037111,0.092548,0.0,0.0,False
aggregate,0.0,0.0,high_2.0,0.01,2,79.475893,20.524107,0.97753,0.039117,0.019929,0.0,0.0,True
aggregate,0.0,0.0,high_2.0,0.01,5,77.342643,22.657357,0.941258,0.039638,0.049222,0.0,0.0,True
aggregate,0.0,0.0,high_2.0,0.01,10,72.992784,27.007216,0.8742,0.040749,0.096123,0.0,0.0,False
aggregate,0.0,0.0,high_2.0,0.01,20,60.404197,39.595803,0.707502,0.045401,0.180179,0.0,0.0,False
aggregate,0.0,0.0,high_2.0,0.015,2,78.918724,21.081276,0.970243,0.04461,0.029818,0.0,0.0,True
aggregate,0.0,0.0,high_2.0,0.015,5,76.353348,23.646652,0.927632,0.045419,0.073371,0.0,0.0,True
aggregate,0.0,0.0,high_2.0,0.015,10,70.994337,29.005663,0.847596,0.047042,0.142459,0.0,0.0,False
aggregate,0.0,0.0,high_2.0,0.015,20,54.610027,45.389973,0.639481,0.056017,0.262138,0.0,0.0,False
aggregate,0.0,0.0,high_2.0,0.02,2,78.358104,21.641896,0.962927,0.050091,0.039657,0.0,0.0,True
aggregate,0.0,0.0,high_2.0,0.02,5,75.329931,24.670069,0.913705,0.051231,0.097203,0.0,0.0,True
aggregate,0.0,0.0,high_2.0,0.02,10,68.84684,31.15316,0.819684,0.053551,0.187546,0.0,0.0,False
aggregate,0.0,0.0,high_2.0,0.02,20,48.543525,51.456475,0.569583,0.065726,0.337566,0.0,0.0,False
aggregate,0.0,0.0,high_2.0,0.025,2,77.794028,22.205972,0.95558,0.055562,0.049447,0.0,0.0,True
aggregate,0.0,0.0,high_2.0,0.025,5,74.271912,25.728088,0.899472,0.057081,0.120712,0.0,0.0,False
aggregate,0.0,0.0,high_2.0,0.025,10,66.541234,33.458766,0.790373,0.060356,0.231306,0.0,0.0,False
aggregate,0.0,0.0,high_2.0,0.025,20,43.162656,56.837344,0.507396,0.073279,0.406194,0.0,0.0,False
aggregate,0.0,0.0,high_2.0,0.03,2,77.226485,22.773515,0.948204,0.061023,0.059186,0.0,0.0,True
aggregate,0.0,0.0,high_2.0,0.03,5,73.178744,26.821256,0.884928,0.062979,0.14389,0.0,0.0,False
aggregate,0.0,0.0,high_2.0,0.03,10,64.066316,35.933684,0.759553,0.067564,0.273657,0.0,0.0,False
aggregate,0.0,0.0,high_2.0,0.03,20,38.403152,61.596848,0.452209,0.080685,0.468359,0.0,0.0,False
aggregate,0.0,0.0,high_2.0,0.04,2,76.080933,23.919067,0.93336,0.071922,0.078515,0.0,0.0,True
aggregate,0.0,0.0,high_2.0,0.04,5,70.88437,29.11563,0.854878,0.074962,0.189227,0.0,0.0,False
aggregate,0.0,0.0,high_2.0,0.04,10,58.545869,41.454131,0.692746,0.083896,0.353775,0.0,0.0,False
aggregate,0.0,0.0,high_2.0,0.04,20,30.321713,69.678287,0.358284,0.095462,0.574562,0.0,0.0,False
aggregate,0.0,0.0,high_2.0,0.05,2,74.921269,25.078731,0.918394,0.082796,0.097643,0.0,0.0,False
aggregate,0.0,0.0,high_2.0,0.05,5,68.440622,31.559378,0.823489,0.087286,0.233158,0.0,0.0,False
aggregate,0.0,0.0,high_2.0,0.05,10,52.09286,47.90714,0.617282,0.10503,0.42711,0.0,0.0,False
aggregate,0.0,0.0,high_2.0,0.05,20,23.984534,76.015466,0.284208,0.110233,0.660496,0.0,0.0,False
aggregate,0.0,0.5,none_1.0,0.005,2,80.23521,19.76479,0.986978,0.037668,0.009989,0.0,0.0,True
aggregate,0.0,0.5,none_1.0,0.005,5,79.24115,20.75885,0.964591,0.038429,0.024845,0.0,0.0,True
aggregate,0.0,0.5,none_1.0,0.005,10,77.332736,22.667264,0.925517,0.040157,0.049168,0.0,0.0,True
aggregate,0.0,0.5,none_1.0,0.005,20,72.376043,27.623957,0.839244,0.044874,0.095796,0.0,0.0,False
aggregate,0.0,0.5,none_1.0,0.01,2,79.672085,20.327915,0.979621,0.043825,0.019929,0.0,0.0,True
aggregate,0.0,0.5,none_1.0,0.01,5,78.377686,21.622314,0.952237,0.045611,0.049393,0.0,0.0,True
aggregate,0.0,0.5,none_1.0,0.01,10,75.871445,24.128555,0.904229,0.048618,0.097365,0.0,0.0,True
aggregate,0.0,0.5,none_1.0,0.01,20,68.889381,31.110619,0.793349,0.057445,0.187824,0.0,0.0,False
aggregate,0.0,0.5,none_1.0,0.015,2,79.104391,20.895609,0.972222,0.050012,0.029818,0.0,0.0,True
aggregate,0.0,0.5,none_1.0,0.015,5,77.475422,22.524578,0.939533,0.053013,0.073635,0.0,0.0,True
aggregate,0.0,0.5,none_1.0,0.015,10,74.265512,25.734488,0.881665,0.057711,0.144513,0.0,0.0,False
aggregate,0.0,0.5,none_1.0,0.015,20,64.604289,35.395711,0.74035,0.073132,0.275332,0.0,0.0,False
aggregate,0.0,0.5,none_1.0,0.02,2,78.532185,21.467815,0.964782,0.056227,0.039657,0.0,0.0,True
aggregate,0.0,0.5,none_1.0,0.02,5,76.533367,23.466633,0.926469,0.060644,0.097563,0.0,0.0,True
aggregate,0.0,0.5,none_1.0,0.02,10,72.501156,27.498844,0.857689,0.067522,0.190529,0.0,0.0,False
aggregate,0.0,0.5,none_1.0,0.02,20,59.230078,40.769922,0.677409,0.094166,0.357361,0.0,0.0,False
aggregate,0.0,0.5,none_1.0,0.025,2,77.955516,22.044484,0.957301,0.062472,0.049447,0.0,0.0,True
aggregate,0.0,0.5,none_1.0,0.025,5,75.550473,24.449527,0.913033,0.068517,0.12117,0.0,0.0,True
aggregate,0.0,0.5,none_1.0,0.025,10,70.562394,29.437606,0.832143,0.078166,0.235322,0.0,0.0,False
aggregate,0.0,0.5,none_1.0,0.025,20,52.248793,47.751207,0.599385,0.125837,0.432608,0.0,0.0,False
aggregate,0.0,0.5,none_1.0,0.03,2,77.37443,22.62557,0.94978,0.068745,0.059186,0.0,0.0,True
aggregate,0.0,0.5,none_1.0,0.03,5,74.525615,25.474385,0.899215,0.076641,0.144445,0.0,0.0,False
aggregate,0.0,0.5,none_1.0,0.03,10,68.43017,31.56983,0.804836,0.089795,0.278796,0.0,0.0,False
aggregate,0.0,0.5,none_1.0,0.03,20,45.507897,54.492103,0.524476,0.150955,0.499688,0.0,0.0,False
aggregate,0.0,0.5,none_1.0,0.04,2,76.199159,23.800841,0.93462,0.081381,0.078515,0.0,0.0,True
aggregate,0.0,0.5,none_1.0,0.04,5,72.34506,27.65494,0.870377,0.093708,0.189971,0.0,0.0,False
aggregate,0.0,0.5,none_1.0,0.04,10,63.484933,36.515067,0.743924,0.11696,0.361347,0.0,0.0,False
aggregate,0.0,0.5,none_1.0,0.04,20,34.668743,65.331257,0.402892,0.186914,0.61063,0.0,0.0,False
aggregate,0.0,0.5,none_1.0,0.05,2,75.00664,24.99336,0.919304,0.094135,0.097643,0.0,0.0,False
aggregate,0.0,0.5,none_1.0,0.05,5,69.980579,30.019421,0.839836,0.111985,0.234073,0.0,0.0,False
aggregate,0.0,0.5,none_1.0,0.05,10,57.376697,42.623303,0.672004,0.152255,0.437177,0.0,0.0,False
aggregate,0.0,0.5,none_1.0,0.05,20,26.688339,73.311661,0.312156,0.218029,0.696509,0.0,0.0,False
aggregate,0.0,0.5,elevated_1.5,0.005,2,80.130037,19.869963,0.985858,0.035586,0.009989,0.0,0.0,True
aggregate,0.0,0.5,elevated_1.5,0.005,5,78.73682,21.26318,0.959241,0.036222,0.024802,0.0,0.0,True
aggregate,0.0,0.5,elevated_1.5,0.005,10,75.9872,24.0128,0.911463,0.03773,0.04887,0.0,0.0,True
aggregate,0.0,0.5,elevated_1.5,0.005,20,68.476527,31.523473,0.799726,0.042018,0.094021,0.0,0.0,False
aggregate,0.0,0.5,elevated_1.5,0.01,2,79.568647,20.431353,0.978519,0.041452,0.019929,0.0,0.0,True
aggregate,0.0,0.5,elevated_1.5,0.01,5,77.806124,22.193876,0.946176,0.042827,0.0493,0.0,0.0,True
aggregate,0.0,0.5,elevated_1.5,0.01,10,74.243596,25.756404,0.887263,0.045379,0.096674,0.0,0.0,False
aggregate,0.0,0.5,elevated_1.5,0.01,20,63.843302,36.156698,0.742439,0.053187,0.183419,0.0,0.0,False
aggregate,0.0,0.5,elevated_1.5,0.015,2,79.002679,20.997321,0.971138,0.047334,0.029818,0.0,0.0,True
aggregate,0.0,0.5,elevated_1.5,0.015,5,76.834653,23.165347,0.93274,0.049582,0.073487,0.0,0.0,True
aggregate,0.0,0.5,elevated_1.5,0.015,10,72.334692,27.665308,0.86158,0.053471,0.143326,0.0,0.0,False
aggregate,0.0,0.5,elevated_1.5,0.015,20,58.265317,41.734683,0.676581,0.067037,0.267317,0.0,0.0,False
aggregate,0.0,0.5,elevated_1.5,0.02,2,78.43219,21.56781,0.963716,0.053231,0.039657,0.0,0.0,True
aggregate,0.0,0.5,elevated_1.5,0.02,5,75.821916,24.178084,0.918928,0.056489,0.097354,0.0,0.0,True
aggregate,0.0,0.5,elevated_1.5,0.02,10,70.250271,29.749729,0.834315,0.062056,0.188737,0.0,0.0,False
aggregate,0.0,0.5,elevated_1.5,0.02,20,51.64018,48.35982,0.601105,0.084594,0.344665,0.0,0.0,False
aggregate,0.0,0.5,elevated_1.5,0.025,2,77.857229,22.142771,0.956254,0.059145,0.049447,0.0,0.0,True
aggregate,0.0,0.5,elevated_1.5,0.025,5,74.767411,25.232589,0.904736,0.063553,0.120892,0.0,0.0,False
aggregate,0.0,0.5,elevated_1.5,0.025,10,67.97932,32.02068,0.805359,0.071199,0.232814,0.0,0.0,False
aggregate,0.0,0.5,elevated_1.5,0.025,20,45.465983,54.534017,0.530949,0.096923,0.414604,0.0,0.0,False
aggregate,0.0,0.5,elevated_1.5,0.03,2,77.277843,22.722157,0.948751,0.065074,0.059186,0.0,0.0,True
aggregate,0.0,0.5,elevated_1.5,0.03,5,73.670609,26.329391,0.890158,0.070782,0.144094,0.0,0.0,False
aggregate,0.0,0.5,elevated_1.5,0.03,10,65.509463,34.490537,0.77459,0.080999,0.275461,0.0,0.0,False
aggregate,0.0,0.5,elevated_1.5,0.03,20,40.122977,59.877023,0.469872,0.107293,0.477413,0.0,0.0,False
aggregate,0.0,0.5,elevated_1.5,0.04,2,76.105952,23.894048,0.933627,0.076984,0.078515,0.0,0.0,True
aggregate,0.0,0.5,elevated_1.5,0.04,5,71.347816,28.652184,0.859817,0.085765,0.189455,0.0,0.0,False
aggregate,0.0,0.5,elevated_1.5,0.04,10,59.910724,40.089276,0.706977,0.103216,0.356042,0.0,0.0,False
aggregate,0.0,0.5,elevated_1.5,0.04,20,31.336106,68.663894,0.368783,0.127213,0.58377,0.0,0.0,False
aggregate,0.0,0.5,elevated_1.5,0.05,2,74.916788,25.083212,0.918347,0.088964,0.097643,0.0,0.0,False
aggregate,0.0,0.5,elevated_1.5,0.05,5,68.848331,31.151669,0.827851,0.101519,0.23337,0.0,0.0,False
aggregate,0.0,0.5,elevated_1.5,0.05,10,53.276563,46.723437,0.629643,0.131057,0.429575,0.0,0.0,False
aggregate,0.0,0.5,elevated_1.5,0.05,20,24.529532,75.470468,0.289899,0.146949,0.668265,0.0,0.0,False
aggregate,0.0,0.5,high_2.0,0.005,2,80.024864,19.975136,0.984737,0.03367,0.009989,0.0,0.0,True
aggregate,0.0,0.5,high_2.0,0.005,5,78.271087,21.728913,0.954302,0.034122,0.024761,0.0,0.0,True
aggregate,0.0,0.5,high_2.0,0.005,10,74.756212,25.243788,0.898595,0.035128,0.048595,0.0,0.0,False
aggregate,0.0,0.5,high_2.0,0.005,20,64.99964,35.00036,0.764318,0.037911,0.092407,0.0,0.0,False
aggregate,0.0,0.5,high_2.0,0.01,2,79.465209,20.534791,0.977417,0.039247,0.019929,0.0,0.0,True
aggregate,0.0,0.5,high_2.0,0.01,5,77.279697,22.720303,0.940594,0.040186,0.049213,0.0,0.0,True
aggregate,0.0,0.5,high_2.0,0.01,10,72.771941,27.228059,0.87191,0.041884,0.096041,0.0,0.0,False
aggregate,0.0,0.5,high_2.0,0.01,20,59.580327,40.419673,0.699149,0.04688,0.179519,0.0,0.0,False
aggregate,0.0,0.5,high_2.0,0.015,2,78.900967,21.099033,0.970054,0.044825,0.029818,0.0,0.0,True
aggregate,0.0,0.5,high_2.0,0.015,5,76.246323,23.753677,0.926504,0.046334,0.073347,0.0,0.0,True
aggregate,0.0,0.5,high_2.0,0.015,10,70.614378,29.385622,0.843665,0.048883,0.142247,0.0,0.0,False
aggregate,0.0,0.5,high_2.0,0.015,20,53.307933,46.692067,0.626276,0.057616,0.260473,0.0,0.0,False
aggregate,0.0,0.5,high_2.0,0.02,2,78.332194,21.667806,0.962651,0.050405,0.039657,0.0,0.0,True
aggregate,0.0,0.5,high_2.0,0.02,5,75.170983,24.829017,0.912031,0.052567,0.097155,0.0,0.0,False
aggregate,0.0,0.5,high_2.0,0.02,10,68.279399,31.720601,0.813822,0.056137,0.187123,0.0,0.0,False
aggregate,0.0,0.5,high_2.0,0.02,20,47.267664,52.732336,0.556605,0.065844,0.334499,0.0,0.0,False
aggregate,0.0,0.5,high_2.0,0.025,2,77.758942,22.241058,0.955206,0.055988,0.049447,0.0,0.0,True
aggregate,0.0,0.5,high_2.0,0.025,5,74.05372,25.94628,0.897176,0.058886,0.12063,0.0,0.0,False
aggregate,0.0,0.5,high_2.0,0.025,10,65.763526,34.236474,0.782351,0.063674,0.230579,0.0,0.0,False
aggregate,0.0,0.5,high_2.0,0.025,20,41.945533,58.054467,0.494981,0.073296,0.401604,0.0,0.0,False
aggregate,0.0,0.5,high_2.0,0.03,2,77.181256,22.818744,0.947722,0.061573,0.059186,0.0,0.0,True
aggregate,0.0,0.5,high_2.0,0.03,5,72.894591,27.105409,0.881939,0.065291,0.143762,0.0,0.0,False
aggregate,0.0,0.5,high_2.0,0.03,10,63.063533,36.936467,0.749218,0.071541,0.272523,0.0,0.0,False
aggregate,0.0,0.5,high_2.0,0.03,20,37.224943,62.775057,0.440162,0.08069,0.462124,0.0,0.0,False
aggregate,0.0,0.5,high_2.0,0.04,2,76.012745,23.987255,0.932634,0.072753,0.078515,0.0,0.0,True
aggregate,0.0,0.5,high_2.0,0.04,5,70.450964,29.549036,0.850323,0.078374,0.188968,0.0,0.0,False
aggregate,0.0,0.5,high_2.0,0.04,10,57.095417,42.904583,0.677808,0.088644,0.351498,0.0,0.0,False
aggregate,0.0,0.5,high_2.0,0.04,20,29.417742,70.582258,0.348992,0.095462,0.565849,0.0,0.0,False
aggregate,0.0,0.5,high_2.0,0.05,2,74.826935,25.173065,0.917389,0.083951,0.097643,0.0,0.0,False
aggregate,0.0,0.5,high_2.0,0.05,5,67.840423,32.159577,0.817185,0.091855,0.232709,0.0,0.0,False
aggregate,0.0,0.5,high_2.0,0.05,10,50.460421,49.539579,0.600435,0.108089,0.423286,0.0,0.0,False
aggregate,0.0,0.5,high_2.0,0.05,20,23.232918,76.767082,0.276452,0.110233,0.649359,0.0,0.0,False
aggregate,0.0,1.0,none_1.0,0.005,2,80.229937,19.770063,0.986922,0.037731,0.009989,0.0,0.0,True
aggregate,0.0,1.0,none_1.0,0.005,5,79.210993,20.789007,0.964273,0.038739,0.024843,0.0,0.0,True
aggregate,0.0,1.0,none_1.0,0.005,10,77.237163,22.762837,0.924528,0.040921,0.049149,0.0,0.0,True
aggregate,0.0,1.0,none_1.0,0.005,20,72.018821,27.981179,0.835667,0.046687,0.095655,0.0,0.0,False
aggregate,0.0,1.0,none_1.0,0.01,2,79.660362,20.339638,0.979496,0.043966,0.019929,0.0,0.0,True
aggregate,0.0,1.0,none_1.0,0.01,5,78.306658,21.693342,0.951488,0.046337,0.049382,0.0,0.0,True
aggregate,0.0,1.0,none_1.0,0.01,10,75.635656,24.364344,0.901796,0.050463,0.097274,0.0,0.0,True
aggregate,0.0,1.0,none_1.0,0.01,20,67.933615,32.066385,0.783815,0.062062,0.187107,0.0,0.0,False
aggregate,0.0,1.0,none_1.0,0.015,2,79.085097,20.914903,0.972016,0.050243,0.029818,0.0,0.0,True
aggregate,0.0,1.0,none_1.0,0.015,5,77.352779,22.647221,0.938241,0.05426,0.073607,0.0,0.0,True
aggregate,0.0,1.0,none_1.0,0.015,10,73.840577,26.159423,0.87729,0.060968,0.144273,0.0,0.0,False
aggregate,0.0,1.0,none_1.0,0.015,20,62.765956,37.234044,0.722047,0.08159,0.27333,0.0,0.0,False
aggregate,0.0,1.0,none_1.0,0.02,2,78.504255,21.495745,0.964484,0.056563,0.039657,0.0,0.0,True
aggregate,0.0,1.0,none_1.0,0.02,5,76.348474,23.651526,0.924521,0.062515,0.097508,0.0,0.0,True
aggregate,0.0,1.0,none_1.0,0.02,10,71.835349,28.164651,0.850845,0.072523,0.190038,0.0,0.0,False
aggregate,0.0,1.0,none_1.0,0.02,20,56.235598,43.764402,0.647578,0.107321,0.353084,0.0,0.0,False
aggregate,0.0,1.0,none_1.0,0.025,2,77.917943,22.082057,0.956901,0.062923,0.049447,0.0,0.0,True
aggregate,0.0,1.0,none_1.0,0.025,5,75.292944,24.707056,0.910322,0.071108,0.121075,0.0,0.0,True
aggregate,0.0,1.0,none_1.0,0.025,10,69.603413,30.396587,0.822299,0.085225,0.234456,0.0,0.0,False
aggregate,0.0,1.0,none_1.0,0.025,20,48.80512,51.19488,0.564927,0.135985,0.424918,0.0,0.0,False
aggregate,0.0,1.0,none_1.0,0.03,2,77.32626,22.67374,0.949267,0.069325,0.059186,0.0,0.0,True
aggregate,0.0,1.0,none_1.0,0.03,5,74.185474,25.814526,0.895636,0.080046,0.144298,0.0,0.0,False
aggregate,0.0,1.0,none_1.0,0.03,10,67.128238,32.871762,0.791483,0.09919,0.277405,0.0,0.0,False
aggregate,0.0,1.0,none_1.0,0.03,20,42.463713,57.536287,0.493842,0.155835,0.488436,0.0,0.0,False
aggregate,0.0,1.0,none_1.0,0.04,2,76.127166,23.872834,0.933853,0.082248,0.078515,0.0,0.0,True
aggregate,0.0,1.0,none_1.0,0.04,5,71.812212,28.187788,0.864773,0.09899,0.189671,0.0,0.0,False
aggregate,0.0,1.0,none_1.0,0.04,10,61.380293,38.619707,0.722348,0.131547,0.358391,0.0,0.0,False
aggregate,0.0,1.0,none_1.0,0.04,20,32.450272,67.549728,0.380338,0.188504,0.593713,0.0,0.0,False
aggregate,0.0,1.0,none_1.0,0.05,2,74.907699,25.092301,0.91825,0.09533,0.097643,0.0,0.0,False
aggregate,0.0,1.0,none_1.0,0.05,5,69.224274,30.775726,0.831886,0.119419,0.233547,0.0,0.0,False
aggregate,0.0,1.0,none_1.0,0.05,10,54.436978,45.563022,0.641823,0.171672,0.431918,0.0,0.0,False
aggregate,0.0,1.0,none_1.0,0.05,20,25.063806,74.936194,0.295507,0.218862,0.675807,0.0,0.0,False
aggregate,0.0,1.0,elevated_1.5,0.005,2,80.125027,19.874973,0.985804,0.035647,0.009989,0.0,0.0,True
aggregate,0.0,1.0,elevated_1.5,0.005,5,78.7081,21.2919,0.958938,0.036496,0.0248,0.0,0.0,True
aggregate,0.0,1.0,elevated_1.5,0.005,10,75.890779,24.109221,0.910463,0.038366,0.048851,0.0,0.0,True
aggregate,0.0,1.0,elevated_1.5,0.005,20,68.09546,31.90454,0.795877,0.043305,0.093875,0.0,0.0,False
aggregate,0.0,1.0,elevated_1.5,0.01,2,79.557444,20.442556,0.978399,0.041587,0.019929,0.0,0.0,True
aggregate,0.0,1.0,elevated_1.5,0.01,5,77.738783,22.261217,0.945466,0.043464,0.04929,0.0,0.0,True
aggregate,0.0,1.0,elevated_1.5,0.01,10,74.009108,25.990892,0.884836,0.046869,0.096585,0.0,0.0,False
aggregate,0.0,1.0,elevated_1.5,0.01,20,62.892867,37.107133,0.732862,0.056024,0.182698,0.0,0.0,False
aggregate,0.0,1.0,elevated_1.5,0.015,2,78.984154,21.015846,0.970941,0.047557,0.029818,0.0,0.0,True
aggregate,0.0,1.0,elevated_1.5,0.015,5,76.718926,23.281074,0.93152,0.050664,0.073461,0.0,0.0,True
aggregate,0.0,1.0,elevated_1.5,0.015,10,71.919433,28.080567,0.857291,0.056012,0.143095,0.0,0.0,False
aggregate,0.0,1.0,elevated_1.5,0.015,20,56.62344,43.37656,0.660038,0.071122,0.265403,0.0,0.0,False
aggregate,0.0,1.0,elevated_1.5,0.02,2,78.40527,21.59473,0.963429,0.053556,0.039657,0.0,0.0,True
aggregate,0.0,1.0,elevated_1.5,0.02,5,75.648315,24.351685,0.9171,0.058096,0.097302,0.0,0.0,True
aggregate,0.0,1.0,elevated_1.5,0.02,10,69.613117,30.386883,0.827743,0.0658,0.188271,0.0,0.0,False
aggregate,0.0,1.0,elevated_1.5,0.02,20,49.711877,50.288123,0.581613,0.086504,0.340876,0.0,0.0,False
aggregate,0.0,1.0,elevated_1.5,0.025,2,77.820899,22.179101,0.955866,0.059584,0.049447,0.0,0.0,True
aggregate,0.0,1.0,elevated_1.5,0.025,5,74.526868,25.473132,0.902204,0.065758,0.120804,0.0,0.0,False
aggregate,0.0,1.0,elevated_1.5,0.025,10,67.084105,32.915895,0.796137,0.076238,0.232001,0.0,0.0,False
aggregate,0.0,1.0,elevated_1.5,0.025,20,43.698931,56.301069,0.513011,0.097379,0.40873,0.0,0.0,False
aggregate,0.0,1.0,elevated_1.5,0.03,2,77.231144,22.768856,0.948253,0.065639,0.059186,0.0,0.0,True
aggregate,0.0,1.0,elevated_1.5,0.03,5,73.354629,26.645371,0.886832,0.07365,0.143956,0.0,0.0,False
aggregate,0.0,1.0,elevated_1.5,0.03,10,64.329157,35.670843,0.762439,0.087332,0.274173,0.0,0.0,False
aggregate,0.0,1.0,elevated_1.5,0.03,20,38.515209,61.484791,0.45349,0.107457,0.469502,0.0,0.0,False
aggregate,0.0,1.0,elevated_1.5,0.04,2,76.035861,23.964139,0.93288,0.077834,0.078515,0.0,0.0,True
aggregate,0.0,1.0,elevated_1.5,0.04,5,70.85853,29.14147,0.854671,0.09012,0.189173,0.0,0.0,False
aggregate,0.0,1.0,elevated_1.5,0.04,10,58.142072,41.857928,0.688771,0.111586,0.353395,0.0,0.0,False
aggregate,0.0,1.0,elevated_1.5,0.04,20,30.045351,69.954649,0.355544,0.12725,0.572234,0.0,0.0,False
aggregate,0.0,1.0,elevated_1.5,0.05,2,74.82015,25.17985,0.917317,0.090139,0.097643,0.0,0.0,False
aggregate,0.0,1.0,elevated_1.5,0.05,5,68.16256,31.83744,0.820642,0.107505,0.23288,0.0,0.0,False
aggregate,0.0,1.0,elevated_1.5,0.05,10,51.09194,48.90806,0.607109,0.139049,0.42506,0.0,0.0,False
aggregate,0.0,1.0,elevated_1.5,0.05,20,23.523677,76.476323,0.279524,0.146963,0.653962,0.0,0.0,False
aggregate,0.0,1.0,high_2.0,0.005,2,80.020118,19.979882,0.984686,0.033727,0.009989,0.0,0.0,True
aggregate,0.0,1.0,high_2.0,0.005,5,78.243718,21.756282,0.954013,0.034364,0.024759,0.0,0.0,True
aggregate,0.0,1.0,high_2.0,0.005,10,74.660868,25.339132,0.897604,0.035647,0.048577,0.0,0.0,False
aggregate,0.0,1.0,high_2.0,0.005,20,64.631576,35.368424,0.760575,0.038713,0.092263,0.0,0.0,False
aggregate,0.0,1.0,high_2.0,0.01,2,79.454526,20.545474,0.977303,0.039376,0.019929,0.0,0.0,True
aggregate,0.0,1.0,high_2.0,0.01,5,77.215793,22.784207,0.93992,0.040742,0.049203,0.0,0.0,True
aggregate,0.0,1.0,high_2.0,0.01,10,72.54374,27.45626,0.869543,0.043059,0.095956,0.0,0.0,False
aggregate,0.0,1.0,high_2.0,0.01,20,58.742365,41.257635,0.690638,0.048246,0.178838,0.0,0.0,False
aggregate,0.0,1.0,high_2.0,0.015,2,78.88321,21.11679,0.969865,0.04504,0.029818,0.0,0.0,True
aggregate,0.0,1.0,high_2.0,0.015,5,76.136992,23.863008,0.925352,0.047272,0.073322,0.0,0.0,True
aggregate,0.0,1.0,high_2.0,0.015,10,70.217814,29.782186,0.839558,0.050803,0.142027,0.0,0.0,False
aggregate,0.0,1.0,high_2.0,0.015,20,52.134757,47.865243,0.614339,0.058181,0.258766,0.0,0.0,False
aggregate,0.0,1.0,high_2.0,0.02,2,78.306285,21.693715,0.962375,0.05072,0.039657,0.0,0.0,True
aggregate,0.0,1.0,high_2.0,0.02,5,75.007748,24.992252,0.910311,0.053945,0.097106,0.0,0.0,False
aggregate,0.0,1.0,high_2.0,0.02,10,67.684213,32.315787,0.807667,0.05883,0.186684,0.0,0.0,False
aggregate,0.0,1.0,high_2.0,0.02,20,46.060473,53.939527,0.544283,0.0659,0.331417,0.0,0.0,False
aggregate,0.0,1.0,high_2.0,0.025,2,77.723856,22.276144,0.954832,0.056414,0.049447,0.0,0.0,True
aggregate,0.0,1.0,high_2.0,0.025,5,73.828657,26.171343,0.894806,0.060756,0.120546,0.0,0.0,False
aggregate,0.0,1.0,high_2.0,0.025,10,64.948429,35.051571,0.773928,0.067084,0.229822,0.0,0.0,False
aggregate,0.0,1.0,high_2.0,0.025,20,40.797018,59.202982,0.483223,0.073304,0.397053,0.0,0.0,False
aggregate,0.0,1.0,high_2.0,0.03,2,77.136028,22.863972,0.94724,0.062123,0.059186,0.0,0.0,True
aggregate,0.0,1.0,high_2.0,0.03,5,72.600471,27.399529,0.878843,0.067696,0.143632,0.0,0.0,False
aggregate,0.0,1.0,high_2.0,0.03,10,62.020325,37.979675,0.738445,0.07551,0.27134,0.0,0.0,False
aggregate,0.0,1.0,high_2.0,0.03,20,36.212271,63.787729,0.429764,0.080691,0.456271,0.0,0.0,False
aggregate,0.0,1.0,high_2.0,0.04,2,75.944556,24.055444,0.931907,0.073585,0.078515,0.0,0.0,True
aggregate,0.0,1.0,high_2.0,0.04,5,70.000539,29.999461,0.845585,0.081938,0.188703,0.0,0.0,False
aggregate,0.0,1.0,high_2.0,0.04,10,55.646319,44.353681,0.66284,0.092699,0.349142,0.0,0.0,False
aggregate,0.0,1.0,high_2.0,0.04,20,28.549575,71.450425,0.340037,0.095462,0.557284,0.0,0.0,False
aggregate,0.0,1.0,high_2.0,0.05,2,74.732602,25.267398,0.916384,0.085106,0.097643,0.0,0.0,False
aggregate,0.0,1.0,high_2.0,0.05,5,67.216675,32.783325,0.810628,0.096619,0.23225,0.0,0.0,False
aggregate,0.0,1.0,high_2.0,0.05,10,49.034357,50.965643,0.585656,0.109471,0.419418,0.0,0.0,False
aggregate,0.0,1.0,high_2.0,0.05,20,22.576321,77.423679,0.269647,0.110233,0.639102,0.0,0.0,False
aggregate,0.25,0.0,none_1.0,0.005,2,80.240483,19.759517,0.987035,0.037605,0.0,0.009989,1.0,True
aggregate,0.25,0.0,none_1.0,0.005,5,79.271032,20.728968,0.964975,0.038122,0.0,0.024848,1.0,True
aggregate,0.25,0.0,none_1.0,0.005,10,77.425911,22.574089,0.926883,0.039414,0.0,0.049187,1.0,True
aggregate,0.25,0.0,none_1.0,0.005,20,72.715104,27.284896,0.844276,0.04316,0.0,0.095931,1.0,False
aggregate,0.25,0.0,none_1.0,0.01,2,79.683808,20.316192,0.979746,0.043685,0.000678,0.019251,0.965975,True
aggregate,0.25,0.0,none_1.0,0.01,5,78.44749,21.55251,0.95311,0.044897,0.001681,0.047723,0.965975,True
aggregate,0.25,0.0,none_1.0,0.01,10,76.096187,23.903813,0.907365,0.046867,0.003316,0.094137,0.965975,True
aggregate,0.25,0.0,none_1.0,0.01,20,69.760971,30.239029,0.805202,0.053239,0.006414,0.182081,0.965975,False
aggregate,0.25,0.0,none_1.0,0.015,2,79.123686,20.876314,0.972427,0.04978,0.010616,0.019202,0.643983,True
aggregate,0.25,0.0,none_1.0,0.015,5,77.595075,22.404925,0.940933,0.051798,0.026225,0.047437,0.643983,True
aggregate,0.25,0.0,none_1.0,0.015,10,74.662846,25.337154,0.886603,0.054684,0.051531,0.093212,0.643983,False
aggregate,0.25,0.0,none_1.0,0.015,20,66.248364,33.751636,0.759746,0.06546,0.098673,0.178485,0.643983,False
aggregate,0.25,0.0,none_1.0,0.02,2,78.560115,21.439885,0.965079,0.055891,0.020503,0.019154,0.482988,True
aggregate,0.25,0.0,none_1.0,0.02,5,76.712612,23.287388,0.928498,0.058836,0.050469,0.047148,0.482987,True
aggregate,0.25,0.0,none_1.0,0.02,10,73.114371,26.885629,0.864853,0.062948,0.098746,0.092248,0.482987,False
aggregate,0.25,0.0,none_1.0,0.02,20,61.949277,38.050723,0.707166,0.081569,0.18676,0.174469,0.482988,False
aggregate,0.25,0.0,none_1.0,0.025,2,77.99309,22.00691,0.957701,0.06202,0.030341,0.019106,0.38639,True
aggregate,0.25,0.0,none_1.0,0.025,5,75.798793,24.201207,0.91579,0.066025,0.074408,0.046854,0.38639,True
aggregate,0.25,0.0,none_1.0,0.025,10,71.436545,28.563455,0.841975,0.071772,0.144896,0.091241,0.38639,False
aggregate,0.25,0.0,none_1.0,0.025,20,56.394395,43.605605,0.642824,0.105985,0.269818,0.169904,0.38639,False
aggregate,0.25,0.0,none_1.0,0.03,2,77.4226,22.5774,0.950293,0.068165,0.040129,0.019057,0.321992,True
aggregate,0.25,0.0,none_1.0,0.03,5,74.852156,25.147844,0.902794,0.073384,0.098033,0.046557,0.321992,False
aggregate,0.25,0.0,none_1.0,0.03,10,69.611445,30.388555,0.81779,0.081307,0.189908,0.090189,0.321992,False
aggregate,0.25,0.0,none_1.0,0.03,20,49.295084,50.704916,0.563862,0.141355,0.346495,0.164554,0.321992,False
aggregate,0.25,0.0,none_1.0,0.04,2,76.271152,23.728848,0.935387,0.080513,0.059554,0.018961,0.241494,True
aggregate,0.25,0.0,none_1.0,0.04,5,72.853693,27.146307,0.875867,0.088685,0.144318,0.045948,0.241494,False
aggregate,0.25,0.0,none_1.0,0.04,10,65.419183,34.580817,0.764488,0.103443,0.276176,0.087929,0.241494,False
aggregate,0.25,0.0,none_1.0,0.04,20,37.576345,62.423655,0.432968,0.183792,0.477532,0.152037,0.241494,False
aggregate,0.25,0.0,none_1.0,0.05,2,75.105582,24.894418,0.920358,0.09294,0.078779,0.018864,0.193195,False
aggregate,0.25,0.0,none_1.0,0.05,5,70.701568,29.298432,0.84755,0.104929,0.189265,0.045321,0.193195,False
aggregate,0.25,0.0,none_1.0,0.05,10,60.235786,39.764214,0.701891,0.132504,0.356729,0.085421,0.193195,False
aggregate,0.25,0.0,none_1.0,0.05,20,28.763882,71.236118,0.333641,0.216642,0.581112,0.139151,0.193195,False
aggregate,0.25,0.0,elevated_1.5,0.005,2,80.135047,19.864953,0.985911,0.035526,0.0,0.009989,1.0,True
aggregate,0.25,0.0,elevated_1.5,0.005,5,78.765294,21.234706,0.959607,0.03595,0.0,0.024804,1.0,True
aggregate,0.25,0.0,elevated_1.5,0.005,10,76.081566,23.918434,0.912794,0.037109,0.0,0.048888,1.0,True
aggregate,0.25,0.0,elevated_1.5,0.005,20,68.844212,31.155788,0.804695,0.040769,0.0,0.094162,1.0,False
aggregate,0.25,0.0,elevated_1.5,0.01,2,79.579851,20.420149,0.978638,0.041317,0.000678,0.019251,0.965975,True
aggregate,0.25,0.0,elevated_1.5,0.01,5,77.872382,22.127618,0.947003,0.042202,0.001678,0.047633,0.965975,True
aggregate,0.25,0.0,elevated_1.5,0.01,10,74.468978,25.531022,0.890302,0.043952,0.003292,0.093467,0.965975,False
aggregate,0.25,0.0,elevated_1.5,0.01,20,64.746799,35.253201,0.753808,0.050402,0.006264,0.177842,0.965975,False
aggregate,0.25,0.0,elevated_1.5,0.015,2,79.021205,20.978795,0.971335,0.047111,0.010616,0.019202,0.643983,True
aggregate,0.25,0.0,elevated_1.5,0.015,5,76.947755,23.052245,0.934063,0.048526,0.026172,0.047341,0.643983,True
aggregate,0.25,0.0,elevated_1.5,0.015,10,72.728263,27.271737,0.866366,0.051073,0.051105,0.092443,0.643983,False
aggregate,0.25,0.0,elevated_1.5,0.015,20,59.856112,40.143888,0.694563,0.062601,0.095815,0.173316,0.643983,False
aggregate,0.25,0.0,elevated_1.5,0.02,2,78.45911,21.54089,0.964003,0.052906,0.020503,0.019154,0.482988,True
aggregate,0.25,0.0,elevated_1.5,0.02,5,75.990598,24.009402,0.920838,0.054932,0.050359,0.047045,0.482988,True
aggregate,0.25,0.0,elevated_1.5,0.02,10,70.848532,29.151468,0.841205,0.058547,0.09781,0.091373,0.482988,False
aggregate,0.25,0.0,elevated_1.5,0.02,20,53.82368,46.17632,0.624615,0.080311,0.180093,0.16824,0.482988,False
aggregate,0.25,0.0,elevated_1.5,0.025,2,77.893559,22.106441,0.956641,0.058706,0.030341,0.019106,0.38639,True
aggregate,0.25,0.0,elevated_1.5,0.025,5,75.000001,24.999999,0.907319,0.061429,0.074234,0.046745,0.38639,False
aggregate,0.25,0.0,elevated_1.5,0.025,10,68.816614,31.183386,0.81469,0.066471,0.143332,0.090256,0.38639,False
aggregate,0.25,0.0,elevated_1.5,0.025,20,47.488588,52.511412,0.552465,0.095987,0.258065,0.162504,0.38639,False
aggregate,0.25,0.0,elevated_1.5,0.03,2,77.324543,22.675457,0.949249,0.064509,0.040129,0.019057,0.321992,True
aggregate,0.25,0.0,elevated_1.5,0.03,5,73.974949,26.025051,0.893494,0.068032,0.097789,0.046441,0.321992,False
aggregate,0.25,0.0,elevated_1.5,0.03,10,66.61614,33.38386,0.786655,0.074984,0.187592,0.089089,0.321992,False
aggregate,0.25,0.0,elevated_1.5,0.03,20,41.964871,58.035129,0.48932,0.106976,0.329273,0.156374,0.321992,False
aggregate,0.25,0.0,elevated_1.5,0.04,2,76.176043,23.823957,0.934374,0.076134,0.059554,0.018961,0.241494,True
aggregate,0.25,0.0,elevated_1.5,0.04,5,71.816792,28.183208,0.86488,0.08161,0.143912,0.045819,0.241494,False
aggregate,0.25,0.0,elevated_1.5,0.04,10,61.618946,38.381054,0.725114,0.094649,0.271971,0.08659,0.241494,False
aggregate,0.25,0.0,elevated_1.5,0.04,20,32.796846,67.203154,0.384093,0.127147,0.45207,0.14393,0.241494,False
aggregate,0.25,0.0,elevated_1.5,0.05,2,75.013426,24.986574,0.919376,0.087789,0.078779,0.018864,0.193195,False
aggregate,0.25,0.0,elevated_1.5,0.05,5,69.505222,30.494778,0.834881,0.095811,0.188672,0.045179,0.193195,False
aggregate,0.25,0.0,elevated_1.5,0.05,10,55.584983,44.415017,0.65381,0.120575,0.35012,0.083839,0.193195,False
aggregate,0.25,0.0,elevated_1.5,0.05,20,25.625111,74.374889,0.301361,0.146928,0.551261,0.132003,0.193195,False
aggregate,0.25,0.0,high_2.0,0.005,2,80.02961,19.97039,0.984788,0.033612,0.0,0.009989,1.0,True
aggregate,0.25,0.0,high_2.0,0.005,5,78.298238,21.701762,0.954649,0.033882,0.0,0.024763,1.0,True
aggregate,0.25,0.0,high_2.0,0.005,10,74.849823,25.150177,0.899877,0.034619,0.0,0.048613,1.0,False
aggregate,0.25,0.0,high_2.0,0.005,20,65.359754,34.640246,0.768927,0.037111,0.0,0.092548,1.0,False
aggregate,0.25,0.0,high_2.0,0.01,2,79.475893,20.524107,0.97753,0.039117,0.000678,0.019251,0.965975,True
aggregate,0.25,0.0,high_2.0,0.01,5,77.342643,22.657357,0.941379,0.039638,0.001675,0.047547,0.965975,True
aggregate,0.25,0.0,high_2.0,0.01,10,72.992784,27.007216,0.874812,0.040749,0.003271,0.092853,0.965975,False
aggregate,0.25,0.0,high_2.0,0.01,20,60.404197,39.595803,0.709102,0.045401,0.006131,0.174049,0.965975,False
aggregate,0.25,0.0,high_2.0,0.015,2,78.918724,21.081276,0.970243,0.04461,0.010616,0.019202,0.643983,True
aggregate,0.25,0.0,high_2.0,0.015,5,76.353348,23.646652,0.927755,0.045419,0.026121,0.04725,0.643983,True
aggregate,0.25,0.0,high_2.0,0.015,10,70.994337,29.005663,0.848213,0.047042,0.050718,0.091741,0.643983,False
aggregate,0.25,0.0,high_2.0,0.015,20,54.610027,45.389973,0.640738,0.056017,0.093326,0.168813,0.643983,False
aggregate,0.25,0.0,high_2.0,0.02,2,78.358104,21.641896,0.962927,0.050091,0.020503,0.019154,0.482988,True
aggregate,0.25,0.0,high_2.0,0.02,5,75.329931,24.670069,0.91383,0.051231,0.050255,0.046948,0.482988,True
aggregate,0.25,0.0,high_2.0,0.02,10,68.84684,31.15316,0.820293,0.053551,0.096964,0.090582,0.482988,False
aggregate,0.25,0.0,high_2.0,0.02,20,48.543525,51.456475,0.570482,0.065726,0.174526,0.16304,0.482988,False
aggregate,0.25,0.0,high_2.0,0.025,2,77.794028,22.205972,0.95558,0.055562,0.030341,0.019106,0.38639,True
aggregate,0.25,0.0,high_2.0,0.025,5,74.271912,25.728088,0.899598,0.057081,0.07407,0.046642,0.38639,False
aggregate,0.25,0.0,high_2.0,0.025,10,66.541234,33.458766,0.790963,0.060356,0.141932,0.089374,0.38639,False
aggregate,0.25,0.0,high_2.0,0.025,20,43.162656,56.837344,0.508046,0.073279,0.249245,0.156949,0.38639,False
aggregate,0.25,0.0,high_2.0,0.03,2,77.226485,22.773515,0.948204,0.061023,0.040129,0.019057,0.321992,True
aggregate,0.25,0.0,high_2.0,0.03,5,73.178744,26.821256,0.885054,0.062979,0.097558,0.046331,0.321992,False
aggregate,0.25,0.0,high_2.0,0.03,10,64.066316,35.933684,0.760111,0.067564,0.185541,0.088115,0.321992,False
aggregate,0.25,0.0,high_2.0,0.03,20,38.403152,61.596848,0.452686,0.080685,0.317551,0.150808,0.321992,False
aggregate,0.25,0.0,high_2.0,0.04,2,76.080933,23.919067,0.93336,0.071922,0.059554,0.018961,0.241494,True
aggregate,0.25,0.0,high_2.0,0.04,5,70.88437,29.11563,0.855002,0.074962,0.14353,0.045697,0.241494,False
aggregate,0.25,0.0,high_2.0,0.04,10,58.545869,41.454131,0.693206,0.083896,0.26834,0.085434,0.241494,False
aggregate,0.25,0.0,high_2.0,0.04,20,30.321713,69.678287,0.358542,0.095462,0.435809,0.138753,0.241494,False
aggregate,0.25,0.0,high_2.0,0.05,2,74.921269,25.078731,0.918394,0.082796,0.078779,0.018864,0.193195,False
aggregate,0.25,0.0,high_2.0,0.05,5,68.440622,31.559378,0.82361,0.087286,0.188113,0.045045,0.193195,False
aggregate,0.25,0.0,high_2.0,0.05,10,52.09286,47.90714,0.617595,0.10503,0.344594,0.082515,0.193195,False
aggregate,0.25,0.0,high_2.0,0.05,20,23.984534,76.015466,0.284353,0.110233,0.532891,0.127605,0.193195,False
aggregate,0.25,0.5,none_1.0,0.005,2,80.23521,19.76479,0.986978,0.037668,0.0,0.009989,1.0,True
aggregate,0.25,0.5,none_1.0,0.005,5,79.24115,20.75885,0.96466,0.038429,0.0,0.024845,1.0,True
aggregate,0.25,0.5,none_1.0,0.005,10,77.332736,22.667264,0.925914,0.040157,0.0,0.049168,1.0,True
aggregate,0.25,0.5,none_1.0,0.005,20,72.376043,27.623957,0.840842,0.044874,0.0,0.095796,1.0,False
aggregate,0.25,0.5,none_1.0,0.01,2,79.672085,20.327915,0.979621,0.043825,0.000678,0.019251,0.965975,True
aggregate,0.25,0.5,none_1.0,0.01,5,78.377686,21.622314,0.952372,0.045611,0.001681,0.047712,0.965975,True
aggregate,0.25,0.5,none_1.0,0.01,10,75.871445,24.128555,0.905026,0.048618,0.003313,0.094052,0.965975,True
aggregate,0.25,0.5,none_1.0,0.01,20,68.889381,31.110619,0.796338,0.057445,0.006391,0.181434,0.965975,False
aggregate,0.25,0.5,none_1.0,0.015,2,79.104391,20.895609,0.972222,0.050012,0.010616,0.019202,0.643983,True
aggregate,0.25,0.5,none_1.0,0.015,5,77.475422,22.524578,0.939669,0.053013,0.026215,0.04742,0.643983,True
aggregate,0.25,0.5,none_1.0,0.015,10,74.265512,25.734488,0.882479,0.057711,0.051449,0.093064,0.643983,False
aggregate,0.25,0.5,none_1.0,0.015,20,64.604289,35.395711,0.743112,0.073132,0.098023,0.177309,0.643983,False
aggregate,0.25,0.5,none_1.0,0.02,2,78.532185,21.467815,0.964782,0.056227,0.020503,0.019154,0.482988,True
aggregate,0.25,0.5,none_1.0,0.02,5,76.533367,23.466633,0.926606,0.060644,0.050441,0.047122,0.482988,True
aggregate,0.25,0.5,none_1.0,0.02,10,72.501156,27.498844,0.858507,0.067522,0.098506,0.092023,0.482988,False
aggregate,0.25,0.5,none_1.0,0.02,20,59.230078,40.769922,0.679748,0.094166,0.18476,0.172601,0.482988,False
aggregate,0.25,0.5,none_1.0,0.025,2,77.955516,22.044484,0.957301,0.062472,0.030341,0.019106,0.38639,True
aggregate,0.25,0.5,none_1.0,0.025,5,75.550473,24.449527,0.913171,0.068517,0.074351,0.046819,0.38639,True
aggregate,0.25,0.5,none_1.0,0.025,10,70.562394,29.437606,0.832949,0.078166,0.144396,0.090926,0.38639,False
aggregate,0.25,0.5,none_1.0,0.025,20,52.248793,47.751207,0.601064,0.125837,0.265453,0.167156,0.38639,False
aggregate,0.25,0.5,none_1.0,0.03,2,77.37443,22.62557,0.94978,0.068745,0.040129,0.019057,0.321992,True
aggregate,0.25,0.5,none_1.0,0.03,5,74.525615,25.474385,0.899352,0.076641,0.097935,0.04651,0.321992,False
aggregate,0.25,0.5,none_1.0,0.03,10,68.43017,31.56983,0.805617,0.089795,0.189026,0.08977,0.321992,False
aggregate,0.25,0.5,none_1.0,0.03,20,45.507897,54.492103,0.525613,0.150955,0.338792,0.160895,0.321992,False
aggregate,0.25,0.5,none_1.0,0.04,2,76.199159,23.800841,0.93462,0.081381,0.059554,0.018961,0.241494,True
aggregate,0.25,0.5,none_1.0,0.04,5,72.34506,27.65494,0.870511,0.093708,0.144094,0.045877,0.241494,False
aggregate,0.25,0.5,none_1.0,0.04,10,63.484933,36.515067,0.744608,0.11696,0.274084,0.087263,0.241494,False
aggregate,0.25,0.5,none_1.0,0.04,20,34.668743,65.331257,0.403421,0.186914,0.463167,0.147463,0.241494,False
aggregate,0.25,0.5,none_1.0,0.05,2,75.00664,24.99336,0.919304,0.094135,0.078779,0.018864,0.193195,False
aggregate,0.25,0.5,none_1.0,0.05,5,69.980579,30.019421,0.839965,0.111985,0.188851,0.045222,0.193195,False
aggregate,0.25,0.5,none_1.0,0.05,10,57.376697,42.623303,0.67253,0.152255,0.352717,0.08446,0.193195,False
aggregate,0.25,0.5,none_1.0,0.05,20,26.688339,73.311661,0.312417,0.218029,0.561947,0.134562,0.193195,False
aggregate,0.25,0.5,elevated_1.5,0.005,2,80.130037,19.869963,0.985858,0.035586,0.0,0.009989,1.0,True
aggregate,0.25,0.5,elevated_1.5,0.005,5,78.73682,21.26318,0.959306,0.036222,0.0,0.024802,1.0,True
aggregate,0.25,0.5,elevated_1.5,0.005,10,75.9872,24.0128,0.911811,0.03773,0.0,0.04887,1.0,True
aggregate,0.25,0.5,elevated_1.5,0.005,20,68.476527,31.523473,0.800946,0.042018,0.0,0.094021,1.0,False
aggregate,0.25,0.5,elevated_1.5,0.01,2,79.568647,20.431353,0.978519,0.041452,0.000678,0.019251,0.965975,True
aggregate,0.25,0.5,elevated_1.5,0.01,5,77.806124,22.193876,0.946302,0.042827,0.001677,0.047623,0.965975,True
aggregate,0.25,0.5,elevated_1.5,0.01,10,74.243596,25.756404,0.887951,0.045379,0.003289,0.093384,0.965975,False
aggregate,0.25,0.5,elevated_1.5,0.01,20,63.843302,36.156698,0.744556,0.053187,0.006241,0.177179,0.965975,False
aggregate,0.25,0.5,elevated_1.5,0.015,2,79.002679,20.997321,0.971138,0.047334,0.010616,0.019202,0.643983,True
aggregate,0.25,0.5,elevated_1.5,0.015,5,76.834653,23.165347,0.932868,0.049582,0.026163,0.047324,0.643983,True
aggregate,0.25,0.5,elevated_1.5,0.015,10,72.334692,27.665308,0.862271,0.053471,0.051026,0.092299,0.643983,False
aggregate,0.25,0.5,elevated_1.5,0.015,20,58.265317,41.734683,0.678328,0.067037,0.095169,0.172148,0.643983,False
aggregate,0.25,0.5,elevated_1.5,0.02,2,78.43219,21.56781,0.963716,0.053231,0.020503,0.019154,0.482988,True
aggregate,0.25,0.5,elevated_1.5,0.02,5,75.821916,24.178084,0.919057,0.056489,0.050333,0.047021,0.482988,True
aggregate,0.25,0.5,elevated_1.5,0.02,10,70.250271,29.749729,0.834996,0.062056,0.097579,0.091158,0.482988,False
aggregate,0.25,0.5,elevated_1.5,0.02,20,51.64018,48.35982,0.602349,0.084594,0.178196,0.166469,0.482987,False
aggregate,0.25,0.5,elevated_1.5,0.025,2,77.857229,22.142771,0.956254,0.059145,0.030341,0.019106,0.38639,True
aggregate,0.25,0.5,elevated_1.5,0.025,5,74.767411,25.232589,0.904865,0.063553,0.074181,0.046712,0.38639,False
aggregate,0.25,0.5,elevated_1.5,0.025,10,67.97932,32.02068,0.806016,0.071199,0.142857,0.089957,0.38639,False
aggregate,0.25,0.5,elevated_1.5,0.025,20,45.465983,54.534017,0.531807,0.096923,0.254405,0.160199,0.38639,False
aggregate,0.25,0.5,elevated_1.5,0.03,2,77.277843,22.722157,0.948751,0.065074,0.040129,0.019057,0.321992,True
aggregate,0.25,0.5,elevated_1.5,0.03,5,73.670609,26.329391,0.890286,0.070782,0.097697,0.046397,0.321992,False
aggregate,0.25,0.5,elevated_1.5,0.03,10,65.509463,34.490537,0.77521,0.080999,0.186765,0.088696,0.321992,False
aggregate,0.25,0.5,elevated_1.5,0.03,20,40.122977,59.877023,0.470474,0.107293,0.32369,0.153723,0.321992,False
aggregate,0.25,0.5,elevated_1.5,0.04,2,76.105952,23.894048,0.933627,0.076984,0.059554,0.018961,0.241494,True
aggregate,0.25,0.5,elevated_1.5,0.04,5,71.347816,28.652184,0.859941,0.085765,0.143703,0.045752,0.241494,False
aggregate,0.25,0.5,elevated_1.5,0.04,10,59.910724,40.089276,0.707484,0.103216,0.27006,0.085982,0.241494,False
aggregate,0.25,0.5,elevated_1.5,0.04,20,31.336106,68.663894,0.369089,0.127213,0.442793,0.140977,0.241494,False
aggregate,0.25,0.5,elevated_1.5,0.05,2,74.916788,25.083212,0.918347,0.088964,0.078779,0.018864,0.193195,False
aggregate,0.25,0.5,elevated_1.5,0.05,5,68.848331,31.151669,0.827969,0.101519,0.188284,0.045086,0.193195,False
aggregate,0.25,0.5,elevated_1.5,0.05,10,53.276563,46.723437,0.629989,0.131057,0.346583,0.082992,0.193195,False
aggregate,0.25,0.5,elevated_1.5,0.05,20,24.529532,75.470468,0.290059,0.146949,0.539159,0.129105,0.193195,False
aggregate,0.25,0.5,high_2.0,0.005,2,80.024864,19.975136,0.984737,0.03367,0.0,0.009989,1.0,True
aggregate,0.25,0.5,high_2.0,0.005,5,78.271087,21.728913,0.954362,0.034122,0.0,0.024761,1.0,True
aggregate,0.25,0.5,high_2.0,0.005,10,74.756212,25.243788,0.8989,0.035128,0.0,0.048595,1.0,False
aggregate,0.25,0.5,high_2.0,0.005,20,64.99964,35.00036,0.765236,0.037911,0.0,0.092407,1.0,False
aggregate,0.25,0.5,high_2.0,0.01,2,79.465209,20.534791,0.977417,0.039247,0.000678,0.019251,0.965975,True
aggregate,0.25,0.5,high_2.0,0.01,5,77.279697,22.720303,0.940713,0.040186,0.001674,0.047538,0.965975,True
aggregate,0.25,0.5,high_2.0,0.01,10,72.771941,27.228059,0.872504,0.041884,0.003268,0.092773,0.965975,False
aggregate,0.25,0.5,high_2.0,0.01,20,59.580327,40.419673,0.70062,0.04688,0.006108,0.173411,0.965975,False
aggregate,0.25,0.5,high_2.0,0.015,2,78.900967,21.099033,0.970054,0.044825,0.010616,0.019202,0.643983,True
aggregate,0.25,0.5,high_2.0,0.015,5,76.246323,23.753677,0.926624,0.046334,0.026113,0.047234,0.643983,True
aggregate,0.25,0.5,high_2.0,0.015,10,70.614378,29.385622,0.844252,0.048883,0.050642,0.091604,0.643983,False
aggregate,0.25,0.5,high_2.0,0.015,20,53.307933,46.692067,0.627356,0.057616,0.092733,0.16774,0.643983,False
aggregate,0.25,0.5,high_2.0,0.02,2,78.332194,21.667806,0.962651,0.050405,0.020503,0.019154,0.482988,True
aggregate,0.25,0.5,high_2.0,0.02,5,75.170983,24.829017,0.912151,0.052567,0.05023,0.046925,0.482987,False
aggregate,0.25,0.5,high_2.0,0.02,10,68.279399,31.720601,0.81439,0.056137,0.096745,0.090378,0.482988,False
aggregate,0.25,0.5,high_2.0,0.02,20,47.267664,52.732336,0.557359,0.065844,0.17294,0.161559,0.482987,False
aggregate,0.25,0.5,high_2.0,0.025,2,77.758942,22.241058,0.955206,0.055988,0.030341,0.019106,0.38639,True
aggregate,0.25,0.5,high_2.0,0.025,5,74.05372,25.94628,0.897296,0.058886,0.074019,0.04661,0.38639,False
aggregate,0.25,0.5,high_2.0,0.025,10,65.763526,34.236474,0.782886,0.063674,0.141486,0.089094,0.38639,False
aggregate,0.25,0.5,high_2.0,0.025,20,41.945533,58.054467,0.495515,0.073296,0.246428,0.155176,0.38639,False
aggregate,0.25,0.5,high_2.0,0.03,2,77.181256,22.818744,0.947722,0.061573,0.040129,0.019057,0.321992,True
aggregate,0.25,0.5,high_2.0,0.03,5,72.894591,27.105409,0.882058,0.065291,0.097472,0.04629,0.321992,False
aggregate,0.25,0.5,high_2.0,0.03,10,63.063533,36.936467,0.749711,0.071541,0.184773,0.08775,0.321992,False
aggregate,0.25,0.5,high_2.0,0.03,20,37.224943,62.775057,0.440544,0.08069,0.313324,0.1488,0.321992,False
aggregate,0.25,0.5,high_2.0,0.04,2,76.012745,23.987255,0.932634,0.072753,0.059554,0.018961,0.241494,True
aggregate,0.25,0.5,high_2.0,0.04,5,70.450964,29.549036,0.850438,0.078374,0.143333,0.045635,0.241494,False
aggregate,0.25,0.5,high_2.0,0.04,10,57.095417,42.904583,0.678186,0.088644,0.266613,0.084885,0.241494,False
aggregate,0.25,0.5,high_2.0,0.04,20,29.417742,70.582258,0.349196,0.095462,0.4292,0.136649,0.241494,False
aggregate,0.25,0.5,high_2.0,0.05,2,74.826935,25.173065,0.917389,0.083951,0.078779,0.018864,0.193195,False
aggregate,0.25,0.5,high_2.0,0.05,5,67.840423,32.159577,0.817294,0.091855,0.187751,0.044958,0.193195,False
aggregate,0.25,0.5,high_2.0,0.05,10,50.460421,49.539579,0.600674,0.108089,0.341509,0.081777,0.193195,False
aggregate,0.25,0.5,high_2.0,0.05,20,23.232918,76.767082,0.276562,0.110233,0.523906,0.125453,0.193195,False
aggregate,0.25,1.0,none_1.0,0.005,2,80.229937,19.770063,0.986922,0.037731,0.0,0.009989,1.0,True
aggregate,0.25,1.0,none_1.0,0.005,5,79.210993,20.789007,0.964341,0.038739,0.0,0.024843,1.0,True
aggregate,0.25,1.0,none_1.0,0.005,10,77.237163,22.762837,0.92492,0.040921,0.0,0.049149,1.0,True
aggregate,0.25,1.0,none_1.0,0.005,20,72.018821,27.981179,0.837222,0.046687,0.0,0.095655,1.0,False
aggregate,0.25,1.0,none_1.0,0.01,2,79.660362,20.339638,0.979496,0.043966,0.000678,0.019251,0.965975,True
aggregate,0.25,1.0,none_1.0,0.01,5,78.306658,21.693342,0.951621,0.046337,0.00168,0.047702,0.965975,True
aggregate,0.25,1.0,none_1.0,0.01,10,75.635656,24.364344,0.90257,0.050463,0.00331,0.093964,0.965975,True
aggregate,0.25,1.0,none_1.0,0.01,20,67.933615,32.066385,0.786603,0.062062,0.006366,0.18074,0.965975,False
aggregate,0.25,1.0,none_1.0,0.015,2,79.085097,20.914903,0.972016,0.050243,0.010616,0.019202,0.643983,True
aggregate,0.25,1.0,none_1.0,0.015,5,77.352779,22.647221,0.938374,0.05426,0.026205,0.047402,0.643983,True
aggregate,0.25,1.0,none_1.0,0.015,10,73.840577,26.159423,0.878065,0.060968,0.051363,0.092909,0.643983,False
aggregate,0.25,1.0,none_1.0,0.015,20,62.765956,37.234044,0.724458,0.08159,0.09731,0.17602,0.643983,False
aggregate,0.25,1.0,none_1.0,0.02,2,78.504255,21.495745,0.964484,0.056563,0.020503,0.019154,0.482988,True
aggregate,0.25,1.0,none_1.0,0.02,5,76.348474,23.651526,0.924654,0.062515,0.050413,0.047095,0.482987,True
aggregate,0.25,1.0,none_1.0,0.02,10,71.835349,28.164651,0.851606,0.072523,0.098252,0.091786,0.482988,False
aggregate,0.25,1.0,none_1.0,0.02,20,56.235598,43.764402,0.649413,0.107321,0.182549,0.170535,0.482987,False
aggregate,0.25,1.0,none_1.0,0.025,2,77.917943,22.082057,0.956901,0.062923,0.030341,0.019106,0.38639,True
aggregate,0.25,1.0,none_1.0,0.025,5,75.292944,24.707056,0.910454,0.071108,0.074293,0.046782,0.38639,True
aggregate,0.25,1.0,none_1.0,0.025,10,69.603413,30.396587,0.823029,0.085225,0.143864,0.090591,0.38639,False
aggregate,0.25,1.0,none_1.0,0.025,20,48.80512,51.19488,0.566122,0.135985,0.260734,0.164184,0.38639,False
aggregate,0.25,1.0,none_1.0,0.03,2,77.32626,22.67374,0.949267,0.069325,0.040129,0.019057,0.321992,True
aggregate,0.25,1.0,none_1.0,0.03,5,74.185474,25.814526,0.895765,0.080046,0.097835,0.046463,0.321992,False
aggregate,0.25,1.0,none_1.0,0.03,10,67.128238,32.871762,0.792167,0.09919,0.188083,0.089322,0.321992,False
aggregate,0.25,1.0,none_1.0,0.03,20,42.463713,57.536287,0.494628,0.155835,0.331164,0.157272,0.321992,False
aggregate,0.25,1.0,none_1.0,0.04,2,76.127166,23.872834,0.933853,0.082248,0.059554,0.018961,0.241494,True
aggregate,0.25,1.0,none_1.0,0.04,5,71.812212,28.187788,0.864896,0.09899,0.143866,0.045804,0.241494,False
aggregate,0.25,1.0,none_1.0,0.04,10,61.380293,38.619707,0.722899,0.131547,0.271842,0.086549,0.241494,False
aggregate,0.25,1.0,none_1.0,0.04,20,32.450272,67.549728,0.380693,0.188504,0.450335,0.143378,0.241494,False
aggregate,0.25,1.0,none_1.0,0.05,2,74.907699,25.092301,0.91825,0.09533,0.078779,0.018864,0.193195,False
aggregate,0.25,1.0,none_1.0,0.05,5,69.224274,30.775726,0.832,0.119419,0.188427,0.04512,0.193195,False
aggregate,0.25,1.0,none_1.0,0.05,10,54.436978,45.563022,0.642194,0.171672,0.348474,0.083444,0.193195,False
aggregate,0.25,1.0,none_1.0,0.05,20,25.063806,74.936194,0.295678,0.218862,0.545244,0.130562,0.193195,False
aggregate,0.25,1.0,elevated_1.5,0.005,2,80.125027,19.874973,0.985804,0.035647,0.0,0.009989,1.0,True
aggregate,0.25,1.0,elevated_1.5,0.005,5,78.7081,21.2919,0.959002,0.036496,0.0,0.0248,1.0,True
aggregate,0.25,1.0,elevated_1.5,0.005,10,75.890779,24.109221,0.910806,0.038366,0.0,0.048851,1.0,True
aggregate,0.25,1.0,elevated_1.5,0.005,20,68.09546,31.90454,0.797058,0.043305,0.0,0.093875,1.0,False
aggregate,0.25,1.0,elevated_1.5,0.01,2,79.557444,20.442556,0.978399,0.041587,0.000678,0.019251,0.965975,True
aggregate,0.25,1.0,elevated_1.5,0.01,5,77.738783,22.261217,0.94559,0.043464,0.001677,0.047613,0.965975,True
aggregate,0.25,1.0,elevated_1.5,0.01,10,74.009108,25.990892,0.885503,0.046869,0.003286,0.093299,0.965975,False
aggregate,0.25,1.0,elevated_1.5,0.01,20,62.892867,37.107133,0.734811,0.056024,0.006216,0.176482,0.965975,False
aggregate,0.25,1.0,elevated_1.5,0.015,2,78.984154,21.015846,0.970941,0.047557,0.010616,0.019202,0.643983,True
aggregate,0.25,1.0,elevated_1.5,0.015,5,76.718926,23.281074,0.931645,0.050664,0.026153,0.047308,0.643983,True
aggregate,0.25,1.0,elevated_1.5,0.015,10,71.919433,28.080567,0.857948,0.056012,0.050944,0.092151,0.643983,False
aggregate,0.25,1.0,elevated_1.5,0.015,20,56.62344,43.37656,0.66153,0.071122,0.094488,0.170915,0.643983,False
aggregate,0.25,1.0,elevated_1.5,0.02,2,78.40527,21.59473,0.963429,0.053556,0.020503,0.019154,0.482988,True
aggregate,0.25,1.0,elevated_1.5,0.02,5,75.648315,24.351685,0.917224,0.058096,0.050306,0.046996,0.482988,True
aggregate,0.25,1.0,elevated_1.5,0.02,10,69.613117,30.386883,0.828375,0.0658,0.097338,0.090932,0.482987,False
aggregate,0.25,1.0,elevated_1.5,0.02,20,49.711877,50.288123,0.582608,0.086504,0.176237,0.164639,0.482988,False
aggregate,0.25,1.0,elevated_1.5,0.025,2,77.820899,22.179101,0.955866,0.059584,0.030341,0.019106,0.38639,True
aggregate,0.25,1.0,elevated_1.5,0.025,5,74.526868,25.473132,0.902327,0.065758,0.074126,0.046677,0.38639,False
aggregate,0.25,1.0,elevated_1.5,0.025,10,67.084105,32.915895,0.796729,0.076238,0.142358,0.089643,0.38639,False
aggregate,0.25,1.0,elevated_1.5,0.025,20,43.698931,56.301069,0.51368,0.097379,0.250801,0.157929,0.38639,False
aggregate,0.25,1.0,elevated_1.5,0.03,2,77.231144,22.768856,0.948253,0.065639,0.040129,0.019057,0.321992,True
aggregate,0.25,1.0,elevated_1.5,0.03,5,73.354629,26.645371,0.886953,0.07365,0.097603,0.046353,0.321992,False
aggregate,0.25,1.0,elevated_1.5,0.03,10,64.329157,35.670843,0.76298,0.087332,0.185892,0.088281,0.321992,False
aggregate,0.25,1.0,elevated_1.5,0.03,20,38.515209,61.484791,0.453949,0.107457,0.318326,0.151176,0.321992,False
aggregate,0.25,1.0,elevated_1.5,0.04,2,76.035861,23.964139,0.93288,0.077834,0.059554,0.018961,0.241494,True
aggregate,0.25,1.0,elevated_1.5,0.04,5,70.85853,29.14147,0.854785,0.09012,0.143489,0.045684,0.241494,False
aggregate,0.25,1.0,elevated_1.5,0.04,10,58.142072,41.857928,0.689178,0.111586,0.268052,0.085343,0.241494,False
aggregate,0.25,1.0,elevated_1.5,0.04,20,30.045351,69.954649,0.355769,0.12725,0.434043,0.138191,0.241494,False
aggregate,0.25,1.0,elevated_1.5,0.05,2,74.82015,25.17985,0.917317,0.090139,0.078779,0.018864,0.193195,False
aggregate,0.25,1.0,elevated_1.5,0.05,5,68.16256,31.83744,0.820748,0.107505,0.187888,0.044991,0.193195,False
aggregate,0.25,1.0,elevated_1.5,0.05,10,51.09194,48.90806,0.607355,0.139049,0.34294,0.082119,0.193195,False
aggregate,0.25,1.0,elevated_1.5,0.05,20,23.523677,76.476323,0.279638,0.146963,0.52762,0.126342,0.193195,False
aggregate,0.25,1.0,high_2.0,0.005,2,80.020118,19.979882,0.984686,0.033727,0.0,0.009989,1.0,True
aggregate,0.25,1.0,high_2.0,0.005,5,78.243718,21.756282,0.954073,0.034364,0.0,0.024759,1.0,True
aggregate,0.25,1.0,high_2.0,0.005,10,74.660868,25.339132,0.897905,0.035647,0.0,0.048577,1.0,False
aggregate,0.25,1.0,high_2.0,0.005,20,64.631576,35.368424,0.76146,0.038713,0.0,0.092263,1.0,False
aggregate,0.25,1.0,high_2.0,0.01,2,79.454526,20.545474,0.977303,0.039376,0.000678,0.019251,0.965975,True
aggregate,0.25,1.0,high_2.0,0.01,5,77.215793,22.784207,0.940037,0.040742,0.001674,0.047529,0.965975,True
aggregate,0.25,1.0,high_2.0,0.01,10,72.54374,27.45626,0.870118,0.043059,0.003265,0.092691,0.965975,False
aggregate,0.25,1.0,high_2.0,0.01,20,58.742365,41.257635,0.691983,0.048246,0.006085,0.172753,0.965975,False
aggregate,0.25,1.0,high_2.0,0.015,2,78.88321,21.11679,0.969865,0.04504,0.010616,0.019202,0.643983,True
aggregate,0.25,1.0,high_2.0,0.015,5,76.136992,23.863008,0.925468,0.047272,0.026104,0.047218,0.643983,True
aggregate,0.25,1.0,high_2.0,0.015,10,70.217814,29.782186,0.840115,0.050803,0.050564,0.091463,0.643983,False
aggregate,0.25,1.0,high_2.0,0.015,20,52.134757,47.865243,0.61527,0.058181,0.092125,0.166641,0.643983,False
aggregate,0.25,1.0,high_2.0,0.02,2,78.306285,21.693715,0.962375,0.05072,0.020503,0.019154,0.482988,True
aggregate,0.25,1.0,high_2.0,0.02,5,75.007748,24.992252,0.910427,0.053945,0.050205,0.046901,0.482988,False
aggregate,0.25,1.0,high_2.0,0.02,10,67.684213,32.315787,0.808192,0.05883,0.096518,0.090166,0.482987,False
aggregate,0.25,1.0,high_2.0,0.02,20,46.060473,53.939527,0.544911,0.0659,0.171347,0.160071,0.482987,False
aggregate,0.25,1.0,high_2.0,0.025,2,77.723856,22.276144,0.954832,0.056414,0.030341,0.019106,0.38639,True
aggregate,0.25,1.0,high_2.0,0.025,5,73.828657,26.171343,0.89492,0.060756,0.073968,0.046578,0.38639,False
aggregate,0.25,1.0,high_2.0,0.025,10,64.948429,35.051571,0.774411,0.067084,0.141021,0.088801,0.38639,False
aggregate,0.25,1.0,high_2.0,0.025,20,40.797018,59.202982,0.483658,0.073304,0.243636,0.153417,0.38639,False
aggregate,0.25,1.0,high_2.0,0.03,2,77.136028,22.863972,0.94724,0.062123,0.040129,0.019057,0.321992,True
aggregate,0.25,1.0,high_2.0,0.03,5,72.600471,27.399529,0.878955,0.067696,0.097383,0.046248,0.321992,False
aggregate,0.25,1.0,high_2.0,0.03,10,62.020325,37.979675,0.738874,0.07551,0.183971,0.087369,0.321992,False
aggregate,0.25,1.0,high_2.0,0.03,20,36.212271,63.787729,0.430072,0.080691,0.309355,0.146915,0.321992,False
aggregate,0.25,1.0,high_2.0,0.04,2,75.944556,24.055444,0.931907,0.073585,0.059554,0.018961,0.241494,True
aggregate,0.25,1.0,high_2.0,0.04,5,70.000539,29.999461,0.845691,0.081938,0.143133,0.045571,0.241494,False
aggregate,0.25,1.0,high_2.0,0.04,10,55.646319,44.353681,0.663144,0.092699,0.264826,0.084316,0.241494,False
aggregate,0.25,1.0,high_2.0,0.04,20,28.549575,71.450425,0.340194,0.095462,0.422703,0.134581,0.241494,False
aggregate,0.25,1.0,high_2.0,0.05,2,74.732602,25.267398,0.916384,0.085106,0.078779,0.018864,0.193195,False
aggregate,0.25,1.0,high_2.0,0.05,5,67.216675,32.783325,0.810725,0.096619,0.187381,0.04487,0.193195,False
aggregate,0.25,1.0,high_2.0,0.05,10,49.034357,50.965643,0.585839,0.109471,0.338389,0.08103,0.193195,False
aggregate,0.25,1.0,high_2.0,0.05,20,22.576321,77.423679,0.269731,0.110233,0.515631,0.123471,0.193195,False
aggregate,0.5,0.0,none_1.0,0.005,2,80.240483,19.759517,0.987035,0.037605,0.0,0.009989,1.0,True
aggregate,0.5,0.0,none_1.0,0.005,5,79.271032,20.728968,0.964975,0.038122,0.0,0.024848,1.0,True
aggregate,0.5,0.0,none_1.0,0.005,10,77.425911,22.574089,0.926883,0.039414,0.0,0.049187,1.0,True
aggregate,0.5,0.0,none_1.0,0.005,20,72.715104,27.284896,0.844276,0.04316,0.0,0.095931,1.0,False
aggregate,0.5,0.0,none_1.0,0.01,2,79.683808,20.316192,0.979746,0.043685,0.0,0.019929,1.0,True
aggregate,0.5,0.0,none_1.0,0.01,5,78.44749,21.55251,0.953114,0.044897,0.0,0.049404,1.0,True
aggregate,0.5,0.0,none_1.0,0.01,10,76.096187,23.903813,0.907394,0.046867,0.0,0.097453,1.0,True
aggregate,0.5,0.0,none_1.0,0.01,20,69.760971,30.239029,0.805311,0.053239,0.0,0.188494,1.0,False
aggregate,0.5,0.0,none_1.0,0.015,2,79.123686,20.876314,0.972427,0.04978,0.0,0.029818,1.0,True
aggregate,0.5,0.0,none_1.0,0.015,5,77.595075,22.404925,0.941011,0.051798,0.0,0.073663,1.0,True
aggregate,0.5,0.0,none_1.0,0.015,10,74.662846,25.337154,0.887068,0.054684,0.0,0.144743,1.0,False
aggregate,0.5,0.0,none_1.0,0.015,20,66.248364,33.751636,0.76139,0.06546,0.0,0.277158,1.0,False
aggregate,0.5,0.0,none_1.0,0.02,2,78.560115,21.439885,0.965079,0.055891,0.001349,0.038308,0.965975,True
aggregate,0.5,0.0,none_1.0,0.02,5,76.712612,23.287388,0.92864,0.058836,0.003321,0.094296,0.965975,True
aggregate,0.5,0.0,none_1.0,0.02,10,73.114371,26.885629,0.865712,0.062948,0.006499,0.184496,0.965975,False
aggregate,0.5,0.0,none_1.0,0.02,20,61.949277,38.050723,0.709876,0.081569,0.012291,0.348938,0.965975,False
aggregate,0.5,0.0,none_1.0,0.025,2,77.99309,22.00691,0.957701,0.06202,0.011235,0.038211,0.77278,True
aggregate,0.5,0.0,none_1.0,0.025,5,75.798793,24.201207,0.915934,0.066025,0.027553,0.093709,0.77278,True
aggregate,0.5,0.0,none_1.0,0.025,10,71.436545,28.563455,0.842843,0.071772,0.053655,0.182483,0.77278,False
aggregate,0.5,0.0,none_1.0,0.025,20,56.394395,43.605605,0.645087,0.105985,0.099914,0.339808,0.77278,False
aggregate,0.5,0.0,none_1.0,0.03,2,77.4226,22.5774,0.950293,0.068165,0.021071,0.038115,0.643983,True
aggregate,0.5,0.0,none_1.0,0.03,5,74.852156,25.147844,0.90294,0.073384,0.051476,0.093113,0.643983,False
aggregate,0.5,0.0,none_1.0,0.03,10,69.611445,30.388555,0.818653,0.081307,0.099719,0.180378,0.643983,False
aggregate,0.5,0.0,none_1.0,0.03,20,49.295084,50.704916,0.565462,0.141355,0.181942,0.329107,0.643983,False
aggregate,0.5,0.0,none_1.0,0.04,2,76.271152,23.728848,0.935387,0.080513,0.040593,0.037922,0.482988,True
aggregate,0.5,0.0,none_1.0,0.04,5,72.853693,27.146307,0.876012,0.088685,0.09837,0.091896,0.482987,False
aggregate,0.5,0.0,none_1.0,0.04,10,65.419183,34.580817,0.7653,0.103443,0.188247,0.175858,0.482987,False
aggregate,0.5,0.0,none_1.0,0.04,20,37.576345,62.423655,0.433761,0.183792,0.325495,0.304074,0.482988,False
aggregate,0.5,0.0,none_1.0,0.05,2,75.105582,24.894418,0.920358,0.09294,0.059915,0.037728,0.38639,False
aggregate,0.5,0.0,none_1.0,0.05,5,70.701568,29.298432,0.847693,0.104929,0.143945,0.090642,0.38639,False
aggregate,0.5,0.0,none_1.0,0.05,10,60.235786,39.764214,0.702585,0.132504,0.271308,0.170843,0.38639,False
aggregate,0.5,0.0,none_1.0,0.05,20,28.763882,71.236118,0.33404,0.216642,0.441961,0.278302,0.38639,False
aggregate,0.5,0.0,elevated_1.5,0.005,2,80.135047,19.864953,0.985911,0.035526,0.0,0.009989,1.0,True
aggregate,0.5,0.0,elevated_1.5,0.005,5,78.765294,21.234706,0.959607,0.03595,0.0,0.024804,1.0,True
aggregate,0.5,0.0,elevated_1.5,0.005,10,76.081566,23.918434,0.912794,0.037109,0.0,0.048888,1.0,True
aggregate,0.5,0.0,elevated_1.5,0.005,20,68.844212,31.155788,0.804695,0.040769,0.0,0.094162,1.0,False
aggregate,0.5,0.0,elevated_1.5,0.01,2,79.579851,20.420149,0.978638,0.041317,0.0,0.019929,1.0,True
aggregate,0.5,0.0,elevated_1.5,0.01,5,77.872382,22.127618,0.947008,0.042202,0.0,0.049311,1.0,True
aggregate,0.5,0.0,elevated_1.5,0.01,10,74.468978,25.531022,0.890327,0.043952,0.0,0.09676,1.0,False
aggregate,0.5,0.0,elevated_1.5,0.01,20,64.746799,35.253201,0.753886,0.050402,0.0,0.184107,1.0,False
aggregate,0.5,0.0,elevated_1.5,0.015,2,79.021205,20.978795,0.971335,0.047111,0.0,0.029818,1.0,True
aggregate,0.5,0.0,elevated_1.5,0.015,5,76.947755,23.052245,0.934135,0.048526,0.0,0.073513,1.0,True
aggregate,0.5,0.0,elevated_1.5,0.015,10,72.728263,27.271737,0.866762,0.051073,0.0,0.143548,1.0,False
aggregate,0.5,0.0,elevated_1.5,0.015,20,59.856112,40.143888,0.695637,0.062601,0.0,0.269131,1.0,False
aggregate,0.5,0.0,elevated_1.5,0.02,2,78.45911,21.54089,0.964003,0.052906,0.001349,0.038308,0.965975,True
aggregate,0.5,0.0,elevated_1.5,0.02,5,75.990598,24.009402,0.920971,0.054932,0.003314,0.094091,0.965975,True
aggregate,0.5,0.0,elevated_1.5,0.02,10,70.848532,29.151468,0.841924,0.058547,0.006437,0.182746,0.965975,False
aggregate,0.5,0.0,elevated_1.5,0.02,20,53.82368,46.17632,0.626116,0.080311,0.011852,0.336481,0.965975,False
aggregate,0.5,0.0,elevated_1.5,0.025,2,77.893559,22.106441,0.956641,0.058706,0.011235,0.038211,0.77278,True
aggregate,0.5,0.0,elevated_1.5,0.025,5,75.000001,24.999999,0.907453,0.061429,0.027489,0.09349,0.77278,False
aggregate,0.5,0.0,elevated_1.5,0.025,10,68.816614,31.183386,0.8154,0.066471,0.053076,0.180512,0.77278,False
aggregate,0.5,0.0,elevated_1.5,0.025,20,47.488588,52.511412,0.553533,0.095987,0.095562,0.325007,0.77278,False
aggregate,0.5,0.0,elevated_1.5,0.03,2,77.324543,22.675457,0.949249,0.064509,0.021071,0.038115,0.643983,True
aggregate,0.5,0.0,elevated_1.5,0.03,5,73.974949,26.025051,0.893629,0.068032,0.051348,0.092882,0.643983,False
aggregate,0.5,0.0,elevated_1.5,0.03,10,66.61614,33.38386,0.787345,0.074984,0.098503,0.178178,0.643983,False
aggregate,0.5,0.0,elevated_1.5,0.03,20,41.964871,58.035129,0.490089,0.106976,0.172898,0.312749,0.643983,False
aggregate,0.5,0.0,elevated_1.5,0.04,2,76.176043,23.823957,0.934374,0.076134,0.040593,0.037922,0.482988,True
aggregate,0.5,0.0,elevated_1.5,0.04,5,71.816792,28.183208,0.865015,0.08161,0.098093,0.091638,0.482988,False
aggregate,0.5,0.0,elevated_1.5,0.04,10,61.618946,38.381054,0.725721,0.094649,0.185381,0.173181,0.482987,False
aggregate,0.5,0.0,elevated_1.5,0.04,20,32.796846,67.203154,0.384499,0.127147,0.30814,0.287861,0.482987,False
aggregate,0.5,0.0,elevated_1.5,0.05,2,75.013426,24.986574,0.919376,0.087789,0.059915,0.037728,0.38639,False
aggregate,0.5,0.0,elevated_1.5,0.05,5,69.505222,30.494778,0.835012,0.095811,0.143493,0.090357,0.38639,False
aggregate,0.5,0.0,elevated_1.5,0.05,10,55.584983,44.415017,0.654275,0.120575,0.266281,0.167677,0.38639,False
aggregate,0.5,0.0,elevated_1.5,0.05,20,25.625111,74.374889,0.301577,0.146928,0.419258,0.264007,0.38639,False
aggregate,0.5,0.0,high_2.0,0.005,2,80.02961,19.97039,0.984788,0.033612,0.0,0.009989,1.0,True
aggregate,0.5,0.0,high_2.0,0.005,5,78.298238,21.701762,0.954649,0.033882,0.0,0.024763,1.0,True
aggregate,0.5,0.0,high_2.0,0.005,10,74.849823,25.150177,0.899877,0.034619,0.0,0.048613,1.0,False
aggregate,0.5,0.0,high_2.0,0.005,20,65.359754,34.640246,0.768927,0.037111,0.0,0.092548,1.0,False
aggregate,0.5,0.0,high_2.0,0.01,2,79.475893,20.524107,0.97753,0.039117,0.0,0.019929,1.0,True
aggregate,0.5,0.0,high_2.0,0.01,5,77.342643,22.657357,0.941383,0.039638,0.0,0.049222,1.0,True
aggregate,0.5,0.0,high_2.0,0.01,10,72.992784,27.007216,0.874833,0.040749,0.0,0.096123,1.0,False
aggregate,0.5,0.0,high_2.0,0.01,20,60.404197,39.595803,0.709158,0.045401,0.0,0.180179,1.0,False
aggregate,0.5,0.0,high_2.0,0.015,2,78.918724,21.081276,0.970243,0.04461,0.0,0.029818,1.0,True
aggregate,0.5,0.0,high_2.0,0.015,5,76.353348,23.646652,0.927823,0.045419,0.0,0.073371,1.0,True
aggregate,0.5,0.0,high_2.0,0.015,10,70.994337,29.005663,0.84855,0.047042,0.0,0.142459,1.0,False
aggregate,0.5,0.0,high_2.0,0.015,20,54.610027,45.389973,0.641413,0.056017,0.0,0.262138,1.0,False
aggregate,0.5,0.0,high_2.0,0.02,2,78.358104,21.641896,0.962927,0.050091,0.001349,0.038308,0.965975,True
aggregate,0.5,0.0,high_2.0,0.02,5,75.329931,24.670069,0.913954,0.051231,0.003307,0.093896,0.965975,True
aggregate,0.5,0.0,high_2.0,0.02,10,68.84684,31.15316,0.820893,0.053551,0.006381,0.181165,0.965975,False
aggregate,0.5,0.0,high_2.0,0.02,20,48.543525,51.456475,0.571354,0.065726,0.011486,0.32608,0.965975,False
aggregate,0.5,0.0,high_2.0,0.025,2,77.794028,22.205972,0.95558,0.055562,0.011235,0.038211,0.77278,True
aggregate,0.5,0.0,high_2.0,0.025,5,74.271912,25.728088,0.899723,0.057081,0.027428,0.093284,0.77278,False
aggregate,0.5,0.0,high_2.0,0.025,10,66.541234,33.458766,0.791544,0.060356,0.052557,0.178749,0.77278,False
aggregate,0.5,0.0,high_2.0,0.025,20,43.162656,56.837344,0.508682,0.073279,0.092295,0.313899,0.77278,False
aggregate,0.5,0.0,high_2.0,0.03,2,77.226485,22.773515,0.948204,0.061023,0.021071,0.038115,0.643983,True
aggregate,0.5,0.0,high_2.0,0.03,5,73.178744,26.821256,0.88518,0.062979,0.051227,0.092663,0.643983,False
aggregate,0.5,0.0,high_2.0,0.03,10,64.066316,35.933684,0.760662,0.067564,0.097426,0.17623,0.643983,False
aggregate,0.5,0.0,high_2.0,0.03,20,38.403152,61.596848,0.453155,0.080685,0.166744,0.301615,0.643983,False
aggregate,0.5,0.0,high_2.0,0.04,2,76.080933,23.919067,0.93336,0.071922,0.040593,0.037922,0.482988,True
aggregate,0.5,0.0,high_2.0,0.04,5,70.88437,29.11563,0.855127,0.074962,0.097833,0.091394,0.482988,False
aggregate,0.5,0.0,high_2.0,0.04,10,58.545869,41.454131,0.69366,0.083896,0.182906,0.170869,0.482987,False
aggregate,0.5,0.0,high_2.0,0.04,20,30.321713,69.678287,0.358796,0.095462,0.297056,0.277506,0.482987,False
aggregate,0.5,0.0,high_2.0,0.05,2,74.921269,25.078731,0.918394,0.082796,0.059915,0.037728,0.38639,False
aggregate,0.5,0.0,high_2.0,0.05,5,68.440622,31.559378,0.82373,0.087286,0.143068,0.09009,0.38639,False
aggregate,0.5,0.0,high_2.0,0.05,10,52.09286,47.90714,0.617906,0.10503,0.262079,0.165031,0.38639,False
aggregate,0.5,0.0,high_2.0,0.05,20,23.984534,76.015466,0.284496,0.110233,0.405287,0.255209,0.38639,False
aggregate,0.5,0.5,none_1.0,0.005,2,80.23521,19.76479,0.986978,0.037668,0.0,0.009989,1.0,True
aggregate,0.5,0.5,none_1.0,0.005,5,79.24115,20.75885,0.96466,0.038429,0.0,0.024845,1.0,True
aggregate,0.5,0.5,none_1.0,0.005,10,77.332736,22.667264,0.925914,0.040157,0.0,0.049168,1.0,True
aggregate,0.5,0.5,none_1.0,0.005,20,72.376043,27.623957,0.840842,0.044874,0.0,0.095796,1.0,False
aggregate,0.5,0.5,none_1.0,0.01,2,79.672085,20.327915,0.979621,0.043825,0.0,0.019929,1.0,True
aggregate,0.5,0.5,none_1.0,0.01,5,78.377686,21.622314,0.952376,0.045611,0.0,0.049393,1.0,True
aggregate,0.5,0.5,none_1.0,0.01,10,75.871445,24.128555,0.905053,0.048618,0.0,0.097365,1.0,True
aggregate,0.5,0.5,none_1.0,0.01,20,68.889381,31.110619,0.796441,0.057445,0.0,0.187824,1.0,False
aggregate,0.5,0.5,none_1.0,0.015,2,79.104391,20.895609,0.972222,0.050012,0.0,0.029818,1.0,True
aggregate,0.5,0.5,none_1.0,0.015,5,77.475422,22.524578,0.939745,0.053013,0.0,0.073635,1.0,True
aggregate,0.5,0.5,none_1.0,0.015,10,74.265512,25.734488,0.882924,0.057711,0.0,0.144513,1.0,False
aggregate,0.5,0.5,none_1.0,0.015,20,64.604289,35.395711,0.744582,0.073132,0.0,0.275332,1.0,False
aggregate,0.5,0.5,none_1.0,0.02,2,78.532185,21.467815,0.964782,0.056227,0.001349,0.038308,0.965975,True
aggregate,0.5,0.5,none_1.0,0.02,5,76.533367,23.466633,0.926744,0.060644,0.00332,0.094244,0.965975,True
aggregate,0.5,0.5,none_1.0,0.02,10,72.501156,27.498844,0.859312,0.067522,0.006483,0.184046,0.965975,False
aggregate,0.5,0.5,none_1.0,0.02,20,59.230078,40.769922,0.681986,0.094166,0.012159,0.345202,0.965975,False
aggregate,0.5,0.5,none_1.0,0.025,2,77.955516,22.044484,0.957301,0.062472,0.011235,0.038211,0.77278,True
aggregate,0.5,0.5,none_1.0,0.025,5,75.550473,24.449527,0.913309,0.068517,0.027532,0.093637,0.77278,True
aggregate,0.5,0.5,none_1.0,0.025,10,70.562394,29.437606,0.833744,0.078166,0.05347,0.181852,0.77278,False
aggregate,0.5,0.5,none_1.0,0.025,20,52.248793,47.751207,0.602683,0.125837,0.098297,0.334311,0.77278,False
aggregate,0.5,0.5,none_1.0,0.03,2,77.37443,22.62557,0.94978,0.068745,0.021071,0.038115,0.643983,True
aggregate,0.5,0.5,none_1.0,0.03,5,74.525615,25.474385,0.899489,0.076641,0.051425,0.09302,0.643983,False
aggregate,0.5,0.5,none_1.0,0.03,10,68.43017,31.56983,0.806387,0.089795,0.099256,0.17954,0.643983,False
aggregate,0.5,0.5,none_1.0,0.03,20,45.507897,54.492103,0.526717,0.150955,0.177897,0.321791,0.643983,False
aggregate,0.5,0.5,none_1.0,0.04,2,76.199159,23.800841,0.93462,0.081381,0.040593,0.037922,0.482988,True
aggregate,0.5,0.5,none_1.0,0.04,5,72.34506,27.65494,0.870645,0.093708,0.098218,0.091754,0.482988,False
aggregate,0.5,0.5,none_1.0,0.04,10,63.484933,36.515067,0.745285,0.11696,0.186821,0.174526,0.482987,False
aggregate,0.5,0.5,none_1.0,0.04,20,34.668743,65.331257,0.403942,0.186914,0.315704,0.294927,0.482987,False
aggregate,0.5,0.5,none_1.0,0.05,2,75.00664,24.99336,0.919304,0.094135,0.059915,0.037728,0.38639,False
aggregate,0.5,0.5,none_1.0,0.05,5,69.980579,30.019421,0.840093,0.111985,0.143629,0.090443,0.38639,False
aggregate,0.5,0.5,none_1.0,0.05,10,57.376697,42.623303,0.673051,0.152255,0.268256,0.168921,0.38639,False
aggregate,0.5,0.5,none_1.0,0.05,20,26.688339,73.311661,0.312675,0.218029,0.427385,0.269124,0.38639,False
aggregate,0.5,0.5,elevated_1.5,0.005,2,80.130037,19.869963,0.985858,0.035586,0.0,0.009989,1.0,True
aggregate,0.5,0.5,elevated_1.5,0.005,5,78.73682,21.26318,0.959306,0.036222,0.0,0.024802,1.0,True
aggregate,0.5,0.5,elevated_1.5,0.005,10,75.9872,24.0128,0.911811,0.03773,0.0,0.04887,1.0,True
aggregate,0.5,0.5,elevated_1.5,0.005,20,68.476527,31.523473,0.800946,0.042018,0.0,0.094021,1.0,False
aggregate,0.5,0.5,elevated_1.5,0.01,2,79.568647,20.431353,0.978519,0.041452,0.0,0.019929,1.0,True
aggregate,0.5,0.5,elevated_1.5,0.01,5,77.806124,22.193876,0.946307,0.042827,0.0,0.0493,1.0,True
aggregate,0.5,0.5,elevated_1.5,0.01,10,74.243596,25.756404,0.887975,0.045379,0.0,0.096674,1.0,False
aggregate,0.5,0.5,elevated_1.5,0.01,20,63.843302,36.156698,0.744629,0.053187,0.0,0.183419,1.0,False
aggregate,0.5,0.5,elevated_1.5,0.015,2,79.002679,20.997321,0.971138,0.047334,0.0,0.029818,1.0,True
aggregate,0.5,0.5,elevated_1.5,0.015,5,76.834653,23.165347,0.932939,0.049582,0.0,0.073487,1.0,True
aggregate,0.5,0.5,elevated_1.5,0.015,10,72.334692,27.665308,0.862649,0.053471,0.0,0.143326,1.0,False
aggregate,0.5,0.5,elevated_1.5,0.015,20,58.265317,41.734683,0.679263,0.067037,0.0,0.267317,1.0,False
aggregate,0.5,0.5,elevated_1.5,0.02,2,78.43219,21.56781,0.963716,0.053231,0.001349,0.038308,0.965975,True
aggregate,0.5,0.5,elevated_1.5,0.02,5,75.821916,24.178084,0.919186,0.056489,0.003312,0.094041,0.965975,True
aggregate,0.5,0.5,elevated_1.5,0.02,10,70.250271,29.749729,0.835667,0.062056,0.006422,0.182315,0.965975,False
aggregate,0.5,0.5,elevated_1.5,0.02,20,51.64018,48.35982,0.603553,0.084594,0.011727,0.332938,0.965975,False
aggregate,0.5,0.5,elevated_1.5,0.025,2,77.857229,22.142771,0.956254,0.059145,0.011235,0.038211,0.77278,True
aggregate,0.5,0.5,elevated_1.5,0.025,5,74.767411,25.232589,0.904993,0.063553,0.027469,0.093423,0.77278,False
aggregate,0.5,0.5,elevated_1.5,0.025,10,67.97932,32.02068,0.806664,0.071199,0.0529,0.179914,0.77278,False
aggregate,0.5,0.5,elevated_1.5,0.025,20,45.465983,54.534017,0.532642,0.096923,0.094206,0.320398,0.77278,False
aggregate,0.5,0.5,elevated_1.5,0.03,2,77.277843,22.722157,0.948751,0.065074,0.021071,0.038115,0.643983,True
aggregate,0.5,0.5,elevated_1.5,0.03,5,73.670609,26.329391,0.890413,0.070782,0.0513,0.092794,0.643983,False
aggregate,0.5,0.5,elevated_1.5,0.03,10,65.509463,34.490537,0.775822,0.080999,0.098069,0.177392,0.643983,False
aggregate,0.5,0.5,elevated_1.5,0.03,20,40.122977,59.877023,0.471064,0.107293,0.169967,0.307446,0.643983,False
aggregate,0.5,0.5,elevated_1.5,0.04,2,76.105952,23.894048,0.933627,0.076984,0.040593,0.037922,0.482988,True
aggregate,0.5,0.5,elevated_1.5,0.04,5,71.347816,28.652184,0.860066,0.085765,0.097951,0.091504,0.482988,False
aggregate,0.5,0.5,elevated_1.5,0.04,10,59.910724,40.089276,0.707986,0.103216,0.184078,0.171964,0.482988,False
aggregate,0.5,0.5,elevated_1.5,0.04,20,31.336106,68.663894,0.369391,0.127213,0.301816,0.281954,0.482988,False
aggregate,0.5,0.5,elevated_1.5,0.05,2,74.916788,25.083212,0.918347,0.088964,0.059915,0.037728,0.38639,False
aggregate,0.5,0.5,elevated_1.5,0.05,5,68.848331,31.151669,0.828087,0.101519,0.143198,0.090172,0.38639,False
aggregate,0.5,0.5,elevated_1.5,0.05,10,53.276563,46.723437,0.630333,0.131057,0.263591,0.165983,0.38639,False
aggregate,0.5,0.5,elevated_1.5,0.05,20,24.529532,75.470468,0.290217,0.146949,0.410054,0.258211,0.38639,False
aggregate,0.5,0.5,high_2.0,0.005,2,80.024864,19.975136,0.984737,0.03367,0.0,0.009989,1.0,True
aggregate,0.5,0.5,high_2.0,0.005,5,78.271087,21.728913,0.954362,0.034122,0.0,0.024761,1.0,True
aggregate,0.5,0.5,high_2.0,0.005,10,74.756212,25.243788,0.8989,0.035128,0.0,0.048595,1.0,False
aggregate,0.5,0.5,high_2.0,0.005,20,64.99964,35.00036,0.765236,0.037911,0.0,0.092407,1.0,False
aggregate,0.5,0.5,high_2.0,0.01,2,79.465209,20.534791,0.977417,0.039247,0.0,0.019929,1.0,True
aggregate,0.5,0.5,high_2.0,0.01,5,77.279697,22.720303,0.940717,0.040186,0.0,0.049213,1.0,True
aggregate,0.5,0.5,high_2.0,0.01,10,72.771941,27.228059,0.872525,0.041884,0.0,0.096041,1.0,False
aggregate,0.5,0.5,high_2.0,0.01,20,59.580327,40.419673,0.700671,0.04688,0.0,0.179519,1.0,False
aggregate,0.5,0.5,high_2.0,0.015,2,78.900967,21.099033,0.970054,0.044825,0.0,0.029818,1.0,True
aggregate,0.5,0.5,high_2.0,0.015,5,76.246323,23.753677,0.92669,0.046334,0.0,0.073347,1.0,True
aggregate,0.5,0.5,high_2.0,0.015,10,70.614378,29.385622,0.844572,0.048883,0.0,0.142247,1.0,False
aggregate,0.5,0.5,high_2.0,0.015,20,53.307933,46.692067,0.627937,0.057616,0.0,0.260473,1.0,False
aggregate,0.5,0.5,high_2.0,0.02,2,78.332194,21.667806,0.962651,0.050405,0.001349,0.038308,0.965975,True
aggregate,0.5,0.5,high_2.0,0.02,5,75.170983,24.829017,0.912271,0.052567,0.003306,0.093849,0.965975,False
aggregate,0.5,0.5,high_2.0,0.02,10,68.279399,31.720601,0.814949,0.056137,0.006367,0.180756,0.965975,False
aggregate,0.5,0.5,high_2.0,0.02,20,47.267664,52.732336,0.558093,0.065844,0.011381,0.323117,0.965975,False
aggregate,0.5,0.5,high_2.0,0.025,2,77.758942,22.241058,0.955206,0.055988,0.011235,0.038211,0.77278,True
aggregate,0.5,0.5,high_2.0,0.025,5,74.05372,25.94628,0.897416,0.058886,0.027409,0.09322,0.77278,False
aggregate,0.5,0.5,high_2.0,0.025,10,65.763526,34.236474,0.783415,0.063674,0.052392,0.178187,0.77278,False
aggregate,0.5,0.5,high_2.0,0.025,20,41.945533,58.054467,0.496039,0.073296,0.091252,0.310352,0.77278,False
aggregate,0.5,0.5,high_2.0,0.03,2,77.181256,22.818744,0.947722,0.061573,0.021071,0.038115,0.643983,True
aggregate,0.5,0.5,high_2.0,0.03,5,72.894591,27.105409,0.882177,0.065291,0.051182,0.09258,0.643983,False
aggregate,0.5,0.5,high_2.0,0.03,10,63.063533,36.936467,0.750198,0.071541,0.097023,0.1755,0.643983,False
aggregate,0.5,0.5,high_2.0,0.03,20,37.224943,62.775057,0.440919,0.08069,0.164524,0.2976,0.643983,False
aggregate,0.5,0.5,high_2.0,0.04,2,76.012745,23.987255,0.932634,0.072753,0.040593,0.037922,0.482988,True
aggregate,0.5,0.5,high_2.0,0.04,5,70.450964,29.549036,0.850553,0.078374,0.097699,0.091269,0.482988,False
aggregate,0.5,0.5,high_2.0,0.04,10,57.095417,42.904583,0.678561,0.088644,0.181729,0.169769,0.482987,False
aggregate,0.5,0.5,high_2.0,0.04,20,29.417742,70.582258,0.349398,0.095462,0.292551,0.273298,0.482987,False
aggregate,0.5,0.5,high_2.0,0.05,2,74.826935,25.173065,0.917389,0.083951,0.059915,0.037728,0.38639,False
aggregate,0.5,0.5,high_2.0,0.05,5,67.840423,32.159577,0.817402,0.091855,0.142793,0.089917,0.38639,False
aggregate,0.5,0.5,high_2.0,0.05,10,50.460421,49.539579,0.600912,0.108089,0.259732,0.163553,0.38639,False
aggregate,0.5,0.5,high_2.0,0.05,20,23.232918,76.767082,0.276671,0.110233,0.398453,0.250906,0.38639,False
aggregate,0.5,1.0,none_1.0,0.005,2,80.229937,19.770063,0.986922,0.037731,0.0,0.009989,1.0,True
aggregate,0.5,1.0,none_1.0,0.005,5,79.210993,20.789007,0.964341,0.038739,0.0,0.024843,1.0,True
aggregate,0.5,1.0,none_1.0,0.005,10,77.237163,22.762837,0.92492,0.040921,0.0,0.049149,1.0,True
aggregate,0.5,1.0,none_1.0,0.005,20,72.018821,27.981179,0.837222,0.046687,0.0,0.095655,1.0,False
aggregate,0.5,1.0,none_1.0,0.01,2,79.660362,20.339638,0.979496,0.043966,0.0,0.019929,1.0,True
aggregate,0.5,1.0,none_1.0,0.01,5,78.306658,21.693342,0.951625,0.046337,0.0,0.049382,1.0,True
aggregate,0.5,1.0,none_1.0,0.01,10,75.635656,24.364344,0.902597,0.050463,0.0,0.097274,1.0,True
aggregate,0.5,1.0,none_1.0,0.01,20,67.933615,32.066385,0.786698,0.062062,0.0,0.187107,1.0,False
aggregate,0.5,1.0,none_1.0,0.015,2,79.085097,20.914903,0.972016,0.050243,0.0,0.029818,1.0,True
aggregate,0.5,1.0,none_1.0,0.015,5,77.352779,22.647221,0.938447,0.05426,0.0,0.073607,1.0,True
aggregate,0.5,1.0,none_1.0,0.015,10,73.840577,26.159423,0.878489,0.060968,0.0,0.144273,1.0,False
aggregate,0.5,1.0,none_1.0,0.015,20,62.765956,37.234044,0.725745,0.08159,0.0,0.27333,1.0,False
aggregate,0.5,1.0,none_1.0,0.02,2,78.504255,21.495745,0.964484,0.056563,0.001349,0.038308,0.965975,True
aggregate,0.5,1.0,none_1.0,0.02,5,76.348474,23.651526,0.924786,0.062515,0.003318,0.094191,0.965975,True
aggregate,0.5,1.0,none_1.0,0.02,10,71.835349,28.164651,0.852356,0.072523,0.006466,0.183572,0.965975,False
aggregate,0.5,1.0,none_1.0,0.02,20,56.235598,43.764402,0.651178,0.107321,0.012014,0.34107,0.965975,False
aggregate,0.5,1.0,none_1.0,0.025,2,77.917943,22.082057,0.956901,0.062923,0.011235,0.038211,0.77278,True
aggregate,0.5,1.0,none_1.0,0.025,5,75.292944,24.707056,0.910585,0.071108,0.027511,0.093565,0.77278,True
aggregate,0.5,1.0,none_1.0,0.025,10,69.603413,30.396587,0.823749,0.085225,0.053273,0.181183,0.77278,False
aggregate,0.5,1.0,none_1.0,0.025,20,48.80512,51.19488,0.567282,0.135985,0.09655,0.328368,0.77278,False
aggregate,0.5,1.0,none_1.0,0.03,2,77.32626,22.67374,0.949267,0.069325,0.021071,0.038115,0.643983,True
aggregate,0.5,1.0,none_1.0,0.03,5,74.185474,25.814526,0.895894,0.080046,0.051373,0.092926,0.643983,False
aggregate,0.5,1.0,none_1.0,0.03,10,67.128238,32.871762,0.792842,0.09919,0.098761,0.178644,0.643983,False
aggregate,0.5,1.0,none_1.0,0.03,20,42.463713,57.536287,0.495396,0.155835,0.173891,0.314545,0.643983,False
aggregate,0.5,1.0,none_1.0,0.04,2,76.127166,23.872834,0.933853,0.082248,0.040593,0.037922,0.482988,True
aggregate,0.5,1.0,none_1.0,0.04,5,71.812212,28.187788,0.865019,0.09899,0.098062,0.091609,0.482987,False
aggregate,0.5,1.0,none_1.0,0.04,10,61.380293,38.619707,0.723444,0.131547,0.185293,0.173098,0.482987,False
aggregate,0.5,1.0,none_1.0,0.04,20,32.450272,67.549728,0.381044,0.188504,0.306957,0.286756,0.482988,False
aggregate,0.5,1.0,none_1.0,0.05,2,74.907699,25.092301,0.91825,0.09533,0.059915,0.037728,0.38639,False
aggregate,0.5,1.0,none_1.0,0.05,5,69.224274,30.775726,0.832114,0.119419,0.143307,0.09024,0.38639,False
aggregate,0.5,1.0,none_1.0,0.05,10,54.436978,45.563022,0.642562,0.171672,0.265029,0.166889,0.38639,False
aggregate,0.5,1.0,none_1.0,0.05,20,25.063806,74.936194,0.295847,0.218862,0.414682,0.261125,0.38639,False
aggregate,0.5,1.0,elevated_1.5,0.005,2,80.125027,19.874973,0.985804,0.035647,0.0,0.009989,1.0,True
aggregate,0.5,1.0,elevated_1.5,0.005,5,78.7081,21.2919,0.959002,0.036496,0.0,0.0248,1.0,True
aggregate,0.5,1.0,elevated_1.5,0.005,10,75.890779,24.109221,0.910806,0.038366,0.0,0.048851,1.0,True
aggregate,0.5,1.0,elevated_1.5,0.005,20,68.09546,31.90454,0.797058,0.043305,0.0,0.093875,1.0,False
aggregate,0.5,1.0,elevated_1.5,0.01,2,79.557444,20.442556,0.978399,0.041587,0.0,0.019929,1.0,True
aggregate,0.5,1.0,elevated_1.5,0.01,5,77.738783,22.261217,0.945595,0.043464,0.0,0.04929,1.0,True
aggregate,0.5,1.0,elevated_1.5,0.01,10,74.009108,25.990892,0.885526,0.046869,0.0,0.096585,1.0,False
aggregate,0.5,1.0,elevated_1.5,0.01,20,62.892867,37.107133,0.734878,0.056024,0.0,0.182698,1.0,False
aggregate,0.5,1.0,elevated_1.5,0.015,2,78.984154,21.015846,0.970941,0.047557,0.0,0.029818,1.0,True
aggregate,0.5,1.0,elevated_1.5,0.015,5,76.718926,23.281074,0.931714,0.050664,0.0,0.073461,1.0,True
aggregate,0.5,1.0,elevated_1.5,0.015,10,71.919433,28.080567,0.858306,0.056012,0.0,0.143095,1.0,False
aggregate,0.5,1.0,elevated_1.5,0.015,20,56.62344,43.37656,0.662331,0.071122,0.0,0.265403,1.0,False
aggregate,0.5,1.0,elevated_1.5,0.02,2,78.40527,21.59473,0.963429,0.053556,0.001349,0.038308,0.965975,True
aggregate,0.5,1.0,elevated_1.5,0.02,5,75.648315,24.351685,0.917348,0.058096,0.003311,0.093991,0.965975,True
aggregate,0.5,1.0,elevated_1.5,0.02,10,69.613117,30.386883,0.828998,0.0658,0.006406,0.181865,0.965975,False
aggregate,0.5,1.0,elevated_1.5,0.02,20,49.711877,50.288123,0.583573,0.086504,0.011598,0.329278,0.965975,False
aggregate,0.5,1.0,elevated_1.5,0.025,2,77.820899,22.179101,0.955866,0.059584,0.011235,0.038211,0.77278,True
aggregate,0.5,1.0,elevated_1.5,0.025,5,74.526868,25.473132,0.902449,0.065758,0.027449,0.093355,0.77278,False
aggregate,0.5,1.0,elevated_1.5,0.025,10,67.084105,32.915895,0.797314,0.076238,0.052715,0.179286,0.77278,False
aggregate,0.5,1.0,elevated_1.5,0.025,20,43.698931,56.301069,0.514335,0.097379,0.092872,0.315859,0.77278,False
aggregate,0.5,1.0,elevated_1.5,0.03,2,77.231144,22.768856,0.948253,0.065639,0.021071,0.038115,0.643983,True
aggregate,0.5,1.0,elevated_1.5,0.03,5,73.354629,26.645371,0.887073,0.07365,0.051251,0.092705,0.643983,False
aggregate,0.5,1.0,elevated_1.5,0.03,10,64.329157,35.670843,0.763514,0.087332,0.09761,0.176563,0.643983,False
aggregate,0.5,1.0,elevated_1.5,0.03,20,38.515209,61.484791,0.454401,0.107457,0.16715,0.302351,0.643983,False
aggregate,0.5,1.0,elevated_1.5,0.04,2,76.035861,23.964139,0.93288,0.077834,0.040593,0.037922,0.482988,True
aggregate,0.5,1.0,elevated_1.5,0.04,5,70.85853,29.14147,0.854899,0.09012,0.097805,0.091368,0.482987,False
aggregate,0.5,1.0,elevated_1.5,0.04,10,58.142072,41.857928,0.689581,0.111586,0.18271,0.170685,0.482987,False
aggregate,0.5,1.0,elevated_1.5,0.04,20,30.045351,69.954649,0.355991,0.12725,0.295852,0.276382,0.482987,False
aggregate,0.5,1.0,elevated_1.5,0.05,2,74.82015,25.17985,0.917317,0.090139,0.059915,0.037728,0.38639,False
aggregate,0.5,1.0,elevated_1.5,0.05,5,68.16256,31.83744,0.820853,0.107505,0.142897,0.089982,0.38639,False
aggregate,0.5,1.0,elevated_1.5,0.05,10,51.09194,48.90806,0.6076,0.139049,0.260821,0.164239,0.38639,False
aggregate,0.5,1.0,elevated_1.5,0.05,20,23.523677,76.476323,0.27975,0.146963,0.401277,0.252684,0.38639,False
aggregate,0.5,1.0,high_2.0,0.005,2,80.020118,19.979882,0.984686,0.033727,0.0,0.009989,1.0,True
aggregate,0.5,1.0,high_2.0,0.005,5,78.243718,21.756282,0.954073,0.034364,0.0,0.024759,1.0,True
aggregate,0.5,1.0,high_2.0,0.005,10,74.660868,25.339132,0.897905,0.035647,0.0,0.048577,1.0,False
aggregate,0.5,1.0,high_2.0,0.005,20,64.631576,35.368424,0.76146,0.038713,0.0,0.092263,1.0,False
aggregate,0.5,1.0,high_2.0,0.01,2,79.454526,20.545474,0.977303,0.039376,0.0,0.019929,1.0,True
aggregate,0.5,1.0,high_2.0,0.01,5,77.215793,22.784207,0.940041,0.040742,0.0,0.049203,1.0,True
aggregate,0.5,1.0,high_2.0,0.01,10,72.54374,27.45626,0.870138,0.043059,0.0,0.095956,1.0,False
aggregate,0.5,1.0,high_2.0,0.01,20,58.742365,41.257635,0.69203,0.048246,0.0,0.178838,1.0,False
aggregate,0.5,1.0,high_2.0,0.015,2,78.88321,21.11679,0.969865,0.04504,0.0,0.029818,1.0,True
aggregate,0.5,1.0,high_2.0,0.015,5,76.136992,23.863008,0.925533,0.047272,0.0,0.073322,1.0,True
aggregate,0.5,1.0,high_2.0,0.015,10,70.217814,29.782186,0.840419,0.050803,0.0,0.142027,1.0,False
aggregate,0.5,1.0,high_2.0,0.015,20,52.134757,47.865243,0.615772,0.058181,0.0,0.258766,1.0,False
aggregate,0.5,1.0,high_2.0,0.02,2,78.306285,21.693715,0.962375,0.05072,0.001349,0.038308,0.965975,True
aggregate,0.5,1.0,high_2.0,0.02,5,75.007748,24.992252,0.910543,0.053945,0.003304,0.093802,0.965975,False
aggregate,0.5,1.0,high_2.0,0.02,10,67.684213,32.315787,0.80871,0.05883,0.006352,0.180332,0.965975,False
aggregate,0.5,1.0,high_2.0,0.02,20,46.060473,53.939527,0.545524,0.0659,0.011276,0.320141,0.965975,False
aggregate,0.5,1.0,high_2.0,0.025,2,77.723856,22.276144,0.954832,0.056414,0.011235,0.038211,0.77278,True
aggregate,0.5,1.0,high_2.0,0.025,5,73.828657,26.171343,0.895035,0.060756,0.02739,0.093156,0.77278,False
aggregate,0.5,1.0,high_2.0,0.025,10,64.948429,35.051571,0.774887,0.067084,0.05222,0.177602,0.77278,False
aggregate,0.5,1.0,high_2.0,0.025,20,40.797018,59.202982,0.484084,0.073304,0.090218,0.306835,0.77278,False
aggregate,0.5,1.0,high_2.0,0.03,2,77.136028,22.863972,0.94724,0.062123,0.021071,0.038115,0.643983,True
aggregate,0.5,1.0,high_2.0,0.03,5,72.600471,27.399529,0.879067,0.067696,0.051135,0.092496,0.643983,False
aggregate,0.5,1.0,high_2.0,0.03,10,62.020325,37.979675,0.739299,0.07551,0.096602,0.174739,0.643983,False
aggregate,0.5,1.0,high_2.0,0.03,20,36.212271,63.787729,0.430375,0.080691,0.16244,0.293831,0.643983,False
aggregate,0.5,1.0,high_2.0,0.04,2,75.944556,24.055444,0.931907,0.073585,0.040593,0.037922,0.482988,True
aggregate,0.5,1.0,high_2.0,0.04,5,70.000539,29.999461,0.845796,0.081938,0.097562,0.091141,0.482988,False
aggregate,0.5,1.0,high_2.0,0.04,10,55.646319,44.353681,0.663446,0.092699,0.180511,0.168631,0.482988,False
aggregate,0.5,1.0,high_2.0,0.04,20,28.549575,71.450425,0.34035,0.095462,0.288123,0.269161,0.482988,False
aggregate,0.5,1.0,high_2.0,0.05,2,74.732602,25.267398,0.916384,0.085106,0.059915,0.037728,0.38639,False
aggregate,0.5,1.0,high_2.0,0.05,5,67.216675,32.783325,0.810821,0.096619,0.142511,0.089739,0.38639,False
aggregate,0.5,1.0,high_2.0,0.05,10,49.034357,50.965643,0.586022,0.109471,0.257359,0.162059,0.38639,False
aggregate,0.5,1.0,high_2.0,0.05,20,22.576321,77.423679,0.269815,0.110233,0.392159,0.246943,0.38639,False
aggregate,0.75,0.0,none_1.0,0.005,2,80.240483,19.759517,0.987035,0.037605,0.0,0.009989,1.0,True
aggregate,0.75,0.0,none_1.0,0.005,5,79.271032,20.728968,0.964975,0.038122,0.0,0.024848,1.0,True
aggregate,0.75,0.0,none_1.0,0.005,10,77.425911,22.574089,0.926883,0.039414,0.0,0.049187,1.0,True
aggregate,0.75,0.0,none_1.0,0.005,20,72.715104,27.284896,0.844276,0.04316,0.0,0.095931,1.0,False
aggregate,0.75,0.0,none_1.0,0.01,2,79.683808,20.316192,0.979746,0.043685,0.0,0.019929,1.0,True
aggregate,0.75,0.0,none_1.0,0.01,5,78.44749,21.55251,0.953114,0.044897,0.0,0.049404,1.0,True
aggregate,0.75,0.0,none_1.0,0.01,10,76.096187,23.903813,0.907394,0.046867,0.0,0.097453,1.0,True
aggregate,0.75,0.0,none_1.0,0.01,20,69.760971,30.239029,0.805311,0.053239,0.0,0.188494,1.0,False
aggregate,0.75,0.0,none_1.0,0.015,2,79.123686,20.876314,0.972427,0.04978,0.0,0.029818,1.0,True
aggregate,0.75,0.0,none_1.0,0.015,5,77.595075,22.404925,0.941011,0.051798,0.0,0.073663,1.0,True
aggregate,0.75,0.0,none_1.0,0.015,10,74.662846,25.337154,0.887068,0.054684,0.0,0.144743,1.0,False
aggregate,0.75,0.0,none_1.0,0.015,20,66.248364,33.751636,0.76139,0.06546,0.0,0.277158,1.0,False
aggregate,0.75,0.0,none_1.0,0.02,2,78.560115,21.439885,0.965079,0.055891,0.0,0.039657,1.0,True
aggregate,0.75,0.0,none_1.0,0.02,5,76.712612,23.287388,0.92865,0.058836,0.0,0.097618,1.0,True
aggregate,0.75,0.0,none_1.0,0.02,10,73.114371,26.885629,0.865772,0.062948,0.0,0.190994,1.0,False
aggregate,0.75,0.0,none_1.0,0.02,20,61.949277,38.050723,0.710062,0.081569,0.0,0.361229,1.0,False
aggregate,0.75,0.0,none_1.0,0.025,2,77.99309,22.00691,0.957701,0.06202,0.0,0.049447,1.0,True
aggregate,0.75,0.0,none_1.0,0.025,5,75.798793,24.201207,0.916019,0.066025,0.0,0.121262,1.0,True
aggregate,0.75,0.0,none_1.0,0.025,10,71.436545,28.563455,0.843347,0.071772,0.0,0.236138,1.0,False
aggregate,0.75,0.0,none_1.0,0.025,20,56.394395,43.605605,0.646372,0.105985,0.0,0.439722,1.0,False
aggregate,0.75,0.0,none_1.0,0.03,2,77.4226,22.5774,0.950293,0.068165,0.002014,0.057172,0.965975,True
aggregate,0.75,0.0,none_1.0,0.03,5,74.852156,25.147844,0.903085,0.073384,0.00492,0.13967,0.965975,False
aggregate,0.75,0.0,none_1.0,0.03,10,69.611445,30.388555,0.819504,0.081307,0.00953,0.270567,0.965975,False
aggregate,0.75,0.0,none_1.0,0.03,20,49.295084,50.704916,0.567008,0.141355,0.017388,0.493661,0.965975,False
aggregate,0.75,0.0,none_1.0,0.04,2,76.271152,23.728848,0.935387,0.080513,0.021632,0.056882,0.724481,True
aggregate,0.75,0.0,none_1.0,0.04,5,72.853693,27.146307,0.876157,0.088685,0.052422,0.137844,0.724481,False
aggregate,0.75,0.0,none_1.0,0.04,10,65.419183,34.580817,0.766101,0.103443,0.100318,0.263788,0.724481,False
aggregate,0.75,0.0,none_1.0,0.04,20,37.576345,62.423655,0.434536,0.183792,0.173458,0.456111,0.724481,False
aggregate,0.75,0.0,none_1.0,0.05,2,75.105582,24.894418,0.920358,0.09294,0.041051,0.056593,0.579585,False
aggregate,0.75,0.0,none_1.0,0.05,5,70.701568,29.298432,0.847836,0.104929,0.098624,0.135963,0.579585,False
aggregate,0.75,0.0,none_1.0,0.05,10,60.235786,39.764214,0.703271,0.132504,0.185887,0.256264,0.579585,False
aggregate,0.75,0.0,none_1.0,0.05,20,28.763882,71.236118,0.334434,0.216642,0.302809,0.417454,0.579585,False
aggregate,0.75,0.0,elevated_1.5,0.005,2,80.135047,19.864953,0.985911,0.035526,0.0,0.009989,1.0,True
aggregate,0.75,0.0,elevated_1.5,0.005,5,78.765294,21.234706,0.959607,0.03595,0.0,0.024804,1.0,True
aggregate,0.75,0.0,elevated_1.5,0.005,10,76.081566,23.918434,0.912794,0.037109,0.0,0.048888,1.0,True
aggregate,0.75,0.0,elevated_1.5,0.005,20,68.844212,31.155788,0.804695,0.040769,0.0,0.094162,1.0,False
aggregate,0.75,0.0,elevated_1.5,0.01,2,79.579851,20.420149,0.978638,0.041317,0.0,0.019929,1.0,True
aggregate,0.75,0.0,elevated_1.5,0.01,5,77.872382,22.127618,0.947008,0.042202,0.0,0.049311,1.0,True
aggregate,0.75,0.0,elevated_1.5,0.01,10,74.468978,25.531022,0.890327,0.043952,0.0,0.09676,1.0,False
aggregate,0.75,0.0,elevated_1.5,0.01,20,64.746799,35.253201,0.753886,0.050402,0.0,0.184107,1.0,False
aggregate,0.75,0.0,elevated_1.5,0.015,2,79.021205,20.978795,0.971335,0.047111,0.0,0.029818,1.0,True
aggregate,0.75,0.0,elevated_1.5,0.015,5,76.947755,23.052245,0.934135,0.048526,0.0,0.073513,1.0,True
aggregate,0.75,0.0,elevated_1.5,0.015,10,72.728263,27.271737,0.866762,0.051073,0.0,0.143548,1.0,False
aggregate,0.75,0.0,elevated_1.5,0.015,20,59.856112,40.143888,0.695637,0.062601,0.0,0.269131,1.0,False
aggregate,0.75,0.0,elevated_1.5,0.02,2,78.45911,21.54089,0.964003,0.052906,0.0,0.039657,1.0,True
aggregate,0.75,0.0,elevated_1.5,0.02,5,75.990598,24.009402,0.92098,0.054932,0.0,0.097405,1.0,True
aggregate,0.75,0.0,elevated_1.5,0.02,10,70.848532,29.151468,0.841974,0.058547,0.0,0.189183,1.0,False
aggregate,0.75,0.0,elevated_1.5,0.02,20,53.82368,46.17632,0.62622,0.080311,0.0,0.348333,1.0,False
aggregate,0.75,0.0,elevated_1.5,0.025,2,77.893559,22.106441,0.956641,0.058706,0.0,0.049447,1.0,True
aggregate,0.75,0.0,elevated_1.5,0.025,5,75.000001,24.999999,0.907532,0.061429,0.0,0.120979,1.0,False
aggregate,0.75,0.0,elevated_1.5,0.025,10,68.816614,31.183386,0.815813,0.066471,0.0,0.233588,1.0,False
aggregate,0.75,0.0,elevated_1.5,0.025,20,47.488588,52.511412,0.554145,0.095987,0.0,0.420569,1.0,False
aggregate,0.75,0.0,elevated_1.5,0.03,2,77.324543,22.675457,0.949249,0.064509,0.002014,0.057172,0.965975,True
aggregate,0.75,0.0,elevated_1.5,0.03,5,73.974949,26.025051,0.893764,0.068032,0.004907,0.139322,0.965975,False
aggregate,0.75,0.0,elevated_1.5,0.03,10,66.61614,33.38386,0.788024,0.074984,0.009414,0.267267,0.965975,False
aggregate,0.75,0.0,elevated_1.5,0.03,20,41.964871,58.035129,0.49084,0.106976,0.016524,0.469123,0.965975,False
aggregate,0.75,0.0,elevated_1.5,0.04,2,76.176043,23.823957,0.934374,0.076134,0.021632,0.056882,0.724481,True
aggregate,0.75,0.0,elevated_1.5,0.04,5,71.816792,28.183208,0.865149,0.08161,0.052274,0.137456,0.724481,False
aggregate,0.75,0.0,elevated_1.5,0.04,10,61.618946,38.381054,0.726321,0.094649,0.09879,0.259771,0.724481,False
aggregate,0.75,0.0,elevated_1.5,0.04,20,32.796846,67.203154,0.384899,0.127147,0.164209,0.431791,0.724481,False
aggregate,0.75,0.0,elevated_1.5,0.05,2,75.013426,24.986574,0.919376,0.087789,0.041051,0.056593,0.579585,False
aggregate,0.75,0.0,elevated_1.5,0.05,5,69.505222,30.494778,0.835143,0.095811,0.098314,0.135536,0.579585,False
aggregate,0.75,0.0,elevated_1.5,0.05,10,55.584983,44.415017,0.654735,0.120575,0.182443,0.251516,0.579585,False
aggregate,0.75,0.0,elevated_1.5,0.05,20,25.625111,74.374889,0.301791,0.146928,0.287255,0.39601,0.579585,False
aggregate,0.75,0.0,high_2.0,0.005,2,80.02961,19.97039,0.984788,0.033612,0.0,0.009989,1.0,True
aggregate,0.75,0.0,high_2.0,0.005,5,78.298238,21.701762,0.954649,0.033882,0.0,0.024763,1.0,True
aggregate,0.75,0.0,high_2.0,0.005,10,74.849823,25.150177,0.899877,0.034619,0.0,0.048613,1.0,False
aggregate,0.75,0.0,high_2.0,0.005,20,65.359754,34.640246,0.768927,0.037111,0.0,0.092548,1.0,False
aggregate,0.75,0.0,high_2.0,0.01,2,79.475893,20.524107,0.97753,0.039117,0.0,0.019929,1.0,True
aggregate,0.75,0.0,high_2.0,0.01,5,77.342643,22.657357,0.941383,0.039638,0.0,0.049222,1.0,True
aggregate,0.75,0.0,high_2.0,0.01,10,72.992784,27.007216,0.874833,0.040749,0.0,0.096123,1.0,False
aggregate,0.75,0.0,high_2.0,0.01,20,60.404197,39.595803,0.709158,0.045401,0.0,0.180179,1.0,False
aggregate,0.75,0.0,high_2.0,0.015,2,78.918724,21.081276,0.970243,0.04461,0.0,0.029818,1.0,True
aggregate,0.75,0.0,high_2.0,0.015,5,76.353348,23.646652,0.927823,0.045419,0.0,0.073371,1.0,True
aggregate,0.75,0.0,high_2.0,0.015,10,70.994337,29.005663,0.84855,0.047042,0.0,0.142459,1.0,False
aggregate,0.75,0.0,high_2.0,0.015,20,54.610027,45.389973,0.641413,0.056017,0.0,0.262138,1.0,False
aggregate,0.75,0.0,high_2.0,0.02,2,78.358104,21.641896,0.962927,0.050091,0.0,0.039657,1.0,True
aggregate,0.75,0.0,high_2.0,0.02,5,75.329931,24.670069,0.913963,0.051231,0.0,0.097203,1.0,True
aggregate,0.75,0.0,high_2.0,0.02,10,68.84684,31.15316,0.820935,0.053551,0.0,0.187546,1.0,False
aggregate,0.75,0.0,high_2.0,0.02,20,48.543525,51.456475,0.571415,0.065726,0.0,0.337566,1.0,False
aggregate,0.75,0.0,high_2.0,0.025,2,77.794028,22.205972,0.95558,0.055562,0.0,0.049447,1.0,True
aggregate,0.75,0.0,high_2.0,0.025,5,74.271912,25.728088,0.899797,0.057081,0.0,0.120712,1.0,False
aggregate,0.75,0.0,high_2.0,0.025,10,66.541234,33.458766,0.791882,0.060356,0.0,0.231306,1.0,False
aggregate,0.75,0.0,high_2.0,0.025,20,43.162656,56.837344,0.509049,0.073279,0.0,0.406194,1.0,False
aggregate,0.75,0.0,high_2.0,0.03,2,77.226485,22.773515,0.948204,0.061023,0.002014,0.057172,0.965975,True
aggregate,0.75,0.0,high_2.0,0.03,5,73.178744,26.821256,0.885305,0.062979,0.004896,0.138994,0.965975,False
aggregate,0.75,0.0,high_2.0,0.03,10,64.066316,35.933684,0.761205,0.067564,0.009311,0.264345,0.965975,False
aggregate,0.75,0.0,high_2.0,0.03,20,38.403152,61.596848,0.453615,0.080685,0.015936,0.452423,0.965975,False
aggregate,0.75,0.0,high_2.0,0.04,2,76.080933,23.919067,0.93336,0.071922,0.021632,0.056882,0.724481,True
aggregate,0.75,0.0,high_2.0,0.04,5,70.88437,29.11563,0.855251,0.074962,0.052135,0.137091,0.724481,False
aggregate,0.75,0.0,high_2.0,0.04,10,58.545869,41.454131,0.694109,0.083896,0.097472,0.256303,0.724481,False
aggregate,0.75,0.0,high_2.0,0.04,20,30.321713,69.678287,0.359047,0.095462,0.158303,0.416259,0.724481,False
aggregate,0.75,0.0,high_2.0,0.05,2,74.921269,25.078731,0.918394,0.082796,0.041051,0.056593,0.579585,False
aggregate,0.75,0.0,high_2.0,0.05,5,68.440622,31.559378,0.82385,0.087286,0.098023,0.135135,0.579585,False
aggregate,0.75,0.0,high_2.0,0.05,10,52.09286,47.90714,0.618214,0.10503,0.179563,0.247546,0.579585,False
aggregate,0.75,0.0,high_2.0,0.05,20,23.984534,76.015466,0.284637,0.110233,0.277682,0.382814,0.579585,False
aggregate,0.75,0.5,none_1.0,0.005,2,80.23521,19.76479,0.986978,0.037668,0.0,0.009989,1.0,True
aggregate,0.75,0.5,none_1.0,0.005,5,79.24115,20.75885,0.96466,0.038429,0.0,0.024845,1.0,True
aggregate,0.75,0.5,none_1.0,0.005,10,77.332736,22.667264,0.925914,0.040157,0.0,0.049168,1.0,True
aggregate,0.75,0.5,none_1.0,0.005,20,72.376043,27.623957,0.840842,0.044874,0.0,0.095796,1.0,False
aggregate,0.75,0.5,none_1.0,0.01,2,79.672085,20.327915,0.979621,0.043825,0.0,0.019929,1.0,True
aggregate,0.75,0.5,none_1.0,0.01,5,78.377686,21.622314,0.952376,0.045611,0.0,0.049393,1.0,True
aggregate,0.75,0.5,none_1.0,0.01,10,75.871445,24.128555,0.905053,0.048618,0.0,0.097365,1.0,True
aggregate,0.75,0.5,none_1.0,0.01,20,68.889381,31.110619,0.796441,0.057445,0.0,0.187824,1.0,False
aggregate,0.75,0.5,none_1.0,0.015,2,79.104391,20.895609,0.972222,0.050012,0.0,0.029818,1.0,True
aggregate,0.75,0.5,none_1.0,0.015,5,77.475422,22.524578,0.939745,0.053013,0.0,0.073635,1.0,True
aggregate,0.75,0.5,none_1.0,0.015,10,74.265512,25.734488,0.882924,0.057711,0.0,0.144513,1.0,False
aggregate,0.75,0.5,none_1.0,0.015,20,64.604289,35.395711,0.744582,0.073132,0.0,0.275332,1.0,False
aggregate,0.75,0.5,none_1.0,0.02,2,78.532185,21.467815,0.964782,0.056227,0.0,0.039657,1.0,True
aggregate,0.75,0.5,none_1.0,0.02,5,76.533367,23.466633,0.926753,0.060644,0.0,0.097563,1.0,True
aggregate,0.75,0.5,none_1.0,0.02,10,72.501156,27.498844,0.859368,0.067522,0.0,0.190529,1.0,False
aggregate,0.75,0.5,none_1.0,0.02,20,59.230078,40.769922,0.68214,0.094166,0.0,0.357361,1.0,False
aggregate,0.75,0.5,none_1.0,0.025,2,77.955516,22.044484,0.957301,0.062472,0.0,0.049447,1.0,True
aggregate,0.75,0.5,none_1.0,0.025,5,75.550473,24.449527,0.91339,0.068517,0.0,0.12117,1.0,True
aggregate,0.75,0.5,none_1.0,0.025,10,70.562394,29.437606,0.834206,0.078166,0.0,0.235322,1.0,False
aggregate,0.75,0.5,none_1.0,0.025,20,52.248793,47.751207,0.603609,0.125837,0.0,0.432608,1.0,False
aggregate,0.75,0.5,none_1.0,0.03,2,77.37443,22.62557,0.94978,0.068745,0.002014,0.057172,0.965975,True
aggregate,0.75,0.5,none_1.0,0.03,5,74.525615,25.474385,0.899627,0.076641,0.004915,0.139531,0.965975,False
aggregate,0.75,0.5,none_1.0,0.03,10,68.43017,31.56983,0.807146,0.089795,0.009486,0.26931,0.965975,False
aggregate,0.75,0.5,none_1.0,0.03,20,45.507897,54.492103,0.527792,0.150955,0.017002,0.482686,0.965975,False
aggregate,0.75,0.5,none_1.0,0.04,2,76.199159,23.800841,0.93462,0.081381,0.021632,0.056882,0.724481,True
aggregate,0.75,0.5,none_1.0,0.04,5,72.34506,27.65494,0.870779,0.093708,0.052341,0.137631,0.724481,False
aggregate,0.75,0.5,none_1.0,0.04,10,63.484933,36.515067,0.745954,0.11696,0.099558,0.261789,0.724481,False
aggregate,0.75,0.5,none_1.0,0.04,20,34.668743,65.331257,0.404454,0.186914,0.16824,0.44239,0.724481,False
aggregate,0.75,0.5,none_1.0,0.05,2,75.00664,24.99336,0.919304,0.094135,0.041051,0.056593,0.579585,False
aggregate,0.75,0.5,none_1.0,0.05,5,69.980579,30.019421,0.840221,0.111985,0.098408,0.135665,0.579585,False
aggregate,0.75,0.5,none_1.0,0.05,10,57.376697,42.623303,0.673567,0.152255,0.183796,0.253381,0.579585,False
aggregate,0.75,0.5,none_1.0,0.05,20,26.688339,73.311661,0.312931,0.218029,0.292823,0.403686,0.579585,False
aggregate,0.75,0.5,elevated_1.5,0.005,2,80.130037,19.869963,0.985858,0.035586,0.0,0.009989,1.0,True
aggregate,0.75,0.5,elevated_1.5,0.005,5,78.73682,21.26318,0.959306,0.036222,0.0,0.024802,1.0,True
aggregate,0.75,0.5,elevated_1.5,0.005,10,75.9872,24.0128,0.911811,0.03773,0.0,0.04887,1.0,True
aggregate,0.75,0.5,elevated_1.5,0.005,20,68.476527,31.523473,0.800946,0.042018,0.0,0.094021,1.0,False
aggregate,0.75,0.5,elevated_1.5,0.01,2,79.568647,20.431353,0.978519,0.041452,0.0,0.019929,1.0,True
aggregate,0.75,0.5,elevated_1.5,0.01,5,77.806124,22.193876,0.946307,0.042827,0.0,0.0493,1.0,True
aggregate,0.75,0.5,elevated_1.5,0.01,10,74.243596,25.756404,0.887975,0.045379,0.0,0.096674,1.0,False
aggregate,0.75,0.5,elevated_1.5,0.01,20,63.843302,36.156698,0.744629,0.053187,0.0,0.183419,1.0,False
aggregate,0.75,0.5,elevated_1.5,0.015,2,79.002679,20.997321,0.971138,0.047334,0.0,0.029818,1.0,True
aggregate,0.75,0.5,elevated_1.5,0.015,5,76.834653,23.165347,0.932939,0.049582,0.0,0.073487,1.0,True
aggregate,0.75,0.5,elevated_1.5,0.015,10,72.334692,27.665308,0.862649,0.053471,0.0,0.143326,1.0,False
aggregate,0.75,0.5,elevated_1.5,0.015,20,58.265317,41.734683,0.679263,0.067037,0.0,0.267317,1.0,False
aggregate,0.75,0.5,elevated_1.5,0.02,2,78.43219,21.56781,0.963716,0.053231,0.0,0.039657,1.0,True
aggregate,0.75,0.5,elevated_1.5,0.02,5,75.821916,24.178084,0.919195,0.056489,0.0,0.097354,1.0,True
aggregate,0.75,0.5,elevated_1.5,0.02,10,70.250271,29.749729,0.835714,0.062056,0.0,0.188737,1.0,False
aggregate,0.75,0.5,elevated_1.5,0.02,20,51.64018,48.35982,0.603636,0.084594,0.0,0.344665,1.0,False
aggregate,0.75,0.5,elevated_1.5,0.025,2,77.857229,22.142771,0.956254,0.059145,0.0,0.049447,1.0,True
aggregate,0.75,0.5,elevated_1.5,0.025,5,74.767411,25.232589,0.905069,0.063553,0.0,0.120892,1.0,False
aggregate,0.75,0.5,elevated_1.5,0.025,10,67.97932,32.02068,0.807041,0.071199,0.0,0.232814,1.0,False
aggregate,0.75,0.5,elevated_1.5,0.025,20,45.465983,54.534017,0.533123,0.096923,0.0,0.414604,1.0,False
aggregate,0.75,0.5,elevated_1.5,0.03,2,77.277843,22.722157,0.948751,0.065074,0.002014,0.057172,0.965975,True
aggregate,0.75,0.5,elevated_1.5,0.03,5,73.670609,26.329391,0.890541,0.070782,0.004903,0.139191,0.965975,False
aggregate,0.75,0.5,elevated_1.5,0.03,10,65.509463,34.490537,0.776425,0.080999,0.009373,0.266088,0.965975,False
aggregate,0.75,0.5,elevated_1.5,0.03,20,40.122977,59.877023,0.471642,0.107293,0.016244,0.461169,0.965975,False
aggregate,0.75,0.5,elevated_1.5,0.04,2,76.105952,23.894048,0.933627,0.076984,0.021632,0.056882,0.724481,True
aggregate,0.75,0.5,elevated_1.5,0.04,5,71.347816,28.652184,0.86019,0.085765,0.052198,0.137257,0.724481,False
aggregate,0.75,0.5,elevated_1.5,0.04,10,59.910724,40.089276,0.708482,0.103216,0.098096,0.257946,0.724481,False
aggregate,0.75,0.5,elevated_1.5,0.04,20,31.336106,68.663894,0.369689,0.127213,0.16084,0.42293,0.724481,False
aggregate,0.75,0.5,elevated_1.5,0.05,2,74.916788,25.083212,0.918347,0.088964,0.041051,0.056593,0.579585,False
aggregate,0.75,0.5,elevated_1.5,0.05,5,68.848331,31.151669,0.828205,0.101519,0.098112,0.135258,0.579585,False
aggregate,0.75,0.5,elevated_1.5,0.05,10,53.276563,46.723437,0.630675,0.131057,0.1806,0.248975,0.579585,False
aggregate,0.75,0.5,elevated_1.5,0.05,20,24.529532,75.470468,0.290374,0.146949,0.280948,0.387316,0.579585,False
aggregate,0.75,0.5,high_2.0,0.005,2,80.024864,19.975136,0.984737,0.03367,0.0,0.009989,1.0,True
aggregate,0.75,0.5,high_2.0,0.005,5,78.271087,21.728913,0.954362,0.034122,0.0,0.024761,1.0,True
aggregate,0.75,0.5,high_2.0,0.005,10,74.756212,25.243788,0.8989,0.035128,0.0,0.048595,1.0,False
aggregate,0.75,0.5,high_2.0,0.005,20,64.99964,35.00036,0.765236,0.037911,0.0,0.092407,1.0,False
aggregate,0.75,0.5,high_2.0,0.01,2,79.465209,20.534791,0.977417,0.039247,0.0,0.019929,1.0,True
aggregate,0.75,0.5,high_2.0,0.01,5,77.279697,22.720303,0.940717,0.040186,0.0,0.049213,1.0,True
aggregate,0.75,0.5,high_2.0,0.01,10,72.771941,27.228059,0.872525,0.041884,0.0,0.096041,1.0,False
aggregate,0.75,0.5,high_2.0,0.01,20,59.580327,40.419673,0.700671,0.04688,0.0,0.179519,1.0,False
aggregate,0.75,0.5,high_2.0,0.015,2,78.900967,21.099033,0.970054,0.044825,0.0,0.029818,1.0,True
aggregate,0.75,0.5,high_2.0,0.015,5,76.246323,23.753677,0.92669,0.046334,0.0,0.073347,1.0,True
aggregate,0.75,0.5,high_2.0,0.015,10,70.614378,29.385622,0.844572,0.048883,0.0,0.142247,1.0,False
aggregate,0.75,0.5,high_2.0,0.015,20,53.307933,46.692067,0.627937,0.057616,0.0,0.260473,1.0,False
aggregate,0.75,0.5,high_2.0,0.02,2,78.332194,21.667806,0.962651,0.050405,0.0,0.039657,1.0,True
aggregate,0.75,0.5,high_2.0,0.02,5,75.170983,24.829017,0.91228,0.052567,0.0,0.097155,1.0,False
aggregate,0.75,0.5,high_2.0,0.02,10,68.279399,31.720601,0.814988,0.056137,0.0,0.187123,1.0,False
aggregate,0.75,0.5,high_2.0,0.02,20,47.267664,52.732336,0.558144,0.065844,0.0,0.334499,1.0,False
aggregate,0.75,0.5,high_2.0,0.025,2,77.758942,22.241058,0.955206,0.055988,0.0,0.049447,1.0,True
aggregate,0.75,0.5,high_2.0,0.025,5,74.05372,25.94628,0.897486,0.058886,0.0,0.12063,1.0,False
aggregate,0.75,0.5,high_2.0,0.025,10,65.763526,34.236474,0.783722,0.063674,0.0,0.230579,1.0,False
aggregate,0.75,0.5,high_2.0,0.025,20,41.945533,58.054467,0.496341,0.073296,0.0,0.401604,1.0,False
aggregate,0.75,0.5,high_2.0,0.03,2,77.181256,22.818744,0.947722,0.061573,0.002014,0.057172,0.965975,True
aggregate,0.75,0.5,high_2.0,0.03,5,72.894591,27.105409,0.882295,0.065291,0.004891,0.13887,0.965975,False
aggregate,0.75,0.5,high_2.0,0.03,10,63.063533,36.936467,0.750679,0.071541,0.009273,0.26325,0.965975,False
aggregate,0.75,0.5,high_2.0,0.03,20,37.224943,62.775057,0.441288,0.08069,0.015724,0.4464,0.965975,False
aggregate,0.75,0.5,high_2.0,0.04,2,76.012745,23.987255,0.932634,0.072753,0.021632,0.056882,0.724481,True
aggregate,0.75,0.5,high_2.0,0.04,5,70.450964,29.549036,0.850667,0.078374,0.052064,0.136904,0.724481,False
aggregate,0.75,0.5,high_2.0,0.04,10,57.095417,42.904583,0.678931,0.088644,0.096844,0.254654,0.724481,False
aggregate,0.75,0.5,high_2.0,0.04,20,29.417742,70.582258,0.349597,0.095462,0.155902,0.409947,0.724481,False
aggregate,0.75,0.5,high_2.0,0.05,2,74.826935,25.173065,0.917389,0.083951,0.041051,0.056593,0.579585,False
aggregate,0.75,0.5,high_2.0,0.05,5,67.840423,32.159577,0.81751,0.091855,0.097835,0.134875,0.579585,False
aggregate,0.75,0.5,high_2.0,0.05,10,50.460421,49.539579,0.601148,0.108089,0.177956,0.24533,0.579585,False
aggregate,0.75,0.5,high_2.0,0.05,20,23.232918,76.767082,0.27678,0.110233,0.273,0.376359,0.579585,False
aggregate,0.75,1.0,none_1.0,0.005,2,80.229937,19.770063,0.986922,0.037731,0.0,0.009989,1.0,True
aggregate,0.75,1.0,none_1.0,0.005,5,79.210993,20.789007,0.964341,0.038739,0.0,0.024843,1.0,True
aggregate,0.75,1.0,none_1.0,0.005,10,77.237163,22.762837,0.92492,0.040921,0.0,0.049149,1.0,True
aggregate,0.75,1.0,none_1.0,0.005,20,72.018821,27.981179,0.837222,0.046687,0.0,0.095655,1.0,False
aggregate,0.75,1.0,none_1.0,0.01,2,79.660362,20.339638,0.979496,0.043966,0.0,0.019929,1.0,True
aggregate,0.75,1.0,none_1.0,0.01,5,78.306658,21.693342,0.951625,0.046337,0.0,0.049382,1.0,True
aggregate,0.75,1.0,none_1.0,0.01,10,75.635656,24.364344,0.902597,0.050463,0.0,0.097274,1.0,True
aggregate,0.75,1.0,none_1.0,0.01,20,67.933615,32.066385,0.786698,0.062062,0.0,0.187107,1.0,False
aggregate,0.75,1.0,none_1.0,0.015,2,79.085097,20.914903,0.972016,0.050243,0.0,0.029818,1.0,True
aggregate,0.75,1.0,none_1.0,0.015,5,77.352779,22.647221,0.938447,0.05426,0.0,0.073607,1.0,True
aggregate,0.75,1.0,none_1.0,0.015,10,73.840577,26.159423,0.878489,0.060968,0.0,0.144273,1.0,False
aggregate,0.75,1.0,none_1.0,0.015,20,62.765956,37.234044,0.725745,0.08159,0.0,0.27333,1.0,False
aggregate,0.75,1.0,none_1.0,0.02,2,78.504255,21.495745,0.964484,0.056563,0.0,0.039657,1.0,True
aggregate,0.75,1.0,none_1.0,0.02,5,76.348474,23.651526,0.924796,0.062515,0.0,0.097508,1.0,True
aggregate,0.75,1.0,none_1.0,0.02,10,71.835349,28.164651,0.852408,0.072523,0.0,0.190038,1.0,False
aggregate,0.75,1.0,none_1.0,0.02,20,56.235598,43.764402,0.6513,0.107321,0.0,0.353084,1.0,False
aggregate,0.75,1.0,none_1.0,0.025,2,77.917943,22.082057,0.956901,0.062923,0.0,0.049447,1.0,True
aggregate,0.75,1.0,none_1.0,0.025,5,75.292944,24.707056,0.910662,0.071108,0.0,0.121075,1.0,True
aggregate,0.75,1.0,none_1.0,0.025,10,69.603413,30.396587,0.824168,0.085225,0.0,0.234456,1.0,False
aggregate,0.75,1.0,none_1.0,0.025,20,48.80512,51.19488,0.567948,0.135985,0.0,0.424918,1.0,False
aggregate,0.75,1.0,none_1.0,0.03,2,77.32626,22.67374,0.949267,0.069325,0.002014,0.057172,0.965975,True
aggregate,0.75,1.0,none_1.0,0.03,5,74.185474,25.814526,0.896023,0.080046,0.00491,0.139388,0.965975,False
aggregate,0.75,1.0,none_1.0,0.03,10,67.128238,32.871762,0.793509,0.09919,0.009439,0.267966,0.965975,False
aggregate,0.75,1.0,none_1.0,0.03,20,42.463713,57.536287,0.496148,0.155835,0.016619,0.471817,0.965975,False
aggregate,0.75,1.0,none_1.0,0.04,2,76.127166,23.872834,0.933853,0.082248,0.021632,0.056882,0.724481,True
aggregate,0.75,1.0,none_1.0,0.04,5,71.812212,28.187788,0.865142,0.09899,0.052258,0.137413,0.724481,False
aggregate,0.75,1.0,none_1.0,0.04,10,61.380293,38.619707,0.723984,0.131547,0.098743,0.259648,0.724481,False
aggregate,0.75,1.0,none_1.0,0.04,20,32.450272,67.549728,0.38139,0.188504,0.163579,0.430134,0.724481,False
aggregate,0.75,1.0,none_1.0,0.05,2,74.907699,25.092301,0.91825,0.09533,0.041051,0.056593,0.579585,False
aggregate,0.75,1.0,none_1.0,0.05,5,69.224274,30.775726,0.832228,0.119419,0.098187,0.13536,0.579585,False
aggregate,0.75,1.0,none_1.0,0.05,10,54.436978,45.563022,0.642927,0.171672,0.181585,0.250333,0.579585,False
aggregate,0.75,1.0,none_1.0,0.05,20,25.063806,74.936194,0.296016,0.218862,0.284119,0.391687,0.579585,False
aggregate,0.75,1.0,elevated_1.5,0.005,2,80.125027,19.874973,0.985804,0.035647,0.0,0.009989,1.0,True
aggregate,0.75,1.0,elevated_1.5,0.005,5,78.7081,21.2919,0.959002,0.036496,0.0,0.0248,1.0,True
aggregate,0.75,1.0,elevated_1.5,0.005,10,75.890779,24.109221,0.910806,0.038366,0.0,0.048851,1.0,True
aggregate,0.75,1.0,elevated_1.5,0.005,20,68.09546,31.90454,0.797058,0.043305,0.0,0.093875,1.0,False
aggregate,0.75,1.0,elevated_1.5,0.01,2,79.557444,20.442556,0.978399,0.041587,0.0,0.019929,1.0,True
aggregate,0.75,1.0,elevated_1.5,0.01,5,77.738783,22.261217,0.945595,0.043464,0.0,0.04929,1.0,True
aggregate,0.75,1.0,elevated_1.5,0.01,10,74.009108,25.990892,0.885526,0.046869,0.0,0.096585,1.0,False
aggregate,0.75,1.0,elevated_1.5,0.01,20,62.892867,37.107133,0.734878,0.056024,0.0,0.182698,1.0,False
aggregate,0.75,1.0,elevated_1.5,0.015,2,78.984154,21.015846,0.970941,0.047557,0.0,0.029818,1.0,True
aggregate,0.75,1.0,elevated_1.5,0.015,5,76.718926,23.281074,0.931714,0.050664,0.0,0.073461,1.0,True
aggregate,0.75,1.0,elevated_1.5,0.015,10,71.919433,28.080567,0.858306,0.056012,0.0,0.143095,1.0,False
aggregate,0.75,1.0,elevated_1.5,0.015,20,56.62344,43.37656,0.662331,0.071122,0.0,0.265403,1.0,False
aggregate,0.75,1.0,elevated_1.5,0.02,2,78.40527,21.59473,0.963429,0.053556,0.0,0.039657,1.0,True
aggregate,0.75,1.0,elevated_1.5,0.02,5,75.648315,24.351685,0.917357,0.058096,0.0,0.097302,1.0,True
aggregate,0.75,1.0,elevated_1.5,0.02,10,69.613117,30.386883,0.829041,0.0658,0.0,0.188271,1.0,False
aggregate,0.75,1.0,elevated_1.5,0.02,20,49.711877,50.288123,0.58364,0.086504,0.0,0.340876,1.0,False
aggregate,0.75,1.0,elevated_1.5,0.025,2,77.820899,22.179101,0.955866,0.059584,0.0,0.049447,1.0,True
aggregate,0.75,1.0,elevated_1.5,0.025,5,74.526868,25.473132,0.902521,0.065758,0.0,0.120804,1.0,False
aggregate,0.75,1.0,elevated_1.5,0.025,10,67.084105,32.915895,0.797654,0.076238,0.0,0.232001,1.0,False
aggregate,0.75,1.0,elevated_1.5,0.025,20,43.698931,56.301069,0.514713,0.097379,0.0,0.40873,1.0,False
aggregate,0.75,1.0,elevated_1.5,0.03,2,77.231144,22.768856,0.948253,0.065639,0.002014,0.057172,0.965975,True
aggregate,0.75,1.0,elevated_1.5,0.03,5,73.354629,26.645371,0.887194,0.07365,0.004898,0.139058,0.965975,False
aggregate,0.75,1.0,elevated_1.5,0.03,10,64.329157,35.670843,0.764042,0.087332,0.009329,0.264844,0.965975,False
aggregate,0.75,1.0,elevated_1.5,0.03,20,38.515209,61.484791,0.454845,0.107457,0.015975,0.453527,0.965975,False
aggregate,0.75,1.0,elevated_1.5,0.04,2,76.035861,23.964139,0.93288,0.077834,0.021632,0.056882,0.724481,True
aggregate,0.75,1.0,elevated_1.5,0.04,5,70.85853,29.14147,0.855013,0.09012,0.052121,0.137052,0.724481,False
aggregate,0.75,1.0,elevated_1.5,0.04,10,58.142072,41.857928,0.68998,0.111586,0.097367,0.256028,0.724481,False
aggregate,0.75,1.0,elevated_1.5,0.04,20,30.045351,69.954649,0.356211,0.12725,0.157661,0.414573,0.724481,False
aggregate,0.75,1.0,elevated_1.5,0.05,2,74.82015,25.17985,0.917317,0.090139,0.041051,0.056593,0.579585,False
aggregate,0.75,1.0,elevated_1.5,0.05,5,68.16256,31.83744,0.820958,0.107505,0.097906,0.134974,0.579585,False
aggregate,0.75,1.0,elevated_1.5,0.05,10,51.09194,48.90806,0.607843,0.139049,0.178702,0.246358,0.579585,False
aggregate,0.75,1.0,elevated_1.5,0.05,20,23.523677,76.476323,0.279862,0.146963,0.274935,0.379026,0.579585,False
aggregate,0.75,1.0,high_2.0,0.005,2,80.020118,19.979882,0.984686,0.033727,0.0,0.009989,1.0,True
aggregate,0.75,1.0,high_2.0,0.005,5,78.243718,21.756282,0.954073,0.034364,0.0,0.024759,1.0,True
aggregate,0.75,1.0,high_2.0,0.005,10,74.660868,25.339132,0.897905,0.035647,0.0,0.048577,1.0,False
aggregate,0.75,1.0,high_2.0,0.005,20,64.631576,35.368424,0.76146,0.038713,0.0,0.092263,1.0,False
aggregate,0.75,1.0,high_2.0,0.01,2,79.454526,20.545474,0.977303,0.039376,0.0,0.019929,1.0,True
aggregate,0.75,1.0,high_2.0,0.01,5,77.215793,22.784207,0.940041,0.040742,0.0,0.049203,1.0,True
aggregate,0.75,1.0,high_2.0,0.01,10,72.54374,27.45626,0.870138,0.043059,0.0,0.095956,1.0,False
aggregate,0.75,1.0,high_2.0,0.01,20,58.742365,41.257635,0.69203,0.048246,0.0,0.178838,1.0,False
aggregate,0.75,1.0,high_2.0,0.015,2,78.88321,21.11679,0.969865,0.04504,0.0,0.029818,1.0,True
aggregate,0.75,1.0,high_2.0,0.015,5,76.136992,23.863008,0.925533,0.047272,0.0,0.073322,1.0,True
aggregate,0.75,1.0,high_2.0,0.015,10,70.217814,29.782186,0.840419,0.050803,0.0,0.142027,1.0,False
aggregate,0.75,1.0,high_2.0,0.015,20,52.134757,47.865243,0.615772,0.058181,0.0,0.258766,1.0,False
aggregate,0.75,1.0,high_2.0,0.02,2,78.306285,21.693715,0.962375,0.05072,0.0,0.039657,1.0,True
aggregate,0.75,1.0,high_2.0,0.02,5,75.007748,24.992252,0.910551,0.053945,0.0,0.097106,1.0,False
aggregate,0.75,1.0,high_2.0,0.02,10,67.684213,32.315787,0.808746,0.05883,0.0,0.186684,1.0,False
aggregate,0.75,1.0,high_2.0,0.02,20,46.060473,53.939527,0.545567,0.0659,0.0,0.331417,1.0,False
aggregate,0.75,1.0,high_2.0,0.025,2,77.723856,22.276144,0.954832,0.056414,0.0,0.049447,1.0,True
aggregate,0.75,1.0,high_2.0,0.025,5,73.828657,26.171343,0.895102,0.060756,0.0,0.120546,1.0,False
aggregate,0.75,1.0,high_2.0,0.025,10,64.948429,35.051571,0.775164,0.067084,0.0,0.229822,1.0,False
aggregate,0.75,1.0,high_2.0,0.025,20,40.797018,59.202982,0.484332,0.073304,0.0,0.397053,1.0,False
aggregate,0.75,1.0,high_2.0,0.03,2,77.136028,22.863972,0.94724,0.062123,0.002014,0.057172,0.965975,True
aggregate,0.75,1.0,high_2.0,0.03,5,72.600471,27.399529,0.879179,0.067696,0.004887,0.138745,0.965975,False
aggregate,0.75,1.0,high_2.0,0.03,10,62.020325,37.979675,0.739719,0.07551,0.009232,0.262108,0.965975,False
aggregate,0.75,1.0,high_2.0,0.03,20,36.212271,63.787729,0.430674,0.080691,0.015525,0.440746,0.965975,False
aggregate,0.75,1.0,high_2.0,0.04,2,75.944556,24.055444,0.931907,0.073585,0.021632,0.056882,0.724481,True
aggregate,0.75,1.0,high_2.0,0.04,5,70.000539,29.999461,0.845902,0.081938,0.051991,0.136712,0.724481,False
aggregate,0.75,1.0,high_2.0,0.04,10,55.646319,44.353681,0.663745,0.092699,0.096195,0.252947,0.724481,False
aggregate,0.75,1.0,high_2.0,0.04,20,28.549575,71.450425,0.340505,0.095462,0.153542,0.403742,0.724481,False
aggregate,0.75,1.0,high_2.0,0.05,2,74.732602,25.267398,0.916384,0.085106,0.041051,0.056593,0.579585,False
aggregate,0.75,1.0,high_2.0,0.05,5,67.216675,32.783325,0.810918,0.096619,0.097642,0.134609,0.579585,False
aggregate,0.75,1.0,high_2.0,0.05,10,49.034357,50.965643,0.586203,0.109471,0.17633,0.243089,0.579585,False
aggregate,0.75,1.0,high_2.0,0.05,20,22.576321,77.423679,0.269899,0.110233,0.268688,0.370414,0.579585,False
aggregate,1.0,0.0,none_1.0,0.005,2,80.240483,19.759517,0.987035,0.037605,0.0,0.009989,1.0,True
aggregate,1.0,0.0,none_1.0,0.005,5,79.271032,20.728968,0.964975,0.038122,0.0,0.024848,1.0,True
aggregate,1.0,0.0,none_1.0,0.005,10,77.425911,22.574089,0.926883,0.039414,0.0,0.049187,1.0,True
aggregate,1.0,0.0,none_1.0,0.005,20,72.715104,27.284896,0.844276,0.04316,0.0,0.095931,1.0,False
aggregate,1.0,0.0,none_1.0,0.01,2,79.683808,20.316192,0.979746,0.043685,0.0,0.019929,1.0,True
aggregate,1.0,0.0,none_1.0,0.01,5,78.44749,21.55251,0.953114,0.044897,0.0,0.049404,1.0,True
aggregate,1.0,0.0,none_1.0,0.01,10,76.096187,23.903813,0.907394,0.046867,0.0,0.097453,1.0,True
aggregate,1.0,0.0,none_1.0,0.01,20,69.760971,30.239029,0.805311,0.053239,0.0,0.188494,1.0,False
aggregate,1.0,0.0,none_1.0,0.015,2,79.123686,20.876314,0.972427,0.04978,0.0,0.029818,1.0,True
aggregate,1.0,0.0,none_1.0,0.015,5,77.595075,22.404925,0.941011,0.051798,0.0,0.073663,1.0,True
aggregate,1.0,0.0,none_1.0,0.015,10,74.662846,25.337154,0.887068,0.054684,0.0,0.144743,1.0,False
aggregate,1.0,0.0,none_1.0,0.015,20,66.248364,33.751636,0.76139,0.06546,0.0,0.277158,1.0,False
aggregate,1.0,0.0,none_1.0,0.02,2,78.560115,21.439885,0.965079,0.055891,0.0,0.039657,1.0,True
aggregate,1.0,0.0,none_1.0,0.02,5,76.712612,23.287388,0.92865,0.058836,0.0,0.097618,1.0,True
aggregate,1.0,0.0,none_1.0,0.02,10,73.114371,26.885629,0.865772,0.062948,0.0,0.190994,1.0,False
aggregate,1.0,0.0,none_1.0,0.02,20,61.949277,38.050723,0.710062,0.081569,0.0,0.361229,1.0,False
aggregate,1.0,0.0,none_1.0,0.025,2,77.99309,22.00691,0.957701,0.06202,0.0,0.049447,1.0,True
aggregate,1.0,0.0,none_1.0,0.025,5,75.798793,24.201207,0.916019,0.066025,0.0,0.121262,1.0,True
aggregate,1.0,0.0,none_1.0,0.025,10,71.436545,28.563455,0.843347,0.071772,0.0,0.236138,1.0,False
aggregate,1.0,0.0,none_1.0,0.025,20,56.394395,43.605605,0.646372,0.105985,0.0,0.439722,1.0,False
aggregate,1.0,0.0,none_1.0,0.03,2,77.4226,22.5774,0.950293,0.068165,0.0,0.059186,1.0,True
aggregate,1.0,0.0,none_1.0,0.03,5,74.852156,25.147844,0.9031,0.073384,0.0,0.14459,1.0,False
aggregate,1.0,0.0,none_1.0,0.03,10,69.611445,30.388555,0.819593,0.081307,0.0,0.280097,1.0,False
aggregate,1.0,0.0,none_1.0,0.03,20,49.295084,50.704916,0.567168,0.141355,0.0,0.511049,1.0,False
aggregate,1.0,0.0,none_1.0,0.04,2,76.271152,23.728848,0.935387,0.080513,0.002671,0.075843,0.965975,True
aggregate,1.0,0.0,none_1.0,0.04,5,72.853693,27.146307,0.876303,0.088685,0.006474,0.183792,0.965975,False
aggregate,1.0,0.0,none_1.0,0.04,10,65.419183,34.580817,0.766891,0.103443,0.012389,0.351717,0.965975,False
aggregate,1.0,0.0,none_1.0,0.04,20,37.576345,62.423655,0.435295,0.183792,0.021421,0.608148,0.965975,False
aggregate,1.0,0.0,none_1.0,0.05,2,75.105582,24.894418,0.920358,0.09294,0.022187,0.075457,0.77278,False
aggregate,1.0,0.0,none_1.0,0.05,5,70.701568,29.298432,0.847978,0.104929,0.053303,0.181284,0.77278,False
aggregate,1.0,0.0,none_1.0,0.05,10,60.235786,39.764214,0.703949,0.132504,0.100465,0.341685,0.77278,False
aggregate,1.0,0.0,none_1.0,0.05,20,28.763882,71.236118,0.334822,0.216642,0.163658,0.556605,0.77278,False
aggregate,1.0,0.0,elevated_1.5,0.005,2,80.135047,19.864953,0.985911,0.035526,0.0,0.009989,1.0,True
aggregate,1.0,0.0,elevated_1.5,0.005,5,78.765294,21.234706,0.959607,0.03595,0.0,0.024804,1.0,True
aggregate,1.0,0.0,elevated_1.5,0.005,10,76.081566,23.918434,0.912794,0.037109,0.0,0.048888,1.0,True
aggregate,1.0,0.0,elevated_1.5,0.005,20,68.844212,31.155788,0.804695,0.040769,0.0,0.094162,1.0,False
aggregate,1.0,0.0,elevated_1.5,0.01,2,79.579851,20.420149,0.978638,0.041317,0.0,0.019929,1.0,True
aggregate,1.0,0.0,elevated_1.5,0.01,5,77.872382,22.127618,0.947008,0.042202,0.0,0.049311,1.0,True
aggregate,1.0,0.0,elevated_1.5,0.01,10,74.468978,25.531022,0.890327,0.043952,0.0,0.09676,1.0,False
aggregate,1.0,0.0,elevated_1.5,0.01,20,64.746799,35.253201,0.753886,0.050402,0.0,0.184107,1.0,False
aggregate,1.0,0.0,elevated_1.5,0.015,2,79.021205,20.978795,0.971335,0.047111,0.0,0.029818,1.0,True
aggregate,1.0,0.0,elevated_1.5,0.015,5,76.947755,23.052245,0.934135,0.048526,0.0,0.073513,1.0,True
aggregate,1.0,0.0,elevated_1.5,0.015,10,72.728263,27.271737,0.866762,0.051073,0.0,0.143548,1.0,False
aggregate,1.0,0.0,elevated_1.5,0.015,20,59.856112,40.143888,0.695637,0.062601,0.0,0.269131,1.0,False
aggregate,1.0,0.0,elevated_1.5,0.02,2,78.45911,21.54089,0.964003,0.052906,0.0,0.039657,1.0,True
aggregate,1.0,0.0,elevated_1.5,0.02,5,75.990598,24.009402,0.92098,0.054932,0.0,0.097405,1.0,True
aggregate,1.0,0.0,elevated_1.5,0.02,10,70.848532,29.151468,0.841974,0.058547,0.0,0.189183,1.0,False
aggregate,1.0,0.0,elevated_1.5,0.02,20,53.82368,46.17632,0.62622,0.080311,0.0,0.348333,1.0,False
aggregate,1.0,0.0,elevated_1.5,0.025,2,77.893559,22.106441,0.956641,0.058706,0.0,0.049447,1.0,True
aggregate,1.0,0.0,elevated_1.5,0.025,5,75.000001,24.999999,0.907532,0.061429,0.0,0.120979,1.0,False
aggregate,1.0,0.0,elevated_1.5,0.025,10,68.816614,31.183386,0.815813,0.066471,0.0,0.233588,1.0,False
aggregate,1.0,0.0,elevated_1.5,0.025,20,47.488588,52.511412,0.554145,0.095987,0.0,0.420569,1.0,False
aggregate,1.0,0.0,elevated_1.5,0.03,2,77.324543,22.675457,0.949249,0.064509,0.0,0.059186,1.0,True
aggregate,1.0,0.0,elevated_1.5,0.03,5,73.974949,26.025051,0.893779,0.068032,0.0,0.14423,1.0,False
aggregate,1.0,0.0,elevated_1.5,0.03,10,66.61614,33.38386,0.788096,0.074984,0.0,0.276681,1.0,False
aggregate,1.0,0.0,elevated_1.5,0.03,20,41.964871,58.035129,0.490919,0.106976,0.0,0.485647,1.0,False
aggregate,1.0,0.0,elevated_1.5,0.04,2,76.176043,23.823957,0.934374,0.076134,0.002671,0.075843,0.965975,True
aggregate,1.0,0.0,elevated_1.5,0.04,5,71.816792,28.183208,0.865283,0.08161,0.006456,0.183275,0.965975,False
aggregate,1.0,0.0,elevated_1.5,0.04,10,61.618946,38.381054,0.726913,0.094649,0.0122,0.346362,0.965975,False
aggregate,1.0,0.0,elevated_1.5,0.04,20,32.796846,67.203154,0.385293,0.127147,0.020279,0.575722,0.965975,False
aggregate,1.0,0.0,elevated_1.5,0.05,2,75.013426,24.986574,0.919376,0.087789,0.022187,0.075457,0.77278,False
aggregate,1.0,0.0,elevated_1.5,0.05,5,69.505222,30.494778,0.835274,0.095811,0.053135,0.180715,0.77278,False
aggregate,1.0,0.0,elevated_1.5,0.05,10,55.584983,44.415017,0.655191,0.120575,0.098604,0.335355,0.77278,False
aggregate,1.0,0.0,elevated_1.5,0.05,20,25.625111,74.374889,0.302003,0.146928,0.155251,0.528013,0.77278,False
aggregate,1.0,0.0,high_2.0,0.005,2,80.02961,19.97039,0.984788,0.033612,0.0,0.009989,1.0,True
aggregate,1.0,0.0,high_2.0,0.005,5,78.298238,21.701762,0.954649,0.033882,0.0,0.024763,1.0,True
aggregate,1.0,0.0,high_2.0,0.005,10,74.849823,25.150177,0.899877,0.034619,0.0,0.048613,1.0,False
aggregate,1.0,0.0,high_2.0,0.005,20,65.359754,34.640246,0.768927,0.037111,0.0,0.092548,1.0,False
aggregate,1.0,0.0,high_2.0,0.01,2,79.475893,20.524107,0.97753,0.039117,0.0,0.019929,1.0,True
aggregate,1.0,0.0,high_2.0,0.01,5,77.342643,22.657357,0.941383,0.039638,0.0,0.049222,1.0,True
aggregate,1.0,0.0,high_2.0,0.01,10,72.992784,27.007216,0.874833,0.040749,0.0,0.096123,1.0,False
aggregate,1.0,0.0,high_2.0,0.01,20,60.404197,39.595803,0.709158,0.045401,0.0,0.180179,1.0,False
aggregate,1.0,0.0,high_2.0,0.015,2,78.918724,21.081276,0.970243,0.04461,0.0,0.029818,1.0,True
aggregate,1.0,0.0,high_2.0,0.015,5,76.353348,23.646652,0.927823,0.045419,0.0,0.073371,1.0,True
aggregate,1.0,0.0,high_2.0,0.015,10,70.994337,29.005663,0.84855,0.047042,0.0,0.142459,1.0,False
aggregate,1.0,0.0,high_2.0,0.015,20,54.610027,45.389973,0.641413,0.056017,0.0,0.262138,1.0,False
aggregate,1.0,0.0,high_2.0,0.02,2,78.358104,21.641896,0.962927,0.050091,0.0,0.039657,1.0,True
aggregate,1.0,0.0,high_2.0,0.02,5,75.329931,24.670069,0.913963,0.051231,0.0,0.097203,1.0,True
aggregate,1.0,0.0,high_2.0,0.02,10,68.84684,31.15316,0.820935,0.053551,0.0,0.187546,1.0,False
aggregate,1.0,0.0,high_2.0,0.02,20,48.543525,51.456475,0.571415,0.065726,0.0,0.337566,1.0,False
aggregate,1.0,0.0,high_2.0,0.025,2,77.794028,22.205972,0.95558,0.055562,0.0,0.049447,1.0,True
aggregate,1.0,0.0,high_2.0,0.025,5,74.271912,25.728088,0.899797,0.057081,0.0,0.120712,1.0,False
aggregate,1.0,0.0,high_2.0,0.025,10,66.541234,33.458766,0.791882,0.060356,0.0,0.231306,1.0,False
aggregate,1.0,0.0,high_2.0,0.025,20,43.162656,56.837344,0.509049,0.073279,0.0,0.406194,1.0,False
aggregate,1.0,0.0,high_2.0,0.03,2,77.226485,22.773515,0.948204,0.061023,0.0,0.059186,1.0,True
aggregate,1.0,0.0,high_2.0,0.03,5,73.178744,26.821256,0.885319,0.062979,0.0,0.14389,1.0,False
aggregate,1.0,0.0,high_2.0,0.03,10,64.066316,35.933684,0.761262,0.067564,0.0,0.273657,1.0,False
aggregate,1.0,0.0,high_2.0,0.03,20,38.403152,61.596848,0.453663,0.080685,0.0,0.468359,1.0,False
aggregate,1.0,0.0,high_2.0,0.04,2,76.080933,23.919067,0.93336,0.071922,0.002671,0.075843,0.965975,True
aggregate,1.0,0.0,high_2.0,0.04,5,70.88437,29.11563,0.855375,0.074962,0.006438,0.182788,0.965975,False
aggregate,1.0,0.0,high_2.0,0.04,10,58.545869,41.454131,0.694553,0.083896,0.012037,0.341738,0.965975,False
aggregate,1.0,0.0,high_2.0,0.04,20,30.321713,69.678287,0.359295,0.095462,0.019549,0.555013,0.965975,False
aggregate,1.0,0.0,high_2.0,0.05,2,74.921269,25.078731,0.918394,0.082796,0.022187,0.075457,0.77278,False
aggregate,1.0,0.0,high_2.0,0.05,5,68.440622,31.559378,0.82397,0.087286,0.052978,0.18018,0.77278,False
aggregate,1.0,0.0,high_2.0,0.05,10,52.09286,47.90714,0.61852,0.10503,0.097048,0.330062,0.77278,False
aggregate,1.0,0.0,high_2.0,0.05,20,23.984534,76.015466,0.284778,0.110233,0.150078,0.510418,0.77278,False
aggregate,1.0,0.5,none_1.0,0.005,2,80.23521,19.76479,0.986978,0.037668,0.0,0.009989,1.0,True
aggregate,1.0,0.5,none_1.0,0.005,5,79.24115,20.75885,0.96466,0.038429,0.0,0.024845,1.0,True
aggregate,1.0,0.5,none_1.0,0.005,10,77.332736,22.667264,0.925914,0.040157,0.0,0.049168,1.0,True
aggregate,1.0,0.5,none_1.0,0.005,20,72.376043,27.623957,0.840842,0.044874,0.0,0.095796,1.0,False
aggregate,1.0,0.5,none_1.0,0.01,2,79.672085,20.327915,0.979621,0.043825,0.0,0.019929,1.0,True
aggregate,1.0,0.5,none_1.0,0.01,5,78.377686,21.622314,0.952376,0.045611,0.0,0.049393,1.0,True
aggregate,1.0,0.5,none_1.0,0.01,10,75.871445,24.128555,0.905053,0.048618,0.0,0.097365,1.0,True
aggregate,1.0,0.5,none_1.0,0.01,20,68.889381,31.110619,0.796441,0.057445,0.0,0.187824,1.0,False
aggregate,1.0,0.5,none_1.0,0.015,2,79.104391,20.895609,0.972222,0.050012,0.0,0.029818,1.0,True
aggregate,1.0,0.5,none_1.0,0.015,5,77.475422,22.524578,0.939745,0.053013,0.0,0.073635,1.0,True
aggregate,1.0,0.5,none_1.0,0.015,10,74.265512,25.734488,0.882924,0.057711,0.0,0.144513,1.0,False
aggregate,1.0,0.5,none_1.0,0.015,20,64.604289,35.395711,0.744582,0.073132,0.0,0.275332,1.0,False
aggregate,1.0,0.5,none_1.0,0.02,2,78.532185,21.467815,0.964782,0.056227,0.0,0.039657,1.0,True
aggregate,1.0,0.5,none_1.0,0.02,5,76.533367,23.466633,0.926753,0.060644,0.0,0.097563,1.0,True
aggregate,1.0,0.5,none_1.0,0.02,10,72.501156,27.498844,0.859368,0.067522,0.0,0.190529,1.0,False
aggregate,1.0,0.5,none_1.0,0.02,20,59.230078,40.769922,0.68214,0.094166,0.0,0.357361,1.0,False
aggregate,1.0,0.5,none_1.0,0.025,2,77.955516,22.044484,0.957301,0.062472,0.0,0.049447,1.0,True
aggregate,1.0,0.5,none_1.0,0.025,5,75.550473,24.449527,0.91339,0.068517,0.0,0.12117,1.0,True
aggregate,1.0,0.5,none_1.0,0.025,10,70.562394,29.437606,0.834206,0.078166,0.0,0.235322,1.0,False
aggregate,1.0,0.5,none_1.0,0.025,20,52.248793,47.751207,0.603609,0.125837,0.0,0.432608,1.0,False
aggregate,1.0,0.5,none_1.0,0.03,2,77.37443,22.62557,0.94978,0.068745,0.0,0.059186,1.0,True
aggregate,1.0,0.5,none_1.0,0.03,5,74.525615,25.474385,0.899641,0.076641,0.0,0.144445,1.0,False
aggregate,1.0,0.5,none_1.0,0.03,10,68.43017,31.56983,0.807226,0.089795,0.0,0.278796,1.0,False
aggregate,1.0,0.5,none_1.0,0.03,20,45.507897,54.492103,0.527903,0.150955,0.0,0.499688,1.0,False
aggregate,1.0,0.5,none_1.0,0.04,2,76.199159,23.800841,0.93462,0.081381,0.002671,0.075843,0.965975,True
aggregate,1.0,0.5,none_1.0,0.04,5,72.34506,27.65494,0.870913,0.093708,0.006464,0.183508,0.965975,False
aggregate,1.0,0.5,none_1.0,0.04,10,63.484933,36.515067,0.746614,0.11696,0.012295,0.349053,0.965975,False
aggregate,1.0,0.5,none_1.0,0.04,20,34.668743,65.331257,0.404957,0.186914,0.020777,0.589854,0.965975,False
aggregate,1.0,0.5,none_1.0,0.05,2,75.00664,24.99336,0.919304,0.094135,0.022187,0.075457,0.77278,False
aggregate,1.0,0.5,none_1.0,0.05,5,69.980579,30.019421,0.840349,0.111985,0.053186,0.180887,0.77278,False
aggregate,1.0,0.5,none_1.0,0.05,10,57.376697,42.623303,0.674079,0.152255,0.099335,0.337842,0.77278,False
aggregate,1.0,0.5,none_1.0,0.05,20,26.688339,73.311661,0.313184,0.218029,0.158261,0.538248,0.77278,False
aggregate,1.0,0.5,elevated_1.5,0.005,2,80.130037,19.869963,0.985858,0.035586,0.0,0.009989,1.0,True
aggregate,1.0,0.5,elevated_1.5,0.005,5,78.73682,21.26318,0.959306,0.036222,0.0,0.024802,1.0,True
aggregate,1.0,0.5,elevated_1.5,0.005,10,75.9872,24.0128,0.911811,0.03773,0.0,0.04887,1.0,True
aggregate,1.0,0.5,elevated_1.5,0.005,20,68.476527,31.523473,0.800946,0.042018,0.0,0.094021,1.0,False
aggregate,1.0,0.5,elevated_1.5,0.01,2,79.568647,20.431353,0.978519,0.041452,0.0,0.019929,1.0,True
aggregate,1.0,0.5,elevated_1.5,0.01,5,77.806124,22.193876,0.946307,0.042827,0.0,0.0493,1.0,True
aggregate,1.0,0.5,elevated_1.5,0.01,10,74.243596,25.756404,0.887975,0.045379,0.0,0.096674,1.0,False
aggregate,1.0,0.5,elevated_1.5,0.01,20,63.843302,36.156698,0.744629,0.053187,0.0,0.183419,1.0,False
aggregate,1.0,0.5,elevated_1.5,0.015,2,79.002679,20.997321,0.971138,0.047334,0.0,0.029818,1.0,True
aggregate,1.0,0.5,elevated_1.5,0.015,5,76.834653,23.165347,0.932939,0.049582,0.0,0.073487,1.0,True
aggregate,1.0,0.5,elevated_1.5,0.015,10,72.334692,27.665308,0.862649,0.053471,0.0,0.143326,1.0,False
aggregate,1.0,0.5,elevated_1.5,0.015,20,58.265317,41.734683,0.679263,0.067037,0.0,0.267317,1.0,False
aggregate,1.0,0.5,elevated_1.5,0.02,2,78.43219,21.56781,0.963716,0.053231,0.0,0.039657,1.0,True
aggregate,1.0,0.5,elevated_1.5,0.02,5,75.821916,24.178084,0.919195,0.056489,0.0,0.097354,1.0,True
aggregate,1.0,0.5,elevated_1.5,0.02,10,70.250271,29.749729,0.835714,0.062056,0.0,0.188737,1.0,False
aggregate,1.0,0.5,elevated_1.5,0.02,20,51.64018,48.35982,0.603636,0.084594,0.0,0.344665,1.0,False
aggregate,1.0,0.5,elevated_1.5,0.025,2,77.857229,22.142771,0.956254,0.059145,0.0,0.049447,1.0,True
aggregate,1.0,0.5,elevated_1.5,0.025,5,74.767411,25.232589,0.905069,0.063553,0.0,0.120892,1.0,False
aggregate,1.0,0.5,elevated_1.5,0.025,10,67.97932,32.02068,0.807041,0.071199,0.0,0.232814,1.0,False
aggregate,1.0,0.5,elevated_1.5,0.025,20,45.465983,54.534017,0.533123,0.096923,0.0,0.414604,1.0,False
aggregate,1.0,0.5,elevated_1.5,0.03,2,77.277843,22.722157,0.948751,0.065074,0.0,0.059186,1.0,True
aggregate,1.0,0.5,elevated_1.5,0.03,5,73.670609,26.329391,0.890554,0.070782,0.0,0.144094,1.0,False
aggregate,1.0,0.5,elevated_1.5,0.03,10,65.509463,34.490537,0.776489,0.080999,0.0,0.275461,1.0,False
aggregate,1.0,0.5,elevated_1.5,0.03,20,40.122977,59.877023,0.471703,0.107293,0.0,0.477413,1.0,False
aggregate,1.0,0.5,elevated_1.5,0.04,2,76.105952,23.894048,0.933627,0.076984,0.002671,0.075843,0.965975,True
aggregate,1.0,0.5,elevated_1.5,0.04,5,71.347816,28.652184,0.860313,0.085765,0.006446,0.183009,0.965975,False
aggregate,1.0,0.5,elevated_1.5,0.04,10,59.910724,40.089276,0.708973,0.103216,0.012114,0.343928,0.965975,False
aggregate,1.0,0.5,elevated_1.5,0.04,20,31.336106,68.663894,0.369983,0.127213,0.019863,0.563907,0.965975,False
aggregate,1.0,0.5,elevated_1.5,0.05,2,74.916788,25.083212,0.918347,0.088964,0.022187,0.075457,0.77278,False
aggregate,1.0,0.5,elevated_1.5,0.05,5,68.848331,31.151669,0.828323,0.101519,0.053026,0.180344,0.77278,False
aggregate,1.0,0.5,elevated_1.5,0.05,10,53.276563,46.723437,0.631013,0.131057,0.097608,0.331967,0.77278,False
aggregate,1.0,0.5,elevated_1.5,0.05,20,24.529532,75.470468,0.29053,0.146949,0.151843,0.516421,0.77278,False
aggregate,1.0,0.5,high_2.0,0.005,2,80.024864,19.975136,0.984737,0.03367,0.0,0.009989,1.0,True
aggregate,1.0,0.5,high_2.0,0.005,5,78.271087,21.728913,0.954362,0.034122,0.0,0.024761,1.0,True
aggregate,1.0,0.5,high_2.0,0.005,10,74.756212,25.243788,0.8989,0.035128,0.0,0.048595,1.0,False
aggregate,1.0,0.5,high_2.0,0.005,20,64.99964,35.00036,0.765236,0.037911,0.0,0.092407,1.0,False
aggregate,1.0,0.5,high_2.0,0.01,2,79.465209,20.534791,0.977417,0.039247,0.0,0.019929,1.0,True
aggregate,1.0,0.5,high_2.0,0.01,5,77.279697,22.720303,0.940717,0.040186,0.0,0.049213,1.0,True
aggregate,1.0,0.5,high_2.0,0.01,10,72.771941,27.228059,0.872525,0.041884,0.0,0.096041,1.0,False
aggregate,1.0,0.5,high_2.0,0.01,20,59.580327,40.419673,0.700671,0.04688,0.0,0.179519,1.0,False
aggregate,1.0,0.5,high_2.0,0.015,2,78.900967,21.099033,0.970054,0.044825,0.0,0.029818,1.0,True
aggregate,1.0,0.5,high_2.0,0.015,5,76.246323,23.753677,0.92669,0.046334,0.0,0.073347,1.0,True
aggregate,1.0,0.5,high_2.0,0.015,10,70.614378,29.385622,0.844572,0.048883,0.0,0.142247,1.0,False
aggregate,1.0,0.5,high_2.0,0.015,20,53.307933,46.692067,0.627937,0.057616,0.0,0.260473,1.0,False
aggregate,1.0,0.5,high_2.0,0.02,2,78.332194,21.667806,0.962651,0.050405,0.0,0.039657,1.0,True
aggregate,1.0,0.5,high_2.0,0.02,5,75.170983,24.829017,0.91228,0.052567,0.0,0.097155,1.0,False
aggregate,1.0,0.5,high_2.0,0.02,10,68.279399,31.720601,0.814988,0.056137,0.0,0.187123,1.0,False
aggregate,1.0,0.5,high_2.0,0.02,20,47.267664,52.732336,0.558144,0.065844,0.0,0.334499,1.0,False
aggregate,1.0,0.5,high_2.0,0.025,2,77.758942,22.241058,0.955206,0.055988,0.0,0.049447,1.0,True
aggregate,1.0,0.5,high_2.0,0.025,5,74.05372,25.94628,0.897486,0.058886,0.0,0.12063,1.0,False
aggregate,1.0,0.5,high_2.0,0.025,10,65.763526,34.236474,0.783722,0.063674,0.0,0.230579,1.0,False
aggregate,1.0,0.5,high_2.0,0.025,20,41.945533,58.054467,0.496341,0.073296,0.0,0.401604,1.0,False
aggregate,1.0,0.5,high_2.0,0.03,2,77.181256,22.818744,0.947722,0.061573,0.0,0.059186,1.0,True
aggregate,1.0,0.5,high_2.0,0.03,5,72.894591,27.105409,0.882308,0.065291,0.0,0.143762,1.0,False
aggregate,1.0,0.5,high_2.0,0.03,10,63.063533,36.936467,0.750729,0.071541,0.0,0.272523,1.0,False
aggregate,1.0,0.5,high_2.0,0.03,20,37.224943,62.775057,0.441327,0.08069,0.0,0.462124,1.0,False
aggregate,1.0,0.5,high_2.0,0.04,2,76.012745,23.987255,0.932634,0.072753,0.002671,0.075843,0.965975,True
aggregate,1.0,0.5,high_2.0,0.04,5,70.450964,29.549036,0.850782,0.078374,0.00643,0.182538,0.965975,False
aggregate,1.0,0.5,high_2.0,0.04,10,57.095417,42.904583,0.679298,0.088644,0.01196,0.339538,0.965975,False
aggregate,1.0,0.5,high_2.0,0.04,20,29.417742,70.582258,0.349794,0.095462,0.019253,0.546596,0.965975,False
aggregate,1.0,0.5,high_2.0,0.05,2,74.826935,25.173065,0.917389,0.083951,0.022187,0.075457,0.77278,False
aggregate,1.0,0.5,high_2.0,0.05,5,67.840423,32.159577,0.817618,0.091855,0.052876,0.179833,0.77278,False
aggregate,1.0,0.5,high_2.0,0.05,10,50.460421,49.539579,0.601382,0.108089,0.096179,0.327107,0.77278,False
aggregate,1.0,0.5,high_2.0,0.05,20,23.232918,76.767082,0.276888,0.110233,0.147547,0.501811,0.77278,False
aggregate,1.0,1.0,none_1.0,0.005,2,80.229937,19.770063,0.986922,0.037731,0.0,0.009989,1.0,True
aggregate,1.0,1.0,none_1.0,0.005,5,79.210993,20.789007,0.964341,0.038739,0.0,0.024843,1.0,True
aggregate,1.0,1.0,none_1.0,0.005,10,77.237163,22.762837,0.92492,0.040921,0.0,0.049149,1.0,True
aggregate,1.0,1.0,none_1.0,0.005,20,72.018821,27.981179,0.837222,0.046687,0.0,0.095655,1.0,False
aggregate,1.0,1.0,none_1.0,0.01,2,79.660362,20.339638,0.979496,0.043966,0.0,0.019929,1.0,True
aggregate,1.0,1.0,none_1.0,0.01,5,78.306658,21.693342,0.951625,0.046337,0.0,0.049382,1.0,True
aggregate,1.0,1.0,none_1.0,0.01,10,75.635656,24.364344,0.902597,0.050463,0.0,0.097274,1.0,True
aggregate,1.0,1.0,none_1.0,0.01,20,67.933615,32.066385,0.786698,0.062062,0.0,0.187107,1.0,False
aggregate,1.0,1.0,none_1.0,0.015,2,79.085097,20.914903,0.972016,0.050243,0.0,0.029818,1.0,True
aggregate,1.0,1.0,none_1.0,0.015,5,77.352779,22.647221,0.938447,0.05426,0.0,0.073607,1.0,True
aggregate,1.0,1.0,none_1.0,0.015,10,73.840577,26.159423,0.878489,0.060968,0.0,0.144273,1.0,False
aggregate,1.0,1.0,none_1.0,0.015,20,62.765956,37.234044,0.725745,0.08159,0.0,0.27333,1.0,False
aggregate,1.0,1.0,none_1.0,0.02,2,78.504255,21.495745,0.964484,0.056563,0.0,0.039657,1.0,True
aggregate,1.0,1.0,none_1.0,0.02,5,76.348474,23.651526,0.924796,0.062515,0.0,0.097508,1.0,True
aggregate,1.0,1.0,none_1.0,0.02,10,71.835349,28.164651,0.852408,0.072523,0.0,0.190038,1.0,False
aggregate,1.0,1.0,none_1.0,0.02,20,56.235598,43.764402,0.6513,0.107321,0.0,0.353084,1.0,False
aggregate,1.0,1.0,none_1.0,0.025,2,77.917943,22.082057,0.956901,0.062923,0.0,0.049447,1.0,True
aggregate,1.0,1.0,none_1.0,0.025,5,75.292944,24.707056,0.910662,0.071108,0.0,0.121075,1.0,True
aggregate,1.0,1.0,none_1.0,0.025,10,69.603413,30.396587,0.824168,0.085225,0.0,0.234456,1.0,False
aggregate,1.0,1.0,none_1.0,0.025,20,48.80512,51.19488,0.567948,0.135985,0.0,0.424918,1.0,False
aggregate,1.0,1.0,none_1.0,0.03,2,77.32626,22.67374,0.949267,0.069325,0.0,0.059186,1.0,True
aggregate,1.0,1.0,none_1.0,0.03,5,74.185474,25.814526,0.896037,0.080046,0.0,0.144298,1.0,False
aggregate,1.0,1.0,none_1.0,0.03,10,67.128238,32.871762,0.793579,0.09919,0.0,0.277405,1.0,False
aggregate,1.0,1.0,none_1.0,0.03,20,42.463713,57.536287,0.496226,0.155835,0.0,0.488436,1.0,False
aggregate,1.0,1.0,none_1.0,0.04,2,76.127166,23.872834,0.933853,0.082248,0.002671,0.075843,0.965975,True
aggregate,1.0,1.0,none_1.0,0.04,5,71.812212,28.187788,0.865265,0.09899,0.006454,0.183217,0.965975,False
aggregate,1.0,1.0,none_1.0,0.04,10,61.380293,38.619707,0.724517,0.131547,0.012194,0.346197,0.965975,False
aggregate,1.0,1.0,none_1.0,0.04,20,32.450272,67.549728,0.381732,0.188504,0.020201,0.573512,0.965975,False
aggregate,1.0,1.0,none_1.0,0.05,2,74.907699,25.092301,0.91825,0.09533,0.022187,0.075457,0.77278,False
aggregate,1.0,1.0,none_1.0,0.05,5,69.224274,30.775726,0.832342,0.119419,0.053067,0.180481,0.77278,False
aggregate,1.0,1.0,none_1.0,0.05,10,54.436978,45.563022,0.643289,0.171672,0.09814,0.333778,0.77278,False
aggregate,1.0,1.0,none_1.0,0.05,20,25.063806,74.936194,0.296182,0.218862,0.153557,0.52225,0.77278,False
aggregate,1.0,1.0,elevated_1.5,0.005,2,80.125027,19.874973,0.985804,0.035647,0.0,0.009989,1.0,True
aggregate,1.0,1.0,elevated_1.5,0.005,5,78.7081,21.2919,0.959002,0.036496,0.0,0.0248,1.0,True
aggregate,1.0,1.0,elevated_1.5,0.005,10,75.890779,24.109221,0.910806,0.038366,0.0,0.048851,1.0,True
aggregate,1.0,1.0,elevated_1.5,0.005,20,68.09546,31.90454,0.797058,0.043305,0.0,0.093875,1.0,False
aggregate,1.0,1.0,elevated_1.5,0.01,2,79.557444,20.442556,0.978399,0.041587,0.0,0.019929,1.0,True
aggregate,1.0,1.0,elevated_1.5,0.01,5,77.738783,22.261217,0.945595,0.043464,0.0,0.04929,1.0,True
aggregate,1.0,1.0,elevated_1.5,0.01,10,74.009108,25.990892,0.885526,0.046869,0.0,0.096585,1.0,False
aggregate,1.0,1.0,elevated_1.5,0.01,20,62.892867,37.107133,0.734878,0.056024,0.0,0.182698,1.0,False
aggregate,1.0,1.0,elevated_1.5,0.015,2,78.984154,21.015846,0.970941,0.047557,0.0,0.029818,1.0,True
aggregate,1.0,1.0,elevated_1.5,0.015,5,76.718926,23.281074,0.931714,0.050664,0.0,0.073461,1.0,True
aggregate,1.0,1.0,elevated_1.5,0.015,10,71.919433,28.080567,0.858306,0.056012,0.0,0.143095,1.0,False
aggregate,1.0,1.0,elevated_1.5,0.015,20,56.62344,43.37656,0.662331,0.071122,0.0,0.265403,1.0,False
aggregate,1.0,1.0,elevated_1.5,0.02,2,78.40527,21.59473,0.963429,0.053556,0.0,0.039657,1.0,True
aggregate,1.0,1.0,elevated_1.5,0.02,5,75.648315,24.351685,0.917357,0.058096,0.0,0.097302,1.0,True
aggregate,1.0,1.0,elevated_1.5,0.02,10,69.613117,30.386883,0.829041,0.0658,0.0,0.188271,1.0,False
aggregate,1.0,1.0,elevated_1.5,0.02,20,49.711877,50.288123,0.58364,0.086504,0.0,0.340876,1.0,False
aggregate,1.0,1.0,elevated_1.5,0.025,2,77.820899,22.179101,0.955866,0.059584,0.0,0.049447,1.0,True
aggregate,1.0,1.0,elevated_1.5,0.025,5,74.526868,25.473132,0.902521,0.065758,0.0,0.120804,1.0,False
aggregate,1.0,1.0,elevated_1.5,0.025,10,67.084105,32.915895,0.797654,0.076238,0.0,0.232001,1.0,False
aggregate,1.0,1.0,elevated_1.5,0.025,20,43.698931,56.301069,0.514713,0.097379,0.0,0.40873,1.0,False
aggregate,1.0,1.0,elevated_1.5,0.03,2,77.231144,22.768856,0.948253,0.065639,0.0,0.059186,1.0,True
aggregate,1.0,1.0,elevated_1.5,0.03,5,73.354629,26.645371,0.887206,0.07365,0.0,0.143956,1.0,False
aggregate,1.0,1.0,elevated_1.5,0.03,10,64.329157,35.670843,0.764097,0.087332,0.0,0.274173,1.0,False
aggregate,1.0,1.0,elevated_1.5,0.03,20,38.515209,61.484791,0.454892,0.107457,0.0,0.469502,1.0,False
aggregate,1.0,1.0,elevated_1.5,0.04,2,76.035861,23.964139,0.93288,0.077834,0.002671,0.075843,0.965975,True
aggregate,1.0,1.0,elevated_1.5,0.04,5,70.85853,29.14147,0.855127,0.09012,0.006437,0.182737,0.965975,False
aggregate,1.0,1.0,elevated_1.5,0.04,10,58.142072,41.857928,0.690376,0.111586,0.012024,0.341371,0.965975,False
aggregate,1.0,1.0,elevated_1.5,0.04,20,30.045351,69.954649,0.356428,0.12725,0.01947,0.552764,0.965975,False
aggregate,1.0,1.0,elevated_1.5,0.05,2,74.82015,25.17985,0.917317,0.090139,0.022187,0.075457,0.77278,False
aggregate,1.0,1.0,elevated_1.5,0.05,5,68.16256,31.83744,0.821062,0.107505,0.052915,0.179965,0.77278,False
aggregate,1.0,1.0,elevated_1.5,0.05,10,51.09194,48.90806,0.608084,0.139049,0.096582,0.328478,0.77278,False
aggregate,1.0,1.0,elevated_1.5,0.05,20,23.523677,76.476323,0.279973,0.146963,0.148593,0.505369,0.77278,False
aggregate,1.0,1.0,high_2.0,0.005,2,80.020118,19.979882,0.984686,0.033727,0.0,0.009989,1.0,True
aggregate,1.0,1.0,high_2.0,0.005,5,78.243718,21.756282,0.954073,0.034364,0.0,0.024759,1.0,True
aggregate,1.0,1.0,high_2.0,0.005,10,74.660868,25.339132,0.897905,0.035647,0.0,0.048577,1.0,False
aggregate,1.0,1.0,high_2.0,0.005,20,64.631576,35.368424,0.76146,0.038713,0.0,0.092263,1.0,False
aggregate,1.0,1.0,high_2.0,0.01,2,79.454526,20.545474,0.977303,0.039376,0.0,0.019929,1.0,True
aggregate,1.0,1.0,high_2.0,0.01,5,77.215793,22.784207,0.940041,0.040742,0.0,0.049203,1.0,True
aggregate,1.0,1.0,high_2.0,0.01,10,72.54374,27.45626,0.870138,0.043059,0.0,0.095956,1.0,False
aggregate,1.0,1.0,high_2.0,0.01,20,58.742365,41.257635,0.69203,0.048246,0.0,0.178838,1.0,False
aggregate,1.0,1.0,high_2.0,0.015,2,78.88321,21.11679,0.969865,0.04504,0.0,0.029818,1.0,True
aggregate,1.0,1.0,high_2.0,0.015,5,76.136992,23.863008,0.925533,0.047272,0.0,0.073322,1.0,True
aggregate,1.0,1.0,high_2.0,0.015,10,70.217814,29.782186,0.840419,0.050803,0.0,0.142027,1.0,False
aggregate,1.0,1.0,high_2.0,0.015,20,52.134757,47.865243,0.615772,0.058181,0.0,0.258766,1.0,False
aggregate,1.0,1.0,high_2.0,0.02,2,78.306285,21.693715,0.962375,0.05072,0.0,0.039657,1.0,True
aggregate,1.0,1.0,high_2.0,0.02,5,75.007748,24.992252,0.910551,0.053945,0.0,0.097106,1.0,False
aggregate,1.0,1.0,high_2.0,0.02,10,67.684213,32.315787,0.808746,0.05883,0.0,0.186684,1.0,False
aggregate,1.0,1.0,high_2.0,0.02,20,46.060473,53.939527,0.545567,0.0659,0.0,0.331417,1.0,False
aggregate,1.0,1.0,high_2.0,0.025,2,77.723856,22.276144,0.954832,0.056414,0.0,0.049447,1.0,True
aggregate,1.0,1.0,high_2.0,0.025,5,73.828657,26.171343,0.895102,0.060756,0.0,0.120546,1.0,False
aggregate,1.0,1.0,high_2.0,0.025,10,64.948429,35.051571,0.775164,0.067084,0.0,0.229822,1.0,False
aggregate,1.0,1.0,high_2.0,0.025,20,40.797018,59.202982,0.484332,0.073304,0.0,0.397053,1.0,False
aggregate,1.0,1.0,high_2.0,0.03,2,77.136028,22.863972,0.94724,0.062123,0.0,0.059186,1.0,True
aggregate,1.0,1.0,high_2.0,0.03,5,72.600471,27.399529,0.879191,0.067696,0.0,0.143632,1.0,False
aggregate,1.0,1.0,high_2.0,0.03,10,62.020325,37.979675,0.739763,0.07551,0.0,0.27134,1.0,False
aggregate,1.0,1.0,high_2.0,0.03,20,36.212271,63.787729,0.430706,0.080691,0.0,0.456271,1.0,False
aggregate,1.0,1.0,high_2.0,0.04,2,75.944556,24.055444,0.931907,0.073585,0.002671,0.075843,0.965975,True
aggregate,1.0,1.0,high_2.0,0.04,5,70.000539,29.999461,0.846007,0.081938,0.006421,0.182283,0.965975,False
aggregate,1.0,1.0,high_2.0,0.04,10,55.646319,44.353681,0.664041,0.092699,0.01188,0.337262,0.965975,False
aggregate,1.0,1.0,high_2.0,0.04,20,28.549575,71.450425,0.340658,0.095462,0.018962,0.538322,0.965975,False
aggregate,1.0,1.0,high_2.0,0.05,2,74.732602,25.267398,0.916384,0.085106,0.022187,0.075457,0.77278,False
aggregate,1.0,1.0,high_2.0,0.05,5,67.216675,32.783325,0.811014,0.096619,0.052772,0.179479,0.77278,False
aggregate,1.0,1.0,high_2.0,0.05,10,49.034357,50.965643,0.586383,0.109471,0.0953,0.324118,0.77278,False
aggregate,1.0,1.0,high_2.0,0.05,20,22.576321,77.423679,0.269982,0.110233,0.145217,0.493885,0.77278,False
occupation,0.0,0.0,none_1.0,0.005,2,80.240483,19.759517,0.987035,0.037605,0.009989,0.0,0.0,True
occupation,0.0,0.0,none_1.0,0.005,5,79.271032,20.728968,0.964907,0.038122,0.024848,0.0,0.0,True
occupation,0.0,0.0,none_1.0,0.005,10,77.425911,22.574089,0.92648,0.039414,0.049187,0.0,0.0,True
occupation,0.0,0.0,none_1.0,0.005,20,72.715104,27.284896,0.842636,0.04316,0.095931,0.0,0.0,False
occupation,0.0,0.0,none_1.0,0.01,2,79.683808,20.316192,0.979746,0.043685,0.019929,0.0,0.0,True
occupation,0.0,0.0,none_1.0,0.01,5,78.44749,21.55251,0.952973,0.044897,0.049404,0.0,0.0,True
occupation,0.0,0.0,none_1.0,0.01,10,76.096187,23.903813,0.906546,0.046867,0.097453,0.0,0.0,True
occupation,0.0,0.0,none_1.0,0.01,20,69.760971,30.239029,0.802021,0.053239,0.188494,0.0,0.0,False
occupation,0.0,0.0,none_1.0,0.015,2,79.123686,20.876314,0.972427,0.04978,0.029818,0.0,0.0,True
occupation,0.0,0.0,none_1.0,0.015,5,77.595075,22.404925,0.940793,0.051798,0.073663,0.0,0.0,True
occupation,0.0,0.0,none_1.0,0.015,10,74.662846,25.337154,0.88575,0.054684,0.144743,0.0,0.0,False
occupation,0.0,0.0,none_1.0,0.015,20,66.248364,33.751636,0.756648,0.06546,0.277158,0.0,0.0,False
occupation,0.0,0.0,none_1.0,0.02,2,78.560115,21.439885,0.965079,0.055891,0.039657,0.0,0.0,True
occupation,0.0,0.0,none_1.0,0.02,5,76.712612,23.287388,0.928355,0.058836,0.097618,0.0,0.0,True
occupation,0.0,0.0,none_1.0,0.02,10,73.114371,26.885629,0.86398,0.062948,0.190994,0.0,0.0,False
occupation,0.0,0.0,none_1.0,0.02,20,61.949277,38.050723,0.70432,0.081569,0.361229,0.0,0.0,False
occupation,0.0,0.0,none_1.0,0.025,2,77.99309,22.00691,0.957701,0.06202,0.049447,0.0,0.0,True
occupation,0.0,0.0,none_1.0,0.025,5,75.798793,24.201207,0.915646,0.066025,0.121262,0.0,0.0,True
occupation,0.0,0.0,none_1.0,0.025,10,71.436545,28.563455,0.841094,0.071772,0.236138,0.0,0.0,False
occupation,0.0,0.0,none_1.0,0.025,20,56.394395,43.605605,0.640461,0.105985,0.439722,0.0,0.0,False
occupation,0.0,0.0,none_1.0,0.03,2,77.4226,22.5774,0.950293,0.068165,0.059186,0.0,0.0,True
occupation,0.0,0.0,none_1.0,0.03,5,74.852156,25.147844,0.902649,0.073384,0.14459,0.0,0.0,False
occupation,0.0,0.0,none_1.0,0.03,10,69.611445,30.388555,0.816914,0.081307,0.280097,0.0,0.0,False
occupation,0.0,0.0,none_1.0,0.03,20,49.295084,50.704916,0.562205,0.141355,0.511049,0.0,0.0,False
occupation,0.0,0.0,none_1.0,0.04,2,76.271152,23.728848,0.935387,0.080513,0.078515,0.0,0.0,True
occupation,0.0,0.0,none_1.0,0.04,5,72.853693,27.146307,0.875721,0.088685,0.190266,0.0,0.0,False
occupation,0.0,0.0,none_1.0,0.04,10,65.419183,34.580817,0.763666,0.103443,0.364105,0.0,0.0,False
occupation,0.0,0.0,none_1.0,0.04,20,37.576345,62.423655,0.432157,0.183792,0.629569,0.0,0.0,False
occupation,0.0,0.0,none_1.0,0.05,2,75.105582,24.894418,0.920358,0.09294,0.097643,0.0,0.0,False
occupation,0.0,0.0,none_1.0,0.05,5,70.701568,29.298432,0.847407,0.104929,0.234586,0.0,0.0,False
occupation,0.0,0.0,none_1.0,0.05,10,60.235786,39.764214,0.701189,0.132504,0.442151,0.0,0.0,False
occupation,0.0,0.0,none_1.0,0.05,20,28.763882,71.236118,0.333236,0.216642,0.720263,0.0,0.0,False
occupation,0.0,0.0,elevated_1.5,0.005,2,80.135047,19.864953,0.985911,0.035526,0.009989,0.0,0.0,True
occupation,0.0,0.0,elevated_1.5,0.005,5,78.765294,21.234706,0.959542,0.03595,0.024804,0.0,0.0,True
occupation,0.0,0.0,elevated_1.5,0.005,10,76.081566,23.918434,0.912441,0.037109,0.048888,0.0,0.0,True
occupation,0.0,0.0,elevated_1.5,0.005,20,68.844212,31.155788,0.803436,0.040769,0.094162,0.0,0.0,False
occupation,0.0,0.0,elevated_1.5,0.01,2,79.579851,20.420149,0.978638,0.041317,0.019929,0.0,0.0,True
occupation,0.0,0.0,elevated_1.5,0.01,5,77.872382,22.127618,0.946874,0.042202,0.049311,0.0,0.0,True
occupation,0.0,0.0,elevated_1.5,0.01,10,74.468978,25.531022,0.889593,0.043952,0.09676,0.0,0.0,False
occupation,0.0,0.0,elevated_1.5,0.01,20,64.746799,35.253201,0.751524,0.050402,0.184107,0.0,0.0,False
occupation,0.0,0.0,elevated_1.5,0.015,2,79.021205,20.978795,0.971335,0.047111,0.029818,0.0,0.0,True
occupation,0.0,0.0,elevated_1.5,0.015,5,76.947755,23.052245,0.933932,0.048526,0.073513,0.0,0.0,True
occupation,0.0,0.0,elevated_1.5,0.015,10,72.728263,27.271737,0.865641,0.051073,0.143548,0.0,0.0,False
occupation,0.0,0.0,elevated_1.5,0.015,20,59.856112,40.143888,0.692551,0.062601,0.269131,0.0,0.0,False
occupation,0.0,0.0,elevated_1.5,0.02,2,78.45911,21.54089,0.964003,0.052906,0.039657,0.0,0.0,True
occupation,0.0,0.0,elevated_1.5,0.02,5,75.990598,24.009402,0.920705,0.054932,0.097405,0.0,0.0,True
occupation,0.0,0.0,elevated_1.5,0.02,10,70.848532,29.151468,0.840476,0.058547,0.189183,0.0,0.0,False
occupation,0.0,0.0,elevated_1.5,0.02,20,53.82368,46.17632,0.623056,0.080311,0.348333,0.0,0.0,False
occupation,0.0,0.0,elevated_1.5,0.025,2,77.893559,22.106441,0.956641,0.058706,0.049447,0.0,0.0,True
occupation,0.0,0.0,elevated_1.5,0.025,5,75.000001,24.999999,0.907184,0.061429,0.120979,0.0,0.0,False
occupation,0.0,0.0,elevated_1.5,0.025,10,68.816614,31.183386,0.813969,0.066471,0.233588,0.0,0.0,False
occupation,0.0,0.0,elevated_1.5,0.025,20,47.488588,52.511412,0.551366,0.095987,0.420569,0.0,0.0,False
occupation,0.0,0.0,elevated_1.5,0.03,2,77.324543,22.675457,0.949249,0.064509,0.059186,0.0,0.0,True
occupation,0.0,0.0,elevated_1.5,0.03,5,73.974949,26.025051,0.893359,0.068032,0.14423,0.0,0.0,False
occupation,0.0,0.0,elevated_1.5,0.03,10,66.61614,33.38386,0.785956,0.074984,0.276681,0.0,0.0,False
occupation,0.0,0.0,elevated_1.5,0.03,20,41.964871,58.035129,0.488532,0.106976,0.485647,0.0,0.0,False
occupation,0.0,0.0,elevated_1.5,0.04,2,76.176043,23.823957,0.934374,0.076134,0.078515,0.0,0.0,True
occupation,0.0,0.0,elevated_1.5,0.04,5,71.816792,28.183208,0.864746,0.08161,0.189731,0.0,0.0,False
occupation,0.0,0.0,elevated_1.5,0.04,10,61.618946,38.381054,0.7245,0.094649,0.358562,0.0,0.0,False
occupation,0.0,0.0,elevated_1.5,0.04,20,32.796846,67.203154,0.38368,0.127147,0.596,0.0,0.0,False
occupation,0.0,0.0,elevated_1.5,0.05,2,75.013426,24.986574,0.919376,0.087789,0.097643,0.0,0.0,False
occupation,0.0,0.0,elevated_1.5,0.05,5,69.505222,30.494778,0.83475,0.095811,0.23385,0.0,0.0,False
occupation,0.0,0.0,elevated_1.5,0.05,10,55.584983,44.415017,0.653341,0.120575,0.433959,0.0,0.0,False
occupation,0.0,0.0,elevated_1.5,0.05,20,25.625111,74.374889,0.301143,0.146928,0.683265,0.0,0.0,False
occupation,0.0,0.0,high_2.0,0.005,2,80.02961,19.97039,0.984788,0.033612,0.009989,0.0,0.0,True
occupation,0.0,0.0,high_2.0,0.005,5,78.298238,21.701762,0.954588,0.033882,0.024763,0.0,0.0,True
occupation,0.0,0.0,high_2.0,0.005,10,74.849823,25.150177,0.899568,0.034619,0.048613,0.0,0.0,False
occupation,0.0,0.0,high_2.0,0.005,20,65.359754,34.640246,0.767976,0.037111,0.092548,0.0,0.0,False
occupation,0.0,0.0,high_2.0,0.01,2,79.475893,20.524107,0.97753,0.039117,0.019929,0.0,0.0,True
occupation,0.0,0.0,high_2.0,0.01,5,77.342643,22.657357,0.941258,0.039638,0.049222,0.0,0.0,True
occupation,0.0,0.0,high_2.0,0.01,10,72.992784,27.007216,0.8742,0.040749,0.096123,0.0,0.0,False
occupation,0.0,0.0,high_2.0,0.01,20,60.404197,39.595803,0.707502,0.045401,0.180179,0.0,0.0,False
occupation,0.0,0.0,high_2.0,0.015,2,78.918724,21.081276,0.970243,0.04461,0.029818,0.0,0.0,True
occupation,0.0,0.0,high_2.0,0.015,5,76.353348,23.646652,0.927632,0.045419,0.073371,0.0,0.0,True
occupation,0.0,0.0,high_2.0,0.015,10,70.994337,29.005663,0.847596,0.047042,0.142459,0.0,0.0,False
occupation,0.0,0.0,high_2.0,0.015,20,54.610027,45.389973,0.639481,0.056017,0.262138,0.0,0.0,False
occupation,0.0,0.0,high_2.0,0.02,2,78.358104,21.641896,0.962927,0.050091,0.039657,0.0,0.0,True
occupation,0.0,0.0,high_2.0,0.02,5,75.329931,24.670069,0.913705,0.051231,0.097203,0.0,0.0,True
occupation,0.0,0.0,high_2.0,0.02,10,68.84684,31.15316,0.819684,0.053551,0.187546,0.0,0.0,False
occupation,0.0,0.0,high_2.0,0.02,20,48.543525,51.456475,0.569583,0.065726,0.337566,0.0,0.0,False
occupation,0.0,0.0,high_2.0,0.025,2,77.794028,22.205972,0.95558,0.055562,0.049447,0.0,0.0,True
occupation,0.0,0.0,high_2.0,0.025,5,74.271912,25.728088,0.899472,0.057081,0.120712,0.0,0.0,False
occupation,0.0,0.0,high_2.0,0.025,10,66.541234,33.458766,0.790373,0.060356,0.231306,0.0,0.0,False
occupation,0.0,0.0,high_2.0,0.025,20,43.162656,56.837344,0.507396,0.073279,0.406194,0.0,0.0,False
occupation,0.0,0.0,high_2.0,0.03,2,77.226485,22.773515,0.948204,0.061023,0.059186,0.0,0.0,True
occupation,0.0,0.0,high_2.0,0.03,5,73.178744,26.821256,0.884928,0.062979,0.14389,0.0,0.0,False
occupation,0.0,0.0,high_2.0,0.03,10,64.066316,35.933684,0.759553,0.067564,0.273657,0.0,0.0,False
occupation,0.0,0.0,high_2.0,0.03,20,38.403152,61.596848,0.452209,0.080685,0.468359,0.0,0.0,False
occupation,0.0,0.0,high_2.0,0.04,2,76.080933,23.919067,0.93336,0.071922,0.078515,0.0,0.0,True
occupation,0.0,0.0,high_2.0,0.04,5,70.88437,29.11563,0.854878,0.074962,0.189227,0.0,0.0,False
occupation,0.0,0.0,high_2.0,0.04,10,58.545869,41.454131,0.692746,0.083896,0.353775,0.0,0.0,False
occupation,0.0,0.0,high_2.0,0.04,20,30.321713,69.678287,0.358284,0.095462,0.574562,0.0,0.0,False
occupation,0.0,0.0,high_2.0,0.05,2,74.921269,25.078731,0.918394,0.082796,0.097643,0.0,0.0,False
occupation,0.0,0.0,high_2.0,0.05,5,68.440622,31.559378,0.823489,0.087286,0.233158,0.0,0.0,False
occupation,0.0,0.0,high_2.0,0.05,10,52.09286,47.90714,0.617282,0.10503,0.42711,0.0,0.0,False
occupation,0.0,0.0,high_2.0,0.05,20,23.984534,76.015466,0.284208,0.110233,0.660496,0.0,0.0,False
occupation,0.0,0.5,none_1.0,0.005,2,80.23521,19.76479,0.986978,0.037668,0.009989,0.0,0.0,True
occupation,0.0,0.5,none_1.0,0.005,5,79.24115,20.75885,0.964591,0.038429,0.024845,0.0,0.0,True
occupation,0.0,0.5,none_1.0,0.005,10,77.332736,22.667264,0.925517,0.040157,0.049168,0.0,0.0,True
occupation,0.0,0.5,none_1.0,0.005,20,72.376043,27.623957,0.839244,0.044874,0.095796,0.0,0.0,False
occupation,0.0,0.5,none_1.0,0.01,2,79.672085,20.327915,0.979621,0.043825,0.019929,0.0,0.0,True
occupation,0.0,0.5,none_1.0,0.01,5,78.377686,21.622314,0.952237,0.045611,0.049393,0.0,0.0,True
occupation,0.0,0.5,none_1.0,0.01,10,75.871445,24.128555,0.904229,0.048618,0.097365,0.0,0.0,True
occupation,0.0,0.5,none_1.0,0.01,20,68.889381,31.110619,0.793349,0.057445,0.187824,0.0,0.0,False
occupation,0.0,0.5,none_1.0,0.015,2,79.104391,20.895609,0.972222,0.050012,0.029818,0.0,0.0,True
occupation,0.0,0.5,none_1.0,0.015,5,77.475422,22.524578,0.939533,0.053013,0.073635,0.0,0.0,True
occupation,0.0,0.5,none_1.0,0.015,10,74.265512,25.734488,0.881665,0.057711,0.144513,0.0,0.0,False
occupation,0.0,0.5,none_1.0,0.015,20,64.604289,35.395711,0.74035,0.073132,0.275332,0.0,0.0,False
occupation,0.0,0.5,none_1.0,0.02,2,78.532185,21.467815,0.964782,0.056227,0.039657,0.0,0.0,True
occupation,0.0,0.5,none_1.0,0.02,5,76.533367,23.466633,0.926469,0.060644,0.097563,0.0,0.0,True
occupation,0.0,0.5,none_1.0,0.02,10,72.501156,27.498844,0.857689,0.067522,0.190529,0.0,0.0,False
occupation,0.0,0.5,none_1.0,0.02,20,59.230078,40.769922,0.677409,0.094166,0.357361,0.0,0.0,False
occupation,0.0,0.5,none_1.0,0.025,2,77.955516,22.044484,0.957301,0.062472,0.049447,0.0,0.0,True
occupation,0.0,0.5,none_1.0,0.025,5,75.550473,24.449527,0.913033,0.068517,0.12117,0.0,0.0,True
occupation,0.0,0.5,none_1.0,0.025,10,70.562394,29.437606,0.832143,0.078166,0.235322,0.0,0.0,False
occupation,0.0,0.5,none_1.0,0.025,20,52.248793,47.751207,0.599385,0.125837,0.432608,0.0,0.0,False
occupation,0.0,0.5,none_1.0,0.03,2,77.37443,22.62557,0.94978,0.068745,0.059186,0.0,0.0,True
occupation,0.0,0.5,none_1.0,0.03,5,74.525615,25.474385,0.899215,0.076641,0.144445,0.0,0.0,False
occupation,0.0,0.5,none_1.0,0.03,10,68.43017,31.56983,0.804836,0.089795,0.278796,0.0,0.0,False
occupation,0.0,0.5,none_1.0,0.03,20,45.507897,54.492103,0.524476,0.150955,0.499688,0.0,0.0,False
occupation,0.0,0.5,none_1.0,0.04,2,76.199159,23.800841,0.93462,0.081381,0.078515,0.0,0.0,True
occupation,0.0,0.5,none_1.0,0.04,5,72.34506,27.65494,0.870377,0.093708,0.189971,0.0,0.0,False
occupation,0.0,0.5,none_1.0,0.04,10,63.484933,36.515067,0.743924,0.11696,0.361347,0.0,0.0,False
occupation,0.0,0.5,none_1.0,0.04,20,34.668743,65.331257,0.402892,0.186914,0.61063,0.0,0.0,False
occupation,0.0,0.5,none_1.0,0.05,2,75.00664,24.99336,0.919304,0.094135,0.097643,0.0,0.0,False
occupation,0.0,0.5,none_1.0,0.05,5,69.980579,30.019421,0.839836,0.111985,0.234073,0.0,0.0,False
occupation,0.0,0.5,none_1.0,0.05,10,57.376697,42.623303,0.672004,0.152255,0.437177,0.0,0.0,False
occupation,0.0,0.5,none_1.0,0.05,20,26.688339,73.311661,0.312156,0.218029,0.696509,0.0,0.0,False
occupation,0.0,0.5,elevated_1.5,0.005,2,80.130037,19.869963,0.985858,0.035586,0.009989,0.0,0.0,True
occupation,0.0,0.5,elevated_1.5,0.005,5,78.73682,21.26318,0.959241,0.036222,0.024802,0.0,0.0,True
occupation,0.0,0.5,elevated_1.5,0.005,10,75.9872,24.0128,0.911463,0.03773,0.04887,0.0,0.0,True
occupation,0.0,0.5,elevated_1.5,0.005,20,68.476527,31.523473,0.799726,0.042018,0.094021,0.0,0.0,False
occupation,0.0,0.5,elevated_1.5,0.01,2,79.568647,20.431353,0.978519,0.041452,0.019929,0.0,0.0,True
occupation,0.0,0.5,elevated_1.5,0.01,5,77.806124,22.193876,0.946176,0.042827,0.0493,0.0,0.0,True
occupation,0.0,0.5,elevated_1.5,0.01,10,74.243596,25.756404,0.887263,0.045379,0.096674,0.0,0.0,False
occupation,0.0,0.5,elevated_1.5,0.01,20,63.843302,36.156698,0.742439,0.053187,0.183419,0.0,0.0,False
occupation,0.0,0.5,elevated_1.5,0.015,2,79.002679,20.997321,0.971138,0.047334,0.029818,0.0,0.0,True
occupation,0.0,0.5,elevated_1.5,0.015,5,76.834653,23.165347,0.93274,0.049582,0.073487,0.0,0.0,True
occupation,0.0,0.5,elevated_1.5,0.015,10,72.334692,27.665308,0.86158,0.053471,0.143326,0.0,0.0,False
occupation,0.0,0.5,elevated_1.5,0.015,20,58.265317,41.734683,0.676581,0.067037,0.267317,0.0,0.0,False
occupation,0.0,0.5,elevated_1.5,0.02,2,78.43219,21.56781,0.963716,0.053231,0.039657,0.0,0.0,True
occupation,0.0,0.5,elevated_1.5,0.02,5,75.821916,24.178084,0.918928,0.056489,0.097354,0.0,0.0,True
occupation,0.0,0.5,elevated_1.5,0.02,10,70.250271,29.749729,0.834315,0.062056,0.188737,0.0,0.0,False
occupation,0.0,0.5,elevated_1.5,0.02,20,51.64018,48.35982,0.601105,0.084594,0.344665,0.0,0.0,False
occupation,0.0,0.5,elevated_1.5,0.025,2,77.857229,22.142771,0.956254,0.059145,0.049447,0.0,0.0,True
occupation,0.0,0.5,elevated_1.5,0.025,5,74.767411,25.232589,0.904736,0.063553,0.120892,0.0,0.0,False
occupation,0.0,0.5,elevated_1.5,0.025,10,67.97932,32.02068,0.805359,0.071199,0.232814,0.0,0.0,False
occupation,0.0,0.5,elevated_1.5,0.025,20,45.465983,54.534017,0.530949,0.096923,0.414604,0.0,0.0,False
occupation,0.0,0.5,elevated_1.5,0.03,2,77.277843,22.722157,0.948751,0.065074,0.059186,0.0,0.0,True
occupation,0.0,0.5,elevated_1.5,0.03,5,73.670609,26.329391,0.890158,0.070782,0.144094,0.0,0.0,False
occupation,0.0,0.5,elevated_1.5,0.03,10,65.509463,34.490537,0.77459,0.080999,0.275461,0.0,0.0,False
occupation,0.0,0.5,elevated_1.5,0.03,20,40.122977,59.877023,0.469872,0.107293,0.477413,0.0,0.0,False
occupation,0.0,0.5,elevated_1.5,0.04,2,76.105952,23.894048,0.933627,0.076984,0.078515,0.0,0.0,True
occupation,0.0,0.5,elevated_1.5,0.04,5,71.347816,28.652184,0.859817,0.085765,0.189455,0.0,0.0,False
occupation,0.0,0.5,elevated_1.5,0.04,10,59.910724,40.089276,0.706977,0.103216,0.356042,0.0,0.0,False
occupation,0.0,0.5,elevated_1.5,0.04,20,31.336106,68.663894,0.368783,0.127213,0.58377,0.0,0.0,False
occupation,0.0,0.5,elevated_1.5,0.05,2,74.916788,25.083212,0.918347,0.088964,0.097643,0.0,0.0,False
occupation,0.0,0.5,elevated_1.5,0.05,5,68.848331,31.151669,0.827851,0.101519,0.23337,0.0,0.0,False
occupation,0.0,0.5,elevated_1.5,0.05,10,53.276563,46.723437,0.629643,0.131057,0.429575,0.0,0.0,False
occupation,0.0,0.5,elevated_1.5,0.05,20,24.529532,75.470468,0.289899,0.146949,0.668265,0.0,0.0,False
occupation,0.0,0.5,high_2.0,0.005,2,80.024864,19.975136,0.984737,0.03367,0.009989,0.0,0.0,True
occupation,0.0,0.5,high_2.0,0.005,5,78.271087,21.728913,0.954302,0.034122,0.024761,0.0,0.0,True
occupation,0.0,0.5,high_2.0,0.005,10,74.756212,25.243788,0.898595,0.035128,0.048595,0.0,0.0,False
occupation,0.0,0.5,high_2.0,0.005,20,64.99964,35.00036,0.764318,0.037911,0.092407,0.0,0.0,False
occupation,0.0,0.5,high_2.0,0.01,2,79.465209,20.534791,0.977417,0.039247,0.019929,0.0,0.0,True
occupation,0.0,0.5,high_2.0,0.01,5,77.279697,22.720303,0.940594,0.040186,0.049213,0.0,0.0,True
occupation,0.0,0.5,high_2.0,0.01,10,72.771941,27.228059,0.87191,0.041884,0.096041,0.0,0.0,False
occupation,0.0,0.5,high_2.0,0.01,20,59.580327,40.419673,0.699149,0.04688,0.179519,0.0,0.0,False
occupation,0.0,0.5,high_2.0,0.015,2,78.900967,21.099033,0.970054,0.044825,0.029818,0.0,0.0,True
occupation,0.0,0.5,high_2.0,0.015,5,76.246323,23.753677,0.926504,0.046334,0.073347,0.0,0.0,True
occupation,0.0,0.5,high_2.0,0.015,10,70.614378,29.385622,0.843665,0.048883,0.142247,0.0,0.0,False
occupation,0.0,0.5,high_2.0,0.015,20,53.307933,46.692067,0.626276,0.057616,0.260473,0.0,0.0,False
occupation,0.0,0.5,high_2.0,0.02,2,78.332194,21.667806,0.962651,0.050405,0.039657,0.0,0.0,True
occupation,0.0,0.5,high_2.0,0.02,5,75.170983,24.829017,0.912031,0.052567,0.097155,0.0,0.0,False
occupation,0.0,0.5,high_2.0,0.02,10,68.279399,31.720601,0.813822,0.056137,0.187123,0.0,0.0,False
occupation,0.0,0.5,high_2.0,0.02,20,47.267664,52.732336,0.556605,0.065844,0.334499,0.0,0.0,False
occupation,0.0,0.5,high_2.0,0.025,2,77.758942,22.241058,0.955206,0.055988,0.049447,0.0,0.0,True
occupation,0.0,0.5,high_2.0,0.025,5,74.05372,25.94628,0.897176,0.058886,0.12063,0.0,0.0,False
occupation,0.0,0.5,high_2.0,0.025,10,65.763526,34.236474,0.782351,0.063674,0.230579,0.0,0.0,False
occupation,0.0,0.5,high_2.0,0.025,20,41.945533,58.054467,0.494981,0.073296,0.401604,0.0,0.0,False
occupation,0.0,0.5,high_2.0,0.03,2,77.181256,22.818744,0.947722,0.061573,0.059186,0.0,0.0,True
occupation,0.0,0.5,high_2.0,0.03,5,72.894591,27.105409,0.881939,0.065291,0.143762,0.0,0.0,False
occupation,0.0,0.5,high_2.0,0.03,10,63.063533,36.936467,0.749218,0.071541,0.272523,0.0,0.0,False
occupation,0.0,0.5,high_2.0,0.03,20,37.224943,62.775057,0.440162,0.08069,0.462124,0.0,0.0,False
occupation,0.0,0.5,high_2.0,0.04,2,76.012745,23.987255,0.932634,0.072753,0.078515,0.0,0.0,True
occupation,0.0,0.5,high_2.0,0.04,5,70.450964,29.549036,0.850323,0.078374,0.188968,0.0,0.0,False
occupation,0.0,0.5,high_2.0,0.04,10,57.095417,42.904583,0.677808,0.088644,0.351498,0.0,0.0,False
occupation,0.0,0.5,high_2.0,0.04,20,29.417742,70.582258,0.348992,0.095462,0.565849,0.0,0.0,False
occupation,0.0,0.5,high_2.0,0.05,2,74.826935,25.173065,0.917389,0.083951,0.097643,0.0,0.0,False
occupation,0.0,0.5,high_2.0,0.05,5,67.840423,32.159577,0.817185,0.091855,0.232709,0.0,0.0,False
occupation,0.0,0.5,high_2.0,0.05,10,50.460421,49.539579,0.600435,0.108089,0.423286,0.0,0.0,False
occupation,0.0,0.5,high_2.0,0.05,20,23.232918,76.767082,0.276452,0.110233,0.649359,0.0,0.0,False
occupation,0.0,1.0,none_1.0,0.005,2,80.229937,19.770063,0.986922,0.037731,0.009989,0.0,0.0,True
occupation,0.0,1.0,none_1.0,0.005,5,79.210993,20.789007,0.964273,0.038739,0.024843,0.0,0.0,True
occupation,0.0,1.0,none_1.0,0.005,10,77.237163,22.762837,0.924528,0.040921,0.049149,0.0,0.0,True
occupation,0.0,1.0,none_1.0,0.005,20,72.018821,27.981179,0.835667,0.046687,0.095655,0.0,0.0,False
occupation,0.0,1.0,none_1.0,0.01,2,79.660362,20.339638,0.979496,0.043966,0.019929,0.0,0.0,True
occupation,0.0,1.0,none_1.0,0.01,5,78.306658,21.693342,0.951488,0.046337,0.049382,0.0,0.0,True
occupation,0.0,1.0,none_1.0,0.01,10,75.635656,24.364344,0.901796,0.050463,0.097274,0.0,0.0,True
occupation,0.0,1.0,none_1.0,0.01,20,67.933615,32.066385,0.783815,0.062062,0.187107,0.0,0.0,False
occupation,0.0,1.0,none_1.0,0.015,2,79.085097,20.914903,0.972016,0.050243,0.029818,0.0,0.0,True
occupation,0.0,1.0,none_1.0,0.015,5,77.352779,22.647221,0.938241,0.05426,0.073607,0.0,0.0,True
occupation,0.0,1.0,none_1.0,0.015,10,73.840577,26.159423,0.87729,0.060968,0.144273,0.0,0.0,False
occupation,0.0,1.0,none_1.0,0.015,20,62.765956,37.234044,0.722047,0.08159,0.27333,0.0,0.0,False
occupation,0.0,1.0,none_1.0,0.02,2,78.504255,21.495745,0.964484,0.056563,0.039657,0.0,0.0,True
occupation,0.0,1.0,none_1.0,0.02,5,76.348474,23.651526,0.924521,0.062515,0.097508,0.0,0.0,True
occupation,0.0,1.0,none_1.0,0.02,10,71.835349,28.164651,0.850845,0.072523,0.190038,0.0,0.0,False
occupation,0.0,1.0,none_1.0,0.02,20,56.235598,43.764402,0.647578,0.107321,0.353084,0.0,0.0,False
occupation,0.0,1.0,none_1.0,0.025,2,77.917943,22.082057,0.956901,0.062923,0.049447,0.0,0.0,True
occupation,0.0,1.0,none_1.0,0.025,5,75.292944,24.707056,0.910322,0.071108,0.121075,0.0,0.0,True
occupation,0.0,1.0,none_1.0,0.025,10,69.603413,30.396587,0.822299,0.085225,0.234456,0.0,0.0,False
occupation,0.0,1.0,none_1.0,0.025,20,48.80512,51.19488,0.564927,0.135985,0.424918,0.0,0.0,False
occupation,0.0,1.0,none_1.0,0.03,2,77.32626,22.67374,0.949267,0.069325,0.059186,0.0,0.0,True
occupation,0.0,1.0,none_1.0,0.03,5,74.185474,25.814526,0.895636,0.080046,0.144298,0.0,0.0,False
occupation,0.0,1.0,none_1.0,0.03,10,67.128238,32.871762,0.791483,0.09919,0.277405,0.0,0.0,False
occupation,0.0,1.0,none_1.0,0.03,20,42.463713,57.536287,0.493842,0.155835,0.488436,0.0,0.0,False
occupation,0.0,1.0,none_1.0,0.04,2,76.127166,23.872834,0.933853,0.082248,0.078515,0.0,0.0,True
occupation,0.0,1.0,none_1.0,0.04,5,71.812212,28.187788,0.864773,0.09899,0.189671,0.0,0.0,False
occupation,0.0,1.0,none_1.0,0.04,10,61.380293,38.619707,0.722348,0.131547,0.358391,0.0,0.0,False
occupation,0.0,1.0,none_1.0,0.04,20,32.450272,67.549728,0.380338,0.188504,0.593713,0.0,0.0,False
occupation,0.0,1.0,none_1.0,0.05,2,74.907699,25.092301,0.91825,0.09533,0.097643,0.0,0.0,False
occupation,0.0,1.0,none_1.0,0.05,5,69.224274,30.775726,0.831886,0.119419,0.233547,0.0,0.0,False
occupation,0.0,1.0,none_1.0,0.05,10,54.436978,45.563022,0.641823,0.171672,0.431918,0.0,0.0,False
occupation,0.0,1.0,none_1.0,0.05,20,25.063806,74.936194,0.295507,0.218862,0.675807,0.0,0.0,False
occupation,0.0,1.0,elevated_1.5,0.005,2,80.125027,19.874973,0.985804,0.035647,0.009989,0.0,0.0,True
occupation,0.0,1.0,elevated_1.5,0.005,5,78.7081,21.2919,0.958938,0.036496,0.0248,0.0,0.0,True
occupation,0.0,1.0,elevated_1.5,0.005,10,75.890779,24.109221,0.910463,0.038366,0.048851,0.0,0.0,True
occupation,0.0,1.0,elevated_1.5,0.005,20,68.09546,31.90454,0.795877,0.043305,0.093875,0.0,0.0,False
occupation,0.0,1.0,elevated_1.5,0.01,2,79.557444,20.442556,0.978399,0.041587,0.019929,0.0,0.0,True
occupation,0.0,1.0,elevated_1.5,0.01,5,77.738783,22.261217,0.945466,0.043464,0.04929,0.0,0.0,True
occupation,0.0,1.0,elevated_1.5,0.01,10,74.009108,25.990892,0.884836,0.046869,0.096585,0.0,0.0,False
occupation,0.0,1.0,elevated_1.5,0.01,20,62.892867,37.107133,0.732862,0.056024,0.182698,0.0,0.0,False
occupation,0.0,1.0,elevated_1.5,0.015,2,78.984154,21.015846,0.970941,0.047557,0.029818,0.0,0.0,True
occupation,0.0,1.0,elevated_1.5,0.015,5,76.718926,23.281074,0.93152,0.050664,0.073461,0.0,0.0,True
occupation,0.0,1.0,elevated_1.5,0.015,10,71.919433,28.080567,0.857291,0.056012,0.143095,0.0,0.0,False
occupation,0.0,1.0,elevated_1.5,0.015,20,56.62344,43.37656,0.660038,0.071122,0.265403,0.0,0.0,False
occupation,0.0,1.0,elevated_1.5,0.02,2,78.40527,21.59473,0.963429,0.053556,0.039657,0.0,0.0,True
occupation,0.0,1.0,elevated_1.5,0.02,5,75.648315,24.351685,0.9171,0.058096,0.097302,0.0,0.0,True
occupation,0.0,1.0,elevated_1.5,0.02,10,69.613117,30.386883,0.827743,0.0658,0.188271,0.0,0.0,False
occupation,0.0,1.0,elevated_1.5,0.02,20,49.711877,50.288123,0.581613,0.086504,0.340876,0.0,0.0,False
occupation,0.0,1.0,elevated_1.5,0.025,2,77.820899,22.179101,0.955866,0.059584,0.049447,0.0,0.0,True
occupation,0.0,1.0,elevated_1.5,0.025,5,74.526868,25.473132,0.902204,0.065758,0.120804,0.0,0.0,False
occupation,0.0,1.0,elevated_1.5,0.025,10,67.084105,32.915895,0.796137,0.076238,0.232001,0.0,0.0,False
occupation,0.0,1.0,elevated_1.5,0.025,20,43.698931,56.301069,0.513011,0.097379,0.40873,0.0,0.0,False
occupation,0.0,1.0,elevated_1.5,0.03,2,77.231144,22.768856,0.948253,0.065639,0.059186,0.0,0.0,True
occupation,0.0,1.0,elevated_1.5,0.03,5,73.354629,26.645371,0.886832,0.07365,0.143956,0.0,0.0,False
occupation,0.0,1.0,elevated_1.5,0.03,10,64.329157,35.670843,0.762439,0.087332,0.274173,0.0,0.0,False
occupation,0.0,1.0,elevated_1.5,0.03,20,38.515209,61.484791,0.45349,0.107457,0.469502,0.0,0.0,False
occupation,0.0,1.0,elevated_1.5,0.04,2,76.035861,23.964139,0.93288,0.077834,0.078515,0.0,0.0,True
occupation,0.0,1.0,elevated_1.5,0.04,5,70.85853,29.14147,0.854671,0.09012,0.189173,0.0,0.0,False
occupation,0.0,1.0,elevated_1.5,0.04,10,58.142072,41.857928,0.688771,0.111586,0.353395,0.0,0.0,False
occupation,0.0,1.0,elevated_1.5,0.04,20,30.045351,69.954649,0.355544,0.12725,0.572234,0.0,0.0,False
occupation,0.0,1.0,elevated_1.5,0.05,2,74.82015,25.17985,0.917317,0.090139,0.097643,0.0,0.0,False
occupation,0.0,1.0,elevated_1.5,0.05,5,68.16256,31.83744,0.820642,0.107505,0.23288,0.0,0.0,False
occupation,0.0,1.0,elevated_1.5,0.05,10,51.09194,48.90806,0.607109,0.139049,0.42506,0.0,0.0,False
occupation,0.0,1.0,elevated_1.5,0.05,20,23.523677,76.476323,0.279524,0.146963,0.653962,0.0,0.0,False
occupation,0.0,1.0,high_2.0,0.005,2,80.020118,19.979882,0.984686,0.033727,0.009989,0.0,0.0,True
occupation,0.0,1.0,high_2.0,0.005,5,78.243718,21.756282,0.954013,0.034364,0.024759,0.0,0.0,True
occupation,0.0,1.0,high_2.0,0.005,10,74.660868,25.339132,0.897604,0.035647,0.048577,0.0,0.0,False
occupation,0.0,1.0,high_2.0,0.005,20,64.631576,35.368424,0.760575,0.038713,0.092263,0.0,0.0,False
occupation,0.0,1.0,high_2.0,0.01,2,79.454526,20.545474,0.977303,0.039376,0.019929,0.0,0.0,True
occupation,0.0,1.0,high_2.0,0.01,5,77.215793,22.784207,0.93992,0.040742,0.049203,0.0,0.0,True
occupation,0.0,1.0,high_2.0,0.01,10,72.54374,27.45626,0.869543,0.043059,0.095956,0.0,0.0,False
occupation,0.0,1.0,high_2.0,0.01,20,58.742365,41.257635,0.690638,0.048246,0.178838,0.0,0.0,False
occupation,0.0,1.0,high_2.0,0.015,2,78.88321,21.11679,0.969865,0.04504,0.029818,0.0,0.0,True
occupation,0.0,1.0,high_2.0,0.015,5,76.136992,23.863008,0.925352,0.047272,0.073322,0.0,0.0,True
occupation,0.0,1.0,high_2.0,0.015,10,70.217814,29.782186,0.839558,0.050803,0.142027,0.0,0.0,False
occupation,0.0,1.0,high_2.0,0.015,20,52.134757,47.865243,0.614339,0.058181,0.258766,0.0,0.0,False
occupation,0.0,1.0,high_2.0,0.02,2,78.306285,21.693715,0.962375,0.05072,0.039657,0.0,0.0,True
occupation,0.0,1.0,high_2.0,0.02,5,75.007748,24.992252,0.910311,0.053945,0.097106,0.0,0.0,False
occupation,0.0,1.0,high_2.0,0.02,10,67.684213,32.315787,0.807667,0.05883,0.186684,0.0,0.0,False
occupation,0.0,1.0,high_2.0,0.02,20,46.060473,53.939527,0.544283,0.0659,0.331417,0.0,0.0,False
occupation,0.0,1.0,high_2.0,0.025,2,77.723856,22.276144,0.954832,0.056414,0.049447,0.0,0.0,True
occupation,0.0,1.0,high_2.0,0.025,5,73.828657,26.171343,0.894806,0.060756,0.120546,0.0,0.0,False
occupation,0.0,1.0,high_2.0,0.025,10,64.948429,35.051571,0.773928,0.067084,0.229822,0.0,0.0,False
occupation,0.0,1.0,high_2.0,0.025,20,40.797018,59.202982,0.483223,0.073304,0.397053,0.0,0.0,False
occupation,0.0,1.0,high_2.0,0.03,2,77.136028,22.863972,0.94724,0.062123,0.059186,0.0,0.0,True
occupation,0.0,1.0,high_2.0,0.03,5,72.600471,27.399529,0.878843,0.067696,0.143632,0.0,0.0,False
occupation,0.0,1.0,high_2.0,0.03,10,62.020325,37.979675,0.738445,0.07551,0.27134,0.0,0.0,False
occupation,0.0,1.0,high_2.0,0.03,20,36.212271,63.787729,0.429764,0.080691,0.456271,0.0,0.0,False
occupation,0.0,1.0,high_2.0,0.04,2,75.944556,24.055444,0.931907,0.073585,0.078515,0.0,0.0,True
occupation,0.0,1.0,high_2.0,0.04,5,70.000539,29.999461,0.845585,0.081938,0.188703,0.0,0.0,False
occupation,0.0,1.0,high_2.0,0.04,10,55.646319,44.353681,0.66284,0.092699,0.349142,0.0,0.0,False
occupation,0.0,1.0,high_2.0,0.04,20,28.549575,71.450425,0.340037,0.095462,0.557284,0.0,0.0,False
occupation,0.0,1.0,high_2.0,0.05,2,74.732602,25.267398,0.916384,0.085106,0.097643,0.0,0.0,False
occupation,0.0,1.0,high_2.0,0.05,5,67.216675,32.783325,0.810628,0.096619,0.23225,0.0,0.0,False
occupation,0.0,1.0,high_2.0,0.05,10,49.034357,50.965643,0.585656,0.109471,0.419418,0.0,0.0,False
occupation,0.0,1.0,high_2.0,0.05,20,22.576321,77.423679,0.269647,0.110233,0.639102,0.0,0.0,False
occupation,0.25,0.0,none_1.0,0.005,2,80.240483,19.759517,0.987035,0.037605,0.0,0.009989,1.0,True
occupation,0.25,0.0,none_1.0,0.005,5,79.271032,20.728968,0.964975,0.038122,0.0,0.024848,1.0,True
occupation,0.25,0.0,none_1.0,0.005,10,77.425911,22.574089,0.926883,0.039414,0.0,0.049187,1.0,True
occupation,0.25,0.0,none_1.0,0.005,20,72.715104,27.284896,0.844276,0.04316,0.0,0.095931,1.0,False
occupation,0.25,0.0,none_1.0,0.01,2,79.683808,20.316192,0.979746,0.043685,0.0,0.019929,1.0,True
occupation,0.25,0.0,none_1.0,0.01,5,78.44749,21.55251,0.953114,0.044897,0.0,0.049404,1.0,True
occupation,0.25,0.0,none_1.0,0.01,10,76.096187,23.903813,0.907394,0.046867,0.0,0.097453,1.0,True
occupation,0.25,0.0,none_1.0,0.01,20,69.760971,30.239029,0.805311,0.053239,0.0,0.188494,1.0,False
occupation,0.25,0.0,none_1.0,0.015,2,79.123686,20.876314,0.972427,0.04978,0.0,0.029818,1.0,True
occupation,0.25,0.0,none_1.0,0.015,5,77.595075,22.404925,0.941011,0.051798,0.0,0.073663,1.0,True
occupation,0.25,0.0,none_1.0,0.015,10,74.662846,25.337154,0.887068,0.054684,0.0,0.144743,1.0,False
occupation,0.25,0.0,none_1.0,0.015,20,66.248364,33.751636,0.76139,0.06546,0.0,0.277158,1.0,False
occupation,0.25,0.0,none_1.0,0.02,2,78.560115,21.439885,0.965079,0.055891,0.0,0.039657,1.0,True
occupation,0.25,0.0,none_1.0,0.02,5,76.712612,23.287388,0.92865,0.058836,0.0,0.097618,1.0,True
occupation,0.25,0.0,none_1.0,0.02,10,73.114371,26.885629,0.865772,0.062948,0.0,0.190994,1.0,False
occupation,0.25,0.0,none_1.0,0.02,20,61.949277,38.050723,0.710062,0.081569,0.0,0.361229,1.0,False
occupation,0.25,0.0,none_1.0,0.025,2,77.99309,22.00691,0.957701,0.06202,0.00458,0.044866,0.90737,True
occupation,0.25,0.0,none_1.0,0.025,5,75.798793,24.201207,0.915985,0.066025,0.011233,0.11003,0.90737,True
occupation,0.25,0.0,none_1.0,0.025,10,71.436545,28.563455,0.843142,0.071772,0.021873,0.214264,0.90737,False
occupation,0.25,0.0,none_1.0,0.025,20,56.394395,43.605605,0.645852,0.105985,0.040731,0.39899,0.90737,False
occupation,0.25,0.0,none_1.0,0.03,2,77.4226,22.5774,0.950293,0.068165,0.014433,0.044753,0.756142,True
occupation,0.25,0.0,none_1.0,0.03,5,74.852156,25.147844,0.90299,0.073384,0.035259,0.10933,0.756142,False
occupation,0.25,0.0,none_1.0,0.03,10,69.611445,30.388555,0.818951,0.081307,0.068304,0.211793,0.756142,False
occupation,0.25,0.0,none_1.0,0.03,20,49.295084,50.704916,0.566007,0.141355,0.124624,0.386425,0.756142,False
occupation,0.25,0.0,none_1.0,0.04,2,76.271152,23.728848,0.935387,0.080513,0.033989,0.044526,0.567106,True
occupation,0.25,0.0,none_1.0,0.04,5,72.853693,27.146307,0.876063,0.088685,0.082365,0.107901,0.567106,False
occupation,0.25,0.0,none_1.0,0.04,10,65.419183,34.580817,0.76558,0.103443,0.157619,0.206486,0.567106,False
occupation,0.25,0.0,none_1.0,0.04,20,37.576345,62.423655,0.434033,0.183792,0.272536,0.357032,0.567106,False
occupation,0.25,0.0,none_1.0,0.05,2,75.105582,24.894418,0.920358,0.09294,0.053344,0.044299,0.453685,False
occupation,0.25,0.0,none_1.0,0.05,5,70.701568,29.298432,0.847743,0.104929,0.128158,0.106428,0.453685,False
occupation,0.25,0.0,none_1.0,0.05,10,60.235786,39.764214,0.702825,0.132504,0.241553,0.200597,0.453685,False
occupation,0.25,0.0,none_1.0,0.05,20,28.763882,71.236118,0.334178,0.216642,0.39349,0.326773,0.453685,False
occupation,0.25,0.0,elevated_1.5,0.005,2,80.135047,19.864953,0.985911,0.035526,0.0,0.009989,1.0,True
occupation,0.25,0.0,elevated_1.5,0.005,5,78.765294,21.234706,0.959607,0.03595,0.0,0.024804,1.0,True
occupation,0.25,0.0,elevated_1.5,0.005,10,76.081566,23.918434,0.912794,0.037109,0.0,0.048888,1.0,True
occupation,0.25,0.0,elevated_1.5,0.005,20,68.844212,31.155788,0.804695,0.040769,0.0,0.094162,1.0,False
occupation,0.25,0.0,elevated_1.5,0.01,2,79.579851,20.420149,0.978638,0.041317,0.0,0.019929,1.0,True
occupation,0.25,0.0,elevated_1.5,0.01,5,77.872382,22.127618,0.947008,0.042202,0.0,0.049311,1.0,True
occupation,0.25,0.0,elevated_1.5,0.01,10,74.468978,25.531022,0.890327,0.043952,0.0,0.09676,1.0,False
occupation,0.25,0.0,elevated_1.5,0.01,20,64.746799,35.253201,0.753886,0.050402,0.0,0.184107,1.0,False
occupation,0.25,0.0,elevated_1.5,0.015,2,79.021205,20.978795,0.971335,0.047111,0.0,0.029818,1.0,True
occupation,0.25,0.0,elevated_1.5,0.015,5,76.947755,23.052245,0.934135,0.048526,0.0,0.073513,1.0,True
occupation,0.25,0.0,elevated_1.5,0.015,10,72.728263,27.271737,0.866762,0.051073,0.0,0.143548,1.0,False
occupation,0.25,0.0,elevated_1.5,0.015,20,59.856112,40.143888,0.695637,0.062601,0.0,0.269131,1.0,False
occupation,0.25,0.0,elevated_1.5,0.02,2,78.45911,21.54089,0.964003,0.052906,0.0,0.039657,1.0,True
occupation,0.25,0.0,elevated_1.5,0.02,5,75.990598,24.009402,0.92098,0.054932,0.0,0.097405,1.0,True
occupation,0.25,0.0,elevated_1.5,0.02,10,70.848532,29.151468,0.841974,0.058547,0.0,0.189183,1.0,False
occupation,0.25,0.0,elevated_1.5,0.02,20,53.82368,46.17632,0.62622,0.080311,0.0,0.348333,1.0,False
occupation,0.25,0.0,elevated_1.5,0.025,2,77.893559,22.106441,0.956641,0.058706,0.00458,0.044866,0.90737,True
occupation,0.25,0.0,elevated_1.5,0.025,5,75.000001,24.999999,0.9075,0.061429,0.011206,0.109773,0.90737,False
occupation,0.25,0.0,elevated_1.5,0.025,10,68.816614,31.183386,0.815645,0.066471,0.021637,0.211951,0.90737,False
occupation,0.25,0.0,elevated_1.5,0.025,20,47.488588,52.511412,0.553897,0.095987,0.038957,0.381612,0.90737,False
occupation,0.25,0.0,elevated_1.5,0.03,2,77.324543,22.675457,0.949249,0.064509,0.014433,0.044753,0.756142,True
occupation,0.25,0.0,elevated_1.5,0.03,5,73.974949,26.025051,0.893676,0.068032,0.035172,0.109058,0.756142,False
occupation,0.25,0.0,elevated_1.5,0.03,10,66.61614,33.38386,0.787583,0.074984,0.067471,0.20921,0.756142,False
occupation,0.25,0.0,elevated_1.5,0.03,20,41.964871,58.035129,0.490353,0.106976,0.118429,0.367218,0.756142,False
occupation,0.25,0.0,elevated_1.5,0.04,2,76.176043,23.823957,0.934374,0.076134,0.033989,0.044526,0.567106,True
occupation,0.25,0.0,elevated_1.5,0.04,5,71.816792,28.183208,0.865061,0.08161,0.082133,0.107598,0.567106,False
occupation,0.25,0.0,elevated_1.5,0.04,10,61.618946,38.381054,0.725931,0.094649,0.155219,0.203343,0.567106,False
occupation,0.25,0.0,elevated_1.5,0.04,20,32.796846,67.203154,0.38464,0.127147,0.258005,0.337996,0.567106,False
occupation,0.25,0.0,elevated_1.5,0.05,2,75.013426,24.986574,0.919376,0.087789,0.053344,0.044299,0.453685,False
occupation,0.25,0.0,elevated_1.5,0.05,5,69.505222,30.494778,0.835058,0.095811,0.127756,0.106094,0.453685,False
occupation,0.25,0.0,elevated_1.5,0.05,10,55.584983,44.415017,0.654436,0.120575,0.237078,0.19688,0.453685,False
occupation,0.25,0.0,elevated_1.5,0.05,20,25.625111,74.374889,0.301652,0.146928,0.373278,0.309987,0.453685,False
occupation,0.25,0.0,high_2.0,0.005,2,80.02961,19.97039,0.984788,0.033612,0.0,0.009989,1.0,True
occupation,0.25,0.0,high_2.0,0.005,5,78.298238,21.701762,0.954649,0.033882,0.0,0.024763,1.0,True
occupation,0.25,0.0,high_2.0,0.005,10,74.849823,25.150177,0.899877,0.034619,0.0,0.048613,1.0,False
occupation,0.25,0.0,high_2.0,0.005,20,65.359754,34.640246,0.768927,0.037111,0.0,0.092548,1.0,False
occupation,0.25,0.0,high_2.0,0.01,2,79.475893,20.524107,0.97753,0.039117,0.0,0.019929,1.0,True
occupation,0.25,0.0,high_2.0,0.01,5,77.342643,22.657357,0.941383,0.039638,0.0,0.049222,1.0,True
occupation,0.25,0.0,high_2.0,0.01,10,72.992784,27.007216,0.874833,0.040749,0.0,0.096123,1.0,False
occupation,0.25,0.0,high_2.0,0.01,20,60.404197,39.595803,0.709158,0.045401,0.0,0.180179,1.0,False
occupation,0.25,0.0,high_2.0,0.015,2,78.918724,21.081276,0.970243,0.04461,0.0,0.029818,1.0,True
occupation,0.25,0.0,high_2.0,0.015,5,76.353348,23.646652,0.927823,0.045419,0.0,0.073371,1.0,True
occupation,0.25,0.0,high_2.0,0.015,10,70.994337,29.005663,0.84855,0.047042,0.0,0.142459,1.0,False
occupation,0.25,0.0,high_2.0,0.015,20,54.610027,45.389973,0.641413,0.056017,0.0,0.262138,1.0,False
occupation,0.25,0.0,high_2.0,0.02,2,78.358104,21.641896,0.962927,0.050091,0.0,0.039657,1.0,True
occupation,0.25,0.0,high_2.0,0.02,5,75.329931,24.670069,0.913963,0.051231,0.0,0.097203,1.0,True
occupation,0.25,0.0,high_2.0,0.02,10,68.84684,31.15316,0.820935,0.053551,0.0,0.187546,1.0,False
occupation,0.25,0.0,high_2.0,0.02,20,48.543525,51.456475,0.571415,0.065726,0.0,0.337566,1.0,False
occupation,0.25,0.0,high_2.0,0.025,2,77.794028,22.205972,0.95558,0.055562,0.00458,0.044866,0.90737,True
occupation,0.25,0.0,high_2.0,0.025,5,74.271912,25.728088,0.899767,0.057081,0.011182,0.10953,0.90737,False
occupation,0.25,0.0,high_2.0,0.025,10,66.541234,33.458766,0.791745,0.060356,0.021426,0.20988,0.90737,False
occupation,0.25,0.0,high_2.0,0.025,20,43.162656,56.837344,0.5089,0.073279,0.037626,0.368568,0.90737,False
occupation,0.25,0.0,high_2.0,0.03,2,77.226485,22.773515,0.948204,0.061023,0.014433,0.044753,0.756142,True
occupation,0.25,0.0,high_2.0,0.03,5,73.178744,26.821256,0.885223,0.062979,0.035089,0.108801,0.756142,False
occupation,0.25,0.0,high_2.0,0.03,10,64.066316,35.933684,0.760852,0.067564,0.066733,0.206923,0.756142,False
occupation,0.25,0.0,high_2.0,0.03,20,38.403152,61.596848,0.453316,0.080685,0.114213,0.354146,0.756142,False
occupation,0.25,0.0,high_2.0,0.04,2,76.080933,23.919067,0.93336,0.071922,0.033989,0.044526,0.567106,True
occupation,0.25,0.0,high_2.0,0.04,5,70.88437,29.11563,0.85517,0.074962,0.081915,0.107312,0.567106,False
occupation,0.25,0.0,high_2.0,0.04,10,58.545869,41.454131,0.693817,0.083896,0.153147,0.200628,0.567106,False
occupation,0.25,0.0,high_2.0,0.04,20,30.321713,69.678287,0.358884,0.095462,0.248724,0.325838,0.567106,False
occupation,0.25,0.0,high_2.0,0.05,2,74.921269,25.078731,0.918394,0.082796,0.053344,0.044299,0.453685,False
occupation,0.25,0.0,high_2.0,0.05,5,68.440622,31.559378,0.823772,0.087286,0.127378,0.10578,0.453685,False
occupation,0.25,0.0,high_2.0,0.05,10,52.09286,47.90714,0.618014,0.10503,0.233336,0.193773,0.453685,False
occupation,0.25,0.0,high_2.0,0.05,20,23.984534,76.015466,0.284545,0.110233,0.360839,0.299657,0.453685,False
occupation,0.25,0.5,none_1.0,0.005,2,80.23521,19.76479,0.986978,0.037668,0.0,0.009989,1.0,True
occupation,0.25,0.5,none_1.0,0.005,5,79.24115,20.75885,0.96466,0.038429,0.0,0.024845,1.0,True
occupation,0.25,0.5,none_1.0,0.005,10,77.332736,22.667264,0.925914,0.040157,0.0,0.049168,1.0,True
occupation,0.25,0.5,none_1.0,0.005,20,72.376043,27.623957,0.840842,0.044874,0.0,0.095796,1.0,False
occupation,0.25,0.5,none_1.0,0.01,2,79.672085,20.327915,0.979621,0.043825,0.0,0.019929,1.0,True
occupation,0.25,0.5,none_1.0,0.01,5,78.377686,21.622314,0.952376,0.045611,0.0,0.049393,1.0,True
occupation,0.25,0.5,none_1.0,0.01,10,75.871445,24.128555,0.905053,0.048618,0.0,0.097365,1.0,True
occupation,0.25,0.5,none_1.0,0.01,20,68.889381,31.110619,0.796441,0.057445,0.0,0.187824,1.0,False
occupation,0.25,0.5,none_1.0,0.015,2,79.104391,20.895609,0.972222,0.050012,0.0,0.029818,1.0,True
occupation,0.25,0.5,none_1.0,0.015,5,77.475422,22.524578,0.939745,0.053013,0.0,0.073635,1.0,True
occupation,0.25,0.5,none_1.0,0.015,10,74.265512,25.734488,0.882924,0.057711,0.0,0.144513,1.0,False
occupation,0.25,0.5,none_1.0,0.015,20,64.604289,35.395711,0.744582,0.073132,0.0,0.275332,1.0,False
occupation,0.25,0.5,none_1.0,0.02,2,78.532185,21.467815,0.964782,0.056227,0.0,0.039657,1.0,True
occupation,0.25,0.5,none_1.0,0.02,5,76.533367,23.466633,0.926753,0.060644,0.0,0.097563,1.0,True
occupation,0.25,0.5,none_1.0,0.02,10,72.501156,27.498844,0.859368,0.067522,0.0,0.190529,1.0,False
occupation,0.25,0.5,none_1.0,0.02,20,59.230078,40.769922,0.68214,0.094166,0.0,0.357361,1.0,False
occupation,0.25,0.5,none_1.0,0.025,2,77.955516,22.044484,0.957301,0.062472,0.00458,0.044866,0.90737,True
occupation,0.25,0.5,none_1.0,0.025,5,75.550473,24.449527,0.913357,0.068517,0.011224,0.109946,0.90737,True
occupation,0.25,0.5,none_1.0,0.025,10,70.562394,29.437606,0.834018,0.078166,0.021798,0.213524,0.90737,False
occupation,0.25,0.5,none_1.0,0.025,20,52.248793,47.751207,0.603234,0.125837,0.040073,0.392536,0.90737,False
occupation,0.25,0.5,none_1.0,0.03,2,77.37443,22.62557,0.94978,0.068745,0.014433,0.044753,0.756142,True
occupation,0.25,0.5,none_1.0,0.03,5,74.525615,25.474385,0.899537,0.076641,0.035224,0.109221,0.756142,False
occupation,0.25,0.5,none_1.0,0.03,10,68.43017,31.56983,0.806653,0.089795,0.067987,0.210809,0.756142,False
occupation,0.25,0.5,none_1.0,0.03,20,45.507897,54.492103,0.527095,0.150955,0.121853,0.377835,0.756142,False
occupation,0.25,0.5,none_1.0,0.04,2,76.199159,23.800841,0.93462,0.081381,0.033989,0.044526,0.567106,True
occupation,0.25,0.5,none_1.0,0.04,5,72.34506,27.65494,0.870692,0.093708,0.082237,0.107734,0.567106,False
occupation,0.25,0.5,none_1.0,0.04,10,63.484933,36.515067,0.745519,0.11696,0.156425,0.204922,0.567106,False
occupation,0.25,0.5,none_1.0,0.04,20,34.668743,65.331257,0.404121,0.186914,0.264338,0.346292,0.567106,False
occupation,0.25,0.5,none_1.0,0.05,2,75.00664,24.99336,0.919304,0.094135,0.053344,0.044299,0.453685,False
occupation,0.25,0.5,none_1.0,0.05,5,69.980579,30.019421,0.840137,0.111985,0.127877,0.106195,0.453685,False
occupation,0.25,0.5,none_1.0,0.05,10,57.376697,42.623303,0.673232,0.152255,0.238837,0.198341,0.453685,False
occupation,0.25,0.5,none_1.0,0.05,20,26.688339,73.311661,0.312764,0.218029,0.380513,0.315996,0.453685,False
occupation,0.25,0.5,elevated_1.5,0.005,2,80.130037,19.869963,0.985858,0.035586,0.0,0.009989,1.0,True
occupation,0.25,0.5,elevated_1.5,0.005,5,78.73682,21.26318,0.959306,0.036222,0.0,0.024802,1.0,True
occupation,0.25,0.5,elevated_1.5,0.005,10,75.9872,24.0128,0.911811,0.03773,0.0,0.04887,1.0,True
occupation,0.25,0.5,elevated_1.5,0.005,20,68.476527,31.523473,0.800946,0.042018,0.0,0.094021,1.0,False
occupation,0.25,0.5,elevated_1.5,0.01,2,79.568647,20.431353,0.978519,0.041452,0.0,0.019929,1.0,True
occupation,0.25,0.5,elevated_1.5,0.01,5,77.806124,22.193876,0.946307,0.042827,0.0,0.0493,1.0,True
occupation,0.25,0.5,elevated_1.5,0.01,10,74.243596,25.756404,0.887975,0.045379,0.0,0.096674,1.0,False
occupation,0.25,0.5,elevated_1.5,0.01,20,63.843302,36.156698,0.744629,0.053187,0.0,0.183419,1.0,False
occupation,0.25,0.5,elevated_1.5,0.015,2,79.002679,20.997321,0.971138,0.047334,0.0,0.029818,1.0,True
occupation,0.25,0.5,elevated_1.5,0.015,5,76.834653,23.165347,0.932939,0.049582,0.0,0.073487,1.0,True
occupation,0.25,0.5,elevated_1.5,0.015,10,72.334692,27.665308,0.862649,0.053471,0.0,0.143326,1.0,False
occupation,0.25,0.5,elevated_1.5,0.015,20,58.265317,41.734683,0.679263,0.067037,0.0,0.267317,1.0,False
occupation,0.25,0.5,elevated_1.5,0.02,2,78.43219,21.56781,0.963716,0.053231,0.0,0.039657,1.0,True
occupation,0.25,0.5,elevated_1.5,0.02,5,75.821916,24.178084,0.919195,0.056489,0.0,0.097354,1.0,True
occupation,0.25,0.5,elevated_1.5,0.02,10,70.250271,29.749729,0.835714,0.062056,0.0,0.188737,1.0,False
occupation,0.25,0.5,elevated_1.5,0.02,20,51.64018,48.35982,0.603636,0.084594,0.0,0.344665,1.0,False
occupation,0.25,0.5,elevated_1.5,0.025,2,77.857229,22.142771,0.956254,0.059145,0.00458,0.044866,0.90737,True
occupation,0.25,0.5,elevated_1.5,0.025,5,74.767411,25.232589,0.905038,0.063553,0.011198,0.109694,0.90737,False
occupation,0.25,0.5,elevated_1.5,0.025,10,67.97932,32.02068,0.806888,0.071199,0.021566,0.211249,0.90737,False
occupation,0.25,0.5,elevated_1.5,0.025,20,45.465983,54.534017,0.532928,0.096923,0.038405,0.376199,0.90737,False
occupation,0.25,0.5,elevated_1.5,0.03,2,77.277843,22.722157,0.948751,0.065074,0.014433,0.044753,0.756142,True
occupation,0.25,0.5,elevated_1.5,0.03,5,73.670609,26.329391,0.890458,0.070782,0.035139,0.108955,0.756142,False
occupation,0.25,0.5,elevated_1.5,0.03,10,65.509463,34.490537,0.776033,0.080999,0.067173,0.208287,0.756142,False
occupation,0.25,0.5,elevated_1.5,0.03,20,40.122977,59.877023,0.471267,0.107293,0.116421,0.360992,0.756142,False
occupation,0.25,0.5,elevated_1.5,0.04,2,76.105952,23.894048,0.933627,0.076984,0.033989,0.044526,0.567106,True
occupation,0.25,0.5,elevated_1.5,0.04,5,71.347816,28.652184,0.860109,0.085765,0.082014,0.107441,0.567106,False
occupation,0.25,0.5,elevated_1.5,0.04,10,59.910724,40.089276,0.708159,0.103216,0.154128,0.201914,0.567106,False
occupation,0.25,0.5,elevated_1.5,0.04,20,31.336106,68.663894,0.369495,0.127213,0.25271,0.33106,0.567106,False
occupation,0.25,0.5,elevated_1.5,0.05,2,74.916788,25.083212,0.918347,0.088964,0.053344,0.044299,0.453685,False
occupation,0.25,0.5,elevated_1.5,0.05,5,68.848331,31.151669,0.828128,0.101519,0.127494,0.105877,0.453685,False
occupation,0.25,0.5,elevated_1.5,0.05,10,53.276563,46.723437,0.630452,0.131057,0.234683,0.194892,0.453685,False
occupation,0.25,0.5,elevated_1.5,0.05,20,24.529532,75.470468,0.290272,0.146949,0.365083,0.303182,0.453685,False
occupation,0.25,0.5,high_2.0,0.005,2,80.024864,19.975136,0.984737,0.03367,0.0,0.009989,1.0,True
occupation,0.25,0.5,high_2.0,0.005,5,78.271087,21.728913,0.954362,0.034122,0.0,0.024761,1.0,True
occupation,0.25,0.5,high_2.0,0.005,10,74.756212,25.243788,0.8989,0.035128,0.0,0.048595,1.0,False
occupation,0.25,0.5,high_2.0,0.005,20,64.99964,35.00036,0.765236,0.037911,0.0,0.092407,1.0,False
occupation,0.25,0.5,high_2.0,0.01,2,79.465209,20.534791,0.977417,0.039247,0.0,0.019929,1.0,True
occupation,0.25,0.5,high_2.0,0.01,5,77.279697,22.720303,0.940717,0.040186,0.0,0.049213,1.0,True
occupation,0.25,0.5,high_2.0,0.01,10,72.771941,27.228059,0.872525,0.041884,0.0,0.096041,1.0,False
occupation,0.25,0.5,high_2.0,0.01,20,59.580327,40.419673,0.700671,0.04688,0.0,0.179519,1.0,False
occupation,0.25,0.5,high_2.0,0.015,2,78.900967,21.099033,0.970054,0.044825,0.0,0.029818,1.0,True
occupation,0.25,0.5,high_2.0,0.015,5,76.246323,23.753677,0.92669,0.046334,0.0,0.073347,1.0,True
occupation,0.25,0.5,high_2.0,0.015,10,70.614378,29.385622,0.844572,0.048883,0.0,0.142247,1.0,False
occupation,0.25,0.5,high_2.0,0.015,20,53.307933,46.692067,0.627937,0.057616,0.0,0.260473,1.0,False
occupation,0.25,0.5,high_2.0,0.02,2,78.332194,21.667806,0.962651,0.050405,0.0,0.039657,1.0,True
occupation,0.25,0.5,high_2.0,0.02,5,75.170983,24.829017,0.91228,0.052567,0.0,0.097155,1.0,False
occupation,0.25,0.5,high_2.0,0.02,10,68.279399,31.720601,0.814988,0.056137,0.0,0.187123,1.0,False
occupation,0.25,0.5,high_2.0,0.02,20,47.267664,52.732336,0.558144,0.065844,0.0,0.334499,1.0,False
occupation,0.25,0.5,high_2.0,0.025,2,77.758942,22.241058,0.955206,0.055988,0.00458,0.044866,0.90737,True
occupation,0.25,0.5,high_2.0,0.025,5,74.05372,25.94628,0.897457,0.058886,0.011174,0.109456,0.90737,False
occupation,0.25,0.5,high_2.0,0.025,10,65.763526,34.236474,0.783597,0.063674,0.021359,0.209221,0.90737,False
occupation,0.25,0.5,high_2.0,0.025,20,41.945533,58.054467,0.496219,0.073296,0.037201,0.364404,0.90737,False
occupation,0.25,0.5,high_2.0,0.03,2,77.181256,22.818744,0.947722,0.061573,0.014433,0.044753,0.756142,True
occupation,0.25,0.5,high_2.0,0.03,5,72.894591,27.105409,0.882218,0.065291,0.035058,0.108704,0.756142,False
occupation,0.25,0.5,high_2.0,0.03,10,63.063533,36.936467,0.750366,0.071541,0.066457,0.206066,0.756142,False
occupation,0.25,0.5,high_2.0,0.03,20,37.224943,62.775057,0.441048,0.08069,0.112693,0.349431,0.756142,False
occupation,0.25,0.5,high_2.0,0.04,2,76.012745,23.987255,0.932634,0.072753,0.033989,0.044526,0.567106,True
occupation,0.25,0.5,high_2.0,0.04,5,70.450964,29.549036,0.850592,0.078374,0.081803,0.107165,0.567106,False
occupation,0.25,0.5,high_2.0,0.04,10,57.095417,42.904583,0.67869,0.088644,0.152161,0.199337,0.567106,False
occupation,0.25,0.5,high_2.0,0.04,20,29.417742,70.582258,0.349467,0.095462,0.244953,0.320897,0.567106,False
occupation,0.25,0.5,high_2.0,0.05,2,74.826935,25.173065,0.917389,0.083951,0.053344,0.044299,0.453685,False
occupation,0.25,0.5,high_2.0,0.05,5,67.840423,32.159577,0.81744,0.091855,0.127133,0.105577,0.453685,False
occupation,0.25,0.5,high_2.0,0.05,10,50.460421,49.539579,0.600994,0.108089,0.231247,0.192038,0.453685,False
occupation,0.25,0.5,high_2.0,0.05,20,23.232918,76.767082,0.276709,0.110233,0.354754,0.294604,0.453685,False
occupation,0.25,1.0,none_1.0,0.005,2,80.229937,19.770063,0.986922,0.037731,0.0,0.009989,1.0,True
occupation,0.25,1.0,none_1.0,0.005,5,79.210993,20.789007,0.964341,0.038739,0.0,0.024843,1.0,True
occupation,0.25,1.0,none_1.0,0.005,10,77.237163,22.762837,0.92492,0.040921,0.0,0.049149,1.0,True
occupation,0.25,1.0,none_1.0,0.005,20,72.018821,27.981179,0.837222,0.046687,0.0,0.095655,1.0,False
occupation,0.25,1.0,none_1.0,0.01,2,79.660362,20.339638,0.979496,0.043966,0.0,0.019929,1.0,True
occupation,0.25,1.0,none_1.0,0.01,5,78.306658,21.693342,0.951625,0.046337,0.0,0.049382,1.0,True
occupation,0.25,1.0,none_1.0,0.01,10,75.635656,24.364344,0.902597,0.050463,0.0,0.097274,1.0,True
occupation,0.25,1.0,none_1.0,0.01,20,67.933615,32.066385,0.786698,0.062062,0.0,0.187107,1.0,False
occupation,0.25,1.0,none_1.0,0.015,2,79.085097,20.914903,0.972016,0.050243,0.0,0.029818,1.0,True
occupation,0.25,1.0,none_1.0,0.015,5,77.352779,22.647221,0.938447,0.05426,0.0,0.073607,1.0,True
occupation,0.25,1.0,none_1.0,0.015,10,73.840577,26.159423,0.878489,0.060968,0.0,0.144273,1.0,False
occupation,0.25,1.0,none_1.0,0.015,20,62.765956,37.234044,0.725745,0.08159,0.0,0.27333,1.0,False
occupation,0.25,1.0,none_1.0,0.02,2,78.504255,21.495745,0.964484,0.056563,0.0,0.039657,1.0,True
occupation,0.25,1.0,none_1.0,0.02,5,76.348474,23.651526,0.924796,0.062515,0.0,0.097508,1.0,True
occupation,0.25,1.0,none_1.0,0.02,10,71.835349,28.164651,0.852408,0.072523,0.0,0.190038,1.0,False
occupation,0.25,1.0,none_1.0,0.02,20,56.235598,43.764402,0.6513,0.107321,0.0,0.353084,1.0,False
occupation,0.25,1.0,none_1.0,0.025,2,77.917943,22.082057,0.956901,0.062923,0.00458,0.044866,0.90737,True
occupation,0.25,1.0,none_1.0,0.025,5,75.292944,24.707056,0.910631,0.071108,0.011215,0.10986,0.90737,True
occupation,0.25,1.0,none_1.0,0.025,10,69.603413,30.396587,0.823997,0.085225,0.021718,0.212738,0.90737,False
occupation,0.25,1.0,none_1.0,0.025,20,48.80512,51.19488,0.567678,0.135985,0.03936,0.385558,0.90737,False
occupation,0.25,1.0,none_1.0,0.03,2,77.32626,22.67374,0.949267,0.069325,0.014433,0.044753,0.756142,True
occupation,0.25,1.0,none_1.0,0.03,5,74.185474,25.814526,0.895939,0.080046,0.035188,0.10911,0.756142,False
occupation,0.25,1.0,none_1.0,0.03,10,67.128238,32.871762,0.793076,0.09919,0.067648,0.209757,0.756142,False
occupation,0.25,1.0,none_1.0,0.03,20,42.463713,57.536287,0.49566,0.155835,0.119109,0.369327,0.756142,False
occupation,0.25,1.0,none_1.0,0.04,2,76.127166,23.872834,0.933853,0.082248,0.033989,0.044526,0.567106,True
occupation,0.25,1.0,none_1.0,0.04,5,71.812212,28.187788,0.865062,0.09899,0.082107,0.107563,0.567106,False
occupation,0.25,1.0,none_1.0,0.04,10,61.380293,38.619707,0.723633,0.131547,0.155145,0.203246,0.567106,False
occupation,0.25,1.0,none_1.0,0.04,20,32.450272,67.549728,0.381165,0.188504,0.257014,0.336698,0.567106,False
occupation,0.25,1.0,none_1.0,0.05,2,74.907699,25.092301,0.91825,0.09533,0.053344,0.044299,0.453685,False
occupation,0.25,1.0,none_1.0,0.05,5,69.224274,30.775726,0.832154,0.119419,0.12759,0.105957,0.453685,False
occupation,0.25,1.0,none_1.0,0.05,10,54.436978,45.563022,0.642689,0.171672,0.235963,0.195955,0.453685,False
occupation,0.25,1.0,none_1.0,0.05,20,25.063806,74.936194,0.295906,0.218862,0.369203,0.306603,0.453685,False
occupation,0.25,1.0,elevated_1.5,0.005,2,80.125027,19.874973,0.985804,0.035647,0.0,0.009989,1.0,True
occupation,0.25,1.0,elevated_1.5,0.005,5,78.7081,21.2919,0.959002,0.036496,0.0,0.0248,1.0,True
occupation,0.25,1.0,elevated_1.5,0.005,10,75.890779,24.109221,0.910806,0.038366,0.0,0.048851,1.0,True
occupation,0.25,1.0,elevated_1.5,0.005,20,68.09546,31.90454,0.797058,0.043305,0.0,0.093875,1.0,False
occupation,0.25,1.0,elevated_1.5,0.01,2,79.557444,20.442556,0.978399,0.041587,0.0,0.019929,1.0,True
occupation,0.25,1.0,elevated_1.5,0.01,5,77.738783,22.261217,0.945595,0.043464,0.0,0.04929,1.0,True
occupation,0.25,1.0,elevated_1.5,0.01,10,74.009108,25.990892,0.885526,0.046869,0.0,0.096585,1.0,False
occupation,0.25,1.0,elevated_1.5,0.01,20,62.892867,37.107133,0.734878,0.056024,0.0,0.182698,1.0,False
occupation,0.25,1.0,elevated_1.5,0.015,2,78.984154,21.015846,0.970941,0.047557,0.0,0.029818,1.0,True
occupation,0.25,1.0,elevated_1.5,0.015,5,76.718926,23.281074,0.931714,0.050664,0.0,0.073461,1.0,True
occupation,0.25,1.0,elevated_1.5,0.015,10,71.919433,28.080567,0.858306,0.056012,0.0,0.143095,1.0,False
occupation,0.25,1.0,elevated_1.5,0.015,20,56.62344,43.37656,0.662331,0.071122,0.0,0.265403,1.0,False
occupation,0.25,1.0,elevated_1.5,0.02,2,78.40527,21.59473,0.963429,0.053556,0.0,0.039657,1.0,True
occupation,0.25,1.0,elevated_1.5,0.02,5,75.648315,24.351685,0.917357,0.058096,0.0,0.097302,1.0,True
occupation,0.25,1.0,elevated_1.5,0.02,10,69.613117,30.386883,0.829041,0.0658,0.0,0.188271,1.0,False
occupation,0.25,1.0,elevated_1.5,0.02,20,49.711877,50.288123,0.58364,0.086504,0.0,0.340876,1.0,False
occupation,0.25,1.0,elevated_1.5,0.025,2,77.820899,22.179101,0.955866,0.059584,0.00458,0.044866,0.90737,True
occupation,0.25,1.0,elevated_1.5,0.025,5,74.526868,25.473132,0.902492,0.065758,0.01119,0.109614,0.90737,False
occupation,0.25,1.0,elevated_1.5,0.025,10,67.084105,32.915895,0.797516,0.076238,0.02149,0.210511,0.90737,False
occupation,0.25,1.0,elevated_1.5,0.025,20,43.698931,56.301069,0.514559,0.097379,0.037861,0.37087,0.90737,False
occupation,0.25,1.0,elevated_1.5,0.03,2,77.231144,22.768856,0.948253,0.065639,0.014433,0.044753,0.756142,True
occupation,0.25,1.0,elevated_1.5,0.03,5,73.354629,26.645371,0.887115,0.07365,0.035105,0.108851,0.756142,False
occupation,0.25,1.0,elevated_1.5,0.03,10,64.329157,35.670843,0.763699,0.087332,0.066859,0.207314,0.756142,False
occupation,0.25,1.0,elevated_1.5,0.03,20,38.515209,61.484791,0.454557,0.107457,0.114492,0.35501,0.756142,False
occupation,0.25,1.0,elevated_1.5,0.04,2,76.035861,23.964139,0.93288,0.077834,0.033989,0.044526,0.567106,True
occupation,0.25,1.0,elevated_1.5,0.04,5,70.85853,29.14147,0.854939,0.09012,0.081892,0.107281,0.567106,False
occupation,0.25,1.0,elevated_1.5,0.04,10,58.142072,41.857928,0.689721,0.111586,0.152983,0.200413,0.567106,False
occupation,0.25,1.0,elevated_1.5,0.04,20,30.045351,69.954649,0.356068,0.12725,0.247717,0.324518,0.567106,False
occupation,0.25,1.0,elevated_1.5,0.05,2,74.82015,25.17985,0.917317,0.090139,0.053344,0.044299,0.453685,False
occupation,0.25,1.0,elevated_1.5,0.05,5,68.16256,31.83744,0.820889,0.107505,0.127226,0.105654,0.453685,False
occupation,0.25,1.0,elevated_1.5,0.05,10,51.09194,48.90806,0.607685,0.139049,0.232217,0.192843,0.453685,False
occupation,0.25,1.0,elevated_1.5,0.05,20,23.523677,76.476323,0.279789,0.146963,0.357269,0.296693,0.453685,False
occupation,0.25,1.0,high_2.0,0.005,2,80.020118,19.979882,0.984686,0.033727,0.0,0.009989,1.0,True
occupation,0.25,1.0,high_2.0,0.005,5,78.243718,21.756282,0.954073,0.034364,0.0,0.024759,1.0,True
occupation,0.25,1.0,high_2.0,0.005,10,74.660868,25.339132,0.897905,0.035647,0.0,0.048577,1.0,False
occupation,0.25,1.0,high_2.0,0.005,20,64.631576,35.368424,0.76146,0.038713,0.0,0.092263,1.0,False
occupation,0.25,1.0,high_2.0,0.01,2,79.454526,20.545474,0.977303,0.039376,0.0,0.019929,1.0,True
occupation,0.25,1.0,high_2.0,0.01,5,77.215793,22.784207,0.940041,0.040742,0.0,0.049203,1.0,True
occupation,0.25,1.0,high_2.0,0.01,10,72.54374,27.45626,0.870138,0.043059,0.0,0.095956,1.0,False
occupation,0.25,1.0,high_2.0,0.01,20,58.742365,41.257635,0.69203,0.048246,0.0,0.178838,1.0,False
occupation,0.25,1.0,high_2.0,0.015,2,78.88321,21.11679,0.969865,0.04504,0.0,0.029818,1.0,True
occupation,0.25,1.0,high_2.0,0.015,5,76.136992,23.863008,0.925533,0.047272,0.0,0.073322,1.0,True
occupation,0.25,1.0,high_2.0,0.015,10,70.217814,29.782186,0.840419,0.050803,0.0,0.142027,1.0,False
occupation,0.25,1.0,high_2.0,0.015,20,52.134757,47.865243,0.615772,0.058181,0.0,0.258766,1.0,False
occupation,0.25,1.0,high_2.0,0.02,2,78.306285,21.693715,0.962375,0.05072,0.0,0.039657,1.0,True
occupation,0.25,1.0,high_2.0,0.02,5,75.007748,24.992252,0.910551,0.053945,0.0,0.097106,1.0,False
occupation,0.25,1.0,high_2.0,0.02,10,67.684213,32.315787,0.808746,0.05883,0.0,0.186684,1.0,False
occupation,0.25,1.0,high_2.0,0.02,20,46.060473,53.939527,0.545567,0.0659,0.0,0.331417,1.0,False
occupation,0.25,1.0,high_2.0,0.025,2,77.723856,22.276144,0.954832,0.056414,0.00458,0.044866,0.90737,True
occupation,0.25,1.0,high_2.0,0.025,5,73.828657,26.171343,0.895075,0.060756,0.011166,0.10938,0.90737,False
occupation,0.25,1.0,high_2.0,0.025,10,64.948429,35.051571,0.775051,0.067084,0.021288,0.208534,0.90737,False
occupation,0.25,1.0,high_2.0,0.025,20,40.797018,59.202982,0.484231,0.073304,0.036779,0.360274,0.90737,False
occupation,0.25,1.0,high_2.0,0.03,2,77.136028,22.863972,0.94724,0.062123,0.014433,0.044753,0.756142,True
occupation,0.25,1.0,high_2.0,0.03,5,72.600471,27.399529,0.879106,0.067696,0.035026,0.108606,0.756142,False
occupation,0.25,1.0,high_2.0,0.03,10,62.020325,37.979675,0.739446,0.07551,0.066169,0.205172,0.756142,False
occupation,0.25,1.0,high_2.0,0.03,20,36.212271,63.787729,0.43048,0.080691,0.111265,0.345005,0.756142,False
occupation,0.25,1.0,high_2.0,0.04,2,75.944556,24.055444,0.931907,0.073585,0.033989,0.044526,0.567106,True
occupation,0.25,1.0,high_2.0,0.04,5,70.000539,29.999461,0.845833,0.081938,0.081689,0.107015,0.567106,False
occupation,0.25,1.0,high_2.0,0.04,10,55.646319,44.353681,0.66355,0.092699,0.151141,0.198,0.567106,False
occupation,0.25,1.0,high_2.0,0.04,20,28.549575,71.450425,0.340404,0.095462,0.241245,0.316039,0.567106,False
occupation,0.25,1.0,high_2.0,0.05,2,74.732602,25.267398,0.916384,0.085106,0.053344,0.044299,0.453685,False
occupation,0.25,1.0,high_2.0,0.05,5,67.216675,32.783325,0.810855,0.096619,0.126882,0.105369,0.453685,False
occupation,0.25,1.0,high_2.0,0.05,10,49.034357,50.965643,0.586085,0.109471,0.229134,0.190284,0.453685,False
occupation,0.25,1.0,high_2.0,0.05,20,22.576321,77.423679,0.269844,0.110233,0.349151,0.289951,0.453685,False
occupation,0.5,0.0,none_1.0,0.005,2,80.240483,19.759517,0.987035,0.037605,0.0,0.009989,1.0,True
occupation,0.5,0.0,none_1.0,0.005,5,79.271032,20.728968,0.964975,0.038122,0.0,0.024848,1.0,True
occupation,0.5,0.0,none_1.0,0.005,10,77.425911,22.574089,0.926883,0.039414,0.0,0.049187,1.0,True
occupation,0.5,0.0,none_1.0,0.005,20,72.715104,27.284896,0.844276,0.04316,0.0,0.095931,1.0,False
occupation,0.5,0.0,none_1.0,0.01,2,79.683808,20.316192,0.979746,0.043685,0.0,0.019929,1.0,True
occupation,0.5,0.0,none_1.0,0.01,5,78.44749,21.55251,0.953114,0.044897,0.0,0.049404,1.0,True
occupation,0.5,0.0,none_1.0,0.01,10,76.096187,23.903813,0.907394,0.046867,0.0,0.097453,1.0,True
occupation,0.5,0.0,none_1.0,0.01,20,69.760971,30.239029,0.805311,0.053239,0.0,0.188494,1.0,False
occupation,0.5,0.0,none_1.0,0.015,2,79.123686,20.876314,0.972427,0.04978,0.0,0.029818,1.0,True
occupation,0.5,0.0,none_1.0,0.015,5,77.595075,22.404925,0.941011,0.051798,0.0,0.073663,1.0,True
occupation,0.5,0.0,none_1.0,0.015,10,74.662846,25.337154,0.887068,0.054684,0.0,0.144743,1.0,False
occupation,0.5,0.0,none_1.0,0.015,20,66.248364,33.751636,0.76139,0.06546,0.0,0.277158,1.0,False
occupation,0.5,0.0,none_1.0,0.02,2,78.560115,21.439885,0.965079,0.055891,0.0,0.039657,1.0,True
occupation,0.5,0.0,none_1.0,0.02,5,76.712612,23.287388,0.92865,0.058836,0.0,0.097618,1.0,True
occupation,0.5,0.0,none_1.0,0.02,10,73.114371,26.885629,0.865772,0.062948,0.0,0.190994,1.0,False
occupation,0.5,0.0,none_1.0,0.02,20,61.949277,38.050723,0.710062,0.081569,0.0,0.361229,1.0,False
occupation,0.5,0.0,none_1.0,0.025,2,77.99309,22.00691,0.957701,0.06202,0.0,0.049447,1.0,True
occupation,0.5,0.0,none_1.0,0.025,5,75.798793,24.201207,0.916019,0.066025,0.0,0.121262,1.0,True
occupation,0.5,0.0,none_1.0,0.025,10,71.436545,28.563455,0.843347,0.071772,0.0,0.236138,1.0,False
occupation,0.5,0.0,none_1.0,0.025,20,56.394395,43.605605,0.646372,0.105985,0.0,0.439722,1.0,False
occupation,0.5,0.0,none_1.0,0.03,2,77.4226,22.5774,0.950293,0.068165,0.0,0.059186,1.0,True
occupation,0.5,0.0,none_1.0,0.03,5,74.852156,25.147844,0.9031,0.073384,0.0,0.14459,1.0,False
occupation,0.5,0.0,none_1.0,0.03,10,69.611445,30.388555,0.819593,0.081307,0.0,0.280097,1.0,False
occupation,0.5,0.0,none_1.0,0.03,20,49.295084,50.704916,0.567168,0.141355,0.0,0.511049,1.0,False
occupation,0.5,0.0,none_1.0,0.04,2,76.271152,23.728848,0.935387,0.080513,0.0,0.078515,1.0,True
occupation,0.5,0.0,none_1.0,0.04,5,72.853693,27.146307,0.876323,0.088685,0.0,0.190266,1.0,False
occupation,0.5,0.0,none_1.0,0.04,10,65.419183,34.580817,0.767001,0.103443,0.0,0.364105,1.0,False
occupation,0.5,0.0,none_1.0,0.04,20,37.576345,62.423655,0.4354,0.183792,0.0,0.629569,1.0,False
occupation,0.5,0.0,none_1.0,0.05,2,75.105582,24.894418,0.920358,0.09294,0.009045,0.088599,0.90737,False
occupation,0.5,0.0,none_1.0,0.05,5,70.701568,29.298432,0.848077,0.104929,0.02173,0.212857,0.90737,False
occupation,0.5,0.0,none_1.0,0.05,10,60.235786,39.764214,0.704417,0.132504,0.040956,0.401194,0.90737,False
occupation,0.5,0.0,none_1.0,0.05,20,28.763882,71.236118,0.335089,0.216642,0.066718,0.653545,0.90737,False
occupation,0.5,0.0,elevated_1.5,0.005,2,80.135047,19.864953,0.985911,0.035526,0.0,0.009989,1.0,True
occupation,0.5,0.0,elevated_1.5,0.005,5,78.765294,21.234706,0.959607,0.03595,0.0,0.024804,1.0,True
occupation,0.5,0.0,elevated_1.5,0.005,10,76.081566,23.918434,0.912794,0.037109,0.0,0.048888,1.0,True
occupation,0.5,0.0,elevated_1.5,0.005,20,68.844212,31.155788,0.804695,0.040769,0.0,0.094162,1.0,False
occupation,0.5,0.0,elevated_1.5,0.01,2,79.579851,20.420149,0.978638,0.041317,0.0,0.019929,1.0,True
occupation,0.5,0.0,elevated_1.5,0.01,5,77.872382,22.127618,0.947008,0.042202,0.0,0.049311,1.0,True
occupation,0.5,0.0,elevated_1.5,0.01,10,74.468978,25.531022,0.890327,0.043952,0.0,0.09676,1.0,False
occupation,0.5,0.0,elevated_1.5,0.01,20,64.746799,35.253201,0.753886,0.050402,0.0,0.184107,1.0,False
occupation,0.5,0.0,elevated_1.5,0.015,2,79.021205,20.978795,0.971335,0.047111,0.0,0.029818,1.0,True
occupation,0.5,0.0,elevated_1.5,0.015,5,76.947755,23.052245,0.934135,0.048526,0.0,0.073513,1.0,True
occupation,0.5,0.0,elevated_1.5,0.015,10,72.728263,27.271737,0.866762,0.051073,0.0,0.143548,1.0,False
occupation,0.5,0.0,elevated_1.5,0.015,20,59.856112,40.143888,0.695637,0.062601,0.0,0.269131,1.0,False
occupation,0.5,0.0,elevated_1.5,0.02,2,78.45911,21.54089,0.964003,0.052906,0.0,0.039657,1.0,True
occupation,0.5,0.0,elevated_1.5,0.02,5,75.990598,24.009402,0.92098,0.054932,0.0,0.097405,1.0,True
occupation,0.5,0.0,elevated_1.5,0.02,10,70.848532,29.151468,0.841974,0.058547,0.0,0.189183,1.0,False
occupation,0.5,0.0,elevated_1.5,0.02,20,53.82368,46.17632,0.62622,0.080311,0.0,0.348333,1.0,False
occupation,0.5,0.0,elevated_1.5,0.025,2,77.893559,22.106441,0.956641,0.058706,0.0,0.049447,1.0,True
occupation,0.5,0.0,elevated_1.5,0.025,5,75.000001,24.999999,0.907532,0.061429,0.0,0.120979,1.0,False
occupation,0.5,0.0,elevated_1.5,0.025,10,68.816614,31.183386,0.815813,0.066471,0.0,0.233588,1.0,False
occupation,0.5,0.0,elevated_1.5,0.025,20,47.488588,52.511412,0.554145,0.095987,0.0,0.420569,1.0,False
occupation,0.5,0.0,elevated_1.5,0.03,2,77.324543,22.675457,0.949249,0.064509,0.0,0.059186,1.0,True
occupation,0.5,0.0,elevated_1.5,0.03,5,73.974949,26.025051,0.893779,0.068032,0.0,0.14423,1.0,False
occupation,0.5,0.0,elevated_1.5,0.03,10,66.61614,33.38386,0.788096,0.074984,0.0,0.276681,1.0,False
occupation,0.5,0.0,elevated_1.5,0.03,20,41.964871,58.035129,0.490919,0.106976,0.0,0.485647,1.0,False
occupation,0.5,0.0,elevated_1.5,0.04,2,76.176043,23.823957,0.934374,0.076134,0.0,0.078515,1.0,True
occupation,0.5,0.0,elevated_1.5,0.04,5,71.816792,28.183208,0.865302,0.08161,0.0,0.189731,1.0,False
occupation,0.5,0.0,elevated_1.5,0.04,10,61.618946,38.381054,0.726996,0.094649,0.0,0.358562,1.0,False
occupation,0.5,0.0,elevated_1.5,0.04,20,32.796846,67.203154,0.385348,0.127147,0.0,0.596,1.0,False
occupation,0.5,0.0,elevated_1.5,0.05,2,75.013426,24.986574,0.919376,0.087789,0.009045,0.088599,0.90737,False
occupation,0.5,0.0,elevated_1.5,0.05,5,69.505222,30.494778,0.835365,0.095811,0.021662,0.212189,0.90737,False
occupation,0.5,0.0,elevated_1.5,0.05,10,55.584983,44.415017,0.655505,0.120575,0.040198,0.393761,0.90737,False
occupation,0.5,0.0,elevated_1.5,0.05,20,25.625111,74.374889,0.30215,0.146928,0.063291,0.619974,0.90737,False
occupation,0.5,0.0,high_2.0,0.005,2,80.02961,19.97039,0.984788,0.033612,0.0,0.009989,1.0,True
occupation,0.5,0.0,high_2.0,0.005,5,78.298238,21.701762,0.954649,0.033882,0.0,0.024763,1.0,True
occupation,0.5,0.0,high_2.0,0.005,10,74.849823,25.150177,0.899877,0.034619,0.0,0.048613,1.0,False
occupation,0.5,0.0,high_2.0,0.005,20,65.359754,34.640246,0.768927,0.037111,0.0,0.092548,1.0,False
occupation,0.5,0.0,high_2.0,0.01,2,79.475893,20.524107,0.97753,0.039117,0.0,0.019929,1.0,True
occupation,0.5,0.0,high_2.0,0.01,5,77.342643,22.657357,0.941383,0.039638,0.0,0.049222,1.0,True
occupation,0.5,0.0,high_2.0,0.01,10,72.992784,27.007216,0.874833,0.040749,0.0,0.096123,1.0,False
occupation,0.5,0.0,high_2.0,0.01,20,60.404197,39.595803,0.709158,0.045401,0.0,0.180179,1.0,False
occupation,0.5,0.0,high_2.0,0.015,2,78.918724,21.081276,0.970243,0.04461,0.0,0.029818,1.0,True
occupation,0.5,0.0,high_2.0,0.015,5,76.353348,23.646652,0.927823,0.045419,0.0,0.073371,1.0,True
occupation,0.5,0.0,high_2.0,0.015,10,70.994337,29.005663,0.84855,0.047042,0.0,0.142459,1.0,False
occupation,0.5,0.0,high_2.0,0.015,20,54.610027,45.389973,0.641413,0.056017,0.0,0.262138,1.0,False
occupation,0.5,0.0,high_2.0,0.02,2,78.358104,21.641896,0.962927,0.050091,0.0,0.039657,1.0,True
occupation,0.5,0.0,high_2.0,0.02,5,75.329931,24.670069,0.913963,0.051231,0.0,0.097203,1.0,True
occupation,0.5,0.0,high_2.0,0.02,10,68.84684,31.15316,0.820935,0.053551,0.0,0.187546,1.0,False
occupation,0.5,0.0,high_2.0,0.02,20,48.543525,51.456475,0.571415,0.065726,0.0,0.337566,1.0,False
occupation,0.5,0.0,high_2.0,0.025,2,77.794028,22.205972,0.95558,0.055562,0.0,0.049447,1.0,True
occupation,0.5,0.0,high_2.0,0.025,5,74.271912,25.728088,0.899797,0.057081,0.0,0.120712,1.0,False
occupation,0.5,0.0,high_2.0,0.025,10,66.541234,33.458766,0.791882,0.060356,0.0,0.231306,1.0,False
occupation,0.5,0.0,high_2.0,0.025,20,43.162656,56.837344,0.509049,0.073279,0.0,0.406194,1.0,False
occupation,0.5,0.0,high_2.0,0.03,2,77.226485,22.773515,0.948204,0.061023,0.0,0.059186,1.0,True
occupation,0.5,0.0,high_2.0,0.03,5,73.178744,26.821256,0.885319,0.062979,0.0,0.14389,1.0,False
occupation,0.5,0.0,high_2.0,0.03,10,64.066316,35.933684,0.761262,0.067564,0.0,0.273657,1.0,False
occupation,0.5,0.0,high_2.0,0.03,20,38.403152,61.596848,0.453663,0.080685,0.0,0.468359,1.0,False
occupation,0.5,0.0,high_2.0,0.04,2,76.080933,23.919067,0.93336,0.071922,0.0,0.078515,1.0,True
occupation,0.5,0.0,high_2.0,0.04,5,70.88437,29.11563,0.855392,0.074962,0.0,0.189227,1.0,False
occupation,0.5,0.0,high_2.0,0.04,10,58.545869,41.454131,0.694615,0.083896,0.0,0.353775,1.0,False
occupation,0.5,0.0,high_2.0,0.04,20,30.321713,69.678287,0.35933,0.095462,0.0,0.574562,1.0,False
occupation,0.5,0.0,high_2.0,0.05,2,74.921269,25.078731,0.918394,0.082796,0.009045,0.088599,0.90737,False
occupation,0.5,0.0,high_2.0,0.05,5,68.440622,31.559378,0.824053,0.087286,0.021597,0.211561,0.90737,False
occupation,0.5,0.0,high_2.0,0.05,10,52.09286,47.90714,0.618732,0.10503,0.039563,0.387546,0.90737,False
occupation,0.5,0.0,high_2.0,0.05,20,23.984534,76.015466,0.284876,0.110233,0.061182,0.599314,0.90737,False
occupation,0.5,0.5,none_1.0,0.005,2,80.23521,19.76479,0.986978,0.037668,0.0,0.009989,1.0,True
occupation,0.5,0.5,none_1.0,0.005,5,79.24115,20.75885,0.96466,0.038429,0.0,0.024845,1.0,True
occupation,0.5,0.5,none_1.0,0.005,10,77.332736,22.667264,0.925914,0.040157,0.0,0.049168,1.0,True
occupation,0.5,0.5,none_1.0,0.005,20,72.376043,27.623957,0.840842,0.044874,0.0,0.095796,1.0,False
occupation,0.5,0.5,none_1.0,0.01,2,79.672085,20.327915,0.979621,0.043825,0.0,0.019929,1.0,True
occupation,0.5,0.5,none_1.0,0.01,5,78.377686,21.622314,0.952376,0.045611,0.0,0.049393,1.0,True
occupation,0.5,0.5,none_1.0,0.01,10,75.871445,24.128555,0.905053,0.048618,0.0,0.097365,1.0,True
occupation,0.5,0.5,none_1.0,0.01,20,68.889381,31.110619,0.796441,0.057445,0.0,0.187824,1.0,False
occupation,0.5,0.5,none_1.0,0.015,2,79.104391,20.895609,0.972222,0.050012,0.0,0.029818,1.0,True
occupation,0.5,0.5,none_1.0,0.015,5,77.475422,22.524578,0.939745,0.053013,0.0,0.073635,1.0,True
occupation,0.5,0.5,none_1.0,0.015,10,74.265512,25.734488,0.882924,0.057711,0.0,0.144513,1.0,False
occupation,0.5,0.5,none_1.0,0.015,20,64.604289,35.395711,0.744582,0.073132,0.0,0.275332,1.0,False
occupation,0.5,0.5,none_1.0,0.02,2,78.532185,21.467815,0.964782,0.056227,0.0,0.039657,1.0,True
occupation,0.5,0.5,none_1.0,0.02,5,76.533367,23.466633,0.926753,0.060644,0.0,0.097563,1.0,True
occupation,0.5,0.5,none_1.0,0.02,10,72.501156,27.498844,0.859368,0.067522,0.0,0.190529,1.0,False
occupation,0.5,0.5,none_1.0,0.02,20,59.230078,40.769922,0.68214,0.094166,0.0,0.357361,1.0,False
occupation,0.5,0.5,none_1.0,0.025,2,77.955516,22.044484,0.957301,0.062472,0.0,0.049447,1.0,True
occupation,0.5,0.5,none_1.0,0.025,5,75.550473,24.449527,0.91339,0.068517,0.0,0.12117,1.0,True
occupation,0.5,0.5,none_1.0,0.025,10,70.562394,29.437606,0.834206,0.078166,0.0,0.235322,1.0,False
occupation,0.5,0.5,none_1.0,0.025,20,52.248793,47.751207,0.603609,0.125837,0.0,0.432608,1.0,False
occupation,0.5,0.5,none_1.0,0.03,2,77.37443,22.62557,0.94978,0.068745,0.0,0.059186,1.0,True
occupation,0.5,0.5,none_1.0,0.03,5,74.525615,25.474385,0.899641,0.076641,0.0,0.144445,1.0,False
occupation,0.5,0.5,none_1.0,0.03,10,68.43017,31.56983,0.807226,0.089795,0.0,0.278796,1.0,False
occupation,0.5,0.5,none_1.0,0.03,20,45.507897,54.492103,0.527903,0.150955,0.0,0.499688,1.0,False
occupation,0.5,0.5,none_1.0,0.04,2,76.199159,23.800841,0.93462,0.081381,0.0,0.078515,1.0,True
occupation,0.5,0.5,none_1.0,0.04,5,72.34506,27.65494,0.870932,0.093708,0.0,0.189971,1.0,False
occupation,0.5,0.5,none_1.0,0.04,10,63.484933,36.515067,0.746707,0.11696,0.0,0.361347,1.0,False
occupation,0.5,0.5,none_1.0,0.04,20,34.668743,65.331257,0.405027,0.186914,0.0,0.61063,1.0,False
occupation,0.5,0.5,none_1.0,0.05,2,75.00664,24.99336,0.919304,0.094135,0.009045,0.088599,0.90737,False
occupation,0.5,0.5,none_1.0,0.05,5,69.980579,30.019421,0.840438,0.111985,0.021682,0.212391,0.90737,False
occupation,0.5,0.5,none_1.0,0.05,10,57.376697,42.623303,0.674432,0.152255,0.040496,0.396682,0.90737,False
occupation,0.5,0.5,none_1.0,0.05,20,26.688339,73.311661,0.313359,0.218029,0.064518,0.631991,0.90737,False
occupation,0.5,0.5,elevated_1.5,0.005,2,80.130037,19.869963,0.985858,0.035586,0.0,0.009989,1.0,True
occupation,0.5,0.5,elevated_1.5,0.005,5,78.73682,21.26318,0.959306,0.036222,0.0,0.024802,1.0,True
occupation,0.5,0.5,elevated_1.5,0.005,10,75.9872,24.0128,0.911811,0.03773,0.0,0.04887,1.0,True
occupation,0.5,0.5,elevated_1.5,0.005,20,68.476527,31.523473,0.800946,0.042018,0.0,0.094021,1.0,False
occupation,0.5,0.5,elevated_1.5,0.01,2,79.568647,20.431353,0.978519,0.041452,0.0,0.019929,1.0,True
occupation,0.5,0.5,elevated_1.5,0.01,5,77.806124,22.193876,0.946307,0.042827,0.0,0.0493,1.0,True
occupation,0.5,0.5,elevated_1.5,0.01,10,74.243596,25.756404,0.887975,0.045379,0.0,0.096674,1.0,False
occupation,0.5,0.5,elevated_1.5,0.01,20,63.843302,36.156698,0.744629,0.053187,0.0,0.183419,1.0,False
occupation,0.5,0.5,elevated_1.5,0.015,2,79.002679,20.997321,0.971138,0.047334,0.0,0.029818,1.0,True
occupation,0.5,0.5,elevated_1.5,0.015,5,76.834653,23.165347,0.932939,0.049582,0.0,0.073487,1.0,True
occupation,0.5,0.5,elevated_1.5,0.015,10,72.334692,27.665308,0.862649,0.053471,0.0,0.143326,1.0,False
occupation,0.5,0.5,elevated_1.5,0.015,20,58.265317,41.734683,0.679263,0.067037,0.0,0.267317,1.0,False
occupation,0.5,0.5,elevated_1.5,0.02,2,78.43219,21.56781,0.963716,0.053231,0.0,0.039657,1.0,True
occupation,0.5,0.5,elevated_1.5,0.02,5,75.821916,24.178084,0.919195,0.056489,0.0,0.097354,1.0,True
occupation,0.5,0.5,elevated_1.5,0.02,10,70.250271,29.749729,0.835714,0.062056,0.0,0.188737,1.0,False
occupation,0.5,0.5,elevated_1.5,0.02,20,51.64018,48.35982,0.603636,0.084594,0.0,0.344665,1.0,False
occupation,0.5,0.5,elevated_1.5,0.025,2,77.857229,22.142771,0.956254,0.059145,0.0,0.049447,1.0,True
occupation,0.5,0.5,elevated_1.5,0.025,5,74.767411,25.232589,0.905069,0.063553,0.0,0.120892,1.0,False
occupation,0.5,0.5,elevated_1.5,0.025,10,67.97932,32.02068,0.807041,0.071199,0.0,0.232814,1.0,False
occupation,0.5,0.5,elevated_1.5,0.025,20,45.465983,54.534017,0.533123,0.096923,0.0,0.414604,1.0,False
occupation,0.5,0.5,elevated_1.5,0.03,2,77.277843,22.722157,0.948751,0.065074,0.0,0.059186,1.0,True
occupation,0.5,0.5,elevated_1.5,0.03,5,73.670609,26.329391,0.890554,0.070782,0.0,0.144094,1.0,False
occupation,0.5,0.5,elevated_1.5,0.03,10,65.509463,34.490537,0.776489,0.080999,0.0,0.275461,1.0,False
occupation,0.5,0.5,elevated_1.5,0.03,20,40.122977,59.877023,0.471703,0.107293,0.0,0.477413,1.0,False
occupation,0.5,0.5,elevated_1.5,0.04,2,76.105952,23.894048,0.933627,0.076984,0.0,0.078515,1.0,True
occupation,0.5,0.5,elevated_1.5,0.04,5,71.347816,28.652184,0.860331,0.085765,0.0,0.189455,1.0,False
occupation,0.5,0.5,elevated_1.5,0.04,10,59.910724,40.089276,0.709042,0.103216,0.0,0.356042,1.0,False
occupation,0.5,0.5,elevated_1.5,0.04,20,31.336106,68.663894,0.370025,0.127213,0.0,0.58377,1.0,False
occupation,0.5,0.5,elevated_1.5,0.05,2,74.916788,25.083212,0.918347,0.088964,0.009045,0.088599,0.90737,False
occupation,0.5,0.5,elevated_1.5,0.05,5,68.848331,31.151669,0.828404,0.101519,0.021617,0.211753,0.90737,False
occupation,0.5,0.5,elevated_1.5,0.05,10,53.276563,46.723437,0.631247,0.131057,0.039792,0.389783,0.90737,False
occupation,0.5,0.5,elevated_1.5,0.05,20,24.529532,75.470468,0.290638,0.146949,0.061901,0.606363,0.90737,False
occupation,0.5,0.5,high_2.0,0.005,2,80.024864,19.975136,0.984737,0.03367,0.0,0.009989,1.0,True
occupation,0.5,0.5,high_2.0,0.005,5,78.271087,21.728913,0.954362,0.034122,0.0,0.024761,1.0,True
occupation,0.5,0.5,high_2.0,0.005,10,74.756212,25.243788,0.8989,0.035128,0.0,0.048595,1.0,False
occupation,0.5,0.5,high_2.0,0.005,20,64.99964,35.00036,0.765236,0.037911,0.0,0.092407,1.0,False
occupation,0.5,0.5,high_2.0,0.01,2,79.465209,20.534791,0.977417,0.039247,0.0,0.019929,1.0,True
occupation,0.5,0.5,high_2.0,0.01,5,77.279697,22.720303,0.940717,0.040186,0.0,0.049213,1.0,True
occupation,0.5,0.5,high_2.0,0.01,10,72.771941,27.228059,0.872525,0.041884,0.0,0.096041,1.0,False
occupation,0.5,0.5,high_2.0,0.01,20,59.580327,40.419673,0.700671,0.04688,0.0,0.179519,1.0,False
occupation,0.5,0.5,high_2.0,0.015,2,78.900967,21.099033,0.970054,0.044825,0.0,0.029818,1.0,True
occupation,0.5,0.5,high_2.0,0.015,5,76.246323,23.753677,0.92669,0.046334,0.0,0.073347,1.0,True
occupation,0.5,0.5,high_2.0,0.015,10,70.614378,29.385622,0.844572,0.048883,0.0,0.142247,1.0,False
occupation,0.5,0.5,high_2.0,0.015,20,53.307933,46.692067,0.627937,0.057616,0.0,0.260473,1.0,False
occupation,0.5,0.5,high_2.0,0.02,2,78.332194,21.667806,0.962651,0.050405,0.0,0.039657,1.0,True
occupation,0.5,0.5,high_2.0,0.02,5,75.170983,24.829017,0.91228,0.052567,0.0,0.097155,1.0,False
occupation,0.5,0.5,high_2.0,0.02,10,68.279399,31.720601,0.814988,0.056137,0.0,0.187123,1.0,False
occupation,0.5,0.5,high_2.0,0.02,20,47.267664,52.732336,0.558144,0.065844,0.0,0.334499,1.0,False
occupation,0.5,0.5,high_2.0,0.025,2,77.758942,22.241058,0.955206,0.055988,0.0,0.049447,1.0,True
occupation,0.5,0.5,high_2.0,0.025,5,74.05372,25.94628,0.897486,0.058886,0.0,0.12063,1.0,False
occupation,0.5,0.5,high_2.0,0.025,10,65.763526,34.236474,0.783722,0.063674,0.0,0.230579,1.0,False
occupation,0.5,0.5,high_2.0,0.025,20,41.945533,58.054467,0.496341,0.073296,0.0,0.401604,1.0,False
occupation,0.5,0.5,high_2.0,0.03,2,77.181256,22.818744,0.947722,0.061573,0.0,0.059186,1.0,True
occupation,0.5,0.5,high_2.0,0.03,5,72.894591,27.105409,0.882308,0.065291,0.0,0.143762,1.0,False
occupation,0.5,0.5,high_2.0,0.03,10,63.063533,36.936467,0.750729,0.071541,0.0,0.272523,1.0,False
occupation,0.5,0.5,high_2.0,0.03,20,37.224943,62.775057,0.441327,0.08069,0.0,0.462124,1.0,False
occupation,0.5,0.5,high_2.0,0.04,2,76.012745,23.987255,0.932634,0.072753,0.0,0.078515,1.0,True
occupation,0.5,0.5,high_2.0,0.04,5,70.450964,29.549036,0.850798,0.078374,0.0,0.188968,1.0,False
occupation,0.5,0.5,high_2.0,0.04,10,57.095417,42.904583,0.67935,0.088644,0.0,0.351498,1.0,False
occupation,0.5,0.5,high_2.0,0.04,20,29.417742,70.582258,0.349822,0.095462,0.0,0.565849,1.0,False
occupation,0.5,0.5,high_2.0,0.05,2,74.826935,25.173065,0.917389,0.083951,0.009045,0.088599,0.90737,False
occupation,0.5,0.5,high_2.0,0.05,5,67.840423,32.159577,0.817693,0.091855,0.021556,0.211154,0.90737,False
occupation,0.5,0.5,high_2.0,0.05,10,50.460421,49.539579,0.601545,0.108089,0.039209,0.384077,0.90737,False
occupation,0.5,0.5,high_2.0,0.05,20,23.232918,76.767082,0.276962,0.110233,0.06015,0.589209,0.90737,False
occupation,0.5,1.0,none_1.0,0.005,2,80.229937,19.770063,0.986922,0.037731,0.0,0.009989,1.0,True
occupation,0.5,1.0,none_1.0,0.005,5,79.210993,20.789007,0.964341,0.038739,0.0,0.024843,1.0,True
occupation,0.5,1.0,none_1.0,0.005,10,77.237163,22.762837,0.92492,0.040921,0.0,0.049149,1.0,True
occupation,0.5,1.0,none_1.0,0.005,20,72.018821,27.981179,0.837222,0.046687,0.0,0.095655,1.0,False
occupation,0.5,1.0,none_1.0,0.01,2,79.660362,20.339638,0.979496,0.043966,0.0,0.019929,1.0,True
occupation,0.5,1.0,none_1.0,0.01,5,78.306658,21.693342,0.951625,0.046337,0.0,0.049382,1.0,True
occupation,0.5,1.0,none_1.0,0.01,10,75.635656,24.364344,0.902597,0.050463,0.0,0.097274,1.0,True
occupation,0.5,1.0,none_1.0,0.01,20,67.933615,32.066385,0.786698,0.062062,0.0,0.187107,1.0,False
occupation,0.5,1.0,none_1.0,0.015,2,79.085097,20.914903,0.972016,0.050243,0.0,0.029818,1.0,True
occupation,0.5,1.0,none_1.0,0.015,5,77.352779,22.647221,0.938447,0.05426,0.0,0.073607,1.0,True
occupation,0.5,1.0,none_1.0,0.015,10,73.840577,26.159423,0.878489,0.060968,0.0,0.144273,1.0,False
occupation,0.5,1.0,none_1.0,0.015,20,62.765956,37.234044,0.725745,0.08159,0.0,0.27333,1.0,False
occupation,0.5,1.0,none_1.0,0.02,2,78.504255,21.495745,0.964484,0.056563,0.0,0.039657,1.0,True
occupation,0.5,1.0,none_1.0,0.02,5,76.348474,23.651526,0.924796,0.062515,0.0,0.097508,1.0,True
occupation,0.5,1.0,none_1.0,0.02,10,71.835349,28.164651,0.852408,0.072523,0.0,0.190038,1.0,False
occupation,0.5,1.0,none_1.0,0.02,20,56.235598,43.764402,0.6513,0.107321,0.0,0.353084,1.0,False
occupation,0.5,1.0,none_1.0,0.025,2,77.917943,22.082057,0.956901,0.062923,0.0,0.049447,1.0,True
occupation,0.5,1.0,none_1.0,0.025,5,75.292944,24.707056,0.910662,0.071108,0.0,0.121075,1.0,True
occupation,0.5,1.0,none_1.0,0.025,10,69.603413,30.396587,0.824168,0.085225,0.0,0.234456,1.0,False
occupation,0.5,1.0,none_1.0,0.025,20,48.80512,51.19488,0.567948,0.135985,0.0,0.424918,1.0,False
occupation,0.5,1.0,none_1.0,0.03,2,77.32626,22.67374,0.949267,0.069325,0.0,0.059186,1.0,True
occupation,0.5,1.0,none_1.0,0.03,5,74.185474,25.814526,0.896037,0.080046,0.0,0.144298,1.0,False
occupation,0.5,1.0,none_1.0,0.03,10,67.128238,32.871762,0.793579,0.09919,0.0,0.277405,1.0,False
occupation,0.5,1.0,none_1.0,0.03,20,42.463713,57.536287,0.496226,0.155835,0.0,0.488436,1.0,False
occupation,0.5,1.0,none_1.0,0.04,2,76.127166,23.872834,0.933853,0.082248,0.0,0.078515,1.0,True
occupation,0.5,1.0,none_1.0,0.04,5,71.812212,28.187788,0.865282,0.09899,0.0,0.189671,1.0,False
occupation,0.5,1.0,none_1.0,0.04,10,61.380293,38.619707,0.724592,0.131547,0.0,0.358391,1.0,False
occupation,0.5,1.0,none_1.0,0.04,20,32.450272,67.549728,0.381779,0.188504,0.0,0.593713,1.0,False
occupation,0.5,1.0,none_1.0,0.05,2,74.907699,25.092301,0.91825,0.09533,0.009045,0.088599,0.90737,False
occupation,0.5,1.0,none_1.0,0.05,5,69.224274,30.775726,0.832421,0.119419,0.021633,0.211914,0.90737,False
occupation,0.5,1.0,none_1.0,0.05,10,54.436978,45.563022,0.64354,0.171672,0.040009,0.39191,0.90737,False
occupation,0.5,1.0,none_1.0,0.05,20,25.063806,74.936194,0.296298,0.218862,0.0626,0.613207,0.90737,False
occupation,0.5,1.0,elevated_1.5,0.005,2,80.125027,19.874973,0.985804,0.035647,0.0,0.009989,1.0,True
occupation,0.5,1.0,elevated_1.5,0.005,5,78.7081,21.2919,0.959002,0.036496,0.0,0.0248,1.0,True
occupation,0.5,1.0,elevated_1.5,0.005,10,75.890779,24.109221,0.910806,0.038366,0.0,0.048851,1.0,True
occupation,0.5,1.0,elevated_1.5,0.005,20,68.09546,31.90454,0.797058,0.043305,0.0,0.093875,1.0,False
occupation,0.5,1.0,elevated_1.5,0.01,2,79.557444,20.442556,0.978399,0.041587,0.0,0.019929,1.0,True
occupation,0.5,1.0,elevated_1.5,0.01,5,77.738783,22.261217,0.945595,0.043464,0.0,0.04929,1.0,True
occupation,0.5,1.0,elevated_1.5,0.01,10,74.009108,25.990892,0.885526,0.046869,0.0,0.096585,1.0,False
occupation,0.5,1.0,elevated_1.5,0.01,20,62.892867,37.107133,0.734878,0.056024,0.0,0.182698,1.0,False
occupation,0.5,1.0,elevated_1.5,0.015,2,78.984154,21.015846,0.970941,0.047557,0.0,0.029818,1.0,True
occupation,0.5,1.0,elevated_1.5,0.015,5,76.718926,23.281074,0.931714,0.050664,0.0,0.073461,1.0,True
occupation,0.5,1.0,elevated_1.5,0.015,10,71.919433,28.080567,0.858306,0.056012,0.0,0.143095,1.0,False
occupation,0.5,1.0,elevated_1.5,0.015,20,56.62344,43.37656,0.662331,0.071122,0.0,0.265403,1.0,False
occupation,0.5,1.0,elevated_1.5,0.02,2,78.40527,21.59473,0.963429,0.053556,0.0,0.039657,1.0,True
occupation,0.5,1.0,elevated_1.5,0.02,5,75.648315,24.351685,0.917357,0.058096,0.0,0.097302,1.0,True
occupation,0.5,1.0,elevated_1.5,0.02,10,69.613117,30.386883,0.829041,0.0658,0.0,0.188271,1.0,False
occupation,0.5,1.0,elevated_1.5,0.02,20,49.711877,50.288123,0.58364,0.086504,0.0,0.340876,1.0,False
occupation,0.5,1.0,elevated_1.5,0.025,2,77.820899,22.179101,0.955866,0.059584,0.0,0.049447,1.0,True
occupation,0.5,1.0,elevated_1.5,0.025,5,74.526868,25.473132,0.902521,0.065758,0.0,0.120804,1.0,False
occupation,0.5,1.0,elevated_1.5,0.025,10,67.084105,32.915895,0.797654,0.076238,0.0,0.232001,1.0,False
occupation,0.5,1.0,elevated_1.5,0.025,20,43.698931,56.301069,0.514713,0.097379,0.0,0.40873,1.0,False
occupation,0.5,1.0,elevated_1.5,0.03,2,77.231144,22.768856,0.948253,0.065639,0.0,0.059186,1.0,True
occupation,0.5,1.0,elevated_1.5,0.03,5,73.354629,26.645371,0.887206,0.07365,0.0,0.143956,1.0,False
occupation,0.5,1.0,elevated_1.5,0.03,10,64.329157,35.670843,0.764097,0.087332,0.0,0.274173,1.0,False
occupation,0.5,1.0,elevated_1.5,0.03,20,38.515209,61.484791,0.454892,0.107457,0.0,0.469502,1.0,False
occupation,0.5,1.0,elevated_1.5,0.04,2,76.035861,23.964139,0.93288,0.077834,0.0,0.078515,1.0,True
occupation,0.5,1.0,elevated_1.5,0.04,5,70.85853,29.14147,0.855143,0.09012,0.0,0.189173,1.0,False
occupation,0.5,1.0,elevated_1.5,0.04,10,58.142072,41.857928,0.690431,0.111586,0.0,0.353395,1.0,False
occupation,0.5,1.0,elevated_1.5,0.04,20,30.045351,69.954649,0.356459,0.12725,0.0,0.572234,1.0,False
occupation,0.5,1.0,elevated_1.5,0.05,2,74.82015,25.17985,0.917317,0.090139,0.009045,0.088599,0.90737,False
occupation,0.5,1.0,elevated_1.5,0.05,5,68.16256,31.83744,0.821135,0.107505,0.021572,0.211308,0.90737,False
occupation,0.5,1.0,elevated_1.5,0.05,10,51.09194,48.90806,0.608252,0.139049,0.039373,0.385687,0.90737,False
occupation,0.5,1.0,elevated_1.5,0.05,20,23.523677,76.476323,0.28005,0.146963,0.060576,0.593385,0.90737,False
occupation,0.5,1.0,high_2.0,0.005,2,80.020118,19.979882,0.984686,0.033727,0.0,0.009989,1.0,True
occupation,0.5,1.0,high_2.0,0.005,5,78.243718,21.756282,0.954073,0.034364,0.0,0.024759,1.0,True
occupation,0.5,1.0,high_2.0,0.005,10,74.660868,25.339132,0.897905,0.035647,0.0,0.048577,1.0,False
occupation,0.5,1.0,high_2.0,0.005,20,64.631576,35.368424,0.76146,0.038713,0.0,0.092263,1.0,False
occupation,0.5,1.0,high_2.0,0.01,2,79.454526,20.545474,0.977303,0.039376,0.0,0.019929,1.0,True
occupation,0.5,1.0,high_2.0,0.01,5,77.215793,22.784207,0.940041,0.040742,0.0,0.049203,1.0,True
occupation,0.5,1.0,high_2.0,0.01,10,72.54374,27.45626,0.870138,0.043059,0.0,0.095956,1.0,False
occupation,0.5,1.0,high_2.0,0.01,20,58.742365,41.257635,0.69203,0.048246,0.0,0.178838,1.0,False
occupation,0.5,1.0,high_2.0,0.015,2,78.88321,21.11679,0.969865,0.04504,0.0,0.029818,1.0,True
occupation,0.5,1.0,high_2.0,0.015,5,76.136992,23.863008,0.925533,0.047272,0.0,0.073322,1.0,True
occupation,0.5,1.0,high_2.0,0.015,10,70.217814,29.782186,0.840419,0.050803,0.0,0.142027,1.0,False
occupation,0.5,1.0,high_2.0,0.015,20,52.134757,47.865243,0.615772,0.058181,0.0,0.258766,1.0,False
occupation,0.5,1.0,high_2.0,0.02,2,78.306285,21.693715,0.962375,0.05072,0.0,0.039657,1.0,True
occupation,0.5,1.0,high_2.0,0.02,5,75.007748,24.992252,0.910551,0.053945,0.0,0.097106,1.0,False
occupation,0.5,1.0,high_2.0,0.02,10,67.684213,32.315787,0.808746,0.05883,0.0,0.186684,1.0,False
occupation,0.5,1.0,high_2.0,0.02,20,46.060473,53.939527,0.545567,0.0659,0.0,0.331417,1.0,False
occupation,0.5,1.0,high_2.0,0.025,2,77.723856,22.276144,0.954832,0.056414,0.0,0.049447,1.0,True
occupation,0.5,1.0,high_2.0,0.025,5,73.828657,26.171343,0.895102,0.060756,0.0,0.120546,1.0,False
occupation,0.5,1.0,high_2.0,0.025,10,64.948429,35.051571,0.775164,0.067084,0.0,0.229822,1.0,False
occupation,0.5,1.0,high_2.0,0.025,20,40.797018,59.202982,0.484332,0.073304,0.0,0.397053,1.0,False
occupation,0.5,1.0,high_2.0,0.03,2,77.136028,22.863972,0.94724,0.062123,0.0,0.059186,1.0,True
occupation,0.5,1.0,high_2.0,0.03,5,72.600471,27.399529,0.879191,0.067696,0.0,0.143632,1.0,False
occupation,0.5,1.0,high_2.0,0.03,10,62.020325,37.979675,0.739763,0.07551,0.0,0.27134,1.0,False
occupation,0.5,1.0,high_2.0,0.03,20,36.212271,63.787729,0.430706,0.080691,0.0,0.456271,1.0,False
occupation,0.5,1.0,high_2.0,0.04,2,75.944556,24.055444,0.931907,0.073585,0.0,0.078515,1.0,True
occupation,0.5,1.0,high_2.0,0.04,5,70.000539,29.999461,0.846022,0.081938,0.0,0.188703,1.0,False
occupation,0.5,1.0,high_2.0,0.04,10,55.646319,44.353681,0.664083,0.092699,0.0,0.349142,1.0,False
occupation,0.5,1.0,high_2.0,0.04,20,28.549575,71.450425,0.34068,0.095462,0.0,0.557284,1.0,False
occupation,0.5,1.0,high_2.0,0.05,2,74.732602,25.267398,0.916384,0.085106,0.009045,0.088599,0.90737,False
occupation,0.5,1.0,high_2.0,0.05,5,67.216675,32.783325,0.811082,0.096619,0.021513,0.210737,0.90737,False
occupation,0.5,1.0,high_2.0,0.05,10,49.034357,50.965643,0.586508,0.109471,0.038851,0.380568,0.90737,False
occupation,0.5,1.0,high_2.0,0.05,20,22.576321,77.423679,0.270039,0.110233,0.0592,0.579902,0.90737,False
occupation,0.75,0.0,none_1.0,0.005,2,80.240483,19.759517,0.987035,0.037605,0.0,0.009989,1.0,True
occupation,0.75,0.0,none_1.0,0.005,5,79.271032,20.728968,0.964975,0.038122,0.0,0.024848,1.0,True
occupation,0.75,0.0,none_1.0,0.005,10,77.425911,22.574089,0.926883,0.039414,0.0,0.049187,1.0,True
occupation,0.75,0.0,none_1.0,0.005,20,72.715104,27.284896,0.844276,0.04316,0.0,0.095931,1.0,False
occupation,0.75,0.0,none_1.0,0.01,2,79.683808,20.316192,0.979746,0.043685,0.0,0.019929,1.0,True
occupation,0.75,0.0,none_1.0,0.01,5,78.44749,21.55251,0.953114,0.044897,0.0,0.049404,1.0,True
occupation,0.75,0.0,none_1.0,0.01,10,76.096187,23.903813,0.907394,0.046867,0.0,0.097453,1.0,True
occupation,0.75,0.0,none_1.0,0.01,20,69.760971,30.239029,0.805311,0.053239,0.0,0.188494,1.0,False
occupation,0.75,0.0,none_1.0,0.015,2,79.123686,20.876314,0.972427,0.04978,0.0,0.029818,1.0,True
occupation,0.75,0.0,none_1.0,0.015,5,77.595075,22.404925,0.941011,0.051798,0.0,0.073663,1.0,True
occupation,0.75,0.0,none_1.0,0.015,10,74.662846,25.337154,0.887068,0.054684,0.0,0.144743,1.0,False
occupation,0.75,0.0,none_1.0,0.015,20,66.248364,33.751636,0.76139,0.06546,0.0,0.277158,1.0,False
occupation,0.75,0.0,none_1.0,0.02,2,78.560115,21.439885,0.965079,0.055891,0.0,0.039657,1.0,True
occupation,0.75,0.0,none_1.0,0.02,5,76.712612,23.287388,0.92865,0.058836,0.0,0.097618,1.0,True
occupation,0.75,0.0,none_1.0,0.02,10,73.114371,26.885629,0.865772,0.062948,0.0,0.190994,1.0,False
occupation,0.75,0.0,none_1.0,0.02,20,61.949277,38.050723,0.710062,0.081569,0.0,0.361229,1.0,False
occupation,0.75,0.0,none_1.0,0.025,2,77.99309,22.00691,0.957701,0.06202,0.0,0.049447,1.0,True
occupation,0.75,0.0,none_1.0,0.025,5,75.798793,24.201207,0.916019,0.066025,0.0,0.121262,1.0,True
occupation,0.75,0.0,none_1.0,0.025,10,71.436545,28.563455,0.843347,0.071772,0.0,0.236138,1.0,False
occupation,0.75,0.0,none_1.0,0.025,20,56.394395,43.605605,0.646372,0.105985,0.0,0.439722,1.0,False
occupation,0.75,0.0,none_1.0,0.03,2,77.4226,22.5774,0.950293,0.068165,0.0,0.059186,1.0,True
occupation,0.75,0.0,none_1.0,0.03,5,74.852156,25.147844,0.9031,0.073384,0.0,0.14459,1.0,False
occupation,0.75,0.0,none_1.0,0.03,10,69.611445,30.388555,0.819593,0.081307,0.0,0.280097,1.0,False
occupation,0.75,0.0,none_1.0,0.03,20,49.295084,50.704916,0.567168,0.141355,0.0,0.511049,1.0,False
occupation,0.75,0.0,none_1.0,0.04,2,76.271152,23.728848,0.935387,0.080513,0.0,0.078515,1.0,True
occupation,0.75,0.0,none_1.0,0.04,5,72.853693,27.146307,0.876323,0.088685,0.0,0.190266,1.0,False
occupation,0.75,0.0,none_1.0,0.04,10,65.419183,34.580817,0.767001,0.103443,0.0,0.364105,1.0,False
occupation,0.75,0.0,none_1.0,0.04,20,37.576345,62.423655,0.4354,0.183792,0.0,0.629569,1.0,False
occupation,0.75,0.0,none_1.0,0.05,2,75.105582,24.894418,0.920358,0.09294,0.0,0.097643,1.0,False
occupation,0.75,0.0,none_1.0,0.05,5,70.701568,29.298432,0.848145,0.104929,0.0,0.234586,1.0,False
occupation,0.75,0.0,none_1.0,0.05,10,60.235786,39.764214,0.704736,0.132504,0.0,0.442151,1.0,False
occupation,0.75,0.0,none_1.0,0.05,20,28.763882,71.236118,0.335272,0.216642,0.0,0.720263,1.0,False
occupation,0.75,0.0,elevated_1.5,0.005,2,80.135047,19.864953,0.985911,0.035526,0.0,0.009989,1.0,True
occupation,0.75,0.0,elevated_1.5,0.005,5,78.765294,21.234706,0.959607,0.03595,0.0,0.024804,1.0,True
occupation,0.75,0.0,elevated_1.5,0.005,10,76.081566,23.918434,0.912794,0.037109,0.0,0.048888,1.0,True
occupation,0.75,0.0,elevated_1.5,0.005,20,68.844212,31.155788,0.804695,0.040769,0.0,0.094162,1.0,False
occupation,0.75,0.0,elevated_1.5,0.01,2,79.579851,20.420149,0.978638,0.041317,0.0,0.019929,1.0,True
occupation,0.75,0.0,elevated_1.5,0.01,5,77.872382,22.127618,0.947008,0.042202,0.0,0.049311,1.0,True
occupation,0.75,0.0,elevated_1.5,0.01,10,74.468978,25.531022,0.890327,0.043952,0.0,0.09676,1.0,False
occupation,0.75,0.0,elevated_1.5,0.01,20,64.746799,35.253201,0.753886,0.050402,0.0,0.184107,1.0,False
occupation,0.75,0.0,elevated_1.5,0.015,2,79.021205,20.978795,0.971335,0.047111,0.0,0.029818,1.0,True
occupation,0.75,0.0,elevated_1.5,0.015,5,76.947755,23.052245,0.934135,0.048526,0.0,0.073513,1.0,True
occupation,0.75,0.0,elevated_1.5,0.015,10,72.728263,27.271737,0.866762,0.051073,0.0,0.143548,1.0,False
occupation,0.75,0.0,elevated_1.5,0.015,20,59.856112,40.143888,0.695637,0.062601,0.0,0.269131,1.0,False
occupation,0.75,0.0,elevated_1.5,0.02,2,78.45911,21.54089,0.964003,0.052906,0.0,0.039657,1.0,True
occupation,0.75,0.0,elevated_1.5,0.02,5,75.990598,24.009402,0.92098,0.054932,0.0,0.097405,1.0,True
occupation,0.75,0.0,elevated_1.5,0.02,10,70.848532,29.151468,0.841974,0.058547,0.0,0.189183,1.0,False
occupation,0.75,0.0,elevated_1.5,0.02,20,53.82368,46.17632,0.62622,0.080311,0.0,0.348333,1.0,False
occupation,0.75,0.0,elevated_1.5,0.025,2,77.893559,22.106441,0.956641,0.058706,0.0,0.049447,1.0,True
occupation,0.75,0.0,elevated_1.5,0.025,5,75.000001,24.999999,0.907532,0.061429,0.0,0.120979,1.0,False
occupation,0.75,0.0,elevated_1.5,0.025,10,68.816614,31.183386,0.815813,0.066471,0.0,0.233588,1.0,False
occupation,0.75,0.0,elevated_1.5,0.025,20,47.488588,52.511412,0.554145,0.095987,0.0,0.420569,1.0,False
occupation,0.75,0.0,elevated_1.5,0.03,2,77.324543,22.675457,0.949249,0.064509,0.0,0.059186,1.0,True
occupation,0.75,0.0,elevated_1.5,0.03,5,73.974949,26.025051,0.893779,0.068032,0.0,0.14423,1.0,False
occupation,0.75,0.0,elevated_1.5,0.03,10,66.61614,33.38386,0.788096,0.074984,0.0,0.276681,1.0,False
occupation,0.75,0.0,elevated_1.5,0.03,20,41.964871,58.035129,0.490919,0.106976,0.0,0.485647,1.0,False
occupation,0.75,0.0,elevated_1.5,0.04,2,76.176043,23.823957,0.934374,0.076134,0.0,0.078515,1.0,True
occupation,0.75,0.0,elevated_1.5,0.04,5,71.816792,28.183208,0.865302,0.08161,0.0,0.189731,1.0,False
occupation,0.75,0.0,elevated_1.5,0.04,10,61.618946,38.381054,0.726996,0.094649,0.0,0.358562,1.0,False
occupation,0.75,0.0,elevated_1.5,0.04,20,32.796846,67.203154,0.385348,0.127147,0.0,0.596,1.0,False
occupation,0.75,0.0,elevated_1.5,0.05,2,75.013426,24.986574,0.919376,0.087789,0.0,0.097643,1.0,False
occupation,0.75,0.0,elevated_1.5,0.05,5,69.505222,30.494778,0.835427,0.095811,0.0,0.23385,1.0,False
occupation,0.75,0.0,elevated_1.5,0.05,10,55.584983,44.415017,0.655721,0.120575,0.0,0.433959,1.0,False
occupation,0.75,0.0,elevated_1.5,0.05,20,25.625111,74.374889,0.30225,0.146928,0.0,0.683265,1.0,False
occupation,0.75,0.0,high_2.0,0.005,2,80.02961,19.97039,0.984788,0.033612,0.0,0.009989,1.0,True
occupation,0.75,0.0,high_2.0,0.005,5,78.298238,21.701762,0.954649,0.033882,0.0,0.024763,1.0,True
occupation,0.75,0.0,high_2.0,0.005,10,74.849823,25.150177,0.899877,0.034619,0.0,0.048613,1.0,False
occupation,0.75,0.0,high_2.0,0.005,20,65.359754,34.640246,0.768927,0.037111,0.0,0.092548,1.0,False
occupation,0.75,0.0,high_2.0,0.01,2,79.475893,20.524107,0.97753,0.039117,0.0,0.019929,1.0,True
occupation,0.75,0.0,high_2.0,0.01,5,77.342643,22.657357,0.941383,0.039638,0.0,0.049222,1.0,True
occupation,0.75,0.0,high_2.0,0.01,10,72.992784,27.007216,0.874833,0.040749,0.0,0.096123,1.0,False
occupation,0.75,0.0,high_2.0,0.01,20,60.404197,39.595803,0.709158,0.045401,0.0,0.180179,1.0,False
occupation,0.75,0.0,high_2.0,0.015,2,78.918724,21.081276,0.970243,0.04461,0.0,0.029818,1.0,True
occupation,0.75,0.0,high_2.0,0.015,5,76.353348,23.646652,0.927823,0.045419,0.0,0.073371,1.0,True
occupation,0.75,0.0,high_2.0,0.015,10,70.994337,29.005663,0.84855,0.047042,0.0,0.142459,1.0,False
occupation,0.75,0.0,high_2.0,0.015,20,54.610027,45.389973,0.641413,0.056017,0.0,0.262138,1.0,False
occupation,0.75,0.0,high_2.0,0.02,2,78.358104,21.641896,0.962927,0.050091,0.0,0.039657,1.0,True
occupation,0.75,0.0,high_2.0,0.02,5,75.329931,24.670069,0.913963,0.051231,0.0,0.097203,1.0,True
occupation,0.75,0.0,high_2.0,0.02,10,68.84684,31.15316,0.820935,0.053551,0.0,0.187546,1.0,False
occupation,0.75,0.0,high_2.0,0.02,20,48.543525,51.456475,0.571415,0.065726,0.0,0.337566,1.0,False
occupation,0.75,0.0,high_2.0,0.025,2,77.794028,22.205972,0.95558,0.055562,0.0,0.049447,1.0,True
occupation,0.75,0.0,high_2.0,0.025,5,74.271912,25.728088,0.899797,0.057081,0.0,0.120712,1.0,False
occupation,0.75,0.0,high_2.0,0.025,10,66.541234,33.458766,0.791882,0.060356,0.0,0.231306,1.0,False
occupation,0.75,0.0,high_2.0,0.025,20,43.162656,56.837344,0.509049,0.073279,0.0,0.406194,1.0,False
occupation,0.75,0.0,high_2.0,0.03,2,77.226485,22.773515,0.948204,0.061023,0.0,0.059186,1.0,True
occupation,0.75,0.0,high_2.0,0.03,5,73.178744,26.821256,0.885319,0.062979,0.0,0.14389,1.0,False
occupation,0.75,0.0,high_2.0,0.03,10,64.066316,35.933684,0.761262,0.067564,0.0,0.273657,1.0,False
occupation,0.75,0.0,high_2.0,0.03,20,38.403152,61.596848,0.453663,0.080685,0.0,0.468359,1.0,False
occupation,0.75,0.0,high_2.0,0.04,2,76.080933,23.919067,0.93336,0.071922,0.0,0.078515,1.0,True
occupation,0.75,0.0,high_2.0,0.04,5,70.88437,29.11563,0.855392,0.074962,0.0,0.189227,1.0,False
occupation,0.75,0.0,high_2.0,0.04,10,58.545869,41.454131,0.694615,0.083896,0.0,0.353775,1.0,False
occupation,0.75,0.0,high_2.0,0.04,20,30.321713,69.678287,0.35933,0.095462,0.0,0.574562,1.0,False
occupation,0.75,0.0,high_2.0,0.05,2,74.921269,25.078731,0.918394,0.082796,0.0,0.097643,1.0,False
occupation,0.75,0.0,high_2.0,0.05,5,68.440622,31.559378,0.824111,0.087286,0.0,0.233158,1.0,False
occupation,0.75,0.0,high_2.0,0.05,10,52.09286,47.90714,0.618876,0.10503,0.0,0.42711,1.0,False
occupation,0.75,0.0,high_2.0,0.05,20,23.984534,76.015466,0.284942,0.110233,0.0,0.660496,1.0,False
occupation,0.75,0.5,none_1.0,0.005,2,80.23521,19.76479,0.986978,0.037668,0.0,0.009989,1.0,True
occupation,0.75,0.5,none_1.0,0.005,5,79.24115,20.75885,0.96466,0.038429,0.0,0.024845,1.0,True
occupation,0.75,0.5,none_1.0,0.005,10,77.332736,22.667264,0.925914,0.040157,0.0,0.049168,1.0,True
occupation,0.75,0.5,none_1.0,0.005,20,72.376043,27.623957,0.840842,0.044874,0.0,0.095796,1.0,False
occupation,0.75,0.5,none_1.0,0.01,2,79.672085,20.327915,0.979621,0.043825,0.0,0.019929,1.0,True
occupation,0.75,0.5,none_1.0,0.01,5,78.377686,21.622314,0.952376,0.045611,0.0,0.049393,1.0,True
occupation,0.75,0.5,none_1.0,0.01,10,75.871445,24.128555,0.905053,0.048618,0.0,0.097365,1.0,True
occupation,0.75,0.5,none_1.0,0.01,20,68.889381,31.110619,0.796441,0.057445,0.0,0.187824,1.0,False
occupation,0.75,0.5,none_1.0,0.015,2,79.104391,20.895609,0.972222,0.050012,0.0,0.029818,1.0,True
occupation,0.75,0.5,none_1.0,0.015,5,77.475422,22.524578,0.939745,0.053013,0.0,0.073635,1.0,True
occupation,0.75,0.5,none_1.0,0.015,10,74.265512,25.734488,0.882924,0.057711,0.0,0.144513,1.0,False
occupation,0.75,0.5,none_1.0,0.015,20,64.604289,35.395711,0.744582,0.073132,0.0,0.275332,1.0,False
occupation,0.75,0.5,none_1.0,0.02,2,78.532185,21.467815,0.964782,0.056227,0.0,0.039657,1.0,True
occupation,0.75,0.5,none_1.0,0.02,5,76.533367,23.466633,0.926753,0.060644,0.0,0.097563,1.0,True
occupation,0.75,0.5,none_1.0,0.02,10,72.501156,27.498844,0.859368,0.067522,0.0,0.190529,1.0,False
occupation,0.75,0.5,none_1.0,0.02,20,59.230078,40.769922,0.68214,0.094166,0.0,0.357361,1.0,False
occupation,0.75,0.5,none_1.0,0.025,2,77.955516,22.044484,0.957301,0.062472,0.0,0.049447,1.0,True
occupation,0.75,0.5,none_1.0,0.025,5,75.550473,24.449527,0.91339,0.068517,0.0,0.12117,1.0,True
occupation,0.75,0.5,none_1.0,0.025,10,70.562394,29.437606,0.834206,0.078166,0.0,0.235322,1.0,False
occupation,0.75,0.5,none_1.0,0.025,20,52.248793,47.751207,0.603609,0.125837,0.0,0.432608,1.0,False
occupation,0.75,0.5,none_1.0,0.03,2,77.37443,22.62557,0.94978,0.068745,0.0,0.059186,1.0,True
occupation,0.75,0.5,none_1.0,0.03,5,74.525615,25.474385,0.899641,0.076641,0.0,0.144445,1.0,False
occupation,0.75,0.5,none_1.0,0.03,10,68.43017,31.56983,0.807226,0.089795,0.0,0.278796,1.0,False
occupation,0.75,0.5,none_1.0,0.03,20,45.507897,54.492103,0.527903,0.150955,0.0,0.499688,1.0,False
occupation,0.75,0.5,none_1.0,0.04,2,76.199159,23.800841,0.93462,0.081381,0.0,0.078515,1.0,True
occupation,0.75,0.5,none_1.0,0.04,5,72.34506,27.65494,0.870932,0.093708,0.0,0.189971,1.0,False
occupation,0.75,0.5,none_1.0,0.04,10,63.484933,36.515067,0.746707,0.11696,0.0,0.361347,1.0,False
occupation,0.75,0.5,none_1.0,0.04,20,34.668743,65.331257,0.405027,0.186914,0.0,0.61063,1.0,False
occupation,0.75,0.5,none_1.0,0.05,2,75.00664,24.99336,0.919304,0.094135,0.0,0.097643,1.0,False
occupation,0.75,0.5,none_1.0,0.05,5,69.980579,30.019421,0.840499,0.111985,0.0,0.234073,1.0,False
occupation,0.75,0.5,none_1.0,0.05,10,57.376697,42.623303,0.674674,0.152255,0.0,0.437177,1.0,False
occupation,0.75,0.5,none_1.0,0.05,20,26.688339,73.311661,0.313478,0.218029,0.0,0.696509,1.0,False
occupation,0.75,0.5,elevated_1.5,0.005,2,80.130037,19.869963,0.985858,0.035586,0.0,0.009989,1.0,True
occupation,0.75,0.5,elevated_1.5,0.005,5,78.73682,21.26318,0.959306,0.036222,0.0,0.024802,1.0,True
occupation,0.75,0.5,elevated_1.5,0.005,10,75.9872,24.0128,0.911811,0.03773,0.0,0.04887,1.0,True
occupation,0.75,0.5,elevated_1.5,0.005,20,68.476527,31.523473,0.800946,0.042018,0.0,0.094021,1.0,False
occupation,0.75,0.5,elevated_1.5,0.01,2,79.568647,20.431353,0.978519,0.041452,0.0,0.019929,1.0,True
occupation,0.75,0.5,elevated_1.5,0.01,5,77.806124,22.193876,0.946307,0.042827,0.0,0.0493,1.0,True
occupation,0.75,0.5,elevated_1.5,0.01,10,74.243596,25.756404,0.887975,0.045379,0.0,0.096674,1.0,False
occupation,0.75,0.5,elevated_1.5,0.01,20,63.843302,36.156698,0.744629,0.053187,0.0,0.183419,1.0,False
occupation,0.75,0.5,elevated_1.5,0.015,2,79.002679,20.997321,0.971138,0.047334,0.0,0.029818,1.0,True
occupation,0.75,0.5,elevated_1.5,0.015,5,76.834653,23.165347,0.932939,0.049582,0.0,0.073487,1.0,True
occupation,0.75,0.5,elevated_1.5,0.015,10,72.334692,27.665308,0.862649,0.053471,0.0,0.143326,1.0,False
occupation,0.75,0.5,elevated_1.5,0.015,20,58.265317,41.734683,0.679263,0.067037,0.0,0.267317,1.0,False
occupation,0.75,0.5,elevated_1.5,0.02,2,78.43219,21.56781,0.963716,0.053231,0.0,0.039657,1.0,True
occupation,0.75,0.5,elevated_1.5,0.02,5,75.821916,24.178084,0.919195,0.056489,0.0,0.097354,1.0,True
occupation,0.75,0.5,elevated_1.5,0.02,10,70.250271,29.749729,0.835714,0.062056,0.0,0.188737,1.0,False
occupation,0.75,0.5,elevated_1.5,0.02,20,51.64018,48.35982,0.603636,0.084594,0.0,0.344665,1.0,False
occupation,0.75,0.5,elevated_1.5,0.025,2,77.857229,22.142771,0.956254,0.059145,0.0,0.049447,1.0,True
occupation,0.75,0.5,elevated_1.5,0.025,5,74.767411,25.232589,0.905069,0.063553,0.0,0.120892,1.0,False
occupation,0.75,0.5,elevated_1.5,0.025,10,67.97932,32.02068,0.807041,0.071199,0.0,0.232814,1.0,False
occupation,0.75,0.5,elevated_1.5,0.025,20,45.465983,54.534017,0.533123,0.096923,0.0,0.414604,1.0,False
occupation,0.75,0.5,elevated_1.5,0.03,2,77.277843,22.722157,0.948751,0.065074,0.0,0.059186,1.0,True
occupation,0.75,0.5,elevated_1.5,0.03,5,73.670609,26.329391,0.890554,0.070782,0.0,0.144094,1.0,False
occupation,0.75,0.5,elevated_1.5,0.03,10,65.509463,34.490537,0.776489,0.080999,0.0,0.275461,1.0,False
occupation,0.75,0.5,elevated_1.5,0.03,20,40.122977,59.877023,0.471703,0.107293,0.0,0.477413,1.0,False
occupation,0.75,0.5,elevated_1.5,0.04,2,76.105952,23.894048,0.933627,0.076984,0.0,0.078515,1.0,True
occupation,0.75,0.5,elevated_1.5,0.04,5,71.347816,28.652184,0.860331,0.085765,0.0,0.189455,1.0,False
occupation,0.75,0.5,elevated_1.5,0.04,10,59.910724,40.089276,0.709042,0.103216,0.0,0.356042,1.0,False
occupation,0.75,0.5,elevated_1.5,0.04,20,31.336106,68.663894,0.370025,0.127213,0.0,0.58377,1.0,False
occupation,0.75,0.5,elevated_1.5,0.05,2,74.916788,25.083212,0.918347,0.088964,0.0,0.097643,1.0,False
occupation,0.75,0.5,elevated_1.5,0.05,5,68.848331,31.151669,0.828461,0.101519,0.0,0.23337,1.0,False
occupation,0.75,0.5,elevated_1.5,0.05,10,53.276563,46.723437,0.631408,0.131057,0.0,0.429575,1.0,False
occupation,0.75,0.5,elevated_1.5,0.05,20,24.529532,75.470468,0.290712,0.146949,0.0,0.668265,1.0,False
occupation,0.75,0.5,high_2.0,0.005,2,80.024864,19.975136,0.984737,0.03367,0.0,0.009989,1.0,True
occupation,0.75,0.5,high_2.0,0.005,5,78.271087,21.728913,0.954362,0.034122,0.0,0.024761,1.0,True
occupation,0.75,0.5,high_2.0,0.005,10,74.756212,25.243788,0.8989,0.035128,0.0,0.048595,1.0,False
occupation,0.75,0.5,high_2.0,0.005,20,64.99964,35.00036,0.765236,0.037911,0.0,0.092407,1.0,False
occupation,0.75,0.5,high_2.0,0.01,2,79.465209,20.534791,0.977417,0.039247,0.0,0.019929,1.0,True
occupation,0.75,0.5,high_2.0,0.01,5,77.279697,22.720303,0.940717,0.040186,0.0,0.049213,1.0,True
occupation,0.75,0.5,high_2.0,0.01,10,72.771941,27.228059,0.872525,0.041884,0.0,0.096041,1.0,False
occupation,0.75,0.5,high_2.0,0.01,20,59.580327,40.419673,0.700671,0.04688,0.0,0.179519,1.0,False
occupation,0.75,0.5,high_2.0,0.015,2,78.900967,21.099033,0.970054,0.044825,0.0,0.029818,1.0,True
occupation,0.75,0.5,high_2.0,0.015,5,76.246323,23.753677,0.92669,0.046334,0.0,0.073347,1.0,True
occupation,0.75,0.5,high_2.0,0.015,10,70.614378,29.385622,0.844572,0.048883,0.0,0.142247,1.0,False
occupation,0.75,0.5,high_2.0,0.015,20,53.307933,46.692067,0.627937,0.057616,0.0,0.260473,1.0,False
occupation,0.75,0.5,high_2.0,0.02,2,78.332194,21.667806,0.962651,0.050405,0.0,0.039657,1.0,True
occupation,0.75,0.5,high_2.0,0.02,5,75.170983,24.829017,0.91228,0.052567,0.0,0.097155,1.0,False
occupation,0.75,0.5,high_2.0,0.02,10,68.279399,31.720601,0.814988,0.056137,0.0,0.187123,1.0,False
occupation,0.75,0.5,high_2.0,0.02,20,47.267664,52.732336,0.558144,0.065844,0.0,0.334499,1.0,False
occupation,0.75,0.5,high_2.0,0.025,2,77.758942,22.241058,0.955206,0.055988,0.0,0.049447,1.0,True
occupation,0.75,0.5,high_2.0,0.025,5,74.05372,25.94628,0.897486,0.058886,0.0,0.12063,1.0,False
occupation,0.75,0.5,high_2.0,0.025,10,65.763526,34.236474,0.783722,0.063674,0.0,0.230579,1.0,False
occupation,0.75,0.5,high_2.0,0.025,20,41.945533,58.054467,0.496341,0.073296,0.0,0.401604,1.0,False
occupation,0.75,0.5,high_2.0,0.03,2,77.181256,22.818744,0.947722,0.061573,0.0,0.059186,1.0,True
occupation,0.75,0.5,high_2.0,0.03,5,72.894591,27.105409,0.882308,0.065291,0.0,0.143762,1.0,False
occupation,0.75,0.5,high_2.0,0.03,10,63.063533,36.936467,0.750729,0.071541,0.0,0.272523,1.0,False
occupation,0.75,0.5,high_2.0,0.03,20,37.224943,62.775057,0.441327,0.08069,0.0,0.462124,1.0,False
occupation,0.75,0.5,high_2.0,0.04,2,76.012745,23.987255,0.932634,0.072753,0.0,0.078515,1.0,True
occupation,0.75,0.5,high_2.0,0.04,5,70.450964,29.549036,0.850798,0.078374,0.0,0.188968,1.0,False
occupation,0.75,0.5,high_2.0,0.04,10,57.095417,42.904583,0.67935,0.088644,0.0,0.351498,1.0,False
occupation,0.75,0.5,high_2.0,0.04,20,29.417742,70.582258,0.349822,0.095462,0.0,0.565849,1.0,False
occupation,0.75,0.5,high_2.0,0.05,2,74.826935,25.173065,0.917389,0.083951,0.0,0.097643,1.0,False
occupation,0.75,0.5,high_2.0,0.05,5,67.840423,32.159577,0.817745,0.091855,0.0,0.232709,1.0,False
occupation,0.75,0.5,high_2.0,0.05,10,50.460421,49.539579,0.601656,0.108089,0.0,0.423286,1.0,False
occupation,0.75,0.5,high_2.0,0.05,20,23.232918,76.767082,0.277014,0.110233,0.0,0.649359,1.0,False
occupation,0.75,1.0,none_1.0,0.005,2,80.229937,19.770063,0.986922,0.037731,0.0,0.009989,1.0,True
occupation,0.75,1.0,none_1.0,0.005,5,79.210993,20.789007,0.964341,0.038739,0.0,0.024843,1.0,True
occupation,0.75,1.0,none_1.0,0.005,10,77.237163,22.762837,0.92492,0.040921,0.0,0.049149,1.0,True
occupation,0.75,1.0,none_1.0,0.005,20,72.018821,27.981179,0.837222,0.046687,0.0,0.095655,1.0,False
occupation,0.75,1.0,none_1.0,0.01,2,79.660362,20.339638,0.979496,0.043966,0.0,0.019929,1.0,True
occupation,0.75,1.0,none_1.0,0.01,5,78.306658,21.693342,0.951625,0.046337,0.0,0.049382,1.0,True
occupation,0.75,1.0,none_1.0,0.01,10,75.635656,24.364344,0.902597,0.050463,0.0,0.097274,1.0,True
occupation,0.75,1.0,none_1.0,0.01,20,67.933615,32.066385,0.786698,0.062062,0.0,0.187107,1.0,False
occupation,0.75,1.0,none_1.0,0.015,2,79.085097,20.914903,0.972016,0.050243,0.0,0.029818,1.0,True
occupation,0.75,1.0,none_1.0,0.015,5,77.352779,22.647221,0.938447,0.05426,0.0,0.073607,1.0,True
occupation,0.75,1.0,none_1.0,0.015,10,73.840577,26.159423,0.878489,0.060968,0.0,0.144273,1.0,False
occupation,0.75,1.0,none_1.0,0.015,20,62.765956,37.234044,0.725745,0.08159,0.0,0.27333,1.0,False
occupation,0.75,1.0,none_1.0,0.02,2,78.504255,21.495745,0.964484,0.056563,0.0,0.039657,1.0,True
occupation,0.75,1.0,none_1.0,0.02,5,76.348474,23.651526,0.924796,0.062515,0.0,0.097508,1.0,True
occupation,0.75,1.0,none_1.0,0.02,10,71.835349,28.164651,0.852408,0.072523,0.0,0.190038,1.0,False
occupation,0.75,1.0,none_1.0,0.02,20,56.235598,43.764402,0.6513,0.107321,0.0,0.353084,1.0,False
occupation,0.75,1.0,none_1.0,0.025,2,77.917943,22.082057,0.956901,0.062923,0.0,0.049447,1.0,True
occupation,0.75,1.0,none_1.0,0.025,5,75.292944,24.707056,0.910662,0.071108,0.0,0.121075,1.0,True
occupation,0.75,1.0,none_1.0,0.025,10,69.603413,30.396587,0.824168,0.085225,0.0,0.234456,1.0,False
occupation,0.75,1.0,none_1.0,0.025,20,48.80512,51.19488,0.567948,0.135985,0.0,0.424918,1.0,False
occupation,0.75,1.0,none_1.0,0.03,2,77.32626,22.67374,0.949267,0.069325,0.0,0.059186,1.0,True
occupation,0.75,1.0,none_1.0,0.03,5,74.185474,25.814526,0.896037,0.080046,0.0,0.144298,1.0,False
occupation,0.75,1.0,none_1.0,0.03,10,67.128238,32.871762,0.793579,0.09919,0.0,0.277405,1.0,False
occupation,0.75,1.0,none_1.0,0.03,20,42.463713,57.536287,0.496226,0.155835,0.0,0.488436,1.0,False
occupation,0.75,1.0,none_1.0,0.04,2,76.127166,23.872834,0.933853,0.082248,0.0,0.078515,1.0,True
occupation,0.75,1.0,none_1.0,0.04,5,71.812212,28.187788,0.865282,0.09899,0.0,0.189671,1.0,False
occupation,0.75,1.0,none_1.0,0.04,10,61.380293,38.619707,0.724592,0.131547,0.0,0.358391,1.0,False
occupation,0.75,1.0,none_1.0,0.04,20,32.450272,67.549728,0.381779,0.188504,0.0,0.593713,1.0,False
occupation,0.75,1.0,none_1.0,0.05,2,74.907699,25.092301,0.91825,0.09533,0.0,0.097643,1.0,False
occupation,0.75,1.0,none_1.0,0.05,5,69.224274,30.775726,0.832476,0.119419,0.0,0.233547,1.0,False
occupation,0.75,1.0,none_1.0,0.05,10,54.436978,45.563022,0.643712,0.171672,0.0,0.431918,1.0,False
occupation,0.75,1.0,none_1.0,0.05,20,25.063806,74.936194,0.296377,0.218862,0.0,0.675807,1.0,False
occupation,0.75,1.0,elevated_1.5,0.005,2,80.125027,19.874973,0.985804,0.035647,0.0,0.009989,1.0,True
occupation,0.75,1.0,elevated_1.5,0.005,5,78.7081,21.2919,0.959002,0.036496,0.0,0.0248,1.0,True
occupation,0.75,1.0,elevated_1.5,0.005,10,75.890779,24.109221,0.910806,0.038366,0.0,0.048851,1.0,True
occupation,0.75,1.0,elevated_1.5,0.005,20,68.09546,31.90454,0.797058,0.043305,0.0,0.093875,1.0,False
occupation,0.75,1.0,elevated_1.5,0.01,2,79.557444,20.442556,0.978399,0.041587,0.0,0.019929,1.0,True
occupation,0.75,1.0,elevated_1.5,0.01,5,77.738783,22.261217,0.945595,0.043464,0.0,0.04929,1.0,True
occupation,0.75,1.0,elevated_1.5,0.01,10,74.009108,25.990892,0.885526,0.046869,0.0,0.096585,1.0,False
occupation,0.75,1.0,elevated_1.5,0.01,20,62.892867,37.107133,0.734878,0.056024,0.0,0.182698,1.0,False
occupation,0.75,1.0,elevated_1.5,0.015,2,78.984154,21.015846,0.970941,0.047557,0.0,0.029818,1.0,True
occupation,0.75,1.0,elevated_1.5,0.015,5,76.718926,23.281074,0.931714,0.050664,0.0,0.073461,1.0,True
occupation,0.75,1.0,elevated_1.5,0.015,10,71.919433,28.080567,0.858306,0.056012,0.0,0.143095,1.0,False
occupation,0.75,1.0,elevated_1.5,0.015,20,56.62344,43.37656,0.662331,0.071122,0.0,0.265403,1.0,False
occupation,0.75,1.0,elevated_1.5,0.02,2,78.40527,21.59473,0.963429,0.053556,0.0,0.039657,1.0,True
occupation,0.75,1.0,elevated_1.5,0.02,5,75.648315,24.351685,0.917357,0.058096,0.0,0.097302,1.0,True
occupation,0.75,1.0,elevated_1.5,0.02,10,69.613117,30.386883,0.829041,0.0658,0.0,0.188271,1.0,False
occupation,0.75,1.0,elevated_1.5,0.02,20,49.711877,50.288123,0.58364,0.086504,0.0,0.340876,1.0,False
occupation,0.75,1.0,elevated_1.5,0.025,2,77.820899,22.179101,0.955866,0.059584,0.0,0.049447,1.0,True
occupation,0.75,1.0,elevated_1.5,0.025,5,74.526868,25.473132,0.902521,0.065758,0.0,0.120804,1.0,False
occupation,0.75,1.0,elevated_1.5,0.025,10,67.084105,32.915895,0.797654,0.076238,0.0,0.232001,1.0,False
occupation,0.75,1.0,elevated_1.5,0.025,20,43.698931,56.301069,0.514713,0.097379,0.0,0.40873,1.0,False
occupation,0.75,1.0,elevated_1.5,0.03,2,77.231144,22.768856,0.948253,0.065639,0.0,0.059186,1.0,True
occupation,0.75,1.0,elevated_1.5,0.03,5,73.354629,26.645371,0.887206,0.07365,0.0,0.143956,1.0,False
occupation,0.75,1.0,elevated_1.5,0.03,10,64.329157,35.670843,0.764097,0.087332,0.0,0.274173,1.0,False
occupation,0.75,1.0,elevated_1.5,0.03,20,38.515209,61.484791,0.454892,0.107457,0.0,0.469502,1.0,False
occupation,0.75,1.0,elevated_1.5,0.04,2,76.035861,23.964139,0.93288,0.077834,0.0,0.078515,1.0,True
occupation,0.75,1.0,elevated_1.5,0.04,5,70.85853,29.14147,0.855143,0.09012,0.0,0.189173,1.0,False
occupation,0.75,1.0,elevated_1.5,0.04,10,58.142072,41.857928,0.690431,0.111586,0.0,0.353395,1.0,False
occupation,0.75,1.0,elevated_1.5,0.04,20,30.045351,69.954649,0.356459,0.12725,0.0,0.572234,1.0,False
occupation,0.75,1.0,elevated_1.5,0.05,2,74.82015,25.17985,0.917317,0.090139,0.0,0.097643,1.0,False
occupation,0.75,1.0,elevated_1.5,0.05,5,68.16256,31.83744,0.821186,0.107505,0.0,0.23288,1.0,False
occupation,0.75,1.0,elevated_1.5,0.05,10,51.09194,48.90806,0.608367,0.139049,0.0,0.42506,1.0,False
occupation,0.75,1.0,elevated_1.5,0.05,20,23.523677,76.476323,0.280103,0.146963,0.0,0.653962,1.0,False
occupation,0.75,1.0,high_2.0,0.005,2,80.020118,19.979882,0.984686,0.033727,0.0,0.009989,1.0,True
occupation,0.75,1.0,high_2.0,0.005,5,78.243718,21.756282,0.954073,0.034364,0.0,0.024759,1.0,True
occupation,0.75,1.0,high_2.0,0.005,10,74.660868,25.339132,0.897905,0.035647,0.0,0.048577,1.0,False
occupation,0.75,1.0,high_2.0,0.005,20,64.631576,35.368424,0.76146,0.038713,0.0,0.092263,1.0,False
occupation,0.75,1.0,high_2.0,0.01,2,79.454526,20.545474,0.977303,0.039376,0.0,0.019929,1.0,True
occupation,0.75,1.0,high_2.0,0.01,5,77.215793,22.784207,0.940041,0.040742,0.0,0.049203,1.0,True
occupation,0.75,1.0,high_2.0,0.01,10,72.54374,27.45626,0.870138,0.043059,0.0,0.095956,1.0,False
occupation,0.75,1.0,high_2.0,0.01,20,58.742365,41.257635,0.69203,0.048246,0.0,0.178838,1.0,False
occupation,0.75,1.0,high_2.0,0.015,2,78.88321,21.11679,0.969865,0.04504,0.0,0.029818,1.0,True
occupation,0.75,1.0,high_2.0,0.015,5,76.136992,23.863008,0.925533,0.047272,0.0,0.073322,1.0,True
occupation,0.75,1.0,high_2.0,0.015,10,70.217814,29.782186,0.840419,0.050803,0.0,0.142027,1.0,False
occupation,0.75,1.0,high_2.0,0.015,20,52.134757,47.865243,0.615772,0.058181,0.0,0.258766,1.0,False
occupation,0.75,1.0,high_2.0,0.02,2,78.306285,21.693715,0.962375,0.05072,0.0,0.039657,1.0,True
occupation,0.75,1.0,high_2.0,0.02,5,75.007748,24.992252,0.910551,0.053945,0.0,0.097106,1.0,False
occupation,0.75,1.0,high_2.0,0.02,10,67.684213,32.315787,0.808746,0.05883,0.0,0.186684,1.0,False
occupation,0.75,1.0,high_2.0,0.02,20,46.060473,53.939527,0.545567,0.0659,0.0,0.331417,1.0,False
occupation,0.75,1.0,high_2.0,0.025,2,77.723856,22.276144,0.954832,0.056414,0.0,0.049447,1.0,True
occupation,0.75,1.0,high_2.0,0.025,5,73.828657,26.171343,0.895102,0.060756,0.0,0.120546,1.0,False
occupation,0.75,1.0,high_2.0,0.025,10,64.948429,35.051571,0.775164,0.067084,0.0,0.229822,1.0,False
occupation,0.75,1.0,high_2.0,0.025,20,40.797018,59.202982,0.484332,0.073304,0.0,0.397053,1.0,False
occupation,0.75,1.0,high_2.0,0.03,2,77.136028,22.863972,0.94724,0.062123,0.0,0.059186,1.0,True
occupation,0.75,1.0,high_2.0,0.03,5,72.600471,27.399529,0.879191,0.067696,0.0,0.143632,1.0,False
occupation,0.75,1.0,high_2.0,0.03,10,62.020325,37.979675,0.739763,0.07551,0.0,0.27134,1.0,False
occupation,0.75,1.0,high_2.0,0.03,20,36.212271,63.787729,0.430706,0.080691,0.0,0.456271,1.0,False
occupation,0.75,1.0,high_2.0,0.04,2,75.944556,24.055444,0.931907,0.073585,0.0,0.078515,1.0,True
occupation,0.75,1.0,high_2.0,0.04,5,70.000539,29.999461,0.846022,0.081938,0.0,0.188703,1.0,False
occupation,0.75,1.0,high_2.0,0.04,10,55.646319,44.353681,0.664083,0.092699,0.0,0.349142,1.0,False
occupation,0.75,1.0,high_2.0,0.04,20,28.549575,71.450425,0.34068,0.095462,0.0,0.557284,1.0,False
occupation,0.75,1.0,high_2.0,0.05,2,74.732602,25.267398,0.916384,0.085106,0.0,0.097643,1.0,False
occupation,0.75,1.0,high_2.0,0.05,5,67.216675,32.783325,0.811128,0.096619,0.0,0.23225,1.0,False
occupation,0.75,1.0,high_2.0,0.05,10,49.034357,50.965643,0.586594,0.109471,0.0,0.419418,1.0,False
occupation,0.75,1.0,high_2.0,0.05,20,22.576321,77.423679,0.270079,0.110233,0.0,0.639102,1.0,False
occupation,1.0,0.0,none_1.0,0.005,2,80.240483,19.759517,0.987035,0.037605,0.0,0.009989,1.0,True
occupation,1.0,0.0,none_1.0,0.005,5,79.271032,20.728968,0.964975,0.038122,0.0,0.024848,1.0,True
occupation,1.0,0.0,none_1.0,0.005,10,77.425911,22.574089,0.926883,0.039414,0.0,0.049187,1.0,True
occupation,1.0,0.0,none_1.0,0.005,20,72.715104,27.284896,0.844276,0.04316,0.0,0.095931,1.0,False
occupation,1.0,0.0,none_1.0,0.01,2,79.683808,20.316192,0.979746,0.043685,0.0,0.019929,1.0,True
occupation,1.0,0.0,none_1.0,0.01,5,78.44749,21.55251,0.953114,0.044897,0.0,0.049404,1.0,True
occupation,1.0,0.0,none_1.0,0.01,10,76.096187,23.903813,0.907394,0.046867,0.0,0.097453,1.0,True
occupation,1.0,0.0,none_1.0,0.01,20,69.760971,30.239029,0.805311,0.053239,0.0,0.188494,1.0,False
occupation,1.0,0.0,none_1.0,0.015,2,79.123686,20.876314,0.972427,0.04978,0.0,0.029818,1.0,True
occupation,1.0,0.0,none_1.0,0.015,5,77.595075,22.404925,0.941011,0.051798,0.0,0.073663,1.0,True
occupation,1.0,0.0,none_1.0,0.015,10,74.662846,25.337154,0.887068,0.054684,0.0,0.144743,1.0,False
occupation,1.0,0.0,none_1.0,0.015,20,66.248364,33.751636,0.76139,0.06546,0.0,0.277158,1.0,False
occupation,1.0,0.0,none_1.0,0.02,2,78.560115,21.439885,0.965079,0.055891,0.0,0.039657,1.0,True
occupation,1.0,0.0,none_1.0,0.02,5,76.712612,23.287388,0.92865,0.058836,0.0,0.097618,1.0,True
occupation,1.0,0.0,none_1.0,0.02,10,73.114371,26.885629,0.865772,0.062948,0.0,0.190994,1.0,False
occupation,1.0,0.0,none_1.0,0.02,20,61.949277,38.050723,0.710062,0.081569,0.0,0.361229,1.0,False
occupation,1.0,0.0,none_1.0,0.025,2,77.99309,22.00691,0.957701,0.06202,0.0,0.049447,1.0,True
occupation,1.0,0.0,none_1.0,0.025,5,75.798793,24.201207,0.916019,0.066025,0.0,0.121262,1.0,True
occupation,1.0,0.0,none_1.0,0.025,10,71.436545,28.563455,0.843347,0.071772,0.0,0.236138,1.0,False
occupation,1.0,0.0,none_1.0,0.025,20,56.394395,43.605605,0.646372,0.105985,0.0,0.439722,1.0,False
occupation,1.0,0.0,none_1.0,0.03,2,77.4226,22.5774,0.950293,0.068165,0.0,0.059186,1.0,True
occupation,1.0,0.0,none_1.0,0.03,5,74.852156,25.147844,0.9031,0.073384,0.0,0.14459,1.0,False
occupation,1.0,0.0,none_1.0,0.03,10,69.611445,30.388555,0.819593,0.081307,0.0,0.280097,1.0,False
occupation,1.0,0.0,none_1.0,0.03,20,49.295084,50.704916,0.567168,0.141355,0.0,0.511049,1.0,False
occupation,1.0,0.0,none_1.0,0.04,2,76.271152,23.728848,0.935387,0.080513,0.0,0.078515,1.0,True
occupation,1.0,0.0,none_1.0,0.04,5,72.853693,27.146307,0.876323,0.088685,0.0,0.190266,1.0,False
occupation,1.0,0.0,none_1.0,0.04,10,65.419183,34.580817,0.767001,0.103443,0.0,0.364105,1.0,False
occupation,1.0,0.0,none_1.0,0.04,20,37.576345,62.423655,0.4354,0.183792,0.0,0.629569,1.0,False
occupation,1.0,0.0,none_1.0,0.05,2,75.105582,24.894418,0.920358,0.09294,0.0,0.097643,1.0,False
occupation,1.0,0.0,none_1.0,0.05,5,70.701568,29.298432,0.848145,0.104929,0.0,0.234586,1.0,False
occupation,1.0,0.0,none_1.0,0.05,10,60.235786,39.764214,0.704736,0.132504,0.0,0.442151,1.0,False
occupation,1.0,0.0,none_1.0,0.05,20,28.763882,71.236118,0.335272,0.216642,0.0,0.720263,1.0,False
occupation,1.0,0.0,elevated_1.5,0.005,2,80.135047,19.864953,0.985911,0.035526,0.0,0.009989,1.0,True
occupation,1.0,0.0,elevated_1.5,0.005,5,78.765294,21.234706,0.959607,0.03595,0.0,0.024804,1.0,True
occupation,1.0,0.0,elevated_1.5,0.005,10,76.081566,23.918434,0.912794,0.037109,0.0,0.048888,1.0,True
occupation,1.0,0.0,elevated_1.5,0.005,20,68.844212,31.155788,0.804695,0.040769,0.0,0.094162,1.0,False
occupation,1.0,0.0,elevated_1.5,0.01,2,79.579851,20.420149,0.978638,0.041317,0.0,0.019929,1.0,True
occupation,1.0,0.0,elevated_1.5,0.01,5,77.872382,22.127618,0.947008,0.042202,0.0,0.049311,1.0,True
occupation,1.0,0.0,elevated_1.5,0.01,10,74.468978,25.531022,0.890327,0.043952,0.0,0.09676,1.0,False
occupation,1.0,0.0,elevated_1.5,0.01,20,64.746799,35.253201,0.753886,0.050402,0.0,0.184107,1.0,False
occupation,1.0,0.0,elevated_1.5,0.015,2,79.021205,20.978795,0.971335,0.047111,0.0,0.029818,1.0,True
occupation,1.0,0.0,elevated_1.5,0.015,5,76.947755,23.052245,0.934135,0.048526,0.0,0.073513,1.0,True
occupation,1.0,0.0,elevated_1.5,0.015,10,72.728263,27.271737,0.866762,0.051073,0.0,0.143548,1.0,False
occupation,1.0,0.0,elevated_1.5,0.015,20,59.856112,40.143888,0.695637,0.062601,0.0,0.269131,1.0,False
occupation,1.0,0.0,elevated_1.5,0.02,2,78.45911,21.54089,0.964003,0.052906,0.0,0.039657,1.0,True
occupation,1.0,0.0,elevated_1.5,0.02,5,75.990598,24.009402,0.92098,0.054932,0.0,0.097405,1.0,True
occupation,1.0,0.0,elevated_1.5,0.02,10,70.848532,29.151468,0.841974,0.058547,0.0,0.189183,1.0,False
occupation,1.0,0.0,elevated_1.5,0.02,20,53.82368,46.17632,0.62622,0.080311,0.0,0.348333,1.0,False
occupation,1.0,0.0,elevated_1.5,0.025,2,77.893559,22.106441,0.956641,0.058706,0.0,0.049447,1.0,True
occupation,1.0,0.0,elevated_1.5,0.025,5,75.000001,24.999999,0.907532,0.061429,0.0,0.120979,1.0,False
occupation,1.0,0.0,elevated_1.5,0.025,10,68.816614,31.183386,0.815813,0.066471,0.0,0.233588,1.0,False
occupation,1.0,0.0,elevated_1.5,0.025,20,47.488588,52.511412,0.554145,0.095987,0.0,0.420569,1.0,False
occupation,1.0,0.0,elevated_1.5,0.03,2,77.324543,22.675457,0.949249,0.064509,0.0,0.059186,1.0,True
occupation,1.0,0.0,elevated_1.5,0.03,5,73.974949,26.025051,0.893779,0.068032,0.0,0.14423,1.0,False
occupation,1.0,0.0,elevated_1.5,0.03,10,66.61614,33.38386,0.788096,0.074984,0.0,0.276681,1.0,False
occupation,1.0,0.0,elevated_1.5,0.03,20,41.964871,58.035129,0.490919,0.106976,0.0,0.485647,1.0,False
occupation,1.0,0.0,elevated_1.5,0.04,2,76.176043,23.823957,0.934374,0.076134,0.0,0.078515,1.0,True
occupation,1.0,0.0,elevated_1.5,0.04,5,71.816792,28.183208,0.865302,0.08161,0.0,0.189731,1.0,False
occupation,1.0,0.0,elevated_1.5,0.04,10,61.618946,38.381054,0.726996,0.094649,0.0,0.358562,1.0,False
occupation,1.0,0.0,elevated_1.5,0.04,20,32.796846,67.203154,0.385348,0.127147,0.0,0.596,1.0,False
occupation,1.0,0.0,elevated_1.5,0.05,2,75.013426,24.986574,0.919376,0.087789,0.0,0.097643,1.0,False
occupation,1.0,0.0,elevated_1.5,0.05,5,69.505222,30.494778,0.835427,0.095811,0.0,0.23385,1.0,False
occupation,1.0,0.0,elevated_1.5,0.05,10,55.584983,44.415017,0.655721,0.120575,0.0,0.433959,1.0,False
occupation,1.0,0.0,elevated_1.5,0.05,20,25.625111,74.374889,0.30225,0.146928,0.0,0.683265,1.0,False
occupation,1.0,0.0,high_2.0,0.005,2,80.02961,19.97039,0.984788,0.033612,0.0,0.009989,1.0,True
occupation,1.0,0.0,high_2.0,0.005,5,78.298238,21.701762,0.954649,0.033882,0.0,0.024763,1.0,True
occupation,1.0,0.0,high_2.0,0.005,10,74.849823,25.150177,0.899877,0.034619,0.0,0.048613,1.0,False
occupation,1.0,0.0,high_2.0,0.005,20,65.359754,34.640246,0.768927,0.037111,0.0,0.092548,1.0,False
occupation,1.0,0.0,high_2.0,0.01,2,79.475893,20.524107,0.97753,0.039117,0.0,0.019929,1.0,True
occupation,1.0,0.0,high_2.0,0.01,5,77.342643,22.657357,0.941383,0.039638,0.0,0.049222,1.0,True
occupation,1.0,0.0,high_2.0,0.01,10,72.992784,27.007216,0.874833,0.040749,0.0,0.096123,1.0,False
occupation,1.0,0.0,high_2.0,0.01,20,60.404197,39.595803,0.709158,0.045401,0.0,0.180179,1.0,False
occupation,1.0,0.0,high_2.0,0.015,2,78.918724,21.081276,0.970243,0.04461,0.0,0.029818,1.0,True
occupation,1.0,0.0,high_2.0,0.015,5,76.353348,23.646652,0.927823,0.045419,0.0,0.073371,1.0,True
occupation,1.0,0.0,high_2.0,0.015,10,70.994337,29.005663,0.84855,0.047042,0.0,0.142459,1.0,False
occupation,1.0,0.0,high_2.0,0.015,20,54.610027,45.389973,0.641413,0.056017,0.0,0.262138,1.0,False
occupation,1.0,0.0,high_2.0,0.02,2,78.358104,21.641896,0.962927,0.050091,0.0,0.039657,1.0,True
occupation,1.0,0.0,high_2.0,0.02,5,75.329931,24.670069,0.913963,0.051231,0.0,0.097203,1.0,True
occupation,1.0,0.0,high_2.0,0.02,10,68.84684,31.15316,0.820935,0.053551,0.0,0.187546,1.0,False
occupation,1.0,0.0,high_2.0,0.02,20,48.543525,51.456475,0.571415,0.065726,0.0,0.337566,1.0,False
occupation,1.0,0.0,high_2.0,0.025,2,77.794028,22.205972,0.95558,0.055562,0.0,0.049447,1.0,True
occupation,1.0,0.0,high_2.0,0.025,5,74.271912,25.728088,0.899797,0.057081,0.0,0.120712,1.0,False
occupation,1.0,0.0,high_2.0,0.025,10,66.541234,33.458766,0.791882,0.060356,0.0,0.231306,1.0,False
occupation,1.0,0.0,high_2.0,0.025,20,43.162656,56.837344,0.509049,0.073279,0.0,0.406194,1.0,False
occupation,1.0,0.0,high_2.0,0.03,2,77.226485,22.773515,0.948204,0.061023,0.0,0.059186,1.0,True
occupation,1.0,0.0,high_2.0,0.03,5,73.178744,26.821256,0.885319,0.062979,0.0,0.14389,1.0,False
occupation,1.0,0.0,high_2.0,0.03,10,64.066316,35.933684,0.761262,0.067564,0.0,0.273657,1.0,False
occupation,1.0,0.0,high_2.0,0.03,20,38.403152,61.596848,0.453663,0.080685,0.0,0.468359,1.0,False
occupation,1.0,0.0,high_2.0,0.04,2,76.080933,23.919067,0.93336,0.071922,0.0,0.078515,1.0,True
occupation,1.0,0.0,high_2.0,0.04,5,70.88437,29.11563,0.855392,0.074962,0.0,0.189227,1.0,False
occupation,1.0,0.0,high_2.0,0.04,10,58.545869,41.454131,0.694615,0.083896,0.0,0.353775,1.0,False
occupation,1.0,0.0,high_2.0,0.04,20,30.321713,69.678287,0.35933,0.095462,0.0,0.574562,1.0,False
occupation,1.0,0.0,high_2.0,0.05,2,74.921269,25.078731,0.918394,0.082796,0.0,0.097643,1.0,False
occupation,1.0,0.0,high_2.0,0.05,5,68.440622,31.559378,0.824111,0.087286,0.0,0.233158,1.0,False
occupation,1.0,0.0,high_2.0,0.05,10,52.09286,47.90714,0.618876,0.10503,0.0,0.42711,1.0,False
occupation,1.0,0.0,high_2.0,0.05,20,23.984534,76.015466,0.284942,0.110233,0.0,0.660496,1.0,False
occupation,1.0,0.5,none_1.0,0.005,2,80.23521,19.76479,0.986978,0.037668,0.0,0.009989,1.0,True
occupation,1.0,0.5,none_1.0,0.005,5,79.24115,20.75885,0.96466,0.038429,0.0,0.024845,1.0,True
occupation,1.0,0.5,none_1.0,0.005,10,77.332736,22.667264,0.925914,0.040157,0.0,0.049168,1.0,True
occupation,1.0,0.5,none_1.0,0.005,20,72.376043,27.623957,0.840842,0.044874,0.0,0.095796,1.0,False
occupation,1.0,0.5,none_1.0,0.01,2,79.672085,20.327915,0.979621,0.043825,0.0,0.019929,1.0,True
occupation,1.0,0.5,none_1.0,0.01,5,78.377686,21.622314,0.952376,0.045611,0.0,0.049393,1.0,True
occupation,1.0,0.5,none_1.0,0.01,10,75.871445,24.128555,0.905053,0.048618,0.0,0.097365,1.0,True
occupation,1.0,0.5,none_1.0,0.01,20,68.889381,31.110619,0.796441,0.057445,0.0,0.187824,1.0,False
occupation,1.0,0.5,none_1.0,0.015,2,79.104391,20.895609,0.972222,0.050012,0.0,0.029818,1.0,True
occupation,1.0,0.5,none_1.0,0.015,5,77.475422,22.524578,0.939745,0.053013,0.0,0.073635,1.0,True
occupation,1.0,0.5,none_1.0,0.015,10,74.265512,25.734488,0.882924,0.057711,0.0,0.144513,1.0,False
occupation,1.0,0.5,none_1.0,0.015,20,64.604289,35.395711,0.744582,0.073132,0.0,0.275332,1.0,False
occupation,1.0,0.5,none_1.0,0.02,2,78.532185,21.467815,0.964782,0.056227,0.0,0.039657,1.0,True
occupation,1.0,0.5,none_1.0,0.02,5,76.533367,23.466633,0.926753,0.060644,0.0,0.097563,1.0,True
occupation,1.0,0.5,none_1.0,0.02,10,72.501156,27.498844,0.859368,0.067522,0.0,0.190529,1.0,False
occupation,1.0,0.5,none_1.0,0.02,20,59.230078,40.769922,0.68214,0.094166,0.0,0.357361,1.0,False
occupation,1.0,0.5,none_1.0,0.025,2,77.955516,22.044484,0.957301,0.062472,0.0,0.049447,1.0,True
occupation,1.0,0.5,none_1.0,0.025,5,75.550473,24.449527,0.91339,0.068517,0.0,0.12117,1.0,True
occupation,1.0,0.5,none_1.0,0.025,10,70.562394,29.437606,0.834206,0.078166,0.0,0.235322,1.0,False
occupation,1.0,0.5,none_1.0,0.025,20,52.248793,47.751207,0.603609,0.125837,0.0,0.432608,1.0,False
occupation,1.0,0.5,none_1.0,0.03,2,77.37443,22.62557,0.94978,0.068745,0.0,0.059186,1.0,True
occupation,1.0,0.5,none_1.0,0.03,5,74.525615,25.474385,0.899641,0.076641,0.0,0.144445,1.0,False
occupation,1.0,0.5,none_1.0,0.03,10,68.43017,31.56983,0.807226,0.089795,0.0,0.278796,1.0,False
occupation,1.0,0.5,none_1.0,0.03,20,45.507897,54.492103,0.527903,0.150955,0.0,0.499688,1.0,False
occupation,1.0,0.5,none_1.0,0.04,2,76.199159,23.800841,0.93462,0.081381,0.0,0.078515,1.0,True
occupation,1.0,0.5,none_1.0,0.04,5,72.34506,27.65494,0.870932,0.093708,0.0,0.189971,1.0,False
occupation,1.0,0.5,none_1.0,0.04,10,63.484933,36.515067,0.746707,0.11696,0.0,0.361347,1.0,False
occupation,1.0,0.5,none_1.0,0.04,20,34.668743,65.331257,0.405027,0.186914,0.0,0.61063,1.0,False
occupation,1.0,0.5,none_1.0,0.05,2,75.00664,24.99336,0.919304,0.094135,0.0,0.097643,1.0,False
occupation,1.0,0.5,none_1.0,0.05,5,69.980579,30.019421,0.840499,0.111985,0.0,0.234073,1.0,False
occupation,1.0,0.5,none_1.0,0.05,10,57.376697,42.623303,0.674674,0.152255,0.0,0.437177,1.0,False
occupation,1.0,0.5,none_1.0,0.05,20,26.688339,73.311661,0.313478,0.218029,0.0,0.696509,1.0,False
occupation,1.0,0.5,elevated_1.5,0.005,2,80.130037,19.869963,0.985858,0.035586,0.0,0.009989,1.0,True
occupation,1.0,0.5,elevated_1.5,0.005,5,78.73682,21.26318,0.959306,0.036222,0.0,0.024802,1.0,True
occupation,1.0,0.5,elevated_1.5,0.005,10,75.9872,24.0128,0.911811,0.03773,0.0,0.04887,1.0,True
occupation,1.0,0.5,elevated_1.5,0.005,20,68.476527,31.523473,0.800946,0.042018,0.0,0.094021,1.0,False
occupation,1.0,0.5,elevated_1.5,0.01,2,79.568647,20.431353,0.978519,0.041452,0.0,0.019929,1.0,True
occupation,1.0,0.5,elevated_1.5,0.01,5,77.806124,22.193876,0.946307,0.042827,0.0,0.0493,1.0,True
occupation,1.0,0.5,elevated_1.5,0.01,10,74.243596,25.756404,0.887975,0.045379,0.0,0.096674,1.0,False
occupation,1.0,0.5,elevated_1.5,0.01,20,63.843302,36.156698,0.744629,0.053187,0.0,0.183419,1.0,False
occupation,1.0,0.5,elevated_1.5,0.015,2,79.002679,20.997321,0.971138,0.047334,0.0,0.029818,1.0,True
occupation,1.0,0.5,elevated_1.5,0.015,5,76.834653,23.165347,0.932939,0.049582,0.0,0.073487,1.0,True
occupation,1.0,0.5,elevated_1.5,0.015,10,72.334692,27.665308,0.862649,0.053471,0.0,0.143326,1.0,False
occupation,1.0,0.5,elevated_1.5,0.015,20,58.265317,41.734683,0.679263,0.067037,0.0,0.267317,1.0,False
occupation,1.0,0.5,elevated_1.5,0.02,2,78.43219,21.56781,0.963716,0.053231,0.0,0.039657,1.0,True
occupation,1.0,0.5,elevated_1.5,0.02,5,75.821916,24.178084,0.919195,0.056489,0.0,0.097354,1.0,True
occupation,1.0,0.5,elevated_1.5,0.02,10,70.250271,29.749729,0.835714,0.062056,0.0,0.188737,1.0,False
occupation,1.0,0.5,elevated_1.5,0.02,20,51.64018,48.35982,0.603636,0.084594,0.0,0.344665,1.0,False
occupation,1.0,0.5,elevated_1.5,0.025,2,77.857229,22.142771,0.956254,0.059145,0.0,0.049447,1.0,True
occupation,1.0,0.5,elevated_1.5,0.025,5,74.767411,25.232589,0.905069,0.063553,0.0,0.120892,1.0,False
occupation,1.0,0.5,elevated_1.5,0.025,10,67.97932,32.02068,0.807041,0.071199,0.0,0.232814,1.0,False
occupation,1.0,0.5,elevated_1.5,0.025,20,45.465983,54.534017,0.533123,0.096923,0.0,0.414604,1.0,False
occupation,1.0,0.5,elevated_1.5,0.03,2,77.277843,22.722157,0.948751,0.065074,0.0,0.059186,1.0,True
occupation,1.0,0.5,elevated_1.5,0.03,5,73.670609,26.329391,0.890554,0.070782,0.0,0.144094,1.0,False
occupation,1.0,0.5,elevated_1.5,0.03,10,65.509463,34.490537,0.776489,0.080999,0.0,0.275461,1.0,False
occupation,1.0,0.5,elevated_1.5,0.03,20,40.122977,59.877023,0.471703,0.107293,0.0,0.477413,1.0,False
occupation,1.0,0.5,elevated_1.5,0.04,2,76.105952,23.894048,0.933627,0.076984,0.0,0.078515,1.0,True
occupation,1.0,0.5,elevated_1.5,0.04,5,71.347816,28.652184,0.860331,0.085765,0.0,0.189455,1.0,False
occupation,1.0,0.5,elevated_1.5,0.04,10,59.910724,40.089276,0.709042,0.103216,0.0,0.356042,1.0,False
occupation,1.0,0.5,elevated_1.5,0.04,20,31.336106,68.663894,0.370025,0.127213,0.0,0.58377,1.0,False
occupation,1.0,0.5,elevated_1.5,0.05,2,74.916788,25.083212,0.918347,0.088964,0.0,0.097643,1.0,False
occupation,1.0,0.5,elevated_1.5,0.05,5,68.848331,31.151669,0.828461,0.101519,0.0,0.23337,1.0,False
occupation,1.0,0.5,elevated_1.5,0.05,10,53.276563,46.723437,0.631408,0.131057,0.0,0.429575,1.0,False
occupation,1.0,0.5,elevated_1.5,0.05,20,24.529532,75.470468,0.290712,0.146949,0.0,0.668265,1.0,False
occupation,1.0,0.5,high_2.0,0.005,2,80.024864,19.975136,0.984737,0.03367,0.0,0.009989,1.0,True
occupation,1.0,0.5,high_2.0,0.005,5,78.271087,21.728913,0.954362,0.034122,0.0,0.024761,1.0,True
occupation,1.0,0.5,high_2.0,0.005,10,74.756212,25.243788,0.8989,0.035128,0.0,0.048595,1.0,False
occupation,1.0,0.5,high_2.0,0.005,20,64.99964,35.00036,0.765236,0.037911,0.0,0.092407,1.0,False
occupation,1.0,0.5,high_2.0,0.01,2,79.465209,20.534791,0.977417,0.039247,0.0,0.019929,1.0,True
occupation,1.0,0.5,high_2.0,0.01,5,77.279697,22.720303,0.940717,0.040186,0.0,0.049213,1.0,True
occupation,1.0,0.5,high_2.0,0.01,10,72.771941,27.228059,0.872525,0.041884,0.0,0.096041,1.0,False
occupation,1.0,0.5,high_2.0,0.01,20,59.580327,40.419673,0.700671,0.04688,0.0,0.179519,1.0,False
occupation,1.0,0.5,high_2.0,0.015,2,78.900967,21.099033,0.970054,0.044825,0.0,0.029818,1.0,True
occupation,1.0,0.5,high_2.0,0.015,5,76.246323,23.753677,0.92669,0.046334,0.0,0.073347,1.0,True
occupation,1.0,0.5,high_2.0,0.015,10,70.614378,29.385622,0.844572,0.048883,0.0,0.142247,1.0,False
occupation,1.0,0.5,high_2.0,0.015,20,53.307933,46.692067,0.627937,0.057616,0.0,0.260473,1.0,False
occupation,1.0,0.5,high_2.0,0.02,2,78.332194,21.667806,0.962651,0.050405,0.0,0.039657,1.0,True
occupation,1.0,0.5,high_2.0,0.02,5,75.170983,24.829017,0.91228,0.052567,0.0,0.097155,1.0,False
occupation,1.0,0.5,high_2.0,0.02,10,68.279399,31.720601,0.814988,0.056137,0.0,0.187123,1.0,False
occupation,1.0,0.5,high_2.0,0.02,20,47.267664,52.732336,0.558144,0.065844,0.0,0.334499,1.0,False
occupation,1.0,0.5,high_2.0,0.025,2,77.758942,22.241058,0.955206,0.055988,0.0,0.049447,1.0,True
occupation,1.0,0.5,high_2.0,0.025,5,74.05372,25.94628,0.897486,0.058886,0.0,0.12063,1.0,False
occupation,1.0,0.5,high_2.0,0.025,10,65.763526,34.236474,0.783722,0.063674,0.0,0.230579,1.0,False
occupation,1.0,0.5,high_2.0,0.025,20,41.945533,58.054467,0.496341,0.073296,0.0,0.401604,1.0,False
occupation,1.0,0.5,high_2.0,0.03,2,77.181256,22.818744,0.947722,0.061573,0.0,0.059186,1.0,True
occupation,1.0,0.5,high_2.0,0.03,5,72.894591,27.105409,0.882308,0.065291,0.0,0.143762,1.0,False
occupation,1.0,0.5,high_2.0,0.03,10,63.063533,36.936467,0.750729,0.071541,0.0,0.272523,1.0,False
occupation,1.0,0.5,high_2.0,0.03,20,37.224943,62.775057,0.441327,0.08069,0.0,0.462124,1.0,False
occupation,1.0,0.5,high_2.0,0.04,2,76.012745,23.987255,0.932634,0.072753,0.0,0.078515,1.0,True
occupation,1.0,0.5,high_2.0,0.04,5,70.450964,29.549036,0.850798,0.078374,0.0,0.188968,1.0,False
occupation,1.0,0.5,high_2.0,0.04,10,57.095417,42.904583,0.67935,0.088644,0.0,0.351498,1.0,False
occupation,1.0,0.5,high_2.0,0.04,20,29.417742,70.582258,0.349822,0.095462,0.0,0.565849,1.0,False
occupation,1.0,0.5,high_2.0,0.05,2,74.826935,25.173065,0.917389,0.083951,0.0,0.097643,1.0,False
occupation,1.0,0.5,high_2.0,0.05,5,67.840423,32.159577,0.817745,0.091855,0.0,0.232709,1.0,False
occupation,1.0,0.5,high_2.0,0.05,10,50.460421,49.539579,0.601656,0.108089,0.0,0.423286,1.0,False
occupation,1.0,0.5,high_2.0,0.05,20,23.232918,76.767082,0.277014,0.110233,0.0,0.649359,1.0,False
occupation,1.0,1.0,none_1.0,0.005,2,80.229937,19.770063,0.986922,0.037731,0.0,0.009989,1.0,True
occupation,1.0,1.0,none_1.0,0.005,5,79.210993,20.789007,0.964341,0.038739,0.0,0.024843,1.0,True
occupation,1.0,1.0,none_1.0,0.005,10,77.237163,22.762837,0.92492,0.040921,0.0,0.049149,1.0,True
occupation,1.0,1.0,none_1.0,0.005,20,72.018821,27.981179,0.837222,0.046687,0.0,0.095655,1.0,False
occupation,1.0,1.0,none_1.0,0.01,2,79.660362,20.339638,0.979496,0.043966,0.0,0.019929,1.0,True
occupation,1.0,1.0,none_1.0,0.01,5,78.306658,21.693342,0.951625,0.046337,0.0,0.049382,1.0,True
occupation,1.0,1.0,none_1.0,0.01,10,75.635656,24.364344,0.902597,0.050463,0.0,0.097274,1.0,True
occupation,1.0,1.0,none_1.0,0.01,20,67.933615,32.066385,0.786698,0.062062,0.0,0.187107,1.0,False
occupation,1.0,1.0,none_1.0,0.015,2,79.085097,20.914903,0.972016,0.050243,0.0,0.029818,1.0,True
occupation,1.0,1.0,none_1.0,0.015,5,77.352779,22.647221,0.938447,0.05426,0.0,0.073607,1.0,True
occupation,1.0,1.0,none_1.0,0.015,10,73.840577,26.159423,0.878489,0.060968,0.0,0.144273,1.0,False
occupation,1.0,1.0,none_1.0,0.015,20,62.765956,37.234044,0.725745,0.08159,0.0,0.27333,1.0,False
occupation,1.0,1.0,none_1.0,0.02,2,78.504255,21.495745,0.964484,0.056563,0.0,0.039657,1.0,True
occupation,1.0,1.0,none_1.0,0.02,5,76.348474,23.651526,0.924796,0.062515,0.0,0.097508,1.0,True
occupation,1.0,1.0,none_1.0,0.02,10,71.835349,28.164651,0.852408,0.072523,0.0,0.190038,1.0,False
occupation,1.0,1.0,none_1.0,0.02,20,56.235598,43.764402,0.6513,0.107321,0.0,0.353084,1.0,False
occupation,1.0,1.0,none_1.0,0.025,2,77.917943,22.082057,0.956901,0.062923,0.0,0.049447,1.0,True
occupation,1.0,1.0,none_1.0,0.025,5,75.292944,24.707056,0.910662,0.071108,0.0,0.121075,1.0,True
occupation,1.0,1.0,none_1.0,0.025,10,69.603413,30.396587,0.824168,0.085225,0.0,0.234456,1.0,False
occupation,1.0,1.0,none_1.0,0.025,20,48.80512,51.19488,0.567948,0.135985,0.0,0.424918,1.0,False
occupation,1.0,1.0,none_1.0,0.03,2,77.32626,22.67374,0.949267,0.069325,0.0,0.059186,1.0,True
occupation,1.0,1.0,none_1.0,0.03,5,74.185474,25.814526,0.896037,0.080046,0.0,0.144298,1.0,False
occupation,1.0,1.0,none_1.0,0.03,10,67.128238,32.871762,0.793579,0.09919,0.0,0.277405,1.0,False
occupation,1.0,1.0,none_1.0,0.03,20,42.463713,57.536287,0.496226,0.155835,0.0,0.488436,1.0,False
occupation,1.0,1.0,none_1.0,0.04,2,76.127166,23.872834,0.933853,0.082248,0.0,0.078515,1.0,True
occupation,1.0,1.0,none_1.0,0.04,5,71.812212,28.187788,0.865282,0.09899,0.0,0.189671,1.0,False
occupation,1.0,1.0,none_1.0,0.04,10,61.380293,38.619707,0.724592,0.131547,0.0,0.358391,1.0,False
occupation,1.0,1.0,none_1.0,0.04,20,32.450272,67.549728,0.381779,0.188504,0.0,0.593713,1.0,False
occupation,1.0,1.0,none_1.0,0.05,2,74.907699,25.092301,0.91825,0.09533,0.0,0.097643,1.0,False
occupation,1.0,1.0,none_1.0,0.05,5,69.224274,30.775726,0.832476,0.119419,0.0,0.233547,1.0,False
occupation,1.0,1.0,none_1.0,0.05,10,54.436978,45.563022,0.643712,0.171672,0.0,0.431918,1.0,False
occupation,1.0,1.0,none_1.0,0.05,20,25.063806,74.936194,0.296377,0.218862,0.0,0.675807,1.0,False
occupation,1.0,1.0,elevated_1.5,0.005,2,80.125027,19.874973,0.985804,0.035647,0.0,0.009989,1.0,True
occupation,1.0,1.0,elevated_1.5,0.005,5,78.7081,21.2919,0.959002,0.036496,0.0,0.0248,1.0,True
occupation,1.0,1.0,elevated_1.5,0.005,10,75.890779,24.109221,0.910806,0.038366,0.0,0.048851,1.0,True
occupation,1.0,1.0,elevated_1.5,0.005,20,68.09546,31.90454,0.797058,0.043305,0.0,0.093875,1.0,False
occupation,1.0,1.0,elevated_1.5,0.01,2,79.557444,20.442556,0.978399,0.041587,0.0,0.019929,1.0,True
occupation,1.0,1.0,elevated_1.5,0.01,5,77.738783,22.261217,0.945595,0.043464,0.0,0.04929,1.0,True
occupation,1.0,1.0,elevated_1.5,0.01,10,74.009108,25.990892,0.885526,0.046869,0.0,0.096585,1.0,False
occupation,1.0,1.0,elevated_1.5,0.01,20,62.892867,37.107133,0.734878,0.056024,0.0,0.182698,1.0,False
occupation,1.0,1.0,elevated_1.5,0.015,2,78.984154,21.015846,0.970941,0.047557,0.0,0.029818,1.0,True
occupation,1.0,1.0,elevated_1.5,0.015,5,76.718926,23.281074,0.931714,0.050664,0.0,0.073461,1.0,True
occupation,1.0,1.0,elevated_1.5,0.015,10,71.919433,28.080567,0.858306,0.056012,0.0,0.143095,1.0,False
occupation,1.0,1.0,elevated_1.5,0.015,20,56.62344,43.37656,0.662331,0.071122,0.0,0.265403,1.0,False
occupation,1.0,1.0,elevated_1.5,0.02,2,78.40527,21.59473,0.963429,0.053556,0.0,0.039657,1.0,True
occupation,1.0,1.0,elevated_1.5,0.02,5,75.648315,24.351685,0.917357,0.058096,0.0,0.097302,1.0,True
occupation,1.0,1.0,elevated_1.5,0.02,10,69.613117,30.386883,0.829041,0.0658,0.0,0.188271,1.0,False
occupation,1.0,1.0,elevated_1.5,0.02,20,49.711877,50.288123,0.58364,0.086504,0.0,0.340876,1.0,False
occupation,1.0,1.0,elevated_1.5,0.025,2,77.820899,22.179101,0.955866,0.059584,0.0,0.049447,1.0,True
occupation,1.0,1.0,elevated_1.5,0.025,5,74.526868,25.473132,0.902521,0.065758,0.0,0.120804,1.0,False
occupation,1.0,1.0,elevated_1.5,0.025,10,67.084105,32.915895,0.797654,0.076238,0.0,0.232001,1.0,False
occupation,1.0,1.0,elevated_1.5,0.025,20,43.698931,56.301069,0.514713,0.097379,0.0,0.40873,1.0,False
occupation,1.0,1.0,elevated_1.5,0.03,2,77.231144,22.768856,0.948253,0.065639,0.0,0.059186,1.0,True
occupation,1.0,1.0,elevated_1.5,0.03,5,73.354629,26.645371,0.887206,0.07365,0.0,0.143956,1.0,False
occupation,1.0,1.0,elevated_1.5,0.03,10,64.329157,35.670843,0.764097,0.087332,0.0,0.274173,1.0,False
occupation,1.0,1.0,elevated_1.5,0.03,20,38.515209,61.484791,0.454892,0.107457,0.0,0.469502,1.0,False
occupation,1.0,1.0,elevated_1.5,0.04,2,76.035861,23.964139,0.93288,0.077834,0.0,0.078515,1.0,True
occupation,1.0,1.0,elevated_1.5,0.04,5,70.85853,29.14147,0.855143,0.09012,0.0,0.189173,1.0,False
occupation,1.0,1.0,elevated_1.5,0.04,10,58.142072,41.857928,0.690431,0.111586,0.0,0.353395,1.0,False
occupation,1.0,1.0,elevated_1.5,0.04,20,30.045351,69.954649,0.356459,0.12725,0.0,0.572234,1.0,False
occupation,1.0,1.0,elevated_1.5,0.05,2,74.82015,25.17985,0.917317,0.090139,0.0,0.097643,1.0,False
occupation,1.0,1.0,elevated_1.5,0.05,5,68.16256,31.83744,0.821186,0.107505,0.0,0.23288,1.0,False
occupation,1.0,1.0,elevated_1.5,0.05,10,51.09194,48.90806,0.608367,0.139049,0.0,0.42506,1.0,False
occupation,1.0,1.0,elevated_1.5,0.05,20,23.523677,76.476323,0.280103,0.146963,0.0,0.653962,1.0,False
occupation,1.0,1.0,high_2.0,0.005,2,80.020118,19.979882,0.984686,0.033727,0.0,0.009989,1.0,True
occupation,1.0,1.0,high_2.0,0.005,5,78.243718,21.756282,0.954073,0.034364,0.0,0.024759,1.0,True
occupation,1.0,1.0,high_2.0,0.005,10,74.660868,25.339132,0.897905,0.035647,0.0,0.048577,1.0,False
occupation,1.0,1.0,high_2.0,0.005,20,64.631576,35.368424,0.76146,0.038713,0.0,0.092263,1.0,False
occupation,1.0,1.0,high_2.0,0.01,2,79.454526,20.545474,0.977303,0.039376,0.0,0.019929,1.0,True
occupation,1.0,1.0,high_2.0,0.01,5,77.215793,22.784207,0.940041,0.040742,0.0,0.049203,1.0,True
occupation,1.0,1.0,high_2.0,0.01,10,72.54374,27.45626,0.870138,0.043059,0.0,0.095956,1.0,False
occupation,1.0,1.0,high_2.0,0.01,20,58.742365,41.257635,0.69203,0.048246,0.0,0.178838,1.0,False
occupation,1.0,1.0,high_2.0,0.015,2,78.88321,21.11679,0.969865,0.04504,0.0,0.029818,1.0,True
occupation,1.0,1.0,high_2.0,0.015,5,76.136992,23.863008,0.925533,0.047272,0.0,0.073322,1.0,True
occupation,1.0,1.0,high_2.0,0.015,10,70.217814,29.782186,0.840419,0.050803,0.0,0.142027,1.0,False
occupation,1.0,1.0,high_2.0,0.015,20,52.134757,47.865243,0.615772,0.058181,0.0,0.258766,1.0,False
occupation,1.0,1.0,high_2.0,0.02,2,78.306285,21.693715,0.962375,0.05072,0.0,0.039657,1.0,True
occupation,1.0,1.0,high_2.0,0.02,5,75.007748,24.992252,0.910551,0.053945,0.0,0.097106,1.0,False
occupation,1.0,1.0,high_2.0,0.02,10,67.684213,32.315787,0.808746,0.05883,0.0,0.186684,1.0,False
occupation,1.0,1.0,high_2.0,0.02,20,46.060473,53.939527,0.545567,0.0659,0.0,0.331417,1.0,False
occupation,1.0,1.0,high_2.0,0.025,2,77.723856,22.276144,0.954832,0.056414,0.0,0.049447,1.0,True
occupation,1.0,1.0,high_2.0,0.025,5,73.828657,26.171343,0.895102,0.060756,0.0,0.120546,1.0,False
occupation,1.0,1.0,high_2.0,0.025,10,64.948429,35.051571,0.775164,0.067084,0.0,0.229822,1.0,False
occupation,1.0,1.0,high_2.0,0.025,20,40.797018,59.202982,0.484332,0.073304,0.0,0.397053,1.0,False
occupation,1.0,1.0,high_2.0,0.03,2,77.136028,22.863972,0.94724,0.062123,0.0,0.059186,1.0,True
occupation,1.0,1.0,high_2.0,0.03,5,72.600471,27.399529,0.879191,0.067696,0.0,0.143632,1.0,False
occupation,1.0,1.0,high_2.0,0.03,10,62.020325,37.979675,0.739763,0.07551,0.0,0.27134,1.0,False
occupation,1.0,1.0,high_2.0,0.03,20,36.212271,63.787729,0.430706,0.080691,0.0,0.456271,1.0,False
occupation,1.0,1.0,high_2.0,0.04,2,75.944556,24.055444,0.931907,0.073585,0.0,0.078515,1.0,True
occupation,1.0,1.0,high_2.0,0.04,5,70.000539,29.999461,0.846022,0.081938,0.0,0.188703,1.0,False
occupation,1.0,1.0,high_2.0,0.04,10,55.646319,44.353681,0.664083,0.092699,0.0,0.349142,1.0,False
occupation,1.0,1.0,high_2.0,0.04,20,28.549575,71.450425,0.34068,0.095462,0.0,0.557284,1.0,False
occupation,1.0,1.0,high_2.0,0.05,2,74.732602,25.267398,0.916384,0.085106,0.0,0.097643,1.0,False
occupation,1.0,1.0,high_2.0,0.05,5,67.216675,32.783325,0.811128,0.096619,0.0,0.23225,1.0,False
occupation,1.0,1.0,high_2.0,0.05,10,49.034357,50.965643,0.586594,0.109471,0.0,0.419418,1.0,False
occupation,1.0,1.0,high_2.0,0.05,20,22.576321,77.423679,0.270079,0.110233,0.0,0.639102,1.0,False
