CERT,size_class,business_model,assets,capital,loss_prorata,loss_specific,breach_prorata,breach_specific
10004,community (under 1bn),diversified,0.276713,0.022545,0.00710116,0.005595740904251311,False,False
10011,community (under 1bn),diversified,0.523354,0.042918,0.01353631,0.01222570113188464,False,False
10012,community (under 1bn),diversified,0.210076,0.027221,0.0042516049999999994,0.0007108205387659687,False,False
10015,community (under 1bn),diversified,0.253823,0.029621,0.00845394,0.0026023419575766926,False,False
10044,midsize (1 to 10bn),commercial real estate heavy,2.890553,0.592442,0.074169645,0.022339726278522376,False,False
10055,community (under 1bn),commercial real estate heavy,0.347211,0.036315,0.009702915,0.014196783627286692,False,False
10057,community (under 1bn),diversified,0.08521,0.017289,0.00067914,0.00019217004799379703,False,False
1005,midsize (1 to 10bn),diversified,2.170035,0.194064,0.060187155,0.02484054500305532,False,False
10072,community (under 1bn),diversified,0.13917,0.015226,0.002940095,0.0053898170463710805,False,False
10074,community (under 1bn),mortgage portfolio lender,0.072628,0.007028,0.0018813449999999998,0.0039518565738445085,False,False
10075,community (under 1bn),diversified,0.049505,0.005483,0.00059072,0.00010303161475141585,False,False
10077,community (under 1bn),diversified,0.037772,0.01125,0.000165245,2.3607944027266396e-05,False,False
1008,community (under 1bn),commercial real estate heavy,0.175994,0.018517,0.006187265000000001,0.004717887990540725,False,False
10101,community (under 1bn),diversified,0.499218,0.055693,0.010559935,0.00838270868017621,False,False
10111,community (under 1bn),diversified,0.499085,0.0626,0.011635310000000001,0.0031268277628213855,False,False
10118,community (under 1bn),diversified,0.29821,0.032474,0.005969,0.00458615962999894,False,False
10120,community (under 1bn),diversified,0.027845,0.004743,0.00010747,1.288938541613011e-05,False,False
10121,community (under 1bn),diversified,0.186216,0.038881,0.00207967,0.0002915522405612278,False,False
10122,community (under 1bn),diversified,0.21274,0.023432,0.00195522,0.00033474592942340587,False,False
10125,community (under 1bn),diversified,0.16586,0.016017,0.001257875,0.00018442213983928095,False,False
10127,community (under 1bn),diversified,0.277125,0.033933,0.00366103,0.006075271769638384,False,False
10132,community (under 1bn),diversified,0.145975,0.016471,0.002817595,0.0032276401252722,False,False
10137,community (under 1bn),diversified,0.242022,0.026919,0.00656999,0.002143425999299319,False,False
10145,community (under 1bn),C and I heavy,0.024146,0.00796,0.000893855,0.00018508393891715507,False,False
1014,midsize (1 to 10bn),commercial real estate heavy,4.453559,0.395579,0.13577254,0.17522318586387856,False,False
10157,community (under 1bn),commercial real estate heavy,0.396973,0.035872,0.009209895,0.0035700371285939,False,False
10159,community (under 1bn),diversified,0.499011,0.042313,0.013550409999999999,0.004165118282593821,False,False
10160,community (under 1bn),C and I heavy,0.911924,0.187661,0.02309672,0.0347531411411503,False,False
10162,community (under 1bn),diversified,0.105928,0.012128,0.000954155,0.00032820367777022796,False,False
10163,community (under 1bn),mortgage portfolio lender,0.232507,0.025292,0.00691818,0.0018333588616750414,False,False
10165,community (under 1bn),diversified,0.336232,0.031007,0.00457589,0.0042505351473756505,False,False
10167,community (under 1bn),diversified,0.290907,0.039359,0.004347855,0.0016282100424568628,False,False
10168,community (under 1bn),diversified,0.486424,0.048594,0.00906431,0.00270391928775865,False,False
10169,community (under 1bn),commercial real estate heavy,0.351059,0.033037,0.013265265000000002,0.010420673418720086,False,False
10174,community (under 1bn),diversified,0.113771,0.009728,0.002857265,0.0008649697812603792,False,False
10175,community (under 1bn),diversified,0.151939,0.017372,0.00424237,0.0047556815687825665,False,False
10178,community (under 1bn),diversified,0.107198,0.011259,0.00183529,0.0016037590111981413,False,False
10185,community (under 1bn),diversified,0.075976,0.009402,0.00222981,0.0005587360126849693,False,False
10187,community (under 1bn),diversified,0.050574,0.008179,0.00055809,0.00018648771592240842,False,False
10191,community (under 1bn),commercial real estate heavy,0.308261,0.035674,0.008428775000000001,0.0010005306837070611,False,False
10194,community (under 1bn),diversified,0.185324,0.015564,0.004070020000000001,0.002255539200029544,False,False
10197,community (under 1bn),diversified,0.105716,0.009416,0.00319351,0.002831772487164854,False,False
10200,community (under 1bn),diversified,0.037083,0.005466,0.00035105499999999997,6.846766083030455e-05,False,False
10202,community (under 1bn),diversified,0.084059,0.008237,0.002540415,0.0012368385628505143,False,False
10212,community (under 1bn),diversified,0.219988,0.031279,0.00721976,0.020871781693852225,False,False
10214,community (under 1bn),diversified,0.931375,0.124378,0.014505705,0.014474481188575802,False,False
10218,community (under 1bn),diversified,0.329024,0.027895,0.005617530000000001,0.001419654715187256,False,False
1022,community (under 1bn),diversified,0.332461,0.040192,0.00401575,0.0006017028204314044,False,False
10236,community (under 1bn),diversified,0.17343,0.020365,0.00251121,0.0014926707127013664,False,False
10243,community (under 1bn),diversified,0.123534,0.010931,0.0008291749999999999,0.00012713977669616893,False,False
10248,midsize (1 to 10bn),diversified,6.175429,0.552961,0.20230665500000003,0.0873640158072076,False,False
10250,community (under 1bn),diversified,0.209958,0.019149,0.003666375,0.0005363038626984199,False,False
10253,community (under 1bn),diversified,0.075179,0.009747,0.00075058,0.0003953176793573707,False,False
10255,community (under 1bn),diversified,0.843865,0.076587,0.020169309999999996,0.02066077503241729,False,False
10266,community (under 1bn),mortgage portfolio lender,0.33464,0.045619,0.007731050000000001,0.002791602228582694,False,False
1027,midsize (1 to 10bn),diversified,1.363808,0.114588,0.034301965,0.013420286218887727,False,False
10280,community (under 1bn),mortgage portfolio lender,0.136381,0.020455,0.0027718499999999997,0.00114914734104531,False,False
1028,community (under 1bn),diversified,0.263592,0.027679,0.006335545,0.001587358275714716,False,False
10307,midsize (1 to 10bn),commercial real estate heavy,2.284013,0.21607,0.07457062500000002,0.06408851832621415,False,False
10308,midsize (1 to 10bn),diversified,1.139937,0.107875,0.0342791,0.01459858667198257,False,False
10315,community (under 1bn),diversified,0.134554,0.010914,0.0018365,0.0005314144061101151,False,False
10317,community (under 1bn),mortgage portfolio lender,0.273206,0.041362,0.004677404999999999,0.001691365394322066,False,False
10319,community (under 1bn),mortgage portfolio lender,0.18806,0.017781,0.005872695,0.0020444907003052785,False,False
10327,community (under 1bn),commercial real estate heavy,0.07382,0.014924,0.0024304050000000005,0.0005500919338174117,False,False
10330,community (under 1bn),diversified,0.12658,0.013194,0.0015298150000000001,0.00023474179435982402,False,False
10344,community (under 1bn),commercial real estate heavy,0.770133,0.115029,0.031767155,0.006997432721293602,False,False
10345,community (under 1bn),commercial real estate heavy,0.1812,0.020037,0.004369629999999999,0.0008175324110319943,False,False
10352,community (under 1bn),diversified,0.05748,0.006242,0.0006419049999999999,0.0005997221515531105,False,False
10363,midsize (1 to 10bn),diversified,2.787917,0.310453,0.10444622,0.14897667517275137,False,False
10378,community (under 1bn),diversified,0.823152,0.078183,0.021626225,0.012708552102368363,False,False
10380,community (under 1bn),diversified,0.440178,0.05035,0.013589214999999998,0.004119463591707888,False,False
10382,community (under 1bn),diversified,0.175072,0.020362,0.00526432,0.004497866634884665,False,False
10383,community (under 1bn),diversified,0.51206,0.052766,0.014172360000000002,0.018985994855783655,False,False
10384,community (under 1bn),diversified,0.345491,0.031934,0.007491039999999999,0.005676888729573413,False,False
10407,community (under 1bn),diversified,0.116597,0.023377,0.000851875,0.00011250881148769314,False,False
1040,midsize (1 to 10bn),diversified,6.691838,0.665347,0.18322411500000002,0.322687151386648,False,False
10434,community (under 1bn),diversified,0.312701,0.038127,0.0049305700000000004,0.0013858334312716347,False,False
10437,community (under 1bn),diversified,0.078431,0.009688,0.001570145,0.0004507633913987464,False,False
10438,community (under 1bn),diversified,0.253907,0.027842,0.004282805,0.002797046555153577,False,False
10446,community (under 1bn),diversified,0.196113,0.020534,0.0019743549999999997,0.00030670486172706095,False,False
10458,community (under 1bn),diversified,0.1302,0.012294,0.00288597,0.001970607931643024,False,False
10460,community (under 1bn),diversified,0.279253,0.04204,0.0075334550000000005,0.0018902304008134355,False,False
10464,community (under 1bn),diversified,0.140099,0.011473,0.0021009400000000004,0.002871532758628942,False,False
10469,community (under 1bn),diversified,0.051998,0.009777,0.0012736549999999998,0.00018048130542342803,False,False
10471,community (under 1bn),diversified,0.053079,0.005505,0.000608385,0.0014917411062405528,False,False
10473,community (under 1bn),diversified,0.221909,0.019682,0.004231815,0.0006708079197752484,False,False
10474,community (under 1bn),diversified,0.453297,0.044432,0.00547109,0.003850176678036767,False,False
1047,community (under 1bn),diversified,0.641344,0.072311,0.014061735,0.0030028816531006905,False,False
10492,community (under 1bn),diversified,0.122497,0.016575,0.0025939000000000005,0.0020386805565265355,False,False
10494,community (under 1bn),mortgage portfolio lender,0.195476,0.025713,0.004010234999999999,0.0005391665094493831,False,False
10497,community (under 1bn),diversified,0.213339,0.024598,0.00438195,0.004984607446343039,False,False
1049,community (under 1bn),diversified,0.274522,0.037802,0.003998565,0.002596736213585106,False,False
10500,community (under 1bn),diversified,0.130508,0.018547,0.0024359100000000003,0.0017752041442670103,False,False
10503,community (under 1bn),diversified,0.084258,0.013568,0.000392745,5.5188156175755285e-05,False,False
10505,community (under 1bn),diversified,0.208382,0.019065,0.0026313050000000004,0.000485326003183677,False,False
10520,community (under 1bn),mortgage portfolio lender,0.228592,0.020064,0.004760624999999999,0.001847599145606887,False,False
10523,community (under 1bn),diversified,0.377875,0.043455,0.003213605,0.001474507401354378,False,False
10528,community (under 1bn),mortgage portfolio lender,0.212526,0.025455,0.003900965,0.007059550086842257,False,False
10531,community (under 1bn),diversified,0.243271,0.027046,0.0054052300000000005,0.0026207844402013967,False,False
10532,community (under 1bn),diversified,0.350865,0.038773,0.008692465,0.002494851486450877,False,False
10533,community (under 1bn),diversified,0.425687,0.045717,0.008712725,0.004167537536393668,False,False
10561,community (under 1bn),diversified,0.242149,0.028542,0.005555275,0.001246377815620812,False,False
10567,community (under 1bn),mortgage portfolio lender,0.056917,0.004258,0.0016193099999999999,0.0009507868938549973,False,False
10571,community (under 1bn),diversified,0.047394,0.005293,0.0006860899999999999,0.0004090081585341822,False,False
10576,community (under 1bn),diversified,0.158286,0.013088,0.0025984650000000003,0.0012832714288901637,False,False
1058,midsize (1 to 10bn),commercial real estate heavy,3.069248,0.36468,0.118247605,0.051086657240636185,False,False
10594,community (under 1bn),diversified,0.302334,0.029481,0.007926260000000001,0.005391806802911725,False,False
10595,community (under 1bn),diversified,0.258868,0.022416,0.00594438,0.0032287220958916014,False,False
10597,community (under 1bn),diversified,0.224834,0.022774,0.009646455000000002,0.0147653888811521,False,True
105,community (under 1bn),diversified,0.194374,0.016289,0.002538835,0.0016349172947107235,False,False
10608,community (under 1bn),diversified,0.502638,0.044584,0.01653552,0.004287278091414568,False,False
1060,midsize (1 to 10bn),diversified,1.233304,0.143276,0.03529973,0.01572838968261072,False,False
10618,midsize (1 to 10bn),diversified,1.912499,0.166068,0.028043474999999998,0.05225701239736676,False,False
10619,midsize (1 to 10bn),diversified,1.75984,0.204278,0.059919305000000006,0.0653482734477725,False,False
10623,community (under 1bn),diversified,0.134274,0.012425,0.002553165,0.0008288879857945622,False,False
10628,community (under 1bn),diversified,0.134473,0.010589,0.001550295,0.000396078694046878,False,False
10634,midsize (1 to 10bn),diversified,9.177122,0.928077,0.24675265000000002,0.05300408216168928,False,False
10635,community (under 1bn),diversified,0.019046,0.001923,0.00032649499999999994,0.00021800370474148065,False,False
10637,community (under 1bn),diversified,0.137788,0.015948,0.001613745,0.0016623390813168284,False,False
10639,community (under 1bn),diversified,0.367668,0.032516,0.00448837,0.0022634536735215856,False,False
10641,community (under 1bn),diversified,0.593442,0.056037,0.020126215,0.005140093775955075,False,False
10643,community (under 1bn),commercial real estate heavy,0.975648,0.091361,0.040612390000000005,0.008865726952983806,False,False
10647,community (under 1bn),diversified,0.069664,0.006958,0.00120759,0.0004548184013287148,False,False
10663,community (under 1bn),mortgage portfolio lender,0.595104,0.059491,0.00926343,0.002121598468297782,False,False
10667,midsize (1 to 10bn),diversified,2.02175,0.170729,0.066896335,0.01996577002839721,False,False
10672,community (under 1bn),diversified,0.158375,0.019436,0.00219852,0.0070624217002871505,False,False
10674,community (under 1bn),diversified,0.180831,0.020698,0.005934495,0.0011231785644824457,False,False
10677,midsize (1 to 10bn),auto-heavy,1.00514,0.10349,0.039927124999999994,0.012801307702528497,False,False
10685,midsize (1 to 10bn),diversified,1.266788,0.113731,0.03262379,0.005002727841599197,False,False
1068,midsize (1 to 10bn),C and I heavy,1.326197,0.196654,0.04544922,0.011434011331785707,False,False
10704,community (under 1bn),commercial real estate heavy,0.039554,0.006608,0.0006765,0.00023468789900555787,False,False
10709,community (under 1bn),diversified,0.380663,0.043801,0.00851261,0.0017731183225404511,False,False
10719,community (under 1bn),diversified,0.395637,0.040977,0.0032597499999999996,0.000464719937339584,False,False
1073,community (under 1bn),commercial real estate heavy,0.915166,0.163445,0.024147235,0.003504526020527297,False,False
10741,community (under 1bn),diversified,0.084207,0.008901,0.001403895,0.0022127891961825604,False,False
10788,community (under 1bn),diversified,0.171877,0.024242,0.0032775,0.0004565980537547897,False,False
10791,community (under 1bn),diversified,0.310791,0.049502,0.00490142,0.01003807386652632,False,False
10799,community (under 1bn),diversified,0.160068,0.022299,0.003302895,0.0037810863005964626,False,False
107,community (under 1bn),diversified,0.051276,0.00585,0.0007799300000000001,0.00046774585634020013,False,False
10803,community (under 1bn),diversified,0.030303,0.003167,0.00062074,0.00011615013489143384,False,False
10804,community (under 1bn),diversified,0.148246,0.015603,0.001974435,0.0033321614726302376,False,False
10809,community (under 1bn),diversified,0.040045,0.005074,0.000240575,4.264876260599099e-05,False,False
10816,community (under 1bn),diversified,0.015101,0.001297,0.00045587000000000004,0.0005403259122496554,False,False
10820,community (under 1bn),diversified,0.064345,0.009469,0.0007155350000000001,0.00029985396464102547,False,False
10821,community (under 1bn),diversified,0.1043,0.014235,0.00156996,0.0004647566900627622,False,False
10829,community (under 1bn),diversified,0.501622,0.044885,0.00782555,0.009017903460088638,False,False
10831,community (under 1bn),diversified,0.337128,0.0552,0.002842685,0.0012839959154728965,False,False
10840,community (under 1bn),auto-heavy,0.026224,0.003147,0.00043241000000000004,6.20985817615777e-05,False,False
10843,community (under 1bn),commercial real estate heavy,0.036211,0.005505,0.0007691750000000001,0.00043647649382052103,False,False
10844,community (under 1bn),diversified,0.344036,0.037636,0.009458595,0.0034463980976280886,False,False
10845,community (under 1bn),diversified,0.253333,0.025957,0.00510318,0.0024576458418357062,False,False
10849,community (under 1bn),diversified,0.303479,0.029545,0.003969375,0.0022579190059006456,False,False
10853,community (under 1bn),diversified,0.232236,0.027996,0.00594713,0.0016407744332350305,False,False
10855,community (under 1bn),diversified,0.185573,0.018884,0.003538905,0.0008014235296668278,False,False
10858,community (under 1bn),diversified,0.108907,0.018992,0.00058896,0.0002166167480322346,False,False
10860,community (under 1bn),diversified,0.206121,0.022324,0.00560829,0.003943605325317032,False,False
1086,community (under 1bn),mortgage portfolio lender,0.358995,0.052299,0.009226695,0.010884681327969648,False,False
10871,community (under 1bn),diversified,0.11217,0.017954,0.00291091,0.0014865974342217984,False,False
10872,community (under 1bn),diversified,0.021654,0.001814,0.000367265,7.99059372733036e-05,False,False
10878,community (under 1bn),diversified,0.173623,0.022347,0.005003765,0.023279031084031756,False,True
10883,community (under 1bn),diversified,0.229624,0.024204,0.003188465,0.003808421413001935,False,False
10886,community (under 1bn),diversified,0.642942,0.061622,0.011685619999999999,0.013387860491009658,False,False
10903,community (under 1bn),commercial real estate heavy,0.557818,0.058853,0.018913045000000003,0.02209364180316111,False,False
10906,community (under 1bn),mortgage portfolio lender,0.11553,0.011361,0.0016065549999999997,0.0005404335606358219,False,False
10907,community (under 1bn),diversified,0.381435,0.045422,0.0029890200000000002,0.0006051262183384347,False,False
1090,community (under 1bn),commercial real estate heavy,0.371702,0.04915,0.014130134999999999,0.01570015112232638,False,False
10918,community (under 1bn),diversified,0.298344,0.04027,0.00526767,0.0019353706145705705,False,False
10919,community (under 1bn),diversified,0.128197,0.022139,0.00030424499999999997,0.00020424541764320554,False,False
10920,community (under 1bn),diversified,0.194786,0.046392,0.00019031000000000004,9.571604125309872e-05,False,False
10928,community (under 1bn),diversified,0.134797,0.016949,0.003969035,0.0014920732500401952,False,False
1092,community (under 1bn),diversified,0.173382,0.018639,0.0059463350000000005,0.0027833553849899544,False,False
10956,community (under 1bn),diversified,0.469656,0.050653,0.016295385,0.00842754646077564,False,False
10958,community (under 1bn),diversified,0.939274,0.091972,0.022232465,0.008481881216299366,False,False
1095,community (under 1bn),diversified,0.516761,0.04925,0.01335043,0.014142372552130815,False,False
10960,community (under 1bn),diversified,0.098822,0.011377,0.001260205,0.00018656648995553905,False,False
10962,community (under 1bn),commercial real estate heavy,0.261065,0.025942,0.006808659999999999,0.00304364945236206,False,False
10965,community (under 1bn),diversified,0.152994,0.016043,0.0030874200000000004,0.0015444092276750152,False,False
10967,community (under 1bn),diversified,0.211091,0.021287,0.00469512,0.0014822597173245956,False,False
10969,community (under 1bn),mortgage portfolio lender,0.076376,0.007597,0.0023967100000000002,0.0007536508419334318,False,False
10971,community (under 1bn),commercial real estate heavy,0.154468,0.012823,0.0061679000000000005,0.0014084805898173394,False,False
10973,community (under 1bn),diversified,0.75585,0.077349,0.024402075,0.014402929588543018,False,False
10976,community (under 1bn),diversified,0.242596,0.026787,0.0061557,0.005314352706160199,False,False
10980,community (under 1bn),diversified,0.208865,0.018933,0.00457438,0.002210823015563818,False,False
10982,community (under 1bn),diversified,0.048774,0.007605,0.00049198,0.0003830610842704808,False,False
10984,community (under 1bn),C and I heavy,0.145059,0.014776,0.00419485,0.00237547106317064,False,False
10988,midsize (1 to 10bn),C and I heavy,3.274377,0.490746,0.12315887,0.4748131544134825,False,True
10989,community (under 1bn),diversified,0.291311,0.032362,0.00699631,0.006005290772393502,False,False
1098,community (under 1bn),diversified,0.086765,0.008769,0.000510465,0.000201854187952458,False,False
10991,community (under 1bn),diversified,0.11739,0.013381,0.002685775,0.00040081741015327444,False,False
10993,community (under 1bn),diversified,0.074766,0.007297,0.0013591749999999998,0.001242364417636429,False,False
10998,community (under 1bn),diversified,0.738443,0.058389,0.00866394,0.006010422481439412,False,False
109,community (under 1bn),diversified,0.311503,0.037443,0.00899829,0.005035294183700569,False,False
11002,community (under 1bn),diversified,0.231753,0.030801,0.003808825,0.0006386822217334655,False,False
11003,community (under 1bn),diversified,0.151057,0.019452,0.00425524,0.0009530731219384173,False,False
1100,community (under 1bn),diversified,0.429056,0.037189,0.00986789,0.0030973405056355765,False,False
11013,community (under 1bn),diversified,0.175638,0.03316,0.00041144000000000006,0.00013377812013983323,False,False
11035,midsize (1 to 10bn),diversified,7.963962,0.705511,0.29965436000000006,0.21023878816930316,False,False
1105,regional (10 to 100bn),diversified,25.794971,2.369376,0.6273992650000001,0.31256912695877037,False,False
11063,large (100 to 700bn),diversified,236.317,22.859,4.447,2.974228094395169,False,False
110,regional (10 to 100bn),diversified,41.703134,5.63951,1.5013548700000001,1.28760165087497,False,False
11112,midsize (1 to 10bn),diversified,2.46759,0.228186,0.06971232000000001,0.03335122588509817,False,False
11113,community (under 1bn),mortgage portfolio lender,0.50339,0.098161,0.010366519999999999,0.004038504720333999,False,False
11124,midsize (1 to 10bn),diversified,9.935678,1.0482,0.33878981500000005,0.48751593542838756,False,False
11133,community (under 1bn),diversified,0.081616,0.007171,0.001113865,0.00027393843863391103,False,False
11159,community (under 1bn),commercial real estate heavy,0.436608,0.045794,0.015541955000000001,0.007602379163332484,False,False
11175,community (under 1bn),diversified,0.121414,0.016353,0.002167,0.0020486070227076466,False,False
11178,community (under 1bn),C and I heavy,0.972067,0.065041,0.026783935000000002,0.028697780160841173,True,True
1117,midsize (1 to 10bn),diversified,2.248298,0.255984,0.049702895,0.009876957539756228,False,False
11181,community (under 1bn),diversified,0.139863,0.01454,0.0022073600000000002,0.0006810891437154935,False,False
1118,community (under 1bn),diversified,0.153202,0.018198,0.0009186649999999999,0.0002814535735116094,False,False
11225,community (under 1bn),diversified,0.158939,0.016987,0.004217065,0.0009296068733596801,False,False
11228,community (under 1bn),diversified,0.525244,0.093025,0.01761157,0.004233715964020653,False,False
1122,community (under 1bn),diversified,0.717008,0.066765,0.00523063,0.0016676951416681033,False,False
11232,community (under 1bn),commercial real estate heavy,0.221413,0.021083,0.00743401,0.0009989377421752352,False,False
11235,community (under 1bn),diversified,0.132061,0.018433,0.003252515,0.0013538252809280136,False,False
11236,midsize (1 to 10bn),diversified,1.653274,0.158877,0.05402954,0.043727921799561933,False,False
11241,regional (10 to 100bn),commercial real estate heavy,24.551658,2.907734,0.7884753600000001,0.42214050989319196,False,False
11242,community (under 1bn),diversified,0.213225,0.046853,0.002752745,0.0006213938388701337,False,False
11243,community (under 1bn),diversified,0.261514,0.032767,0.00590391,0.0031332613109707583,False,False
11252,community (under 1bn),diversified,0.234756,0.074191,0.00371012,0.0004901633613806107,False,False
11259,community (under 1bn),diversified,0.255403,0.034283,0.00772299,0.0040635117399016076,False,False
1125,community (under 1bn),diversified,0.219569,0.038865,0.0020460700000000005,0.0033882355902059838,False,False
11261,community (under 1bn),diversified,0.078911,0.011113,0.000984435,0.0011673830110738585,False,False
11295,community (under 1bn),diversified,0.420467,0.051554,0.011680459999999998,0.014299638510332582,False,False
11299,community (under 1bn),diversified,0.342389,0.033735,0.012111089999999998,0.008548779607729463,False,False
11302,community (under 1bn),diversified,0.030118,0.005699,0.00015016999999999998,6.254887996265942e-05,False,False
11306,community (under 1bn),diversified,0.581583,0.058441,0.014965955000000003,0.005026725678822087,False,False
11307,community (under 1bn),diversified,0.339829,0.052467,0.0040397,0.0015039345009122454,False,False
11310,community (under 1bn),diversified,0.349156,0.031982,0.010350605,0.008881687335508832,False,False
11317,community (under 1bn),C and I heavy,0.133016,0.01382,0.004005215,0.0024866083461584023,False,False
11319,community (under 1bn),diversified,0.31681,0.025937,0.00567342,0.0027528737872735617,False,False
11324,community (under 1bn),diversified,0.086456,0.009393,0.0007224200000000001,0.0005950931063197373,False,False
11343,community (under 1bn),diversified,0.054529,0.00805,0.000665245,0.0007453358445570306,False,False
11347,community (under 1bn),commercial real estate heavy,0.498585,0.060786,0.016443355,0.014588586631726783,False,False
11352,community (under 1bn),diversified,0.09273,0.008517,0.0011886949999999998,0.0002626158446112985,False,False
11355,community (under 1bn),mortgage portfolio lender,0.121758,0.017905,0.002757875,0.0011063229267808388,False,False
11358,community (under 1bn),diversified,0.420062,0.059491,0.014678944999999999,0.00532572753817949,False,False
11407,community (under 1bn),commercial real estate heavy,0.592373,0.050539,0.015433175,0.013936751847423292,False,False
11409,community (under 1bn),diversified,0.141007,0.016169,0.00267169,0.0005670495037774792,False,False
11411,community (under 1bn),diversified,0.114721,0.007754,0.0013446400000000002,0.0006786760850434102,False,False
11415,community (under 1bn),diversified,0.355123,0.033115,0.0071538850000000005,0.0011920057192823423,False,False
11417,community (under 1bn),diversified,0.044282,0.005739,0.00067075,8.224844088672653e-05,False,False
1141,community (under 1bn),commercial real estate heavy,0.330337,0.033896,0.011087335000000002,0.010105349472144646,False,False
11431,community (under 1bn),diversified,0.318228,0.038995,0.0063485799999999995,0.0038343722878568455,False,False
11445,community (under 1bn),diversified,0.210778,0.036187,0.0040183,0.0014587644166815929,False,False
11446,community (under 1bn),commercial real estate heavy,0.281778,0.031199,0.006771714999999999,0.008780552885914358,False,False
11448,community (under 1bn),diversified,0.566204,0.058116,0.015043005,0.008497473687294617,False,False
11459,midsize (1 to 10bn),diversified,1.181463,0.124991,0.03431226,0.024825137594571313,False,False
11462,community (under 1bn),diversified,0.146505,0.01612,0.0021018050000000004,0.0030994054105774787,False,False
11463,community (under 1bn),mortgage portfolio lender,0.206969,0.03086,0.003946379999999999,0.0014180596530079842,False,False
11466,community (under 1bn),mortgage portfolio lender,0.125269,0.01297,0.003133295,0.0033838458928448422,False,False
11475,community (under 1bn),diversified,0.088491,0.011741,0.0016091299999999998,0.0012345099019305402,False,False
11477,community (under 1bn),diversified,0.251332,0.039309,0.0016369499999999999,0.0008250217556265368,False,False
1147,community (under 1bn),diversified,0.531095,0.049371,0.0030765099999999997,0.0026720129204342684,False,False
11482,community (under 1bn),diversified,0.537,0.098645,0.00299122,0.0005856990630114026,False,False
11491,community (under 1bn),diversified,0.493107,0.060427,0.009627750000000001,0.02434469266173266,False,False
11492,midsize (1 to 10bn),commercial real estate heavy,1.350435,0.153193,0.04459789,0.04191296790962595,False,False
11501,community (under 1bn),diversified,0.719046,0.066058,0.02333174,0.006531855082871697,False,False
11507,midsize (1 to 10bn),commercial real estate heavy,4.662244,0.533012,0.142476565,0.02451076986112017,False,False
11519,community (under 1bn),diversified,0.293157,0.038287,0.006997640000000001,0.0010644584025346095,False,False
11521,community (under 1bn),diversified,0.557057,0.060428,0.01402873,0.0018331479266511432,False,False
11522,midsize (1 to 10bn),diversified,1.32104,0.136273,0.03569749,0.023799789312164754,False,False
11526,community (under 1bn),diversified,0.350297,0.047103,0.006431395,0.0027803780437721907,False,False
11527,community (under 1bn),diversified,0.055471,0.007555,0.00130104,0.0016684670122837264,False,False
11539,community (under 1bn),diversified,0.535133,0.048881,0.01141116,0.034601841999758305,False,True
11557,community (under 1bn),diversified,0.325795,0.041701,0.00755273,0.0009728057095922225,False,False
11559,community (under 1bn),mortgage portfolio lender,0.547414,0.079657,0.006250184999999999,0.0009757858809633303,False,False
11569,midsize (1 to 10bn),commercial real estate heavy,1.38933,0.143702,0.034448075,0.016821195045244135,False,False
11570,community (under 1bn),commercial real estate heavy,0.333245,0.045053,0.011956975,0.0025118776693003908,False,False
11578,regional (10 to 100bn),commercial real estate heavy,10.98429,1.209314,0.38254897500000007,0.1681874634810623,False,False
11580,community (under 1bn),auto-heavy,0.670315,0.154829,0.014705909999999999,0.0044707574116041315,False,False
11582,community (under 1bn),diversified,0.257344,0.036865,0.00563851,0.006901486737129684,False,False
11595,community (under 1bn),diversified,0.634077,0.068836,0.011962255,0.01766449444525037,False,False
11601,community (under 1bn),mortgage portfolio lender,0.296554,0.029199,0.005793039999999999,0.002185075399468531,False,False
11608,community (under 1bn),commercial real estate heavy,0.475453,0.048645,0.01766065,0.002823834675772404,False,False
11623,midsize (1 to 10bn),diversified,1.057888,0.088424,0.033691785,0.020618415251066516,False,False
1163,community (under 1bn),mortgage portfolio lender,0.116521,0.01052,0.00246409,0.0007842625140222392,False,False
1164,community (under 1bn),diversified,0.804307,0.076261,0.013408625,0.004367836586402302,False,False
1165,community (under 1bn),diversified,0.137453,0.022263,0.00053412,0.00012196247371265074,False,False
11666,midsize (1 to 10bn),diversified,3.701851,0.384138,0.07056989999999999,0.022308323603349868,False,False
11667,community (under 1bn),diversified,0.198166,0.032792,0.0010123699999999998,0.0007903130721371292,False,False
11669,community (under 1bn),diversified,0.328259,0.029823,0.008957739999999999,0.008399868018131383,False,False
11670,midsize (1 to 10bn),diversified,1.462374,0.155881,0.034664355,0.031154449948766524,False,False
11674,community (under 1bn),diversified,0.23452,0.028719,0.005602014999999999,0.002652886392071248,False,False
1167,community (under 1bn),commercial real estate heavy,0.222271,0.032136,0.003883465,0.0010299901509008432,False,False
11680,community (under 1bn),diversified,0.167285,0.023083,0.001132835,0.0012743703658599699,False,False
11681,community (under 1bn),diversified,0.073463,0.008776,0.000705,9.348553622255463e-05,False,False
11682,community (under 1bn),mortgage portfolio lender,0.111644,0.014215,0.0015547500000000001,0.0002490088230521424,False,False
11686,community (under 1bn),diversified,0.137617,0.01614,0.00176671,0.0002733465643326897,False,False
11699,community (under 1bn),diversified,0.285516,0.030261,0.008512335000000001,0.004305730853789685,False,False
1169,community (under 1bn),diversified,0.290903,0.033297,0.00552775,0.004117925777706574,False,False
11702,community (under 1bn),diversified,0.363238,0.038755,0.005219995,0.0025148310108102853,False,False
11706,community (under 1bn),diversified,0.065288,0.006627,0.0005473,0.00013158518085590643,False,False
11708,community (under 1bn),diversified,0.358538,0.052618,0.006612079999999999,0.0009652146509953399,False,False
11711,community (under 1bn),diversified,0.285794,0.030905,0.0023545050000000002,0.0032107711700861113,False,False
11715,community (under 1bn),diversified,0.089086,0.008715,0.001605565,0.0038012744857548126,False,False
11716,community (under 1bn),diversified,0.018124,0.002086,6.0969999999999994e-05,1.915527391649888e-05,False,False
11719,community (under 1bn),diversified,0.193864,0.023667,0.00297234,0.0011898616137480393,False,False
11722,community (under 1bn),diversified,0.736713,0.100822,0.012874725,0.0038164652952019625,False,False
11729,community (under 1bn),diversified,0.81974,0.080508,0.03012929,0.048293803656539305,False,True
11731,community (under 1bn),diversified,0.040939,0.005867,0.00053727,0.000782362064026128,False,False
11732,community (under 1bn),diversified,0.24008,0.025549,0.005653165000000001,0.0041621931646164565,False,False
11734,community (under 1bn),diversified,0.300267,0.028574,0.004932639999999999,0.008516707100640489,False,False
11739,community (under 1bn),diversified,0.688077,0.067448,0.016775915000000002,0.010968443401155487,False,False
11741,community (under 1bn),diversified,0.491597,0.044321,0.0060142799999999995,0.017204965206200573,False,False
11746,community (under 1bn),diversified,0.174461,0.015412,0.001902665,0.0006914055715926764,False,False
11747,community (under 1bn),diversified,0.210101,0.029687,0.00385709,0.00197322769772407,False,False
11750,community (under 1bn),diversified,0.134098,0.023388,0.00164061,0.0003824769100269126,False,False
11759,community (under 1bn),diversified,0.137738,0.025086,0.001107065,0.0012110313406467454,False,False
11763,community (under 1bn),commercial real estate heavy,0.896116,0.084686,0.03260242,0.03913952469376337,False,False
11764,community (under 1bn),diversified,0.104415,0.011816,0.0001785,6.978865553564122e-05,False,False
11767,community (under 1bn),diversified,0.433877,0.045148,0.007686179999999999,0.004647248848250799,False,False
11771,midsize (1 to 10bn),diversified,1.732398,0.162553,0.03706531,0.01947382815493432,False,False
11777,community (under 1bn),diversified,0.382189,0.033227,0.0058051,0.0018075512463801792,False,False
11778,community (under 1bn),diversified,0.275922,0.027722,0.0030205949999999996,0.0007490398613869979,False,False
11782,community (under 1bn),diversified,0.245469,0.031758,0.0053219849999999996,0.0014054870876210148,False,False
11785,community (under 1bn),diversified,0.298566,0.029475,0.005877265,0.0024342896544204537,False,False
11788,community (under 1bn),diversified,0.192304,0.022237,0.006585245,0.0011307174861100216,False,False
11792,community (under 1bn),diversified,0.224676,0.022807,0.00233803,0.0006527894983531907,False,False
11807,midsize (1 to 10bn),commercial real estate heavy,1.062468,0.11215,0.04213825,0.023602001017638447,False,False
11810,community (under 1bn),diversified,0.323308,0.029616,0.007862605,0.012481799120553581,False,False
11817,community (under 1bn),diversified,0.051968,0.008443,0.000728125,0.0005301609179383289,False,False
11821,community (under 1bn),diversified,0.412555,0.042044,0.0127287,0.019503806235457055,False,False
11823,community (under 1bn),diversified,0.287061,0.028844,0.00539276,0.005509832556668498,False,False
1184,community (under 1bn),mortgage portfolio lender,0.583769,0.05854,0.014323075000000001,0.0027447465543107927,False,False
11860,community (under 1bn),diversified,0.95378,0.089572,0.022006984999999996,0.0055412031192609915,False,False
11862,community (under 1bn),diversified,0.188597,0.017193,0.0026674249999999997,0.0030899579829981785,False,False
11868,midsize (1 to 10bn),diversified,2.971307,0.270282,0.08580054000000001,0.09628721879356048,False,False
11891,community (under 1bn),diversified,0.049651,0.010221,0.00013296,0.00026155221042010654,False,False
11904,community (under 1bn),diversified,0.185121,0.028849,0.00211277,0.001446019371325599,False,False
11905,community (under 1bn),diversified,0.190617,0.022619,0.004043035,0.0014110708683308755,False,False
11907,community (under 1bn),diversified,0.338049,0.048532,0.00753692,0.0016503767901791038,False,False
11916,community (under 1bn),C and I heavy,0.138805,0.024266,0.00316469,0.0003927774270718994,False,False
11922,community (under 1bn),commercial real estate heavy,0.353628,0.031998,0.012342005,0.004226782549533974,False,False
11932,community (under 1bn),mortgage portfolio lender,0.183062,0.014052,0.0022958100000000006,0.00040774156880616204,False,False
11934,community (under 1bn),commercial real estate heavy,0.647363,0.070514,0.024424460000000002,0.003919046069664386,False,False
11935,midsize (1 to 10bn),commercial real estate heavy,1.309968,0.14545,0.02696237,0.017229258022301814,False,False
11952,community (under 1bn),mortgage portfolio lender,0.666227,0.051545,0.019954769999999997,0.030132543602563483,False,True
11953,community (under 1bn),diversified,0.407139,0.043703,0.013062885000000002,0.01096135601219302,False,False
11971,midsize (1 to 10bn),diversified,4.734427,0.475616,0.15794201,0.07101557757201755,False,False
1198,community (under 1bn),diversified,0.29532,0.035506,0.00629712,0.002011393727448906,False,False
12010,regional (10 to 100bn),commercial real estate heavy,25.650552,2.597334,0.9714011950000001,0.5782081383043136,False,False
12013,midsize (1 to 10bn),mortgage portfolio lender,1.478885,0.130452,0.012369875,0.0023975808262302317,False,False
12079,community (under 1bn),diversified,0.221938,0.020306,0.005876209999999999,0.008984784264919048,False,False
12086,community (under 1bn),diversified,0.022956,0.003526,0.000243975,0.00014846391848746593,False,False
12087,community (under 1bn),diversified,0.206953,0.029514,0.004176335,0.0019139895373789443,False,False
12098,community (under 1bn),diversified,0.034697,0.003397,0.00057234,0.00027509612328945916,False,False
1209,midsize (1 to 10bn),diversified,1.685806,0.181154,0.052101855,0.01596880528455917,False,False
12107,community (under 1bn),diversified,0.066903,0.005917,0.00083911,0.0008106540381015749,False,False
12113,community (under 1bn),diversified,0.523623,0.062287,0.005732139999999999,0.0009072250078995915,False,False
12121,community (under 1bn),diversified,0.04902,0.00641,0.0005721649999999999,0.0012128645527573747,False,False
12128,community (under 1bn),diversified,0.151098,0.024521,0.00058187,7.233968533591393e-05,False,False
12135,community (under 1bn),diversified,0.115144,0.010823,0.002157615,0.001122419841205067,False,False
12136,community (under 1bn),diversified,0.123145,0.011769,0.0017228999999999999,0.0007837049106556549,False,False
12139,community (under 1bn),diversified,0.058444,0.00649,0.00051611,0.00038951919305566646,False,False
1213,midsize (1 to 10bn),mortgage portfolio lender,3.666532,0.363704,0.08874172,0.03184587620488373,False,False
12149,community (under 1bn),diversified,0.401968,0.046694,0.011691219999999999,0.0035627733839125476,False,False
12162,community (under 1bn),diversified,0.199052,0.025094,0.003084135,0.00319627895133795,False,False
12163,community (under 1bn),mortgage portfolio lender,0.305121,0.040533,0.007475055,0.001829714029554601,False,False
12166,community (under 1bn),diversified,0.560614,0.048897,0.017490589999999997,0.005326521481741784,False,False
1218,community (under 1bn),diversified,0.184007,0.02366,0.00455086,0.0012781076929063938,False,False
1219,community (under 1bn),diversified,0.659733,0.063578,0.012770005,0.01114322216451964,False,False
12201,community (under 1bn),diversified,0.340225,0.037917,0.007044605000000001,0.0024956452102026442,False,False
12203,midsize (1 to 10bn),commercial real estate heavy,1.348702,0.117682,0.030742400000000003,0.03061072827760268,False,False
12204,midsize (1 to 10bn),commercial real estate heavy,1.555742,0.138365,0.04204659,0.042229312417837554,False,False
12207,community (under 1bn),mortgage portfolio lender,0.142721,0.019366,0.0016858350000000001,0.0013660810942651965,False,False
12208,community (under 1bn),diversified,0.548017,0.054608,0.0164026,0.015674255173895486,False,False
12214,community (under 1bn),diversified,0.290149,0.030647,0.004377785,0.004005750647900879,False,False
12219,community (under 1bn),mortgage portfolio lender,0.535197,0.085057,0.01540314,0.003836229311343619,False,False
12220,community (under 1bn),diversified,0.133652,0.011058,0.003061515,0.0006147688435500958,False,False
12223,community (under 1bn),diversified,0.511521,0.052261,0.013440909999999999,0.00818264290164278,False,False
12225,community (under 1bn),mortgage portfolio lender,0.051214,0.003957,0.000632475,0.00019741733261799505,False,False
12226,community (under 1bn),diversified,0.147706,0.012255,0.00303482,0.004824031409777595,False,False
12229,midsize (1 to 10bn),diversified,6.654998,0.650959,0.17047544,0.33066008155605864,False,False
12230,community (under 1bn),mortgage portfolio lender,0.248703,0.027997,0.0062039849999999995,0.0014254488827937291,False,False
12232,community (under 1bn),diversified,0.159026,0.019183,0.0021685000000000003,0.0026651891689408206,False,False
12241,community (under 1bn),diversified,0.662263,0.086363,0.00930514,0.0016484457997966123,False,False
12244,community (under 1bn),diversified,0.19951,0.023426,0.0020828699999999997,0.0012210418004309563,False,False
12246,community (under 1bn),diversified,0.056468,0.008786,0.00088905,0.0006540488219184909,False,False
12248,community (under 1bn),diversified,0.37141,0.038134,0.00814055,0.00396036650856962,False,False
12258,community (under 1bn),commercial real estate heavy,0.482915,0.051084,0.012467485,0.010487269606603167,False,False
12259,community (under 1bn),C and I heavy,0.738343,0.069615,0.009139485,0.0021482308994715295,False,False
1225,regional (10 to 100bn),commercial real estate heavy,11.770092,1.643163,0.321168785,0.10831483664571973,False,False
12266,community (under 1bn),commercial real estate heavy,0.475992,0.073761,0.013229630000000001,0.008325270371694726,False,False
12283,community (under 1bn),diversified,0.139602,0.016711,0.0012577200000000001,0.0002349946630967827,False,False
12284,community (under 1bn),diversified,0.020539,0.002329,6.758e-05,1.3020712919464834e-05,False,False
12285,community (under 1bn),diversified,0.595206,0.060755,0.01728726,0.008582562541091073,False,False
12298,community (under 1bn),diversified,0.108631,0.018908,0.002713035,0.0004079565008306724,False,False
12299,midsize (1 to 10bn),diversified,1.369693,0.179029,0.031481249999999995,0.017294582573374566,False,False
12303,community (under 1bn),commercial real estate heavy,0.511354,0.06419,0.0173721,0.006147472787738674,False,False
12305,community (under 1bn),diversified,0.326463,0.047544,0.0006452750000000001,9.537561904190273e-05,False,False
12315,community (under 1bn),diversified,0.154599,0.026164,0.0015138250000000001,0.00027027317450505203,False,False
12322,community (under 1bn),diversified,0.735805,0.064311,0.011097055000000002,0.0036370839846050175,False,False
12325,community (under 1bn),diversified,0.146145,0.015958,0.0026156700000000005,0.0013557176936475953,False,False
12327,community (under 1bn),commercial real estate heavy,0.426704,0.061656,0.01178359,0.007879046438082273,False,False
12331,community (under 1bn),commercial real estate heavy,0.516519,0.065797,0.020175295,0.03949068131917091,False,False
12349,community (under 1bn),mortgage portfolio lender,0.226865,0.020013,0.0054627799999999995,0.0013092948760732909,False,False
12354,community (under 1bn),mortgage portfolio lender,0.080319,0.01204,0.00166045,0.0010748984980985792,False,False
12365,community (under 1bn),diversified,0.421226,0.042022,0.00706134,0.0024723927020392808,False,False
12368,large (100 to 700bn),diversified,159.787,14.747,3.2827350000000006,6.915799653425802,False,False
12372,community (under 1bn),diversified,0.1545,0.020415,0.00226907,0.000450165717619252,False,False
1237,community (under 1bn),diversified,0.355369,0.041293,0.007111405000000001,0.005288016688369854,False,False
12383,midsize (1 to 10bn),diversified,3.881264,0.307899,0.12220103499999999,0.03525568116414121,False,False
12384,community (under 1bn),diversified,0.190061,0.026392,0.00286284,0.0021030834647161444,False,False
12386,community (under 1bn),diversified,0.343382,0.035327,0.004006935,0.003355548816642402,False,False
12388,community (under 1bn),mortgage portfolio lender,0.09381,0.013386,0.000848085,0.0003509742360219885,False,False
12402,community (under 1bn),diversified,0.11274,0.013045,0.001645615,0.0004159837493514707,False,False
12410,community (under 1bn),commercial real estate heavy,0.183239,0.016997,0.0036539899999999993,0.0014860062314854944,False,False
12417,community (under 1bn),diversified,0.082752,0.007642,0.00105589,0.0005032329303038445,False,False
12422,community (under 1bn),diversified,0.055102,0.0085,0.00041826999999999994,0.0009661592237920808,False,False
12425,community (under 1bn),diversified,0.02337,0.003057,0.00049393,0.0003767600911901719,False,False
12432,community (under 1bn),mortgage portfolio lender,0.025152,0.005004,0.00044946,0.00019698374351154716,False,False
12437,regional (10 to 100bn),commercial real estate heavy,26.986725,2.714095,0.8788909450000001,0.45072600742315416,False,False
12441,regional (10 to 100bn),diversified,36.329257,3.729951,0.9885752299999999,1.3638063580228457,False,False
12444,community (under 1bn),mortgage portfolio lender,0.081715,0.008077,0.00159302,0.0009759347203820085,False,False
12457,community (under 1bn),diversified,0.106705,0.015216,0.001141545,0.0015261834530486242,False,False
12484,midsize (1 to 10bn),commercial real estate heavy,1.336144,0.116899,0.054642415,0.01610050065704567,False,False
12485,community (under 1bn),diversified,0.313182,0.044788,0.00721359,0.0018428002638464862,False,False
12493,community (under 1bn),commercial real estate heavy,0.34241,0.043535,0.012406300000000002,0.0017478950544373355,False,False
12511,community (under 1bn),diversified,0.265973,0.023758,0.004985575,0.0011220666233080529,False,False
12512,community (under 1bn),diversified,0.097627,0.011348,0.00255647,0.004270874133460316,False,False
12513,community (under 1bn),diversified,0.294177,0.042851,0.006333515,0.004537480374166027,False,False
12514,midsize (1 to 10bn),diversified,1.075557,0.097151,0.03291282,0.08993035062413285,False,True
12517,midsize (1 to 10bn),commercial real estate heavy,2.532644,0.254595,0.10227987000000002,0.08418097167731234,False,False
12531,community (under 1bn),mortgage portfolio lender,0.195878,0.02652,0.006304899999999999,0.004959361901347357,False,False
12549,community (under 1bn),mortgage portfolio lender,0.099531,0.00948,0.0016715749999999998,0.004431569452328017,False,False
12585,community (under 1bn),diversified,0.03084,0.003197,0.00056131,0.00021676450350875757,False,False
12591,midsize (1 to 10bn),diversified,1.093243,0.104668,0.010401495,0.002253045410618108,False,False
12592,community (under 1bn),diversified,0.449139,0.046887,0.009849845,0.00395447287392205,False,False
12594,community (under 1bn),commercial real estate heavy,0.815168,0.085334,0.02883707,0.016826750244495585,False,False
12602,community (under 1bn),diversified,0.221919,0.057975,0.002934495,0.0019954461915401536,False,False
12608,community (under 1bn),diversified,0.382039,0.043064,0.009572714999999999,0.0015147217639377734,False,False
12609,community (under 1bn),mortgage portfolio lender,0.330711,0.029553,0.00656242,0.0028355946390640693,False,False
12611,midsize (1 to 10bn),diversified,1.113786,0.159977,0.03773592,0.024478627813618616,False,False
12614,regional (10 to 100bn),diversified,10.177963,1.122647,0.31870575,0.20652380111118063,False,False
12616,community (under 1bn),diversified,0.63554,0.116423,0.01768817,0.010877912867922357,False,False
12627,midsize (1 to 10bn),diversified,1.148041,0.143362,0.047289630000000006,0.014807646251389637,False,False
12633,regional (10 to 100bn),diversified,20.307848,1.598904,0.496893645,0.12188744437318683,False,False
1265,midsize (1 to 10bn),diversified,2.316834,0.289363,0.047103165,0.025224949346425683,False,False
12661,community (under 1bn),diversified,0.158725,0.015243,0.003474815,0.000507043409798901,False,False
12694,community (under 1bn),diversified,0.142628,0.01665,0.0012814099999999998,0.0015974723756782125,False,False
12706,community (under 1bn),commercial real estate heavy,0.295849,0.02744,0.008613605,0.0023558810660110866,False,False
12717,community (under 1bn),diversified,0.141073,0.014326,0.0027658599999999998,0.0009817573528280179,False,False
12722,community (under 1bn),diversified,0.092415,0.012277,0.00292781,0.0011479162427443126,False,False
12745,community (under 1bn),diversified,0.04846,0.005432,0.0008423650000000001,0.0012206794863647127,False,False
12757,community (under 1bn),diversified,0.100251,0.010777,0.0022364850000000003,0.0020262052905836107,False,False
12758,community (under 1bn),diversified,0.057223,0.007706,0.00138125,0.0006199687169429551,False,False
12761,community (under 1bn),diversified,0.91529,0.091986,0.020684090000000002,0.008675032860125255,False,False
12769,midsize (1 to 10bn),diversified,2.409073,0.276108,0.05527187,0.007501580390825718,False,False
12788,community (under 1bn),commercial real estate heavy,0.569602,0.066502,0.014698455000000001,0.030214195664868743,False,False
12814,community (under 1bn),diversified,0.99296,0.115566,0.016813750000000002,0.006189078427271094,False,False
12815,community (under 1bn),diversified,0.77595,0.093435,0.02286775,0.030982735444027173,False,False
1281,regional (10 to 100bn),diversified,10.536386,1.03124,0.31309661,0.14774899138808187,False,False
12828,midsize (1 to 10bn),commercial real estate heavy,1.136158,0.112275,0.036801465,0.058948654729852425,False,False
12836,community (under 1bn),diversified,0.162294,0.027868,0.003105275,0.001276183997390221,False,False
12839,midsize (1 to 10bn),diversified,3.495725,0.355409,0.087961305,0.11299825209833192,False,False
12854,regional (10 to 100bn),diversified,10.411663,1.102562,0.29691685000000007,0.2894935903749609,False,False
12855,midsize (1 to 10bn),diversified,1.598373,0.177654,0.05387014,0.020446927711241864,False,False
12857,community (under 1bn),diversified,0.250581,0.02743,0.006918525,0.0013020469622069463,False,False
12858,community (under 1bn),diversified,0.617971,0.060403,0.020288725,0.00885768740063939,False,False
12865,community (under 1bn),diversified,0.05547,0.007567,0.0006505899999999999,0.0007479949568996857,False,False
12869,community (under 1bn),diversified,0.793954,0.071636,0.025263254999999995,0.010843821621869112,False,False
12874,midsize (1 to 10bn),diversified,1.158202,0.113991,0.040478015000000006,0.017975547484370837,False,False
12893,community (under 1bn),C and I heavy,0.08776,0.011318,0.002371285,0.0012446332346422887,False,False
12899,community (under 1bn),mortgage portfolio lender,0.094605,0.011318,0.0015618849999999998,0.0006174545812659771,False,False
1291,midsize (1 to 10bn),commercial real estate heavy,3.159678,0.314929,0.10918383000000001,0.07962532712593617,False,False
12944,midsize (1 to 10bn),commercial real estate heavy,2.792253,0.360301,0.09988768,0.03953991819886844,False,False
1294,community (under 1bn),diversified,0.843316,0.08353,0.024293324999999998,0.016128022615977997,False,False
12956,community (under 1bn),mortgage portfolio lender,0.1859,0.022085,0.0031484950000000003,0.002312072299135262,False,False
12959,community (under 1bn),diversified,0.384681,0.0424,0.00955669,0.003129698982984734,False,False
12969,midsize (1 to 10bn),diversified,1.44393,0.144306,0.036397475000000006,0.04021726841293207,False,False
1296,community (under 1bn),mortgage portfolio lender,0.288732,0.046253,0.00645054,0.0025265394968367397,False,False
12978,midsize (1 to 10bn),diversified,1.296076,0.138822,0.034155635000000004,0.007082920203673656,False,False
12980,community (under 1bn),mortgage portfolio lender,0.104463,0.011401,0.002349135,0.00032216461494449295,False,False
12982,midsize (1 to 10bn),diversified,4.286454,0.532282,0.14671974499999998,0.170827093729006,False,False
12985,community (under 1bn),diversified,0.465167,0.05537,0.014921440000000001,0.016346833329157564,False,False
1299,midsize (1 to 10bn),diversified,1.188644,0.156956,0.041999814999999996,0.028746729301887566,False,False
13000,community (under 1bn),commercial real estate heavy,0.456638,0.043128,0.01674175,0.0041822493082882715,False,False
13006,community (under 1bn),commercial real estate heavy,0.309414,0.03634,0.00538346,0.003859309437885737,False,False
13012,midsize (1 to 10bn),diversified,3.607625,0.355031,0.103459545,0.06350732797460028,False,False
13020,community (under 1bn),mortgage portfolio lender,0.391052,0.035276,0.011550719999999999,0.01215817869607249,False,False
13025,community (under 1bn),diversified,0.461179,0.051791,0.008318540000000001,0.006072383921953849,False,False
13030,community (under 1bn),diversified,0.156351,0.0127,0.0026941350000000003,0.003401591732242474,False,False
13032,community (under 1bn),commercial real estate heavy,0.34447,0.035533,0.010757375000000003,0.0015832585612368113,False,False
13033,community (under 1bn),mortgage portfolio lender,0.27949,0.032193,0.006653269999999999,0.004493050435957651,False,False
13054,community (under 1bn),mortgage portfolio lender,0.076465,0.010734,0.00105894,0.0014270600600155407,False,False
13055,midsize (1 to 10bn),commercial real estate heavy,1.167142,0.160897,0.036952415,0.03480380934709339,False,False
13058,community (under 1bn),commercial real estate heavy,0.781326,0.083094,0.02460897,0.00905887327645087,False,False
13063,midsize (1 to 10bn),commercial real estate heavy,2.172557,0.223682,0.08443011,0.02074435464365365,False,False
13068,community (under 1bn),diversified,0.445058,0.037448,0.00415701,0.0014049046657797915,False,False
13071,community (under 1bn),diversified,0.747729,0.092946,0.014759574999999997,0.0036530063789739498,False,False
13083,community (under 1bn),diversified,0.792662,0.071046,0.023884555,0.00466437979647246,False,False
13102,midsize (1 to 10bn),diversified,7.237115,0.870825,0.23973683500000004,0.13382199032533965,False,False
13107,community (under 1bn),diversified,0.908766,0.095072,0.025221615,0.015866291090312075,False,False
13109,midsize (1 to 10bn),diversified,1.109838,0.093189,0.037945685,0.007555712408200235,False,False
13111,community (under 1bn),diversified,0.247428,0.024065,0.0065046999999999995,0.004103130921377753,False,False
13112,community (under 1bn),diversified,0.388533,0.034084,0.01131799,0.004286288749895952,False,False
13113,community (under 1bn),mortgage portfolio lender,0.240625,0.031692,0.006123409999999999,0.001696257479775116,False,False
13130,community (under 1bn),mortgage portfolio lender,0.543777,0.048011,0.011753065,0.009655758254540821,False,False
13167,community (under 1bn),diversified,0.178191,0.022974,0.005151190000000001,0.001046661792155836,False,False
13179,community (under 1bn),commercial real estate heavy,0.413562,0.040984,0.016469680000000004,0.0186485364165765,False,False
13195,community (under 1bn),diversified,0.257424,0.023293,0.00440199,0.008517966857027938,False,False
13196,community (under 1bn),diversified,0.06993,0.00979,0.00021014500000000001,0.00011245560419369206,False,False
13198,midsize (1 to 10bn),diversified,1.853302,0.174813,0.047322579999999996,0.03418487211319851,False,False
131,regional (10 to 100bn),commercial real estate heavy,21.335888,1.9744,0.57401532,0.5708490533269512,False,False
13209,community (under 1bn),diversified,0.285842,0.036166,0.007803375,0.0062649311166318895,False,False
13216,community (under 1bn),mortgage portfolio lender,0.520058,0.049926,0.015295945,0.01509315503751571,False,False
13220,community (under 1bn),diversified,0.859237,0.103607,0.015433395,0.002819713708129744,False,False
13242,community (under 1bn),diversified,0.24559,0.027359,0.009787765,0.004578177056812477,False,False
13249,community (under 1bn),diversified,0.17821,0.017312,0.00393259,0.004411040993771289,False,False
13251,community (under 1bn),diversified,0.089156,0.021828,0.00067638,0.00031279231736855255,False,False
13255,midsize (1 to 10bn),diversified,1.237744,0.118166,0.022725885,0.006298696761241046,False,False
13264,community (under 1bn),diversified,0.723372,0.069549,0.02471414,0.01984720309420952,False,False
13274,community (under 1bn),commercial real estate heavy,0.203181,0.026724,0.006026155000000001,0.004606349800465334,False,False
13297,midsize (1 to 10bn),diversified,1.197828,0.114706,0.03196594,0.007480162263659876,False,False
13303,community (under 1bn),diversified,0.332323,0.066192,0.00298385,0.001538206170152239,False,False
13305,community (under 1bn),diversified,0.798096,0.073062,0.02263405,0.010262630461369293,False,False
1331,midsize (1 to 10bn),diversified,5.834435,0.671521,0.123735435,0.030399830193421535,False,False
13339,midsize (1 to 10bn),diversified,1.612519,0.160961,0.048492425,0.05536941957944001,False,False
13341,midsize (1 to 10bn),commercial real estate heavy,1.414784,0.138642,0.04556225,0.022624897226996576,False,False
13366,community (under 1bn),diversified,0.428732,0.046158,0.013116169999999998,0.004971910729328365,False,False
13381,community (under 1bn),diversified,0.164128,0.018106,0.0013225799999999998,0.00018300502247284666,False,False
13382,community (under 1bn),diversified,0.139772,0.012255,0.0007891049999999999,0.0006790527181547473,False,False
13397,midsize (1 to 10bn),C and I heavy,1.508615,0.391604,0.0067282850000000005,0.006875454936431748,False,False
13407,community (under 1bn),diversified,0.391479,0.055867,0.009104225,0.008855584349842786,False,False
13415,community (under 1bn),diversified,0.080311,0.010655,0.0006427049999999999,0.0002483150253297287,False,False
13416,community (under 1bn),diversified,0.066687,0.007021,0.00099481,0.00025493818212393016,False,False
13421,midsize (1 to 10bn),diversified,9.238781,0.986354,0.299759775,0.2040102760356085,False,False
13430,community (under 1bn),diversified,0.206645,0.020058,0.00428943,0.0024363352062288244,False,False
13450,community (under 1bn),diversified,0.099703,0.01043,0.000729555,0.0011791301877082795,False,False
13454,community (under 1bn),diversified,0.816093,0.084772,0.014802180000000002,0.006469445628702576,False,False
13551,community (under 1bn),diversified,0.089596,0.00984,0.00176496,0.0009385394018161204,False,False
13561,community (under 1bn),mortgage portfolio lender,0.41559,0.031965,0.008758365,0.0027349662459801205,False,False
13565,community (under 1bn),diversified,0.84118,0.083716,0.028339075000000005,0.014673101982960396,False,False
13582,community (under 1bn),mortgage portfolio lender,0.037724,0.003144,0.000512485,0.0004139188774963898,False,False
13599,community (under 1bn),commercial real estate heavy,0.415881,0.038341,0.014072365000000002,0.0022525271165946326,False,False
13600,community (under 1bn),diversified,0.137289,0.017347,0.00183988,0.0005961101495065215,False,False
13611,community (under 1bn),diversified,0.039676,0.00401,0.00036322000000000004,0.00012104530518037051,False,False
13616,community (under 1bn),diversified,0.138023,0.034434,0.0005997699999999999,0.0017689700328205114,False,False
13622,midsize (1 to 10bn),diversified,1.231229,0.130342,0.02742014,0.032567890387109784,False,False
13632,community (under 1bn),diversified,0.665372,0.071046,0.019622040000000004,0.00575165762731503,False,False
13652,community (under 1bn),diversified,0.38028,0.038049,0.006249475,0.003445183751592961,False,False
13656,community (under 1bn),diversified,0.290042,0.024101,0.004312720000000001,0.0017881227243761871,False,False
1365,midsize (1 to 10bn),diversified,1.591618,0.146274,0.036731655,0.008830292377003402,False,False
13662,community (under 1bn),diversified,0.232861,0.021888,0.001227405,0.0003364648554469634,False,False
13692,community (under 1bn),diversified,0.175606,0.016514,0.003149385,0.0009431208661894661,False,False
13696,community (under 1bn),diversified,0.036596,0.003524,0.00037586,5.097423504299974e-05,False,False
13703,community (under 1bn),diversified,0.641498,0.083975,0.015766050000000004,0.003334763831375631,False,False
13712,community (under 1bn),diversified,0.384129,0.042729,0.004636365,0.005083275496592443,False,False
13715,community (under 1bn),diversified,0.088352,0.010724,0.001500665,0.00038835256670357926,False,False
13718,midsize (1 to 10bn),diversified,1.330192,1.272322,0.0,0.0,False,False
13729,community (under 1bn),diversified,0.017319,0.002523,0.00018313999999999998,2.423175206584852e-05,False,False
13735,community (under 1bn),diversified,0.30482,0.040823,0.0034740400000000003,0.0006533280461960392,False,False
13736,community (under 1bn),diversified,0.108381,0.017216,0.00119462,0.0012264975543087374,False,False
13737,community (under 1bn),diversified,0.208229,0.0223,0.0037816699999999996,0.0030798304251750354,False,False
1373,midsize (1 to 10bn),commercial real estate heavy,1.609147,0.165723,0.05089090499999999,0.0114944441248205,False,False
13748,community (under 1bn),diversified,0.294807,0.02962,0.01002977,0.016207828472851418,False,False
1374,community (under 1bn),diversified,0.081481,0.009001,0.0014214350000000002,0.00020888332118681265,False,False
13753,community (under 1bn),diversified,0.225489,0.032273,0.004303530000000001,0.004773368438207977,False,False
1376,community (under 1bn),commercial real estate heavy,0.480828,0.056025,0.016962375000000002,0.007064404440423286,False,False
13774,community (under 1bn),diversified,0.05075,0.007936,0.000275575,4.531968306152548e-05,False,False
13775,community (under 1bn),diversified,0.232571,0.029381,0.005997145000000001,0.005693464868118711,False,False
13784,community (under 1bn),mortgage portfolio lender,0.19351,0.017979,0.0031834400000000005,0.0007673372496882293,False,False
13788,community (under 1bn),diversified,0.129992,0.015474,0.0037999549999999994,0.006947727556081209,False,False
13794,community (under 1bn),diversified,0.118708,0.013517,0.0006705900000000001,0.0005015980681089512,False,False
13798,community (under 1bn),diversified,0.104413,0.018197,0.001063725,0.0005848983554588783,False,False
13801,community (under 1bn),diversified,0.306072,0.027645,0.006941795,0.0009708873204017653,False,False
13802,community (under 1bn),diversified,0.1376,0.012904,0.0032595199999999997,0.0013145914496067842,False,False
13809,community (under 1bn),diversified,0.204003,0.021077,0.0068677750000000004,0.0024510866531644365,False,False
1380,community (under 1bn),diversified,0.180398,0.021209,0.00510224,0.0020975779969483973,False,False
13813,community (under 1bn),mortgage portfolio lender,0.138388,0.016368,0.0025351650000000002,0.00048265722814188206,False,False
13816,community (under 1bn),diversified,0.166052,0.024815,0.00210022,0.0003932738379301753,False,False
13819,community (under 1bn),diversified,0.264422,0.025241,0.007699560000000001,0.0059110791060508795,False,False
13821,community (under 1bn),diversified,0.593483,0.059952,0.01388806,0.010963340236137376,False,False
13832,community (under 1bn),mortgage portfolio lender,0.046964,0.007438,0.00098994,0.0006540348994223887,False,False
13843,community (under 1bn),diversified,0.419374,0.051166,0.00909516,0.006680922977982896,False,False
13868,midsize (1 to 10bn),diversified,1.134968,0.102475,0.02343317,0.01659911292413441,False,False
13876,midsize (1 to 10bn),diversified,8.414627,0.852188,0.27554608500000005,0.11540735681910938,False,False
13883,community (under 1bn),diversified,0.180482,0.017723,0.0027702599999999996,0.0010987651045802124,False,False
13887,community (under 1bn),diversified,0.307637,0.035183,0.005238645,0.003074717307302452,False,False
13892,community (under 1bn),diversified,0.382766,0.031201,0.00427755,0.0015449517960596428,False,False
13897,community (under 1bn),mortgage portfolio lender,0.385413,0.03553,0.009568959999999998,0.002554597326635507,False,False
13902,community (under 1bn),C and I heavy,0.020369,0.003095,0.00019602,0.00011694428573110995,False,False
13905,community (under 1bn),diversified,0.225353,0.026079,0.00583803,0.007170505334734015,False,False
13919,community (under 1bn),commercial real estate heavy,0.578803,0.071373,0.014719685,0.004177271043765985,False,False
1391,community (under 1bn),diversified,0.056697,0.005886,0.00047372,0.0003876838869207916,False,False
13926,community (under 1bn),diversified,0.036584,0.008088,0.00019078,3.287034125479631e-05,False,False
13931,community (under 1bn),diversified,0.040617,0.005584,0.00012102,9.630704660129168e-05,False,False
13946,community (under 1bn),diversified,0.255151,0.030012,0.00344078,0.003973376101734897,False,False
13947,community (under 1bn),diversified,0.340264,0.042748,0.00482874,0.0015852257038447392,False,False
13951,community (under 1bn),commercial real estate heavy,0.852855,0.089572,0.012774055,0.0034139788885591215,False,False
13953,midsize (1 to 10bn),diversified,1.257038,0.149609,0.017471785,0.0066033071465800485,False,False
13955,community (under 1bn),mortgage portfolio lender,0.217915,0.031735,0.00348513,0.0014400351941152535,False,False
13959,community (under 1bn),diversified,0.080511,0.025212,0.00062265,0.0001618964936490718,False,False
13960,community (under 1bn),commercial real estate heavy,0.067358,0.009309,0.00249115,0.007970829901236237,False,True
13962,community (under 1bn),diversified,0.150982,0.013989,0.0016206750000000002,0.0004388623122991891,False,False
13983,community (under 1bn),diversified,0.118351,0.013171,0.00196637,0.0006386563912767572,False,False
13986,community (under 1bn),commercial real estate heavy,0.006475,0.001076,0.00012325499999999998,3.296473825510733e-05,False,False
13990,community (under 1bn),mortgage portfolio lender,0.049179,0.005956,0.000518485,0.0002654082657291742,False,False
13999,community (under 1bn),diversified,0.036044,0.004328,0.00022739500000000003,3.6042855528719054e-05,False,False
1399,midsize (1 to 10bn),diversified,3.6569,0.359622,0.09294013,0.06290094442023443,False,False
14009,community (under 1bn),commercial real estate heavy,0.416526,0.053118,0.011913895,0.0032414223868332368,False,False
14017,midsize (1 to 10bn),diversified,1.193543,0.105535,0.040365769999999995,0.022425968474662474,False,False
14024,community (under 1bn),diversified,0.065019,0.004073,0.0011870300000000002,0.00021161776497018463,False,False
14025,community (under 1bn),diversified,0.516611,0.050498,0.01679769,0.004634145992613704,False,False
14026,community (under 1bn),diversified,0.086922,0.014414,0.000718865,0.00011760072915834269,False,False
14028,midsize (1 to 10bn),commercial real estate heavy,3.892365,0.276839,0.07260934000000001,0.0761277183363928,False,False
14029,community (under 1bn),commercial real estate heavy,0.885016,0.099037,0.03354198,0.04117958927193425,False,False
1402,midsize (1 to 10bn),diversified,1.43618,0.14074,0.03382082,0.02378547314593388,False,False
14036,community (under 1bn),diversified,0.461453,0.060985,0.012205029999999999,0.004683039707119834,False,False
14056,community (under 1bn),diversified,0.343474,0.04453,0.010214775,0.0033107849936356262,False,False
14058,community (under 1bn),diversified,0.392018,0.04236,0.007477895,0.001359993855304443,False,False
14065,midsize (1 to 10bn),commercial real estate heavy,3.985347,0.386106,0.12223557500000001,0.35239736922185,False,True
14069,community (under 1bn),diversified,0.060976,0.01218,0.00027881,0.0006393590274741004,False,False
14073,midsize (1 to 10bn),diversified,1.364594,0.125217,0.04734679,0.01640460523111073,False,False
14079,community (under 1bn),diversified,0.621332,0.0745,0.01042229,0.00621617947425845,False,False
14083,community (under 1bn),commercial real estate heavy,0.12585,0.012627,0.004218324999999999,0.0007745039521934547,False,False
14095,community (under 1bn),diversified,0.079369,0.008096,0.00098712,0.00043364151110631685,False,False
14096,community (under 1bn),diversified,0.058272,0.006154,0.001036715,0.00041256697693560783,False,False
1409,community (under 1bn),diversified,0.446697,0.044482,0.009203,0.005245830908493268,False,False
14113,community (under 1bn),diversified,0.506621,0.053734,0.011919405000000001,0.005999284338314929,False,False
14134,community (under 1bn),mortgage portfolio lender,0.934455,0.121151,0.023146734999999998,0.013520200699890475,False,False
14136,community (under 1bn),mortgage portfolio lender,0.266865,0.028798,0.006654290000000001,0.0031336795582284672,False,False
1413,community (under 1bn),diversified,0.158134,0.015222,0.00219781,0.0003720480096351172,False,False
14140,midsize (1 to 10bn),mortgage portfolio lender,1.576574,0.172481,0.045504625,0.006640468931743524,False,False
14158,midsize (1 to 10bn),diversified,1.558133,0.130847,0.046944414999999996,0.011613605289056098,False,False
1415,community (under 1bn),commercial real estate heavy,0.140608,0.015924,0.0033912300000000003,0.002198749530544596,False,False
14168,community (under 1bn),diversified,0.395438,0.046053,0.010662445,0.004459025350598124,False,False
14178,community (under 1bn),diversified,0.098168,0.014369,0.001491995,0.00017462397757193152,False,False
1417,community (under 1bn),diversified,0.331007,0.037051,0.0054554749999999996,0.0047014771088808366,False,False
14184,community (under 1bn),commercial real estate heavy,0.364235,0.034731,0.010359215000000001,0.013560801862901154,False,False
14185,community (under 1bn),diversified,0.658983,0.082533,0.01414182,0.008473045404279225,False,False
1418,community (under 1bn),commercial real estate heavy,0.246469,0.021443,0.007747515,0.014689178087619754,False,True
14195,community (under 1bn),diversified,0.42269,0.041192,0.00352175,0.0006823641540037834,False,False
14207,midsize (1 to 10bn),diversified,1.712237,0.158517,0.047982595,0.043628486730321964,False,False
14208,community (under 1bn),diversified,0.193714,0.025317,0.00231104,0.0008737685785435972,False,False
14209,midsize (1 to 10bn),commercial real estate heavy,1.118564,0.161814,0.036910575,0.00845078412106566,False,False
14222,midsize (1 to 10bn),diversified,1.040797,0.100566,0.02530395,0.03037305617823666,False,False
14225,community (under 1bn),mortgage portfolio lender,0.185555,0.019081,0.00410448,0.001414044410743246,False,False
14230,community (under 1bn),diversified,0.253216,0.02214,0.00804653,0.004934608337300594,False,False
14247,community (under 1bn),diversified,0.228389,0.033709,0.0019124800000000003,0.0004184008817241827,False,False
14260,community (under 1bn),diversified,0.070312,0.014042,0.0008412399999999999,0.00013527532609692447,False,False
14264,midsize (1 to 10bn),commercial real estate heavy,1.049484,0.105647,0.040408454999999996,0.007485429902858505,False,False
14266,midsize (1 to 10bn),diversified,2.233301,0.204736,0.07346576500000002,0.049271074515051756,False,False
14269,community (under 1bn),diversified,0.442401,0.042552,0.006128335,0.0067499555123742535,False,False
1426,community (under 1bn),diversified,0.854141,0.108465,0.02237092,0.01701801188211732,False,False
14275,community (under 1bn),diversified,0.215432,0.023614,0.0017406599999999998,0.00021457068040883252,False,False
14276,community (under 1bn),diversified,0.629487,0.079109,0.020495345,0.010595043915821459,False,False
1427,community (under 1bn),mortgage portfolio lender,0.097241,0.013044,0.0026526899999999996,0.0014042483895815167,False,False
14281,community (under 1bn),diversified,0.077373,0.011082,0.0008574549999999999,0.00025867847611383085,False,False
14291,community (under 1bn),diversified,0.217421,0.01847,0.005446805,0.007320558538595413,False,False
14293,community (under 1bn),diversified,0.107251,0.013797,0.001258575,0.001327058371789263,False,False
14311,community (under 1bn),diversified,0.241104,0.028486,0.00154287,0.0002713477083012788,False,False
14312,community (under 1bn),diversified,0.551656,0.05886,0.007919895,0.001274371520537348,False,False
14316,community (under 1bn),diversified,0.127456,0.017289,0.0032287749999999997,0.000859610812571008,False,False
14327,community (under 1bn),diversified,0.57426,0.077718,0.019858075000000003,0.10336777703020979,False,True
14331,community (under 1bn),diversified,0.684342,0.07277,0.014296805,0.006434887208123857,False,False
14333,community (under 1bn),mortgage portfolio lender,0.357463,0.056762,0.00623307,0.0009362278725152905,False,False
14334,community (under 1bn),commercial real estate heavy,0.577546,0.056185,0.02249905,0.013885415206508461,False,False
14344,community (under 1bn),diversified,0.042802,0.005206,0.00048819999999999994,0.0002395322281437908,False,False
14349,community (under 1bn),mortgage portfolio lender,0.147015,0.014071,0.002425045,0.0003909624360547702,False,False
1434,community (under 1bn),diversified,0.228874,0.032712,0.001723005,0.0002266743670871111,False,False
14352,community (under 1bn),diversified,0.155836,0.015935,0.002046865,0.0014875135548022118,False,False
14355,community (under 1bn),diversified,0.389928,0.048475,0.00936637,0.002291723628020693,False,False
1435,midsize (1 to 10bn),diversified,1.575285,0.181436,0.03953387,0.015054698294348745,False,False
14382,midsize (1 to 10bn),diversified,2.603348,0.228994,0.04159601,0.042236941187474786,False,False
1438,community (under 1bn),diversified,0.118534,0.018184,0.0016208199999999998,0.0008309007516423257,False,False
14392,community (under 1bn),diversified,0.191554,0.044768,0.00287642,0.0008455710725499546,False,False
14399,community (under 1bn),diversified,0.072625,0.010152,0.000749865,0.00021329787179928786,False,False
1439,community (under 1bn),diversified,0.132031,0.02655,0.003029345,0.0005931059839755555,False,False
14400,community (under 1bn),mortgage portfolio lender,0.029258,0.003879,0.00040238499999999995,5.6490500165388655e-05,False,False
14410,community (under 1bn),diversified,0.787947,0.075235,0.021033754999999998,0.0027946023168873633,False,False
14413,community (under 1bn),diversified,0.352064,0.027685,0.005579665,0.003691610627952954,False,False
14415,community (under 1bn),diversified,0.187655,0.026797,0.0031297649999999996,0.000564943510130042,False,False
14420,community (under 1bn),diversified,0.270262,0.028893,0.0033262300000000003,0.004757132531382467,False,False
14427,community (under 1bn),diversified,0.419041,0.042455,0.01018131,0.0022294296558207755,False,False
14445,community (under 1bn),diversified,0.872148,0.086769,0.025731555,0.022382867008410478,False,False
14488,community (under 1bn),commercial real estate heavy,0.357447,0.047836,0.014053060000000001,0.014576522455880462,False,False
14491,community (under 1bn),mortgage portfolio lender,0.222803,0.02905,0.004455185,0.003759965870168533,False,False
14492,community (under 1bn),diversified,0.733311,0.070305,0.017221115000000002,0.005802941428753084,False,False
14507,community (under 1bn),mortgage portfolio lender,0.805671,0.076577,0.023613735,0.007390481676284865,False,False
14513,community (under 1bn),diversified,0.673292,0.063565,0.01269472,0.015672261383925936,False,False
14521,midsize (1 to 10bn),diversified,2.348695,0.216874,0.06067009500000001,0.04722899304627163,False,False
14522,community (under 1bn),diversified,0.326082,0.037209,0.003543755,0.0016024815023355271,False,False
14523,community (under 1bn),diversified,0.161306,0.015563,0.003117445,0.001453165931750617,False,False
14531,regional (10 to 100bn),diversified,10.380511,1.088385,0.289680345,0.26054529062398674,False,False
14546,community (under 1bn),diversified,0.453114,0.06107,0.010169874999999998,0.0015277741297767891,False,False
14556,community (under 1bn),diversified,0.105044,0.012228,0.00159281,0.0029747237042563103,False,False
14560,community (under 1bn),diversified,0.117627,0.014579,0.0025045300000000005,0.0019722169476098493,False,False
14567,community (under 1bn),diversified,0.469292,0.051828,0.005715930000000001,0.007135889800910405,False,False
14574,community (under 1bn),mortgage portfolio lender,0.082424,0.006779,0.00136931,0.0005657754716744139,False,False
14578,midsize (1 to 10bn),mortgage portfolio lender,1.314941,0.139205,0.027491614999999997,0.013924999504902079,False,False
14581,community (under 1bn),diversified,0.081405,0.008936,0.000407495,8.051793992140919e-05,False,False
14584,community (under 1bn),mortgage portfolio lender,0.250518,0.027719,0.0046437499999999994,0.001805955165337068,False,False
14587,midsize (1 to 10bn),mortgage portfolio lender,1.242309,0.11876,0.035579415,0.019231511257012973,False,False
14597,community (under 1bn),diversified,0.710191,0.080592,0.016762145,0.005792749735232844,False,False
14604,community (under 1bn),diversified,0.25972,0.02122,0.004823255000000001,0.0012334198150695918,False,False
14619,community (under 1bn),mortgage portfolio lender,0.187172,0.017358,0.003550505,0.0006335417420466144,False,False
14633,community (under 1bn),diversified,0.61359,0.062674,0.014010460000000002,0.012378409130461468,False,False
14642,community (under 1bn),mortgage portfolio lender,0.284164,0.03556,0.0041045299999999995,0.0013945234070302922,False,False
14644,community (under 1bn),commercial real estate heavy,0.728383,0.069064,0.01782918,0.00988309618721158,False,False
14646,community (under 1bn),commercial real estate heavy,0.889115,0.093593,0.021473975,0.013440033410746599,False,False
14649,community (under 1bn),diversified,0.138336,0.01559,0.0017218849999999998,0.0006527205550269795,False,False
1464,community (under 1bn),mortgage portfolio lender,0.261621,0.023088,0.00700352,0.005175912856680562,False,False
14650,midsize (1 to 10bn),diversified,4.794969,0.630126,0.138025585,0.027068105353913484,False,False
14660,community (under 1bn),commercial real estate heavy,0.744547,0.106006,0.016233915,0.010360267101719531,False,False
14662,community (under 1bn),diversified,0.64022,0.062247,0.01754081,0.010858195100548737,False,False
14674,community (under 1bn),diversified,0.324517,0.034169,0.002690105,0.0027354480111135256,False,False
14679,community (under 1bn),commercial real estate heavy,0.774247,0.11964,0.019602434999999998,0.01734842403849316,False,False
1468,community (under 1bn),diversified,0.299054,0.031162,0.00445983,0.0009210604116982615,False,False
14692,community (under 1bn),diversified,0.52964,0.0417,0.011132715,0.008874377533598803,False,False
14694,community (under 1bn),diversified,0.126253,0.011319,0.003121305,0.0006508167057234553,False,False
14695,community (under 1bn),diversified,0.417292,0.038963,0.004282175,0.0058072665472464835,False,False
14701,community (under 1bn),diversified,0.116622,0.016772,0.001706065,0.0004020317346549448,False,False
14705,community (under 1bn),diversified,0.27734,0.025807,0.005938924999999999,0.0007885999181385327,False,False
14712,midsize (1 to 10bn),diversified,2.032246,0.436746,0.08671667000000001,0.221567088433822,False,False
14722,community (under 1bn),commercial real estate heavy,0.396664,0.033741,0.013856715,0.03220034232776711,False,True
14730,community (under 1bn),diversified,0.436363,0.047371,0.00446211,0.0032512034723153355,False,False
14731,community (under 1bn),diversified,0.133703,0.015586,0.00271552,0.003661486089316603,False,False
14735,community (under 1bn),diversified,0.505974,0.040203,0.00830621,0.0021237438120402935,False,False
14744,community (under 1bn),diversified,0.236688,0.024092,0.007578494999999999,0.0022927502189388905,False,False
1475,community (under 1bn),diversified,0.168551,0.025182,0.0049413849999999995,0.0011440272520551182,False,False
14761,community (under 1bn),diversified,0.318994,0.032812,0.006757805,0.0008659076124229709,False,False
14769,community (under 1bn),diversified,0.835042,0.092112,0.032847060000000004,0.055186664369979765,False,False
14772,community (under 1bn),mortgage portfolio lender,0.182623,0.022838,0.003277315,0.0011974165065263102,False,False
14773,community (under 1bn),diversified,0.207176,0.020536,0.0036649599999999997,0.0004981715313439731,False,False
14779,community (under 1bn),diversified,0.303411,0.03126,0.0034738399999999997,0.0007629296157715202,False,False
14785,community (under 1bn),diversified,0.077929,0.007982,0.0009373450000000001,0.0002524975860721254,False,False
147,community (under 1bn),commercial real estate heavy,0.490737,0.057897,0.01202469,0.0036573330900110377,False,False
14801,community (under 1bn),diversified,0.542573,0.084566,0.00902292,0.031247810708844567,False,False
14807,community (under 1bn),diversified,0.299087,0.031884,0.00328059,0.0019190170266409996,False,False
14809,community (under 1bn),diversified,0.256056,0.033994,0.005355205,0.0008152894007752922,False,False
14812,community (under 1bn),diversified,0.432744,0.046128,0.006402275,0.008982450682612686,False,False
14820,community (under 1bn),mortgage portfolio lender,0.023897,0.001995,0.0007884599999999999,0.00029574274886711127,False,False
14836,community (under 1bn),diversified,0.467062,0.050802,0.00442975,0.0014963950633812846,False,False
1484,community (under 1bn),diversified,0.413119,0.047775,0.0108028,0.0027903438774519603,False,False
14851,midsize (1 to 10bn),commercial real estate heavy,1.423669,0.17929,0.056532189999999996,0.04922130558006651,False,False
14853,community (under 1bn),mortgage portfolio lender,0.037882,0.003239,0.0006921900000000001,0.0004492016966732338,False,False
14857,community (under 1bn),diversified,0.357069,0.035846,0.010434375000000001,0.0019513551549437045,False,False
14864,community (under 1bn),diversified,0.124057,0.012901,0.000952415,0.0001358713359743105,False,False
14867,community (under 1bn),commercial real estate heavy,0.480739,0.04315,0.01487049,0.0035536591461036863,False,False
14868,community (under 1bn),diversified,0.189109,0.018671,0.003587445,0.005355283640629862,False,False
1487,midsize (1 to 10bn),diversified,1.762742,0.20334,0.044174885000000004,0.048318714979782657,False,False
14883,community (under 1bn),diversified,0.553569,0.053818,0.0165427,0.005172267565898504,False,False
14885,community (under 1bn),commercial real estate heavy,0.889887,0.088933,0.010935920000000002,0.003816455762389987,False,False
14894,community (under 1bn),mortgage portfolio lender,0.282697,0.030316,0.006843275,0.001628081636949208,False,False
14899,midsize (1 to 10bn),diversified,1.352864,0.119292,0.05116269,0.03708212315717788,False,False
148,community (under 1bn),diversified,0.448109,0.052012,0.012233295000000002,0.005848187501162672,False,False
14904,community (under 1bn),diversified,0.115746,0.010771,0.001582155,0.0003386994359493783,False,False
14907,community (under 1bn),diversified,0.10359,0.014544,0.001615565,0.00035583142705506305,False,False
14911,community (under 1bn),mortgage portfolio lender,0.361806,0.045066,0.008829125,0.002973261980195206,False,False
14912,community (under 1bn),diversified,0.141719,0.019444,0.00220149,0.002196647407693012,False,False
14914,community (under 1bn),diversified,0.301164,0.025048,0.010876170000000001,0.0044256456429282755,False,False
14920,community (under 1bn),diversified,0.125278,0.018065,0.00303112,0.008424397504002949,False,False
14922,community (under 1bn),diversified,0.354597,0.041534,0.00697418,0.0014890736572633432,False,False
14929,community (under 1bn),diversified,0.833574,0.080635,0.029303015000000005,0.015603657516950888,False,False
14930,community (under 1bn),diversified,0.396119,0.040346,0.00600178,0.00799133881831056,False,False
14952,community (under 1bn),diversified,0.212499,0.020634,0.005927465,0.0009765868794031087,False,False
14960,community (under 1bn),diversified,0.169501,0.016372,0.00213359,0.0007325913782768774,False,False
14966,community (under 1bn),diversified,0.400374,0.035417,0.00856614,0.0024152226005546965,False,False
14969,midsize (1 to 10bn),diversified,2.084448,0.181034,0.07619764500000001,0.012084834647760443,False,False
14974,community (under 1bn),diversified,0.514926,0.044502,0.014302890000000002,0.02679626324682619,False,True
1497,midsize (1 to 10bn),commercial real estate heavy,1.138646,0.123241,0.023857015,0.006311783514495629,False,False
14982,community (under 1bn),mortgage portfolio lender,0.136473,0.011381,0.0026948849999999997,0.00042832373430631897,False,False
14991,community (under 1bn),diversified,0.32961,0.035522,0.006139879999999999,0.004013789934022839,False,False
14995,midsize (1 to 10bn),diversified,1.018687,0.12355,0.04210334500000001,0.00978880052142114,False,False
14999,community (under 1bn),mortgage portfolio lender,0.06775,0.012553,0.00146302,0.0003710109412134359,False,False
149,community (under 1bn),diversified,0.134175,0.019787,0.00182108,0.005037946309827809,False,False
14,large (100 to 700bn),diversified,412.62,20.623,0.17905999999999997,0.7692886837964388,False,False
15010,community (under 1bn),diversified,0.274633,0.025808,0.005582654999999999,0.012296128259268253,False,False
15019,regional (10 to 100bn),commercial real estate heavy,13.032205,1.450094,0.417092395,0.41281830149722243,False,False
15032,midsize (1 to 10bn),diversified,1.349122,0.134515,0.043665315,0.038497796550621036,False,False
15035,community (under 1bn),diversified,0.167823,0.015571,0.00417789,0.0037698941569000617,False,False
15038,community (under 1bn),diversified,0.200512,0.024961,0.004379445,0.0017683202908069327,False,False
15046,community (under 1bn),diversified,0.388775,0.050547,0.00939793,0.005321974460460022,False,False
15050,community (under 1bn),diversified,0.328117,0.037151,0.00888646,0.007154360301114764,False,False
15059,community (under 1bn),commercial real estate heavy,0.47403,0.04907,0.018205919999999997,0.004106084644155827,False,False
15078,community (under 1bn),diversified,0.093032,0.011601,0.00051862,0.0002546635970553916,False,False
15085,community (under 1bn),mortgage portfolio lender,0.831914,0.067942,0.0245638,0.019036267758253518,False,False
15091,midsize (1 to 10bn),diversified,3.353305,0.326848,0.10758588000000001,0.07910757266392959,False,False
15092,community (under 1bn),diversified,0.114101,0.021069,0.001853925,0.0005722173291575997,False,False
15098,community (under 1bn),diversified,0.044252,0.005754,0.00021306,7.23941507952342e-05,False,False
15101,community (under 1bn),mortgage portfolio lender,0.097311,0.015579,0.0017196399999999997,0.0005085512163798472,False,False
15104,community (under 1bn),diversified,0.317679,0.040061,0.004368305,0.003240861013382862,False,False
15105,community (under 1bn),diversified,0.078989,0.012227,0.00034014000000000006,0.00037256617491585736,False,False
15111,community (under 1bn),diversified,0.336186,0.041306,0.0035091999999999996,0.0011612999320109209,False,False
15113,community (under 1bn),diversified,0.160139,0.017035,0.00420065,0.0023372850635564996,False,False
15118,midsize (1 to 10bn),diversified,2.062041,0.27808,0.064143695,0.06341381356686013,False,False
15136,midsize (1 to 10bn),commercial real estate heavy,1.079952,0.130397,0.043577245,0.06678374401836726,False,False
1513,community (under 1bn),diversified,0.648501,0.085056,0.02639163,0.004100504887769001,False,False
15146,community (under 1bn),mortgage portfolio lender,0.23336,0.018558,0.00572691,0.002689654318675902,False,False
15152,community (under 1bn),diversified,0.101764,0.009349,0.002201745,0.0011362262154824667,False,False
15164,community (under 1bn),diversified,0.257672,0.03613,0.0030950500000000002,0.005347020838605648,False,False
15165,community (under 1bn),commercial real estate heavy,0.19038,0.023788,0.005355115,0.002145453776368265,False,False
15194,community (under 1bn),diversified,0.322296,0.041454,0.005060075,0.0007363750882674819,False,False
15200,community (under 1bn),diversified,0.794121,0.081838,0.019398135000000004,0.005151751185793764,False,False
15205,community (under 1bn),diversified,0.491787,0.053136,0.018434415,0.0025857581141384496,False,False
15206,community (under 1bn),diversified,0.761734,0.088631,0.017882094999999997,0.004003453813262212,False,False
15214,community (under 1bn),diversified,0.096975,0.018724,0.0014139749999999998,0.0003802025669535371,False,False
15216,community (under 1bn),diversified,0.19237,0.021181,0.00467453,0.005368876252837057,False,False
15228,community (under 1bn),commercial real estate heavy,0.176294,0.015702,0.0060852449999999995,0.00438181673749503,False,False
15229,midsize (1 to 10bn),diversified,4.410309,0.445313,0.16649241,0.09234703171425285,False,False
15237,community (under 1bn),diversified,0.096596,0.014767,0.00064999,0.000559799878720773,False,False
15242,community (under 1bn),diversified,0.330768,0.033236,0.0059853449999999996,0.0015474064086197304,False,False
15243,community (under 1bn),mortgage portfolio lender,0.704221,0.086551,0.01791709,0.01598402655629504,False,False
15249,community (under 1bn),diversified,0.219331,0.022109,0.006086755000000001,0.0014101858431411804,False,False
15254,community (under 1bn),diversified,0.096101,0.008234,0.0017948400000000002,0.0005317166327188408,False,False
15255,community (under 1bn),diversified,0.151192,0.012907,0.0034628299999999996,0.0009920825158232964,False,False
15258,community (under 1bn),mortgage portfolio lender,0.08625,0.010937,0.001205935,0.00046772454267121535,False,False
15259,community (under 1bn),diversified,0.138687,0.01139,0.00113105,0.00026069447527159563,False,False
15261,community (under 1bn),diversified,0.137472,0.019337,0.0008069850000000001,0.0001233851287744373,False,False
15264,community (under 1bn),diversified,0.854488,0.066549,0.02497554,0.006141391762164655,False,False
15270,community (under 1bn),commercial real estate heavy,0.581582,0.053263,0.016622480000000002,0.008091206475564619,False,False
15271,community (under 1bn),commercial real estate heavy,0.558088,0.054922,0.016408335,0.021490543138203748,False,False
15272,community (under 1bn),diversified,0.62865,0.064968,0.01344753,0.0022022024976330527,False,False
1527,community (under 1bn),diversified,0.957206,0.096762,0.02110161,0.022699090848242846,False,False
15282,community (under 1bn),diversified,0.347775,0.027501,0.011653485,0.003031603214206636,False,False
15286,community (under 1bn),diversified,0.549992,0.049578,0.006467795,0.011176496971178427,False,False
1528,midsize (1 to 10bn),diversified,3.012822,0.347809,0.07222874,0.051432758665256206,False,False
15305,community (under 1bn),diversified,0.453577,0.082431,0.007702079999999999,0.0018846575326647236,False,False
15306,community (under 1bn),diversified,0.338222,0.036501,0.003469715,0.0014118622589662346,False,False
15310,midsize (1 to 10bn),diversified,3.069404,0.331039,0.07092910000000001,0.06240692242502818,False,False
15311,community (under 1bn),diversified,0.201504,0.016198,0.00304582,0.001304608423756899,False,False
15321,community (under 1bn),diversified,0.674287,0.081827,0.00920253,0.0036558187982076214,False,False
15323,community (under 1bn),diversified,0.548246,0.058243,0.01599271,0.009060609432101107,False,False
15324,midsize (1 to 10bn),diversified,1.328769,0.12204,0.034471535,0.005559998341532155,False,False
15326,community (under 1bn),mortgage portfolio lender,0.054524,0.006421,0.00024032,0.0001638400937935359,False,False
15334,community (under 1bn),diversified,0.484409,0.05652,0.00856255,0.0020629858794534483,False,False
15336,community (under 1bn),diversified,0.299174,0.048268,0.009664355,0.00403909899545167,False,False
15345,community (under 1bn),diversified,0.669161,0.06646,0.012389510000000001,0.0021955223086180986,False,False
15346,community (under 1bn),diversified,0.060644,0.007399,0.000981395,0.00014894156812878456,False,False
15347,community (under 1bn),diversified,0.162925,0.014492,0.00364852,0.0014412729864562918,False,False
15348,community (under 1bn),mortgage portfolio lender,0.058165,0.009719,0.000808995,0.0003556439337773222,False,False
15355,community (under 1bn),diversified,0.142037,0.021688,0.002448875,0.001031653926376592,False,False
15359,midsize (1 to 10bn),diversified,5.304325,0.527755,0.150200775,0.09073913582671815,False,False
15362,community (under 1bn),diversified,0.089917,0.013401,0.0023333100000000003,0.0023833239732645194,False,False
15364,community (under 1bn),diversified,0.08633,0.009229,0.00036717499999999997,0.00013579136510585816,False,False
15367,community (under 1bn),diversified,0.196024,0.018035,0.00302706,0.0004656182065130309,False,False
1536,midsize (1 to 10bn),commercial real estate heavy,4.99434,0.964788,0.10891003499999999,0.10295558368381924,False,False
15399,midsize (1 to 10bn),diversified,3.9849,0.425367,0.069123365,0.019606871325983585,False,False
15405,community (under 1bn),diversified,0.20484,0.031339,0.00176918,0.00043115917427221924,False,False
15415,community (under 1bn),diversified,0.148456,0.015527,0.0016430849999999999,0.00023752845586094196,False,False
15423,community (under 1bn),commercial real estate heavy,0.948266,0.097046,0.032865365,0.022050423159162166,False,False
15427,community (under 1bn),diversified,0.19691,0.033792,0.0021491900000000005,0.0034987236403094275,False,False
15442,community (under 1bn),mortgage portfolio lender,0.042881,0.006391,0.00052184,0.0005646718515009057,False,False
15443,community (under 1bn),diversified,0.529749,0.062028,0.01766065,0.005342496985332591,False,False
15444,community (under 1bn),diversified,0.64347,0.080537,0.010594570000000001,0.004665859815359018,False,False
1545,midsize (1 to 10bn),diversified,1.111663,0.110158,0.029304120000000003,0.008098875516616082,False,False
15460,community (under 1bn),diversified,0.14055,0.017462,0.0036188649999999998,0.002279146851061425,False,False
15463,community (under 1bn),diversified,0.519892,0.061873,0.014141025000000002,0.0032983592475997687,False,False
15465,community (under 1bn),commercial real estate heavy,0.843004,0.094059,0.020685585,0.012943556696667228,False,False
15469,community (under 1bn),diversified,0.048928,0.009963,0.00028098999999999995,3.5892545318047745e-05,False,False
15472,community (under 1bn),diversified,0.810841,0.077163,0.011086579999999999,0.0015766127086313997,False,False
15477,community (under 1bn),diversified,0.511051,0.052928,0.010148260000000001,0.016352916605152253,False,False
15478,community (under 1bn),diversified,0.751561,0.07718,0.015555215,0.0031492697316454687,False,False
1547,community (under 1bn),diversified,0.210609,0.028937,0.001411,0.003675222417590187,False,False
15480,community (under 1bn),diversified,0.295137,0.024652,0.00612748,0.001878448152570639,False,False
15489,community (under 1bn),diversified,0.767869,0.064589,0.02017128,0.014140206822282387,False,False
15496,community (under 1bn),diversified,0.668198,0.129338,0.010415875000000002,0.0057665927170895675,False,False
15501,community (under 1bn),diversified,0.114617,0.017414,0.0018932750000000003,0.0012408056755126885,False,False
1550,community (under 1bn),diversified,0.419323,0.04276,0.01246573,0.004149582971703934,False,False
15510,community (under 1bn),diversified,0.47772,0.044777,0.013619395,0.00566533984622956,False,False
15511,midsize (1 to 10bn),commercial real estate heavy,1.851537,0.179173,0.041073439999999996,0.010951817222157916,False,False
15519,community (under 1bn),diversified,0.270086,0.029773,0.0065013150000000006,0.0015540323672785937,False,False
15523,community (under 1bn),diversified,0.227042,0.034048,0.0031085500000000003,0.0013391760169122482,False,False
1552,midsize (1 to 10bn),diversified,1.703404,0.164901,0.037978275,0.0241148685465904,False,False
15532,community (under 1bn),diversified,0.119982,0.020533,0.0028282049999999994,0.0016633987085724158,False,False
15539,community (under 1bn),diversified,0.424162,0.040967,0.012595740000000001,0.0053330059748806155,False,False
1553,community (under 1bn),diversified,0.523571,0.05213,0.005722385,0.0019411997227817186,False,False
15546,community (under 1bn),diversified,0.135179,0.010825,0.0021665,0.0005408078859905789,False,False
15547,community (under 1bn),diversified,0.09059,0.014522,0.001095365,0.001503897109480854,False,False
15555,midsize (1 to 10bn),diversified,2.290918,0.228192,0.083007625,0.04874887272107253,False,False
15562,midsize (1 to 10bn),diversified,1.009488,0.116269,0.020550135000000004,0.003581165626876541,False,False
15565,midsize (1 to 10bn),diversified,1.042148,0.111592,0.02883488,0.012679973429320092,False,False
15566,community (under 1bn),diversified,0.356333,0.030832,0.006891205000000001,0.004962509402378308,False,False
1556,community (under 1bn),diversified,0.118346,0.011405,0.00330886,0.0028154650452016173,False,False
15572,midsize (1 to 10bn),commercial real estate heavy,1.499944,0.172462,0.041935495,0.02031736838536044,False,False
15578,community (under 1bn),diversified,0.093364,0.010762,0.001219715,0.00017253326276902827,False,False
15580,community (under 1bn),commercial real estate heavy,0.215722,0.020065,0.0035736699999999997,0.004087746867316041,False,False
15584,community (under 1bn),diversified,0.946738,0.101211,0.023141285,0.02490067442034298,False,False
15585,community (under 1bn),diversified,0.153373,0.016558,0.00297394,0.0013515668329055473,False,False
15590,community (under 1bn),diversified,0.243809,0.031905,0.006428234999999999,0.0042752865811589835,False,False
15593,community (under 1bn),diversified,0.074245,0.011144,0.000320925,4.097507424332567e-05,False,False
15597,community (under 1bn),diversified,0.072198,0.009125,0.000840275,0.0017719138711136421,False,False
15598,community (under 1bn),diversified,0.201034,0.021856,0.0015635700000000002,0.00044033341738558714,False,False
155,community (under 1bn),diversified,0.250968,0.025655,0.0035977549999999994,0.002284329791177706,False,False
15606,community (under 1bn),diversified,0.11981,0.011638,0.00111056,0.00025337460417791083,False,False
15610,community (under 1bn),diversified,0.271742,0.028325,0.003064205,0.0011268003301933805,False,False
15614,midsize (1 to 10bn),commercial real estate heavy,4.029129,0.444872,0.14603804,0.04686027371972172,False,False
15621,community (under 1bn),diversified,0.093045,0.009071,0.0015266199999999998,0.0014283667377048732,False,False
15629,community (under 1bn),diversified,0.250726,0.018962,0.004260175000000001,0.00758431643592475,False,False
1562,community (under 1bn),diversified,0.19374,0.018185,0.0067468599999999995,0.006204249288062524,False,False
15632,community (under 1bn),diversified,0.93049,0.126416,0.025586660000000004,0.0052113808949370765,False,False
15651,community (under 1bn),diversified,0.197604,0.021773,0.0032352049999999997,0.000696047721049178,False,False
15657,midsize (1 to 10bn),commercial real estate heavy,1.323064,0.153525,0.042390210000000005,0.0067002276229916,False,False
15663,community (under 1bn),diversified,0.951506,0.099778,0.022076615,0.007349386132369186,False,False
15664,community (under 1bn),diversified,0.42971,0.04833,0.013252425,0.03757095531563262,False,True
15669,community (under 1bn),diversified,0.46717,0.047565,0.00851968,0.001955506205217667,False,False
1566,community (under 1bn),mortgage portfolio lender,0.144971,0.016126,0.0038181900000000004,0.0023546394190413805,False,False
15671,community (under 1bn),diversified,0.438284,0.052662,0.00917129,0.0019800450656169808,False,False
15675,community (under 1bn),diversified,0.383401,0.050243,0.007793165,0.0023511654502450545,False,False
15687,community (under 1bn),mortgage portfolio lender,0.395715,0.046323,0.010648415,0.003623799325285265,False,False
15690,community (under 1bn),diversified,0.649331,0.054857,0.019808265000000002,0.0050191050379609576,False,False
15699,community (under 1bn),diversified,0.597074,0.060754,0.016550015,0.03371950157266534,False,False
15701,community (under 1bn),diversified,0.224749,0.025097,0.003768165,0.0019788342498141794,False,False
15703,community (under 1bn),diversified,0.433675,0.055439,0.01224365,0.014281892130859106,False,False
15708,community (under 1bn),diversified,0.508413,0.040921,0.007922180000000001,0.0075885601847459315,False,False
15728,midsize (1 to 10bn),diversified,1.388252,0.125818,0.017928965,0.0033764576980382715,False,False
15729,community (under 1bn),commercial real estate heavy,0.417095,0.056197,0.015239765,0.002559774606453784,False,False
15731,community (under 1bn),diversified,0.175947,0.020942,0.005333275,0.0014309022584560807,False,False
15734,community (under 1bn),diversified,0.557378,0.053788,0.008312185,0.002915811705535422,False,False
15741,community (under 1bn),diversified,0.139977,0.018533,0.0008830050000000002,0.0002777349493596622,False,False
15749,community (under 1bn),diversified,0.064782,0.012268,0.00026647000000000004,4.021065155516354e-05,False,False
15751,community (under 1bn),mortgage portfolio lender,0.092799,0.011478,0.0021668750000000004,0.0020735670837742316,False,False
15752,midsize (1 to 10bn),diversified,1.559346,0.171392,0.046817085,0.022098568845726505,False,False
15760,community (under 1bn),diversified,0.348502,0.061381,0.005726585000000001,0.001803631396962204,False,False
15762,community (under 1bn),diversified,0.03429,0.004636,0.000592365,0.0002849633987601226,False,False
15763,community (under 1bn),diversified,0.181879,0.019994,0.0020604,0.004271173868625254,False,False
15771,community (under 1bn),diversified,0.6506,0.088215,0.012299109999999999,0.010313469381114222,False,False
15772,community (under 1bn),diversified,0.269855,0.027413,0.00447728,0.00532437139867435,False,False
15778,community (under 1bn),diversified,0.058383,0.009193,0.000215945,0.0004250537815770244,False,False
15779,community (under 1bn),diversified,0.949397,0.096874,0.03229095,0.03653067338049441,False,False
15784,community (under 1bn),mortgage portfolio lender,0.090298,0.008335,0.0021511599999999996,0.0006357692258088046,False,False
15792,community (under 1bn),diversified,0.08316,0.009531,0.00129855,0.003736234187924291,False,False
15797,midsize (1 to 10bn),diversified,5.422636,0.614816,0.132700165,0.03257500288277593,False,False
15799,community (under 1bn),diversified,0.552101,0.048544,0.014179,0.0019065336088565261,False,False
15801,community (under 1bn),diversified,0.565839,0.081463,0.01474536,0.00495670300198813,False,False
15808,community (under 1bn),commercial real estate heavy,0.480546,0.073063,0.013085500000000002,0.0016433223477872064,False,False
15809,midsize (1 to 10bn),commercial real estate heavy,2.176648,0.24933,0.06533433000000001,0.023380339965856478,False,False
15815,midsize (1 to 10bn),diversified,4.011565,0.496847,0.136918045,0.07898048181473033,False,False
15817,community (under 1bn),diversified,0.097234,0.019048,0.0044797,0.0034469773042602996,False,False
15820,community (under 1bn),diversified,0.110246,0.017424,0.00289822,0.0003499771762895472,False,False
15826,community (under 1bn),commercial real estate heavy,0.304795,0.03716,0.0103167,0.0073854430026231745,False,False
15839,community (under 1bn),diversified,0.109846,0.030215,0.00258466,0.00047512718919334615,False,False
15847,community (under 1bn),diversified,0.057523,0.007888,0.00039414499999999993,0.00017549765066917958,False,False
15853,community (under 1bn),diversified,0.026601,0.002676,0.00014835,6.350854791729934e-05,False,False
15871,community (under 1bn),diversified,0.581801,0.060308,0.00952306,0.007721955748034344,False,False
15873,community (under 1bn),diversified,0.21519,0.02254,0.00266599,0.0020387053848019017,False,False
15883,community (under 1bn),diversified,0.622049,0.074376,0.0071278800000000005,0.0015890571312666283,False,False
15898,community (under 1bn),diversified,0.689298,0.112915,0.005796365,0.0014016008783575733,False,False
15899,community (under 1bn),diversified,0.28097,0.035202,0.004556305000000001,0.00087160992512436,False,False
15904,community (under 1bn),diversified,0.08712,0.012355,0.00221459,0.003899911841925206,False,False
15908,community (under 1bn),diversified,0.206183,0.02115,0.002814715,0.006586314925802511,False,False
15912,midsize (1 to 10bn),mortgage portfolio lender,1.733499,0.236167,0.056390925,0.0440415240255101,False,False
15913,community (under 1bn),diversified,0.201671,0.027327,0.004075044999999999,0.0012564244767739729,False,False
15930,community (under 1bn),diversified,0.031745,0.004516,0.00047065,0.00011512358378457566,False,False
15932,midsize (1 to 10bn),diversified,1.137975,0.111888,0.025048614999999996,0.005503383150278759,False,False
15939,community (under 1bn),diversified,0.139966,0.015953,0.0009664750000000001,0.00013383465085695657,False,False
15945,community (under 1bn),diversified,0.32235,0.027308,0.011909145,0.002877133594126307,False,False
15947,community (under 1bn),diversified,0.392876,0.043227,0.003775385,0.003020891355864981,False,False
15953,midsize (1 to 10bn),diversified,3.069091,0.308216,0.091638705,0.07481151465192969,False,False
15966,community (under 1bn),mortgage portfolio lender,0.492262,0.153545,0.008514359999999999,0.004106290386735669,False,False
15969,community (under 1bn),mortgage portfolio lender,0.512033,0.050557,0.015295695,0.0030875762216764154,False,False
15970,midsize (1 to 10bn),mortgage portfolio lender,1.392069,0.137451,0.041637524999999995,0.031837269489809056,False,False
15987,midsize (1 to 10bn),diversified,1.020287,0.102591,0.03317218500000001,0.013820653263462802,False,False
15990,community (under 1bn),diversified,0.970986,0.166752,0.026213359999999998,0.005726148055438375,False,False
1600,community (under 1bn),diversified,0.09641,0.011012,0.00160577,0.0007180074314718152,False,False
16026,midsize (1 to 10bn),diversified,7.548632,0.991464,0.20792040999999997,0.029977011417523108,False,False
16030,community (under 1bn),mortgage portfolio lender,0.373481,0.053403,0.00998008,0.0028658534475598115,False,False
16032,midsize (1 to 10bn),diversified,1.469845,0.14522,0.04705512,0.016739953084237168,False,False
16039,community (under 1bn),mortgage portfolio lender,0.284735,0.031112,0.008565580000000001,0.00856174747728518,False,False
1604,community (under 1bn),diversified,0.263859,0.025098,0.00814252,0.004600993040263717,False,False
16068,regional (10 to 100bn),diversified,19.887242,1.508513,0.48913572000000005,0.07437193274421106,False,False
16075,community (under 1bn),diversified,0.540519,0.065944,0.01554033,0.0052043842594341715,False,False
16079,community (under 1bn),diversified,0.200163,0.027665,0.0017925700000000003,0.00057866006649575,False,False
1607,community (under 1bn),diversified,0.719068,0.066198,0.020698775000000003,0.033045573924835994,False,False
16094,community (under 1bn),diversified,0.052726,0.005029,0.0006816799999999999,0.0007463076093561921,False,False
160,community (under 1bn),commercial real estate heavy,0.410305,0.050025,0.014379705,0.026138028984183014,False,False
16101,community (under 1bn),diversified,0.65201,0.065366,0.021055764999999997,0.0065073565591856845,False,False
1610,community (under 1bn),diversified,0.329197,0.030165,0.00666012,0.0051237730154254065,False,False
16111,community (under 1bn),commercial real estate heavy,0.775919,0.066495,0.025729345,0.01686232173417836,False,False
16114,community (under 1bn),diversified,0.174679,0.015989,0.00342151,0.000700251708651578,False,False
16116,community (under 1bn),diversified,0.551638,0.060245,0.009851275,0.003545381746099671,False,False
1611,community (under 1bn),diversified,0.207555,0.018747,0.001601215,0.004358163967517593,False,False
16120,community (under 1bn),diversified,0.131965,0.013837,0.00156754,0.0003717443657536081,False,False
16125,community (under 1bn),diversified,0.720859,0.081633,0.013539915,0.008816219204421515,False,False
16126,community (under 1bn),diversified,0.238264,0.02099,0.006125314999999999,0.0036861042284934437,False,False
16127,community (under 1bn),commercial real estate heavy,0.480189,0.05285,0.014415665000000001,0.005104106791299277,False,False
1612,community (under 1bn),diversified,0.077931,0.006984,0.001854095,0.0006806577516610562,False,False
16130,midsize (1 to 10bn),commercial real estate heavy,5.123849,0.610407,0.137782545,0.028318248927393888,False,False
16151,community (under 1bn),diversified,0.074911,0.006301,0.00116395,0.0004240429214674219,False,False
16152,community (under 1bn),commercial real estate heavy,0.269675,0.031412,0.010033665,0.006825766384686893,False,False
16154,community (under 1bn),diversified,0.087275,0.011551,0.00033993,0.00038371039715087826,False,False
16160,midsize (1 to 10bn),diversified,1.624971,0.186939,0.052591665,0.04312896743217465,False,False
16161,community (under 1bn),diversified,0.240706,0.031663,0.001492555,0.003865401129543907,False,False
16162,community (under 1bn),diversified,0.248896,0.020771,0.005248605,0.002174962625879327,False,False
16167,community (under 1bn),mortgage portfolio lender,0.098315,0.009128,0.00213394,0.0007499676055075376,False,False
1616,community (under 1bn),diversified,0.453843,0.04222,0.007927720000000001,0.004405321765128441,False,False
16175,community (under 1bn),diversified,0.928951,0.116709,0.023888764999999996,0.02893867267594137,False,False
16176,community (under 1bn),mortgage portfolio lender,0.146827,0.01867,0.003418945,0.0018547362810990896,False,False
16177,community (under 1bn),diversified,0.129707,0.01562,0.0013372,0.00018973077350136657,False,False
1617,midsize (1 to 10bn),diversified,4.22503,0.395609,0.13020559,0.12810040205073459,False,False
16185,community (under 1bn),mortgage portfolio lender,0.124461,0.018525,0.0013262299999999999,0.0008493387122366471,False,False
16191,midsize (1 to 10bn),commercial real estate heavy,7.74664,0.759501,0.22272043000000005,0.02980688743586343,False,False
16198,community (under 1bn),diversified,0.091415,0.013842,0.00046189999999999995,0.0001228785179605189,False,False
16201,community (under 1bn),diversified,0.280262,0.034804,0.00335161,0.0013858620201748972,False,False
16216,midsize (1 to 10bn),diversified,2.015057,0.19304,0.05108287,0.01868987912243712,False,False
16221,community (under 1bn),diversified,0.788411,0.082861,0.01823277,0.007356870312804468,False,False
16222,community (under 1bn),mortgage portfolio lender,0.107533,0.013231,0.00290839,0.0053960601533590575,False,False
1622,community (under 1bn),mortgage portfolio lender,0.061922,0.004896,0.0014874,0.00039869220151696633,False,False
16231,community (under 1bn),diversified,0.41675,0.040963,0.00511395,0.0009413567371881961,False,False
16243,community (under 1bn),diversified,0.933601,0.107988,0.012916570000000002,0.012033046126814731,False,False
16246,community (under 1bn),diversified,0.409506,0.041293,0.012730205000000001,0.00615310775219037,False,False
16247,community (under 1bn),mortgage portfolio lender,0.115638,0.012179,0.0022566749999999997,0.0004367721220488042,False,False
16249,community (under 1bn),commercial real estate heavy,0.418565,0.027125,0.00909663,0.01939113210172258,False,True
16250,midsize (1 to 10bn),diversified,2.094911,0.175712,0.070345555,0.06202032929215781,False,False
16265,midsize (1 to 10bn),diversified,1.253069,0.132117,0.021490765000000002,0.005266268792680927,False,False
16275,community (under 1bn),diversified,0.201374,0.030224,0.007293475,0.005923253744337461,False,False
16276,community (under 1bn),commercial real estate heavy,0.683067,0.070696,0.022020545,0.01646924481973657,False,False
16281,community (under 1bn),commercial real estate heavy,0.022994,0.021257,0.00029397500000000003,0.001566953696781443,False,False
16282,community (under 1bn),diversified,0.067384,0.007725,0.0014127850000000002,0.00021655908714611821,False,False
16283,community (under 1bn),commercial real estate heavy,0.269831,0.027239,0.008681140000000002,0.0011370680979827788,False,False
16288,community (under 1bn),commercial real estate heavy,0.407877,0.033418,0.012438874999999999,0.018900038405862442,False,True
16307,community (under 1bn),diversified,0.738183,0.075638,0.01657046,0.010554960246917836,False,False
16318,community (under 1bn),mortgage portfolio lender,0.077599,0.006734,0.0013663549999999999,0.0004525249767268751,False,False
16330,community (under 1bn),C and I heavy,0.070997,0.009773,0.001782665,0.0007047802911823865,False,False
16332,community (under 1bn),diversified,0.509624,0.047055,0.00695448,0.0011097766916179177,False,False
16333,community (under 1bn),diversified,0.232473,0.026961,0.00256447,0.0005708412701534871,False,False
16334,community (under 1bn),commercial real estate heavy,0.212646,0.030638,0.004788720000000001,0.0017265196566492742,False,False
16339,community (under 1bn),diversified,0.29926,0.02498,0.0035310100000000002,0.0007126103672391072,False,False
16344,community (under 1bn),auto-heavy,0.073399,0.007931,0.0014778899999999997,0.00044975777816227264,False,False
16363,midsize (1 to 10bn),diversified,1.343087,0.112744,0.024199415000000002,0.013579510996307362,False,False
16369,community (under 1bn),diversified,0.233344,0.026549,0.00681589,0.005209539933496111,False,False
16370,community (under 1bn),diversified,0.220552,0.020931,0.003850915,0.008882317357996614,False,False
16386,community (under 1bn),commercial real estate heavy,0.126857,0.012563,0.0033767250000000006,0.006621985695219872,False,False
16389,midsize (1 to 10bn),commercial real estate heavy,1.60211,0.165593,0.04261688000000001,0.03221742982059194,False,False
16394,community (under 1bn),diversified,0.045904,0.005978,0.000447745,0.0004211167686314455,False,False
16396,community (under 1bn),diversified,0.252189,0.024677,0.006591084999999999,0.012473135713854038,False,False
1639,community (under 1bn),diversified,0.220438,0.017441,0.0052307199999999995,0.01560948719949713,False,True
16402,midsize (1 to 10bn),diversified,1.419345,0.130913,0.031142745,0.0392143169139692,False,False
16410,community (under 1bn),commercial real estate heavy,0.232166,0.020592,0.008809585,0.0014681875542308966,False,False
16413,community (under 1bn),diversified,0.087647,0.01287,0.00063384,0.0001743888090559714,False,False
16416,community (under 1bn),diversified,0.478276,0.083396,0.0048714150000000005,0.0012745780928213489,False,False
16417,community (under 1bn),diversified,0.183708,0.020766,0.00507924,0.0019199180373240792,False,False
16418,midsize (1 to 10bn),mortgage portfolio lender,1.589684,0.161478,0.050970369999999994,0.02247417857119189,False,False
16436,community (under 1bn),diversified,0.318087,0.031035,0.003028815,0.0014854684879464374,False,False
16440,community (under 1bn),commercial real estate heavy,0.170654,0.027451,0.0026345300000000004,0.011424858047756385,False,False
16448,community (under 1bn),diversified,0.103039,0.008542,0.00062668,0.00018931226805151853,False,False
16450,regional (10 to 100bn),diversified,18.147004,2.168464,0.534078845,0.8194816842669601,False,False
16453,community (under 1bn),mortgage portfolio lender,0.137646,0.013616,0.0032688450000000003,0.002020012904399131,False,False
16464,community (under 1bn),diversified,0.379374,0.037168,0.00511193,0.004443244180421514,False,False
16470,midsize (1 to 10bn),diversified,2.875424,0.278147,0.08436616999999999,0.02187974885220046,False,False
16473,community (under 1bn),diversified,0.162379,0.02001,0.00282337,0.0005782219391837872,False,False
16477,community (under 1bn),diversified,0.064184,0.006355,0.0005901350000000001,0.0002080657420827788,False,False
16501,midsize (1 to 10bn),diversified,1.223841,0.12109,0.024163675000000003,0.010174635130060526,False,False
16516,community (under 1bn),diversified,0.025432,0.002994,0.00021409500000000003,5.041701878267925e-05,False,False
16539,community (under 1bn),commercial real estate heavy,0.666037,0.077304,0.023406525,0.0035903471747445043,False,False
16546,midsize (1 to 10bn),commercial real estate heavy,1.259065,0.151492,0.03620901,0.009198999174671122,False,False
16547,community (under 1bn),diversified,0.144563,0.015267,0.00148721,0.0026778445949270954,False,False
1654,community (under 1bn),diversified,0.340999,0.031988,0.010252155,0.0032201990378299137,False,False
16553,midsize (1 to 10bn),diversified,1.490613,0.152076,0.032660465,0.008230943482177587,False,False
1655,community (under 1bn),commercial real estate heavy,0.994586,0.109069,0.02809768,0.0052687252402188805,False,False
16561,community (under 1bn),diversified,0.028367,0.003928,0.00043082,0.000726211867669468,False,False
16571,large (100 to 700bn),diversified,254.972746,27.4561,4.92104879,5.4972782233108815,False,False
16581,community (under 1bn),diversified,0.080722,0.013092,0.0027311049999999997,0.0008769380532892919,False,False
16583,community (under 1bn),diversified,0.009316,0.000908,0.000167,8.184773832176136e-05,False,False
16584,community (under 1bn),commercial real estate heavy,0.111233,0.017035,0.002224925,0.0008965995982202458,False,False
16585,community (under 1bn),mortgage portfolio lender,0.030974,0.00874,0.000504165,0.0003915603891462627,False,False
16595,community (under 1bn),diversified,0.661943,0.070715,0.01825204,0.027984397373878058,False,False
16600,community (under 1bn),diversified,0.187963,0.026773,0.00047321000000000006,0.00052807666076825,False,False
16601,community (under 1bn),diversified,0.210293,0.020792,0.00411049,0.0016151433704031755,False,False
16603,community (under 1bn),diversified,0.135315,0.015517,0.003871805,0.0013706754545801006,False,False
16604,midsize (1 to 10bn),diversified,2.860149,0.284052,0.08566474500000001,0.052746383243295815,False,False
16609,community (under 1bn),diversified,0.085642,0.006752,0.0016692549999999997,0.00041195681910456206,False,False
1660,community (under 1bn),commercial real estate heavy,0.413556,0.072779,0.005825445,0.005016252718762008,False,False
16612,community (under 1bn),diversified,0.282264,0.043518,0.007570750000000001,0.004277236958233683,False,False
16629,community (under 1bn),diversified,0.381298,0.035414,0.01022301,0.0038543906019431326,False,False
16635,community (under 1bn),mortgage portfolio lender,0.554513,0.053666,0.01668513,0.006663170166592659,False,False
16636,midsize (1 to 10bn),mortgage portfolio lender,1.001277,0.189987,0.031917514999999994,0.005305487682916842,False,False
16643,community (under 1bn),diversified,0.058203,0.006288,0.0006471399999999999,0.00017072778299903314,False,False
16652,community (under 1bn),commercial real estate heavy,0.69366,0.080429,0.023219905000000002,0.006032450953947789,False,False
16656,community (under 1bn),commercial real estate heavy,0.114472,0.011976,0.0026212049999999997,0.0011212023039097862,False,False
16659,community (under 1bn),commercial real estate heavy,0.837317,0.083941,0.028813750000000003,0.04070606113099718,False,False
16664,midsize (1 to 10bn),diversified,1.067411,0.110584,0.03452639,0.013021726364117395,False,False
16666,community (under 1bn),diversified,0.770773,0.082358,0.025659539999999998,0.02992338961433463,False,False
16667,community (under 1bn),mortgage portfolio lender,0.079058,0.007456,0.0011013649999999998,0.0005337195471576186,False,False
16689,community (under 1bn),commercial real estate heavy,0.574319,0.094996,0.018441035,0.008746058121935452,False,False
16695,community (under 1bn),diversified,0.371883,0.046856,0.004476385,0.0007060078660688931,False,False
16704,community (under 1bn),diversified,0.239877,0.022746,0.00575785,0.008148352948502581,False,False
16707,community (under 1bn),diversified,0.192146,0.029079,0.0037042099999999994,0.015210466734179313,False,False
16720,community (under 1bn),C and I heavy,0.350495,0.036332,0.007483170000000001,0.0015357249424121497,False,False
16723,community (under 1bn),diversified,0.844589,0.113283,0.02670776,0.012440753654326996,False,False
16733,community (under 1bn),commercial real estate heavy,0.378726,0.04254,0.01205431,0.0035519069526971595,False,False
1673,midsize (1 to 10bn),card-heavy,1.404116,0.228511,0.066746005,0.13411137286018993,False,False
16744,community (under 1bn),diversified,0.023489,0.004745,0.00031895000000000003,0.0002717248407843345,False,False
16752,community (under 1bn),diversified,0.143238,0.013167,0.00410711,0.00369647810569344,False,False
16753,midsize (1 to 10bn),diversified,1.219362,0.157093,0.028640519999999996,0.012430628847380183,False,False
16757,community (under 1bn),mortgage portfolio lender,0.354997,0.035517,0.007810434999999998,0.0011499946748451504,False,False
1675,community (under 1bn),diversified,0.049556,0.005806,0.0006757800000000002,0.00011479311329685234,False,False
16780,community (under 1bn),commercial real estate heavy,0.422019,0.043319,0.01256635,0.013573364036051073,False,False
16788,community (under 1bn),diversified,0.073846,0.007902,0.0016599149999999999,0.0006025510374383242,False,False
1678,midsize (1 to 10bn),diversified,1.298838,0.135911,0.03402534,0.014170361405099146,False,False
16795,community (under 1bn),diversified,0.17608,0.016464,0.005811535,0.002247884540927617,False,False
16810,midsize (1 to 10bn),diversified,1.05457,0.109069,0.0029360849999999997,0.001222598847743168,False,False
16817,community (under 1bn),commercial real estate heavy,0.488811,0.033797,0.01640299,0.003615678881859351,True,False
16820,community (under 1bn),diversified,0.394882,0.035447,0.01183876,0.004936459926811958,False,False
16825,community (under 1bn),commercial real estate heavy,0.55659,0.079627,0.018180844999999998,0.017224825255210748,False,False
16835,regional (10 to 100bn),diversified,43.8753,4.205773,0.940919215,0.3544582524843903,False,False
16840,community (under 1bn),mortgage portfolio lender,0.143197,0.016458,0.00404285,0.0007131516960188574,False,False
16849,midsize (1 to 10bn),diversified,1.140573,0.125089,0.03918764,0.03570806041659081,False,False
16852,community (under 1bn),diversified,0.348186,0.047982,0.00701698,0.0035033739137375394,False,False
16854,community (under 1bn),commercial real estate heavy,0.293857,0.029203,0.005030855000000001,0.012536774446382012,False,False
16858,community (under 1bn),commercial real estate heavy,0.901901,0.118896,0.03427224500000001,0.014260041072640827,False,False
16863,community (under 1bn),diversified,0.314212,0.03859,0.009714515,0.008826384285192425,False,False
16866,community (under 1bn),C and I heavy,0.443718,0.043607,0.01326503,0.01603815097629732,False,False
16868,community (under 1bn),diversified,0.040278,0.00312,0.0004657100000000001,0.0008799611481325507,False,False
1686,community (under 1bn),diversified,0.254767,0.026821,0.00219192,0.000793512126596476,False,False
1687,community (under 1bn),diversified,0.069277,0.008716,0.000837575,0.0004946254407727559,False,False
16889,regional (10 to 100bn),diversified,28.987812,2.61733,0.8840949549999999,1.7372752392041007,False,True
16891,community (under 1bn),diversified,0.71456,0.073102,0.01600247,0.007274141526728713,False,False
16895,community (under 1bn),diversified,0.224794,0.040448,0.004142655,0.0012594473521909048,False,False
16897,community (under 1bn),diversified,0.419911,0.063525,0.01136214,0.022174847919677557,False,False
16900,community (under 1bn),diversified,0.12442,0.010782,0.002879775,0.0008736077578645475,False,False
16906,community (under 1bn),diversified,0.046634,0.006408,0.0005698049999999999,0.00317257605395735,False,False
16908,community (under 1bn),C and I heavy,0.129923,0.021049,0.003805945,0.0013491889861385917,False,False
16910,community (under 1bn),C and I heavy,0.292182,0.032726,0.00938123,0.01651337152628826,False,False
16916,community (under 1bn),commercial real estate heavy,0.087395,0.009015,0.00272432,0.002198746423581431,False,False
1693,community (under 1bn),commercial real estate heavy,0.182753,0.02413,0.006161535,0.0036926124154683833,False,False
16941,community (under 1bn),diversified,0.084686,0.012279,0.0013968750000000001,0.00133929788432025,False,False
16953,community (under 1bn),diversified,0.05845,0.005824,0.0008718199999999999,0.0006034663044549321,False,False
16958,midsize (1 to 10bn),diversified,2.940968,0.312084,0.079262925,0.019474736543031796,False,False
16959,community (under 1bn),diversified,0.104991,0.010134,0.00261321,0.002046136579801989,False,False
16968,community (under 1bn),commercial real estate heavy,0.446694,0.058199,0.012195845,0.007482056324791656,False,False
1696,community (under 1bn),diversified,0.942795,0.146826,0.026373055000000003,0.05670905349508475,False,False
16970,community (under 1bn),diversified,0.56489,0.063264,0.01085188,0.00551823641695462,False,False
16971,community (under 1bn),diversified,0.469458,0.051046,0.00739273,0.005971276060744902,False,False
16976,community (under 1bn),mortgage portfolio lender,0.473456,0.047709,0.011924679999999998,0.004456777891731663,False,False
16980,midsize (1 to 10bn),commercial real estate heavy,7.610881,0.799252,0.22575206,0.07021264107946307,False,False
16982,midsize (1 to 10bn),diversified,1.178764,0.120322,0.027972105000000004,0.04164728067725713,False,False
169,community (under 1bn),commercial real estate heavy,0.368282,0.042022,0.008794729999999999,0.015242668852699388,False,False
17001,community (under 1bn),diversified,0.225955,0.023847,0.008474945,0.008637955712426001,False,False
17009,community (under 1bn),C and I heavy,0.410192,0.048245,0.01505097,0.00657850211200151,False,False
1700,community (under 1bn),diversified,0.809789,0.0744,0.028897289999999996,0.01266252784811531,False,False
17011,community (under 1bn),diversified,0.734824,0.116942,0.02039219,0.0024809128104438527,False,False
17040,community (under 1bn),diversified,0.818397,0.080829,0.021878565,0.009283704864788675,False,False
1705,community (under 1bn),diversified,0.254614,0.025413,0.008535705,0.0029693281573598615,False,False
17062,community (under 1bn),diversified,0.046358,0.007155,0.00063874,0.0001263447140841406,False,False
17068,community (under 1bn),diversified,0.544419,0.070645,0.00838319,0.003697314794003401,False,False
17073,community (under 1bn),diversified,0.109322,0.013889,0.00104265,0.00027936324759086,False,False
17077,midsize (1 to 10bn),diversified,1.147614,0.10351,0.04619578,0.1403093907578886,False,True
17094,community (under 1bn),diversified,0.403017,0.046618,0.012919159999999999,0.005418959359543317,False,False
17096,community (under 1bn),diversified,0.159046,0.022835,0.0008595499999999999,0.00014065307250413518,False,False
170,community (under 1bn),mortgage portfolio lender,0.252305,0.023299,0.00761418,0.00724876331170237,False,False
17108,community (under 1bn),diversified,0.649072,0.1054,0.01543564,0.007900914138885455,False,False
17115,midsize (1 to 10bn),mortgage portfolio lender,1.087056,0.120483,0.035946330000000006,0.01338943746601741,False,False
1711,midsize (1 to 10bn),diversified,1.838229,0.179615,0.05184874,0.011488788617115945,False,False
17120,community (under 1bn),diversified,0.976545,0.088701,0.024819674999999996,0.015119947867827646,False,False
17122,community (under 1bn),diversified,0.031521,0.003765,0.0007160150000000001,0.0013546871522370312,False,False
17123,community (under 1bn),commercial real estate heavy,0.718226,0.0761,0.024212385,0.03020698165583656,False,False
17138,community (under 1bn),diversified,0.01391,0.00181,0.00033521500000000004,0.00011539283002115778,False,False
1713,community (under 1bn),mortgage portfolio lender,0.253081,0.022928,0.00813997,0.004719708957431422,False,False
17145,community (under 1bn),diversified,0.611641,0.140717,0.0067889299999999994,0.0017918946953514253,False,False
17159,midsize (1 to 10bn),commercial real estate heavy,3.785735,0.464905,0.10483449000000003,0.05452211431134755,False,False
1715,community (under 1bn),commercial real estate heavy,0.810982,0.171992,0.023542945,0.0037834821220352538,False,False
17160,community (under 1bn),diversified,0.038073,0.005671,0.00021930000000000002,2.659583016852625e-05,False,False
17162,community (under 1bn),diversified,0.730298,0.089292,0.01788655,0.011237559874349448,False,False
17169,community (under 1bn),diversified,0.165089,0.017103,0.00529395,0.008991153913574738,False,False
17174,community (under 1bn),diversified,0.038486,0.003255,0.000354405,0.0001177451808947048,False,False
17180,midsize (1 to 10bn),mortgage portfolio lender,1.64491,0.166293,0.055354984999999995,0.017164903082593053,False,False
17190,community (under 1bn),diversified,0.188129,0.040313,0.004109354999999999,0.006349812013228004,False,False
17193,community (under 1bn),diversified,0.173938,0.028862,0.002321795,0.00033639804470322985,False,False
1720,community (under 1bn),diversified,0.947176,0.086751,0.028975315,0.007408141714967198,False,False
17211,midsize (1 to 10bn),diversified,1.616832,0.147896,0.048398955,0.04862028464522957,False,False
17214,community (under 1bn),mortgage portfolio lender,0.507038,0.053429,0.011207120000000001,0.0015567680404643585,False,False
17229,community (under 1bn),diversified,0.678451,0.068629,0.00914934,0.004525457681220353,False,False
17230,community (under 1bn),diversified,0.721796,0.123384,0.02831825,0.02520017762700507,False,False
17232,community (under 1bn),mortgage portfolio lender,0.138696,0.013688,0.0032873600000000005,0.0033032005159570753,False,False
17241,community (under 1bn),diversified,0.165914,0.020042,0.002475635,0.0007392882721060368,False,False
17259,community (under 1bn),diversified,0.182036,0.018268,0.0019770300000000003,0.0004606805484217287,False,False
17262,community (under 1bn),mortgage portfolio lender,0.536624,0.067076,0.014788129999999998,0.0030203703700049035,False,False
17266,regional (10 to 100bn),diversified,65.367657,6.200067,2.000691675,1.9480427665425024,False,False
17280,community (under 1bn),diversified,0.412068,0.038004,0.00360568,0.010509876002225305,False,False
17281,regional (10 to 100bn),diversified,99.102519,10.038345,2.1398116050000002,0.5153519292404436,False,False
17282,community (under 1bn),diversified,0.846173,0.105082,0.02177291,0.01303491462847295,False,False
172,midsize (1 to 10bn),commercial real estate heavy,2.159044,0.277918,0.042893935,0.03281891094676201,False,False
17308,midsize (1 to 10bn),diversified,7.49507,0.726101,0.22158730999999998,0.21306717580233786,False,False
1730,community (under 1bn),diversified,0.115546,0.010507,0.0016082450000000001,0.0004523612853219848,False,False
17317,community (under 1bn),diversified,0.345334,0.032137,0.00577218,0.00102149644435992,False,False
17320,community (under 1bn),diversified,0.656601,0.066514,0.0116577,0.00513026550323435,False,False
17323,midsize (1 to 10bn),diversified,4.505753,0.521017,0.13682285000000002,0.047422861342919585,False,False
17327,community (under 1bn),mortgage portfolio lender,0.291033,0.03368,0.005691294999999999,0.0012147448247987415,False,False
17348,community (under 1bn),diversified,0.623907,0.065902,0.02411564,0.006619281034529346,False,False
17350,community (under 1bn),C and I heavy,0.068247,0.006335,0.000584105,9.293623464808382e-05,False,False
1735,community (under 1bn),diversified,0.308742,0.039133,0.006617214999999999,0.002197466327118809,False,False
17369,community (under 1bn),diversified,0.219864,0.017728,0.005810689999999999,0.0034436208290994086,False,False
17374,community (under 1bn),mortgage portfolio lender,0.573253,0.057521,0.01634567,0.0032226450914763427,False,False
17375,community (under 1bn),diversified,0.050858,0.005801,0.00024117000000000002,8.110549316954402e-05,False,False
17388,community (under 1bn),diversified,0.709982,0.184759,0.01616099,0.014112361332347391,False,False
17393,midsize (1 to 10bn),diversified,8.426559,0.927535,0.24539867000000004,0.12240722792835168,False,False
17399,community (under 1bn),diversified,0.167248,0.018437,0.0029521950000000003,0.0006322385096487156,False,False
17410,community (under 1bn),diversified,0.131512,0.013022,0.001311845,0.0003001436743119387,False,False
17411,community (under 1bn),diversified,0.556545,0.058245,0.014110155,0.00872655678420168,False,False
17431,community (under 1bn),diversified,0.950691,0.079458,0.026149154999999997,0.03431454236720027,False,False
17437,midsize (1 to 10bn),diversified,4.922868,0.494957,0.13865164000000002,0.052646154037362364,False,False
17438,midsize (1 to 10bn),mortgage portfolio lender,6.818824,0.551067,0.19786006499999997,0.2609182115826759,False,False
17441,community (under 1bn),diversified,0.016536,0.001949,0.00020046999999999998,0.00010978606141962515,False,False
17443,community (under 1bn),mortgage portfolio lender,0.373351,0.050037,0.006017234999999999,0.0009172969927265588,False,False
17446,community (under 1bn),diversified,0.809141,0.068104,0.016059579999999997,0.022514252377199354,False,False
17450,community (under 1bn),diversified,0.042615,0.004206,0.0006206450000000001,8.774475212828606e-05,False,False
17451,community (under 1bn),diversified,0.205904,0.017602,0.00383523,0.0014249957902994568,False,False
17453,community (under 1bn),diversified,0.675231,0.06438,0.010241365,0.0038205053429296075,False,False
1745,community (under 1bn),diversified,0.098284,0.018078,0.00018829,0.0002159160244100159,False,False
17470,midsize (1 to 10bn),C and I heavy,2.228645,0.195742,0.07115583,0.06093000713579458,False,False
17477,community (under 1bn),diversified,0.892914,0.103759,0.011169,0.012593318216705292,False,False
17478,midsize (1 to 10bn),commercial real estate heavy,1.048233,0.124064,0.03697951000000001,0.06311049146987723,False,False
17491,regional (10 to 100bn),diversified,12.684839,1.180148,0.38749796000000003,0.3134436427376368,False,False
17509,midsize (1 to 10bn),commercial real estate heavy,1.184888,0.121483,0.03535076,0.021473289319530256,False,False
17513,community (under 1bn),diversified,0.37552,0.033808,0.010665245,0.002513751979915656,False,False
17514,midsize (1 to 10bn),diversified,3.358778,0.313159,0.129245265,0.06630144066554937,False,False
17534,large (100 to 700bn),diversified,188.555486,18.43021,3.54681774,6.137220741014164,False,False
1753,community (under 1bn),diversified,0.355771,0.035788,0.011880105,0.013570085978300377,False,False
17543,community (under 1bn),mortgage portfolio lender,0.162311,0.015692,0.00358619,0.000438150124069739,False,False
17551,community (under 1bn),diversified,0.041402,0.008453,0.00016399,3.497071555711867e-05,False,False
17563,community (under 1bn),diversified,0.597494,0.091619,0.009938659999999998,0.00149258312877982,False,False
1756,community (under 1bn),diversified,0.954592,0.088646,0.036880215,0.04124297857352405,False,False
17572,community (under 1bn),diversified,0.200113,0.029843,0.002585965,0.0008373674873153208,False,False
17580,community (under 1bn),diversified,0.628511,0.070768,0.01079782,0.004386598397141911,False,False
17587,community (under 1bn),mortgage portfolio lender,0.198489,0.024605,0.005825975,0.002997983326844068,False,False
17588,community (under 1bn),diversified,0.895174,0.096389,0.019398145000000002,0.004023195170353825,False,False
175,community (under 1bn),diversified,0.46373,0.049134,0.014705135,0.018849712155539735,False,False
17603,community (under 1bn),C and I heavy,0.340522,0.034362,0.009962805000000002,0.0019649162389139855,False,False
17607,community (under 1bn),diversified,0.057652,0.00529,0.0007104749999999999,0.00018425272965503142,False,False
17612,midsize (1 to 10bn),diversified,1.416138,0.135585,0.041677845,0.009163839142253083,False,False
17614,midsize (1 to 10bn),diversified,1.053887,0.249952,0.01710836,0.022299245425241192,False,False
17621,community (under 1bn),mortgage portfolio lender,0.087437,0.008851,0.002286715,0.0006730687473622848,False,False
17622,community (under 1bn),mortgage portfolio lender,0.318434,0.040734,0.007616854999999999,0.0177137942767324,False,False
17629,community (under 1bn),diversified,0.057626,0.006276,0.0011621450000000003,0.0002278905665532293,False,False
17632,community (under 1bn),diversified,0.01952,0.002073,0.000133735,1.927846298948714e-05,False,False
17636,community (under 1bn),diversified,0.423288,0.039168,0.0040129,0.0019119677203090534,False,False
17639,community (under 1bn),diversified,0.570154,0.053521,0.016475399999999998,0.013880333586557467,False,False
17643,community (under 1bn),commercial real estate heavy,0.452824,0.049562,0.0114128,0.006867413108770829,False,False
17650,community (under 1bn),diversified,0.227149,0.030875,0.00113016,0.0007168124430630507,False,False
17658,midsize (1 to 10bn),diversified,2.155525,0.304653,0.070485505,0.020034732547380155,False,False
17661,community (under 1bn),diversified,0.10882,0.018659,0.0009438000000000001,0.0031524024345513406,False,False
17671,community (under 1bn),diversified,0.175688,0.016926,0.005240265,0.0007552440794245626,False,False
17672,community (under 1bn),diversified,0.450637,0.064694,0.0030358549999999996,0.0006932353302433185,False,False
17676,community (under 1bn),commercial real estate heavy,0.864965,0.091274,0.028788304999999997,0.02284873552841822,False,False
17685,community (under 1bn),diversified,0.648754,0.05923,0.017258145000000003,0.002212583314689291,False,False
1768,regional (10 to 100bn),diversified,21.245166,1.915024,0.63444873,0.5138512266867642,False,False
17734,community (under 1bn),diversified,0.301431,0.040794,0.00494904,0.005154119662567595,False,False
17735,midsize (1 to 10bn),mortgage portfolio lender,6.756219,0.646021,0.17905318,0.16158500673172393,False,False
17736,community (under 1bn),mortgage portfolio lender,0.455656,0.03897,0.01092741,0.0033576026758100953,False,False
17739,community (under 1bn),commercial real estate heavy,0.828404,0.139521,0.031706530000000004,0.004842392969900998,False,False
17741,midsize (1 to 10bn),diversified,2.983602,0.296213,0.11042048500000001,0.019666752191782006,False,False
17743,midsize (1 to 10bn),mortgage portfolio lender,1.471276,0.148939,0.04550534,0.010737070317168978,False,False
17749,midsize (1 to 10bn),mortgage portfolio lender,1.503065,0.242557,0.03633289,0.011417518775737413,False,False
17751,midsize (1 to 10bn),diversified,1.764177,0.194213,0.060172920000000005,0.04009998795886597,False,False
17759,community (under 1bn),mortgage portfolio lender,0.12958,0.009758,0.00311116,0.0011512612478420598,False,False
17764,midsize (1 to 10bn),diversified,3.152569,0.406726,0.10850344,0.08150883683246261,False,False
17767,community (under 1bn),diversified,0.318547,0.044635,0.007789395,0.0014622672914685762,False,False
17769,community (under 1bn),diversified,0.379202,0.037766,0.005998300000000001,0.0010601146081614743,False,False
17773,community (under 1bn),mortgage portfolio lender,0.199449,0.018224,0.005033445,0.0014758938462754293,False,False
17775,community (under 1bn),diversified,0.174318,0.02505,0.001293315,0.0007656051849354192,False,False
17782,community (under 1bn),commercial real estate heavy,0.110763,0.017112,0.0038163150000000002,0.003783588675594863,False,False
17797,community (under 1bn),commercial real estate heavy,0.816326,0.085892,0.027075474999999998,0.01080310560737052,False,False
17798,regional (10 to 100bn),diversified,22.201546,2.128853,0.7974834799999999,0.21138576793764396,False,False
1779,community (under 1bn),diversified,0.231193,0.019028,0.006079360000000001,0.0022971553034322858,False,False
17809,community (under 1bn),diversified,0.823403,0.113455,0.013758345,0.008137935312495159,False,False
1780,community (under 1bn),diversified,0.416381,0.038467,0.007526915,0.012763662059914225,False,False
17811,community (under 1bn),mortgage portfolio lender,0.361331,0.049219,0.007867560000000001,0.0016475069714893616,False,False
17813,community (under 1bn),diversified,0.075774,0.007724,0.00023134,0.00018609065839450903,False,False
1781,community (under 1bn),diversified,0.190456,0.019705,0.0028211150000000003,0.001922475873385906,False,False
17825,community (under 1bn),diversified,0.024362,0.003686,5.0835000000000004e-05,1.0298746635231232e-05,False,False
17830,community (under 1bn),diversified,0.18514,0.037907,0.0035037949999999997,0.0037608194150240038,False,False
17832,community (under 1bn),diversified,0.29578,0.034569,0.00534578,0.003075962775386104,False,False
17838,regional (10 to 100bn),diversified,22.565353,2.249964,0.569255735,0.5227179803831785,False,False
17841,community (under 1bn),diversified,0.145495,0.018793,0.0025460500000000002,0.0013119684288120312,False,False
17842,midsize (1 to 10bn),commercial real estate heavy,4.339112,0.564999,0.15884057499999998,0.035619088333964696,False,False
17863,community (under 1bn),commercial real estate heavy,0.46188,0.040076,0.01539954,0.005066206454334947,False,False
1786,community (under 1bn),diversified,0.732066,0.058193,0.016072480000000004,0.0033799950685747446,False,False
17870,midsize (1 to 10bn),diversified,6.980671,0.712823,0.253085715,0.09710006137929388,False,False
17872,community (under 1bn),diversified,0.156897,0.01573,0.0037489500000000005,0.0009356302344827863,False,False
17878,community (under 1bn),diversified,0.110293,0.019171,0.0028920300000000003,0.0005334156810838192,False,False
17881,community (under 1bn),diversified,0.301213,0.036685,0.007418230000000001,0.0012649715824278689,False,False
17897,midsize (1 to 10bn),mortgage portfolio lender,1.87132,0.25906,0.057812489999999994,0.014895520016024804,False,False
178,community (under 1bn),mortgage portfolio lender,0.051658,0.004062,0.0009881949999999999,0.0005869287249604,False,False
17903,community (under 1bn),diversified,0.429013,0.073899,0.0036364150000000005,0.0013222143685227357,False,False
17906,community (under 1bn),mortgage portfolio lender,0.267045,0.030502,0.008086475,0.0015755412294027812,False,False
17913,community (under 1bn),diversified,0.153461,0.01946,0.0033932450000000005,0.0005730378371840818,False,False
17922,community (under 1bn),diversified,0.104174,0.009269,0.00011350499999999999,6.847736330900738e-05,False,False
17927,community (under 1bn),diversified,0.28858,0.032246,0.005422845000000002,0.000986239916164144,False,False
17933,community (under 1bn),commercial real estate heavy,0.866612,0.087339,0.034929865000000004,0.030086803949164242,False,False
17937,community (under 1bn),diversified,0.803588,0.10733,0.029414344999999998,0.02426889516677882,False,False
17943,midsize (1 to 10bn),diversified,9.379852,1.228402,0.32977106500000003,0.1099214787034549,False,False
17950,community (under 1bn),diversified,0.47805,0.044824,0.01600368,0.008038785333013323,False,False
17951,community (under 1bn),commercial real estate heavy,0.931389,0.090281,0.033198605,0.010776405003885459,False,False
17959,community (under 1bn),mortgage portfolio lender,0.456306,0.071206,0.013038134999999998,0.0031678660079225056,False,False
17960,midsize (1 to 10bn),diversified,1.407191,0.135751,0.051895405,0.017565453582406253,False,False
17964,midsize (1 to 10bn),commercial real estate heavy,2.738337,0.327245,0.09196424,0.05966461238479759,False,False
17975,community (under 1bn),diversified,0.115195,0.011074,0.00227152,0.0022755386262119865,False,False
17979,community (under 1bn),mortgage portfolio lender,0.269697,0.030496,0.006858575,0.0012677732692583136,False,False
17982,community (under 1bn),diversified,0.013026,0.001799,0.00012033500000000002,1.8158628932339783e-05,False,False
17985,regional (10 to 100bn),diversified,23.648513,2.18326,0.5988678999999999,0.23802564283623592,False,False
17993,community (under 1bn),commercial real estate heavy,0.200758,0.023011,0.005432189999999999,0.0030300263061688046,False,False
17995,community (under 1bn),diversified,0.054409,0.006578,0.0005147999999999999,0.00010138697260246313,False,False
18012,midsize (1 to 10bn),commercial real estate heavy,2.803647,0.338424,0.10755822500000001,0.05371152289836116,False,False
18013,midsize (1 to 10bn),mortgage portfolio lender,3.034815,0.274274,0.099337465,0.04569781648585631,False,False
18019,community (under 1bn),commercial real estate heavy,0.268819,0.025001,0.009124344999999999,0.0061707685023995405,False,False
18028,community (under 1bn),mortgage portfolio lender,0.424308,0.05911,0.010073819999999999,0.0029503203879779815,False,False
18030,community (under 1bn),diversified,0.857937,0.075038,0.027459040000000004,0.007680946308311265,False,False
18033,community (under 1bn),diversified,0.155063,0.011823,0.003836255,0.0012412154974353422,False,False
18038,community (under 1bn),mortgage portfolio lender,0.619704,0.077902,0.018080769999999996,0.011714560845136439,False,False
18053,regional (10 to 100bn),diversified,23.808407,2.008084,0.539970055,0.3801747596319021,False,False
18059,midsize (1 to 10bn),diversified,2.344611,0.366244,0.066610435,0.11512833087006856,False,False
18063,community (under 1bn),mortgage portfolio lender,0.122079,0.014738,0.0035673700000000003,0.0016392858430019698,False,False
18071,community (under 1bn),diversified,0.086717,0.013351,0.000256845,4.461593649151884e-05,False,False
1808,community (under 1bn),auto-heavy,0.445751,0.041216,0.012825664999999998,0.003475688858970486,False,False
18094,community (under 1bn),diversified,0.033592,0.005862,0.000179625,0.0001116427034232066,False,False
18100,midsize (1 to 10bn),diversified,1.255376,0.111077,0.04139389,0.07667051883890255,False,True
18101,community (under 1bn),diversified,0.060836,0.007649,0.00031877,9.941580681604218e-05,False,False
18109,community (under 1bn),diversified,0.213787,0.022891,0.007869490000000002,0.0013836724575529054,False,False
18118,community (under 1bn),diversified,0.445593,0.040794,0.011023415,0.0034991357168026004,False,False
18120,community (under 1bn),diversified,0.179563,0.034387,0.0022442749999999996,0.0002616573413079639,False,False
18129,midsize (1 to 10bn),diversified,3.06745,0.326325,0.10928202999999999,0.023389898566687863,False,False
18136,community (under 1bn),mortgage portfolio lender,0.08755,0.010611,0.0021071450000000004,0.002255368100518454,False,False
18143,community (under 1bn),commercial real estate heavy,0.744122,0.072319,0.02616906,0.005246494189923304,False,False
18145,community (under 1bn),diversified,0.080272,0.009937,0.000946345,0.002124559967452983,False,False
18155,community (under 1bn),commercial real estate heavy,0.246781,0.031098,0.006291935000000001,0.0011937746135044927,False,False
18164,community (under 1bn),diversified,0.107999,0.016346,0.000687895,0.00012221946919552127,False,False
18165,community (under 1bn),diversified,0.128326,0.014697,0.002463605,0.0006855850653562052,False,False
18171,community (under 1bn),mortgage portfolio lender,0.37754,0.051934,0.010990874999999999,0.0023081718042374643,False,False
18185,midsize (1 to 10bn),commercial real estate heavy,1.681828,0.174952,0.057189965,0.017243577100357198,False,False
18190,midsize (1 to 10bn),commercial real estate heavy,3.303137,0.387644,0.10907578999999999,0.019429998194765756,False,False
18194,midsize (1 to 10bn),mortgage portfolio lender,1.49491,0.143711,0.047819484999999995,0.008234376060714308,False,False
18198,midsize (1 to 10bn),diversified,2.783038,0.325724,0.09260509,0.017957104838512775,False,False
18199,midsize (1 to 10bn),mortgage portfolio lender,1.871941,0.177963,0.055230165000000005,0.03372749461174027,False,False
18200,midsize (1 to 10bn),diversified,1.205489,0.143781,0.039319620000000007,0.016218897458120902,False,False
18204,midsize (1 to 10bn),diversified,2.422335,0.220196,0.086233335,0.021803027762520532,False,False
18213,midsize (1 to 10bn),commercial real estate heavy,1.919913,0.270235,0.06810023000000001,0.023085115207987363,False,False
1821,community (under 1bn),diversified,0.190332,0.030484,0.0036253450000000003,0.008021754374715381,False,False
18221,regional (10 to 100bn),diversified,85.895199,7.134807,1.987227805,1.8782440095395065,False,False
18227,community (under 1bn),mortgage portfolio lender,0.507036,0.248321,0.00211445,0.00033604815214200877,False,False
18229,midsize (1 to 10bn),mortgage portfolio lender,1.255449,0.109971,0.040698414999999995,0.005185545567725674,False,False
18237,community (under 1bn),diversified,0.493863,0.069012,0.01771558,0.015435521921131592,False,False
18238,midsize (1 to 10bn),mortgage portfolio lender,1.752542,0.295178,0.047682365000000004,0.022218155727534352,False,False
18258,midsize (1 to 10bn),diversified,1.934794,0.208391,0.06329468,0.03200309966905094,False,False
18266,midsize (1 to 10bn),C and I heavy,3.384849,0.479205,0.130124495,0.035206230620951615,False,False
18272,midsize (1 to 10bn),diversified,1.746309,0.203782,0.061494665000000004,0.10083571279523403,False,False
18284,community (under 1bn),diversified,0.215295,0.027249,0.005605085,0.005288290284067632,False,False
18296,community (under 1bn),diversified,0.871698,0.096478,0.021912175000000002,0.003960307490555654,False,False
18297,midsize (1 to 10bn),commercial real estate heavy,8.758892,0.97928,0.22388296000000002,0.10987505884886115,False,False
1829,community (under 1bn),diversified,0.05702,0.007359,0.00105748,0.0016743457962348314,False,False
18301,community (under 1bn),commercial real estate heavy,0.150794,0.023999,0.0048848599999999995,0.0010335924425756901,False,False
18302,community (under 1bn),diversified,0.058749,0.010173,0.001074745,0.0011533449211986629,False,False
1833,community (under 1bn),commercial real estate heavy,0.916099,0.10545,0.031345700000000004,0.010813137837779752,False,False
18342,community (under 1bn),C and I heavy,0.096606,0.037361,1.6000000000000001e-06,2.8974398882357947e-07,False,False
18344,midsize (1 to 10bn),commercial real estate heavy,1.046394,0.092464,0.04038679,0.058927821221376374,False,True
18355,midsize (1 to 10bn),commercial real estate heavy,1.80998,0.188925,0.058999395,0.012688884265928504,False,False
18356,community (under 1bn),diversified,0.194658,0.02472,0.0026070349999999997,0.00042422061790180497,False,False
18361,community (under 1bn),diversified,0.524374,0.048429,0.01866404,0.007369258231930579,False,False
18374,midsize (1 to 10bn),diversified,1.033925,0.104291,0.018949360000000002,0.06557469586012526,False,True
18378,community (under 1bn),diversified,0.112715,0.012942,0.002138355,0.000745079072353923,False,False
18380,community (under 1bn),diversified,0.147638,0.016985,0.0026729199999999996,0.0022038277135417133,False,False
18384,community (under 1bn),diversified,0.461927,0.048144,0.0051715350000000005,0.0015345973179134343,False,False
18385,community (under 1bn),diversified,0.597401,0.067622,0.011430445,0.0054788388310636265,False,False
18389,community (under 1bn),diversified,0.863536,0.082461,0.02138117,0.008510699941473583,False,False
18394,community (under 1bn),diversified,0.140318,0.023604,0.0028790250000000003,0.0034567285461327858,False,False
1839,community (under 1bn),diversified,0.175893,0.017523,0.0016602,0.001172261981076808,False,False
183,community (under 1bn),diversified,0.145987,0.018963,0.00208998,0.00388638659921759,False,False
18400,community (under 1bn),diversified,0.521983,0.05557,0.014709145,0.0022266966513744962,False,False
18402,midsize (1 to 10bn),commercial real estate heavy,2.036767,0.212545,0.05852217500000002,0.05077704166036003,False,False
18408,midsize (1 to 10bn),mortgage portfolio lender,7.739717,0.599191,0.209243805,0.05602697357709072,False,False
18409,large (100 to 700bn),diversified,342.803746,34.202551,6.44713743,5.201322745371154,False,False
18429,midsize (1 to 10bn),diversified,5.349867,0.567183,0.145698175,0.0855508991458329,False,False
18431,community (under 1bn),diversified,0.618519,0.054466,0.013584705,0.0026902026306955228,False,False
1843,community (under 1bn),diversified,0.213417,0.019354,0.0029502699999999996,0.0008328769446151116,False,False
18443,community (under 1bn),diversified,0.81211,0.09968,0.015263625,0.006900313559793591,False,False
18448,community (under 1bn),diversified,0.119048,0.009891,0.001730075,0.0008286868614002575,False,False
18454,community (under 1bn),diversified,0.092618,0.0072,0.001285395,0.0004822833700159382,False,False
18463,community (under 1bn),diversified,0.449962,0.249128,0.004593,0.0007441826163968183,False,False
18474,community (under 1bn),mortgage portfolio lender,0.294355,0.024548,0.0036298599999999995,0.0005938838663144447,False,False
1847,community (under 1bn),diversified,0.458882,0.053624,0.011001425,0.0035910395564639408,False,False
18483,community (under 1bn),diversified,0.028197,0.003946,0.00028447,0.000450121223384768,False,False
18489,midsize (1 to 10bn),diversified,1.291499,0.184812,0.03189912,0.02706580138100733,False,False
1849,community (under 1bn),diversified,0.255289,0.024369,0.008649325,0.012946191554593098,False,False
18503,regional (10 to 100bn),diversified,24.640966,2.754227,0.88036625,0.7111550168742544,False,False
18508,community (under 1bn),auto-heavy,0.087325,0.013082,0.002879665,0.0011526716158664402,False,False
18514,community (under 1bn),commercial real estate heavy,0.275141,0.040476,0.005301085,0.0018770326023987982,False,False
18518,community (under 1bn),diversified,0.268714,0.0237,0.006446349999999999,0.0031164325292813294,False,False
18519,midsize (1 to 10bn),diversified,1.022815,0.089264,0.033599245,0.034150153341144934,False,False
1852,community (under 1bn),diversified,0.538199,0.054569,0.00823329,0.006821481881000785,False,False
18561,midsize (1 to 10bn),diversified,2.780318,0.281393,0.091161695,0.04612812366285652,False,False
18564,community (under 1bn),diversified,0.419581,0.055362,0.019925919999999996,0.043230418339415176,False,True
18566,community (under 1bn),diversified,0.375569,0.029772,0.007010690000000001,0.001489418371732853,False,False
18568,community (under 1bn),diversified,0.043006,0.006824,0.000589405,8.144965124750788e-05,False,False
18569,midsize (1 to 10bn),commercial real estate heavy,1.502133,0.152851,0.052187460000000005,0.031524123746054324,False,False
18576,community (under 1bn),commercial real estate heavy,0.543558,0.069937,0.01807605,0.0035143939099707144,False,False
1857,community (under 1bn),diversified,0.426855,0.045241,0.00930831,0.001280524256723664,False,False
18584,community (under 1bn),diversified,0.552692,0.060779,0.014138425,0.016898454024727044,False,False
18592,community (under 1bn),commercial real estate heavy,0.639268,0.101265,0.025147959999999997,0.003953856744060235,False,False
18609,midsize (1 to 10bn),commercial real estate heavy,1.86214,0.181299,0.063210455,0.026998470729349033,False,False
1860,community (under 1bn),diversified,0.054596,0.008109,0.000787065,0.0003570279042635396,False,False
18610,community (under 1bn),diversified,0.427293,0.042726,0.008571035,0.002028166562455597,False,False
18618,midsize (1 to 10bn),C and I heavy,6.596628,0.72576,0.1252134,0.021565695409812256,False,False
18620,community (under 1bn),diversified,0.217266,0.020889,0.006921105,0.0110131020379537,False,False
18641,community (under 1bn),commercial real estate heavy,0.228579,0.035976,0.00664608,0.03250197693860727,False,True
1865,community (under 1bn),diversified,0.101214,0.013494,0.00115163,0.0010547413656852023,False,False
18660,community (under 1bn),commercial real estate heavy,0.292346,0.034267,0.0076811150000000005,0.0030296324060306843,False,False
18677,community (under 1bn),commercial real estate heavy,0.284764,0.032131,0.006744615000000001,0.0028179066755904102,False,False
1867,community (under 1bn),diversified,0.396056,0.04584,0.007241675,0.0012669073879639967,False,False
1868,community (under 1bn),diversified,0.648341,0.068805,0.00881348,0.0072138030821462555,False,False
18698,community (under 1bn),diversified,0.425535,0.057499,0.009753065,0.001349243818068442,False,False
1869,community (under 1bn),diversified,0.719142,0.068819,0.01686194,0.007818680899430807,False,False
18710,community (under 1bn),commercial real estate heavy,0.268639,0.035278,0.010608865,0.006340792624075389,False,False
18719,community (under 1bn),mortgage portfolio lender,0.064545,0.006728,0.0022370050000000002,0.0023322389202133278,False,False
18724,community (under 1bn),diversified,0.035554,0.003977,0.000255265,3.4733228042236706e-05,False,False
18734,midsize (1 to 10bn),diversified,2.473353,0.193221,0.095401295,0.011594961028340851,True,False
18740,community (under 1bn),diversified,0.911086,0.091636,0.01205385,0.005968799175744504,False,False
18748,community (under 1bn),diversified,0.659944,0.065893,0.014484495000000002,0.002700371346132651,False,False
1874,midsize (1 to 10bn),commercial real estate heavy,1.110876,0.086889,0.017855509999999998,0.02187310671956276,False,False
18761,community (under 1bn),diversified,0.182244,0.019063,0.005458475000000001,0.0020622867138510095,False,False
18780,community (under 1bn),diversified,0.307665,0.036452,0.0050795549999999995,0.001141981184095481,False,False
18820,community (under 1bn),diversified,0.174942,0.016638,0.004908255,0.0013334825508354172,False,False
18841,community (under 1bn),diversified,0.621719,0.055606,0.017593605,0.00691641073448924,False,False
18856,community (under 1bn),commercial real estate heavy,0.196308,0.018715,0.00793331,0.0031991944419227382,False,False
18858,community (under 1bn),mortgage portfolio lender,0.354021,0.041062,0.00825671,0.003920243039914816,False,False
18879,community (under 1bn),mortgage portfolio lender,0.12211,0.013898,0.0026467599999999997,0.001873990731423847,False,False
18880,community (under 1bn),diversified,0.651928,0.098081,0.007258335,0.005382855996491057,False,False
18885,community (under 1bn),mortgage portfolio lender,0.312188,0.034947,0.00719422,0.0027111824631063522,False,False
18892,community (under 1bn),diversified,0.063707,0.006319,0.00024101500000000002,3.536763339087499e-05,False,False
18895,community (under 1bn),commercial real estate heavy,0.218367,0.026202,0.002598735,0.0003513670972683062,False,False
18922,midsize (1 to 10bn),commercial real estate heavy,1.952347,0.223993,0.058685065,0.024233994446744744,False,False
18924,community (under 1bn),diversified,0.276783,0.007467,0.001053615,0.00023071195861999657,True,True
18930,community (under 1bn),mortgage portfolio lender,0.1601,0.015735,0.0025919899999999997,0.0008248521735208906,False,False
18937,community (under 1bn),mortgage portfolio lender,0.02938,0.004512,0.00034628499999999994,4.27482434844112e-05,False,False
18942,community (under 1bn),mortgage portfolio lender,0.041951,0.007714,0.00045260499999999997,0.00024671280998138584,False,False
1895,community (under 1bn),commercial real estate heavy,0.874465,0.085415,0.032192135000000004,0.0064716444524666695,False,False
18983,midsize (1 to 10bn),commercial real estate heavy,6.042514,0.565507,0.24208243000000002,0.19333220791918587,False,False
19001,community (under 1bn),diversified,0.652045,0.072347,0.02194948,0.012544256566670148,False,False
19008,midsize (1 to 10bn),diversified,3.655049,0.404076,0.14666428,0.08154430139964364,False,False
1900,community (under 1bn),diversified,0.632336,0.06222,0.008354765,0.011318169850227858,False,False
19011,community (under 1bn),commercial real estate heavy,0.36022,0.073923,0.010968265000000001,0.014125480634745606,False,False
19024,community (under 1bn),diversified,0.330137,0.033364,0.010314424999999999,0.003417749962399472,False,False
1903,community (under 1bn),diversified,0.134355,0.014957,0.0017868299999999999,0.00030661752882835185,False,False
1905,community (under 1bn),diversified,0.533111,0.055014,0.011055135,0.015014208190288147,False,False
1906,community (under 1bn),diversified,0.093297,0.012088,0.001326855,0.0008270712626212097,False,False
19070,community (under 1bn),diversified,0.386095,0.049259,0.007870245,0.0010269064358963736,False,False
19080,midsize (1 to 10bn),commercial real estate heavy,4.260043,0.465233,0.12531131,0.015148091845381951,False,False
19087,community (under 1bn),diversified,0.097884,0.009698,0.00053546,0.0001325089725928128,False,False
1908,community (under 1bn),diversified,0.229771,0.028376,0.0012260349999999999,0.0026186063820834607,False,False
19101,community (under 1bn),commercial real estate heavy,0.776634,0.074727,0.026849515,0.008670912326185677,False,False
19105,community (under 1bn),diversified,0.022697,0.00308,0.000187075,4.1077087135391865e-05,False,False
19123,midsize (1 to 10bn),diversified,2.386276,0.223069,0.07013657000000001,0.03537421352725613,False,False
1913,community (under 1bn),diversified,0.293514,0.041594,0.0044045049999999995,0.001112096444229666,False,False
19143,community (under 1bn),commercial real estate heavy,0.665541,0.097174,0.025609645,0.01895813332645929,False,False
19163,community (under 1bn),diversified,0.512694,0.054637,0.01645736,0.009702178148805059,False,False
19184,midsize (1 to 10bn),diversified,1.135748,0.138804,0.028742854999999998,0.0049489604649509975,False,False
19212,community (under 1bn),diversified,0.733205,0.080334,0.025327139999999998,0.017082930304681276,False,False
19213,midsize (1 to 10bn),diversified,1.860383,0.195468,0.0624213,0.01172657799104572,False,False
19215,midsize (1 to 10bn),diversified,1.64936,0.13841,0.03969233500000001,0.0057023982566496755,False,False
19220,midsize (1 to 10bn),diversified,2.85444,0.27432,0.06612297,0.0376233856554104,False,False
19222,midsize (1 to 10bn),mortgage portfolio lender,5.966572,0.489888,0.19327207999999999,0.067338132440933,False,False
19230,community (under 1bn),diversified,0.05512,0.007129,0.0007151699999999999,0.00030145359899590087,False,False
19234,community (under 1bn),commercial real estate heavy,0.366612,0.036127,0.011997744999999999,0.003619046392366615,False,False
19254,community (under 1bn),mortgage portfolio lender,0.361058,0.039369,0.010944694999999999,0.0074645742829708836,False,False
19274,community (under 1bn),diversified,0.37975,0.040565,0.006499754999999999,0.0010476195421213334,False,False
19278,community (under 1bn),diversified,0.148755,0.015631,0.00134322,0.00120768582793446,False,False
19285,community (under 1bn),mortgage portfolio lender,0.359155,0.042265,0.006804910000000001,0.001499136901083716,False,False
19288,midsize (1 to 10bn),diversified,1.239358,0.109367,0.037956619999999996,0.014991053861601373,False,False
1929,community (under 1bn),diversified,0.073122,0.012817,0.00092461,0.0005686572627109506,False,False
1931,community (under 1bn),diversified,0.195978,0.017587,0.004912875,0.0010517563829911664,False,False
19333,midsize (1 to 10bn),C and I heavy,2.61111,0.339973,0.07949138,0.033218252769284105,False,False
1933,community (under 1bn),diversified,0.141333,0.011158,0.0016529099999999998,0.0011481526009706109,False,False
19351,community (under 1bn),commercial real estate heavy,0.171898,0.017283,0.004212075,0.0006920212535505009,False,False
19354,community (under 1bn),diversified,0.127616,0.018883,0.00371259,0.0024540694090452574,False,False
19358,community (under 1bn),diversified,0.974057,0.119206,0.022704945,0.0034247109254104185,False,False
1936,community (under 1bn),diversified,0.333856,0.037266,0.00662459,0.0012830956801648337,False,False
19371,midsize (1 to 10bn),commercial real estate heavy,1.431912,0.194665,0.04795092,0.008248221233004515,False,False
1937,community (under 1bn),diversified,0.143349,0.01865,0.001818485,0.0008896291924396574,False,False
19381,community (under 1bn),mortgage portfolio lender,0.162251,0.018377,0.00454963,0.0026596312829213647,False,False
19396,community (under 1bn),diversified,0.596855,0.060315,0.018009045,0.0029699390946759793,False,False
19401,community (under 1bn),commercial real estate heavy,0.689721,0.075187,0.02965165,0.005450878482793069,False,False
19416,midsize (1 to 10bn),diversified,5.872649,0.797135,0.18991642,0.5069602515840723,False,False
19420,community (under 1bn),diversified,0.395072,0.048634,0.01261913,0.01459005778020619,False,False
19434,community (under 1bn),commercial real estate heavy,0.76191,0.088229,0.021587295000000003,0.010984831343208313,False,False
19440,community (under 1bn),diversified,0.248097,0.026092,0.00589569,0.0036535481199112085,False,False
19448,community (under 1bn),diversified,0.855706,0.104214,0.022793229999999998,0.008523201519503804,False,False
19459,midsize (1 to 10bn),diversified,4.129042,0.423582,0.102309885,0.0414528185821476,False,False
1945,community (under 1bn),diversified,0.11735,0.013475,0.002226505,0.0006270803083371616,False,False
1946,community (under 1bn),diversified,0.256378,0.023283,0.006159395,0.005624970481145678,False,False
19482,midsize (1 to 10bn),diversified,1.27939,0.105227,0.041028855,0.02746850098938997,False,False
19502,midsize (1 to 10bn),diversified,1.379919,0.15815,0.030172335,0.007347696340074971,False,False
19506,midsize (1 to 10bn),diversified,2.000417,0.180495,0.06245987,0.06056595907295735,False,False
19512,midsize (1 to 10bn),commercial real estate heavy,1.031635,0.111592,0.03782669,0.016747757384063477,False,False
19525,community (under 1bn),commercial real estate heavy,0.635232,0.123956,0.013903915,0.006751575922487127,False,False
19531,midsize (1 to 10bn),diversified,2.671397,0.325893,0.09610980000000001,0.12189870392013305,False,False
19532,community (under 1bn),mortgage portfolio lender,0.85501,0.137867,0.02479369,0.007144437300151383,False,False
19540,community (under 1bn),diversified,0.282798,0.030332,0.008013605000000002,0.005169804830799467,False,False
19544,community (under 1bn),diversified,0.263697,0.024897,0.005480844999999999,0.004420696486582748,False,False
19559,midsize (1 to 10bn),mortgage portfolio lender,2.47969,0.315706,0.08493968,0.020142233739282336,False,False
1956,community (under 1bn),diversified,0.247281,0.028249,0.0057119549999999995,0.0019896476878706053,False,False
19573,midsize (1 to 10bn),commercial real estate heavy,2.850054,0.314255,0.120591575,0.251170631841207,False,True
19581,regional (10 to 100bn),diversified,15.182711,1.46094,0.521195885,0.14878672435391976,False,False
19589,community (under 1bn),diversified,0.101965,0.010299,0.003019335,0.0022561701700679884,False,False
19590,community (under 1bn),diversified,0.33412,0.033825,0.009229155,0.02110841448765422,False,True
19595,community (under 1bn),mortgage portfolio lender,0.11462,0.011611,0.0012928949999999999,0.000233970222667686,False,False
19600,midsize (1 to 10bn),commercial real estate heavy,3.228118,0.469508,0.11605736999999999,0.06525138177820437,False,False
19603,community (under 1bn),commercial real estate heavy,0.99042,0.112737,0.03439489,0.0074066223128284505,False,False
19608,midsize (1 to 10bn),diversified,1.537993,0.165981,0.06152317499999999,0.03516724067171414,False,False
19629,regional (10 to 100bn),commercial real estate heavy,10.194733,1.927693,0.34671704500000006,0.29639381383595764,False,False
19638,community (under 1bn),mortgage portfolio lender,0.457395,0.038741,0.01289329,0.002536427074691168,False,False
19644,community (under 1bn),commercial real estate heavy,0.546819,0.07155,0.01052133,0.003669331511183428,False,False
1964,community (under 1bn),diversified,0.269039,0.026898,0.007252245,0.0014991662947480002,False,False
19674,community (under 1bn),diversified,0.302743,0.033019,0.008876215,0.005132374170544599,False,False
19679,community (under 1bn),diversified,0.353708,0.033554,0.007078885,0.0023982212623013827,False,False
19680,community (under 1bn),diversified,0.070461,0.009934,0.0013344950000000002,0.0006512078231962524,False,False
19681,community (under 1bn),mortgage portfolio lender,0.34033,0.032163,0.010556655,0.0018212741910325037,False,False
19687,community (under 1bn),diversified,0.191471,0.028902,0.00248609,0.00435266449181065,False,False
19689,community (under 1bn),diversified,0.180115,0.021062,0.005278795,0.004448838410140741,False,False
19690,midsize (1 to 10bn),commercial real estate heavy,5.227725,0.603921,0.19671330000000004,0.11338873910973235,False,False
19700,community (under 1bn),commercial real estate heavy,0.30359,0.038137,0.008329834999999999,0.00207287270782503,False,False
19716,community (under 1bn),diversified,0.772354,0.105191,0.01692874,0.0043355999756114205,False,False
19720,community (under 1bn),diversified,0.156229,0.021928,0.005261310000000001,0.0012354894709191455,False,False
1972,community (under 1bn),diversified,0.155395,0.015109,0.0030189600000000002,0.0028010061059629407,False,False
19742,community (under 1bn),commercial real estate heavy,0.394899,0.045235,0.014027584999999999,0.0030819553695423905,False,False
19744,community (under 1bn),diversified,0.15963,0.016887,0.002915675,0.0012484145604864912,False,False
19755,community (under 1bn),diversified,0.177535,0.020816,0.006271215,0.007972371814664021,False,False
19772,midsize (1 to 10bn),diversified,2.103655,0.171324,0.072816765,0.0660112797734828,False,False
1978,midsize (1 to 10bn),commercial real estate heavy,1.339307,0.163775,0.032895654999999996,0.005273224555947741,False,False
19795,community (under 1bn),diversified,0.662202,0.062731,0.015972840000000002,0.006810097204552915,False,False
19796,community (under 1bn),mortgage portfolio lender,0.068772,0.007899,0.0011716450000000002,0.0003473093134355504,False,False
197,community (under 1bn),diversified,0.454838,0.057552,0.01111061,0.0028531148834413404,False,False
19800,community (under 1bn),commercial real estate heavy,0.218261,0.026783,0.00419709,0.0035962674533029635,False,False
19809,community (under 1bn),diversified,0.141147,0.017901,0.00300847,0.001775829133385166,False,False
1980,community (under 1bn),diversified,0.218118,0.020589,0.00642748,0.0031813603316931827,False,False
19819,community (under 1bn),diversified,0.074914,0.008552,0.000779625,0.00019221382173714282,False,False
19827,community (under 1bn),commercial real estate heavy,0.712508,0.109029,0.02478016,0.0076664684354904155,False,False
1982,community (under 1bn),diversified,0.18967,0.027027,0.0007878000000000002,0.0011424300167308568,False,False
19836,community (under 1bn),diversified,0.786863,0.143762,0.028705245,0.014584440891881816,False,False
1983,community (under 1bn),diversified,0.193257,0.018768,0.00373911,0.0008129077486289462,False,False
19850,midsize (1 to 10bn),diversified,1.47329,0.157767,0.04349676,0.007103186035735881,False,False
1986,community (under 1bn),diversified,0.075505,0.021848,7.558e-05,5.996828426532553e-05,False,False
19899,midsize (1 to 10bn),diversified,2.597041,0.33645,0.07913342500000001,0.01906032624728474,False,False
19904,community (under 1bn),mortgage portfolio lender,0.424807,0.039077,0.006292374999999999,0.0011973939881161915,False,False
1992,community (under 1bn),diversified,0.338145,0.043249,0.002872335,0.0020251724566581445,False,False
1993,community (under 1bn),diversified,0.081258,0.011038,0.0012395599999999998,0.00029812143837748453,False,False
19977,regional (10 to 100bn),diversified,14.393999,1.555686,0.42904298500000004,0.5354633888399523,False,False
19978,community (under 1bn),diversified,0.281775,0.029548,0.00405892,0.0031581476645670212,False,False
20015,midsize (1 to 10bn),diversified,2.362517,0.132053,0.01073464,0.001543986220023838,False,False
20026,community (under 1bn),diversified,0.065158,0.005637,0.0019856749999999997,0.000984896755588868,False,False
20093,community (under 1bn),diversified,0.611477,0.064052,0.015446580000000001,0.007188156755762135,False,False
20099,midsize (1 to 10bn),C and I heavy,4.490496,0.38492,0.029090955,0.008496468325527523,False,False
20100,community (under 1bn),mortgage portfolio lender,0.375444,0.039502,0.011296245,0.0027367055775386626,False,False
20130,midsize (1 to 10bn),diversified,1.21182,0.184607,0.02219682,0.03254151928830104,False,False
20156,midsize (1 to 10bn),commercial real estate heavy,1.002607,0.116045,0.03585635,0.009789406321288833,False,False
20161,midsize (1 to 10bn),commercial real estate heavy,1.174965,0.123087,0.042784755,0.011948451132380621,False,False
20162,community (under 1bn),diversified,0.104065,0.009127,0.003498195,0.004458766198672828,False,False
20164,midsize (1 to 10bn),commercial real estate heavy,4.408654,0.41655,0.16205593000000001,0.06560473792389858,False,False
20179,community (under 1bn),diversified,0.875302,0.093829,0.020878915,0.036675230905201334,False,False
20198,community (under 1bn),diversified,0.570107,0.07915,0.013864275,0.004825314180509102,False,False
20231,midsize (1 to 10bn),commercial real estate heavy,2.721044,0.289433,0.08597183000000003,0.012095330186489586,False,False
20234,regional (10 to 100bn),diversified,29.112337,3.300629,0.8558305449999999,0.15028186789837075,False,False
20239,community (under 1bn),diversified,0.142913,0.013869,0.0034242499999999993,0.0017453324227425344,False,False
20268,community (under 1bn),C and I heavy,0.626677,0.077037,0.016066940000000002,0.0023216472634420265,False,False
20279,community (under 1bn),diversified,0.393108,0.035701,0.008931224999999997,0.005561230852936405,False,False
20296,midsize (1 to 10bn),diversified,7.068332,0.862552,0.229103655,0.3551751561780842,False,False
20311,community (under 1bn),diversified,0.63035,0.068922,0.017598475000000002,0.010993234271327357,False,False
20353,community (under 1bn),commercial real estate heavy,0.513667,0.079912,0.014060375000000002,0.0032769076576546364,False,False
20369,midsize (1 to 10bn),diversified,6.721503,0.794123,0.19074034,0.17968821257399356,False,False
2036,community (under 1bn),commercial real estate heavy,0.99875,0.151394,0.026257455000000002,0.017616598439370332,False,False
20387,midsize (1 to 10bn),commercial real estate heavy,1.214471,0.138233,0.05007964,0.014779623217587435,False,False
20429,community (under 1bn),diversified,0.258565,0.028562,0.007613269999999999,0.0024498527570042464,False,False
20454,community (under 1bn),commercial real estate heavy,0.028955,0.003484,0.00033510000000000007,5.221451100714894e-05,False,False
20468,community (under 1bn),diversified,0.349352,0.040649,0.003971399999999999,0.0023235285983248875,False,False
20479,community (under 1bn),diversified,0.09453,0.012538,0.0007339149999999999,0.00015627316667277005,False,False
20484,midsize (1 to 10bn),diversified,1.413774,0.137167,0.049313329999999996,0.029866435215021754,False,False
20488,midsize (1 to 10bn),diversified,2.243094,0.226122,0.056276585000000004,0.01055775447051025,False,False
20504,regional (10 to 100bn),diversified,28.419119,3.096929,0.9039525049999999,1.311781720434137,False,False
20537,community (under 1bn),C and I heavy,0.324441,0.050985,0.00870048,0.0015461530491041769,False,False
20568,community (under 1bn),diversified,0.583492,0.061929,0.00886136,0.0055141315789552425,False,False
2057,community (under 1bn),diversified,0.201089,0.018549,0.00198666,0.0009383990146668567,False,False
20624,midsize (1 to 10bn),diversified,9.909436,1.256665,0.290902395,0.45674350880273795,False,False
20657,community (under 1bn),mortgage portfolio lender,0.081086,0.008408,0.002301215,0.00030287278036692785,False,False
2068,community (under 1bn),commercial real estate heavy,0.38466,0.062303,0.016296335000000002,0.015030306538905188,False,False
20698,community (under 1bn),diversified,0.397875,0.042817,0.011617744999999999,0.006685159145160042,False,False
20720,community (under 1bn),commercial real estate heavy,0.990829,0.090985,0.033069895,0.04361666686754818,False,False
20727,midsize (1 to 10bn),diversified,1.206317,0.132069,0.031572105,0.03391031789821328,False,False
20741,midsize (1 to 10bn),mortgage portfolio lender,2.340761,0.22362,0.076336395,0.056809066287245,False,False
20776,midsize (1 to 10bn),diversified,1.059623,0.096804,0.031487615000000004,0.00744766378995543,False,False
20818,midsize (1 to 10bn),diversified,1.640668,0.155546,0.04494825,0.03152810668236389,False,False
20845,midsize (1 to 10bn),commercial real estate heavy,1.384007,0.136695,0.059030165,0.036355216925095094,False,False
20856,midsize (1 to 10bn),diversified,1.12936,0.126171,0.027135185000000003,0.017564272608914258,False,False
20872,community (under 1bn),mortgage portfolio lender,0.30359,0.025859,0.010984315,0.0048354198672686975,False,False
20884,midsize (1 to 10bn),commercial real estate heavy,3.23593,0.268429,0.088240285,0.0379376431091408,False,False
2093,community (under 1bn),commercial real estate heavy,0.74218,0.087407,0.0231595,0.0037591788079996726,False,False
20954,midsize (1 to 10bn),commercial real estate heavy,1.958426,0.219035,0.066138155,0.010197412525004357,False,False
20989,midsize (1 to 10bn),diversified,1.38911,0.185567,0.029484825000000003,0.0070156430385145,False,False
20993,community (under 1bn),diversified,0.676671,0.073581,0.021763575,0.00940188500365511,False,False
2102,midsize (1 to 10bn),diversified,1.99713,0.200167,0.038911854999999995,0.032770021834396645,False,False
21031,midsize (1 to 10bn),commercial real estate heavy,3.024333,0.335957,0.091847045,0.02475967359274516,False,False
21050,community (under 1bn),diversified,0.130715,0.021376,0.002324285,0.0010270609826064595,False,False
21074,community (under 1bn),commercial real estate heavy,0.953909,0.101384,0.03251118,0.013276063163975171,False,False
2107,community (under 1bn),commercial real estate heavy,0.309663,0.038974,0.00665781,0.003210682047819798,False,False
21083,community (under 1bn),diversified,0.560698,0.061216,0.015646525,0.0021509837231497016,False,False
21085,community (under 1bn),diversified,0.079002,0.011198,0.00179964,0.0020321149918884783,False,False
210,community (under 1bn),commercial real estate heavy,0.313914,0.028201,0.008020870000000001,0.0014751704506685323,False,False
21121,community (under 1bn),diversified,0.802147,0.086639,0.012622645000000002,0.0080694811402591,False,False
21161,community (under 1bn),diversified,0.406972,0.044041,0.013482855,0.004797099455555005,False,False
21219,community (under 1bn),diversified,0.100019,0.009214,0.0028388049999999994,0.0016411434039847507,False,False
21227,community (under 1bn),commercial real estate heavy,0.562116,0.082874,0.01568851,0.010169936595616475,False,False
21247,community (under 1bn),diversified,0.585564,0.056313,0.013984445000000002,0.006871529076504939,False,False
21255,community (under 1bn),diversified,0.054594,0.00631,0.001840025,0.0006581804710356489,False,False
21265,midsize (1 to 10bn),mortgage portfolio lender,6.098846,0.603504,0.11750891,0.09863674744434213,False,False
21284,community (under 1bn),mortgage portfolio lender,0.147023,0.014139,0.0031092150000000002,0.0007566577145840858,False,False
21292,midsize (1 to 10bn),diversified,1.214987,0.130764,0.034345325,0.01666925136295715,False,False
21329,community (under 1bn),commercial real estate heavy,0.618692,0.065311,0.019622139999999996,0.005840022189235544,False,False
21342,community (under 1bn),diversified,0.281533,0.02578,0.011086775,0.0022128526140587834,False,False
21379,community (under 1bn),diversified,0.108817,0.016308,0.002676625,0.00130814960128555,False,False
2138,midsize (1 to 10bn),diversified,2.280085,0.198869,0.055986104999999994,0.04522155143669973,False,False
21448,community (under 1bn),diversified,0.077507,0.013999,0.0024879900000000003,0.00116288971588261,False,False
21455,community (under 1bn),diversified,0.16284,0.016566,0.004671425,0.0016159954767542698,False,False
2145,community (under 1bn),diversified,0.158021,0.0226,0.00519984,0.005769849424211692,False,False
21486,community (under 1bn),commercial real estate heavy,0.23474,0.038051,0.006585275000000001,0.0010091154952319617,False,False
214,community (under 1bn),diversified,0.601122,0.07931,0.00941722,0.007565211712232863,False,False
21525,community (under 1bn),mortgage portfolio lender,0.246958,0.026589,0.00588058,0.003868304358704187,False,False
21526,community (under 1bn),mortgage portfolio lender,0.160377,0.036598,0.003212835,0.0005713820441554667,False,False
21529,community (under 1bn),diversified,0.138601,0.016161,0.005193675000000001,0.0007848668336166556,False,False
2154,community (under 1bn),diversified,0.190263,0.026314,0.004079175,0.003116467289955325,False,False
21557,community (under 1bn),diversified,0.293086,0.034873,0.01052143,0.004861237984479679,False,False
21567,community (under 1bn),commercial real estate heavy,0.773829,0.078014,0.025690860000000003,0.016270140128131865,False,False
21573,midsize (1 to 10bn),commercial real estate heavy,2.250406,0.209287,0.08351743500000001,0.04039073859698711,False,False
2157,community (under 1bn),diversified,0.086859,0.007783,0.000938295,0.0005266335896380103,False,False
21591,midsize (1 to 10bn),diversified,3.184349,0.304439,0.07955209500000002,0.03613178206058349,False,False
21606,community (under 1bn),commercial real estate heavy,0.998433,0.116955,0.042781805000000006,0.017902852082326576,False,False
2160,community (under 1bn),mortgage portfolio lender,0.229101,0.045369,0.005386869999999999,0.002295154353277539,False,False
21635,community (under 1bn),commercial real estate heavy,0.081589,0.009695,0.0025569849999999995,0.00034948083056794737,False,False
21692,community (under 1bn),mortgage portfolio lender,0.115781,0.012385,0.001306355,0.00031977267861992513,False,False
21693,community (under 1bn),diversified,0.389187,0.056109,0.011359270000000001,0.009294881087128434,False,False
21714,midsize (1 to 10bn),commercial real estate heavy,1.184433,0.117273,0.04360932000000001,0.05151281846746447,False,False
21716,regional (10 to 100bn),commercial real estate heavy,21.182524,2.15804,0.5739477150000001,0.12154196289221537,False,False
21721,community (under 1bn),diversified,0.149965,0.015459,0.003918125000000001,0.003224133916250546,False,False
21728,community (under 1bn),diversified,0.143117,0.022021,0.000864145,0.0008361501343532548,False,False
21752,community (under 1bn),diversified,0.089784,0.011818,0.00158172,0.000244595489001968,False,False
21761,community (under 1bn),diversified,0.071467,0.070955,0.0,0.0,False,False
21784,community (under 1bn),commercial real estate heavy,0.623944,0.064029,0.02040901,0.005802181628432705,False,False
21805,community (under 1bn),diversified,0.525087,0.044491,0.00605608,0.003213297756013286,False,False
21807,community (under 1bn),diversified,0.052503,0.006802,0.0009335999999999999,0.00037294597706322174,False,False
21843,midsize (1 to 10bn),diversified,2.137445,0.322085,0.00526088,0.0009388697063668249,False,False
21848,community (under 1bn),commercial real estate heavy,0.831201,0.074606,0.02721969,0.010646571196681935,False,False
21868,midsize (1 to 10bn),diversified,4.162383,0.358345,0.0450461,0.00646616001386229,False,False
21874,community (under 1bn),commercial real estate heavy,0.219545,0.025179,0.007491324999999999,0.007913719420701189,False,False
21883,community (under 1bn),diversified,0.690754,0.073115,0.022142625000000003,0.030943892919457542,False,False
21897,community (under 1bn),mortgage portfolio lender,0.207924,0.013598,0.005794635,0.0055064483432006655,True,True
21906,midsize (1 to 10bn),commercial real estate heavy,1.183847,0.141113,0.04133085,0.04227766104133526,False,False
21928,community (under 1bn),diversified,0.351255,0.035493,0.008956295000000001,0.0027246541928919697,False,False
21943,midsize (1 to 10bn),commercial real estate heavy,9.929055,1.17245,0.33697478500000005,0.1763409129127555,False,False
21955,community (under 1bn),commercial real estate heavy,0.333326,0.029157,0.01246881,0.0046604774552800425,False,False
21956,midsize (1 to 10bn),diversified,2.01808,0.236998,0.06294064,0.01749403812762286,False,False
21978,community (under 1bn),commercial real estate heavy,0.608627,0.069426,0.021330635,0.049689530316895776,False,True
21988,community (under 1bn),diversified,0.318388,0.039209,0.005207715,0.0032774284016547114,False,False
21998,community (under 1bn),diversified,0.109173,0.014936,0.0020748900000000002,0.000553492984201397,False,False
22015,community (under 1bn),diversified,0.611858,0.069567,0.01879558,0.006495531996518109,False,False
22020,community (under 1bn),diversified,0.59189,0.04982,0.019215415,0.03367216879743863,False,True
22046,community (under 1bn),diversified,0.249101,0.034124,0.004955174999999999,0.0026829915902220926,False,False
2205,community (under 1bn),diversified,0.277449,0.025097,0.00709928,0.0023660835676274825,False,False
22065,community (under 1bn),commercial real estate heavy,0.712799,0.072943,0.025521375,0.005654636667576543,False,False
22086,community (under 1bn),commercial real estate heavy,0.245204,0.029415,0.01015532,0.0037683752693765215,False,False
2208,community (under 1bn),diversified,0.982644,0.075312,0.023429095,0.009362776955041978,False,False
22090,community (under 1bn),diversified,0.427611,0.041566,0.014320910000000001,0.01323354619608516,False,False
22092,community (under 1bn),commercial real estate heavy,0.754705,0.095461,0.025875085000000003,0.013257853671228108,False,False
22134,midsize (1 to 10bn),commercial real estate heavy,3.486738,0.365522,0.12421496500000001,0.02295947188639338,False,False
22138,community (under 1bn),diversified,0.361512,0.037585,0.00982199,0.00854676476112728,False,False
22180,midsize (1 to 10bn),diversified,1.050843,0.150676,0.029291755000000003,0.014339378563049522,False,False
22205,community (under 1bn),commercial real estate heavy,0.829615,0.069739,0.031622495,0.004434724282330316,False,False
22229,community (under 1bn),diversified,0.078539,0.010459,0.001346465,0.000928957632956175,False,False
22242,community (under 1bn),commercial real estate heavy,0.253441,0.021933,0.0060430150000000005,0.0014034447448869657,False,False
2224,community (under 1bn),diversified,0.802733,0.082411,0.010353455,0.0022701439801475222,False,False
22257,midsize (1 to 10bn),commercial real estate heavy,3.613411,0.361211,0.11702537500000001,0.4411661694210424,False,True
22263,community (under 1bn),diversified,0.081761,0.008868,0.00112891,0.00047538383697842647,False,False
22271,community (under 1bn),diversified,0.372698,0.072097,0.00599405,0.004280614260563125,False,False
22273,community (under 1bn),commercial real estate heavy,0.152386,0.020434,0.0053637549999999996,0.004737763205147295,False,False
22282,community (under 1bn),commercial real estate heavy,0.536612,0.07502,0.021816195000000004,0.025016936295471318,False,False
2228,community (under 1bn),diversified,0.296177,0.025638,0.006672534999999999,0.003131167816339348,False,False
2229,community (under 1bn),commercial real estate heavy,0.380994,0.04857,0.007026395,0.0036141630987521775,False,False
22308,midsize (1 to 10bn),commercial real estate heavy,1.212138,0.111035,0.047122425,0.048063517541414524,False,False
22319,midsize (1 to 10bn),diversified,1.845409,0.213972,0.072579775,0.012956278022494922,False,False
2232,midsize (1 to 10bn),diversified,1.298471,0.138161,0.03359576,0.009381297105901364,False,False
22334,midsize (1 to 10bn),commercial real estate heavy,2.627958,0.334343,0.10784607000000002,0.0839993435190712,False,False
22340,community (under 1bn),diversified,0.568688,0.073598,0.011186910000000001,0.0024094858475859028,False,False
22354,midsize (1 to 10bn),commercial real estate heavy,2.355536,0.260015,0.091612265,0.055926860803800875,False,False
22355,community (under 1bn),diversified,0.057889,0.008918,0.0015995900000000001,0.0009204587468840608,False,False
22358,community (under 1bn),diversified,0.129201,0.015896,0.00089671,0.00020683177873874763,False,False
22366,community (under 1bn),commercial real estate heavy,0.658463,0.106568,0.024355554999999997,0.006317160731037885,False,False
22373,midsize (1 to 10bn),commercial real estate heavy,2.536428,0.255839,0.08467988,0.014941875266531391,False,False
22381,community (under 1bn),diversified,0.266425,0.027581,0.00375023,0.001579251557276173,False,False
22394,community (under 1bn),diversified,0.735215,0.134343,0.018240565000000004,0.005673282859031989,False,False
22396,midsize (1 to 10bn),diversified,1.474092,0.144045,0.05102408,0.010318869591657035,False,False
22398,community (under 1bn),C and I heavy,0.648549,0.064585,0.02043839,0.010984021331808765,False,False
2240,midsize (1 to 10bn),commercial real estate heavy,1.914506,0.227211,0.053641235,0.02801292546568397,False,False
2241,midsize (1 to 10bn),commercial real estate heavy,1.066187,0.099218,0.03833207500000001,0.013112011101887045,False,False
22430,community (under 1bn),diversified,0.044269,0.006469,0.00103443,0.0001779227047274716,False,False
22434,community (under 1bn),diversified,0.242849,0.030078,0.00877752,0.001558528737807724,False,False
22447,community (under 1bn),diversified,0.311982,0.03038,0.005593625,0.0029111237204736675,False,False
22448,community (under 1bn),diversified,0.082071,0.008665,0.00212022,0.001634486165844525,False,False
2244,community (under 1bn),diversified,0.443786,0.044534,0.009078494999999999,0.004266972969783637,False,False
22451,midsize (1 to 10bn),diversified,3.043615,0.293804,0.09214503,0.03648231999423675,False,False
22460,community (under 1bn),commercial real estate heavy,0.30038,0.024071,0.008102015,0.002359634254539709,False,False
2247,community (under 1bn),diversified,0.176341,0.017041,0.00535698,0.0024074906428829556,False,False
2249,community (under 1bn),diversified,0.325894,0.039479,0.0019784200000000003,0.00041743590085591674,False,False
22514,community (under 1bn),commercial real estate heavy,0.170869,0.026762,0.0051213000000000005,0.019436154408896518,False,False
22526,community (under 1bn),mortgage portfolio lender,0.238494,0.03987,0.00764142,0.0022490405079268767,False,False
22536,community (under 1bn),commercial real estate heavy,0.396243,0.040385,0.014682120000000002,0.0263413522663094,False,True
22537,midsize (1 to 10bn),commercial real estate heavy,1.424772,0.161139,0.041505715,0.01934645269386366,False,False
22549,community (under 1bn),diversified,0.031605,0.008886,0.00035967,0.00014691513884428745,False,False
22559,midsize (1 to 10bn),diversified,3.809909,0.373666,0.09750858999999999,0.11988665970832908,False,False
22567,community (under 1bn),mortgage portfolio lender,0.132764,0.015992,0.00297972,0.0009434346237930615,False,False
22578,community (under 1bn),commercial real estate heavy,0.321642,0.037142,0.01092643,0.0027441416728531927,False,False
22597,midsize (1 to 10bn),commercial real estate heavy,3.718414,0.443911,0.09234901000000001,0.06478825093002268,False,False
22598,community (under 1bn),diversified,0.12599,0.011324,0.0024685949999999996,0.0033224963892807048,False,False
22600,community (under 1bn),diversified,0.304073,0.043549,0.004019775,0.0006698216062991391,False,False
22601,community (under 1bn),diversified,0.188086,0.014743,0.0049949,0.0006727051322067462,False,False
22636,community (under 1bn),diversified,0.25023,0.024314,0.002985765,0.0005005425186782226,False,False
22639,community (under 1bn),diversified,0.216271,0.024963,0.00476108,0.0008763240101181007,False,False
22653,midsize (1 to 10bn),card-heavy,5.442537,0.493805,0.0019188999999999999,0.005663444920213452,False,False
22669,community (under 1bn),commercial real estate heavy,0.217464,0.026591,0.003473265,0.0007856742514196497,False,False
226,community (under 1bn),diversified,0.279225,0.034512,0.004245825,0.001097719949965006,False,False
2270,regional (10 to 100bn),diversified,89.041284,8.433843,2.39183287,2.346832312829094,False,False
22717,community (under 1bn),diversified,0.318806,0.034792,0.009223445,0.0020654003368995744,False,False
22738,community (under 1bn),commercial real estate heavy,0.840298,0.085861,0.030607665,0.016888102696002688,False,False
22739,community (under 1bn),diversified,0.398683,0.039538,0.012739085,0.005718763031495235,False,False
2273,community (under 1bn),C and I heavy,0.132946,0.013916,0.00090601,0.0009835091488703824,False,False
22756,community (under 1bn),diversified,0.319039,0.034923,0.009321814999999999,0.018357356915306888,False,False
22811,community (under 1bn),commercial real estate heavy,0.158957,0.025552,0.005947165,0.010172393092184607,False,False
22835,community (under 1bn),C and I heavy,0.067523,0.008031,0.00114676,0.00043884265570202436,False,False
22839,community (under 1bn),C and I heavy,0.065533,0.016369,0.0004965600000000001,0.00018605610605906733,False,False
2284,community (under 1bn),diversified,0.426886,0.042403,0.01353316,0.017462352438050822,False,False
22858,regional (10 to 100bn),diversified,33.638881,3.691817,1.117770685,0.6377867735300284,False,False
2285,community (under 1bn),diversified,0.747848,0.056432,0.022838665,0.008344646581749543,False,False
22867,community (under 1bn),C and I heavy,0.346918,0.036333,0.004679475000000001,0.0005638471717411258,False,False
2286,community (under 1bn),diversified,0.569249,0.044881,0.015882765,0.0028523679586030084,False,False
22874,community (under 1bn),diversified,0.71752,0.079996,0.020892404999999996,0.0033384116529427276,False,False
22876,midsize (1 to 10bn),diversified,1.208499,0.107664,0.024599565,0.017794293047088093,False,False
22888,community (under 1bn),diversified,0.19323,0.025644,0.004458365,0.0014438953890566818,False,False
22895,community (under 1bn),diversified,0.317563,0.042656,0.00268822,0.001152808372756289,False,False
228,midsize (1 to 10bn),diversified,1.447885,0.157565,0.034682655,0.011200378703096023,False,False
22918,midsize (1 to 10bn),diversified,4.275801,0.423772,0.112222715,0.06774773214650771,False,False
22925,community (under 1bn),commercial real estate heavy,0.191242,0.028277,0.004804445,0.007665733948039091,False,False
22942,community (under 1bn),diversified,0.144589,0.019003,0.00391304,0.002012454092663437,False,False
22953,regional (10 to 100bn),diversified,10.274427,0.995909,0.29329594000000003,0.27400982735648255,False,False
22954,community (under 1bn),mortgage portfolio lender,0.052591,0.009735,0.001399615,0.0003740053751444762,False,False
22957,midsize (1 to 10bn),diversified,2.881219,0.295621,0.05848315,0.04673652740194956,False,False
22964,community (under 1bn),commercial real estate heavy,0.794385,0.084269,0.021926395,0.005512003808454345,False,False
22971,community (under 1bn),diversified,0.305633,0.037448,0.008570804999999999,0.002672254087428637,False,False
22993,community (under 1bn),diversified,0.173027,0.022045,0.00474536,0.0007945160520156487,False,False
23007,community (under 1bn),commercial real estate heavy,0.825432,0.091847,0.030255030000000002,0.0073309206008910525,False,False
2300,community (under 1bn),mortgage portfolio lender,0.10784,0.014185,0.0025539300000000003,0.00041726492081019527,False,False
2301,community (under 1bn),diversified,0.160039,0.015441,0.0014784099999999999,0.0006891699159871685,False,False
23030,midsize (1 to 10bn),commercial real estate heavy,5.024446,0.52296,0.17113582,0.11597918573642195,False,False
23041,midsize (1 to 10bn),commercial real estate heavy,1.263711,0.138101,0.035717755,0.017255030159151245,False,False
23086,community (under 1bn),diversified,0.517936,0.139462,0.016931965,0.00484923688737829,False,False
2308,community (under 1bn),diversified,0.068812,0.008445,0.0006883400000000001,0.00075736069853354,False,False
23091,midsize (1 to 10bn),diversified,6.694329,0.742281,0.18458142999999996,0.14661106293996576,False,False
23099,community (under 1bn),diversified,0.154438,0.018019,0.00072035,0.0009602413789081099,False,False
230,community (under 1bn),diversified,0.345777,0.035709,0.0046557049999999996,0.0011819928389646187,False,False
23123,community (under 1bn),mortgage portfolio lender,0.551838,0.04797,0.013840995,0.01555497394462121,False,False
23126,community (under 1bn),mortgage portfolio lender,0.095102,0.011867,0.0023649799999999996,0.0029666946551643305,False,False
23144,community (under 1bn),diversified,0.659836,0.101178,0.01673799,0.003827831419558878,False,False
23152,community (under 1bn),diversified,0.402581,0.058118,0.009612125000000001,0.0035429602203556573,False,False
2315,midsize (1 to 10bn),diversified,2.84287,0.296034,0.081606065,0.05700731587184461,False,False
2317,community (under 1bn),mortgage portfolio lender,0.241168,0.024051,0.006708224999999999,0.004765487876535324,False,False
23189,community (under 1bn),diversified,0.303484,0.026596,0.005852179999999999,0.010637232471391093,False,False
231,community (under 1bn),mortgage portfolio lender,0.34884,0.028764,0.00932496,0.002035337600206828,False,False
2320,community (under 1bn),diversified,0.166708,0.020937,0.0026391,0.0003191196644063028,False,False
23210,community (under 1bn),commercial real estate heavy,0.433575,0.058669,0.014141395,0.01375895324565141,False,False
23220,midsize (1 to 10bn),diversified,8.984913,0.844827,0.24426524,0.16901623439332786,False,False
23242,community (under 1bn),commercial real estate heavy,0.102578,0.041963,0.004333965,0.0005134356716005465,False,False
23257,community (under 1bn),commercial real estate heavy,0.441882,0.039722,0.01317734,0.0652762805535862,False,True
2326,community (under 1bn),commercial real estate heavy,0.612338,0.055204,0.02018182,0.009164162767121743,False,False
23270,community (under 1bn),diversified,0.088265,0.011075,0.0008472000000000001,0.00030525240883946873,False,False
23275,midsize (1 to 10bn),commercial real estate heavy,2.277465,0.260803,0.07064823,0.08967690051114177,False,False
2327,community (under 1bn),diversified,0.463077,0.048568,0.013229540000000001,0.006642193560618783,False,False
23286,midsize (1 to 10bn),diversified,1.856605,0.163572,0.059170270000000004,0.0166427981684129,False,False
23287,midsize (1 to 10bn),mortgage portfolio lender,5.619396,0.609514,0.15418379499999996,0.031175545874706338,False,False
2328,community (under 1bn),diversified,0.097359,0.011494,0.00105201,0.0002263780130244878,False,False
23293,midsize (1 to 10bn),mortgage portfolio lender,2.014204,0.248879,0.050659459999999996,0.00791315407463493,False,False
23296,midsize (1 to 10bn),diversified,8.820482,0.901771,0.28728661,0.10906277465226108,False,False
23298,midsize (1 to 10bn),mortgage portfolio lender,1.439099,0.17411,0.021840554999999998,0.003465778031054905,False,False
232,community (under 1bn),diversified,0.122478,0.029329,0.0037475550000000005,0.003913933675536451,False,False
2331,community (under 1bn),commercial real estate heavy,0.06188,0.007587,0.0019089800000000002,0.0012749158766597415,False,False
23373,community (under 1bn),diversified,0.101406,0.013068,0.004172625,0.006506396845390426,False,False
23376,community (under 1bn),commercial real estate heavy,0.444259,0.066017,0.01368632,0.016430671138431,False,False
23404,community (under 1bn),commercial real estate heavy,0.139923,0.018094,0.00448347,0.003065066015261897,False,False
23430,community (under 1bn),commercial real estate heavy,0.250837,0.031613,0.005270615,0.0014511621332572238,False,False
23472,midsize (1 to 10bn),diversified,1.372597,0.453645,0.0,0.0,False,False
23473,midsize (1 to 10bn),commercial real estate heavy,2.978571,0.306404,0.10813448,0.13360824259058213,False,False
23474,midsize (1 to 10bn),commercial real estate heavy,5.505445,0.504338,0.14917694499999998,0.09691519491071857,False,False
23498,midsize (1 to 10bn),C and I heavy,7.399039,0.681881,0.18376019999999998,0.2722049781732927,False,False
234,community (under 1bn),diversified,0.122569,0.03197,0.00070426,0.0001873191195708623,False,False
23523,community (under 1bn),diversified,0.158861,0.017764,0.003405265,0.0020538482863119243,False,False
23537,midsize (1 to 10bn),diversified,1.468595,0.2061,0.034624915000000006,0.13651834634258345,False,False
23546,community (under 1bn),diversified,0.382221,0.05854,0.010778780000000002,0.0017249077426262432,False,False
23551,community (under 1bn),diversified,0.143606,0.023128,0.00172086,0.0004028230803072306,False,False
23597,community (under 1bn),diversified,0.375882,0.040531,0.009588625,0.0014434248145693605,False,False
2359,community (under 1bn),diversified,0.642783,0.05487,0.012072884999999998,0.00822130543680096,False,False
235,community (under 1bn),diversified,0.49227,0.054457,0.0065111349999999995,0.0013624360795987977,False,False
23620,midsize (1 to 10bn),diversified,2.60058,0.296553,0.08264452,0.02891997204355744,False,False
23622,midsize (1 to 10bn),diversified,3.259107,0.460295,0.12094596,0.04347678990451809,False,False
23623,midsize (1 to 10bn),diversified,6.551001,0.578612,0.208242185,0.1206537255093813,False,False
23627,midsize (1 to 10bn),diversified,7.054835,1.053392,0.20137196500000004,0.11365811308922472,False,False
23647,midsize (1 to 10bn),diversified,2.960509,0.431181,0.048789245,0.03440577422363872,False,False
23737,community (under 1bn),diversified,0.540408,0.077341,0.016130765000000002,0.005415490540499293,False,False
23741,community (under 1bn),diversified,0.109032,0.056662,0.0,0.0,False,False
23749,community (under 1bn),commercial real estate heavy,0.276407,0.034829,0.010811295,0.007886779673945504,False,False
23764,community (under 1bn),diversified,0.324823,0.033097,0.011412535000000001,0.0037557515273021792,False,False
23772,community (under 1bn),commercial real estate heavy,0.762489,0.093406,0.00914258,0.009534755505240775,False,False
23798,community (under 1bn),mortgage portfolio lender,0.384215,0.061041,0.005368950000000001,0.002928871473895275,False,False
23799,midsize (1 to 10bn),commercial real estate heavy,2.345157,0.23512,0.06251855,0.013593547908855051,False,False
2379,community (under 1bn),diversified,0.138467,0.030205,0.002769645,0.0028423284959766,False,False
23805,community (under 1bn),commercial real estate heavy,0.191036,0.03231,0.00841508,0.006971649444578741,False,False
23806,midsize (1 to 10bn),diversified,1.105812,0.094483,0.034549210000000004,0.008447652060376683,False,False
2380,community (under 1bn),diversified,0.662057,0.054276,0.018521054999999998,0.007039537499926094,False,False
23815,community (under 1bn),diversified,0.353843,0.050084,0.008026619999999998,0.005339994323034415,False,False
23826,community (under 1bn),C and I heavy,0.038466,0.014897,0.00025602999999999997,0.0001413500301834932,False,False
23864,community (under 1bn),commercial real estate heavy,0.264445,0.043932,0.009688775,0.002701964381440698,False,False
23886,community (under 1bn),diversified,0.625218,0.067456,0.020475,0.004709611034572026,False,False
2391,community (under 1bn),diversified,0.224072,0.023806,0.00409877,0.0008972730419435344,False,False
23966,community (under 1bn),diversified,0.637943,0.06549,0.022381895000000002,0.02381024181663886,False,False
23986,community (under 1bn),commercial real estate heavy,0.129762,0.013349,0.00354265,0.0009470131720121767,False,False
23989,community (under 1bn),mortgage portfolio lender,0.093453,0.011759,0.00231853,0.0010052782649138737,False,False
23992,midsize (1 to 10bn),commercial real estate heavy,2.236949,0.333648,0.081088735,0.09995300929119608,False,False
23998,midsize (1 to 10bn),commercial real estate heavy,1.382642,0.194413,0.05723199500000001,0.13652365752811116,False,False
24015,community (under 1bn),commercial real estate heavy,0.383224,0.047609,0.010892360000000002,0.010393946743470559,False,False
24038,community (under 1bn),mortgage portfolio lender,0.027645,0.015214,0.0004967849999999999,6.727741101879937e-05,False,False
24045,regional (10 to 100bn),diversified,34.899077,3.292524,0.91571417,1.883302556398527,False,False
24064,community (under 1bn),diversified,0.081683,0.013035,0.0007118700000000001,0.00026370424462083023,False,False
24085,community (under 1bn),diversified,0.108781,0.013552,0.001339355,0.0010643299976974005,False,False
24156,midsize (1 to 10bn),commercial real estate heavy,7.625472,0.753253,0.31444087500000006,0.4070083641444295,False,False
24170,midsize (1 to 10bn),commercial real estate heavy,7.954215,0.912635,0.3019445,0.7088708216706654,False,True
24199,community (under 1bn),commercial real estate heavy,0.20928,0.033551,0.007445125,0.012999151211821259,False,False
24211,community (under 1bn),commercial real estate heavy,0.152608,0.025499,0.004084405,0.0015707571443328205,False,False
24303,community (under 1bn),diversified,0.078399,0.012024,0.002723305,0.0019262116434057112,False,False
24305,community (under 1bn),diversified,0.301095,0.039833,0.006302565,0.001247155934417944,False,False
24332,community (under 1bn),commercial real estate heavy,0.515839,0.24118,0.021247345,0.002934330463604599,False,False
24347,midsize (1 to 10bn),commercial real estate heavy,3.283357,0.435704,0.08410845500000001,0.035678012445227406,False,False
24353,community (under 1bn),commercial real estate heavy,0.662791,0.083009,0.020450845000000002,0.010500674355010816,False,False
24367,community (under 1bn),mortgage portfolio lender,0.06198,0.008491,0.001545135,0.00025612635802823853,False,False
24387,midsize (1 to 10bn),C and I heavy,2.85972,0.498532,0.11646478999999998,0.03967710922110648,False,False
2443,midsize (1 to 10bn),mortgage portfolio lender,1.026081,0.133892,0.031501215,0.010442871625799485,False,False
24443,community (under 1bn),mortgage portfolio lender,0.122932,0.012908,0.0029647249999999997,0.0005817850462651963,False,False
2444,community (under 1bn),mortgage portfolio lender,0.135903,0.020183,0.0026006149999999997,0.001802661764456916,False,False
24472,community (under 1bn),commercial real estate heavy,0.691486,0.071865,0.020103435,0.006705301741506017,False,False
2448,community (under 1bn),mortgage portfolio lender,0.191136,0.026347,0.005681080000000001,0.0019134856370169218,False,False
24498,community (under 1bn),diversified,0.308794,0.031151,0.004704989999999999,0.000977763689602647,False,False
24516,midsize (1 to 10bn),diversified,2.677078,0.271819,0.06747506,0.01839493161566279,False,False
2452,community (under 1bn),diversified,0.300343,0.026951,0.0072540899999999995,0.001748756080233677,False,False
2453,community (under 1bn),mortgage portfolio lender,0.274894,0.022894,0.008156935,0.003686960358438424,False,False
24540,midsize (1 to 10bn),commercial real estate heavy,1.819911,0.302364,0.085212245,0.014721995955469325,False,False
2455,community (under 1bn),diversified,0.421899,0.038155,0.0107775,0.004254843363385143,False,False
24563,midsize (1 to 10bn),commercial real estate heavy,2.204656,0.278294,0.05550781000000001,0.02936726433073382,False,False
245,community (under 1bn),diversified,0.486033,0.046713,0.015313995000000002,0.00826967328671436,False,False
24603,community (under 1bn),commercial real estate heavy,0.565931,0.057135,0.01300262,0.007110581263333817,False,False
24677,community (under 1bn),diversified,0.228559,0.027787,0.007272095,0.00378857880305357,False,False
2467,community (under 1bn),diversified,0.237585,0.020882,0.006966529999999999,0.004752795989369986,False,False
2468,community (under 1bn),diversified,0.725616,0.080919,0.026157275,0.03206614617088378,False,False
2469,community (under 1bn),diversified,0.206034,0.025568,0.005618865,0.004134274842791292,False,False
2477,community (under 1bn),mortgage portfolio lender,0.268267,0.02791,0.008682505,0.0015444469286374852,False,False
24823,midsize (1 to 10bn),diversified,1.617291,0.13296,0.06225739500000001,0.1534999059754186,False,True
24829,community (under 1bn),commercial real estate heavy,0.942042,0.15344,0.030355470000000002,0.043478246353714924,False,False
2482,community (under 1bn),mortgage portfolio lender,0.286546,0.042287,0.00639571,0.001410286358806482,False,False
24865,community (under 1bn),commercial real estate heavy,0.147466,0.021059,0.00373277,0.0014982339016768233,False,False
24867,community (under 1bn),mortgage portfolio lender,0.254909,0.05648,0.00019704,8.2413620785795e-05,False,False
24897,midsize (1 to 10bn),diversified,2.541691,0.322359,0.068583145,0.07154155305762194,False,False
248,community (under 1bn),diversified,0.291895,0.025206,0.009049965,0.001546416511979065,False,False
24902,community (under 1bn),mortgage portfolio lender,0.078242,0.011076,0.00153146,0.00032060869413583063,False,False
24919,midsize (1 to 10bn),diversified,1.220465,0.123929,0.030049665,0.015170671843606024,False,False
24920,midsize (1 to 10bn),commercial real estate heavy,4.116181,0.539042,0.14256911500000002,0.1483551051168793,False,False
24922,community (under 1bn),diversified,0.599377,0.070215,0.009356415,0.005102429781797812,False,False
24938,community (under 1bn),diversified,0.065173,0.063933,0.0,0.0,False,False
24961,community (under 1bn),diversified,0.567779,0.075023,0.0053345300000000005,0.004237557629698975,False,False
24966,community (under 1bn),diversified,0.218062,0.019735,0.005411845,0.0026263919666956502,False,False
2496,community (under 1bn),mortgage portfolio lender,0.317995,0.027208,0.008541584999999999,0.0011127864332162775,False,False
24998,regional (10 to 100bn),diversified,35.01732,4.004071,0.7869235850000001,0.3290544963947293,False,False
25054,community (under 1bn),diversified,0.065941,0.00176,0.0005586,0.000289960695161398,True,True
25093,midsize (1 to 10bn),commercial real estate heavy,2.837908,0.250174,0.09779757,0.01930885914489087,False,False
25103,midsize (1 to 10bn),diversified,5.388227,0.571673,0.17085463,0.22641180534691868,False,False
25158,community (under 1bn),mortgage portfolio lender,0.683726,0.08206,0.018449525,0.009925999590663828,False,False
25173,community (under 1bn),mortgage portfolio lender,0.458359,0.042457,0.015159269999999999,0.002722525369008823,False,False
25178,regional (10 to 100bn),mortgage portfolio lender,14.814,1.944,0.28314,0.2967732817390651,False,False
251,community (under 1bn),diversified,0.065225,0.007864,0.000482905,0.0012676174034653236,False,False
25247,community (under 1bn),commercial real estate heavy,0.98297,0.170713,0.02348536,0.011054412281285142,False,False
25249,community (under 1bn),commercial real estate heavy,0.949272,0.093757,0.028372675,0.05016874683246949,False,False
25258,midsize (1 to 10bn),diversified,2.373337,0.217892,0.05235464499999999,0.07968051406982857,False,False
25267,community (under 1bn),diversified,0.494589,0.045503,0.010670115,0.0023675717659969262,False,False
25291,community (under 1bn),diversified,0.581917,0.054835,0.00892098,0.001634654975929118,False,False
252,community (under 1bn),commercial real estate heavy,0.324441,0.046443,0.01019677,0.007002388666202443,False,False
25328,community (under 1bn),diversified,0.203364,0.026211,0.006398645,0.009799639740375886,False,False
253,midsize (1 to 10bn),diversified,2.341323,0.221057,0.06437159,0.00941247520261451,False,False
254,community (under 1bn),diversified,0.287508,0.033964,0.0033729700000000003,0.00044853190096829233,False,False
25591,community (under 1bn),diversified,0.062056,0.011411,0.0006255849999999999,0.000507468406824123,False,False
25620,midsize (1 to 10bn),card-heavy,2.439105,0.649874,0.29610840000000005,0.8180891670494934,False,True
25621,community (under 1bn),commercial real estate heavy,0.768884,0.078599,0.020599595000000002,0.0050684468624540725,False,False
25644,community (under 1bn),commercial real estate heavy,0.164379,0.019791,0.006017785,0.00790224044350283,False,False
25665,community (under 1bn),diversified,0.853137,0.082903,0.014801819999999999,0.011288453195979466,False,False
25677,community (under 1bn),diversified,0.024092,0.022735,0.0,0.0,False,False
25679,midsize (1 to 10bn),commercial real estate heavy,4.561812,0.672371,0.07664548,0.017237647335318903,False,False
25703,community (under 1bn),commercial real estate heavy,0.192365,0.0198,0.004756144999999999,0.002710631757606919,False,False
25726,community (under 1bn),diversified,0.357181,0.053263,0.010710535,0.0037804899728935606,False,False
25738,midsize (1 to 10bn),commercial real estate heavy,1.474578,0.14186,0.0505559,0.059487250740530614,False,False
25749,community (under 1bn),commercial real estate heavy,0.152994,0.035593,0.005184525,0.0007118809246152415,False,False
25752,community (under 1bn),mortgage portfolio lender,0.315479,0.03733,0.010011264999999998,0.0013841212504642052,False,False
25795,community (under 1bn),commercial real estate heavy,0.563262,0.061618,0.013474174999999998,0.0040065946815530315,False,False
25803,community (under 1bn),diversified,0.177458,0.040147,0.006414459999999999,0.01302259087374768,False,False
25824,community (under 1bn),diversified,0.016125,0.011065,0.0,0.0,False,False
25849,community (under 1bn),diversified,0.341431,0.051248,0.005842450000000001,0.012514774674397388,False,False
25858,midsize (1 to 10bn),diversified,7.714314,0.764162,0.21493236500000001,0.10656984459838509,False,False
25869,community (under 1bn),commercial real estate heavy,0.23024,0.030239,0.00876346,0.012503969937196399,False,False
25883,community (under 1bn),diversified,0.649615,0.136049,0.018124824999999997,0.006333691780076107,False,False
25886,midsize (1 to 10bn),commercial real estate heavy,1.423994,0.139432,0.03748268,0.011374526119777247,False,False
25894,community (under 1bn),diversified,0.477821,0.090348,0.018864605,0.05021574613824344,False,False
258,regional (10 to 100bn),diversified,10.360306,1.038966,0.35067278500000004,0.2030145649690471,False,False
25927,community (under 1bn),diversified,0.70998,0.0,0.0,0.0,True,True
26021,community (under 1bn),mortgage portfolio lender,0.169492,0.032326,0.003233295,0.0009086451169635391,False,False
26028,community (under 1bn),C and I heavy,0.449643,0.0,0.014358180000000002,0.00408197961197969,True,True
2608,community (under 1bn),mortgage portfolio lender,0.444849,0.04622,0.010249089999999999,0.001525844026315253,False,False
2616,community (under 1bn),mortgage portfolio lender,0.146508,0.013419,0.004546425,0.0014460275526152493,False,False
26181,community (under 1bn),diversified,0.852407,0.085937,0.028083575,0.016277506628589008,False,False
26185,community (under 1bn),diversified,0.5479,0.050212,0.013402235,0.005077496060368484,False,False
26189,community (under 1bn),diversified,0.190977,0.04064,0.00651866,0.0007660712903591448,False,False
26217,community (under 1bn),diversified,0.497495,0.046025,0.00709073,0.0009908928866996336,False,False
26223,midsize (1 to 10bn),commercial real estate heavy,2.277487,0.311278,0.10095111,0.016460340897605858,False,False
26228,community (under 1bn),diversified,0.134243,0.016862,0.00186885,0.0007343525610169622,False,False
26260,community (under 1bn),diversified,0.071783,0.005914,0.00175333,0.00027749284965814365,False,False
26271,community (under 1bn),commercial real estate heavy,0.255441,0.031306,0.011763780000000001,0.00579280634079603,False,False
26299,midsize (1 to 10bn),commercial real estate heavy,1.61017,0.171368,0.046603205,0.0632828809831217,False,False
262,community (under 1bn),mortgage portfolio lender,0.250355,0.020701,0.008068565,0.007477936422639346,False,False
26312,midsize (1 to 10bn),diversified,9.23036,0.684531,0.0,0.0,False,False
26323,community (under 1bn),diversified,0.713145,0.070945,0.02139239,0.08970320592755553,False,True
26333,midsize (1 to 10bn),diversified,1.309654,0.139819,0.038002225,0.008536350596937844,False,False
26336,midsize (1 to 10bn),mortgage portfolio lender,2.068136,0.195553,0.065388855,0.012676009734921962,False,False
26342,midsize (1 to 10bn),mortgage portfolio lender,9.594495,0.980958,0.11078529000000001,0.06891702826767913,False,False
26351,community (under 1bn),C and I heavy,0.224864,0.027616,0.006736005,0.0072277003588292815,False,False
26358,community (under 1bn),mortgage portfolio lender,0.183761,0.013376,0.00565176,0.0014198801357032948,False,False
26363,community (under 1bn),auto-heavy,0.422736,0.063348,0.017779174999999998,0.007772553327770413,False,False
26379,community (under 1bn),commercial real estate heavy,0.408846,0.047621,0.010436675000000001,0.004625700938049471,False,False
26381,midsize (1 to 10bn),commercial real estate heavy,1.552898,0.158411,0.04747973500000001,0.02767094586102782,False,False
26392,community (under 1bn),diversified,0.141395,0.13373,0.0,0.0,False,False
26393,community (under 1bn),mortgage portfolio lender,0.451501,0.060732,0.012843934999999999,0.00972378568972401,False,False
26395,midsize (1 to 10bn),diversified,1.217844,0.262466,0.035351095,0.011249522085676672,False,False
26397,community (under 1bn),mortgage portfolio lender,0.901813,0.109954,0.01959884,0.008549068419383148,False,False
26411,community (under 1bn),mortgage portfolio lender,0.636836,0.072493,0.018365964999999998,0.009210279342600462,False,False
26416,community (under 1bn),diversified,0.073022,0.009507,0.000961195,0.003125207507159848,False,False
26442,community (under 1bn),diversified,0.897724,0.086263,0.028161895,0.006942037270120118,False,False
26444,midsize (1 to 10bn),diversified,1.67123,0.161943,0.06357462,0.007675509325079685,False,False
26450,community (under 1bn),mortgage portfolio lender,0.154823,0.023541,0.0038646249999999996,0.0007027418479130853,False,False
26451,midsize (1 to 10bn),diversified,1.310138,0.126262,0.04113033,0.02897683818667697,False,False
26455,community (under 1bn),diversified,0.783177,0.090888,0.0277998,0.004097292833520172,False,False
26483,midsize (1 to 10bn),diversified,7.416433,0.780567,0.29193088,0.185267215838607,False,False
26484,midsize (1 to 10bn),diversified,3.324667,0.365366,0.10636403999999999,0.01730774531849538,False,False
26487,community (under 1bn),commercial real estate heavy,0.64647,0.121786,0.027137700000000004,0.003245927350432511,False,False
26499,community (under 1bn),mortgage portfolio lender,0.47322,0.051638,0.016032775,0.01321808956591197,False,False
26512,community (under 1bn),mortgage portfolio lender,0.141259,0.01332,0.003921389999999999,0.000999575774923614,False,False
26513,community (under 1bn),mortgage portfolio lender,0.135153,0.013554,0.0034895300000000002,0.0006727225728045401,False,False
26517,midsize (1 to 10bn),mortgage portfolio lender,1.676041,0.161036,0.05753751,0.022924974484962408,False,False
26520,community (under 1bn),mortgage portfolio lender,0.146805,0.018689,0.0037380049999999995,0.0014334701871117981,False,False
26522,community (under 1bn),diversified,0.617258,0.070696,0.0034004350000000003,0.0006779196187022528,False,False
26523,midsize (1 to 10bn),diversified,1.599494,0.179976,0.056868155000000004,0.018291457893791965,False,False
26530,community (under 1bn),commercial real estate heavy,0.522646,0.060938,0.01865777,0.01199061120590977,False,False
26536,community (under 1bn),mortgage portfolio lender,0.386866,0.033289,0.013082845000000001,0.00276201158493132,False,False
26539,community (under 1bn),diversified,0.278417,0.034255,0.00320132,0.0009688024144229048,False,False
26542,community (under 1bn),diversified,0.264575,0.026726,0.006598865,0.0038374640323172336,False,False
26554,community (under 1bn),mortgage portfolio lender,0.249,0.025632,0.00392126,0.000676156438671154,False,False
26555,midsize (1 to 10bn),diversified,1.051449,0.144626,0.04092105,0.015045295753103429,False,False
26559,community (under 1bn),diversified,0.918261,0.082668,0.0308918,0.005511674936144963,False,False
26564,community (under 1bn),diversified,0.631971,0.062186,0.01220168,0.0040568912515206255,False,False
26567,community (under 1bn),mortgage portfolio lender,0.087082,0.023926,0.0014255249999999998,0.0001903466368933894,False,False
26576,community (under 1bn),mortgage portfolio lender,0.192617,0.016201,0.0036067049999999995,0.0005142460248123299,False,False
26588,community (under 1bn),diversified,0.100605,0.009383,0.003229435,0.0009248216434099775,False,False
26591,community (under 1bn),mortgage portfolio lender,0.983644,0.111295,0.030035589999999997,0.004774747070232248,False,False
26602,community (under 1bn),mortgage portfolio lender,0.33606,0.027047,0.009548494999999999,0.001600747572158863,False,False
26610,regional (10 to 100bn),commercial real estate heavy,18.987133,1.980731,0.67639016,0.4533205662282501,False,False
26620,midsize (1 to 10bn),mortgage portfolio lender,1.186904,0.085069,0.03807392,0.035808305860776664,True,False
26622,community (under 1bn),diversified,0.014918,0.011683,0.0,0.0,False,False
26626,midsize (1 to 10bn),commercial real estate heavy,1.053439,0.166952,0.029316295,0.008340931371959761,False,False
26627,community (under 1bn),commercial real estate heavy,0.829755,0.078344,0.02285093,0.009012133707315899,False,False
26634,community (under 1bn),diversified,0.898764,0.107408,0.034200049999999996,0.008144982453858437,False,False
26647,midsize (1 to 10bn),diversified,5.622445,0.631039,0.208188785,0.17870352241726273,False,False
26653,community (under 1bn),mortgage portfolio lender,0.089277,0.011211,0.001929325,0.0003850763939791266,False,False
26658,community (under 1bn),commercial real estate heavy,0.056986,0.008216,0.0017962499999999999,0.000756744334497914,False,False
26677,community (under 1bn),commercial real estate heavy,0.310517,0.039688,0.009924370000000002,0.0048416409938142274,False,False
26687,community (under 1bn),mortgage portfolio lender,0.155169,0.016167,0.00446769,0.005870260572126305,False,False
26689,community (under 1bn),commercial real estate heavy,0.339507,0.172215,0.008599075,0.0024564583988257666,False,False
26703,community (under 1bn),commercial real estate heavy,0.494862,0.059349,0.017575794999999998,0.006705153987088227,False,False
26704,community (under 1bn),auto-heavy,0.394455,0.042581,0.020053395,0.02607255106281824,False,False
26708,community (under 1bn),commercial real estate heavy,0.126667,0.010444,0.004584500000000001,0.002075689783068323,False,False
26725,midsize (1 to 10bn),mortgage portfolio lender,3.472123,0.377528,0.082324815,0.039497937197737996,False,False
26727,community (under 1bn),commercial real estate heavy,0.174546,0.028245,0.006025345,0.0029006836244337914,False,False
26732,community (under 1bn),diversified,0.585825,0.29508,0.0,0.0,False,False
26738,community (under 1bn),commercial real estate heavy,0.264556,0.02971,0.006986975,0.005619015023639338,False,False
26755,community (under 1bn),mortgage portfolio lender,0.029891,0.00423,0.0011055549999999998,0.0004475868876883985,False,False
26760,community (under 1bn),diversified,0.758705,0.069567,0.01380516,0.006174780650278477,False,False
26790,community (under 1bn),diversified,0.835237,0.21534,0.026161445,0.08184884887797826,False,False
26798,community (under 1bn),commercial real estate heavy,0.108776,0.016713,0.004389695,0.0028654100170638483,False,False
26799,community (under 1bn),commercial real estate heavy,0.490603,0.134351,0.019355935,0.02760916353359633,False,False
267,community (under 1bn),mortgage portfolio lender,0.328451,0.051328,0.006560969999999999,0.004023658245651326,False,False
26816,community (under 1bn),diversified,0.011435,0.003099,0.0,0.0,False,False
26829,community (under 1bn),diversified,0.28001,0.029131,0.00730648,0.012798849301736978,False,False
2682,community (under 1bn),mortgage portfolio lender,0.07365,0.008543,0.00114458,0.00032818120176536216,False,False
26847,community (under 1bn),mortgage portfolio lender,0.141507,0.013225,0.003770875,0.0020569288406739536,False,False
26856,midsize (1 to 10bn),commercial real estate heavy,2.249533,0.311903,0.07291907,0.023026391744259998,False,False
26871,community (under 1bn),commercial real estate heavy,0.139427,0.020671,0.0042653149999999996,0.0034826575634416,False,False
26876,regional (10 to 100bn),diversified,15.692063,1.064701,0.064225505,0.01057758116093043,False,False
26881,regional (10 to 100bn),diversified,56.821411,7.078531,2.7470109050000002,3.5882089857601267,False,False
26891,community (under 1bn),mortgage portfolio lender,0.290249,0.039077,0.004373885,0.0013620429199046398,False,False
26906,midsize (1 to 10bn),commercial real estate heavy,2.949812,0.266733,0.08206529500000001,0.01382437906841492,False,False
26912,community (under 1bn),diversified,0.571241,0.065318,0.01521434,0.004841533373600002,False,False
2691,community (under 1bn),diversified,0.816053,0.079156,0.024810505,0.013878455887089528,False,False
26922,community (under 1bn),mortgage portfolio lender,0.548294,0.049918,0.017832775,0.007579039692671998,False,False
26941,community (under 1bn),diversified,0.050793,0.005385,0.001041295,0.00019974202278189924,False,False
26944,community (under 1bn),diversified,0.360813,0.039953,0.006117770000000001,0.00205151011864762,False,False
2695,community (under 1bn),diversified,0.371868,0.048226,0.01017211,0.0019135009413922153,False,False
26960,midsize (1 to 10bn),commercial real estate heavy,2.335767,0.165979,0.104299525,0.03213116260877201,True,False
26962,midsize (1 to 10bn),commercial real estate heavy,5.978782,0.659415,0.19924949500000003,0.08733148278675548,False,False
2700,midsize (1 to 10bn),diversified,1.282399,0.137783,0.032086795,0.010002247248300516,False,False
27010,community (under 1bn),auto-heavy,0.015527,0.001831,3.7800000000000002e-06,6.425444527248489e-06,False,False
27015,community (under 1bn),mortgage portfolio lender,0.182165,0.013767,0.005792225,0.004411744595492425,False,False
27026,community (under 1bn),diversified,0.362044,0.054579,0.00482115,0.005201839339183189,False,False
27043,community (under 1bn),commercial real estate heavy,0.224449,0.036652,0.0052205,0.0016034906682699046,False,False
27046,midsize (1 to 10bn),diversified,2.532014,0.227761,0.05725704999999999,0.02118075664353173,False,False
27052,midsize (1 to 10bn),C and I heavy,3.686173,0.340968,0.11617324000000001,0.07013715067735826,False,False
27054,midsize (1 to 10bn),diversified,3.918801,0.546601,0.0,0.0,False,False
27074,midsize (1 to 10bn),commercial real estate heavy,2.585922,0.427587,0.11482082000000002,0.01699141921258709,False,False
2708,community (under 1bn),diversified,0.230135,0.023086,0.006899140000000001,0.0030711442017641154,False,False
27102,community (under 1bn),diversified,0.079658,0.040662,0.0,0.0,False,False
27118,community (under 1bn),mortgage portfolio lender,0.370647,0.03475,0.008779035000000001,0.003829001040258478,False,False
2711,midsize (1 to 10bn),commercial real estate heavy,2.440347,0.261449,0.072707915,0.09652539787083961,False,False
2718,community (under 1bn),commercial real estate heavy,0.669889,0.090745,0.015503254999999999,0.009490207258746353,False,False
27201,community (under 1bn),diversified,0.089701,0.006785,0.0008066199999999999,0.0007409814496981402,False,False
2720,midsize (1 to 10bn),diversified,6.947398,0.913602,0.234143255,0.1602849942458457,False,False
27210,midsize (1 to 10bn),commercial real estate heavy,5.329352,0.578162,0.2096578,0.32008598441982367,False,False
27211,community (under 1bn),mortgage portfolio lender,0.94379,0.093951,0.02849095,0.015947802527971257,False,False
27219,community (under 1bn),commercial real estate heavy,0.151382,0.021163,0.00342607,0.0004761430305891918,False,False
27233,community (under 1bn),commercial real estate heavy,0.48568,0.045035,0.008231045000000001,0.007820050235799904,False,False
27235,midsize (1 to 10bn),diversified,3.230682,0.344226,0.07739906,0.04844776560268608,False,False
27237,regional (10 to 100bn),diversified,17.357139,1.678678,0.53265795,0.48936636972157926,False,False
27238,community (under 1bn),mortgage portfolio lender,0.946884,0.109956,0.023571739999999997,0.0033307759939136933,False,False
2723,community (under 1bn),commercial real estate heavy,0.163507,0.024164,0.0049162500000000005,0.0028481439762847397,False,False
27254,community (under 1bn),commercial real estate heavy,0.242176,0.030054,0.005684525,0.0007660981299082391,False,False
2725,community (under 1bn),mortgage portfolio lender,0.700903,0.065812,0.015365920000000002,0.008207623688037947,False,False
27267,midsize (1 to 10bn),commercial real estate heavy,1.084973,0.16101,0.041261215000000004,0.00595826610369784,False,False
27269,community (under 1bn),mortgage portfolio lender,0.494314,0.041075,0.012920595,0.0036076459083685297,False,False
27314,large (100 to 700bn),card-heavy,115.217,14.322,14.03556,20.69253156751022,True,True
2733,community (under 1bn),diversified,0.140539,0.013451,0.0036070649999999996,0.0028459052667140013,False,False
27351,community (under 1bn),diversified,0.255696,0.036813,0.00779956,0.004725461653355607,False,False
2735,community (under 1bn),diversified,0.258049,0.023595,0.007836225,0.005433813746473869,False,False
27362,community (under 1bn),diversified,0.840081,0.101275,0.020436165,0.009296232747689114,False,False
27381,midsize (1 to 10bn),diversified,1.012341,0.134258,0.026515095,0.004832931462911722,False,False
27385,community (under 1bn),mortgage portfolio lender,0.097175,0.02185,0.00359398,0.0008674837520102522,False,False
27389,midsize (1 to 10bn),mortgage portfolio lender,8.769681,1.681605,0.14236001999999998,0.019641204877162123,False,False
2738,community (under 1bn),mortgage portfolio lender,0.714152,0.080305,0.017804249999999997,0.014259123952533405,False,False
27394,community (under 1bn),commercial real estate heavy,0.952058,0.142397,0.031280485,0.017820317888260568,False,False
27398,community (under 1bn),diversified,0.185378,0.018062,0.004388925,0.0011896606261358289,False,False
27409,community (under 1bn),diversified,0.282924,0.022964,0.00847207,0.00899709541530054,False,False
2740,community (under 1bn),diversified,0.989832,0.10533,0.02928189,0.012307881901400228,False,False
27417,community (under 1bn),diversified,0.53475,0.055413,0.020683439999999997,0.06817563053349761,False,True
27471,large (100 to 700bn),card-heavy,213.946192,19.154483,19.450725470000002,25.722030544145245,True,True
27476,regional (10 to 100bn),diversified,12.804688,1.354858,0.30626776499999997,0.09248137491587097,False,False
27479,community (under 1bn),diversified,0.01948,0.01357,0.0,0.0,False,False
27496,community (under 1bn),diversified,0.430233,0.039559,0.014110540000000001,0.015132489567826934,False,False
27499,midsize (1 to 10bn),card-heavy,7.370991,1.023982,0.9484167,1.499016002641333,True,True
27503,community (under 1bn),commercial real estate heavy,0.529978,0.130478,0.007346520000000001,0.0010573022042997021,False,False
2750,community (under 1bn),mortgage portfolio lender,0.454383,0.068473,0.01133793,0.0025831885284905835,False,False
27510,midsize (1 to 10bn),commercial real estate heavy,1.182553,0.174866,0.028178575000000004,0.038886379245546145,False,False
2753,community (under 1bn),mortgage portfolio lender,0.172976,0.019475,0.001575305,0.00036580009875700567,False,False
2754,community (under 1bn),diversified,0.163006,0.01787,0.004590184999999999,0.0038319211949998985,False,False
27556,community (under 1bn),diversified,0.214188,0.032248,0.007866615,0.0012904946525424457,False,False
27560,community (under 1bn),diversified,0.178607,0.020531,0.005551090000000001,0.007910036423597827,False,False
27567,community (under 1bn),mortgage portfolio lender,0.103946,0.009303,0.0025907799999999996,0.0003455528154471203,False,False
27589,midsize (1 to 10bn),C and I heavy,9.250823,0.887407,0.28714564,0.21288675404897506,False,False
2759,community (under 1bn),diversified,0.769966,0.065826,0.019742170000000003,0.020519961267131067,False,False
275,community (under 1bn),mortgage portfolio lender,0.439663,0.035992,0.012639339999999999,0.009271412568129973,False,False
27619,midsize (1 to 10bn),mortgage portfolio lender,1.316062,0.246942,0.03618069999999999,0.0065960118649810995,False,False
27643,community (under 1bn),mortgage portfolio lender,0.282866,0.040113,0.0042463449999999995,0.0024871394340722575,False,False
27654,community (under 1bn),diversified,0.644022,0.059433,0.020491095,0.010592373825542067,False,False
2765,community (under 1bn),diversified,0.247792,0.023143,0.006636795000000001,0.0010377723471851538,False,False
27664,community (under 1bn),commercial real estate heavy,0.481614,0.038046,0.014821525,0.003382343595626503,False,False
27677,midsize (1 to 10bn),diversified,4.437045,0.549253,0.15957661500000003,0.1673746094940326,False,False
27678,community (under 1bn),diversified,0.603645,0.079641,0.015344254999999998,0.023315693534693385,False,False
2767,community (under 1bn),commercial real estate heavy,0.475182,0.04891,0.015126810000000001,0.015185754078621409,False,False
27683,community (under 1bn),mortgage portfolio lender,0.270259,0.068307,0.00411999,0.001556718100475485,False,False
27686,community (under 1bn),mortgage portfolio lender,0.626985,0.103418,0.009409035,0.0019756216967847834,False,False
27697,community (under 1bn),mortgage portfolio lender,0.531766,0.115902,0.013108874999999999,0.002429925315473969,False,False
27711,community (under 1bn),diversified,0.32862,0.046949,0.009011205,0.007371201896757321,False,False
27716,community (under 1bn),mortgage portfolio lender,0.035922,0.017114,0.0009460999999999998,0.0001272334104607058,False,False
27723,community (under 1bn),diversified,0.244493,0.02485,0.005852825000000001,0.005048427965826186,False,False
27727,community (under 1bn),diversified,0.197569,0.024428,0.0030144250000000003,0.00047412058544427863,False,False
27742,community (under 1bn),diversified,0.35288,0.035442,0.009468415,0.005072787422686659,False,False
27752,community (under 1bn),mortgage portfolio lender,0.256636,0.027673,0.00873963,0.0012220202055989407,False,False
27760,community (under 1bn),mortgage portfolio lender,0.365122,0.034224,0.002911175,0.00039370322894117024,False,False
27763,community (under 1bn),mortgage portfolio lender,0.683196,0.064616,0.02155304,0.008314091347834765,False,False
27767,community (under 1bn),mortgage portfolio lender,0.145593,0.024077,0.004393915,0.001415156761078516,False,False
27774,midsize (1 to 10bn),mortgage portfolio lender,4.043047,0.395105,0.121841195,0.025085659150089975,False,False
2777,community (under 1bn),commercial real estate heavy,0.771483,0.070809,0.021471379999999998,0.0038282169393982573,False,False
2779,community (under 1bn),diversified,0.238604,0.02752,0.00602358,0.0059939327406908615,False,False
27806,community (under 1bn),mortgage portfolio lender,0.281462,0.033453,0.0076457999999999995,0.0017361391781338528,False,False
27811,midsize (1 to 10bn),diversified,5.656124,0.537402,0.19735404999999998,0.5863305814300535,False,True
27824,community (under 1bn),mortgage portfolio lender,0.579997,0.068416,0.018792825000000003,0.004936216461048614,False,False
27841,community (under 1bn),mortgage portfolio lender,0.041864,0.011556,0.0009637299999999999,0.00019549975611208933,False,False
27847,community (under 1bn),mortgage portfolio lender,0.054677,0.006521,0.00121885,0.0017105626483606205,False,False
2784,community (under 1bn),diversified,0.239835,0.051627,0.002890345,0.0006434465099195741,False,False
27872,midsize (1 to 10bn),commercial real estate heavy,1.094643,0.135222,0.03133011,0.011562415992099805,False,False
2787,community (under 1bn),diversified,0.1932,0.021621,0.003714985,0.002083201143217143,False,False
27884,community (under 1bn),mortgage portfolio lender,0.532286,0.080096,0.009942659999999999,0.009041916197800336,False,False
27897,community (under 1bn),mortgage portfolio lender,0.042995,0.005111,0.0008613799999999999,0.00011479631297887394,False,False
27898,community (under 1bn),mortgage portfolio lender,0.131402,0.019163,0.0024953149999999997,0.001781869782264762,False,False
27910,community (under 1bn),diversified,0.111928,0.028746,0.0045172450000000005,0.006196996467040581,False,False
27943,midsize (1 to 10bn),diversified,1.046318,0.102363,0.03540698,0.008155292346888719,False,False
2794,community (under 1bn),commercial real estate heavy,0.054837,0.015124,0.000922845,0.0004242770313987706,False,False
27965,community (under 1bn),mortgage portfolio lender,0.263888,0.020676,0.007646869999999999,0.004658469262427427,False,False
27969,community (under 1bn),mortgage portfolio lender,0.284659,0.035341,0.007444269999999999,0.0021578856060275845,False,False
27981,midsize (1 to 10bn),mortgage portfolio lender,9.677291,0.930025,0.299965425,0.06390830614422807,False,False
27989,community (under 1bn),mortgage portfolio lender,0.355617,0.041603,0.011864435,0.005209674071677487,False,False
27998,midsize (1 to 10bn),mortgage portfolio lender,1.394713,0.158027,0.035086345,0.008196550374993315,False,False
28035,community (under 1bn),mortgage portfolio lender,0.161046,0.020334,0.004643725,0.0006542842932776191,False,False
2804,community (under 1bn),diversified,0.172993,0.022748,0.0034222699999999994,0.004667083832076056,False,False
2805,community (under 1bn),diversified,0.282412,0.026909,0.008120955,0.006253044456309607,False,False
28060,community (under 1bn),mortgage portfolio lender,0.186142,0.020322,0.005009355,0.001045703792457573,False,False
28063,community (under 1bn),mortgage portfolio lender,0.084034,0.015457,0.0013152799999999998,0.00018434838406736803,False,False
28080,community (under 1bn),diversified,0.268026,0.049448,0.0069035749999999995,0.0029052325005919297,False,False
28088,regional (10 to 100bn),diversified,27.577403,2.500113,0.8803785599999999,0.2289476920896213,False,False
28094,midsize (1 to 10bn),commercial real estate heavy,3.602958,0.42413,0.12895420500000002,0.07396985267322337,False,False
28103,community (under 1bn),mortgage portfolio lender,0.117572,0.034504,0.002505735,0.0004355434290007887,False,False
28105,community (under 1bn),diversified,0.512141,0.044462,0.011889954999999999,0.012057696761037327,False,False
28116,midsize (1 to 10bn),mortgage portfolio lender,1.997102,0.564702,0.029980319999999998,0.004057466284638577,False,False
28155,community (under 1bn),mortgage portfolio lender,0.316635,0.028612,0.008068865,0.0029700611750064273,False,False
28157,community (under 1bn),diversified,0.193097,0.029432,0.00566272,0.014689675484110433,False,False
28178,regional (10 to 100bn),diversified,17.206047,1.630131,0.570879465,0.6117543847309157,False,False
28186,community (under 1bn),mortgage portfolio lender,0.224698,0.026273,0.0073153,0.002477401281529755,False,False
281,community (under 1bn),diversified,0.148623,0.013995,0.003321165,0.000900719475651598,False,False
28208,community (under 1bn),mortgage portfolio lender,0.390204,0.071219,0.009261354999999999,0.0025512310337780066,False,False
28213,community (under 1bn),mortgage portfolio lender,0.407948,0.041432,0.011114055,0.0015778361257873022,False,False
28217,community (under 1bn),mortgage portfolio lender,0.108524,0.012365,0.002886685,0.0010736884852820283,False,False
28222,community (under 1bn),mortgage portfolio lender,0.421352,0.034413,0.010336104999999998,0.0030272755629021575,False,False
28246,community (under 1bn),mortgage portfolio lender,0.115085,0.019086,0.0019177699999999998,0.001154227817716818,False,False
28263,midsize (1 to 10bn),diversified,2.167338,0.247569,0.08273864500000001,0.1550630863538255,False,False
28266,community (under 1bn),mortgage portfolio lender,0.072656,0.002662,0.00186483,0.000818305716685175,True,True
28277,community (under 1bn),mortgage portfolio lender,0.2772,0.042265,0.007295240000000001,0.0018764686138239436,False,False
28288,community (under 1bn),mortgage portfolio lender,0.103247,0.008485,0.00309279,0.0032717101053573883,False,False
2828,community (under 1bn),diversified,0.221036,0.029984,0.00561343,0.005617632733022443,False,False
2829,community (under 1bn),diversified,0.893481,0.096597,0.020401404999999997,0.049835642089117525,False,False
28302,community (under 1bn),mortgage portfolio lender,0.096505,0.015939,0.0029694599999999993,0.0037107211463548668,False,False
28314,community (under 1bn),mortgage portfolio lender,0.09455,0.017702,0.0024156349999999997,0.0008012945562735286,False,False
28315,community (under 1bn),mortgage portfolio lender,0.136694,0.016296,0.00373074,0.002144855960108187,False,False
28316,midsize (1 to 10bn),mortgage portfolio lender,1.226355,0.256094,0.030559375000000003,0.010215447615755937,False,False
2832,midsize (1 to 10bn),commercial real estate heavy,1.362045,0.132931,0.037927045,0.10184678012467818,False,True
28332,midsize (1 to 10bn),diversified,5.185949,0.53692,0.17617009,0.05417453816805337,False,False
28348,community (under 1bn),mortgage portfolio lender,0.612927,0.084468,0.014046485,0.008358000959864212,False,False
28349,community (under 1bn),mortgage portfolio lender,0.159092,0.016932,0.0043919200000000005,0.001849273072020944,False,False
28359,regional (10 to 100bn),diversified,23.172826,2.093201,0.746218015,0.28612030352238343,False,False
28362,midsize (1 to 10bn),C and I heavy,1.360343,0.137701,0.039179099999999994,0.015145127077408317,False,False
28368,community (under 1bn),diversified,0.654367,0.064498,0.02333687,0.006282109461049504,False,False
28369,community (under 1bn),mortgage portfolio lender,0.090779,0.008853,0.002719535,0.0014153254065059565,False,False
28380,midsize (1 to 10bn),diversified,1.005295,0.071271,0.024682415,0.02900167093062163,False,False
2838,community (under 1bn),commercial real estate heavy,0.364118,0.034638,0.0122865,0.007263265775703355,False,False
28390,community (under 1bn),diversified,0.160513,0.146925,0.0,0.0,False,False
28396,midsize (1 to 10bn),commercial real estate heavy,1.100982,0.101413,0.035437634999999995,0.026601832336331996,False,False
28400,community (under 1bn),diversified,0.771888,0.071688,0.025720540000000004,0.036762801640737176,False,False
28401,community (under 1bn),mortgage portfolio lender,0.435791,0.095247,0.00961552,0.0029034761219843734,False,False
28405,midsize (1 to 10bn),diversified,2.106581,0.199832,0.073549745,0.02696693262857773,False,False
28425,community (under 1bn),mortgage portfolio lender,0.194646,0.020146,0.004433675,0.0032563830384214473,False,False
28445,community (under 1bn),mortgage portfolio lender,0.192539,0.025524,0.004338394999999999,0.0008009979367377175,False,False
28453,midsize (1 to 10bn),commercial real estate heavy,2.060726,0.259451,0.07304717499999999,0.026910031458196728,False,False
28463,community (under 1bn),mortgage portfolio lender,0.055743,0.010164,0.0009198349999999999,0.00021133031341271331,False,False
28471,community (under 1bn),mortgage portfolio lender,0.360681,0.068407,0.007662909999999999,0.0015286732672138688,False,False
28478,community (under 1bn),mortgage portfolio lender,0.11359,0.007845,0.0022322149999999996,0.0003755280819747759,False,False
28480,community (under 1bn),mortgage portfolio lender,0.020558,0.001128,0.00062262,0.00023872281577380275,True,False
28489,regional (10 to 100bn),commercial real estate heavy,16.586212,1.810436,0.539115705,0.25821001875207544,False,False
284,community (under 1bn),diversified,0.164254,0.013183,0.00402661,0.0025783569019414187,False,False
28507,community (under 1bn),mortgage portfolio lender,0.070405,0.00819,0.0016085899999999998,0.0003427840911215592,False,False
2850,community (under 1bn),diversified,0.678408,0.107039,0.01200015,0.00286277378910025,False,False
28513,midsize (1 to 10bn),diversified,2.252894,0.344037,0.084925145,0.06502816375227749,False,False
28515,community (under 1bn),mortgage portfolio lender,0.393489,0.033469,0.006227565,0.0016383632138286966,False,False
28530,midsize (1 to 10bn),diversified,1.283079,0.113943,0.029473430000000002,0.03961559819893058,False,False
28533,midsize (1 to 10bn),diversified,1.546784,0.171087,0.051396845,0.17881319276613503,False,True
28543,community (under 1bn),diversified,0.120739,0.014863,0.0008729899999999999,0.0006342427300835553,False,False
28555,community (under 1bn),diversified,0.186737,0.038036,0.006047739999999999,0.001497255050556971,False,False
28585,community (under 1bn),mortgage portfolio lender,0.121809,0.011617,0.0030865849999999998,0.0006674707679146872,False,False
28593,midsize (1 to 10bn),mortgage portfolio lender,1.028907,0.086582,0.029754655,0.02122246456852533,False,False
28599,midsize (1 to 10bn),mortgage portfolio lender,1.019363,0.121076,0.03060559,0.005441423879174769,False,False
28614,community (under 1bn),mortgage portfolio lender,0.327125,0.03178,0.01206641,0.049004421761998346,False,True
28635,community (under 1bn),mortgage portfolio lender,0.109487,0.013365,0.0027240850000000002,0.0008062757824703897,False,False
28637,community (under 1bn),mortgage portfolio lender,0.090588,0.015347,0.002229915,0.0006900168012638286,False,False
28652,community (under 1bn),diversified,0.065142,0.013502,0.00091389,0.0001256616245518128,False,False
28663,community (under 1bn),mortgage portfolio lender,0.041172,0.00882,0.0009478649999999999,0.00012975868139091225,False,False
28667,community (under 1bn),mortgage portfolio lender,0.071589,0.006947,0.0020049399999999998,0.0036049295340590736,False,False
28677,community (under 1bn),mortgage portfolio lender,0.076738,0.011718,0.001943565,0.0021529583249077547,False,False
28679,midsize (1 to 10bn),diversified,2.608511,0.372194,0.106887645,0.21454961862538713,False,False
28701,community (under 1bn),mortgage portfolio lender,0.502301,0.073542,0.013930370000000001,0.003056059545423979,False,False
28703,community (under 1bn),mortgage portfolio lender,0.06564,0.01249,0.00140478,0.00021947142475594477,False,False
28706,midsize (1 to 10bn),mortgage portfolio lender,1.031873,0.160627,0.022882834999999997,0.00400679350053222,False,False
28708,community (under 1bn),mortgage portfolio lender,0.151205,0.011473,0.0047405799999999994,0.0008245240010169271,False,False
28710,midsize (1 to 10bn),diversified,5.501333,0.728847,0.19234987,0.19750905946729724,False,False
28712,community (under 1bn),commercial real estate heavy,0.187963,0.068592,0.008179565,0.0011298530161634088,False,False
28729,community (under 1bn),mortgage portfolio lender,0.3953,0.036088,0.01287957,0.003522669971797403,False,False
28735,community (under 1bn),mortgage portfolio lender,0.37354,0.037356,0.00903245,0.003663784617339773,False,False
28747,community (under 1bn),diversified,0.479907,0.127377,0.012857945,0.0037420054288315324,False,False
28765,midsize (1 to 10bn),diversified,7.665322,0.66937,0.27310858,0.0714402677178192,False,False
28769,community (under 1bn),mortgage portfolio lender,0.137258,0.033373,0.0034570699999999996,0.0008053728649287054,False,False
28778,midsize (1 to 10bn),mortgage portfolio lender,1.189079,0.153342,0.03727445,0.005705420812436997,False,False
28780,community (under 1bn),mortgage portfolio lender,0.492082,0.068653,0.013694344999999998,0.0020460841558601487,False,False
28788,midsize (1 to 10bn),diversified,1.143729,0.111374,0.027122435,0.005628542190303791,False,False
28790,community (under 1bn),mortgage portfolio lender,0.098767,0.01681,0.00293225,0.0030809599460207143,False,False
28793,community (under 1bn),diversified,0.172625,0.01664,0.005890495,0.005839279940345802,False,False
287,midsize (1 to 10bn),diversified,1.371632,0.146934,0.03992669499999999,0.03788703136141263,False,False
28805,community (under 1bn),diversified,0.082271,0.01022,0.002078775,0.0003208034695862137,False,False
28812,community (under 1bn),diversified,0.516927,0.046274,0.0164781,0.0407378736004015,False,True
28818,community (under 1bn),mortgage portfolio lender,0.59424,0.051089,0.017129094999999997,0.0028205069577803125,False,False
28834,regional (10 to 100bn),diversified,12.166315,1.09248,0.375231035,0.13307256967918715,False,False
28836,community (under 1bn),mortgage portfolio lender,0.460566,0.080492,0.0068945199999999995,0.0009453784599166655,False,False
28837,community (under 1bn),mortgage portfolio lender,0.296376,0.030093,0.00920489,0.002482236585026026,False,False
28841,community (under 1bn),mortgage portfolio lender,0.410173,0.056506,0.00946974,0.0061829083709789845,False,False
28845,midsize (1 to 10bn),mortgage portfolio lender,1.420568,0.148713,0.044463684999999996,0.009622729941886015,False,False
28859,community (under 1bn),mortgage portfolio lender,0.597116,0.171299,0.01903136,0.002610123225526683,False,False
28860,community (under 1bn),mortgage portfolio lender,0.07533,0.012903,0.0013073199999999998,0.0009259162138159167,False,False
28865,midsize (1 to 10bn),commercial real estate heavy,1.07062,0.135617,0.03430411,0.0322353388440151,False,False
28868,community (under 1bn),diversified,0.442833,0.052965,0.011272055,0.0055806699539054086,False,False
28870,community (under 1bn),mortgage portfolio lender,0.484967,0.043445,0.01289344,0.010518281484988104,False,False
28894,community (under 1bn),mortgage portfolio lender,0.464413,0.050428,0.01462628,0.008705594255794787,False,False
288,community (under 1bn),diversified,0.067248,0.006435,0.0016206400000000002,0.0008677762718544997,False,False
28905,midsize (1 to 10bn),diversified,2.036916,0.217965,0.035436749999999996,0.03562556828238192,False,False
28908,community (under 1bn),mortgage portfolio lender,0.217455,0.019545,0.006258994999999999,0.0011625755830259887,False,False
28914,community (under 1bn),diversified,0.621553,0.082764,0.021865125,0.0061282823386130635,False,False
28924,community (under 1bn),mortgage portfolio lender,0.421914,0.045332,0.011209605000000001,0.008124963333609157,False,False
28925,community (under 1bn),diversified,0.241397,0.031666,0.002537045,0.001335120260464876,False,False
28930,community (under 1bn),diversified,0.639088,0.067634,0.01764122,0.008710447092132631,False,False
28942,community (under 1bn),mortgage portfolio lender,0.312073,0.038839,0.00745791,0.001172098600335102,False,False
28949,community (under 1bn),mortgage portfolio lender,0.078728,0.010274,0.0019834,0.0008974655060924778,False,False
28983,community (under 1bn),mortgage portfolio lender,0.093182,0.008618,0.002589115,0.0010219299313323517,False,False
28989,community (under 1bn),diversified,0.224385,0.018506,0.004417645,0.001512625241341992,False,False
289,community (under 1bn),diversified,0.25973,0.024928,0.005434715,0.0020152204685949583,False,False
29005,community (under 1bn),mortgage portfolio lender,0.022432,0.004957,0.000403685,5.398976422892127e-05,False,False
29009,community (under 1bn),mortgage portfolio lender,0.86865,0.210974,0.018324029999999998,0.009550592963948482,False,False
29011,community (under 1bn),mortgage portfolio lender,0.896438,0.074832,0.023406645,0.00680287887752054,False,False
29012,midsize (1 to 10bn),commercial real estate heavy,8.424258,0.834082,0.264205005,0.09869711920602942,False,False
29024,community (under 1bn),mortgage portfolio lender,0.303003,0.03046,0.009735835,0.003196854601724566,False,False
29035,community (under 1bn),mortgage portfolio lender,0.508027,0.092473,0.013779294999999999,0.007796028580403627,False,False
29047,community (under 1bn),mortgage portfolio lender,0.99255,0.112074,0.02893451,0.01931625553422324,False,False
29056,community (under 1bn),mortgage portfolio lender,0.575607,0.05464,0.016761005,0.005097457318848458,False,False
29059,community (under 1bn),mortgage portfolio lender,0.038386,0.005851,0.00082033,0.00044905546916840965,False,False
29061,community (under 1bn),mortgage portfolio lender,0.054057,0.006237,0.001412885,0.0003554812140873408,False,False
29066,community (under 1bn),diversified,0.155279,0.016558,0.004015365,0.0010254155454998098,False,False
29087,community (under 1bn),commercial real estate heavy,0.892796,0.121558,0.03603543,0.032192713075716084,False,False
29089,community (under 1bn),mortgage portfolio lender,0.276829,0.029008,0.0047395250000000005,0.005221634907835035,False,False
29090,community (under 1bn),mortgage portfolio lender,0.293519,0.041467,0.00738539,0.003188808397720142,False,False
29093,community (under 1bn),C and I heavy,0.098469,0.011201,0.001996595,0.003386766288308527,False,False
29120,community (under 1bn),diversified,0.588736,0.067277,0.019291065,0.0037966520226336287,False,False
29121,community (under 1bn),mortgage portfolio lender,0.181994,0.017332,0.00431299,0.005346298662368472,False,False
29135,community (under 1bn),mortgage portfolio lender,0.197408,0.027078,0.004699025000000001,0.0010757591897250166,False,False
29140,community (under 1bn),diversified,0.795836,0.072578,0.017980325,0.0053396411116208445,False,False
29143,community (under 1bn),diversified,0.269095,0.032729,0.00800079,0.002421613880446581,False,False
29147,midsize (1 to 10bn),commercial real estate heavy,2.111015,0.346047,0.10314658,0.12621120549106715,False,False
29164,community (under 1bn),mortgage portfolio lender,0.278498,0.033642,0.008495775,0.0022995649950168706,False,False
29170,community (under 1bn),mortgage portfolio lender,0.381162,0.034603,0.01259782,0.0026937350306307415,False,False
29173,community (under 1bn),diversified,0.330461,0.027845,0.011522795,0.004900632679301922,False,False
29177,community (under 1bn),diversified,0.630255,0.060079,0.020154855,0.020336913073841514,False,False
29186,community (under 1bn),mortgage portfolio lender,0.095218,0.018186,0.002591115,0.0005220970986715463,False,False
29188,community (under 1bn),mortgage portfolio lender,0.387333,0.060354,0.010522555000000001,0.03725841270087231,False,False
291,community (under 1bn),diversified,0.175869,0.050148,0.001981125,0.0023091036051488757,False,False
29206,community (under 1bn),mortgage portfolio lender,0.155091,0.018191,0.00297159,0.0007042199532970542,False,False
29208,community (under 1bn),mortgage portfolio lender,0.126298,0.014349,0.0025669149999999995,0.0007360582843513387,False,False
29209,regional (10 to 100bn),mortgage portfolio lender,14.159389,1.234648,0.265949825,0.0727396392303008,False,False
29227,community (under 1bn),diversified,0.585335,0.073356,0.015434675,0.0022700193418090167,False,False
29231,community (under 1bn),mortgage portfolio lender,0.09036,0.007251,0.0018796649999999995,0.0004896685615753785,False,False
29238,community (under 1bn),mortgage portfolio lender,0.10422,0.033318,0.00228831,0.00042179441640366526,False,False
29241,community (under 1bn),mortgage portfolio lender,0.117724,0.030703,0.0029046999999999996,0.001296892916474147,False,False
29268,community (under 1bn),mortgage portfolio lender,0.08936,0.018488,0.0023205199999999995,0.00041938172776084326,False,False
29293,community (under 1bn),mortgage portfolio lender,0.341636,0.034421,0.005352019999999999,0.0007849614856344679,False,False
29294,midsize (1 to 10bn),diversified,1.028213,0.128752,0.033133945,0.0053719915722349005,False,False
292,midsize (1 to 10bn),diversified,1.067848,0.111497,0.03213057,0.03327799741193391,False,False
29332,community (under 1bn),diversified,0.679154,0.060356,0.013602445,0.007956957845565752,False,False
29345,community (under 1bn),mortgage portfolio lender,0.246034,0.041347,0.003862455,0.0006760939498209808,False,False
29357,community (under 1bn),mortgage portfolio lender,0.162031,0.022768,0.00506384,0.001496558953639341,False,False
29379,community (under 1bn),diversified,0.055559,0.007615,0.0006792349999999999,0.00010258966514821761,False,False
29384,community (under 1bn),mortgage portfolio lender,0.20848,0.034405,0.00426916,0.0009779691272077235,False,False
29399,community (under 1bn),diversified,0.059783,0.009751,0.001138785,0.0044557869512282825,False,False
29426,community (under 1bn),mortgage portfolio lender,0.135399,0.020052,0.0028120099999999993,0.0003881482613183094,False,False
29430,community (under 1bn),mortgage portfolio lender,0.053523,0.003913,0.0015637350000000001,0.0005266098941443345,False,False
29449,community (under 1bn),mortgage portfolio lender,0.041818,0.003768,0.0010880999999999998,0.0005137116928425311,False,False
29471,community (under 1bn),mortgage portfolio lender,0.095073,0.01195,0.00205447,0.0003531169662524852,False,False
29476,community (under 1bn),diversified,0.562858,0.074656,0.017228855,0.0027498491762817327,False,False
29486,community (under 1bn),mortgage portfolio lender,0.039329,0.004857,0.001072125,0.0002750029420178197,False,False
29488,midsize (1 to 10bn),mortgage portfolio lender,2.942482,0.244642,0.09147669999999998,0.047003212319333444,False,False
29490,community (under 1bn),mortgage portfolio lender,0.026278,0.002767,0.0006524049999999999,0.00013486478214614625,False,False
29495,community (under 1bn),diversified,0.402263,0.03324,0.00833694,0.0015703455847195372,False,False
29496,community (under 1bn),mortgage portfolio lender,0.312481,0.030891,0.00964527,0.0028332432469577898,False,False
29510,community (under 1bn),commercial real estate heavy,0.91523,0.10335,0.038220635,0.07162527517012829,False,True
29517,community (under 1bn),mortgage portfolio lender,0.133546,0.022951,0.0031004849999999996,0.0018740778153125066,False,False
29520,midsize (1 to 10bn),mortgage portfolio lender,1.435217,0.217604,0.042989475,0.01737568821062385,False,False
29521,community (under 1bn),mortgage portfolio lender,0.131551,0.022352,0.002726695,0.0006124506821344375,False,False
29523,midsize (1 to 10bn),diversified,2.040214,0.189965,0.06796875,0.05671126090339058,False,False
29535,community (under 1bn),mortgage portfolio lender,0.173232,0.018613,0.0036407099999999997,0.0011795624559961173,False,False
29537,community (under 1bn),diversified,0.621052,0.070808,0.020159945,0.010785683286783174,False,False
29546,midsize (1 to 10bn),diversified,5.526075,0.634873,0.21298851000000002,0.4113257112186372,False,False
29548,community (under 1bn),diversified,0.384534,0.045762,0.0056479600000000005,0.004446794354495615,False,False
29566,midsize (1 to 10bn),diversified,6.493323,0.64036,0.17894776500000004,0.6475604217363922,False,True
29571,community (under 1bn),diversified,0.245018,0.042262,0.00754659,0.0018791289037911362,False,False
29578,community (under 1bn),mortgage portfolio lender,0.144544,0.014154,0.004317455,0.001355702155065046,False,False
29582,community (under 1bn),C and I heavy,0.037051,0.007685,0.0006199699999999999,0.0011591459319704417,False,False
29613,midsize (1 to 10bn),mortgage portfolio lender,1.360147,0.252472,0.039514705000000004,0.00807690702256438,False,False
29617,community (under 1bn),mortgage portfolio lender,0.109885,0.010552,0.0022184449999999994,0.0022688804601730932,False,False
29624,community (under 1bn),mortgage portfolio lender,0.678693,0.081821,0.016730805,0.031957220375611994,False,False
29627,community (under 1bn),mortgage portfolio lender,0.046255,0.007366,0.001490405,0.0002582024330880495,False,False
29632,community (under 1bn),diversified,0.895437,0.088463,0.02643704,0.010054434276650738,False,False
29636,community (under 1bn),mortgage portfolio lender,0.189104,0.02778,0.004823939999999999,0.0010140253050644286,False,False
29637,community (under 1bn),diversified,0.399773,0.044785,0.0063896050000000005,0.0032572205070203566,False,False
29645,community (under 1bn),diversified,0.234975,0.025383,0.007036565000000001,0.004289135213613736,False,False
29657,midsize (1 to 10bn),mortgage portfolio lender,1.061434,0.173538,0.034365425,0.014657517688166935,False,False
29672,community (under 1bn),mortgage portfolio lender,0.773377,0.083198,0.017458625000000002,0.011170028073704874,False,False
29676,community (under 1bn),mortgage portfolio lender,0.20835,0.033985,0.007040329999999999,0.003081605443680397,False,False
29677,community (under 1bn),diversified,0.107901,0.014057,0.00231518,0.0004086995487517849,False,False
29679,community (under 1bn),C and I heavy,0.250131,0.069631,0.006238715,0.0011483347308495866,False,False
29683,midsize (1 to 10bn),mortgage portfolio lender,2.725901,0.465917,0.057577075,0.008131229890504549,False,False
29685,community (under 1bn),mortgage portfolio lender,0.032068,0.006349,0.0005737699999999999,0.00015273664021286018,False,False
29690,community (under 1bn),diversified,0.553577,0.059532,0.018823935,0.02788830138877243,False,False
29691,community (under 1bn),mortgage portfolio lender,0.129488,0.012139,0.002896535,0.004623831452431687,False,False
29692,community (under 1bn),mortgage portfolio lender,0.387267,0.045785,0.011329739999999998,0.009825129949408632,False,False
29695,community (under 1bn),mortgage portfolio lender,0.386718,0.045029,0.013502789999999997,0.016949981988542976,False,False
29696,community (under 1bn),diversified,0.202578,0.021825,0.0056354000000000005,0.001940523709833817,False,False
296,community (under 1bn),mortgage portfolio lender,0.283407,0.030691,0.007008895,0.0023283812130263193,False,False
29700,community (under 1bn),commercial real estate heavy,0.916376,0.109511,0.030314304999999996,0.009920333323129825,False,False
29705,community (under 1bn),diversified,0.373826,0.028696,0.011521785,0.009569704020020057,False,False
29708,midsize (1 to 10bn),mortgage portfolio lender,3.198829,0.44766,0.08101177999999999,0.05201842526831105,False,False
29710,community (under 1bn),mortgage portfolio lender,0.094383,0.010129,0.0024217849999999996,0.0003766425955308442,False,False
29731,community (under 1bn),C and I heavy,0.133102,0.020023,0.00272229,0.010701188364334853,False,False
29743,community (under 1bn),mortgage portfolio lender,0.213977,0.021768,0.006055079999999999,0.0024690457451659893,False,False
29744,community (under 1bn),mortgage portfolio lender,0.576306,0.05201,0.015659464999999997,0.003034686655884097,False,False
29745,community (under 1bn),diversified,0.261059,0.038999,0.010356869999999999,0.009731083463379628,False,False
29749,community (under 1bn),mortgage portfolio lender,0.209556,0.028645,0.003360125,0.0025924245369343254,False,False
29771,community (under 1bn),commercial real estate heavy,0.87446,0.079807,0.03358676,0.006355669181943007,False,False
29772,community (under 1bn),mortgage portfolio lender,0.211974,0.025663,0.003030925,0.0005659513248730896,False,False
29774,community (under 1bn),mortgage portfolio lender,0.04361,0.0067,0.0009995,0.00044689843812842914,False,False
29782,midsize (1 to 10bn),diversified,1.111708,0.115158,0.02724398,0.012395166993474156,False,False
29783,community (under 1bn),diversified,0.528482,0.050633,0.01843994,0.012551561471343153,False,False
29787,community (under 1bn),diversified,0.994585,0.090771,0.02644389,0.01050426125975812,False,False
297,community (under 1bn),mortgage portfolio lender,0.246068,0.021062,0.005167379999999999,0.002933264472858236,False,False
29800,community (under 1bn),mortgage portfolio lender,0.544528,0.148394,0.009204084999999997,0.00589752378339597,False,False
29804,community (under 1bn),diversified,0.286787,0.076716,0.00664488,0.011024038467224254,False,False
29809,community (under 1bn),mortgage portfolio lender,0.787046,0.117962,0.010712655,0.0026825368866424935,False,False
29813,community (under 1bn),mortgage portfolio lender,0.157364,0.032194,0.0023911,0.0005011025365130074,False,False
29835,community (under 1bn),mortgage portfolio lender,0.545081,0.060741,0.015242834999999998,0.002746158694094514,False,False
29838,community (under 1bn),mortgage portfolio lender,0.573808,0.059862,0.014351325,0.008587036613284079,False,False
29839,community (under 1bn),diversified,0.616124,0.0597,0.0142481,0.031946560726337614,False,False
29842,community (under 1bn),mortgage portfolio lender,0.204999,0.033634,0.004787109999999999,0.0007173117827328105,False,False
29846,community (under 1bn),diversified,0.543451,0.069246,0.015498080000000001,0.010419279767010618,False,False
29847,midsize (1 to 10bn),diversified,1.553716,0.142417,0.046920790000000004,0.05726056729426276,False,False
29857,community (under 1bn),mortgage portfolio lender,0.028166,0.006858,0.0002864999999999999,5.058034092750631e-05,False,False
29858,community (under 1bn),mortgage portfolio lender,0.296788,0.021597,0.010312305,0.0018372193250928708,True,False
29874,community (under 1bn),mortgage portfolio lender,0.306647,0.07733,0.006214004999999999,0.0067772293366305855,False,False
29878,community (under 1bn),commercial real estate heavy,0.38302,0.03658,0.014235524999999999,0.005730597178600301,False,False
2987,community (under 1bn),diversified,0.692859,0.063323,0.014380279999999999,0.003664286324655134,False,False
29881,community (under 1bn),mortgage portfolio lender,0.433127,0.056546,0.01010951,0.004946065986877904,False,False
29904,community (under 1bn),mortgage portfolio lender,0.326012,0.137223,0.006241564999999999,0.0009704038838037183,False,False
29907,community (under 1bn),diversified,0.276522,0.029148,0.00566233,0.002901118383399126,False,False
29910,community (under 1bn),mortgage portfolio lender,0.076943,0.014948,0.00142246,0.00033018984108963874,False,False
29922,midsize (1 to 10bn),commercial real estate heavy,1.468113,0.158012,0.05248080000000001,0.04399045777604208,False,False
29933,community (under 1bn),mortgage portfolio lender,0.261789,0.027158,0.007611689999999999,0.0029706739472338344,False,False
29937,community (under 1bn),mortgage portfolio lender,0.28264,0.030151,0.008665325,0.0014408117383619171,False,False
29941,community (under 1bn),mortgage portfolio lender,0.871758,0.134094,0.024278119999999997,0.0038767626573367343,False,False
29950,large (100 to 700bn),auto-heavy,103.964782,12.974453,2.64512467,5.057599536551036,False,False
29966,community (under 1bn),mortgage portfolio lender,0.008593,0.002197,0.00018770999999999998,3.0509859443286777e-05,False,False
29975,community (under 1bn),mortgage portfolio lender,0.18932,0.016911,0.0057379349999999996,0.007390544096607484,False,False
29980,community (under 1bn),mortgage portfolio lender,0.111234,0.009664,0.001920965,0.00039293649983598145,False,False
29988,community (under 1bn),diversified,0.398614,0.095518,0.011627940000000002,0.002018253045570624,False,False
29995,community (under 1bn),mortgage portfolio lender,0.64802,0.081667,0.01924337,0.01865184844869678,False,False
30012,regional (10 to 100bn),mortgage portfolio lender,18.062658,1.760464,0.488473265,0.2701927532153698,False,False
30031,community (under 1bn),mortgage portfolio lender,0.017893,0.004024,0.000443205,5.912415453580955e-05,False,False
30039,community (under 1bn),mortgage portfolio lender,0.986876,0.086588,0.033300369999999996,0.004293890904925984,False,False
30043,community (under 1bn),mortgage portfolio lender,0.079471,0.008416,0.00159799,0.000738114351900706,False,False
30052,midsize (1 to 10bn),diversified,1.889913,0.286173,0.078715045,0.14678577511529575,False,False
30058,community (under 1bn),mortgage portfolio lender,0.159477,0.020505,0.002762055,0.0007094612579144542,False,False
30065,community (under 1bn),mortgage portfolio lender,0.042721,0.013658,0.001376405,0.00023221678880264057,False,False
30067,community (under 1bn),mortgage portfolio lender,0.042039,0.006647,0.0008581849999999999,0.0011492635664890317,False,False
30072,community (under 1bn),mortgage portfolio lender,0.151213,0.020996,0.00445908,0.0011524943388020476,False,False
30076,midsize (1 to 10bn),diversified,4.036255,0.451864,0.16541887,0.07832081917239811,False,False
30084,community (under 1bn),mortgage portfolio lender,0.176211,0.023163,0.004103315,0.0016599104424035252,False,False
30103,community (under 1bn),mortgage portfolio lender,0.113969,0.015919,0.003475925,0.0009643565505515612,False,False
30111,community (under 1bn),mortgage portfolio lender,0.67938,0.092391,0.01741315,0.004656156642156895,False,False
30117,community (under 1bn),diversified,0.64892,0.081478,0.01709846,0.019355202960002878,False,False
30119,community (under 1bn),mortgage portfolio lender,0.247143,0.033896,0.00525127,0.0010884285359854492,False,False
30121,community (under 1bn),mortgage portfolio lender,0.105248,0.023324,0.001557575,0.00028579664207663383,False,False
30128,community (under 1bn),mortgage portfolio lender,0.07151,0.006305,0.001944425,0.0006321329965536038,False,False
30150,community (under 1bn),mortgage portfolio lender,0.190109,0.038613,0.004395029999999999,0.0009029095369779396,False,False
30152,community (under 1bn),mortgage portfolio lender,0.028089,0.003367,0.0005422649999999999,0.0001962561941460167,False,False
30154,community (under 1bn),diversified,0.316317,0.074254,0.002580365,0.0003654661832394736,False,False
30155,community (under 1bn),mortgage portfolio lender,0.597767,0.145636,0.014498489999999998,0.002715458743917078,False,False
30167,community (under 1bn),mortgage portfolio lender,0.456656,0.085511,0.014626965,0.0026132914684835647,False,False
30176,community (under 1bn),mortgage portfolio lender,0.045324,0.00546,0.0011726249999999998,0.000156974287865582,False,False
3017,community (under 1bn),diversified,0.64313,0.057692,0.016283605000000003,0.0035040363945877777,False,False
30182,midsize (1 to 10bn),diversified,2.122995,0.226997,0.060803145,0.014731888338531361,False,False
30183,community (under 1bn),mortgage portfolio lender,0.169906,0.023046,0.002931235,0.0012861335670789316,False,False
3018,community (under 1bn),diversified,0.030682,0.004079,0.000386295,0.0002908832033863614,False,False
3019,community (under 1bn),commercial real estate heavy,0.126515,0.017115,0.002870395,0.006397406321848153,False,False
30219,community (under 1bn),commercial real estate heavy,0.254878,0.020799,0.008709459999999999,0.01557401318997434,False,True
30220,community (under 1bn),mortgage portfolio lender,0.125721,0.007387,0.00211343,0.0002879132460451655,False,False
30260,community (under 1bn),mortgage portfolio lender,0.525421,0.068128,0.014484804999999998,0.005467944371200692,False,False
30270,community (under 1bn),mortgage portfolio lender,0.32909,0.04772,0.00887206,0.004934947593343542,False,False
30291,community (under 1bn),diversified,0.067893,0.011835,0.00101617,0.00023544922836213832,False,False
30303,midsize (1 to 10bn),diversified,2.21147,0.777589,0.08641192,0.010841699225994959,False,False
30313,community (under 1bn),mortgage portfolio lender,0.265761,0.019009,0.00697166,0.0013044396308704023,False,False
30315,community (under 1bn),mortgage portfolio lender,0.485771,0.085397,0.011816914999999999,0.004251478916285356,False,False
3031,community (under 1bn),diversified,0.877585,0.081611,0.0131595,0.004004278682807971,False,False
30332,community (under 1bn),mortgage portfolio lender,0.067904,0.019688,0.001838365,0.0004866274774092542,False,False
30339,community (under 1bn),mortgage portfolio lender,0.106435,0.009995,0.0031644,0.0005424786017283332,False,False
3034,community (under 1bn),diversified,0.634277,0.073806,0.012038055,0.0035518275061991993,False,False
30350,community (under 1bn),mortgage portfolio lender,0.661897,0.074635,0.018053895,0.011277336980660054,False,False
30357,community (under 1bn),mortgage portfolio lender,0.137043,0.030021,0.00128126,0.0003056844658201349,False,False
30358,community (under 1bn),mortgage portfolio lender,0.055875,0.013393,0.001094265,0.0007881147286618384,False,False
30367,community (under 1bn),mortgage portfolio lender,0.311144,0.029759,0.008270659999999999,0.010228933010448825,False,False
30387,regional (10 to 100bn),diversified,19.222073,2.237857,0.55070695,1.9525703921494844,False,True
30388,community (under 1bn),mortgage portfolio lender,0.102234,0.013162,0.001959815,0.00040283687599355314,False,False
30394,community (under 1bn),diversified,0.658052,0.058184,0.027547985,0.0426112464514997,False,True
30395,community (under 1bn),mortgage portfolio lender,0.053076,0.011357,0.0006407899999999999,0.00016153183651055226,False,False
30397,community (under 1bn),mortgage portfolio lender,0.685729,0.100043,0.01705123,0.0031226924706835696,False,False
303,community (under 1bn),diversified,0.460172,0.0534,0.013614500000000002,0.012395128463661316,False,False
30401,midsize (1 to 10bn),diversified,3.069584,0.393889,0.09659831499999999,0.08657802429227617,False,False
30402,community (under 1bn),mortgage portfolio lender,0.33406,0.034564,0.008452175000000001,0.0060564712639257015,False,False
30422,community (under 1bn),commercial real estate heavy,0.285907,0.064326,0.010963535,0.003948172879082241,False,False
30428,community (under 1bn),commercial real estate heavy,0.634824,0.087707,0.014696255,0.014104550754647166,False,False
30429,community (under 1bn),mortgage portfolio lender,0.199862,0.030357,0.006210479999999999,0.004880782392727711,False,False
30431,community (under 1bn),mortgage portfolio lender,0.430423,0.031025,0.01163151,0.002834840468062444,False,False
30434,community (under 1bn),mortgage portfolio lender,0.114484,0.028512,0.0026390149999999998,0.0008962342396021569,False,False
30441,midsize (1 to 10bn),diversified,1.148244,0.140059,0.028324405000000004,0.00507205811810838,False,False
30447,community (under 1bn),mortgage portfolio lender,0.05082,0.014889,0.00094067,0.00016324748459177607,False,False
30470,midsize (1 to 10bn),diversified,3.586933,0.33893,0.13454269000000002,0.028323178905138958,False,False
304,community (under 1bn),diversified,0.070405,0.012152,0.0009741699999999999,0.0004938718703493099,False,False
30516,community (under 1bn),mortgage portfolio lender,0.216709,0.028439,0.006789115,0.008867746749121025,False,False
30530,community (under 1bn),diversified,0.735882,0.129085,0.025429945,0.0052857793074264315,False,False
30544,midsize (1 to 10bn),mortgage portfolio lender,1.442022,0.191874,0.03643546,0.008782924224372698,False,False
30551,community (under 1bn),mortgage portfolio lender,0.166532,0.045041,0.0021191450000000002,0.0003073441155727266,False,False
30585,community (under 1bn),mortgage portfolio lender,0.084181,0.011142,0.0016738299999999998,0.0004607254581453539,False,False
30595,community (under 1bn),diversified,0.182362,0.0192,0.00513763,0.005853960304545387,False,False
30619,community (under 1bn),mortgage portfolio lender,0.138788,0.01459,0.00312623,0.003929600784581925,False,False
30637,community (under 1bn),mortgage portfolio lender,0.342739,0.044104,0.009188459999999999,0.0030999925943685693,False,False
3063,community (under 1bn),diversified,0.243414,0.031518,0.0017275549999999998,0.00025464333158004167,False,False
30656,community (under 1bn),mortgage portfolio lender,0.063195,0.005356,0.000890395,0.0001540468049483425,False,False
3066,regional (10 to 100bn),diversified,15.234117,1.773844,0.34169522999999996,0.10225973039225414,False,False
3067,midsize (1 to 10bn),diversified,1.025678,0.105802,0.0324654,0.029276364392115367,False,False
30680,community (under 1bn),mortgage portfolio lender,0.366549,0.063075,0.011241075,0.0025111415779543933,False,False
30688,community (under 1bn),mortgage portfolio lender,0.099941,0.010132,0.003042895,0.000507995884987767,False,False
30692,community (under 1bn),diversified,0.191856,0.022248,0.003952975,0.0013820394755984795,False,False
306,community (under 1bn),diversified,0.415985,0.051419,0.01284923,0.0041386913974871915,False,False
30704,midsize (1 to 10bn),commercial real estate heavy,1.047615,0.122446,0.041905185000000005,0.05036162054079496,False,False
30707,community (under 1bn),mortgage portfolio lender,0.168344,0.026689,0.004260464999999999,0.0006795835578833559,False,False
30722,community (under 1bn),diversified,0.388009,0.068016,0.01412287,0.04178277321566046,False,False
3075,community (under 1bn),diversified,0.230385,0.02726,0.005769435000000001,0.001264354013065711,False,False
30776,midsize (1 to 10bn),C and I heavy,7.313151,0.717502,0.2064363,0.3560287712216524,False,False
30788,regional (10 to 100bn),commercial real estate heavy,31.577225,3.054537,0.91283572,0.29681713039154567,False,False
3078,community (under 1bn),diversified,0.105211,0.008491,0.0014306599999999998,0.0006581865651180804,False,False
3079,community (under 1bn),diversified,0.133878,0.012208,0.001441,0.0029801833117640663,False,False
307,community (under 1bn),diversified,0.22983,0.026482,0.0066155350000000005,0.0027359714652090967,False,False
30812,community (under 1bn),mortgage portfolio lender,0.381437,0.036702,0.009571245,0.0034969873192633814,False,False
30819,community (under 1bn),mortgage portfolio lender,0.288387,0.034523,0.004910609999999999,0.001523359395474872,False,False
30878,community (under 1bn),mortgage portfolio lender,0.103234,0.011722,0.00323824,0.00047366125550066317,False,False
30879,midsize (1 to 10bn),mortgage portfolio lender,1.208112,0.122754,0.04278522,0.04891879640808871,False,False
3087,community (under 1bn),commercial real estate heavy,0.275275,0.029706,0.00655636,0.001011174494975572,False,False
30889,community (under 1bn),mortgage portfolio lender,0.109903,0.009925,0.0029809700000000003,0.0006116264746997195,False,False
30895,midsize (1 to 10bn),commercial real estate heavy,3.298672,0.32302,0.12152876,0.08359754565678795,False,False
3091,midsize (1 to 10bn),diversified,1.180522,0.133212,0.02536618,0.005070270541480008,False,False
30943,community (under 1bn),mortgage portfolio lender,0.117146,0.016821,0.0031453449999999995,0.0010109419825868498,False,False
30953,midsize (1 to 10bn),mortgage portfolio lender,2.438455,0.329409,0.014860464999999998,0.0028851649888244095,False,False
30969,community (under 1bn),mortgage portfolio lender,0.20728,0.021485,0.00558671,0.0013913716299849388,False,False
30976,community (under 1bn),mortgage portfolio lender,0.198858,0.028384,0.00447846,0.0023352051418421417,False,False
30987,community (under 1bn),mortgage portfolio lender,0.154402,0.031192,0.0019284450000000002,0.00036550164096463907,False,False
3098,community (under 1bn),commercial real estate heavy,0.257603,0.027435,0.00871479,0.002347674179260199,False,False
30996,community (under 1bn),mortgage portfolio lender,0.782039,0.137314,0.006065219999999999,0.0017270264032525238,False,False
31028,community (under 1bn),diversified,0.691865,0.056726,0.018921425,0.0024594388584380155,False,False
3103,community (under 1bn),diversified,0.640047,0.070869,0.003543915,0.0008254946100464543,False,False
31043,community (under 1bn),diversified,0.288388,0.026917,0.00568628,0.0021542930173076395,False,False
31077,community (under 1bn),mortgage portfolio lender,0.275578,0.025885,0.007866625,0.002047492432537645,False,False
31083,community (under 1bn),mortgage portfolio lender,0.16709,0.020517,0.0044168,0.0016626808450556872,False,False
31089,community (under 1bn),mortgage portfolio lender,0.138289,0.015049,0.00298503,0.0008115949923012256,False,False
3108,midsize (1 to 10bn),diversified,1.271315,0.129958,0.027730440000000002,0.03825026075592497,False,False
31090,community (under 1bn),mortgage portfolio lender,0.058512,0.009188,0.001577085,0.0005276860207365162,False,False
3109,community (under 1bn),diversified,0.167712,0.016302,0.00275541,0.00035419749206378566,False,False
31100,midsize (1 to 10bn),commercial real estate heavy,1.539653,0.170419,0.03220582,0.05576832103216256,False,False
3110,community (under 1bn),diversified,0.425387,0.042505,0.01312252,0.0018066088282951585,False,False
31127,community (under 1bn),mortgage portfolio lender,0.182603,0.013892,0.004648935000000001,0.002764795400710615,False,False
3113,community (under 1bn),commercial real estate heavy,0.517689,0.060279,0.013843815,0.002577259461819725,False,False
31146,community (under 1bn),diversified,0.38597,0.045178,0.012503,0.006952586016887287,False,False
31158,community (under 1bn),diversified,0.31734,0.033508,0.00557683,0.004054154770924603,False,False
31184,community (under 1bn),mortgage portfolio lender,0.358979,0.054342,0.008995964999999998,0.0016915804466761852,False,False
31189,midsize (1 to 10bn),diversified,3.485007,0.535888,0.148210345,0.033603205887291786,False,False
31197,community (under 1bn),mortgage portfolio lender,0.081296,0.018247,0.0025743799999999994,0.0011109438322703378,False,False
31198,community (under 1bn),diversified,0.203872,0.031681,0.00695258,0.0020457435909702624,False,False
31217,community (under 1bn),mortgage portfolio lender,0.491321,0.059394,0.012241895,0.011292799557561246,False,False
3121,community (under 1bn),commercial real estate heavy,0.703566,0.096577,0.025345605,0.005536102599017557,False,False
31223,midsize (1 to 10bn),diversified,1.287594,0.145117,0.02986155,0.03568875826235215,False,False
31232,community (under 1bn),mortgage portfolio lender,0.078964,0.017638,0.001318245,0.00024647308135993315,False,False
31236,community (under 1bn),mortgage portfolio lender,0.60894,0.060723,0.01819085,0.004353999021783157,False,False
31266,community (under 1bn),mortgage portfolio lender,0.031872,0.007128,0.00079488,0.00012201620177783423,False,False
31267,community (under 1bn),diversified,0.067306,0.017294,0.0024533449999999996,0.0006322911966560447,False,False
3126,community (under 1bn),diversified,0.657456,0.07742,0.017165115,0.004343033827097509,False,False
31272,community (under 1bn),diversified,0.357502,0.038106,0.01320286,0.00964317877036704,False,False
3127,community (under 1bn),commercial real estate heavy,0.691811,0.087413,0.0185056,0.0035257166272091465,False,False
31313,midsize (1 to 10bn),diversified,4.485958,0.484198,0.05017103,0.017060305088349027,False,False
31329,community (under 1bn),mortgage portfolio lender,0.100502,0.021022,0.0027196099999999995,0.0006605132551178851,False,False
3133,community (under 1bn),diversified,0.083872,0.007053,0.0011728049999999999,0.0002824301328781052,False,False
31345,community (under 1bn),mortgage portfolio lender,0.020682,0.002198,0.00050784,6.825308111610563e-05,False,False
31361,community (under 1bn),commercial real estate heavy,0.501794,0.238224,0.005504535,0.003053182881412886,False,False
31390,community (under 1bn),C and I heavy,0.732391,0.088423,0.0218358,0.007017856531494681,False,False
31406,community (under 1bn),diversified,0.222117,0.041239,0.010692985000000002,0.001473201766067123,False,False
31409,community (under 1bn),mortgage portfolio lender,0.041325,0.01056,0.0012986150000000001,0.0004204850878834574,False,False
3140,community (under 1bn),diversified,0.309769,0.031369,0.001236445,0.0003434876126827956,False,False
31410,community (under 1bn),mortgage portfolio lender,0.151554,0.014382,0.003782025,0.0019786298889652486,False,False
3144,community (under 1bn),diversified,0.45242,0.048602,0.011290645,0.005298109763847418,False,False
31461,community (under 1bn),mortgage portfolio lender,0.963589,0.095584,0.028827190000000003,0.01098423972718763,False,False
31469,regional (10 to 100bn),auto-heavy,12.043258,1.269911,0.3808148,0.5420392355530721,False,False
31485,community (under 1bn),diversified,0.523535,0.054247,0.015156164999999997,0.02379886386173781,False,False
31488,community (under 1bn),diversified,0.190897,0.018644,0.004323,0.0020219255305427113,False,False
3149,community (under 1bn),mortgage portfolio lender,0.057308,0.007568,0.000855845,0.00016751766653024143,False,False
314,community (under 1bn),diversified,0.051815,0.0065,0.001042345,0.00015353265247915692,False,False
31516,community (under 1bn),mortgage portfolio lender,0.686611,0.064773,0.020965725,0.014566653053461609,False,False
31539,community (under 1bn),mortgage portfolio lender,0.267339,0.039178,0.007661320000000001,0.010461285075267448,False,False
31545,community (under 1bn),mortgage portfolio lender,0.160232,0.01951,0.004677129999999999,0.009646158981925269,False,False
3158,community (under 1bn),diversified,0.077612,0.0131,0.0005720300000000001,0.00011867227301927008,False,False
3161,community (under 1bn),diversified,0.93637,0.094862,0.032040135000000004,0.00849584482215681,False,False
31628,regional (10 to 100bn),diversified,84.318631,8.206368,2.1526646649999996,1.2544051923740416,False,False
31694,community (under 1bn),mortgage portfolio lender,0.397064,0.044608,0.008768489999999999,0.001992016708703938,False,False
3170,community (under 1bn),diversified,0.269793,0.031386,0.0048997649999999995,0.0007369985860121617,False,False
31711,community (under 1bn),diversified,0.174436,0.020017,0.00258826,0.0055968295426697436,False,False
31723,community (under 1bn),mortgage portfolio lender,0.025738,0.002618,0.0007082599999999999,0.0002710932343854959,False,False
31762,community (under 1bn),diversified,0.180242,0.019868,0.006208684999999999,0.005060622754039133,False,False
31774,community (under 1bn),mortgage portfolio lender,0.040459,0.005731,0.00115968,0.0003688050019176289,False,False
3179,community (under 1bn),diversified,0.167651,0.019612,0.0030945950000000003,0.0018519366226073162,False,False
31823,community (under 1bn),diversified,0.355678,0.038638,0.01056993,0.019217142903714488,False,False
3182,midsize (1 to 10bn),diversified,1.007399,0.118123,0.03511356,0.005081989090780749,False,False
3183,community (under 1bn),commercial real estate heavy,0.934933,0.116911,0.02912157,0.031072854927287976,False,False
31840,midsize (1 to 10bn),diversified,1.123486,0.110215,0.0475254,0.009809441361259158,False,False
3184,community (under 1bn),diversified,0.119617,0.018177,0.002827295,0.0012111722374596606,False,False
31864,community (under 1bn),mortgage portfolio lender,0.280353,0.030399,0.006216505,0.003233604036582122,False,False
31900,community (under 1bn),mortgage portfolio lender,0.191277,0.030421,0.00405302,0.0046794429802067975,False,False
31905,community (under 1bn),mortgage portfolio lender,0.235541,0.026893,0.00492042,0.000964580479512482,False,False
3190,community (under 1bn),mortgage portfolio lender,0.19941,0.019099,0.0044065,0.002063224001487073,False,False
31928,community (under 1bn),auto-heavy,0.398049,0.040527,0.016980875,0.012081189227138968,False,False
31936,community (under 1bn),mortgage portfolio lender,0.551829,0.059146,0.013576955,0.0017475727130930921,False,False
3193,community (under 1bn),diversified,0.597107,0.097557,0.00564428,0.002288844697254466,False,False
31945,midsize (1 to 10bn),mortgage portfolio lender,6.523938,0.548272,0.167585855,0.09192257455595497,False,False
31972,community (under 1bn),mortgage portfolio lender,0.063543,0.011225,0.0018542499999999998,0.00031849714548897644,False,False
3197,community (under 1bn),diversified,0.216947,0.02074,0.004726500000000001,0.0006386913376565679,False,False
31994,community (under 1bn),mortgage portfolio lender,0.18084,0.017957,0.0037431849999999996,0.0009258518312451053,False,False
31999,community (under 1bn),diversified,0.613167,0.092111,0.008050745,0.0011832220787128353,False,False
32018,community (under 1bn),diversified,0.086908,0.009796,0.0018707399999999999,0.00034388010493589073,False,False
32025,community (under 1bn),diversified,0.295963,0.032236,0.011239895,0.008562559156033314,False,False
3206,community (under 1bn),commercial real estate heavy,0.726942,0.086691,0.022906235,0.0036549992798709514,False,False
32082,community (under 1bn),diversified,0.330259,0.02796,0.01041433,0.005771386157579197,False,False
32084,midsize (1 to 10bn),diversified,1.031498,0.123413,0.03589297500000001,0.008392881886893492,False,False
3210,midsize (1 to 10bn),commercial real estate heavy,1.543622,0.246867,0.05814252500000001,0.019963730816849386,False,False
32135,community (under 1bn),diversified,0.457435,0.050546,0.00847191,0.0021440047110158067,False,False
3217,community (under 1bn),diversified,0.356153,0.040676,0.0074611849999999995,0.0022495245441921143,False,False
32188,large (100 to 700bn),card-heavy,106.188,9.871,4.3521,3.0816741395651857,False,False
3218,community (under 1bn),diversified,0.594788,0.059671,0.01714398,0.012703553501371655,False,False
3219,community (under 1bn),diversified,0.374499,0.035993,0.01015658,0.009129974061050239,False,False
32203,community (under 1bn),commercial real estate heavy,0.959783,0.105352,0.036935515,0.009587712537792184,False,False
32242,midsize (1 to 10bn),mortgage portfolio lender,1.111698,0.107303,0.02568884,0.03590189852076497,False,False
32245,regional (10 to 100bn),mortgage portfolio lender,12.696318,1.38325,0.3882064499999999,0.20431964945492137,False,False
32257,community (under 1bn),mortgage portfolio lender,0.320732,0.052055,0.008430545000000001,0.0018510029157125078,False,False
3225,community (under 1bn),diversified,0.896113,0.120203,0.017518765,0.0031739142458015596,False,False
3226,community (under 1bn),commercial real estate heavy,0.992919,0.110197,0.036296655000000004,0.005526010043380428,False,False
32277,community (under 1bn),commercial real estate heavy,0.125822,0.023091,0.00539143,0.0007429065023027103,False,False
32282,midsize (1 to 10bn),diversified,1.448853,0.242155,0.066339445,0.01145756023927304,False,False
32286,community (under 1bn),diversified,0.119636,0.016153,0.00391587,0.0033575848071718552,False,False
3228,community (under 1bn),diversified,0.946349,0.115403,0.021277264999999997,0.005637729093233445,False,False
32292,community (under 1bn),mortgage portfolio lender,0.1233,0.010649,0.00341544,0.0010076055731880202,False,False
32293,community (under 1bn),mortgage portfolio lender,0.148311,0.031475,0.00391908,0.0018763723297523607,False,False
32296,midsize (1 to 10bn),mortgage portfolio lender,4.019642,0.408751,0.12014490999999997,0.022356287113572338,False,False
32307,community (under 1bn),mortgage portfolio lender,0.078524,0.008869,0.0020112199999999998,0.0010497089443831525,False,False
3230,community (under 1bn),diversified,0.729344,0.087848,0.024072265,0.0065222506285250925,False,False
3232,community (under 1bn),diversified,0.053472,0.007334,0.001242895,0.0005900670060422884,False,False
32348,community (under 1bn),mortgage portfolio lender,0.232385,0.018276,0.0063658099999999995,0.003394362385740139,False,False
32360,community (under 1bn),commercial real estate heavy,0.336412,0.1086,0.01136569,0.034220726690270487,False,False
32363,midsize (1 to 10bn),diversified,1.012028,0.095689,0.03369740499999999,0.023450576413676313,False,False
3237,community (under 1bn),diversified,0.055132,0.007447,0.001249825,0.001325269050952623,False,False
32441,community (under 1bn),C and I heavy,0.523437,0.066923,0.017063595,0.06284682800734737,False,True
32459,community (under 1bn),diversified,0.65784,0.060555,0.023112455,0.021818261777652326,False,False
3248,community (under 1bn),diversified,0.101984,0.016715,0.0009661650000000001,0.00017928162849793717,False,False
324,community (under 1bn),diversified,0.466261,0.064375,0.0100569,0.004862529735807052,False,False
3250,midsize (1 to 10bn),diversified,4.582833,0.497939,0.12084477,0.04199175347250885,False,False
32526,midsize (1 to 10bn),mortgage portfolio lender,9.04916,0.822546,0.239732855,0.08304872582582236,False,False
32527,community (under 1bn),commercial real estate heavy,0.868706,0.150618,0.03168598,0.009707514213148125,False,False
32532,community (under 1bn),diversified,0.269549,0.0284,0.005642535000000001,0.013625463763813428,False,False
32541,regional (10 to 100bn),diversified,87.714456,8.440929,2.64434711,12.46363367685165,False,True
32551,regional (10 to 100bn),diversified,12.476843,1.315687,0.41039012999999996,0.0695544033645443,False,False
3255,community (under 1bn),diversified,0.224367,0.028529,0.002563165,0.0005214979164163996,False,False
3256,midsize (1 to 10bn),commercial real estate heavy,2.553778,0.221141,0.07469442,0.016077415492813975,False,False
32574,midsize (1 to 10bn),commercial real estate heavy,3.160448,0.999308,0.02111334,0.04656094078052815,False,False
32612,midsize (1 to 10bn),diversified,4.329072,0.474451,0.14654091,0.30178048414149833,False,True
32629,midsize (1 to 10bn),commercial real estate heavy,1.594265,0.309295,0.072184105,0.21350940149701672,False,False
32647,midsize (1 to 10bn),diversified,2.999288,0.302639,0.08838717000000001,0.02191894479783423,False,False
3268,community (under 1bn),diversified,0.319529,0.035776,0.006986920000000001,0.0009035752857655749,False,False
3269,community (under 1bn),diversified,0.58487,0.076384,0.015166080000000002,0.002052403023748971,False,False
32718,midsize (1 to 10bn),mortgage portfolio lender,1.192829,0.139208,0.021299275,0.02383139584364684,False,False
3275,community (under 1bn),diversified,0.283161,0.033807,0.004206865000000001,0.0016294027805454497,False,False
3276,midsize (1 to 10bn),diversified,3.331259,0.496154,0.105543635,0.05572745740773865,False,False
32773,regional (10 to 100bn),diversified,31.129348,3.031973,0.9100173249999999,0.1885453888735555,False,False
32779,midsize (1 to 10bn),commercial real estate heavy,3.856103,0.347359,0.105200475,0.02643213287008612,False,False
3279,community (under 1bn),commercial real estate heavy,0.577379,0.064077,0.010741,0.014662177366108288,False,False
327,community (under 1bn),diversified,0.198973,0.036632,0.003887105,0.0033049367973171763,False,False
3285,midsize (1 to 10bn),diversified,4.644738,0.434534,0.102455955,0.0771223119426248,False,False
3286,community (under 1bn),diversified,0.736776,0.069517,0.023301130000000003,0.007620544498234367,False,False
3289,community (under 1bn),commercial real estate heavy,0.241973,0.027381,0.0058525,0.0008304721054686108,False,False
32908,community (under 1bn),auto-heavy,0.086533,0.013337,0.003767795,0.0037776651850124016,False,False
32912,midsize (1 to 10bn),diversified,1.926362,0.252451,0.047122805,0.04937586001865511,False,False
3292,community (under 1bn),diversified,0.426846,0.052288,0.000660365,0.0002872275218257515,False,False
3293,community (under 1bn),diversified,0.259704,0.025627,0.0037305150000000002,0.0004490861406166208,False,False
32941,midsize (1 to 10bn),commercial real estate heavy,3.279902,0.394502,0.11967899500000001,0.019824330918907382,False,False
32961,midsize (1 to 10bn),diversified,4.750332,0.812263,0.0,0.0,False,False
32968,community (under 1bn),diversified,0.096958,0.01184,0.0027993149999999997,0.0026378842556995536,False,False
32974,midsize (1 to 10bn),C and I heavy,3.856151,0.338232,0.122413885,0.14415643769180925,False,False
32992,large (100 to 700bn),diversified,419.318,41.091,0.9512450000000001,0.35005020678465393,False,False
33005,midsize (1 to 10bn),diversified,2.641469,0.220792,0.08189394,0.03882239780697343,False,False
33009,community (under 1bn),commercial real estate heavy,0.696396,0.107757,0.026007775,0.023636704520998548,False,False
33010,community (under 1bn),commercial real estate heavy,0.449359,0.05614,0.015232169999999998,0.009248175795679952,False,False
33013,community (under 1bn),commercial real estate heavy,0.056924,0.011339,0.00187904,0.0002586218906462163,False,False
3301,community (under 1bn),commercial real estate heavy,0.873243,0.087831,0.021513324999999996,0.004746422079256754,False,False
33026,community (under 1bn),commercial real estate heavy,0.21368,0.02855,0.005060930000000001,0.020367246241078538,False,True
3302,community (under 1bn),diversified,0.330564,0.029945,0.010826514999999998,0.00411599647128856,False,False
3303,community (under 1bn),diversified,0.025944,0.002815,0.00028385,9.513393926459329e-05,False,False
3305,community (under 1bn),mortgage portfolio lender,0.467161,0.071913,0.008332425,0.0014771081884207011,False,False
33103,community (under 1bn),mortgage portfolio lender,0.288216,0.039811,0.009443,0.012611930635215427,False,False
33111,midsize (1 to 10bn),mortgage portfolio lender,2.311952,0.261615,0.0590754,0.014504030808677178,False,False
33119,midsize (1 to 10bn),commercial real estate heavy,1.993366,0.180429,0.059619885000000004,0.05047565614558914,False,False
33124,largest (over 700bn),diversified,758.788,59.262,5.605980000000001,4.622970953407589,False,False
33131,community (under 1bn),diversified,0.140442,0.014996,0.0036120749999999997,0.001711807637686647,False,False
33136,community (under 1bn),diversified,0.640262,0.057488,0.017968175,0.0029742337097389,False,False
33183,community (under 1bn),diversified,0.045181,0.00543,0.001675535,0.0003549686264540844,False,False
33188,midsize (1 to 10bn),commercial real estate heavy,2.234648,0.25578,0.083455155,0.12162491260760191,False,False
33204,community (under 1bn),commercial real estate heavy,0.691496,0.067843,0.02659167,0.02367800405589451,False,False
3320,community (under 1bn),diversified,0.165392,0.026604,0.0010334950000000002,0.0001737044732519297,False,False
33216,midsize (1 to 10bn),diversified,3.395565,0.336089,0.11550487000000001,0.050548052687943316,False,False
33239,community (under 1bn),diversified,0.008968,0.007987,0.0,0.0,False,False
3325,midsize (1 to 10bn),diversified,1.774437,0.196352,0.054877844999999995,0.01263370079454184,False,False
3327,community (under 1bn),diversified,0.147495,0.029338,0.0026880700000000003,0.0005771727852799554,False,False
33306,regional (10 to 100bn),diversified,66.504376,8.805307,1.5719902700000001,2.2431616875528637,False,False
3330,midsize (1 to 10bn),diversified,1.075946,0.097518,0.034592885000000004,0.010178957276027452,False,False
3335,community (under 1bn),diversified,0.147775,0.022302,0.002740915,0.0016262964879257284,False,False
3336,community (under 1bn),diversified,0.090724,0.011487,0.00046026,7.527668759549756e-05,False,False
3337,midsize (1 to 10bn),commercial real estate heavy,1.216298,0.123453,0.03370121,0.013284980192344519,False,False
33380,community (under 1bn),commercial real estate heavy,0.573973,0.065217,0.02386954,0.010029777735885087,False,False
3339,community (under 1bn),diversified,0.500293,0.078913,0.003295965,0.00046715701083138695,False,False
33418,midsize (1 to 10bn),diversified,1.071557,0.086723,0.030912659999999998,0.015337597166827399,False,False
3342,community (under 1bn),diversified,0.277619,0.028439,0.007433905,0.0024647718201306116,False,False
33450,community (under 1bn),diversified,0.701698,0.062095,0.018952085,0.011357910350409815,False,False
33457,midsize (1 to 10bn),commercial real estate heavy,2.001344,0.230184,0.054596195,0.0076204905219376,False,False
33470,community (under 1bn),diversified,0.351031,0.034153,0.010524920000000002,0.00422548504141002,False,False
33492,midsize (1 to 10bn),diversified,1.065126,0.154516,0.00943336,0.02215711052684414,False,False
33497,regional (10 to 100bn),diversified,26.576,3.049,0.0,0.0,False,False
33503,midsize (1 to 10bn),commercial real estate heavy,3.184193,0.37153,0.12607290000000002,0.16041362189632224,False,False
33506,community (under 1bn),commercial real estate heavy,0.547471,0.048555,0.01268833,0.010626506283308612,False,False
3351,community (under 1bn),diversified,0.054179,0.010148,0.0005829600000000001,0.00010546371689220375,False,False
33539,midsize (1 to 10bn),commercial real estate heavy,7.731004,0.812052,0.2996573,0.21666931626593983,False,False
33552,community (under 1bn),diversified,0.156942,0.015902,0.002439005,0.0004941286265815892,False,False
33555,regional (10 to 100bn),commercial real estate heavy,68.794317,6.663891,2.2561550799999996,0.715783339951675,False,False
33565,community (under 1bn),mortgage portfolio lender,0.362077,0.067425,0.008312594999999997,0.01176382462063904,False,False
33568,community (under 1bn),commercial real estate heavy,0.048411,0.008091,0.00133803,0.0011206729586274275,False,False
33645,community (under 1bn),mortgage portfolio lender,0.591159,0.056599,0.017572169999999998,0.006634545973949205,False,False
33646,midsize (1 to 10bn),C and I heavy,3.66068,0.0,0.080738615,0.012056111772656732,True,True
33648,midsize (1 to 10bn),diversified,7.415358,0.0,0.047742,0.0068261924443169,True,True
33649,community (under 1bn),C and I heavy,0.554095,0.0,0.02451598,0.0041986702025829,True,True
33653,regional (10 to 100bn),C and I heavy,48.520695,0.0,0.600310685,0.10091384940998496,True,True
33656,community (under 1bn),commercial real estate heavy,0.031987,0.0,0.000273645,5.464471336875833e-05,True,True
33661,midsize (1 to 10bn),C and I heavy,7.389525,0.0,0.15966016500000002,0.024418565290015768,True,True
33664,midsize (1 to 10bn),diversified,4.321255,0.0,0.04306104000000001,0.006156904735713372,True,True
33681,regional (10 to 100bn),C and I heavy,16.237538,0.0,0.21874728000000002,0.0312766752534639,True,True
33682,regional (10 to 100bn),C and I heavy,22.50793,0.0,0.29077563999999995,0.041575352451916785,True,True
33684,midsize (1 to 10bn),C and I heavy,2.425531,0.0,0.07093104,0.016326046529612566,True,True
33686,regional (10 to 100bn),C and I heavy,11.040725,0.0,0.40856743500000003,0.08379906417417152,True,True
3368,community (under 1bn),diversified,0.165493,0.02446,0.0038775650000000004,0.0013296661832209317,False,False
33690,regional (10 to 100bn),C and I heavy,58.36642,0.0,1.2997404399999999,0.2011480760693376,True,True
33692,regional (10 to 100bn),diversified,69.154014,0.0,0.560480305,0.14632167748959335,True,True
33693,midsize (1 to 10bn),C and I heavy,6.928393,0.0,0.07135654999999999,0.04867047477164685,True,True
33708,community (under 1bn),commercial real estate heavy,0.982667,0.122928,0.03366437,0.03252433886364561,False,False
33739,community (under 1bn),diversified,0.352616,0.051584,0.008579215000000001,0.00393408718436225,False,False
33753,community (under 1bn),diversified,0.531041,0.053198,0.011841585000000002,0.0030385719011450543,False,False
33758,midsize (1 to 10bn),diversified,2.097919,0.203067,0.047964635,0.020486337970732803,False,False
33761,community (under 1bn),commercial real estate heavy,0.411867,0.03743,0.013790255000000001,0.012081647127361579,False,False
3376,community (under 1bn),commercial real estate heavy,0.346068,0.042763,0.008300815000000001,0.005497719453244337,False,False
33785,community (under 1bn),diversified,0.911012,0.070939,0.0,0.0,False,False
33802,community (under 1bn),diversified,0.068444,0.001415,0.002383785,0.0008694465996858911,True,True
33803,midsize (1 to 10bn),C and I heavy,4.790736,0.404456,0.13743602,0.12550570793922208,False,False
33805,community (under 1bn),diversified,0.194488,0.019423,0.005714625,0.00155773203758298,False,False
33812,community (under 1bn),commercial real estate heavy,0.432603,0.059112,0.016024105,0.004560173348136019,False,False
33818,community (under 1bn),mortgage portfolio lender,0.153397,0.016027,0.004208239999999999,0.006026412910198123,False,False
33823,midsize (1 to 10bn),diversified,1.55531,0.219466,0.0623914,0.03502587763875483,False,False
33849,midsize (1 to 10bn),diversified,6.800738,0.605443,0.190330705,0.14398266856454545,False,False
3384,community (under 1bn),mortgage portfolio lender,0.452142,0.057468,0.012660454999999998,0.009350469354035072,False,False
33851,community (under 1bn),mortgage portfolio lender,0.101069,0.009781,0.0022771199999999997,0.00048090988843161936,False,False
33855,community (under 1bn),diversified,0.039766,0.038192,0.0,0.0,False,False
33860,midsize (1 to 10bn),diversified,3.037564,0.286121,0.09311783,0.05432993224710875,False,False
33867,midsize (1 to 10bn),diversified,2.774878,0.324991,0.07898092999999999,0.034022552266804354,False,False
33879,community (under 1bn),diversified,0.086621,0.071043,0.0,0.0,False,False
3387,midsize (1 to 10bn),diversified,1.876348,0.212561,0.05407412,0.011997230318132983,False,False
3388,community (under 1bn),diversified,0.21265,0.034343,0.0031279199999999997,0.0005540118937674482,False,False
33893,regional (10 to 100bn),diversified,45.602712,3.611664,0.7630709149999999,1.1198904929703941,False,False
3389,midsize (1 to 10bn),commercial real estate heavy,1.161379,0.104938,0.027654395000000002,0.0137461327837799,False,False
33922,community (under 1bn),diversified,0.349155,0.030331,0.007839295000000001,0.010661476243709592,False,False
33926,community (under 1bn),diversified,0.248313,0.025215,0.005480935,0.00418105867920175,False,False
33928,midsize (1 to 10bn),diversified,1.322925,0.121629,0.041835195000000006,0.0428820176859787,False,False
33935,midsize (1 to 10bn),diversified,9.567734,1.085263,0.334793895,0.29160492523090675,False,False
33947,regional (10 to 100bn),card-heavy,32.125899,3.76219,1.2836925650000002,1.446538559012908,False,False
33959,community (under 1bn),mortgage portfolio lender,0.296528,0.086403,0.007238655,0.0050358108965072165,False,False
33962,community (under 1bn),diversified,0.157373,0.149694,0.0,0.0,False,False
3399,community (under 1bn),diversified,0.107268,0.010274,0.001775865,0.0008704337965659047,False,False
3400,community (under 1bn),commercial real estate heavy,0.510633,0.068233,0.021056065,0.00918662681038012,False,False
34010,midsize (1 to 10bn),commercial real estate heavy,1.12537,0.22772,0.04035163,0.024063325561391454,False,False
34011,midsize (1 to 10bn),C and I heavy,3.625764,0.340697,0.11080512000000001,0.0857511149573542,False,False
34014,community (under 1bn),diversified,0.139101,0.016107,0.0013411799999999998,0.0012186515946794752,False,False
3401,community (under 1bn),diversified,0.167122,0.017856,0.0006735099999999999,0.0008775472285590883,False,False
34020,community (under 1bn),diversified,0.188796,0.020966,0.006099780000000001,0.0010012782117510774,False,False
34023,community (under 1bn),diversified,0.318094,0.03278,0.010145315,0.0037681607936866503,False,False
34038,community (under 1bn),diversified,0.712767,0.083699,0.017997420000000004,0.01126185949395219,False,False
34040,community (under 1bn),commercial real estate heavy,0.276885,0.027023,0.00867357,0.0037281917694689474,False,False
34047,midsize (1 to 10bn),commercial real estate heavy,2.3809,0.217585,0.07578258500000001,0.0464048773122006,False,False
34052,community (under 1bn),diversified,0.315703,0.03523,0.00593112,0.007856333562479693,False,False
34056,community (under 1bn),diversified,0.170694,0.156169,0.0,0.0,False,False
34057,community (under 1bn),diversified,0.034437,0.030022,0.0,0.0,False,False
34058,community (under 1bn),mortgage portfolio lender,0.418125,0.062153,0.007353195,0.006729296539968824,False,False
3405,midsize (1 to 10bn),commercial real estate heavy,5.137149,0.451373,0.18362557,0.18418741238159447,False,False
34065,community (under 1bn),diversified,0.003057,0.003057,0.0,0.0,False,False
34068,midsize (1 to 10bn),diversified,2.181324,0.222633,0.07580633,0.03217282579698331,False,False
34069,community (under 1bn),mortgage portfolio lender,0.772076,0.681209,0.00071286,0.00040667735358420085,False,False
34073,midsize (1 to 10bn),C and I heavy,3.338776,0.297157,0.10698436,0.0889517438560532,False,False
34074,community (under 1bn),diversified,0.565303,0.07208,0.02096204,0.0032513379105807757,False,False
340,community (under 1bn),commercial real estate heavy,0.770659,0.118085,0.012740915,0.004646254693646455,False,False
34108,community (under 1bn),commercial real estate heavy,0.53611,0.047537,0.021060255,0.016179261706569123,False,False
34120,midsize (1 to 10bn),diversified,3.49695,0.434705,0.11184489,0.02547369311081852,False,False
34146,community (under 1bn),commercial real estate heavy,0.495508,0.051084,0.019366875,0.01839198564027376,False,False
34148,community (under 1bn),diversified,0.420019,0.04505,0.009238765000000001,0.0031324904387747673,False,False
34150,community (under 1bn),diversified,0.59136,0.057694,0.015517335,0.004197184612902654,False,False
34160,community (under 1bn),diversified,0.297295,0.033699,0.0061159249999999995,0.002313053859013,False,False
34162,community (under 1bn),diversified,0.368823,0.071522,0.01367755,0.005913859204870475,False,False
34171,community (under 1bn),diversified,0.508184,0.056754,0.019363830000000002,0.0070198137734904685,False,False
34193,community (under 1bn),commercial real estate heavy,0.274127,0.044544,0.0028553350000000005,0.0004213934232463143,False,False
34207,midsize (1 to 10bn),diversified,1.928955,0.177993,0.064717315,0.05848020110514145,False,False
34211,midsize (1 to 10bn),diversified,1.248096,0.117485,0.029158345,0.017783585645152096,False,False
34221,large (100 to 700bn),diversified,250.425,16.645,2.6795649999999998,0.6025294265219685,False,False
34229,community (under 1bn),commercial real estate heavy,0.598515,0.070962,0.015660395,0.005358346076904741,False,False
34240,community (under 1bn),commercial real estate heavy,0.385789,0.046744,0.013849855,0.003692411585814962,False,False
34252,midsize (1 to 10bn),commercial real estate heavy,1.207585,0.14253,0.026249455,0.045306741304621395,False,False
34254,midsize (1 to 10bn),diversified,1.960775,0.244445,0.062939295,0.01432873173983726,False,False
34259,community (under 1bn),commercial real estate heavy,0.614282,0.162597,0.028417950000000004,0.014051622091197171,False,False
34294,midsize (1 to 10bn),commercial real estate heavy,6.121189,0.654784,0.20202751000000002,0.06361524864445924,False,False
342,community (under 1bn),commercial real estate heavy,0.790327,0.07138,0.022261299999999998,0.02467160160882279,False,False
3430,midsize (1 to 10bn),commercial real estate heavy,5.768175,0.595211,0.033095084999999996,0.011619398239983945,False,False
34313,community (under 1bn),diversified,0.755671,0.174984,0.04104642,0.006277926839355288,False,False
34319,midsize (1 to 10bn),commercial real estate heavy,1.391657,0.171099,0.06143249,0.02890112791439289,False,False
34331,community (under 1bn),diversified,0.004418,0.003741,0.0,0.0,False,False
34334,community (under 1bn),diversified,0.119082,0.014336,0.0043910550000000005,0.02159984961886121,False,True
34352,midsize (1 to 10bn),diversified,1.562007,0.194521,0.058097550000000005,0.06855479375926375,False,False
34363,midsize (1 to 10bn),diversified,1.066282,0.104685,0.03991212500000001,0.005866589143882722,False,False
34383,regional (10 to 100bn),diversified,33.622998,3.504224,0.6519143000000001,0.6169373714903092,False,False
34384,community (under 1bn),diversified,0.826499,0.078735,0.010121904999999999,0.0026150010218160156,False,False
34386,community (under 1bn),diversified,0.113582,0.038901,0.0047440799999999995,0.005844854418193707,False,False
34393,community (under 1bn),diversified,0.130024,0.020575,0.004590940000000001,0.0014128425800302145,False,False
34394,community (under 1bn),diversified,0.251458,0.036039,0.007296315,0.0010338618504266786,False,False
34395,midsize (1 to 10bn),C and I heavy,5.165793,0.500599,0.154312855,0.11463143105420348,False,False
34401,midsize (1 to 10bn),commercial real estate heavy,1.35312,0.12081,0.047856845,0.026497167557839898,False,False
34403,midsize (1 to 10bn),diversified,5.452231,0.463244,0.27827012500000003,0.16290335646214057,True,False
34404,midsize (1 to 10bn),C and I heavy,2.861274,0.47361,0.13162611,0.20693526881535884,False,False
34407,community (under 1bn),diversified,0.203407,0.022696,0.0019977149999999997,0.00040839854778749356,False,False
34409,community (under 1bn),diversified,0.461983,0.058866,0.012678245000000001,0.012969501591374923,False,False
3440,midsize (1 to 10bn),commercial real estate heavy,1.925947,0.232094,0.047555589999999995,0.034200437861438136,False,False
34415,midsize (1 to 10bn),diversified,1.081696,0.106238,0.028362280000000004,0.018695263638668882,False,False
34422,midsize (1 to 10bn),commercial real estate heavy,1.111851,0.11508,0.04462921499999999,0.00845735046815183,False,False
34441,community (under 1bn),commercial real estate heavy,0.115395,0.010857,0.00429634,0.0021077120132579753,False,False
34444,regional (10 to 100bn),diversified,26.503549,2.376363,0.564620355,0.8188072064625651,False,False
34455,community (under 1bn),diversified,0.096486,0.009928,0.00072795,0.0003740543563350668,False,False
34460,community (under 1bn),commercial real estate heavy,0.201328,0.017568,0.0074994300000000005,0.010223890040620147,False,True
34465,community (under 1bn),diversified,0.242048,0.240561,0.0,0.0,False,False
34478,community (under 1bn),diversified,0.015981,0.010894,0.0,0.0,False,False
34488,community (under 1bn),diversified,0.15692,0.017144,0.00347842,0.001277238557483197,False,False
34489,community (under 1bn),mortgage portfolio lender,0.453745,0.042059,0.005660344999999999,0.002693656194370229,False,False
34496,community (under 1bn),diversified,0.849866,0.195693,0.030082285,0.008175071826150305,False,False
34507,midsize (1 to 10bn),mortgage portfolio lender,9.836922,0.721866,0.08996331,0.226232558730247,False,False
34517,community (under 1bn),diversified,0.456076,0.049737,0.013263135,0.015455929726043184,False,False
34519,midsize (1 to 10bn),card-heavy,9.129523,1.503159,1.08557157,2.980871392732916,False,True
34526,community (under 1bn),commercial real estate heavy,0.187517,0.016748,0.006316810000000001,0.025845892243480866,False,True
34533,midsize (1 to 10bn),diversified,3.629998,0.318194,0.13064135999999998,0.09488041208748581,False,False
34535,community (under 1bn),card-heavy,0.382352,0.070476,0.032341180000000004,0.04189146720205121,False,False
34548,community (under 1bn),commercial real estate heavy,0.227987,0.025721,0.009260495,0.04621709332893704,False,True
34562,midsize (1 to 10bn),diversified,3.702801,0.340041,0.12477948500000001,0.030692840401441587,False,False
34566,community (under 1bn),diversified,0.391276,0.053779,0.010206114999999998,0.003535446692022724,False,False
34585,community (under 1bn),diversified,0.31849,0.035558,0.011573915,0.0023308813446555957,False,False
34588,midsize (1 to 10bn),diversified,3.206698,2.487196,0.0,0.0,False,False
34589,regional (10 to 100bn),diversified,38.020862,4.079068,1.26941662,0.4039021578022665,False,False
34598,midsize (1 to 10bn),diversified,6.240347,0.729188,0.20753104500000003,0.22562195669766036,False,False
34599,community (under 1bn),C and I heavy,0.796327,0.100256,0.012441164999999999,0.07503800105872485,False,True
34603,midsize (1 to 10bn),commercial real estate heavy,3.497075,0.348983,0.11249229,0.03948750106526055,False,False
34607,midsize (1 to 10bn),diversified,5.526397,0.425794,0.16389557999999999,0.08653258104624101,False,False
34610,community (under 1bn),diversified,0.307347,0.032667,0.00693006,0.004587357507909479,False,False
34618,midsize (1 to 10bn),C and I heavy,3.689079,0.359029,0.11694622500000001,0.19706372918217357,False,False
34619,community (under 1bn),diversified,0.04519,0.039225,0.0,0.0,False,False
34629,midsize (1 to 10bn),diversified,1.033105,0.347923,0.0,0.0,False,False
34643,community (under 1bn),diversified,0.580359,0.064791,0.015251195,0.02946265974300778,False,False
34644,community (under 1bn),commercial real estate heavy,0.121022,0.01297,0.005132469999999999,0.0045386471067321585,False,False
34656,midsize (1 to 10bn),commercial real estate heavy,2.886145,0.412686,0.12798051,0.022508765661423256,False,False
34666,community (under 1bn),diversified,0.173528,0.022811,0.004112950000000001,0.0019749656583395708,False,False
34681,midsize (1 to 10bn),C and I heavy,2.259402,0.211318,0.075202085,0.07085070208610578,False,False
34685,community (under 1bn),commercial real estate heavy,0.776717,0.11906,0.029629564999999997,0.007663594048756574,False,False
34686,community (under 1bn),diversified,0.227541,0.025208,0.00666454,0.0013444152325794896,False,False
34697,regional (10 to 100bn),C and I heavy,10.708586,0.911232,0.17536975,0.47336020485254254,False,False
34699,midsize (1 to 10bn),commercial real estate heavy,8.857429,0.996524,0.3873957600000001,0.05321401023701313,False,False
34710,community (under 1bn),diversified,0.153595,0.060541,0.0,0.0,False,False
34711,community (under 1bn),mortgage portfolio lender,0.122893,0.025058,0.0018162949999999997,0.0006964370319104021,False,False
34717,midsize (1 to 10bn),diversified,4.708678,0.445302,0.148916065,0.06812406681233069,False,False
34719,community (under 1bn),diversified,0.650814,0.072596,0.012272990000000001,0.0023344896480665877,False,False
34728,midsize (1 to 10bn),auto-heavy,1.853799,0.180376,0.05978960999999999,0.031103562204178294,False,False
34732,community (under 1bn),diversified,0.009268,0.008563,0.0,0.0,False,False
34742,midsize (1 to 10bn),commercial real estate heavy,9.618012,1.210564,0.311950925,0.17602267706428043,False,False
34752,community (under 1bn),diversified,0.133283,0.015534,0.001324095,0.00040877141017428423,False,False
34755,midsize (1 to 10bn),diversified,1.636058,0.216317,0.05560847000000001,0.011586074835557488,False,False
34759,community (under 1bn),commercial real estate heavy,0.685892,0.129202,0.027515755,0.014737928437311677,False,False
34760,community (under 1bn),mortgage portfolio lender,0.552199,0.060657,0.016062604999999997,0.004538291133686305,False,False
34775,regional (10 to 100bn),diversified,46.690554,4.243899,0.77417619,0.46675473454179484,False,False
34778,community (under 1bn),diversified,0.406261,0.041419,0.005244979999999999,0.000923495863030796,False,False
34781,midsize (1 to 10bn),C and I heavy,1.591983,0.186295,0.05403989000000001,0.22760358869810815,False,True
34784,community (under 1bn),diversified,0.611382,0.062462,0.017248780000000002,0.0051400048123685475,False,False
34786,community (under 1bn),commercial real estate heavy,0.524622,0.042005,0.018266515,0.008311538903008377,False,False
34788,midsize (1 to 10bn),commercial real estate heavy,4.417375,0.487476,0.15773788000000002,0.022262704851180336,False,False
34799,community (under 1bn),diversified,0.015466,0.012686,0.0,0.0,False,False
34803,community (under 1bn),commercial real estate heavy,0.980745,0.12275,0.03901095500000001,0.00811050309330534,False,False
34805,midsize (1 to 10bn),commercial real estate heavy,2.010002,0.242469,0.0653231,0.010027897797070145,False,False
34811,midsize (1 to 10bn),diversified,1.064337,0.09543,0.026908825,0.0036534349353961786,False,False
34813,community (under 1bn),diversified,0.191655,0.191317,0.0,0.0,False,False
34836,midsize (1 to 10bn),commercial real estate heavy,1.473505,0.136836,0.03549335,0.005988412767816408,False,False
34847,community (under 1bn),diversified,0.533381,0.046086,0.016935275,0.008183721963493533,False,False
34849,community (under 1bn),diversified,0.357734,0.032145,0.011083555,0.010308424461249273,False,False
34857,community (under 1bn),diversified,0.095037,0.013676,0.002081035,0.00038807308039479733,False,False
34860,community (under 1bn),diversified,0.176317,0.034666,0.00442443,0.000997987636892303,False,False
34876,community (under 1bn),C and I heavy,0.526018,0.069562,0.014963085,0.013500935197460418,False,False
34885,midsize (1 to 10bn),diversified,2.99033,0.280664,0.09026054500000001,0.016014582506584933,False,False
34888,midsize (1 to 10bn),diversified,2.302646,0.358247,0.08877963,0.06840253694339964,False,False
34890,community (under 1bn),diversified,0.942461,0.106473,0.031635995,0.07080123522046165,False,True
34900,community (under 1bn),diversified,0.073456,0.006094,0.00186344,0.0016130263875366684,False,False
34908,midsize (1 to 10bn),C and I heavy,2.454078,0.240556,0.07746684000000001,0.15264463350575555,False,True
34918,community (under 1bn),diversified,0.344568,0.042935,0.007051130000000001,0.00654089007678914,False,False
34935,community (under 1bn),diversified,0.047103,0.034119,0.0,0.0,False,False
34936,community (under 1bn),commercial real estate heavy,0.927663,0.093916,0.031953375,0.015721215633490868,False,False
34938,community (under 1bn),diversified,0.167901,0.020746,0.004327200000000001,0.002367059965849092,False,False
34953,midsize (1 to 10bn),diversified,7.529347,0.707467,0.088664815,0.07199945086049776,False,False
34955,community (under 1bn),diversified,0.480853,0.047941,0.015075304999999999,0.025522057700649567,False,False
34966,midsize (1 to 10bn),diversified,1.318461,0.123026,0.04704682,0.012379643143608954,False,False
34967,regional (10 to 100bn),diversified,15.032815,1.718454,0.48582025500000003,1.4261454055716487,False,True
34968,regional (10 to 100bn),diversified,63.342,4.742,1.210435,3.4913044947894294,False,True
34969,midsize (1 to 10bn),mortgage portfolio lender,1.025375,0.102597,0.03554684,0.042352524661079506,False,False
34973,community (under 1bn),diversified,0.610436,0.065039,0.012136035000000002,0.022757644655013783,False,False
34978,midsize (1 to 10bn),diversified,1.282792,0.13964,0.038462605,0.013706889098181251,False,False
34980,midsize (1 to 10bn),diversified,3.310081,0.418151,0.09616043,0.018999368606845386,False,False
34995,community (under 1bn),diversified,0.122772,0.013898,0.002024415,0.0008047206810336372,False,False
34997,midsize (1 to 10bn),diversified,1.136157,0.10114,0.036990814999999996,0.03394429220723558,False,False
35014,midsize (1 to 10bn),mortgage portfolio lender,1.241298,0.213316,0.037429855,0.03514838888572723,False,False
35019,community (under 1bn),diversified,0.248548,0.032492,0.00794911,0.0010836733094014132,False,False
35020,community (under 1bn),commercial real estate heavy,0.781602,0.077523,0.024343985000000002,0.0040420558634538615,False,False
35029,community (under 1bn),diversified,0.261184,0.031788,0.007442355,0.007374562793309266,False,False
35031,community (under 1bn),commercial real estate heavy,0.269251,0.024961,0.010550210000000003,0.0038740768523592285,False,False
35033,community (under 1bn),commercial real estate heavy,0.306516,0.04207,0.012282375000000002,0.002411830928103592,False,False
35056,community (under 1bn),commercial real estate heavy,0.211682,0.018494,0.004973585000000001,0.0018587046532163145,False,False
35060,community (under 1bn),mortgage portfolio lender,0.142448,0.023183,0.003279415,0.0006473253432839821,False,False
35063,community (under 1bn),diversified,0.139113,0.13442,0.0,0.0,False,False
35075,community (under 1bn),diversified,0.027694,0.019723,0.00024471,3.7767912538328e-05,False,False
35084,community (under 1bn),diversified,0.259952,0.044077,0.00634821,0.010563581441181882,False,False
35094,community (under 1bn),diversified,0.063699,0.007909,0.0006206149999999999,0.00026527015409675783,False,False
35095,regional (10 to 100bn),commercial real estate heavy,22.616959,2.167581,0.7048841100000001,0.24134395779084425,False,False
35101,community (under 1bn),commercial real estate heavy,0.238254,0.031718,0.008956635000000001,0.011810972586279986,False,False
35103,community (under 1bn),diversified,0.255617,0.026643,0.007598044999999999,0.011066214770887471,False,False
3510,largest (over 700bn),diversified,2654.645,186.728,43.655069999999995,44.62657962990075,False,False
35118,community (under 1bn),diversified,0.128329,0.011161,0.00417826,0.0009916200009708785,False,False
3511,largest (over 700bn),diversified,1907.928,148.541,34.148885,37.83150821059979,False,False
35131,community (under 1bn),diversified,0.790755,0.067128,0.017430845,0.013790207886415506,False,False
35138,community (under 1bn),commercial real estate heavy,0.780768,0.059332,0.027531009999999998,0.01995711384886118,False,False
35139,community (under 1bn),diversified,0.891449,0.092665,0.03433482,0.024576184592517765,False,False
35141,regional (10 to 100bn),auto-heavy,13.795765,1.782868,0.61399899,0.157478106441582,False,False
35151,community (under 1bn),commercial real estate heavy,0.899076,0.13082,0.034158375000000005,0.023770651565027112,False,False
35154,community (under 1bn),diversified,0.978322,0.457017,0.020135044999999997,0.011399114323782003,False,False
35157,midsize (1 to 10bn),auto-heavy,1.060938,0.108371,0.046502795,0.02989911679349204,False,False
35161,community (under 1bn),diversified,0.534147,0.053948,0.014356935,0.004915056030260229,False,False
35164,community (under 1bn),diversified,0.266069,0.209142,0.0,0.0,False,False
35206,community (under 1bn),diversified,0.074632,0.072295,0.0,0.0,False,False
35207,midsize (1 to 10bn),commercial real estate heavy,1.0336,0.098576,0.03185884,0.022607932693298777,False,False
35212,community (under 1bn),commercial real estate heavy,0.26646,0.024205,0.00372653,0.0011174501951103017,False,False
35214,midsize (1 to 10bn),commercial real estate heavy,1.125355,0.118272,0.036668745,0.037653207679036765,False,False
35220,community (under 1bn),diversified,0.262448,0.025138,0.00539394,0.0014075830081495826,False,False
35221,community (under 1bn),mortgage portfolio lender,0.585737,0.074206,0.01710126,0.003220976070928503,False,False
35223,community (under 1bn),diversified,0.52876,0.04755,0.015783515,0.0284256032101912,False,True
35229,community (under 1bn),diversified,0.136492,0.024516,0.0028415149999999998,0.002447628501722447,False,False
35237,midsize (1 to 10bn),diversified,4.934911,0.886385,0.09389658000000001,0.06767261680274701,False,False
35241,community (under 1bn),commercial real estate heavy,0.764188,0.09869,0.022594515,0.06440620486499454,False,False
35248,community (under 1bn),diversified,0.008767,0.00724,0.0,0.0,False,False
35261,community (under 1bn),diversified,0.15065,0.015494,0.00287119,0.0036936699108555656,False,False
35274,midsize (1 to 10bn),diversified,2.310031,0.265805,0.081718825,0.0579008370375869,False,False
35276,community (under 1bn),diversified,0.850072,0.073827,0.020229685,0.01996953121511958,False,False
35278,midsize (1 to 10bn),diversified,3.837265,0.331307,0.153487295,0.04480006942092691,False,False
35292,community (under 1bn),diversified,0.513206,0.054811,0.018454485,0.00943681049533067,False,False
35295,midsize (1 to 10bn),diversified,4.703075,0.416825,0.169703545,0.10739528069038393,False,False
352,community (under 1bn),diversified,0.160896,0.018106,0.0025129700000000002,0.0021923653460574565,False,False
35314,community (under 1bn),C and I heavy,0.0174,0.002376,0.00047296,0.0008784493829123744,False,False
35317,community (under 1bn),diversified,0.207006,0.109448,0.0,0.0,False,False
35320,community (under 1bn),diversified,0.374987,0.052025,0.00781766,0.01638405967703904,False,False
35323,community (under 1bn),diversified,0.915475,0.159818,0.040098185,0.08835201706465359,False,False
35331,community (under 1bn),diversified,0.399182,0.055212,0.017532775,0.004297559870655263,False,False
35333,community (under 1bn),commercial real estate heavy,0.486337,0.056889,0.017817649999999997,0.007402045942094496,False,False
35361,midsize (1 to 10bn),commercial real estate heavy,5.377033,0.536462,0.23848417500000002,0.12715476110945573,False,False
35365,community (under 1bn),commercial real estate heavy,0.658107,0.082366,0.025322495000000004,0.028579071111807717,False,False
35366,community (under 1bn),commercial real estate heavy,0.516688,0.058644,0.01248151,0.00505982620581735,False,False
35377,community (under 1bn),commercial real estate heavy,0.237315,0.031974,0.007214570000000001,0.0010359542358638286,False,False
35388,community (under 1bn),diversified,0.208453,0.19575,0.0,0.0,False,False
35393,community (under 1bn),mortgage portfolio lender,0.17817,0.01765,0.00501746,0.003111452649199604,False,False
35394,community (under 1bn),diversified,0.093701,0.029533,0.0,0.0,False,False
35406,community (under 1bn),diversified,0.651092,0.064501,0.026262304999999996,0.017287025997883,False,False
35407,community (under 1bn),commercial real estate heavy,0.687604,0.064237,0.022779944999999996,0.006517855561634597,False,False
35412,midsize (1 to 10bn),commercial real estate heavy,1.177625,0.122588,0.037392815,0.027957001554930916,False,False
35413,community (under 1bn),diversified,0.014341,0.013566,0.0,0.0,False,False
35417,community (under 1bn),diversified,0.562678,0.054664,0.014982045,0.006129159510271526,False,False
35420,community (under 1bn),diversified,0.414146,0.037559,0.014924465,0.010065651914118517,False,False
35427,community (under 1bn),diversified,0.30872,0.046015,0.00598698,0.002535970936383289,False,False
35430,midsize (1 to 10bn),commercial real estate heavy,1.386526,0.137633,0.061050225,0.14663497515078455,False,True
35439,community (under 1bn),diversified,0.262205,0.030501,0.00584616,0.0010244455213552501,False,False
35441,community (under 1bn),commercial real estate heavy,0.662303,0.062463,0.021460385,0.028102759149404757,False,False
35442,community (under 1bn),mortgage portfolio lender,0.094878,0.011821,0.0025775950000000002,0.0020193786457983333,False,False
35444,midsize (1 to 10bn),diversified,9.205913,0.884771,0.27142601000000005,0.1645089132922712,False,False
35450,community (under 1bn),mortgage portfolio lender,0.208077,0.021594,0.00594513,0.005992569913103967,False,False
35455,community (under 1bn),diversified,0.302268,0.02676,0.00801685,0.00396406777468946,False,False
35477,community (under 1bn),diversified,0.361256,0.030488,0.010097644999999999,0.004363915238327571,False,False
35480,community (under 1bn),diversified,0.402028,0.035401,0.014304565,0.0282942574608248,False,True
35497,community (under 1bn),commercial real estate heavy,0.631468,0.067408,0.027450755,0.005329635342108255,False,False
35506,community (under 1bn),commercial real estate heavy,0.256842,0.028615,0.008049765,0.009539711992476415,False,False
35510,community (under 1bn),diversified,0.013207,0.009882,0.0,0.0,False,False
35513,community (under 1bn),commercial real estate heavy,0.628587,0.086431,0.02419504,0.030561801911913884,False,False
35518,midsize (1 to 10bn),mortgage portfolio lender,1.080675,0.165568,0.035869655,0.007073604601785755,False,False
35519,midsize (1 to 10bn),commercial real estate heavy,1.461914,0.122642,0.05248246,0.0216967112943647,False,False
35521,midsize (1 to 10bn),commercial real estate heavy,1.078594,0.109783,0.041957735,0.014469929266280233,False,False
35530,midsize (1 to 10bn),commercial real estate heavy,3.405879,0.377237,0.13714881,0.041778748384670134,False,False
35533,community (under 1bn),diversified,0.502862,0.198384,0.01342321,0.00414602795374817,False,False
35541,midsize (1 to 10bn),commercial real estate heavy,3.117295,0.335499,0.129502435,0.04262078424806845,False,False
35543,community (under 1bn),diversified,0.419387,0.040118,0.015096304999999999,0.034914504498191494,False,True
35546,regional (10 to 100bn),diversified,28.870387,2.609003,0.58496607,0.34667235625670456,False,False
35558,community (under 1bn),diversified,0.101101,0.0105,0.0028043850000000004,0.0007109250032569882,False,False
35568,community (under 1bn),diversified,0.924409,0.089871,0.033597725,0.02168504101163251,False,False
35583,large (100 to 700bn),diversified,128.791735,10.754634,3.5118728549999996,2.1749105657527226,False,False
35585,community (under 1bn),diversified,0.37468,0.040697,0.010002750000000001,0.003050641516435211,False,False
35597,community (under 1bn),commercial real estate heavy,0.175707,0.016281,0.00633094,0.004788182094098843,False,False
35602,community (under 1bn),diversified,0.042296,0.03658,0.0,0.0,False,False
3579,community (under 1bn),diversified,0.358045,0.043843,0.005552435000000001,0.006920028376838254,False,False
3599,community (under 1bn),diversified,0.158691,0.014094,0.003270415,0.0011550370325318082,False,False
35,midsize (1 to 10bn),commercial real estate heavy,1.085002,0.110874,0.025805355,0.023151556199980678,False,False
3600,community (under 1bn),diversified,0.025167,0.002717,0.000216995,7.997993907455693e-05,False,False
3601,community (under 1bn),diversified,0.081266,0.009527,0.001179825,0.00024935948657238644,False,False
3603,midsize (1 to 10bn),diversified,6.861243,0.811451,0.24395818000000002,0.4285367707404892,False,False
3612,community (under 1bn),diversified,0.685045,0.065382,0.016695505,0.01159394399504348,False,False
3614,community (under 1bn),diversified,0.496687,0.055334,0.013234145,0.011628122666167069,False,False
3639,community (under 1bn),diversified,0.388108,0.028967,0.005064420000000001,0.0007486023245326048,False,False
363,community (under 1bn),diversified,0.530272,0.054309,0.01470068,0.006058187311828105,False,False
3657,midsize (1 to 10bn),diversified,8.626339,0.64422,0.15184363,0.20784989229299014,False,False
3661,community (under 1bn),commercial real estate heavy,0.421761,0.040938,0.018073910000000002,0.014267355779152023,False,False
3664,midsize (1 to 10bn),diversified,2.684002,0.247913,0.09209007,0.0564129955024837,False,False
3674,community (under 1bn),commercial real estate heavy,0.443317,0.059544,0.017667250000000002,0.002550322736896764,False,False
3677,community (under 1bn),diversified,0.332832,0.040432,0.0018294700000000001,0.0004918229883731364,False,False
3688,community (under 1bn),diversified,0.103739,0.011447,0.00117497,0.0011727305883902498,False,False
3691,community (under 1bn),diversified,0.307234,0.035776,0.006724234999999999,0.007424918453936583,False,False
3698,community (under 1bn),diversified,0.151145,0.013583,0.0023426099999999997,0.004453374758678195,False,False
3701,community (under 1bn),diversified,0.868634,0.075564,0.019449385,0.007699659554539244,False,False
3702,community (under 1bn),diversified,0.265939,0.026345,0.005956895000000001,0.004055865850158724,False,False
3705,midsize (1 to 10bn),diversified,9.142999,0.971673,0.28638418,0.11410116889442251,False,False
3711,community (under 1bn),diversified,0.736415,0.063471,0.012654154999999999,0.03443481393029757,False,True
3713,community (under 1bn),diversified,0.504711,0.049593,0.008701704999999999,0.005385282225160697,False,False
3719,midsize (1 to 10bn),commercial real estate heavy,2.069383,0.191321,0.082187245,0.059466204187233224,False,False
3720,community (under 1bn),diversified,0.394831,0.042086,0.010197455,0.0026580877684927685,False,False
3722,community (under 1bn),diversified,0.71563,0.06183,0.02024404,0.017927074417247904,False,False
3732,community (under 1bn),diversified,0.895663,0.139349,0.004328735,0.0013727690815834989,False,False
3745,community (under 1bn),diversified,0.119743,0.011184,0.001714565,0.0020241289131828766,False,False
3747,community (under 1bn),diversified,0.73601,0.077999,0.016933470000000003,0.0072991923974435585,False,False
3749,community (under 1bn),diversified,0.187618,0.018833,0.003722615,0.002315659889009814,False,False
3759,community (under 1bn),mortgage portfolio lender,0.234192,0.035527,0.003652155,0.0036219696369106597,False,False
3761,community (under 1bn),diversified,0.07831,0.010154,0.00119509,0.00037154320362325834,False,False
3762,community (under 1bn),diversified,0.194555,0.021839,0.00394501,0.005330707548059937,False,False
3770,community (under 1bn),diversified,0.057408,0.00665,0.0006009249999999999,0.00032741867562731034,False,False
3777,community (under 1bn),diversified,0.622202,0.069591,0.015489095000000001,0.006907173663630821,False,False
3787,midsize (1 to 10bn),diversified,1.553674,0.130034,0.04278659,0.030546908902396225,False,False
3792,community (under 1bn),diversified,0.620899,0.076544,0.00703073,0.004456590026751937,False,False
3799,community (under 1bn),diversified,0.722824,0.065369,0.01164353,0.005534872081948563,False,False
3805,community (under 1bn),diversified,0.080069,0.010053,0.0017686899999999998,0.0003821302170627327,False,False
3807,community (under 1bn),diversified,0.150367,0.017475,0.00244663,0.0006965147638854806,False,False
3808,community (under 1bn),diversified,0.135659,0.012581,0.0023201100000000002,0.0005540792476406615,False,False
3809,midsize (1 to 10bn),diversified,2.083619,0.186372,0.06418452499999999,0.0679518148838053,False,False
3814,community (under 1bn),mortgage portfolio lender,0.444355,0.062334,0.008851055,0.0033964966516456577,False,False
3818,community (under 1bn),diversified,0.083079,0.007934,0.0020051550000000002,0.0010463848555297768,False,False
3821,community (under 1bn),diversified,0.27029,0.032595,0.005442445000000001,0.0034949740319882893,False,False
3826,community (under 1bn),diversified,0.066271,0.008324,0.00038716999999999994,8.175269141761184e-05,False,False
3827,community (under 1bn),diversified,0.091307,0.010522,0.000359085,5.269284107656527e-05,False,False
3830,community (under 1bn),diversified,0.187057,0.021107,0.00145526,0.0011199122972337043,False,False
3832,regional (10 to 100bn),diversified,73.857462,6.252432,2.142149875,2.187810374349017,False,False
3834,community (under 1bn),mortgage portfolio lender,0.122601,0.009726,0.003552465,0.0013853534018027074,False,False
3837,community (under 1bn),diversified,0.114585,0.014522,0.001947325,0.0006054764583023876,False,False
3840,community (under 1bn),diversified,0.498909,0.062177,0.008989465,0.0028937464515602553,False,False
3842,community (under 1bn),diversified,0.929324,0.086955,0.022062984999999997,0.006413232948822472,False,False
3846,community (under 1bn),C and I heavy,0.26676,0.026982,0.0065612,0.0011658663204456542,False,False
384,midsize (1 to 10bn),diversified,1.646225,0.16182,0.04965227999999999,0.07370284799723807,False,False
3850,community (under 1bn),diversified,0.055539,0.006766,0.00105907,0.00015402420137781322,False,False
3854,community (under 1bn),diversified,0.339236,0.036847,0.00887076,0.0048592491880713054,False,False
3863,community (under 1bn),diversified,0.589488,0.06641,0.014335325000000001,0.005817815229581348,False,False
3864,midsize (1 to 10bn),diversified,2.311601,0.255027,0.069722275,0.02955071770255651,False,False
3869,midsize (1 to 10bn),diversified,1.180508,0.121034,0.029516624999999998,0.0055390881304094,False,False
3873,community (under 1bn),commercial real estate heavy,0.505674,0.082004,0.010010149999999999,0.0021051106784402917,False,False
3887,midsize (1 to 10bn),diversified,2.585603,0.284482,0.08194227000000001,0.06373957588114718,False,False
3890,regional (10 to 100bn),commercial real estate heavy,24.732685,2.164064,0.77764957,0.35613140537370647,False,False
3896,community (under 1bn),diversified,0.296625,0.033331,0.00425785,0.0013375316589958586,False,False
389,community (under 1bn),mortgage portfolio lender,0.060436,0.006525,0.0011275200000000001,0.00020939809501053418,False,False
3902,community (under 1bn),diversified,0.175932,0.024506,0.001000075,0.00021123911570944005,False,False
3919,community (under 1bn),diversified,0.075645,0.007633,0.00037717,0.00045990638619036934,False,False
3931,midsize (1 to 10bn),diversified,5.276612,0.474133,0.17157084000000003,0.06204646510421759,False,False
3934,community (under 1bn),diversified,0.060903,0.006706,0.002273365,0.00114736962881315,False,False
3973,midsize (1 to 10bn),diversified,4.784894,0.498541,0.14826662000000002,0.12617631314261923,False,False
3977,community (under 1bn),diversified,0.124137,0.010905,0.00080274,0.00017514225472640632,False,False
3985,community (under 1bn),diversified,0.028844,0.003651,4.447e-05,9.913063462607802e-06,False,False
3999,community (under 1bn),diversified,0.45839,0.055626,0.0035645200000000003,0.0009711173200883827,False,False
399,community (under 1bn),diversified,0.033759,0.004651,0.00038148500000000004,0.00022514528945407619,False,False
39,community (under 1bn),commercial real estate heavy,0.462662,0.052906,0.013600420000000002,0.008326933894831294,False,False
4009,midsize (1 to 10bn),diversified,1.934619,0.178765,0.04270047,0.041125129757139535,False,False
4016,midsize (1 to 10bn),diversified,2.119293,0.225919,0.04359732499999999,0.007362355710733761,False,False
4028,midsize (1 to 10bn),diversified,3.390171,0.347827,0.10311597,0.05196852804995536,False,False
4029,community (under 1bn),diversified,0.999611,0.094573,0.026536935,0.015270465147015792,False,False
402,community (under 1bn),commercial real estate heavy,0.354635,0.044123,0.01028684,0.0025921020994914357,False,False
4031,community (under 1bn),commercial real estate heavy,0.354251,0.040466,0.00756923,0.0022122226619763798,False,False
4037,community (under 1bn),diversified,0.686745,0.070459,0.015943155,0.004823664736063731,False,False
4041,community (under 1bn),C and I heavy,0.334957,0.025637,0.010054839999999999,0.006027004508809438,False,False
4042,community (under 1bn),commercial real estate heavy,0.686469,0.058547,0.018489330000000002,0.01712215420103426,False,False
4048,community (under 1bn),commercial real estate heavy,0.912801,0.085353,0.028701765000000004,0.1026019045830089,False,True
4049,community (under 1bn),commercial real estate heavy,0.189692,0.020814,0.007353875000000001,0.006392760347202847,False,False
404,community (under 1bn),diversified,0.193946,0.018183,0.0046133549999999995,0.0019553362588806316,False,False
4050,community (under 1bn),diversified,0.269479,0.043576,0.0099049,0.004748239231400923,False,False
4051,community (under 1bn),diversified,0.084527,0.007086,0.001421705,0.00032365114268100714,False,False
4054,community (under 1bn),diversified,0.139619,0.014761,0.004323385,0.0019518060554028723,False,False
4059,community (under 1bn),diversified,0.171848,0.027927,0.00177795,0.0005715105514558477,False,False
4061,community (under 1bn),diversified,0.135464,0.017435,0.0020973,0.0006910139718171273,False,False
4062,midsize (1 to 10bn),commercial real estate heavy,1.070151,0.144507,0.02214364,0.026240384467736962,False,False
4063,regional (10 to 100bn),mortgage portfolio lender,42.834126,3.829346,1.2663616049999997,0.7868854671800901,False,False
4067,community (under 1bn),diversified,0.202258,0.028672,0.0018107449999999999,0.00037375293382701255,False,False
406,community (under 1bn),diversified,0.122528,0.019873,0.0013977,0.002475413255264457,False,False
4071,community (under 1bn),diversified,0.127803,0.013806,0.003047255,0.0033663591653642915,False,False
4076,community (under 1bn),diversified,0.086014,0.011387,0.0017207899999999998,0.00028863207936512595,False,False
4084,community (under 1bn),diversified,0.432358,0.036781,0.01603725,0.010922620309722228,False,False
4086,community (under 1bn),diversified,0.29396,0.040589,0.004524645000000001,0.0006745565346639597,False,False
4087,community (under 1bn),diversified,0.469696,0.037456,0.008708664999999999,0.0039909959179323,False,False
4091,midsize (1 to 10bn),card-heavy,5.417575,0.393632,0.51942419,0.37111398484008334,True,True
4092,community (under 1bn),diversified,0.118005,0.016489,0.00240577,0.0005920049663376429,False,False
4094,community (under 1bn),diversified,0.087125,0.010568,0.0009093199999999999,0.0006250398375191155,False,False
4097,community (under 1bn),diversified,0.118663,0.01571,0.00154226,0.00020079033714001386,False,False
4098,community (under 1bn),C and I heavy,0.023369,0.002296,0.00015603999999999998,4.5772815803798344e-05,False,False
4111,community (under 1bn),diversified,0.112826,0.010542,0.002458625,0.0017109148924861989,False,False
4122,community (under 1bn),diversified,0.04527,0.004352,0.000622645,0.0003006419096260445,False,False
4123,community (under 1bn),diversified,0.091175,0.015133,0.0015234500000000002,0.0002671837124408361,False,False
4132,community (under 1bn),commercial real estate heavy,0.44624,0.061418,0.013800080000000001,0.0029558469910234593,False,False
4144,community (under 1bn),diversified,0.022022,0.002417,0.00030378999999999996,5.1537724207681405e-05,False,False
4145,community (under 1bn),commercial real estate heavy,0.580353,0.063396,0.015426125000000002,0.007656966335707713,False,False
4146,community (under 1bn),diversified,0.488053,0.052445,0.014223305,0.007113834027326439,False,False
4147,midsize (1 to 10bn),commercial real estate heavy,1.913316,0.256941,0.072425585,0.020153248261118906,False,False
4148,community (under 1bn),diversified,0.191416,0.026609,0.0029831000000000002,0.0020618488746840186,False,False
414,community (under 1bn),diversified,0.309667,0.056574,0.005727725,0.0038463960350127967,False,False
4160,midsize (1 to 10bn),commercial real estate heavy,2.24143,0.21141,0.07944727000000001,0.12654730093806743,False,True
4170,community (under 1bn),diversified,0.314467,0.034004,0.008158175,0.003108854421884238,False,False
4173,community (under 1bn),commercial real estate heavy,0.356587,0.033483,0.009527424999999999,0.009404985056128114,False,False
4178,community (under 1bn),commercial real estate heavy,0.93897,0.109157,0.036219299999999996,0.020426815522816524,False,False
4185,community (under 1bn),diversified,0.558094,0.056344,0.019671955,0.02826236288708957,False,False
4187,community (under 1bn),diversified,0.29401,0.027732,0.008039764999999999,0.01130006271077415,False,False
418,community (under 1bn),diversified,0.330216,0.037176,0.007000025,0.001657461841520787,False,False
4190,midsize (1 to 10bn),diversified,1.484205,0.142443,0.020060855,0.006156425203352698,False,False
4193,community (under 1bn),diversified,0.195039,0.021225,0.0036996650000000004,0.0010032109750027281,False,False
4196,community (under 1bn),diversified,0.129448,0.015227,0.002397325,0.001415381460605116,False,False
41,community (under 1bn),commercial real estate heavy,0.342259,0.044838,0.003801625,0.004900499883913472,False,False
4208,community (under 1bn),diversified,0.404513,0.041033,0.0042712,0.00068153336219454,False,False
4209,community (under 1bn),diversified,0.063194,0.007962,0.0010865349999999998,0.0001443378547758862,False,False
420,community (under 1bn),diversified,0.028851,0.003196,0.0005618050000000001,0.00019109496563408598,False,False
4211,community (under 1bn),commercial real estate heavy,0.949873,0.097964,0.031905045,0.005549623425340683,False,False
4214,regional (10 to 100bn),diversified,52.984896,4.979158,1.1110599650000001,0.6868638181920652,False,False
4217,community (under 1bn),C and I heavy,0.067252,0.008403,0.00157012,0.0003551291649912823,False,False
421,community (under 1bn),diversified,0.279534,0.030158,0.0034146849999999998,0.0017526655284923497,False,False
4222,community (under 1bn),diversified,0.055522,0.011631,0.000187915,2.2028993383852058e-05,False,False
4228,community (under 1bn),commercial real estate heavy,0.316798,0.029703,0.009035425,0.009458321960971447,False,False
4232,community (under 1bn),diversified,0.111375,0.018183,0.0009391999999999998,0.0003349231596741639,False,False
4235,community (under 1bn),diversified,0.261368,0.022387,0.006688530000000001,0.001474368388103037,False,False
4236,community (under 1bn),diversified,0.501461,0.054271,0.0127818,0.010796870075400844,False,False
4239,regional (10 to 100bn),diversified,16.594244,1.614914,0.5386023950000001,0.36452167567296734,False,False
4241,community (under 1bn),commercial real estate heavy,0.242273,0.039508,0.007484685,0.015215587279112682,False,False
4255,midsize (1 to 10bn),diversified,6.940603,0.618596,0.20569342499999999,0.08541908070734615,False,False
4256,midsize (1 to 10bn),diversified,3.180486,0.293199,0.09798428,0.095560092610755,False,False
4288,community (under 1bn),diversified,0.63107,0.070828,0.020824685,0.004567475343180023,False,False
428,community (under 1bn),mortgage portfolio lender,0.103691,0.014279,0.00247247,0.0015210445189936118,False,False
4290,community (under 1bn),diversified,0.646453,0.063239,0.023564175,0.006801026980207549,False,False
4297,large (100 to 700bn),card-heavy,662.157,67.476,46.26893499999999,41.88461895076514,True,True
4318,community (under 1bn),diversified,0.384342,0.032697,0.011201734999999999,0.0047059637161090875,False,False
4319,community (under 1bn),diversified,0.812493,0.079177,0.02301501,0.007722342064349147,False,False
4324,community (under 1bn),diversified,0.418537,0.041253,0.007693665000000001,0.004616184519180775,False,False
432,community (under 1bn),diversified,0.137726,0.014446,0.003311025,0.0006330731438249489,False,False
4360,midsize (1 to 10bn),diversified,6.548335,0.667651,0.20272506999999998,0.07262511758935361,False,False
4364,community (under 1bn),diversified,0.430515,0.058479,0.00361046,0.0018955209022414256,False,False
4365,regional (10 to 100bn),diversified,21.320482,2.047527,0.60501214,0.9219723114286618,False,False
4382,midsize (1 to 10bn),diversified,6.171777,0.637712,0.20100259,0.0979015047401895,False,False
4398,community (under 1bn),mortgage portfolio lender,0.180959,0.017416,0.004734539999999999,0.0007729070182747933,False,False
4419,community (under 1bn),diversified,0.675306,0.08303,0.01651307,0.021403706654526976,False,False
4432,community (under 1bn),diversified,0.76831,0.081663,0.016404844999999998,0.011889880950724185,False,False
4433,midsize (1 to 10bn),diversified,1.797291,0.220605,0.046157245,0.022549678808434063,False,False
4439,community (under 1bn),diversified,0.396417,0.056198,0.007659595,0.001359740328252277,False,False
444,community (under 1bn),diversified,0.674545,0.075761,0.01854009,0.01771711553369143,False,False
4457,community (under 1bn),diversified,0.072145,0.007288,0.0015761899999999999,0.0005528640917388171,False,False
445,community (under 1bn),commercial real estate heavy,0.611253,0.062413,0.01760387,0.007828301667804339,False,False
4464,community (under 1bn),diversified,0.240875,0.028548,0.00543584,0.0024044045138146555,False,False
4465,community (under 1bn),diversified,0.653874,0.076914,0.010585565,0.010892413839960167,False,False
4476,community (under 1bn),diversified,0.092183,0.008177,0.0009781599999999998,0.00026591455500218106,False,False
4477,community (under 1bn),diversified,0.08772,0.012964,0.0010197650000000002,0.000238681370307351,False,False
4482,community (under 1bn),diversified,0.109451,0.010139,0.0027930600000000004,0.0005568010983204582,False,False
4494,community (under 1bn),diversified,0.03634,0.005302,0.00034844,6.024821198860616e-05,False,False
4506,midsize (1 to 10bn),diversified,1.690263,0.218016,0.030652685,0.0052856224085135305,False,False
4511,community (under 1bn),diversified,0.256452,0.040031,0.0020366399999999997,0.0003284381178772365,False,False
4514,community (under 1bn),diversified,0.134638,0.013531,0.002086,0.0009209310965104709,False,False
4519,community (under 1bn),diversified,0.739902,0.094576,0.01417443,0.006151872564258868,False,False
4526,community (under 1bn),diversified,0.399474,0.038873,0.012067810000000002,0.016499526853533748,False,False
4539,community (under 1bn),diversified,0.566542,0.072784,0.005043929999999999,0.004565446604963955,False,False
4540,midsize (1 to 10bn),diversified,1.314273,0.125589,0.028030615000000002,0.01864765143462386,False,False
4549,community (under 1bn),commercial real estate heavy,0.812872,0.078465,0.031311645,0.016097834834396786,False,False
4556,community (under 1bn),diversified,0.111952,0.017208,0.001206445,0.001042169716256777,False,False
4598,community (under 1bn),diversified,0.122201,0.018999,0.00107789,0.0003355121335951828,False,False
4611,community (under 1bn),diversified,0.172526,0.033551,0.00167645,0.0011134085798376267,False,False
4619,community (under 1bn),diversified,0.626801,0.082425,0.01176617,0.002600090835670652,False,False
4621,community (under 1bn),diversified,0.159001,0.016885,0.001555215,0.00020158395979964628,False,False
4624,community (under 1bn),diversified,0.170241,0.01834,0.002091515,0.007384372525318906,False,False
4636,community (under 1bn),diversified,0.303425,0.028968,0.00512089,0.0011681559451395334,False,False
4638,community (under 1bn),diversified,0.143475,0.01435,0.001857305,0.00047090464904978946,False,False
4652,community (under 1bn),diversified,0.044591,0.005495,0.00032711499999999995,9.101475181315301e-05,False,False
4654,community (under 1bn),diversified,0.088525,0.014034,0.0008992749999999999,0.0005706970480991429,False,False
4660,community (under 1bn),diversified,0.241229,0.025361,0.006196920000000001,0.0013246499289612077,False,False
4664,community (under 1bn),mortgage portfolio lender,0.183321,0.015394,0.0057066799999999996,0.002021029568984422,False,False
4666,midsize (1 to 10bn),diversified,1.4231,0.193336,0.031279100000000004,0.07582714128454275,False,False
4668,community (under 1bn),diversified,0.061566,0.006607,0.000573875,7.531035249136109e-05,False,False
4673,midsize (1 to 10bn),diversified,1.053271,0.123196,0.016013995,0.019761037606723313,False,False
4678,community (under 1bn),diversified,0.228968,0.020704,0.002224735,0.0011585885868076002,False,False
4683,community (under 1bn),C and I heavy,0.041719,0.008577,0.0008581749999999999,0.00018549899158388277,False,False
4690,community (under 1bn),diversified,0.083394,0.011677,0.00032990499999999997,0.0007192933067774124,False,False
4693,community (under 1bn),diversified,0.080211,0.009753,0.00105397,0.0006963698374738163,False,False
4697,midsize (1 to 10bn),diversified,1.208135,0.14159,0.034579025,0.011178101965395218,False,False
4702,midsize (1 to 10bn),diversified,1.388578,0.154314,0.027290905,0.02315796099282726,False,False
4705,midsize (1 to 10bn),commercial real estate heavy,3.858042,0.495596,0.10589026,0.05631509935493634,False,False
4707,community (under 1bn),diversified,0.548444,0.047915,0.0072218,0.0016287952195711925,False,False
4722,community (under 1bn),mortgage portfolio lender,0.201286,0.021823,0.00465497,0.0016643785977525772,False,False
4728,community (under 1bn),diversified,0.03541,0.004439,0.00035309999999999996,6.894408504525131e-05,False,False
4735,community (under 1bn),diversified,0.186552,0.018981,0.002200075,0.0010425951101383985,False,False
4746,community (under 1bn),diversified,0.817581,0.065424,0.018752395,0.003360684199393715,False,False
4752,community (under 1bn),diversified,0.225593,0.018047,0.00486541,0.0008471172181722986,False,False
4756,community (under 1bn),diversified,0.322199,0.047583,0.00323106,0.0008358585746244471,False,False
4766,community (under 1bn),diversified,0.302913,0.027533,0.00396706,0.0005576620768907513,False,False
4767,regional (10 to 100bn),diversified,15.653917,1.718413,0.455043815,0.3242644492368352,False,False
4769,community (under 1bn),diversified,0.173764,0.024651,0.0028741900000000004,0.002684811638479039,False,False
4770,community (under 1bn),commercial real estate heavy,0.060987,0.006958,0.00193639,0.0010286249500025089,False,False
4773,community (under 1bn),mortgage portfolio lender,0.182641,0.034265,0.0044817,0.0041103307691985535,False,False
4774,community (under 1bn),diversified,0.062117,0.00716,0.00059163,0.0002267274994401647,False,False
4778,community (under 1bn),diversified,0.257355,0.023406,0.005138245,0.0007238292380653247,False,False
4779,community (under 1bn),diversified,0.963672,0.092102,0.018798910000000002,0.007590216945104679,False,False
4789,midsize (1 to 10bn),diversified,2.820619,0.215083,0.08781702000000001,0.047115826027942884,False,False
4791,community (under 1bn),diversified,0.544519,0.045264,0.012783870000000001,0.006672986795077393,False,False
4792,community (under 1bn),diversified,0.087794,0.022996,0.0005702799999999999,9.132099394866377e-05,False,False
4794,community (under 1bn),diversified,0.105593,0.009459,0.001198735,0.0003814092533141958,False,False
4796,community (under 1bn),diversified,0.112753,0.009985,0.001206585,0.0004357776050845625,False,False
4799,midsize (1 to 10bn),diversified,6.761946,0.764214,0.18624754500000001,0.05636208906418187,False,False
4801,community (under 1bn),auto-heavy,0.50212,0.051231,0.023301870000000002,0.008560907613553246,False,False
4832,midsize (1 to 10bn),commercial real estate heavy,6.148263,0.600541,0.226530145,0.0869669381852485,False,False
4857,midsize (1 to 10bn),diversified,2.054956,0.231178,0.0680478,0.14334365530262194,False,False
485,community (under 1bn),diversified,0.304087,0.032225,0.0018354599999999997,0.0003913658845509304,False,False
492,community (under 1bn),diversified,0.085563,0.007935,0.000307555,8.947492765708973e-05,False,False
4945,community (under 1bn),diversified,0.232002,0.028571,0.00862644,0.001880413405167976,False,False
4952,community (under 1bn),diversified,0.952383,0.094996,0.032461495,0.011932991904951402,False,False
4958,community (under 1bn),diversified,0.36778,0.041063,0.0095848,0.012166368624857678,False,False
4960,community (under 1bn),diversified,0.226356,0.022187,0.007102495,0.0027264532239168766,False,False
496,community (under 1bn),diversified,0.363464,0.034283,0.010252115000000001,0.015042019678042248,False,False
4977,regional (10 to 100bn),diversified,84.116168,8.539353,2.34549696,2.490477615375167,False,False
4988,regional (10 to 100bn),diversified,19.190322,1.952935,0.5524824500000001,0.26954863642270693,False,False
4993,midsize (1 to 10bn),commercial real estate heavy,1.888606,0.214112,0.05982683,0.01628993805860965,False,False
49,community (under 1bn),diversified,0.078111,0.01097,0.0013498050000000001,0.0029150323397049366,False,False
5005,community (under 1bn),commercial real estate heavy,0.939718,0.110416,0.024124409999999995,0.00673988020196939,False,False
5006,community (under 1bn),diversified,0.561,0.052869,0.017268509999999997,0.030501383428540536,False,True
5015,community (under 1bn),diversified,0.493988,0.071665,0.01034717,0.02739854260410478,False,False
5018,community (under 1bn),diversified,0.470958,0.039763,0.011157845000000001,0.0197553349357331,False,False
5019,midsize (1 to 10bn),commercial real estate heavy,1.681505,0.152487,0.057092420000000005,0.0335151560628033,False,False
501,community (under 1bn),diversified,0.180435,0.019195,0.00183993,0.0009003210137595936,False,False
5033,midsize (1 to 10bn),mortgage portfolio lender,1.472234,0.117597,0.04602511499999999,0.05463834172131052,False,False
5058,midsize (1 to 10bn),diversified,1.042146,0.122191,0.028493110000000002,0.026765571758305354,False,False
505,community (under 1bn),diversified,0.150436,0.027047,0.0017818100000000002,0.0002744280370006586,False,False
5062,community (under 1bn),diversified,0.386385,0.038592,0.00972917,0.006666654180693219,False,False
5072,community (under 1bn),diversified,0.604142,0.06635,0.017192944999999998,0.014601397287029767,False,False
5074,community (under 1bn),diversified,0.335817,0.025676,0.00518232,0.004640580781743415,False,False
5076,community (under 1bn),mortgage portfolio lender,0.052648,0.005334,0.0008992249999999999,0.00022403398129152346,False,False
5087,community (under 1bn),diversified,0.129185,0.010192,0.0026804450000000005,0.002250746446575002,False,False
5093,midsize (1 to 10bn),diversified,1.078508,0.120813,0.02336622,0.004175228604228764,False,False
5095,community (under 1bn),diversified,0.445778,0.041698,0.0108814,0.00515079686725133,False,False
5097,community (under 1bn),diversified,0.322701,0.030866,0.003428535,0.005805517275704774,False,False
50,community (under 1bn),diversified,0.228823,0.022492,0.005531154999999999,0.004590058781104673,False,False
5105,community (under 1bn),mortgage portfolio lender,0.114588,0.009532,0.001543175,0.0018576387555555307,False,False
5107,community (under 1bn),diversified,0.085158,0.011782,0.0007624349999999999,0.0019195893506121907,False,False
5110,community (under 1bn),commercial real estate heavy,0.037113,0.003503,0.000719495,0.00021835709086111127,False,False
5115,community (under 1bn),diversified,0.138153,0.0115,0.0032089849999999997,0.000472024083704189,False,False
5116,community (under 1bn),diversified,0.353169,0.029436,0.012977095000000001,0.007065998297941233,False,False
5117,community (under 1bn),mortgage portfolio lender,0.111974,0.008247,0.0016840000000000002,0.0009254293860206072,False,False
5123,midsize (1 to 10bn),diversified,1.5178,0.12075,0.040250455000000004,0.009253286807390163,False,False
5131,community (under 1bn),commercial real estate heavy,0.135773,0.011506,0.004341955000000001,0.0013474957365679538,False,False
5136,community (under 1bn),commercial real estate heavy,0.369202,0.039584,0.01364037,0.013663178960654034,False,False
5141,community (under 1bn),mortgage portfolio lender,0.096602,0.00964,0.002187995,0.00034826844819784087,False,False
5142,community (under 1bn),diversified,0.035649,0.013612,0.00019908000000000003,7.39225816649745e-05,False,False
5146,midsize (1 to 10bn),mortgage portfolio lender,2.590233,0.780199,0.05132825999999999,0.10024465178708095,False,False
5150,community (under 1bn),mortgage portfolio lender,0.086028,0.006153,0.0023905899999999997,0.0006020620081104782,False,False
5162,community (under 1bn),diversified,0.422558,0.037605,0.011754355000000001,0.004159370689923803,False,False
5170,midsize (1 to 10bn),diversified,1.34567,0.13802,0.03796981000000001,0.006829030575266893,False,False
5175,community (under 1bn),diversified,0.120071,0.009712,0.0018596200000000002,0.0010520309853047534,False,False
5180,community (under 1bn),diversified,0.178155,0.016803,0.0031675199999999996,0.0006831054644560471,False,False
5186,community (under 1bn),diversified,0.24261,0.028996,0.003308305,0.0007520513097173743,False,False
5193,community (under 1bn),diversified,0.883758,0.089276,0.021029355,0.027127004362427265,False,False
5196,community (under 1bn),diversified,0.047021,0.00953,0.00044008999999999997,0.0007820162487637603,False,False
5197,community (under 1bn),diversified,0.126499,0.01615,0.00230147,0.0008470384605487221,False,False
5198,community (under 1bn),diversified,0.293216,0.031212,0.007333129999999999,0.006086686681588282,False,False
51,community (under 1bn),diversified,0.445356,0.07278,0.012536760000000001,0.029923888353640675,False,False
5214,community (under 1bn),diversified,0.133658,0.022018,0.003945435,0.0011534322748652042,False,False
5219,community (under 1bn),diversified,0.556392,0.059783,0.017751350000000003,0.02184361311349639,False,False
5221,community (under 1bn),diversified,0.097563,0.008357,0.0025935150000000002,0.006718466844319167,False,True
5223,community (under 1bn),diversified,0.396998,0.046042,0.011954975,0.003366933519040381,False,False
5229,community (under 1bn),diversified,0.433789,0.043754,0.010752385,0.0025630865040192977,False,False
5232,community (under 1bn),mortgage portfolio lender,0.033993,0.002983,0.00048813999999999997,7.067260175718381e-05,False,False
5247,community (under 1bn),diversified,0.437787,0.042661,0.01197395,0.002705531090552107,False,False
5249,community (under 1bn),diversified,0.298434,0.027882,0.009063620000000001,0.00649418777906592,False,False
5252,community (under 1bn),diversified,0.182788,0.027831,0.000985705,0.0011563506573291967,False,False
5269,community (under 1bn),mortgage portfolio lender,0.864309,0.102289,0.026600365,0.018165723898072177,False,False
526,community (under 1bn),diversified,0.035408,0.00404,0.00064671,0.00013964072274984677,False,False
5270,community (under 1bn),mortgage portfolio lender,0.201067,0.016561,0.00567024,0.001002239995883694,False,False
5278,community (under 1bn),diversified,0.058149,0.008118,0.00067077,0.00026952036103849444,False,False
5280,community (under 1bn),diversified,0.583746,0.060444,0.015461834999999998,0.007798369322718443,False,False
5286,community (under 1bn),commercial real estate heavy,0.750376,0.093969,0.02554248,0.023149991634960024,False,False
5295,community (under 1bn),diversified,0.583852,0.057164,0.016664719999999997,0.0032359720309139573,False,False
5296,regional (10 to 100bn),diversified,51.75654,4.200786,1.481286245,2.121529470514526,False,False
5297,community (under 1bn),diversified,0.404487,0.043229,0.01567518,0.013838903881218539,False,False
529,community (under 1bn),diversified,0.20252,0.017542,0.0047189599999999995,0.0013235820509954607,False,False
52,community (under 1bn),diversified,0.30126,0.0585,0.00451035,0.003606600060081796,False,False
5304,midsize (1 to 10bn),diversified,5.944186,0.526502,0.189029625,0.06866489413444997,False,False
5306,community (under 1bn),diversified,0.676836,0.069196,0.021430380000000002,0.004335995558558112,False,False
5317,community (under 1bn),diversified,0.299973,0.027402,0.005115635000000001,0.0023483998367414454,False,False
5335,community (under 1bn),commercial real estate heavy,0.734754,0.073322,0.018960374999999995,0.0035110875080214318,False,False
5336,community (under 1bn),diversified,0.267046,0.025867,0.004332325,0.0037535499113960317,False,False
5337,community (under 1bn),diversified,0.363672,0.114081,0.011700015,0.009139028448139203,False,False
5357,community (under 1bn),commercial real estate heavy,0.345349,0.031975,0.010501100000000001,0.005882097971087736,False,False
5364,community (under 1bn),diversified,0.325271,0.033575,0.0075672050000000005,0.0066295859089639895,False,False
5369,community (under 1bn),diversified,0.139328,0.020609,0.0015462650000000002,0.00044083486345237956,False,False
5377,community (under 1bn),diversified,0.152162,0.014905,0.0038699550000000004,0.0006857708895351974,False,False
5384,community (under 1bn),diversified,0.34233,0.030061,0.00338025,0.0022736071100842997,False,False
5394,community (under 1bn),diversified,0.391485,0.042998,0.00975803,0.008926325632899884,False,False
5396,community (under 1bn),diversified,0.323243,0.034061,0.01341433,0.017246767079273136,False,False
5401,community (under 1bn),diversified,0.135277,0.016252,0.0009474500000000001,0.00014442010349370975,False,False
5405,community (under 1bn),diversified,0.108276,0.01549,0.00048125,9.443842403910295e-05,False,False
5408,community (under 1bn),diversified,0.070451,0.009273,0.00077651,0.0004942832574631706,False,False
5410,community (under 1bn),diversified,0.357544,0.052035,0.00113751,0.0017656290401324754,False,False
5415,midsize (1 to 10bn),diversified,2.321341,0.188934,0.057703130000000005,0.03946122458397866,False,False
5422,community (under 1bn),diversified,0.095593,0.014578,0.0003533449999999999,0.00012099140798116785,False,False
5424,community (under 1bn),diversified,0.309903,0.041926,0.00320825,0.0036719088648189593,False,False
5425,community (under 1bn),diversified,0.157807,0.017725,0.0050071199999999995,0.001226126357449349,False,False
5432,community (under 1bn),diversified,0.47263,0.066597,0.003426665,0.010194653028774677,False,False
5434,community (under 1bn),diversified,0.594103,0.066291,0.007774774999999999,0.02522039883436987,False,False
5438,community (under 1bn),diversified,0.091188,0.00984,0.001157955,0.0002887457267788101,False,False
5439,community (under 1bn),diversified,0.201419,0.04039,0.00188883,0.005182354729140806,False,False
5442,community (under 1bn),diversified,0.809176,0.078279,0.025464860000000002,0.022540701993320623,False,False
5452,regional (10 to 100bn),card-heavy,34.201445,3.691946,1.78304878,2.154177662855768,False,False
5460,community (under 1bn),diversified,0.16557,0.019186,0.0015151399999999999,0.00022760789954238348,False,False
5469,community (under 1bn),diversified,0.242288,0.027834,0.0022885500000000003,0.00041943883198088876,False,False
5472,community (under 1bn),diversified,0.421932,0.054616,0.010294024999999998,0.0018492509941837284,False,False
5473,community (under 1bn),diversified,0.44117,0.05123,0.00611244,0.0070992406540125235,False,False
5478,community (under 1bn),diversified,0.064804,0.006163,0.0010245999999999999,0.00022991220203740707,False,False
5486,community (under 1bn),diversified,0.498084,0.054902,0.00482695,0.0006187427545042963,False,False
5490,community (under 1bn),diversified,0.243966,0.027104,0.0048076,0.0043071661422642345,False,False
5495,community (under 1bn),diversified,0.652991,0.067567,0.006209385,0.006123147439269786,False,False
5496,midsize (1 to 10bn),diversified,2.730249,0.267183,0.058533354999999995,0.013953653889814014,False,False
54,community (under 1bn),diversified,0.392537,0.062012,0.0095241,0.0075315975325653695,False,False
5510,regional (10 to 100bn),diversified,53.950075,4.820325,0.951088295,0.4345003726920079,False,False
55130,midsize (1 to 10bn),commercial real estate heavy,1.701346,0.192874,0.047845830000000006,0.11785246592211163,False,False
5518,community (under 1bn),diversified,0.080028,0.009772,0.000291955,5.84301354794834e-05,False,False
5531,community (under 1bn),diversified,0.721953,0.057172,0.022819485000000004,0.009480062921141038,False,False
5536,community (under 1bn),diversified,0.394887,0.069806,0.004173660000000001,0.0023766875636146907,False,False
5538,community (under 1bn),diversified,0.240137,0.029757,0.001282685,0.00036818167647835996,False,False
5544,midsize (1 to 10bn),diversified,1.374878,0.13391,0.035527119999999995,0.016430201812697418,False,False
5548,community (under 1bn),mortgage portfolio lender,0.250346,0.031406,0.00502429,0.0010926897667629413,False,False
5551,midsize (1 to 10bn),diversified,2.574832,0.215902,0.056839975,0.01010425648435073,False,False
5557,community (under 1bn),diversified,0.155559,0.018682,0.003739335,0.0016203620122252568,False,False
5559,community (under 1bn),diversified,0.092793,0.009001,0.00196934,0.000636212888954595,False,False
5564,community (under 1bn),diversified,0.182292,0.023668,0.00471603,0.0014993258511960819,False,False
5568,community (under 1bn),commercial real estate heavy,0.540503,0.065447,0.01787155,0.0068358688125122555,False,False
5569,community (under 1bn),diversified,0.353736,0.051567,0.006347045000000001,0.010916609318847933,False,False
5574,midsize (1 to 10bn),commercial real estate heavy,2.188815,0.259138,0.08596144000000001,0.022541816776688685,False,False
5575,community (under 1bn),commercial real estate heavy,0.968323,0.100982,0.02229951,0.012448796308663242,False,False
5589,community (under 1bn),diversified,0.159091,0.013885,0.0025052699999999995,0.0006112767182632711,False,False
5590,community (under 1bn),commercial real estate heavy,0.158219,0.035608,0.004432315,0.014695489270079513,False,False
5595,community (under 1bn),diversified,0.385821,0.036953,0.0093084,0.0018287504748089264,False,False
5598,midsize (1 to 10bn),diversified,1.600939,0.202822,0.042928675,0.07639064600049522,False,False
5602,community (under 1bn),commercial real estate heavy,0.212452,0.020024,0.004708525000000001,0.007500671734774473,False,False
5605,community (under 1bn),C and I heavy,0.049594,0.010513,0.0005820599999999999,8.593754416655878e-05,False,False
5615,midsize (1 to 10bn),commercial real estate heavy,1.587615,0.197989,0.053771305000000005,0.14767319784759633,False,True
5619,community (under 1bn),diversified,0.089773,0.00877,0.0034706850000000007,0.002088325121052677,False,False
5623,community (under 1bn),mortgage portfolio lender,0.252371,0.028043,0.006806814999999999,0.007933916450726296,False,False
5624,community (under 1bn),diversified,0.247272,0.027424,0.00862567,0.00344995645636037,False,False
5632,community (under 1bn),diversified,0.120834,0.020679,0.002722525,0.0013036095428077515,False,False
5633,midsize (1 to 10bn),commercial real estate heavy,8.583002,1.37619,0.20889072,0.1188585803242482,False,False
5634,community (under 1bn),diversified,0.123872,0.019957,0.00314069,0.001124173107530971,False,False
5635,community (under 1bn),diversified,0.628453,0.074782,0.01728818,0.009268173553447506,False,False
5673,midsize (1 to 10bn),diversified,1.480129,0.122925,0.03952686,0.016355767695042465,False,False
5676,midsize (1 to 10bn),mortgage portfolio lender,1.030928,0.064148,0.019809025,0.007290524129377683,False,False
5685,community (under 1bn),diversified,0.624919,0.083589,0.017537345000000003,0.016333201292387148,False,False
5686,community (under 1bn),diversified,0.083948,0.007669,0.0011866149999999998,0.0010115287526417148,False,False
5694,midsize (1 to 10bn),diversified,1.601685,0.182515,0.055990200000000004,0.0670244969672622,False,False
57022,community (under 1bn),diversified,0.438449,0.04992,0.005996284999999999,0.0016660495221364863,False,False
57025,community (under 1bn),diversified,0.153231,0.017201,0.001491665,0.001634683367754038,False,False
57031,community (under 1bn),commercial real estate heavy,0.041706,0.016508,0.0007361250000000001,0.0007593517778065285,False,False
57033,community (under 1bn),commercial real estate heavy,0.465422,0.077067,0.015482935000000001,0.009928275178966318,False,False
57038,regional (10 to 100bn),diversified,15.390715,1.405023,0.42246296499999997,0.22037352884369127,False,False
57044,midsize (1 to 10bn),commercial real estate heavy,4.022876,0.49577,0.15589673500000004,0.05887891365836648,False,False
57047,community (under 1bn),diversified,0.948855,0.923817,0.0,0.0,False,False
5704,community (under 1bn),commercial real estate heavy,0.333753,0.029998,0.011456735,0.013047419477306046,False,False
57056,midsize (1 to 10bn),C and I heavy,5.333882,0.923713,0.22262972500000003,0.35494416707499954,False,False
57058,community (under 1bn),diversified,0.313758,0.041028,0.00725336,0.0013012076714489596,False,False
57061,midsize (1 to 10bn),diversified,1.007582,0.106364,0.037894215,0.013392789411877323,False,False
57069,midsize (1 to 10bn),diversified,1.009751,0.105063,0.03873371,0.006238062335557,False,False
57071,midsize (1 to 10bn),diversified,3.258872,0.30073,0.11165958000000001,0.07242572059966859,False,False
57073,community (under 1bn),commercial real estate heavy,0.39652,0.042406,0.013191905000000002,0.007347010464496557,False,False
57074,community (under 1bn),commercial real estate heavy,0.238879,0.027205,0.006918140000000001,0.003452786063464244,False,False
57081,community (under 1bn),diversified,0.008818,0.007019,0.0,0.0,False,False
57082,midsize (1 to 10bn),C and I heavy,6.36643,0.554955,0.186200075,0.15290082959589057,False,False
57083,midsize (1 to 10bn),C and I heavy,5.679354,1.134553,0.15438594500000002,0.07152831744636455,False,False
57092,community (under 1bn),diversified,0.336575,0.033867,0.010319965000000002,0.003083678592038125,False,False
57093,community (under 1bn),diversified,0.557733,0.387215,0.0,0.0,False,False
57097,midsize (1 to 10bn),commercial real estate heavy,1.161394,0.104586,0.042693905000000004,0.009047567794188416,False,False
5709,community (under 1bn),diversified,0.148267,0.018612,0.00424311,0.0009531849256838379,False,False
57101,community (under 1bn),commercial real estate heavy,0.782004,0.086812,0.030801295,0.046835479188228946,False,False
57103,midsize (1 to 10bn),C and I heavy,2.559637,0.23101,0.080924175,0.04255251058080581,False,False
57109,community (under 1bn),diversified,0.016159,0.014244,0.0,0.0,False,False
57123,community (under 1bn),C and I heavy,0.831624,0.139549,0.007224959999999999,0.03303105118872664,False,False
57124,community (under 1bn),commercial real estate heavy,0.694298,0.059859,0.02212943,0.015994611313519487,False,False
57127,community (under 1bn),commercial real estate heavy,0.597901,0.06989,0.016703634999999998,0.006099828964841395,False,False
57129,community (under 1bn),diversified,0.826976,0.092494,0.02098578,0.11631335483745826,False,True
57134,midsize (1 to 10bn),mortgage portfolio lender,5.284723,0.582147,0.15320041499999998,0.041479732166751764,False,False
57137,community (under 1bn),commercial real estate heavy,0.185097,0.017571,0.003045005,0.0013576440178176183,False,False
57141,community (under 1bn),diversified,0.094118,0.012984,0.00225953,0.0005999665086926488,False,False
57150,community (under 1bn),diversified,0.004045,0.003843,0.0,0.0,False,False
57160,community (under 1bn),diversified,0.021588,0.016981,0.0,0.0,False,False
5716,community (under 1bn),commercial real estate heavy,0.861957,0.082311,0.026543635,0.054172334739073895,False,True
57176,midsize (1 to 10bn),commercial real estate heavy,1.196315,0.133696,0.036017650000000005,0.045800350301029025,False,False
57179,community (under 1bn),diversified,0.013828,0.009739,0.0,0.0,False,False
57184,midsize (1 to 10bn),diversified,1.03778,0.117101,0.03484202,0.02030377336930219,False,False
57197,midsize (1 to 10bn),commercial real estate heavy,1.045071,0.126136,0.03425656,0.045343713313468266,False,False
57203,regional (10 to 100bn),card-heavy,43.454,4.873,4.306399999999999,4.990526834829304,True,True
57228,midsize (1 to 10bn),mortgage portfolio lender,1.860416,0.166448,0.049253134999999997,0.008417726796677773,False,False
5722,community (under 1bn),diversified,0.156573,0.015597,0.0024018200000000003,0.00040305776094533437,False,False
57230,community (under 1bn),diversified,0.326931,0.034282,0.009338345000000001,0.0034352048808710105,False,False
57244,midsize (1 to 10bn),diversified,2.900018,0.485591,0.09485955000000001,0.08625348797190069,False,False
57250,community (under 1bn),diversified,0.504939,0.044393,0.020582075000000002,0.024737690407443415,False,True
57265,midsize (1 to 10bn),commercial real estate heavy,1.811475,0.19791,0.06317677,0.014663537115311057,False,False
57269,midsize (1 to 10bn),diversified,1.30942,0.162319,0.044755989999999995,0.006898859297538319,False,False
57273,community (under 1bn),diversified,0.138492,0.016447,0.00258818,0.0004414185102974705,False,False
57280,community (under 1bn),mortgage portfolio lender,0.37031,0.033026,0.010979345,0.0015306103392144707,False,False
57288,community (under 1bn),diversified,0.064015,0.056916,0.0,0.0,False,False
57295,community (under 1bn),commercial real estate heavy,0.722874,0.113849,0.012236720000000001,0.002399833415631492,False,False
57301,community (under 1bn),diversified,0.524948,0.058146,0.012033124999999999,0.004732744690526447,False,False
57304,community (under 1bn),diversified,0.196558,0.090081,0.0,0.0,False,False
57311,regional (10 to 100bn),mortgage portfolio lender,19.620017,1.336645,0.42793946499999996,0.22453859676926502,False,False
57312,community (under 1bn),commercial real estate heavy,0.206946,0.032368,0.00905165,0.012898010179465243,False,False
57335,community (under 1bn),diversified,0.297306,0.041429,0.00524168,0.011890855611491145,False,False
57336,community (under 1bn),diversified,0.247441,0.018603,0.008402755000000001,0.007628381348481223,False,False
57337,community (under 1bn),diversified,0.198209,0.146249,0.0,0.0,False,False
57348,midsize (1 to 10bn),diversified,3.583462,0.305551,0.169002805,0.04265467616742651,True,False
57358,regional (10 to 100bn),diversified,14.623006,0.95849,0.10708352999999998,0.09387637838434924,False,False
57359,community (under 1bn),auto-heavy,0.484737,0.040695,0.024536205000000002,0.01095417573662775,True,False
57368,midsize (1 to 10bn),commercial real estate heavy,3.466328,0.351649,0.146163015,0.09372548267537326,False,False
57369,midsize (1 to 10bn),diversified,3.01599,0.292015,0.107249065,0.13687403400224143,False,False
57373,community (under 1bn),diversified,0.446289,0.048655,0.010485575,0.004456472910931702,False,False
57380,community (under 1bn),diversified,0.040204,0.034009,0.0,0.0,False,False
57391,community (under 1bn),diversified,0.120144,0.012649,0.00227068,0.002347808983382626,False,False
57396,community (under 1bn),diversified,0.230065,0.028214,0.006150915,0.0032493067981389646,False,False
57405,community (under 1bn),diversified,0.017771,0.014159,0.0,0.0,False,False
57408,regional (10 to 100bn),diversified,21.43,2.759,0.53012,0.22738859519378715,False,False
57414,community (under 1bn),commercial real estate heavy,0.65544,0.062774,0.022366854999999998,0.024272260662765215,False,False
57415,midsize (1 to 10bn),diversified,1.645945,0.135599,0.04683975,0.03878082024202849,False,False
57416,community (under 1bn),diversified,0.451158,0.043444,0.010714799999999998,0.008038434221787075,False,False
57417,midsize (1 to 10bn),commercial real estate heavy,3.979541,0.369587,0.146368945,0.02483517196762912,False,False
57418,community (under 1bn),diversified,0.019543,0.01746,0.0,0.0,False,False
57420,community (under 1bn),diversified,0.188921,0.023923,0.0034998350000000006,0.0011253026392969206,False,False
57425,community (under 1bn),diversified,0.976168,0.09661,0.034558345000000004,0.028991647472176384,False,False
57429,community (under 1bn),commercial real estate heavy,0.197945,0.019077,0.006030935,0.002118550637710414,False,False
57444,community (under 1bn),diversified,0.385265,0.061636,0.01289668,0.01388566750124566,False,False
57449,midsize (1 to 10bn),diversified,2.83469,0.453707,0.16003632,0.26265193357877165,False,False
5744,midsize (1 to 10bn),diversified,2.811675,0.242396,0.08916172,0.07241882761878826,False,False
57450,large (100 to 700bn),diversified,250.828,27.085,0.9961499999999999,0.23103971561293737,False,False
57451,midsize (1 to 10bn),diversified,1.065857,0.117103,0.042215715,0.039662012866224755,False,False
57463,midsize (1 to 10bn),commercial real estate heavy,3.469065,0.393709,0.13811985,0.16772118425280594,False,False
57465,community (under 1bn),diversified,0.935084,0.095739,0.030331510000000002,0.0076844085319754,False,False
57468,community (under 1bn),diversified,0.103259,0.008249,0.002779485,0.0013906815164922285,False,False
57470,community (under 1bn),diversified,0.034263,0.027384,0.0,0.0,False,False
57483,midsize (1 to 10bn),diversified,1.201077,0.104986,0.02729781,0.030267459033465807,False,False
57491,community (under 1bn),diversified,0.333981,0.035088,0.008457475,0.008493277559233117,False,False
57495,community (under 1bn),commercial real estate heavy,0.279739,0.031753,0.008392945,0.0013083299475041999,False,False
57497,midsize (1 to 10bn),diversified,1.485888,0.138753,0.03885953,0.025309585110073498,False,False
5749,midsize (1 to 10bn),diversified,1.71072,0.193157,0.03772463,0.020798035350762002,False,False
57505,community (under 1bn),diversified,0.624382,0.058786,0.016294169999999997,0.005774776112670221,False,False
57510,midsize (1 to 10bn),C and I heavy,2.652805,0.306604,0.10230218500000002,0.05154147140267114,False,False
57511,community (under 1bn),commercial real estate heavy,0.9803,0.08955,0.038464235,0.02306890253116525,False,False
57512,regional (10 to 100bn),diversified,98.568765,7.94497,1.939239335,0.43806226667837034,False,False
57522,community (under 1bn),mortgage portfolio lender,0.981963,0.086128,0.022304144999999997,0.003774478596019473,False,False
5753,community (under 1bn),diversified,0.198636,0.015831,0.00571708,0.022874238906246624,False,True
57540,community (under 1bn),mortgage portfolio lender,0.660676,0.074344,0.015132054999999998,0.008175952268052632,False,False
57542,regional (10 to 100bn),auto-heavy,16.786286,1.790205,0.465691665,0.9628202885147401,False,False
57543,community (under 1bn),C and I heavy,0.569129,0.071274,0.01693833,0.006215569378125875,False,False
57548,community (under 1bn),diversified,0.324903,0.030859,0.010527394999999998,0.03145069514842324,False,True
57554,community (under 1bn),diversified,0.890938,0.092005,0.027070354999999997,0.028107271297665583,False,False
57565,large (100 to 700bn),diversified,124.438468,9.962816,1.21218783,0.21543754383558242,False,False
57569,community (under 1bn),diversified,0.201213,0.022055,0.005432405,0.0015672324925302935,False,False
57570,regional (10 to 100bn),card-heavy,13.85905,1.740531,1.70489535,2.45133305680461,True,True
57571,community (under 1bn),C and I heavy,0.181836,0.029442,0.00604367,0.00638220417612439,False,False
57576,community (under 1bn),diversified,0.423969,0.040213,0.01149775,0.0037550449971347133,False,False
57579,community (under 1bn),diversified,0.269494,0.028954,0.005909285,0.003547303613790068,False,False
57585,midsize (1 to 10bn),commercial real estate heavy,1.000102,0.108986,0.043452050000000006,0.07892505536404883,False,True
57587,community (under 1bn),diversified,0.45956,0.040959,0.01512132,0.006564465519511317,False,False
57591,midsize (1 to 10bn),commercial real estate heavy,2.944293,0.340397,0.10989010499999999,0.02180870582526322,False,False
57598,community (under 1bn),commercial real estate heavy,0.953357,0.090483,0.034723845,0.01951411003957158,False,False
57603,community (under 1bn),diversified,0.872309,0.089258,0.031827545,0.01619086376976117,False,False
57607,midsize (1 to 10bn),diversified,3.236756,0.286566,0.114145495,0.0857972308294499,False,False
57610,community (under 1bn),commercial real estate heavy,0.566043,0.060524,0.019942120000000004,0.0064034233752713,False,False
57614,midsize (1 to 10bn),diversified,8.480361,0.9093,0.206509615,0.08682693620937275,False,False
57624,community (under 1bn),diversified,0.261603,0.021386,0.00930653,0.0024103516683155234,False,False
57626,community (under 1bn),commercial real estate heavy,0.490075,0.059821,0.015064015,0.015710805160412882,False,False
57632,community (under 1bn),diversified,0.244059,0.020315,0.00538747,0.0012004438454085622,False,False
57633,midsize (1 to 10bn),diversified,3.178672,0.363923,0.12576041,0.06519138727887064,False,False
57640,community (under 1bn),diversified,0.098542,0.011039,0.0028382699999999995,0.002686983409271592,False,False
57644,community (under 1bn),diversified,0.319549,0.025714,0.00939407,0.002609941941114263,False,False
57656,community (under 1bn),mortgage portfolio lender,0.184398,0.018627,0.005585425,0.002924594922555323,False,False
57672,community (under 1bn),diversified,0.617793,0.062568,0.02287283,0.006341663069646295,False,False
57686,community (under 1bn),commercial real estate heavy,0.49567,0.084673,0.020815985000000002,0.00938407367585646,False,False
5768,community (under 1bn),diversified,0.844615,0.083413,0.01452719,0.01570731585613907,False,False
57694,community (under 1bn),diversified,0.359565,0.026483,0.009672275,0.00606242908059024,False,False
57701,midsize (1 to 10bn),C and I heavy,2.692444,0.257567,0.08644468999999999,0.0486348882171193,False,False
57703,midsize (1 to 10bn),commercial real estate heavy,1.102281,0.11095,0.041125465,0.028285823519729334,False,False
57706,midsize (1 to 10bn),commercial real estate heavy,1.329158,0.151947,0.058043705,0.031542565613505436,False,False
57710,midsize (1 to 10bn),diversified,1.31991,0.136943,0.0,0.0,False,False
57716,midsize (1 to 10bn),commercial real estate heavy,2.564693,0.290817,0.10720271500000002,0.03297342284127546,False,False
57740,community (under 1bn),commercial real estate heavy,0.6533,0.079433,0.02356952,0.039227362640167296,False,False
57741,community (under 1bn),diversified,0.657464,0.099052,0.012843519999999999,0.01214341915882123,False,False
57742,midsize (1 to 10bn),commercial real estate heavy,2.238825,0.282524,0.09882321499999999,0.09573026865986076,False,False
57754,midsize (1 to 10bn),commercial real estate heavy,1.558709,0.178329,0.055576,0.016018698805142378,False,False
57756,midsize (1 to 10bn),diversified,2.418168,0.2632,0.093120095,0.09688915515844403,False,False
57777,midsize (1 to 10bn),diversified,2.591552,0.251665,0.09845122499999999,0.03468515236898162,False,False
57784,community (under 1bn),mortgage portfolio lender,0.28875,0.026999,0.008022495,0.019481847121905673,False,True
57785,community (under 1bn),diversified,0.218334,0.018192,0.0064667399999999995,0.0039915154282975564,False,False
57793,community (under 1bn),diversified,0.054076,0.038751,0.0,0.0,False,False
5779,community (under 1bn),mortgage portfolio lender,0.323797,0.032644,0.005155215,0.005856919953110131,False,False
57803,large (100 to 700bn),auto-heavy,188.184,18.021,7.075695000000001,4.818736110596262,False,False
57807,community (under 1bn),mortgage portfolio lender,0.787018,0.080358,0.018541704999999995,0.004060889260078883,False,False
57813,midsize (1 to 10bn),diversified,1.563784,0.173786,0.041295995,0.02607829660954791,False,False
57815,midsize (1 to 10bn),diversified,5.980882,0.662861,0.14842759500000002,0.1302114101688065,False,False
57825,midsize (1 to 10bn),diversified,1.365858,0.127441,0.03334412,0.005535051338440863,False,False
57833,regional (10 to 100bn),C and I heavy,11.045111,2.587088,0.183255065,0.604384107333627,False,False
57834,community (under 1bn),diversified,0.003489,0.002988,0.0,0.0,False,False
57841,community (under 1bn),commercial real estate heavy,0.923291,0.081456,0.035304275,0.006500414651353675,False,False
57857,community (under 1bn),diversified,0.832564,0.076927,0.026999185000000002,0.027941148829625267,False,False
57867,community (under 1bn),diversified,0.286209,0.033745,0.007348215,0.0038539939640349907,False,False
57869,community (under 1bn),diversified,0.351712,0.032516,0.013287054999999999,0.00509713275885643,False,False
5786,community (under 1bn),mortgage portfolio lender,0.13117,0.019286,0.00261801,0.0012871765771266608,False,False
57872,community (under 1bn),commercial real estate heavy,0.420743,0.037294,0.013516344999999999,0.009053477566840022,False,False
57873,midsize (1 to 10bn),commercial real estate heavy,1.966224,0.272694,0.07955173500000001,0.05945472125444493,False,False
57874,community (under 1bn),diversified,0.908076,0.078963,0.034658565,0.011248933601458148,False,False
57882,community (under 1bn),commercial real estate heavy,0.205854,0.02511,0.007603075000000001,0.0050831675831997745,False,False
57884,community (under 1bn),mortgage portfolio lender,0.086553,0.009419,0.003047985,0.0020438684014621265,False,False
57890,large (100 to 700bn),diversified,173.101278,17.524511,1.570012705,1.3556551726100576,False,False
57897,community (under 1bn),diversified,0.278497,0.02859,0.008510505,0.017457093823198218,False,True
57899,community (under 1bn),commercial real estate heavy,0.211989,0.020096,0.008203695000000002,0.00616090111539218,False,False
57901,community (under 1bn),commercial real estate heavy,0.29011,0.037895,0.012088869999999998,0.02530431574299863,False,False
57903,midsize (1 to 10bn),commercial real estate heavy,8.318539,0.7468,0.28969163000000003,0.22308466494103238,False,False
57910,community (under 1bn),diversified,0.072459,0.007845,0.0013564150000000001,0.00040804913538620833,False,False
57915,community (under 1bn),diversified,0.249136,0.024665,0.0049163,0.001626772924836912,False,False
57919,regional (10 to 100bn),diversified,14.402382,1.514576,0.5745564200000001,0.34840837296186394,False,False
5791,community (under 1bn),diversified,0.141706,0.015836,0.0018840149999999997,0.002260306789248351,False,False
57920,midsize (1 to 10bn),C and I heavy,1.086025,0.123534,0.024919405000000002,0.04298150344640722,False,False
57922,community (under 1bn),commercial real estate heavy,0.855269,0.098028,0.030437335,0.015714849272498978,False,False
57923,community (under 1bn),commercial real estate heavy,0.786017,0.079091,0.0233604,0.01980743967177844,False,False
5792,community (under 1bn),diversified,0.105991,0.011718,0.0011331499999999999,0.00022285277446082202,False,False
57931,community (under 1bn),commercial real estate heavy,0.805517,0.064461,0.022539485,0.05115269112550436,False,True
57933,community (under 1bn),commercial real estate heavy,0.240765,0.024641,0.0071465999999999995,0.00541878223012759,False,False
57944,midsize (1 to 10bn),commercial real estate heavy,2.745961,0.274483,0.10119277,0.08267809094240068,False,False
57952,community (under 1bn),diversified,0.108427,0.010921,0.003336975,0.003917465793979374,False,False
57953,midsize (1 to 10bn),diversified,1.269326,0.110893,0.039092785,0.033276090576289705,False,False
57957,large (100 to 700bn),diversified,232.517438,20.86806,5.22492144,8.848109598517647,False,False
57967,community (under 1bn),commercial real estate heavy,0.840919,0.070626,0.033973619999999996,0.010052963321302752,False,False
57968,midsize (1 to 10bn),diversified,4.336833,0.388793,0.139415915,0.11514884501909817,False,False
5796,community (under 1bn),diversified,0.382508,0.037,0.00692911,0.013778099978244175,False,False
57974,community (under 1bn),commercial real estate heavy,0.120902,0.013762,0.0043557249999999995,0.0021029141123847794,False,False
5797,community (under 1bn),diversified,0.221446,0.028016,0.0038496800000000003,0.003834754796008708,False,False
57990,community (under 1bn),commercial real estate heavy,0.291906,0.028869,0.012297015,0.002321782441584551,False,False
57993,regional (10 to 100bn),commercial real estate heavy,18.344113,1.996844,0.69027562,0.316467780931749,False,False
57997,midsize (1 to 10bn),commercial real estate heavy,2.93717,0.279404,0.060709700000000005,0.048903490166720215,False,False
5800,community (under 1bn),diversified,0.53305,0.057515,0.0065886,0.004281989974403878,False,False
58010,community (under 1bn),commercial real estate heavy,0.157269,0.018102,0.006307035,0.005914384923286612,False,False
58011,community (under 1bn),diversified,0.040435,0.03679,0.0,0.0,False,False
58018,midsize (1 to 10bn),commercial real estate heavy,1.109444,0.099333,0.041558935000000005,0.04821517989741235,False,False
58025,community (under 1bn),commercial real estate heavy,0.202364,0.037278,0.008874004999999999,0.002968232331661597,False,False
58029,community (under 1bn),commercial real estate heavy,0.622885,0.058915,0.024415655,0.04364360023467767,False,True
58030,community (under 1bn),diversified,0.415216,0.038238,0.012098479999999998,0.01936591594768187,False,False
58037,community (under 1bn),commercial real estate heavy,0.130475,0.017868,0.00474839,0.025074624032450157,False,True
58039,midsize (1 to 10bn),diversified,1.084566,0.084824,0.033771245000000005,0.014844062061821407,False,False
58049,community (under 1bn),diversified,0.48569,0.046672,0.01684479,0.00977564511718945,False,False
58054,midsize (1 to 10bn),commercial real estate heavy,1.964972,0.193169,0.08023836,0.10690531651061873,False,False
58057,midsize (1 to 10bn),diversified,2.717129,0.238248,0.09656677999999999,0.038178965688489386,False,False
58060,midsize (1 to 10bn),commercial real estate heavy,1.174806,0.303737,0.047832940000000004,0.006893550640169371,False,False
58063,community (under 1bn),commercial real estate heavy,0.253884,0.024899,0.010695439999999999,0.002205027399700496,False,False
58069,community (under 1bn),diversified,0.863552,0.087019,0.028582299999999998,0.004864732153018734,False,False
58074,community (under 1bn),diversified,0.357109,0.032188,0.011098479999999999,0.005775580923136244,False,False
58079,community (under 1bn),diversified,0.178915,0.021266,0.006647770000000002,0.0033183085011963,False,False
58082,community (under 1bn),diversified,0.39545,0.041973,0.015650744999999997,0.0034563420991321017,False,False
58088,midsize (1 to 10bn),diversified,1.360933,0.094684,0.04717060000000001,0.022619510353675057,True,False
58090,midsize (1 to 10bn),diversified,1.618057,0.199343,0.055105335,0.021107355831416375,False,False
58095,midsize (1 to 10bn),diversified,1.358688,0.143147,0.033022235000000004,0.056410879687281944,False,False
58111,community (under 1bn),commercial real estate heavy,0.444047,0.050642,0.01290336,0.006520336650425297,False,False
58113,community (under 1bn),commercial real estate heavy,0.802809,0.088507,0.031591425,0.040977490384727144,False,False
58114,community (under 1bn),diversified,0.562888,0.046181,0.017092710000000004,0.0032035910455704246,False,False
58115,midsize (1 to 10bn),diversified,3.287696,0.311317,0.11252935500000001,0.05437957454024142,False,False
58121,midsize (1 to 10bn),commercial real estate heavy,1.105166,0.110819,0.037299345000000005,0.01605191341229816,False,False
58140,midsize (1 to 10bn),C and I heavy,2.494969,0.28831,0.083272035,0.01784823389093398,False,False
58148,community (under 1bn),C and I heavy,0.342168,0.052415,0.012086805,0.011895883268931755,False,False
5814,community (under 1bn),diversified,0.155349,0.016853,0.0029291300000000003,0.000496793264258438,False,False
58158,community (under 1bn),C and I heavy,0.200758,0.015729,0.006900595,0.017808350069610297,False,True
58164,community (under 1bn),mortgage portfolio lender,0.410812,0.046125,0.013282039999999998,0.002496769442768163,False,False
58165,midsize (1 to 10bn),commercial real estate heavy,1.05048,0.123435,0.036406515,0.017311659709461594,False,False
58177,regional (10 to 100bn),diversified,28.541289,2.951103,1.26582048,1.047003763833184,False,False
5817,community (under 1bn),diversified,0.402273,0.0389,0.008146374999999999,0.00552602557599826,False,False
58181,midsize (1 to 10bn),mortgage portfolio lender,4.465591,0.499581,0.15745007,0.09473369119966159,False,False
58184,community (under 1bn),mortgage portfolio lender,0.505964,0.057359,0.00985601,0.003974648262514089,False,False
58188,community (under 1bn),diversified,0.057157,0.055679,0.0,0.0,False,False
58201,community (under 1bn),diversified,0.414171,0.052498,0.01258002,0.004055383483328629,False,False
58203,community (under 1bn),commercial real estate heavy,0.617994,0.090828,0.023584555,0.015390723440329608,False,False
58208,community (under 1bn),commercial real estate heavy,0.817794,0.099332,0.03166632,0.035851225956145275,False,False
5820,community (under 1bn),diversified,0.063214,0.00994,0.0015035049999999998,0.0047463843645646495,False,False
58210,midsize (1 to 10bn),diversified,5.377688,0.615984,0.212208815,0.14088660508573103,False,False
58214,community (under 1bn),commercial real estate heavy,0.180647,0.02007,0.006902655,0.005500831091404989,False,False
58216,community (under 1bn),diversified,0.008216,0.007186,0.0,0.0,False,False
58218,community (under 1bn),diversified,0.51436,0.045025,0.015829384999999998,0.003565504747673292,False,False
5821,community (under 1bn),diversified,0.384245,0.037528,0.005168115,0.002695595365573543,False,False
58220,community (under 1bn),diversified,0.417808,0.035903,0.014812795,0.03169157655145176,False,True
58224,midsize (1 to 10bn),card-heavy,1.768904,0.183562,0.026836255,0.022153724180137398,False,False
58228,midsize (1 to 10bn),commercial real estate heavy,8.89346,0.957683,0.28281565,0.3420752514713056,False,False
58234,community (under 1bn),commercial real estate heavy,0.454372,0.060763,0.017519675,0.006786965987116405,False,False
58239,midsize (1 to 10bn),commercial real estate heavy,1.514517,0.179064,0.06357392,0.012185138828554818,False,False
58243,midsize (1 to 10bn),commercial real estate heavy,2.398504,0.302457,0.09653159500000001,0.025944603980894466,False,False
58255,midsize (1 to 10bn),diversified,4.017745,0.364467,0.111704735,0.06930823135487944,False,False
58257,community (under 1bn),diversified,0.91261,0.088955,0.040736415000000005,0.012196001701754756,False,False
58259,community (under 1bn),commercial real estate heavy,0.988867,0.093261,0.042117110000000006,0.011270638441480471,False,False
58263,community (under 1bn),commercial real estate heavy,0.304249,0.036319,0.011228985000000002,0.0025378015915465324,False,False
58264,midsize (1 to 10bn),C and I heavy,2.068707,0.256691,0.058869519999999995,0.024095602233941648,False,False
5826,midsize (1 to 10bn),diversified,1.601369,0.159899,0.042600785,0.02128204058903766,False,False
58276,community (under 1bn),commercial real estate heavy,0.793113,0.069798,0.0208077,0.0049204061835243515,False,False
58278,community (under 1bn),commercial real estate heavy,0.604748,0.055818,0.014015610000000001,0.003188787936914235,False,False
58281,midsize (1 to 10bn),commercial real estate heavy,1.442372,0.156979,0.055105935,0.010523262562120848,False,False
58282,community (under 1bn),diversified,0.179515,0.022541,0.004318095,0.0009373455856327164,False,False
58289,community (under 1bn),commercial real estate heavy,0.423439,0.042284,0.014967025000000002,0.009316979172691775,False,False
58291,midsize (1 to 10bn),commercial real estate heavy,2.707809,0.304212,0.1033724,0.019854261587454305,False,False
58297,community (under 1bn),commercial real estate heavy,0.93697,0.110476,0.02950045,0.004718508938947369,False,False
58300,community (under 1bn),diversified,0.568924,0.044591,0.017992644999999998,0.010330789908085402,False,False
58303,regional (10 to 100bn),diversified,25.480877,1.885341,0.060802850000000006,0.058551638875117905,False,False
58307,community (under 1bn),diversified,0.812287,0.074956,0.032516750000000004,0.006699735366467791,False,False
58309,midsize (1 to 10bn),diversified,2.845758,0.522316,0.09211731,0.03333917837347065,False,False
5830,community (under 1bn),diversified,0.103622,0.019038,0.00127376,0.0004352775996662501,False,False
58310,midsize (1 to 10bn),commercial real estate heavy,1.640896,0.165513,0.06584348500000001,0.02718988336682695,False,False
58311,community (under 1bn),mortgage portfolio lender,0.44359,0.036422,0.014100639999999998,0.002579619542447332,False,False
58314,midsize (1 to 10bn),C and I heavy,3.532211,0.303115,0.10824249999999999,0.042987787312116874,False,False
58316,midsize (1 to 10bn),diversified,3.851603,0.414439,0.129872855,0.040033410390933756,False,False
58322,community (under 1bn),diversified,0.310228,0.0335,0.011171735,0.019764042221946405,False,False
58324,community (under 1bn),commercial real estate heavy,0.202282,0.025368,0.00860169,0.004845663733887316,False,False
58339,midsize (1 to 10bn),C and I heavy,3.456924,0.0,0.1464056,0.024120678410278547,True,True
58341,community (under 1bn),commercial real estate heavy,0.896432,0.10319,0.034627675000000004,0.008068841605707236,False,False
58348,community (under 1bn),commercial real estate heavy,0.844463,0.077537,0.032724895,0.01909329099867097,False,False
58357,community (under 1bn),diversified,0.395277,0.054615,0.007313455,0.0022708142523434373,False,False
58359,community (under 1bn),commercial real estate heavy,0.185768,0.021396,0.00676098,0.002449748859651175,False,False
5835,community (under 1bn),diversified,0.493174,0.066178,0.00494526,0.0033526342138979234,False,False
58371,community (under 1bn),diversified,0.569877,0.056674,0.020663674999999996,0.00786814345106114,False,False
58377,community (under 1bn),commercial real estate heavy,0.38677,0.035659,0.01521714,0.0029505456240034185,False,False
5838,community (under 1bn),diversified,0.069334,0.007721,0.001160065,0.0005979274903965092,False,False
58396,community (under 1bn),commercial real estate heavy,0.562802,0.054497,0.017310045,0.0062768349222356015,False,False
58401,community (under 1bn),commercial real estate heavy,0.506664,0.074751,0.021552140000000004,0.0069752073465061655,False,False
58405,community (under 1bn),mortgage portfolio lender,0.551943,0.060034,0.018270534999999997,0.02938238046370421,False,False
58407,community (under 1bn),commercial real estate heavy,0.392997,0.028767,0.01277362,0.006936351468263612,False,False
58410,midsize (1 to 10bn),diversified,8.527799,1.008612,0.24555803,0.312863018358877,False,False
58413,community (under 1bn),commercial real estate heavy,0.227868,0.02493,0.00886222,0.004745451383003965,False,False
58423,community (under 1bn),C and I heavy,0.133423,0.014473,0.002248015,0.00040536816784777824,False,False
58424,midsize (1 to 10bn),commercial real estate heavy,1.597811,0.159377,0.06813947000000001,0.023939319021035063,False,False
58426,community (under 1bn),commercial real estate heavy,0.074287,0.006898,0.00324784,0.0021114388696941433,False,False
58433,midsize (1 to 10bn),diversified,1.771847,0.184654,0.06579692000000001,0.015413227431199682,False,False
58443,community (under 1bn),commercial real estate heavy,0.297657,0.07823,0.01028961,0.02406774792842247,False,False
58446,community (under 1bn),commercial real estate heavy,0.739604,0.075072,0.025244260000000004,0.009808065338064158,False,False
58450,community (under 1bn),commercial real estate heavy,0.192075,0.022046,0.0034580850000000005,0.0006773945807644049,False,False
58457,regional (10 to 100bn),diversified,24.258271,1.795986,0.23622532499999999,0.16264754675177914,False,False
58463,midsize (1 to 10bn),commercial real estate heavy,6.107436,0.575464,0.21810583,0.04734222319884656,False,False
58469,community (under 1bn),commercial real estate heavy,0.935046,0.147126,0.042507785000000006,0.009320378779294,False,False
58470,community (under 1bn),diversified,0.453854,0.037417,0.01208797,0.0019298346337882494,False,False
58479,midsize (1 to 10bn),commercial real estate heavy,1.247505,0.110874,0.03838189,0.008531032594567492,False,False
5847,community (under 1bn),diversified,0.119964,0.013163,0.0033606000000000005,0.0010224829494354982,False,False
58481,midsize (1 to 10bn),commercial real estate heavy,4.087406,0.400661,0.16090593000000003,0.06373416782930558,False,False
58482,community (under 1bn),C and I heavy,0.308595,0.02955,0.003265295,0.0006508646937445966,False,False
58483,midsize (1 to 10bn),diversified,1.458168,0.166203,0.03775841,0.007420095192761222,False,False
58484,community (under 1bn),diversified,0.542962,0.050301,0.014382375,0.0036601260465496917,False,False
58490,midsize (1 to 10bn),auto-heavy,2.027009,0.231517,0.08490090500000001,0.06754745730431799,False,False
58504,midsize (1 to 10bn),diversified,1.795397,0.195101,0.062448850000000014,0.039389467381685965,False,False
58508,community (under 1bn),diversified,0.384449,0.047775,0.00516939,0.002146943468808357,False,False
58509,midsize (1 to 10bn),commercial real estate heavy,1.07663,0.108696,0.038458285,0.00943580042988796,False,False
58511,community (under 1bn),C and I heavy,0.73906,0.061136,0.029268375,0.014182172649129524,False,False
58513,midsize (1 to 10bn),commercial real estate heavy,2.250271,0.260752,0.09047556500000001,0.07903051180036072,False,False
58517,community (under 1bn),diversified,0.211775,0.02206,0.004977765,0.001005397595190828,False,False
58534,midsize (1 to 10bn),mortgage portfolio lender,1.553521,0.147956,0.037020225,0.006971857365861537,False,False
58536,midsize (1 to 10bn),mortgage portfolio lender,2.22941,0.370694,0.04302095499999999,0.01433947109660748,False,False
58537,community (under 1bn),commercial real estate heavy,0.459504,0.054484,0.017016275000000004,0.007506438285307137,False,False
5854,midsize (1 to 10bn),diversified,2.257592,0.218644,0.07368076500000001,0.05737696351722547,False,False
58563,community (under 1bn),diversified,0.524446,0.048625,0.01937058,0.005537368979398188,False,False
58584,midsize (1 to 10bn),commercial real estate heavy,1.030338,0.125212,0.03777698,0.008570615935253585,False,False
58586,community (under 1bn),diversified,0.114117,0.014498,0.0011065950000000001,0.0015864036517928295,False,False
58588,community (under 1bn),commercial real estate heavy,0.602153,0.068121,0.025740345,0.00517420952227676,False,False
58590,community (under 1bn),diversified,0.736172,0.039595,0.01817154,0.008934851396527273,True,False
58595,midsize (1 to 10bn),mortgage portfolio lender,2.192216,0.184046,0.009445905,0.0018577933444421633,False,False
58596,midsize (1 to 10bn),commercial real estate heavy,4.797064,0.572804,0.17763499500000002,0.10249001459581959,False,False
58597,community (under 1bn),commercial real estate heavy,0.265643,0.031747,0.009391395000000002,0.0023233046705659686,False,False
58602,community (under 1bn),C and I heavy,0.334119,0.029919,0.00930801,0.008014509022906287,False,False
58619,community (under 1bn),commercial real estate heavy,0.803087,0.091993,0.02984983,0.010457221221341616,False,False
58626,midsize (1 to 10bn),commercial real estate heavy,1.427371,0.187859,0.05962701,0.07495473781965203,False,False
58629,regional (10 to 100bn),commercial real estate heavy,10.404868,1.088375,0.34748764000000004,0.09209845257087407,False,False
58636,community (under 1bn),diversified,0.205742,0.021862,0.00624182,0.005008474196427044,False,False
58644,community (under 1bn),commercial real estate heavy,0.29115,0.029363,0.01022811,0.0019665744620161268,False,False
58657,community (under 1bn),commercial real estate heavy,0.81216,0.085198,0.02716255,0.011168738091750757,False,False
58658,community (under 1bn),diversified,0.359356,0.075182,0.013147975,0.0029646592495429355,False,False
58665,regional (10 to 100bn),diversified,15.959938,1.230412,0.53729542,0.3556369329142178,False,False
58668,community (under 1bn),commercial real estate heavy,0.640951,0.094186,0.023428255000000002,0.008179172302091316,False,False
58675,midsize (1 to 10bn),diversified,2.334897,0.21565,0.088613785,0.03878607517627626,False,False
58678,community (under 1bn),commercial real estate heavy,0.231414,0.029041,0.00738239,0.00475985109721205,False,False
5867,community (under 1bn),commercial real estate heavy,0.694973,0.078016,0.024670940000000002,0.014803308906420681,False,False
58680,community (under 1bn),diversified,0.113765,0.011616,0.00379424,0.0008729256991894518,False,False
58687,community (under 1bn),commercial real estate heavy,0.4169,0.053835,0.016481920000000004,0.005768674103373789,False,False
58689,midsize (1 to 10bn),commercial real estate heavy,1.979313,0.181851,0.06991059000000001,0.04351563822814461,False,False
58691,community (under 1bn),commercial real estate heavy,0.628408,0.072636,0.02391613,0.006748144283747758,False,False
58692,community (under 1bn),commercial real estate heavy,0.573182,0.056379,0.02107552,0.004361477807151529,False,False
58696,midsize (1 to 10bn),commercial real estate heavy,2.362694,0.289384,0.08825644,0.02606892502805042,False,False
58712,community (under 1bn),commercial real estate heavy,0.838268,0.082801,0.03658935,0.02746885371082134,False,False
58716,midsize (1 to 10bn),C and I heavy,6.728468,0.746567,0.24449355,0.07873903401650917,False,False
58723,community (under 1bn),commercial real estate heavy,0.489706,0.060543,0.01664809,0.002968774188463503,False,False
58724,community (under 1bn),diversified,0.241194,0.02307,0.00913452,0.0026339337967978857,False,False
58727,midsize (1 to 10bn),commercial real estate heavy,1.102864,0.110878,0.03781530500000001,0.011147339072734873,False,False
58732,community (under 1bn),diversified,0.208094,0.026038,0.0032467800000000003,0.00078276449558364,False,False
58739,midsize (1 to 10bn),commercial real estate heavy,1.375315,0.135746,0.048077945,0.013445414474484456,False,False
5873,community (under 1bn),commercial real estate heavy,0.483327,0.042833,0.015317005,0.004032671586440935,False,False
58741,community (under 1bn),diversified,0.867112,0.061095,0.024395899999999998,0.008363136635956208,False,False
58745,community (under 1bn),commercial real estate heavy,0.171937,0.022394,0.004995135,0.0010068066494450614,False,False
5874,midsize (1 to 10bn),commercial real estate heavy,1.018991,0.135311,0.030570174999999998,0.009370757406795965,False,False
58752,midsize (1 to 10bn),commercial real estate heavy,1.453753,0.235186,0.042321915,0.011944548639239955,False,False
58764,community (under 1bn),commercial real estate heavy,0.388937,0.07114,0.016520419999999997,0.0034404711419714195,False,False
58768,community (under 1bn),diversified,0.26112,0.025412,0.007563015,0.0015330679303370237,False,False
58778,community (under 1bn),diversified,0.20598,0.018695,0.006921415,0.0015145707416552177,False,False
58780,community (under 1bn),commercial real estate heavy,0.440734,0.051409,0.017973665,0.007251264742137995,False,False
58783,midsize (1 to 10bn),diversified,2.132047,0.199484,0.072909365,0.02705293582068241,False,False
58789,community (under 1bn),commercial real estate heavy,0.507301,0.051756,0.020593935,0.004580630563074617,False,False
58796,midsize (1 to 10bn),C and I heavy,1.080613,0.139318,0.040006235,0.014301263858574513,False,False
58806,community (under 1bn),commercial real estate heavy,0.253239,0.036626,0.007361214999999999,0.00882752402782211,False,False
58811,midsize (1 to 10bn),commercial real estate heavy,2.067773,0.207081,0.07821333999999999,0.014883464682394154,False,False
58816,midsize (1 to 10bn),mortgage portfolio lender,4.267264,0.520358,0.137062355,0.04982303948206798,False,False
58826,community (under 1bn),commercial real estate heavy,0.298181,0.032714,0.007832075,0.0016991564626414285,False,False
58827,community (under 1bn),diversified,0.966136,0.079417,0.016010334999999997,0.0027463483932207646,False,False
58852,community (under 1bn),commercial real estate heavy,0.76787,0.081423,0.027924985000000003,0.00579142711584647,False,False
58857,community (under 1bn),commercial real estate heavy,0.359324,0.031392,0.008914064999999999,0.0021126982861628934,False,False
58859,community (under 1bn),diversified,0.232804,0.024815,0.0078108299999999995,0.00277159039566712,False,False
5885,community (under 1bn),mortgage portfolio lender,0.547649,0.065167,0.01525376,0.026874578395555442,False,False
58864,midsize (1 to 10bn),diversified,1.350489,0.122848,0.043636194999999996,0.010388885496044924,False,False
58892,midsize (1 to 10bn),commercial real estate heavy,2.383523,0.285566,0.08950165500000001,0.022068529288757462,False,False
588,large (100 to 700bn),diversified,218.788,19.754,5.563775,3.686074604887492,False,False
58927,community (under 1bn),diversified,0.015735,0.014961,0.0,0.0,False,False
5892,community (under 1bn),mortgage portfolio lender,0.118441,0.014437,0.00248305,0.0018177170494405957,False,False
58935,midsize (1 to 10bn),commercial real estate heavy,1.03236,0.092324,0.03390786,0.011810641562871397,False,False
58952,community (under 1bn),diversified,0.200027,0.01646,0.007894165,0.0034381478738075982,False,False
58961,community (under 1bn),commercial real estate heavy,0.381903,0.036716,0.011041485,0.002698466064140909,False,False
58979,regional (10 to 100bn),diversified,34.864976,3.321226,0.863287625,0.6470684575269856,False,False
58999,community (under 1bn),diversified,0.006501,0.005036,0.0,0.0,False,False
58,midsize (1 to 10bn),diversified,1.480601,0.233579,0.037857395,0.04363599269591257,False,False
59025,community (under 1bn),diversified,0.014864,0.009926,0.0,0.0,False,False
5902,community (under 1bn),diversified,0.35959,0.035603,0.008393355,0.004252907851230028,False,False
5903,midsize (1 to 10bn),diversified,8.376253,0.888595,0.26812326000000003,0.22321138097444146,False,False
59043,community (under 1bn),diversified,0.329506,0.038874,0.0,0.0,False,False
59046,community (under 1bn),diversified,0.03251,0.020736,0.0,0.0,False,False
59047,community (under 1bn),diversified,0.009205,0.007668,0.0,0.0,False,False
59052,regional (10 to 100bn),diversified,12.537055,1.223192,0.3769249,0.6425434126177517,False,False
59069,community (under 1bn),diversified,0.00987,0.009679,0.0,0.0,False,False
59074,midsize (1 to 10bn),diversified,1.907569,0.183559,0.04448758,0.013421778603301501,False,False
5907,community (under 1bn),diversified,0.562943,0.073753,0.016405945,0.005224983797524353,False,False
59086,community (under 1bn),commercial real estate heavy,0.769549,0.121423,0.033774385000000004,0.02007926301809753,False,False
59093,midsize (1 to 10bn),commercial real estate heavy,1.631027,0.254496,0.032798945,0.09808870595317526,False,False
59098,community (under 1bn),diversified,0.35951,0.044568,0.01129409,0.006293686041041899,False,False
59099,community (under 1bn),commercial real estate heavy,0.822656,0.093877,0.03242737,0.01583730649068026,False,False
59106,community (under 1bn),mortgage portfolio lender,0.982303,0.081424,0.035794855,0.01708517109155859,False,False
59108,regional (10 to 100bn),diversified,10.508989,1.167412,0.0,0.0,False,False
59112,midsize (1 to 10bn),commercial real estate heavy,1.344256,0.129935,0.0473381,0.02692484880384123,False,False
59113,midsize (1 to 10bn),diversified,1.603727,0.127338,0.05695775500000001,0.05417698610695729,False,False
59114,midsize (1 to 10bn),diversified,1.06298,0.087337,0.030148835,0.015070023741389608,False,False
59117,community (under 1bn),commercial real estate heavy,0.446242,0.044445,0.01069709,0.007624091492591788,False,False
59138,community (under 1bn),diversified,0.245497,0.022571,0.008279515,0.00477160022824009,False,False
59140,community (under 1bn),commercial real estate heavy,0.34459,0.038585,0.011412970000000001,0.006455765296455875,False,False
59143,community (under 1bn),commercial real estate heavy,0.38497,0.029201,0.012063965000000001,0.007018796682673202,False,False
59144,community (under 1bn),commercial real estate heavy,0.483982,0.054809,0.020455665,0.011574266187301325,False,False
59148,community (under 1bn),diversified,0.450535,0.057281,0.016407075,0.009416541057903224,False,False
59154,community (under 1bn),diversified,0.505063,0.062717,0.015822345,0.010969926369943617,False,False
59157,community (under 1bn),diversified,0.214049,0.028004,0.0067259749999999995,0.004539575079373271,False,False
59176,community (under 1bn),commercial real estate heavy,0.333199,0.031254,0.012695725000000001,0.008744144646138534,False,False
59177,midsize (1 to 10bn),diversified,2.057172,1.353924,0.07396912,0.0804413090528479,False,False
59181,community (under 1bn),diversified,0.253155,0.023682,0.008658375000000003,0.006871282792861941,False,False
59182,community (under 1bn),commercial real estate heavy,0.235332,0.025009,0.0077011449999999995,0.006104423048155566,False,False
59183,midsize (1 to 10bn),commercial real estate heavy,1.143324,0.108205,0.04454343,0.030604495509465094,False,False
59185,community (under 1bn),commercial real estate heavy,0.59645,0.082236,0.018082360000000002,0.015221505266873273,False,False
59188,community (under 1bn),commercial real estate heavy,0.536046,0.059268,0.020193585,0.014124356061432954,False,False
59190,community (under 1bn),card-heavy,0.337821,0.06107,0.0055896,0.005050979864481491,False,False
59193,community (under 1bn),commercial real estate heavy,0.406021,0.055823,0.016674120000000004,0.011502174790038632,False,False
59194,community (under 1bn),diversified,0.048813,0.043251,0.0,0.0,False,False
59195,community (under 1bn),commercial real estate heavy,0.206674,0.025305,0.006716295,0.008069864766461736,False,False
59199,community (under 1bn),diversified,0.269026,0.024762,0.0111952,0.00975841231278229,False,False
59203,community (under 1bn),mortgage portfolio lender,0.125223,0.013424,0.0038153899999999992,0.004468840123201553,False,False
59204,community (under 1bn),commercial real estate heavy,0.112785,0.009759,0.00376472,0.004513826016374122,False,False
59205,midsize (1 to 10bn),diversified,2.997294,0.461445,0.09826327000000001,0.08388533309309498,False,False
59206,community (under 1bn),diversified,0.384486,0.043669,0.013522535,0.011716312874055623,False,False
59209,community (under 1bn),commercial real estate heavy,0.305944,0.042249,0.012509965000000001,0.010983301578567032,False,False
59219,community (under 1bn),diversified,0.314348,0.034344,0.008982009999999999,0.0077690487451800875,False,False
59239,community (under 1bn),commercial real estate heavy,0.151636,0.028753,0.00492656,0.005889520695960032,False,False
59245,community (under 1bn),diversified,0.340254,0.041495,0.013850330000000001,0.016440187026169447,False,False
59249,community (under 1bn),diversified,0.260918,0.024774,0.008932145,0.007782599804502522,False,False
59255,community (under 1bn),diversified,0.022381,0.016152,0.0,0.0,False,False
59257,midsize (1 to 10bn),diversified,1.941915,0.175637,0.08098476,0.07835107705627031,False,False
59262,community (under 1bn),commercial real estate heavy,0.111655,0.020534,0.0023327349999999994,0.002767961436945423,False,False
59265,community (under 1bn),commercial real estate heavy,0.409933,0.052898,0.019265925,0.0229350495845162,False,False
59273,community (under 1bn),commercial real estate heavy,0.10661,0.013448,0.0045871950000000005,0.005526621442678712,False,False
59276,midsize (1 to 10bn),diversified,1.872222,0.042297,0.0,0.0,True,True
59278,community (under 1bn),commercial real estate heavy,0.396243,0.046834,0.016202995,0.019230326204495156,False,False
59281,community (under 1bn),commercial real estate heavy,0.186552,0.02459,0.00773132,0.009210833705766657,False,False
59283,community (under 1bn),commercial real estate heavy,0.195591,0.019493,0.00803754,0.009559285734824072,False,False
59285,community (under 1bn),commercial real estate heavy,0.150574,0.021632,0.0026208,0.0031059042580974267,False,False
59286,community (under 1bn),diversified,0.905602,0.315021,0.027134315000000003,0.03181946563738964,False,False
59287,community (under 1bn),C and I heavy,0.527148,0.047994,0.020503705000000004,0.0247168815306935,False,False
59289,community (under 1bn),C and I heavy,0.192566,0.017691,0.00455765,0.005526208899696416,False,False
59290,community (under 1bn),commercial real estate heavy,0.188867,0.018181,0.00769153,0.009141742573561951,False,False
59292,community (under 1bn),commercial real estate heavy,0.124486,0.018795,0.0050738250000000006,0.0060555007644018735,False,False
59296,community (under 1bn),mortgage portfolio lender,0.305639,0.069912,0.009108459999999999,0.010681847135220265,False,False
59298,community (under 1bn),commercial real estate heavy,0.35221,0.0401,0.011938,0.01420922514394644,False,False
59304,community (under 1bn),commercial real estate heavy,0.555927,0.051799,0.014735950000000001,0.017554343811416333,False,False
59305,community (under 1bn),diversified,0.107137,0.019883,0.0038414100000000004,0.00456221814480544,False,False
59306,community (under 1bn),commercial real estate heavy,0.316923,0.042098,0.012503585,0.014812446684877275,False,False
59312,community (under 1bn),diversified,0.031631,0.015088,0.0,0.0,False,False
59314,community (under 1bn),C and I heavy,0.155506,0.018589,0.0059917650000000005,0.007173368350403232,False,False
59318,community (under 1bn),diversified,0.132992,0.021594,0.003317805,0.003933491756522408,False,False
59321,community (under 1bn),diversified,0.016895,0.014605,0.0,0.0,False,False
59324,community (under 1bn),diversified,0.555006,0.071013,0.011924959999999998,0.014229843455493366,False,False
59326,community (under 1bn),diversified,0.09119,0.024652,0.002918615,0.0034467284099736553,False,False
59330,community (under 1bn),commercial real estate heavy,0.057262,0.017937,0.0013919000000000002,0.001646312655437049,False,False
59337,community (under 1bn),diversified,0.033903,0.031419,0.0,0.0,False,False
59339,community (under 1bn),commercial real estate heavy,0.068825,0.017341,0.00186133,0.0022049986266335538,False,False
59342,community (under 1bn),commercial real estate heavy,0.33961,0.046315,0.009448065,0.011233225648809048,False,False
59344,community (under 1bn),diversified,0.24108,0.222516,0.0,0.0,False,False
59345,community (under 1bn),commercial real estate heavy,0.078136,0.027379,0.001050425,0.0012461416714898575,False,False
59346,community (under 1bn),diversified,0.00681,0.004617,0.0,0.0,False,False
59349,community (under 1bn),diversified,0.013826,0.01321,0.0,0.0,False,False
59352,community (under 1bn),commercial real estate heavy,0.142077,0.021287,0.00476899,0.005665638676088272,False,False
59354,community (under 1bn),commercial real estate heavy,0.317852,0.033642,0.004557875,0.005385102366192995,False,False
59357,community (under 1bn),diversified,0.011472,0.010136,0.0,0.0,False,False
59358,community (under 1bn),commercial real estate heavy,0.044907,0.008348,0.001028435,0.0012354234319083407,False,False
59360,community (under 1bn),commercial real estate heavy,0.038547,0.035851,3.0095e-05,3.6261941647308275e-05,False,False
59362,community (under 1bn),diversified,0.04385,0.022433,0.00030287500000000003,0.0003615269403625711,False,False
59363,community (under 1bn),diversified,0.020321,0.018937,0.0,0.0,False,False
59365,community (under 1bn),commercial real estate heavy,0.030901,0.025066,0.00017054500000000003,0.00020227733170571994,False,False
59366,community (under 1bn),diversified,0.025594,0.015696,0.0,0.0,False,False
59369,community (under 1bn),diversified,0.107357,0.047083,0.000165,0.000195765046203604,False,False
59377,community (under 1bn),commercial real estate heavy,0.052158,0.027154,0.00018853,0.00022328507091275368,False,False
59378,midsize (1 to 10bn),diversified,4.664972,0.587294,0.00067148,0.0008266696995403043,False,False
59379,community (under 1bn),commercial real estate heavy,0.044491,0.024595,0.000147375,0.0001742580207762526,False,False
59381,community (under 1bn),diversified,0.044695,0.040904,0.0,0.0,False,False
59395,community (under 1bn),diversified,0.009957,0.009463,0.0,0.0,False,False
5956,midsize (1 to 10bn),commercial real estate heavy,1.764418,0.204066,0.05634377000000001,0.06440155758250093,False,False
5962,midsize (1 to 10bn),commercial real estate heavy,1.740659,0.230426,0.020404025,0.025172468757824785,False,False
5969,midsize (1 to 10bn),diversified,3.490494,0.324999,0.105178435,0.05468312799547015,False,False
597,midsize (1 to 10bn),diversified,2.818102,0.318573,0.11361214000000001,0.07811121052291727,False,False
5981,community (under 1bn),mortgage portfolio lender,0.680084,0.072164,0.01975046,0.03161841970881321,False,False
5994,community (under 1bn),C and I heavy,0.720897,0.065953,0.027261495000000004,0.021845199333910492,False,False
5999,community (under 1bn),diversified,0.026356,0.006283,5.847e-05,1.8124990581517367e-05,False,False
6051,community (under 1bn),mortgage portfolio lender,0.209407,0.023136,0.00609747,0.0008899018198260933,False,False
6063,midsize (1 to 10bn),diversified,1.564404,0.154907,0.044501835000000003,0.035664288273771466,False,False
6064,community (under 1bn),diversified,0.052942,0.0063,0.001240905,0.002404208609854687,False,False
6078,community (under 1bn),mortgage portfolio lender,0.285193,0.029469,0.008246499999999999,0.009800763644363789,False,False
6084,community (under 1bn),diversified,0.041223,0.004403,0.00012209500000000002,6.67116610450788e-05,False,False
6085,midsize (1 to 10bn),diversified,3.640978,0.522207,0.106714185,0.05226861283970366,False,False
6088,community (under 1bn),mortgage portfolio lender,0.247,0.026145,0.0038301200000000002,0.0059665678533851315,False,False
6091,community (under 1bn),diversified,0.820507,0.083275,0.02000737,0.01014981707051978,False,False
609,midsize (1 to 10bn),diversified,8.790772,0.783013,0.2774716,0.05555811574588963,False,False
6100,community (under 1bn),diversified,0.197745,0.029345,0.00517299,0.005131518175109554,False,False
6101,community (under 1bn),diversified,0.325642,0.029385,0.009785275,0.004167134034276009,False,False
6110,community (under 1bn),diversified,0.11307,0.012123,0.0029599550000000002,0.001768834894152628,False,False
6123,midsize (1 to 10bn),commercial real estate heavy,1.847024,0.227713,0.06961996000000001,0.016146557150080017,False,False
6137,community (under 1bn),diversified,0.939409,0.103642,0.032714535,0.022292278378170775,False,False
6156,community (under 1bn),diversified,0.047355,0.005965,0.00014518,0.00012539515220371804,False,False
6158,midsize (1 to 10bn),diversified,2.418341,0.323218,0.08737781500000001,0.017275869206814985,False,False
6176,community (under 1bn),diversified,0.849733,0.072234,0.029514375,0.02449163602297606,False,False
6180,community (under 1bn),mortgage portfolio lender,0.255364,0.033921,0.005935495000000001,0.000948691458221488,False,False
6186,community (under 1bn),diversified,0.311539,0.035946,0.004024255000000001,0.008294629117229464,False,False
618,community (under 1bn),mortgage portfolio lender,0.311669,0.038547,0.00509085,0.0014610482600871638,False,False
6194,community (under 1bn),mortgage portfolio lender,0.488201,0.048699,0.015452745,0.011240555582471046,False,False
6195,community (under 1bn),diversified,0.352373,0.033259,0.010220535,0.001530487497446859,False,False
6198,community (under 1bn),mortgage portfolio lender,0.044854,0.005473,0.0005409849999999999,0.00015767126942803922,False,False
622,midsize (1 to 10bn),diversified,9.409107,0.896448,0.2339543,0.3578640283847939,False,False
623,regional (10 to 100bn),diversified,40.535,9.943,0.366735,0.44922128944949724,False,False
6271,midsize (1 to 10bn),diversified,1.172186,0.13033,0.040207055,0.014242208828818641,False,False
6275,community (under 1bn),mortgage portfolio lender,0.553549,0.055755,0.012780895,0.0025447516885941067,False,False
6280,community (under 1bn),mortgage portfolio lender,0.091503,0.010446,0.0021320099999999997,0.000610862228662351,False,False
628,largest (over 700bn),diversified,4091.315,302.589,65.335695,65.58839704041537,False,False
6354,community (under 1bn),commercial real estate heavy,0.656678,0.067472,0.02025014,0.0135356794212991,False,False
6384,large (100 to 700bn),diversified,609.771726,53.524844,11.61756238,13.700421612855992,False,False
639,large (100 to 700bn),diversified,425.115,22.497,0.40736000000000006,0.1656386196613493,False,False
6423,midsize (1 to 10bn),diversified,3.122546,0.364511,0.103795525,0.06709240988947898,False,False
6442,community (under 1bn),mortgage portfolio lender,0.194992,0.020249,0.00460886,0.0011749469088936807,False,False
6464,community (under 1bn),commercial real estate heavy,0.407773,0.040743,0.01502937,0.0031574358090303346,False,False
6528,community (under 1bn),diversified,0.309703,0.029682,0.007511660000000001,0.004403329643238648,False,False
6530,community (under 1bn),mortgage portfolio lender,0.077667,0.008339,0.0017180399999999995,0.0003753099295792327,False,False
6531,midsize (1 to 10bn),commercial real estate heavy,1.1034,0.121727,0.035422535000000005,0.013481183776166961,False,False
6540,midsize (1 to 10bn),diversified,7.159502,0.668902,0.19791068500000003,0.10159080681660025,False,False
6544,midsize (1 to 10bn),diversified,9.53005,0.901422,0.29598044500000004,0.36257860192228136,False,False
6548,largest (over 700bn),diversified,705.554946,63.189592,16.517689379999997,17.014054409470738,False,False
6560,large (100 to 700bn),diversified,283.073605,25.622044,7.178342134999999,11.436857436569555,False,False
6574,community (under 1bn),auto-heavy,0.267384,0.028624,0.0076465,0.0024733456458944296,False,False
6584,community (under 1bn),mortgage portfolio lender,0.056321,0.005403,0.0008494299999999999,0.0001449104788215067,False,False
6592,community (under 1bn),mortgage portfolio lender,0.096173,0.008182,0.002023185,0.0013920556659347636,False,False
659,midsize (1 to 10bn),diversified,6.294915,0.677874,0.233263195,0.291312440164905,False,False
6600,regional (10 to 100bn),diversified,22.351293,2.100173,0.5428913400000001,0.8628078821786986,False,False
6605,midsize (1 to 10bn),diversified,1.266936,0.112959,0.03097328,0.013591037430978649,False,False
660,midsize (1 to 10bn),commercial real estate heavy,1.701861,0.178573,0.047481539999999996,0.006597019110870487,False,False
6616,community (under 1bn),diversified,0.586277,0.054328,0.01101621,0.0022884441942631253,False,False
6623,midsize (1 to 10bn),diversified,2.219306,0.200479,0.07729653,0.03235101058616138,False,False
6636,midsize (1 to 10bn),diversified,1.588792,0.169992,0.048161665,0.03786804961323102,False,False
6637,community (under 1bn),mortgage portfolio lender,0.200192,0.017129,0.00396178,0.0015999625524357034,False,False
6638,community (under 1bn),mortgage portfolio lender,0.102124,0.012967,0.002494075,0.0006979936371100187,False,False
6646,community (under 1bn),mortgage portfolio lender,0.247209,0.024378,0.006564385,0.007922593438990062,False,False
6653,regional (10 to 100bn),diversified,12.608562,1.285543,0.42993477,0.24423647584920738,False,False
6659,community (under 1bn),mortgage portfolio lender,0.28647,0.023882,0.008424615000000002,0.004763558480893854,False,False
6662,community (under 1bn),diversified,0.340803,0.036614,0.01452616,0.031464525122942524,False,True
6671,community (under 1bn),diversified,0.298951,0.023941,0.007151035,0.006151323570798036,False,False
6672,large (100 to 700bn),diversified,299.177,28.723,7.156985,10.630149816306103,False,False
6680,community (under 1bn),mortgage portfolio lender,0.094963,0.01001,0.002251115,0.0016987027904339894,False,False
6700,community (under 1bn),diversified,0.290631,0.028553,0.007215020000000001,0.002047059687230632,False,False
6706,community (under 1bn),diversified,0.239373,0.024271,0.00582697,0.002963066904085603,False,False
6725,community (under 1bn),diversified,0.196208,0.018718,0.0038951549999999995,0.002731885122380981,False,False
6728,community (under 1bn),mortgage portfolio lender,0.114657,0.012445,0.0019234999999999999,0.0020036518646263895,False,False
6732,community (under 1bn),mortgage portfolio lender,0.15393,0.013862,0.0020952,0.0005737702154531803,False,False
6760,community (under 1bn),auto-heavy,0.772465,0.076189,0.030877150000000006,0.02935210341995985,False,False
6762,community (under 1bn),mortgage portfolio lender,0.15807,0.014572,0.002737285,0.0005650300920959758,False,False
6786,community (under 1bn),diversified,0.201901,0.02793,0.005221985,0.0011891678996931894,False,False
6787,community (under 1bn),mortgage portfolio lender,0.084854,0.01223,0.00128609,0.00020807389709555198,False,False
6794,community (under 1bn),mortgage portfolio lender,0.2779,0.029456,0.007660205000000001,0.004772883731883497,False,False
6803,community (under 1bn),commercial real estate heavy,0.356501,0.045056,0.0116013,0.0056932131667738785,False,False
6805,community (under 1bn),diversified,0.12028,0.023686,0.00359198,0.0028697716913879106,False,False
6811,midsize (1 to 10bn),diversified,1.139443,0.09807,0.03451432,0.010962348700215932,False,False
6813,community (under 1bn),mortgage portfolio lender,0.374588,0.046848,0.010331884999999999,0.002897636921349431,False,False
6821,midsize (1 to 10bn),diversified,1.83214,0.197329,0.043038585000000004,0.021767901588686037,False,False
6861,midsize (1 to 10bn),diversified,1.331608,0.117513,0.045360225000000004,0.02930696691344798,False,False
6862,midsize (1 to 10bn),diversified,1.724973,0.196044,0.050568730000000006,0.03261128079524479,False,False
6863,community (under 1bn),diversified,0.516491,0.054493,0.016152145,0.0053106760505593695,False,False
686,midsize (1 to 10bn),mortgage portfolio lender,1.669098,0.169481,0.0455651,0.04228572778980226,False,False
6913,community (under 1bn),diversified,0.37178,0.044302,0.01206322,0.0060875653802598614,False,False
6917,midsize (1 to 10bn),diversified,2.073688,0.194778,0.06595761500000001,0.08641257773241436,False,False
6954,community (under 1bn),mortgage portfolio lender,0.27374,0.026194,0.00642549,0.0018597695692530764,False,False
6959,midsize (1 to 10bn),diversified,1.369479,0.125432,0.04788343,0.01352229891353321,False,False
6976,regional (10 to 100bn),diversified,15.03353,1.572373,0.500477885,0.22508730504548413,False,False
6985,midsize (1 to 10bn),diversified,5.405882,0.484969,0.18806962,0.10120835774741616,False,False
6989,regional (10 to 100bn),diversified,17.447957,1.323985,0.497762545,0.2032286459757671,False,False
698,midsize (1 to 10bn),diversified,2.905992,0.256106,0.101675465,0.11980933443630898,False,False
6990,community (under 1bn),diversified,0.182711,0.045904,0.00550496,0.000996158315004614,False,False
7025,community (under 1bn),mortgage portfolio lender,0.384117,0.03803,0.0069243049999999995,0.001688544148320934,False,False
7031,community (under 1bn),mortgage portfolio lender,0.203874,0.027966,0.00405439,0.0013427907440816701,False,False
7074,midsize (1 to 10bn),auto-heavy,4.45694,0.409678,0.159569145,0.033722404364676994,False,False
7085,community (under 1bn),mortgage portfolio lender,0.203883,0.031,0.004135745,0.0028176306773607493,False,False
70,community (under 1bn),diversified,0.098578,0.013204,0.002009935,0.0020556480789589633,False,False
7123,community (under 1bn),diversified,0.686247,0.100819,0.015142755,0.004480781809120744,False,False
713,midsize (1 to 10bn),commercial real estate heavy,5.611609,0.545874,0.18413385999999998,0.5733185898396413,False,True
7151,midsize (1 to 10bn),diversified,2.134066,0.190365,0.05650748,0.019089066779523912,False,False
7213,largest (over 700bn),diversified,1976.18,155.093,38.513960000000004,54.38314735766319,False,False
7230,regional (10 to 100bn),diversified,16.091731,1.480127,0.544640095,0.454172219733205,False,False
7274,community (under 1bn),diversified,0.152273,0.02457,0.0,0.0,False,False
72,community (under 1bn),commercial real estate heavy,0.890704,0.078278,0.02495754,0.013210907376862297,False,False
7356,community (under 1bn),diversified,0.49706,0.05586,0.01585291,0.006015871631516534,False,False
737,community (under 1bn),diversified,0.270585,0.024447,0.00912902,0.0023275668799827335,False,False
7404,midsize (1 to 10bn),diversified,1.572543,0.153264,0.041089215,0.022049907325758893,False,False
7468,regional (10 to 100bn),diversified,12.175009,1.20634,0.4282493,0.44987249473571056,False,False
7493,midsize (1 to 10bn),diversified,2.389971,0.232648,0.05405026499999999,0.019638042463565146,False,False
7506,midsize (1 to 10bn),diversified,3.303705,0.363262,0.100035095,0.045677395225564084,False,False
7514,midsize (1 to 10bn),diversified,5.432891,0.540099,0.18583509,0.11025644997253878,False,False
7526,midsize (1 to 10bn),diversified,1.16876,0.16047,0.03922382,0.013543853225872954,False,False
7542,midsize (1 to 10bn),diversified,1.458453,0.138225,0.04491951,0.03959401935989235,False,False
7551,regional (10 to 100bn),diversified,32.561169,3.249423,0.9552309299999999,0.8645356035713758,False,False
7590,community (under 1bn),diversified,0.224032,0.037142,0.004851,0.0006406412248094824,False,False
7593,midsize (1 to 10bn),diversified,3.187334,0.28984,0.08786983000000001,0.025329583372818678,False,False
7599,community (under 1bn),diversified,0.265013,0.026988,0.00481563,0.003618881060316684,False,False
7613,community (under 1bn),diversified,0.667947,0.06312,0.015544455,0.017442648530331728,False,False
7614,community (under 1bn),diversified,0.917861,0.077086,0.02568627,0.006080964847294896,False,False
7631,community (under 1bn),mortgage portfolio lender,0.167331,0.015528,0.002942115,0.0006441729358062762,False,False
763,community (under 1bn),diversified,0.811604,0.083382,0.018704225,0.0038755569864854446,False,False
7646,community (under 1bn),diversified,0.470812,0.078653,0.010197945,0.00214824132809669,False,False
7658,midsize (1 to 10bn),mortgage portfolio lender,1.166108,0.149348,0.018222685000000002,0.0052327210113666195,False,False
7659,community (under 1bn),mortgage portfolio lender,0.673984,0.07255,0.020816644999999998,0.008479072934141001,False,False
7675,community (under 1bn),diversified,0.921494,0.142584,0.024427510000000003,0.011319178537234489,False,False
769,community (under 1bn),mortgage portfolio lender,0.471968,0.043796,0.012704869999999998,0.012524375941160246,False,False
7714,midsize (1 to 10bn),commercial real estate heavy,2.374999,0.236135,0.07952890500000001,0.02562104351767439,False,False
7759,midsize (1 to 10bn),diversified,8.168987,0.774099,0.267364815,0.27907827635768717,False,False
7789,community (under 1bn),diversified,0.243487,0.040159,0.003705695,0.0006319935606868446,False,False
7799,midsize (1 to 10bn),diversified,3.14313,0.308136,0.09907258,0.0637996720716632,False,False
77,community (under 1bn),mortgage portfolio lender,0.221455,0.041781,0.006831604999999999,0.008172550957245655,False,False
7848,midsize (1 to 10bn),diversified,1.65642,0.164898,0.051085665,0.024830184536693424,False,False
7886,community (under 1bn),mortgage portfolio lender,0.385833,0.032415,0.0074239549999999994,0.0018209483880275727,False,False
7888,regional (10 to 100bn),diversified,50.801922,4.507137,1.4288433050000002,0.8303317071527481,False,False
7900,midsize (1 to 10bn),diversified,2.928192,0.276812,0.101045495,0.028164577296015597,False,False
7909,community (under 1bn),diversified,0.425181,0.034562,0.012468555,0.01751168593124045,False,False
7946,regional (10 to 100bn),diversified,30.616,1.881,0.299485,0.05397334188606541,False,False
8011,midsize (1 to 10bn),commercial real estate heavy,1.284117,0.239101,0.03742079500000001,0.017647676408088717,False,False
8018,midsize (1 to 10bn),diversified,1.414037,0.140486,0.03967201000000001,0.06155157975052105,False,False
8021,midsize (1 to 10bn),commercial real estate heavy,2.333967,0.25017,0.058901705,0.06873062876532476,False,False
8028,community (under 1bn),diversified,0.217557,0.021082,0.004490975,0.0006165121495973872,False,False
8033,community (under 1bn),diversified,0.790287,0.106285,0.018314085,0.023039320739011587,False,False
8035,community (under 1bn),diversified,0.33756,0.030825,0.004659499999999999,0.0094480431297417,False,False
803,regional (10 to 100bn),diversified,27.745993,2.662411,0.8672342550000001,0.5844243913363194,False,False
8056,regional (10 to 100bn),diversified,21.170764,2.314389,0.46917366000000005,0.2432501366935153,False,False
8063,community (under 1bn),diversified,0.769633,0.071677,0.021939065,0.004654379984144788,False,False
8067,community (under 1bn),mortgage portfolio lender,0.161189,0.014937,0.0040631650000000005,0.0036407617730782374,False,False
8074,community (under 1bn),mortgage portfolio lender,0.399658,0.040641,0.010077209999999998,0.004581171927232241,False,False
8083,community (under 1bn),diversified,0.286953,0.02822,0.005890715,0.012284565967980443,False,False
8094,community (under 1bn),diversified,0.460803,0.038947,0.00976046,0.0019070251313383474,False,False
8101,community (under 1bn),diversified,0.800575,0.087057,0.018791045,0.012281244193602762,False,False
8108,community (under 1bn),commercial real estate heavy,0.088943,0.011433,0.00346874,0.0013629809784376902,False,False
8110,community (under 1bn),commercial real estate heavy,0.211114,0.020344,0.008521860000000001,0.0012155275482570078,False,False
8117,community (under 1bn),diversified,0.473233,0.034849,0.01673363,0.051505518181605536,True,True
8118,community (under 1bn),diversified,0.263787,0.033815,0.00671311,0.004752616865266492,False,False
8120,community (under 1bn),diversified,0.546325,0.057285,0.01577206,0.004753830553565619,False,False
8121,community (under 1bn),diversified,0.071819,0.011319,0.0010456600000000001,0.00032054017313551294,False,False
8122,community (under 1bn),diversified,0.207102,0.019409,0.0030070850000000005,0.0020947283502523455,False,False
8126,community (under 1bn),mortgage portfolio lender,0.157743,0.022359,0.00221981,0.0005398815294736474,False,False
8136,midsize (1 to 10bn),diversified,3.826419,0.35071,0.0737794,0.03159760906672714,False,False
8140,community (under 1bn),diversified,0.152316,0.01677,0.0024835149999999995,0.0005022541499407773,False,False
8141,midsize (1 to 10bn),diversified,1.349578,0.113014,0.04521568500000001,0.016277287755629644,False,False
8144,community (under 1bn),diversified,0.06922,0.015502,0.00066355,0.0003616121179146453,False,False
8149,midsize (1 to 10bn),mortgage portfolio lender,1.381519,0.193328,0.03431415499999999,0.015860902286380384,False,False
8162,community (under 1bn),diversified,0.431164,0.037007,0.013695759999999998,0.007044886455887824,False,False
8165,community (under 1bn),commercial real estate heavy,0.442745,0.041452,0.01652941,0.018274834564975036,False,False
8172,community (under 1bn),diversified,0.469413,0.059308,0.011766204999999998,0.009684325940123093,False,False
8183,community (under 1bn),commercial real estate heavy,0.581012,0.049166,0.021326245000000004,0.10190076313219004,False,True
8191,community (under 1bn),mortgage portfolio lender,0.086349,0.008087,0.0011939449999999999,0.00021660906361006512,False,False
8197,community (under 1bn),mortgage portfolio lender,0.116191,0.008481,0.003666945,0.0016424600740306125,False,False
81,community (under 1bn),diversified,0.146341,0.023845,0.0029152450000000003,0.0005191339176680951,False,False
8200,community (under 1bn),diversified,0.595964,0.055824,0.0076713599999999995,0.00285174216665306,False,False
8205,community (under 1bn),commercial real estate heavy,0.179866,0.020748,0.005461375,0.004254611157828234,False,False
8207,community (under 1bn),diversified,0.106997,0.010469,0.0012141,0.0009212427229479082,False,False
8210,community (under 1bn),diversified,0.165459,0.0177,0.002311695,0.0011132429251898236,False,False
8214,community (under 1bn),diversified,0.198344,0.018757,0.002785655,0.0004249912055216267,False,False
8218,community (under 1bn),diversified,0.023804,0.004335,0.000626325,0.0010950080468808071,False,False
8231,community (under 1bn),diversified,0.332227,0.038418,0.007713535,0.001755039880152668,False,False
8232,community (under 1bn),diversified,0.587508,0.076687,0.018039115,0.02122033591643109,False,False
8234,community (under 1bn),diversified,0.445157,0.055828,0.010529430000000001,0.005644003549439421,False,False
8235,midsize (1 to 10bn),diversified,2.711794,0.300516,0.074693435,0.06639061399322739,False,False
823,community (under 1bn),mortgage portfolio lender,0.577555,0.090604,0.010861204999999999,0.007966331161318474,False,False
8243,community (under 1bn),diversified,0.192247,0.028601,0.000989955,0.0010757565409951618,False,False
8250,community (under 1bn),diversified,0.228078,0.029727,0.0038994000000000003,0.0016600060091760893,False,False
8251,community (under 1bn),diversified,0.195602,0.025448,0.0032541600000000003,0.0029401806816612723,False,False
8252,midsize (1 to 10bn),diversified,2.358824,0.206158,0.078476765,0.035809466335913726,False,False
8255,midsize (1 to 10bn),diversified,1.184557,0.113862,0.040133524999999996,0.032970918318621395,False,False
8268,community (under 1bn),mortgage portfolio lender,0.082942,0.014273,0.00084268,0.0002020671002512946,False,False
8273,regional (10 to 100bn),diversified,71.898588,6.077596,1.6789533799999998,0.9441900893214097,False,False
8274,community (under 1bn),diversified,0.341506,0.03174,0.00454059,0.01017810178194944,False,False
8276,community (under 1bn),mortgage portfolio lender,0.145001,0.011568,0.00238076,0.001100655240413412,False,False
8283,midsize (1 to 10bn),card-heavy,2.760473,0.199599,0.08837058,0.086354831494124,False,False
8295,community (under 1bn),diversified,0.332566,0.031294,0.007953305,0.007997245248263342,False,False
8296,community (under 1bn),diversified,0.305305,0.026811,0.00848586,0.005521464823505831,False,False
8317,community (under 1bn),diversified,0.165547,0.019764,0.00233461,0.0014439061549118841,False,False
8321,community (under 1bn),diversified,0.650796,0.062646,0.01573189,0.0030072306690823642,False,False
8322,community (under 1bn),diversified,0.285754,0.037182,0.004595515,0.0011308973542021338,False,False
8333,community (under 1bn),diversified,0.078462,0.006985,0.00088896,0.0006001452956677187,False,False
8383,community (under 1bn),diversified,0.094594,0.010382,0.0010382249999999998,0.0006582632682564857,False,False
8386,community (under 1bn),diversified,0.559839,0.057778,0.012709095,0.012576389067093718,False,False
8387,community (under 1bn),diversified,0.694056,0.069346,0.00631086,0.003075626509123938,False,False
8390,community (under 1bn),diversified,0.125127,0.012891,0.001158615,0.00024025749039709518,False,False
8397,community (under 1bn),mortgage portfolio lender,0.060021,0.007992,0.00161845,0.0004262348317912839,False,False
8403,community (under 1bn),diversified,0.093751,0.020099,0.00126081,0.0005883178818588865,False,False
8405,midsize (1 to 10bn),commercial real estate heavy,2.336081,0.207344,0.070342735,0.04752112351120971,False,False
8426,midsize (1 to 10bn),diversified,1.52045,0.130926,0.036122249999999995,0.027079097612407562,False,False
8432,midsize (1 to 10bn),diversified,1.666983,0.1517,0.047164210000000005,0.07335700677269855,False,False
8439,midsize (1 to 10bn),diversified,1.062127,0.103994,0.026549675000000002,0.030956322866226776,False,False
845,community (under 1bn),mortgage portfolio lender,0.368807,0.059861,0.01053131,0.008207755247085224,False,False
8468,midsize (1 to 10bn),commercial real estate heavy,3.185278,0.413216,0.08169837,0.07131209148349783,False,False
847,community (under 1bn),mortgage portfolio lender,0.084714,0.007796,0.001982935,0.0004601922605591399,False,False
8487,community (under 1bn),diversified,0.175056,0.031941,0.0031082049999999997,0.0031040454722452617,False,False
8491,community (under 1bn),diversified,0.203523,0.028199,0.004026805,0.001195678196461565,False,False
8499,community (under 1bn),diversified,0.168688,0.014899,0.001824135,0.0008770671280246467,False,False
8503,community (under 1bn),diversified,0.077185,0.010594,0.000599165,0.00022119978336781755,False,False
8506,community (under 1bn),diversified,0.350557,0.054858,0.0024487199999999997,0.0006344478932057757,False,False
8507,community (under 1bn),diversified,0.078904,0.00892,0.000556615,8.856521147822158e-05,False,False
8510,community (under 1bn),diversified,0.148127,0.013484,0.00148301,0.0006819858091238415,False,False
8511,community (under 1bn),diversified,0.294481,0.029087,0.0021592599999999997,0.0005063136540450415,False,False
8519,community (under 1bn),diversified,0.109022,0.012138,0.000946735,0.00044152038378130886,False,False
8522,community (under 1bn),diversified,0.125922,0.022301,0.00146053,0.0016062511180251799,False,False
8527,community (under 1bn),commercial real estate heavy,0.667023,0.075037,0.016223635,0.003705188338345906,False,False
8531,community (under 1bn),commercial real estate heavy,0.317082,0.029995,0.006323790000000001,0.003659289150754284,False,False
8532,community (under 1bn),diversified,0.105328,0.015472,0.0015401199999999999,0.0002693776969890858,False,False
8533,community (under 1bn),diversified,0.185479,0.025884,0.0032560600000000003,0.0025424728229674473,False,False
8534,community (under 1bn),commercial real estate heavy,0.294905,0.032733,0.004065119999999999,0.008321543524116357,False,False
8536,community (under 1bn),diversified,0.36479,0.026563,0.001947965,0.0022595666331802792,False,False
8537,community (under 1bn),diversified,0.401945,0.045755,0.013066935,0.024372991168975552,False,False
8541,community (under 1bn),diversified,0.154221,0.016242,0.00252827,0.0013931764596169544,False,False
8544,community (under 1bn),diversified,0.359301,0.038578,0.007946935,0.002114868138275022,False,False
8546,community (under 1bn),diversified,0.415465,0.033653,0.014051075000000001,0.003040386843938862,False,False
8552,community (under 1bn),diversified,0.355145,0.033748,0.0056787949999999995,0.002238016778475898,False,False
855,community (under 1bn),diversified,0.135865,0.015915,0.003184075,0.001582982606538619,False,False
8560,community (under 1bn),diversified,0.202081,0.022592,0.007523245,0.001437509658213212,False,False
8564,community (under 1bn),diversified,0.110622,0.025255,0.002802855,0.00046499758680554316,False,False
8569,community (under 1bn),diversified,0.312041,0.031449,0.0037101950000000003,0.004349659095915176,False,False
8572,community (under 1bn),diversified,0.125187,0.014115,0.003701415,0.004032620901413547,False,False
8576,community (under 1bn),diversified,0.600499,0.090979,0.012357495000000001,0.01440744072607357,False,False
8584,community (under 1bn),mortgage portfolio lender,0.073922,0.006688,0.0015568449999999998,0.0014274548288931363,False,False
8594,community (under 1bn),diversified,0.063197,0.009255,0.00075673,0.00037327197093538564,False,False
8595,community (under 1bn),diversified,0.225494,0.020415,0.00771539,0.026960322820577875,False,True
8604,community (under 1bn),diversified,0.046759,0.005608,0.000356145,7.21908694779211e-05,False,False
861,community (under 1bn),mortgage portfolio lender,0.413034,0.037905,0.010974245,0.014431733377536357,False,False
8632,community (under 1bn),diversified,0.080167,0.009617,0.000946185,0.000516810249721706,False,False
8637,community (under 1bn),diversified,0.416153,0.047582,0.00406593,0.004742763749100789,False,False
8640,community (under 1bn),diversified,0.119826,0.013869,0.000662925,0.00015624559645851868,False,False
8647,community (under 1bn),diversified,0.187526,0.017517,0.004227720000000001,0.0032107756398871866,False,False
8660,midsize (1 to 10bn),diversified,1.079676,0.129782,0.023096959999999996,0.007301525626853301,False,False
8661,community (under 1bn),mortgage portfolio lender,0.094796,0.00832,0.003047175,0.003967835713646647,False,False
8663,regional (10 to 100bn),diversified,16.760169,1.654695,0.59923998,0.22693707299439636,False,False
8668,midsize (1 to 10bn),diversified,1.395901,0.128474,0.03418783,0.015101483847098418,False,False
8672,community (under 1bn),mortgage portfolio lender,0.059931,0.006097,0.0010070449999999998,0.0003204282272528299,False,False
8681,community (under 1bn),diversified,0.051124,0.001557,0.00034441999999999996,0.00022065728619883077,True,True
8693,community (under 1bn),diversified,0.152804,0.023416,0.00343525,0.001223226147440516,False,False
8695,community (under 1bn),diversified,0.533754,0.060288,0.0234528,0.03307431212975629,False,False
8698,midsize (1 to 10bn),diversified,1.009818,0.090713,0.03013614,0.02479515995591806,False,False
8700,community (under 1bn),mortgage portfolio lender,0.154207,0.015927,0.0044486099999999995,0.0020126143091498674,False,False
8714,community (under 1bn),diversified,0.574753,0.051241,0.01460745,0.011852827660155184,False,False
8725,community (under 1bn),commercial real estate heavy,0.050259,0.006374,0.0014255500000000003,0.0046264888196753135,False,True
8728,regional (10 to 100bn),diversified,28.053172,2.58917,0.8776293000000001,0.9385213284102225,False,False
8730,community (under 1bn),diversified,0.180978,0.017524,0.00687265,0.001381181856298418,False,False
8735,community (under 1bn),diversified,0.297564,0.030026,0.008905975,0.0047985215118362436,False,False
8738,community (under 1bn),diversified,0.566429,0.066414,0.014196315000000001,0.006342608230705208,False,False
8745,community (under 1bn),diversified,0.836222,0.112449,0.027259195,0.026561504167177966,False,False
8751,community (under 1bn),diversified,0.276508,0.026606,0.00253596,0.000478619623395555,False,False
8752,community (under 1bn),diversified,0.320623,0.032642,0.0049457550000000005,0.0013374542478689106,False,False
8760,community (under 1bn),diversified,0.150493,0.019563,0.00264744,0.0012876690469756991,False,False
8761,community (under 1bn),diversified,0.347219,0.037267,0.0047700699999999995,0.003920567080273716,False,False
8762,community (under 1bn),diversified,0.14985,0.01468,0.003617925,0.0011805920759309703,False,False
876,community (under 1bn),diversified,0.159915,0.029376,0.002227865,0.0007187367950914626,False,False
8772,community (under 1bn),mortgage portfolio lender,0.486925,0.067549,0.011761105000000003,0.0046540626919588865,False,False
8774,midsize (1 to 10bn),diversified,1.591839,0.175268,0.04136028,0.022211746913742548,False,False
8775,community (under 1bn),diversified,0.231103,0.021831,0.005165619999999999,0.00637385566926741,False,False
877,community (under 1bn),diversified,0.198651,0.03114,0.004868015,0.013460603602222483,False,False
8785,community (under 1bn),diversified,0.609826,0.061934,0.01999984,0.006488053821925919,False,False
8798,community (under 1bn),diversified,0.581618,0.081088,0.015257515000000001,0.0141033583560952,False,False
8799,community (under 1bn),diversified,0.067316,0.014017,0.001460535,0.0005051497932828583,False,False
879,community (under 1bn),diversified,0.186213,0.029504,0.003551495,0.00369733998975794,False,False
8811,community (under 1bn),commercial real estate heavy,0.838796,0.112451,0.02654844,0.026514745121507206,False,False
8816,community (under 1bn),mortgage portfolio lender,0.729528,0.085898,0.01836148,0.017604987636346214,False,False
8821,community (under 1bn),diversified,0.233757,0.02446,0.0026626899999999997,0.0012942690573462196,False,False
8824,community (under 1bn),diversified,0.2269,0.032658,0.003874865,0.0008319746532101278,False,False
8833,community (under 1bn),diversified,0.099997,0.010668,0.0008422149999999999,0.001094168253454802,False,False
8842,community (under 1bn),diversified,0.207183,0.016992,0.00467768,0.0008266084860420519,False,False
8843,community (under 1bn),diversified,0.604661,0.072528,0.020339000000000003,0.0035693863668333375,False,False
8845,community (under 1bn),diversified,0.061973,0.008047,0.000542245,0.0002074452971033989,False,False
8850,community (under 1bn),mortgage portfolio lender,0.598527,0.051705,0.018441534999999995,0.0037895120063025055,False,False
8851,midsize (1 to 10bn),diversified,1.492454,0.147126,0.036833885,0.009085340528919848,False,False
8853,community (under 1bn),diversified,0.545208,0.056333,0.017659105,0.006704727369018108,False,False
8857,community (under 1bn),diversified,0.056408,0.005392,0.001312425,0.002243756304472486,False,False
8858,community (under 1bn),diversified,0.068745,0.007918,0.00044089499999999996,7.872555604825985e-05,False,False
8863,community (under 1bn),diversified,0.177492,0.015012,0.005814344999999999,0.009646237532480574,False,True
8865,community (under 1bn),mortgage portfolio lender,0.120859,0.009109,0.003155255,0.0028979063919995145,False,False
8866,midsize (1 to 10bn),diversified,2.881736,0.32861,0.084792145,0.022766691728258855,False,False
8867,community (under 1bn),diversified,0.333896,0.034971,0.006014075000000001,0.0023876613161188187,False,False
8870,midsize (1 to 10bn),diversified,3.30639,0.350717,0.092700155,0.046053746809146534,False,False
8879,midsize (1 to 10bn),diversified,5.089438,0.42444,0.13973101999999998,0.04265686907915818,False,False
8889,community (under 1bn),commercial real estate heavy,0.948967,0.097556,0.037922895000000005,0.036701670987759866,False,False
8892,midsize (1 to 10bn),diversified,1.396624,0.118823,0.05128452,0.01292895152353385,False,False
8893,community (under 1bn),diversified,0.064088,0.005585,0.0023648049999999998,0.001036759009786204,False,False
8896,community (under 1bn),diversified,0.145594,0.013973,0.003967085,0.0012673112953622205,False,False
8898,community (under 1bn),commercial real estate heavy,0.297131,0.036749,0.010846955,0.01679165965179254,False,False
889,community (under 1bn),diversified,0.290751,0.029497,0.008974959999999999,0.02570766281660182,False,True
88,midsize (1 to 10bn),commercial real estate heavy,1.091001,0.126558,0.034662505,0.038053430687883874,False,False
8903,community (under 1bn),commercial real estate heavy,0.908283,0.091832,0.021020335000000005,0.050905476097716534,False,False
8904,midsize (1 to 10bn),diversified,1.616201,0.193172,0.037956575000000006,0.009017341284766183,False,False
893,community (under 1bn),commercial real estate heavy,0.83245,0.140729,0.021784305000000004,0.01756719339989212,False,False
8941,midsize (1 to 10bn),diversified,1.130017,0.117074,0.027203579999999998,0.013136714537359248,False,False
8942,community (under 1bn),diversified,0.332875,0.038459,0.00151184,0.000202684609475575,False,False
8943,community (under 1bn),diversified,0.254278,0.027019,0.0014938299999999998,0.0002736335678584142,False,False
8946,community (under 1bn),diversified,0.043308,0.003832,0.0006944500000000001,0.00019245507120113102,False,False
8975,community (under 1bn),diversified,0.119081,0.011926,0.003728415,0.0010920775851549075,False,False
8980,community (under 1bn),diversified,0.38824,0.048192,0.006949465,0.005763797808048037,False,False
898,community (under 1bn),diversified,0.296291,0.03244,0.006539720000000001,0.004047932807978716,False,False
899,community (under 1bn),diversified,0.10082,0.012883,0.00088723,0.00015066419446170033,False,False
89,midsize (1 to 10bn),diversified,1.631775,0.155706,0.05855802,0.052221783774317736,False,False
90040,community (under 1bn),diversified,0.235278,0.019412,0.0035083000000000002,0.005576785872759153,False,False
9005,community (under 1bn),diversified,0.147482,0.02081,0.0009077399999999999,0.0005263054181968562,False,False
9007,community (under 1bn),diversified,0.154029,0.015332,0.0009151100000000001,0.00014869770085714767,False,False
90140,midsize (1 to 10bn),mortgage portfolio lender,1.00724,0.105085,0.02760757,0.015969588202319602,False,False
90169,midsize (1 to 10bn),diversified,1.621698,0.158156,0.050877635000000004,0.010015817100105202,False,False
90173,midsize (1 to 10bn),mortgage portfolio lender,1.664735,0.158004,0.0535657,0.007918756257876006,False,False
90175,community (under 1bn),diversified,0.782536,0.116075,0.02251224,0.008426094583214918,False,False
90181,community (under 1bn),mortgage portfolio lender,0.7447,0.071924,0.020758469999999998,0.0051808971697648075,False,False
90183,midsize (1 to 10bn),diversified,6.148813,0.82302,0.163524155,0.045676047860668915,False,False
90188,midsize (1 to 10bn),diversified,2.01507,0.197475,0.068658075,0.013179117329457476,False,False
90190,midsize (1 to 10bn),mortgage portfolio lender,1.328004,0.155167,0.04117548,0.009476419784796018,False,False
90191,community (under 1bn),diversified,0.708976,0.074485,0.02631053,0.003639492202889774,False,False
90196,midsize (1 to 10bn),diversified,2.863572,0.23485,0.10206614000000001,0.019718552651812896,False,False
90203,midsize (1 to 10bn),mortgage portfolio lender,1.069781,0.217456,0.026314320000000002,0.004530624258753757,False,False
90206,midsize (1 to 10bn),mortgage portfolio lender,1.522592,0.152091,0.04950494,0.017241249838104277,False,False
90208,midsize (1 to 10bn),diversified,1.121201,0.131336,0.037630079999999996,0.008635754955558657,False,False
90211,midsize (1 to 10bn),diversified,4.556545,0.507369,0.19210470000000002,0.02783865062264907,False,False
90213,midsize (1 to 10bn),diversified,4.622834,0.426415,0.153609265,0.1256798491943723,False,False
90215,midsize (1 to 10bn),diversified,2.770996,0.340186,0.094524465,0.05103796639351696,False,False
90227,midsize (1 to 10bn),diversified,1.900746,0.241549,0.07026244499999999,0.04919181814735106,False,False
90229,community (under 1bn),mortgage portfolio lender,0.302337,0.029281,0.008995985,0.001659008820478895,False,False
90234,community (under 1bn),mortgage portfolio lender,0.262507,0.026875,0.00734081,0.001491573805623639,False,False
90235,midsize (1 to 10bn),mortgage portfolio lender,1.665454,0.202393,0.0501048,0.01833115930063627,False,False
9023,community (under 1bn),diversified,0.980213,0.099745,0.034045769999999996,0.01242182133182803,False,False
90245,community (under 1bn),diversified,0.806333,0.078845,0.02659936,0.005907237177098715,False,False
9024,community (under 1bn),mortgage portfolio lender,0.211736,0.022596,0.005367755,0.0030869060910984243,False,False
90250,midsize (1 to 10bn),mortgage portfolio lender,5.564409,0.687172,0.15411458499999997,0.025050457842336265,False,False
90251,midsize (1 to 10bn),diversified,1.573796,0.155219,0.05755688,0.02041855566593782,False,False
90253,midsize (1 to 10bn),commercial real estate heavy,1.082351,0.157038,0.039506525,0.03096405525125616,False,False
90258,community (under 1bn),mortgage portfolio lender,0.448682,0.048094,0.011336515,0.007326394749784351,False,False
90259,midsize (1 to 10bn),diversified,1.844765,0.203194,0.054739340000000004,0.010135830080972564,False,False
90268,community (under 1bn),mortgage portfolio lender,0.478455,0.059026,0.013605065,0.002015798928160935,False,False
90282,midsize (1 to 10bn),mortgage portfolio lender,2.57434,0.221176,0.08005067,0.041892519796675805,False,False
90290,midsize (1 to 10bn),diversified,3.109431,0.276369,0.09869449,0.1448795575399903,False,False
90291,community (under 1bn),mortgage portfolio lender,0.890995,0.084068,0.02450598,0.004505154777350952,False,False
90297,midsize (1 to 10bn),commercial real estate heavy,1.309969,0.16377,0.046955184999999997,0.01763217668569493,False,False
902,community (under 1bn),diversified,0.384414,0.038068,0.010727765000000002,0.013067468046156154,False,False
90300,midsize (1 to 10bn),diversified,2.727921,0.257436,0.09329588,0.0417945033848307,False,False
90303,midsize (1 to 10bn),diversified,2.523127,0.253817,0.07739120000000001,0.03113716496807492,False,False
90308,midsize (1 to 10bn),mortgage portfolio lender,1.087221,0.102521,0.03719698,0.009402893529348848,False,False
9030,community (under 1bn),mortgage portfolio lender,0.164938,0.017071,0.003056195,0.0007686096519074022,False,False
90311,community (under 1bn),mortgage portfolio lender,0.580268,0.050347,0.019598365,0.004449183891479349,False,False
9035,community (under 1bn),commercial real estate heavy,0.122481,0.012842,0.0035119,0.002798113813105075,False,False
9036,community (under 1bn),diversified,0.136214,0.029217,0.0035543299999999996,0.00572987733232457,False,False
9037,community (under 1bn),diversified,0.550667,0.072002,0.01408083,0.023289291174118616,False,False
90384,community (under 1bn),mortgage portfolio lender,0.417125,0.071425,0.008472719999999998,0.0025288071713433858,False,False
903,midsize (1 to 10bn),commercial real estate heavy,1.328907,0.141885,0.04518799,0.011774820551756389,False,False
9047,community (under 1bn),diversified,0.5944,0.069099,0.006859375,0.0009471626562800483,False,False
90544,regional (10 to 100bn),diversified,10.997999,0.947394,0.0,0.0,False,False
9057,community (under 1bn),diversified,0.144592,0.021744,0.002465435,0.0018025313868800358,False,False
9064,community (under 1bn),commercial real estate heavy,0.485694,0.048987,0.012410265,0.00844906399558951,False,False
9068,community (under 1bn),commercial real estate heavy,0.537913,0.050657,0.017170170000000002,0.014326082907146657,False,False
9069,community (under 1bn),commercial real estate heavy,0.289614,0.033968,0.00733649,0.02880986130284773,False,True
9070,community (under 1bn),diversified,0.087492,0.00877,0.00237421,0.0017112439548673459,False,False
9079,community (under 1bn),diversified,0.331467,0.030461,0.008135729999999999,0.012986777850539427,False,False
9080,community (under 1bn),diversified,0.304847,0.027725,0.009469715,0.006803438624732141,False,False
9087,midsize (1 to 10bn),C and I heavy,9.259143,1.266293,0.28796703500000004,0.13519103898690074,False,False
9096,community (under 1bn),diversified,0.172196,0.020717,0.00294967,0.0012116531368461347,False,False
9099,community (under 1bn),diversified,0.565445,0.071136,0.010434969999999998,0.022392687102327603,False,False
90,community (under 1bn),diversified,0.364047,0.041747,0.010323515,0.00905859120511927,False,False
91005,community (under 1bn),commercial real estate heavy,0.378229,0.063995,0.014058855,0.002957293030117335,False,False
9100,midsize (1 to 10bn),diversified,1.223296,0.104979,0.018823769999999997,0.009760728473470955,False,False
9105,community (under 1bn),diversified,0.222085,0.02657,0.002136515,0.0004673371248355598,False,False
9106,community (under 1bn),diversified,0.072649,0.00892,0.0009838499999999999,0.00013569644036951964,False,False
9120,community (under 1bn),diversified,0.0515,0.005238,0.00029795,0.00024704273018504063,False,False
9121,community (under 1bn),diversified,0.117217,0.009888,0.0014150450000000002,0.000306426295456485,False,False
9123,midsize (1 to 10bn),C and I heavy,2.485275,0.333196,0.09545528,0.10434068195373111,False,False
91280,community (under 1bn),diversified,0.252866,0.021821,0.005774665,0.004599888914692981,False,False
91325,community (under 1bn),diversified,0.412828,0.176805,0.0,0.0,False,False
9137,community (under 1bn),C and I heavy,0.485771,0.048323,0.012319799999999999,0.008452147183886094,False,False
9139,midsize (1 to 10bn),diversified,1.295187,0.131738,0.03741015,0.034660861951203784,False,False
913,large (100 to 700bn),diversified,178.566494,11.084352,0.715563475,0.1718322327387277,False,False
9155,community (under 1bn),diversified,0.732955,0.065491,0.017407370000000002,0.007389480064691383,False,False
9168,community (under 1bn),diversified,0.59512,0.07962,0.015335525000000001,0.009353493805265059,False,False
9172,midsize (1 to 10bn),diversified,1.698276,0.180046,0.04646803,0.008802801601998006,False,False
9176,midsize (1 to 10bn),mortgage portfolio lender,1.456375,0.207802,0.040936995,0.04368317270538349,False,False
9179,community (under 1bn),mortgage portfolio lender,0.098059,0.012949,0.002229985,0.001825165717657392,False,False
9189,community (under 1bn),mortgage portfolio lender,0.051038,0.005251,0.0010770999999999999,0.0017759662204755258,False,False
9196,community (under 1bn),mortgage portfolio lender,0.123957,0.012901,0.0025651000000000003,0.0012206444280946764,False,False
9204,midsize (1 to 10bn),commercial real estate heavy,2.164532,0.331318,0.06635315,0.14643167395714335,False,False
9244,community (under 1bn),diversified,0.444247,0.049246,0.007118185,0.007584390398580164,False,False
9245,community (under 1bn),mortgage portfolio lender,0.446778,0.045509,0.00689914,0.004363660699483081,False,False
9259,community (under 1bn),diversified,0.232056,0.027167,0.002979085,0.004245539349440504,False,False
925,community (under 1bn),commercial real estate heavy,0.116156,0.014321,0.0036728950000000002,0.0008292753953885536,False,False
9263,community (under 1bn),diversified,0.645634,0.060273,0.011816675,0.001868133811951639,False,False
9265,community (under 1bn),diversified,0.134757,0.02025,0.0008825650000000001,0.0001945145487661504,False,False
926,community (under 1bn),diversified,0.587626,0.064551,0.0067110550000000005,0.01966349881642639,False,False
9273,community (under 1bn),diversified,0.085865,0.010747,0.0018525000000000002,0.0022471044632055683,False,False
9288,midsize (1 to 10bn),diversified,1.087178,0.108866,0.017025235,0.006167176592385528,False,False
9295,community (under 1bn),diversified,0.036679,0.005136,0.00043519,0.00012213123209877985,False,False
9298,community (under 1bn),C and I heavy,0.616834,0.07613,0.01715906,0.007373864485193804,False,False
9299,community (under 1bn),diversified,0.276805,0.027229,0.004315085,0.0014681265822759832,False,False
9300,community (under 1bn),diversified,0.148288,0.029542,0.001590325,0.0006689310211686997,False,False
9306,community (under 1bn),diversified,0.220385,0.028143,0.00418312,0.005925162528236498,False,False
9309,community (under 1bn),diversified,0.353663,0.045122,0.00944442,0.01049140674288584,False,False
9310,community (under 1bn),mortgage portfolio lender,0.216129,0.021956,0.00586439,0.0012123107282645928,False,False
9313,community (under 1bn),mortgage portfolio lender,0.175556,0.026607,0.0032354050000000002,0.002102852286812152,False,False
9315,community (under 1bn),mortgage portfolio lender,0.163993,0.027815,0.0031259200000000003,0.0018116509580861269,False,False
9319,community (under 1bn),diversified,0.541448,0.061445,0.011264409999999999,0.003820107931673166,False,False
931,community (under 1bn),diversified,0.056922,0.005267,0.00016920500000000002,4.88646681814622e-05,False,False
9320,community (under 1bn),diversified,0.237366,0.028943,0.00664373,0.0028816106513995634,False,False
9323,community (under 1bn),diversified,0.155972,0.022484,0.001809495,0.0011908429529752626,False,False
9325,midsize (1 to 10bn),diversified,1.298497,0.09945,0.00288235,0.0003345661606114111,False,False
9326,community (under 1bn),diversified,0.309213,0.033451,0.009412679999999998,0.002024643541405698,False,False
9328,community (under 1bn),diversified,0.08611,0.009643,0.002862575,0.001239811275041199,False,False
9330,community (under 1bn),diversified,0.110418,0.012351,0.0019869650000000003,0.0010046584931040076,False,False
9332,community (under 1bn),diversified,0.085517,0.011928,0.001276245,0.00015678913028513726,False,False
9336,community (under 1bn),diversified,0.180793,0.044577,0.00010229000000000001,0.00015177981498381944,False,False
9340,community (under 1bn),diversified,0.083459,0.011368,0.00145633,0.0004143987159008846,False,False
9349,community (under 1bn),diversified,0.041028,0.003441,0.00020938999999999997,8.483060972049705e-05,False,False
9351,community (under 1bn),mortgage portfolio lender,0.046999,0.005111,0.0008702950000000001,0.00035708671050808694,False,False
9354,community (under 1bn),diversified,0.036884,0.005006,0.00022643999999999995,0.00010832903292737227,False,False
9356,community (under 1bn),diversified,0.295482,0.03231,0.007560120000000001,0.0109883472843907,False,False
9359,midsize (1 to 10bn),diversified,1.134517,0.144093,0.018061394999999997,0.006054429744127196,False,False
9366,community (under 1bn),commercial real estate heavy,0.503471,0.057699,0.016352984999999997,0.020203332805940857,False,False
9369,community (under 1bn),diversified,0.509944,0.067625,0.01229368,0.005623575480952933,False,False
9378,community (under 1bn),diversified,0.481005,0.052416,0.011672529999999999,0.007451422667494,False,False
9385,community (under 1bn),diversified,0.116748,0.013143,0.00035537,6.031845251257595e-05,False,False
9388,community (under 1bn),diversified,0.211448,0.025752,0.005846619999999999,0.004679498121275857,False,False
9392,community (under 1bn),diversified,0.240976,0.034609,0.006391800000000001,0.00474128114650109,False,False
9396,regional (10 to 100bn),diversified,66.227555,6.527141,2.3259985650000004,0.9440450014747437,False,False
93,community (under 1bn),mortgage portfolio lender,0.073912,0.008462,0.002265175,0.0007445333546151307,False,False
9406,community (under 1bn),commercial real estate heavy,0.030989,0.003495,0.00083087,0.0001438545370322976,False,False
9410,community (under 1bn),mortgage portfolio lender,0.625189,0.07289,0.01565338,0.0033994403920001976,False,False
9417,community (under 1bn),diversified,0.046656,0.006557,5.85e-05,8.099623007128544e-06,False,False
9420,community (under 1bn),diversified,0.312172,0.032499,0.0035181150000000005,0.000880384188700596,False,False
9422,community (under 1bn),diversified,0.072112,0.007698,0.001115065,0.0006637872087206188,False,False
9423,midsize (1 to 10bn),diversified,6.383512,0.67002,0.118487415,0.014888918264870354,False,False
9437,midsize (1 to 10bn),diversified,1.240816,0.130041,0.023781085,0.00774902937439984,False,False
9438,community (under 1bn),diversified,0.023402,0.002503,0.00042238,0.0001413022382163421,False,False
9439,community (under 1bn),mortgage portfolio lender,0.071855,0.009488,0.0011942699999999999,0.0004257794751108946,False,False
9450,community (under 1bn),auto-heavy,0.278431,0.100583,0.01170348,0.009759810775006362,False,False
9457,midsize (1 to 10bn),diversified,1.172039,0.132715,0.03313246,0.013553928095231132,False,False
9462,community (under 1bn),commercial real estate heavy,0.3594,0.04376,0.0132909,0.007241560696198217,False,False
9463,community (under 1bn),diversified,0.871724,0.078509,0.02210385,0.014610391018163514,False,False
9465,community (under 1bn),diversified,0.601348,0.086745,0.008060610000000001,0.009462053139620978,False,False
9467,community (under 1bn),mortgage portfolio lender,0.302589,0.026152,0.010815255,0.001620829924195852,False,False
9472,community (under 1bn),diversified,0.449812,0.045574,0.00760568,0.006140279107533404,False,False
9486,community (under 1bn),commercial real estate heavy,0.266417,0.034234,0.007871995,0.002055956478478424,False,False
9489,community (under 1bn),diversified,0.445335,0.055378,0.014830595000000002,0.009996598814042301,False,False
9499,midsize (1 to 10bn),diversified,1.110596,0.102263,0.017167904999999997,0.03938608135468995,False,False
9502,community (under 1bn),commercial real estate heavy,0.165482,0.018118,0.004999615000000001,0.006381872241431366,False,False
9507,community (under 1bn),mortgage portfolio lender,0.634069,0.07225,0.015271569999999998,0.00881025148501071,False,False
950,community (under 1bn),diversified,0.470727,0.053955,0.006948755,0.01128444942798173,False,False
9517,community (under 1bn),diversified,0.246464,0.023127,0.006287615,0.0029536034099624906,False,False
951,community (under 1bn),diversified,0.271111,0.035185,0.0039407,0.0038025996767048565,False,False
9523,community (under 1bn),diversified,0.191212,0.019962,0.006710649999999999,0.006923523068996221,False,False
9526,community (under 1bn),mortgage portfolio lender,0.149137,0.016826,0.0037051799999999998,0.0007442448974808133,False,False
9529,community (under 1bn),diversified,0.328079,0.056449,0.0075975899999999996,0.007979084031081505,False,False
9536,community (under 1bn),commercial real estate heavy,0.667468,0.065465,0.01619097,0.011777568444214407,False,False
953,midsize (1 to 10bn),commercial real estate heavy,7.832471,0.800493,0.27140866,0.25174950658321466,False,False
954,community (under 1bn),diversified,0.274629,0.039573,0.00184462,0.0025981515614323576,False,False
955,community (under 1bn),diversified,0.54091,0.053974,0.016717009999999997,0.05442300497044289,False,True
956,community (under 1bn),diversified,0.352857,0.043891,0.006201715,0.0014642474798372248,False,False
958,midsize (1 to 10bn),diversified,2.49575,0.263994,0.01549356,0.017695722798589913,False,False
9614,community (under 1bn),diversified,0.111299,0.014923,0.0036285249999999996,0.0014740188971498168,False,False
9615,community (under 1bn),diversified,0.149999,0.014572,0.00209672,0.0015659718112780699,False,False
9620,community (under 1bn),diversified,0.810512,0.079712,0.01862454,0.023721097115360502,False,False
9622,midsize (1 to 10bn),diversified,4.447362,0.446422,0.10323157000000001,0.11204879554250938,False,False
9631,community (under 1bn),diversified,0.414471,0.036837,0.0061579600000000005,0.005068581789934434,False,False
9632,community (under 1bn),diversified,0.897175,0.076486,0.02648951,0.03262508209472692,False,False
963,community (under 1bn),diversified,0.28772,0.03202,0.00378713,0.0016171832050625482,False,False
9647,community (under 1bn),diversified,0.690633,0.068201,0.02245612,0.012097612073625922,False,False
9658,community (under 1bn),diversified,0.096667,0.010834,0.0022651700000000004,0.0019632275016039404,False,False
9659,community (under 1bn),diversified,0.147976,0.019231,0.0025696,0.0015482051432624165,False,False
9661,community (under 1bn),diversified,0.069766,0.011753,0.001034165,0.0011855286223603804,False,False
9665,community (under 1bn),diversified,0.339531,0.040699,0.011997490000000001,0.008869324345075091,False,False
9669,community (under 1bn),mortgage portfolio lender,0.119766,0.013783,0.0024871800000000003,0.0019179798172871,False,False
9672,community (under 1bn),diversified,0.104061,0.010106,0.0012074199999999998,0.0009433764793419404,False,False
9678,midsize (1 to 10bn),diversified,1.152722,0.128301,0.037619505,0.008684294294923622,False,False
968,community (under 1bn),diversified,0.26643,0.028535,0.0012077849999999998,0.0012409860954770541,False,False
969,community (under 1bn),diversified,0.169642,0.024633,0.002129405,0.00038104658890974043,False,False
9712,regional (10 to 100bn),diversified,24.968842,2.775808,0.809834205,0.2650368417353127,False,False
9719,community (under 1bn),commercial real estate heavy,0.930519,0.109402,0.035175040000000005,0.0298489513228914,False,False
9727,community (under 1bn),diversified,0.088254,0.009132,0.00216564,0.0009754673026509667,False,False
9728,community (under 1bn),mortgage portfolio lender,0.161749,0.01251,0.004210424999999999,0.002359160952621487,False,False
9733,community (under 1bn),mortgage portfolio lender,0.085029,0.006703,0.00292395,0.00047180854270327424,False,False
9735,community (under 1bn),diversified,0.124245,0.012449,0.0011716300000000001,0.0004583214755282651,False,False
9737,community (under 1bn),diversified,0.984523,0.093479,0.03405972,0.024099123430493814,False,False
9745,community (under 1bn),diversified,0.218894,0.026857,0.00465857,0.0016666710387570937,False,False
9746,community (under 1bn),diversified,0.164733,0.017989,0.00469218,0.006082223447905534,False,False
9747,community (under 1bn),diversified,0.060674,0.00898,0.0014351400000000001,0.00023925323776691567,False,False
9751,community (under 1bn),commercial real estate heavy,0.89483,0.095589,0.03360742,0.04212444846277009,False,False
9752,community (under 1bn),diversified,0.045406,0.007059,0.00047508999999999995,9.178469787203898e-05,False,False
9760,community (under 1bn),diversified,0.538319,0.051139,0.021679260000000002,0.003280378898763865,False,False
9769,community (under 1bn),mortgage portfolio lender,0.146091,0.009554,0.004038405,0.005170619404154237,True,True
976,community (under 1bn),diversified,0.1146,0.013552,0.00138974,0.0008192818527241246,False,False
9770,community (under 1bn),diversified,0.409937,0.040786,0.00591216,0.0016287677364771535,False,False
9773,community (under 1bn),diversified,0.13835,0.022978,0.002573655,0.006666968365712288,False,False
9775,community (under 1bn),diversified,0.341645,0.031323,0.007895905,0.002234768867324895,False,False
9777,community (under 1bn),diversified,0.098552,0.014047,0.00133904,0.0018672361995009637,False,False
977,community (under 1bn),commercial real estate heavy,0.638618,0.087334,0.02208985,0.036583965542188394,False,False
9788,community (under 1bn),diversified,0.390185,0.035502,0.010405810000000001,0.004842882616435985,False,False
9791,community (under 1bn),mortgage portfolio lender,0.163792,0.016806,0.003558214999999999,0.001261373943801733,False,False
9803,community (under 1bn),mortgage portfolio lender,0.667099,0.091656,0.016119565,0.01606836334794681,False,False
9812,community (under 1bn),diversified,0.070161,0.01128,0.0007921,0.00028108526764635607,False,False
9818,community (under 1bn),diversified,0.107243,0.014822,0.00081372,0.0002446457791944936,False,False
9819,community (under 1bn),diversified,0.074131,0.012339,9.7395e-05,1.4365012473057627e-05,False,False
9822,community (under 1bn),diversified,0.150405,0.014413,0.00218686,0.0014293771988364524,False,False
982,community (under 1bn),diversified,0.553623,0.061899,0.007204895,0.016540346058634903,False,False
9831,community (under 1bn),diversified,0.46306,0.069233,0.013031580000000001,0.018726781610228074,False,False
9846,large (100 to 700bn),diversified,548.346,52.035,11.569899999999999,11.730084574293818,False,False
9871,community (under 1bn),diversified,0.435566,0.059631,0.008043870000000002,0.0013617497949092163,False,False
9875,community (under 1bn),diversified,0.061018,0.005646,0.00208366,0.00030091686970614437,False,False
9879,community (under 1bn),mortgage portfolio lender,0.061471,0.005976,0.0007126899999999999,0.0005376512475383503,False,False
9881,community (under 1bn),diversified,0.166936,0.01296,0.0056711800000000005,0.004165064964088449,False,False
9888,midsize (1 to 10bn),commercial real estate heavy,1.194923,0.140176,0.04172954500000001,0.040634799715106994,False,False
9889,midsize (1 to 10bn),commercial real estate heavy,7.038845,0.710322,0.24815171500000002,0.047559478217431284,False,False
9923,midsize (1 to 10bn),diversified,2.380274,0.214221,0.094601345,0.14284716795489039,False,True
9932,community (under 1bn),diversified,0.26043,0.030838,0.0028620399999999997,0.003371263544480888,False,False
9935,community (under 1bn),diversified,0.357097,0.029196,0.00381846,0.0010526667095215464,False,False
9967,community (under 1bn),commercial real estate heavy,0.637822,0.069437,0.021753735,0.012419718749511595,False,False
9978,midsize (1 to 10bn),commercial real estate heavy,1.684362,0.284964,0.028194975,0.029680051436915014,False,False
9986,community (under 1bn),mortgage portfolio lender,0.09296,0.015859,0.0020680399999999997,0.00039378531661945126,False,False
9997,community (under 1bn),mortgage portfolio lender,0.566071,0.048315,0.016054005,0.007642843616196391,False,False
9998,community (under 1bn),diversified,0.244166,0.023567,0.006822665,0.006822473953039886,False,False
999,community (under 1bn),mortgage portfolio lender,0.122764,0.011467,0.0009394049999999999,0.0005025792958278346,False,False
99,community (under 1bn),diversified,0.201031,0.027215,0.004994315,0.001076442178522531,False,False
