year,claim_class,level_bn,beta_central,beta_second,fed_total,federal_direct,federal_fallback,federal_reserve,gse_agency_guarantee,federal_retirement_funds
1947,home_mortgage,28.267,0.8402229999999999,0.8402229999999999,0.02211058831853398,0.02211058831853398,0.0,0.0,0.0,0.0
1947,credit_card,0.0,0.74,0.74,0.0,0.0,0.0,0.0,0.0,0.0
1947,auto_loan,1.897,0.7737,0.7737,0.0,0.0,0.0,0.0,0.0,0.0
1947,student_loan,0.0,0.8832,0.8832,0.0,0.0,0.0,0.0,0.0,0.0
1947,other_consumer,11.401,0.815554294879353,0.815554294879353,0.0,0.0,0.0,0.0,0.0,0.0
1947,multifamily_mortgage,5.787,0.7275400000000001,0.7275400000000001,0.0010368066355624676,0.0010368066355624676,0.0,0.0,0.0,0.0
1947,treasury,224.83,0.39353615907881456,0.39353615907881456,0.1311419042052058,0.0,0.0,0.1292794186752857,0.001862485529920114,0.0
1947,state_local_debt,14.313,0.05048324806252124,0.05048324806252124,0.0,0.0,0.0,0.0,0.0,0.0
1947,corporate_bonds,27.671,0.0,0.0,0.0,0.0,0.0,0.0,0.0,0.0
1947,corporate_loans,18.615,0.0,0.0,0.0,0.0,0.0,0.0,0.0,0.0
1947,noncorporate_business_debt,6.088,0.0,0.0,0.0,0.0,0.0,0.0,0.0,0.0
1947,commercial_mortgage,10.08,0.0,0.0,0.0006944444444444445,0.0006944444444444445,0.0,0.0,0.0,0.0
1947,corporate_equity,95.116,0.0,0.0,0.0,0.0,0.0,0.0,0.0,0.0
1948,home_mortgage,33.422,0.8402229999999999,0.8402229999999999,0.021243492310454193,0.021243492310454193,0.0,0.0,0.0,0.0
1948,credit_card,0.0,0.74,0.74,0.0,0.0,0.0,0.0,0.0,0.0
1948,auto_loan,2.965,0.7737,0.7737,0.0,0.0,0.0,0.0,0.0,0.0
1948,student_loan,0.0,0.8832,0.8832,0.0,0.0,0.0,0.0,0.0,0.0
1948,other_consumer,13.367,0.815554294879353,0.815554294879353,0.0,0.0,0.0,0.0,0.0,0.0
1948,multifamily_mortgage,6.662,0.7275400000000001,0.7275400000000001,0.0012008405884118883,0.0012008405884118883,0.0,0.0,0.0,0.0
1948,treasury,219.097,0.3641410148270039,0.3641410148270039,0.14299541303707444,0.0,0.0,0.14027209166711754,0.0027233213699568957,0.0
1948,state_local_debt,15.717,0.050709098797985276,0.050709098797985276,0.0,0.0,0.0,0.0,0.0,0.0
1948,corporate_bonds,31.971,0.0,0.0,0.0,0.0,0.0,0.0,0.0,0.0
1948,corporate_loans,19.305,0.0,0.0,0.0,0.0,0.0,0.0,0.0,0.0
1948,noncorporate_business_debt,6.516,0.0,0.0,0.0,0.0,0.0,0.0,0.0,0.0
1948,commercial_mortgage,11.196,0.0,0.0,0.0006252232940335835,0.0006252232940335835,0.0,0.0,0.0,0.0
1948,corporate_equity,94.141,0.0,0.0,0.0,0.0,0.0,0.0,0.0,0.0
1949,home_mortgage,37.406,0.8402229999999999,0.8402229999999999,0.02210875260653371,0.02210875260653371,0.0,0.0,0.0,0.0
1949,credit_card,0.0,0.74,0.74,0.0,0.0,0.0,0.0,0.0,0.0
1949,auto_loan,4.478,0.7737,0.7737,0.0,0.0,0.0,0.0,0.0,0.0
1949,student_loan,0.0,0.8832,0.8832,0.0,0.0,0.0,0.0,0.0,0.0
1949,other_consumer,14.896,0.815554294879353,0.815554294879353,0.0,0.0,0.0,0.0,0.0,0.0
1949,multifamily_mortgage,7.829,0.7275400000000001,0.7275400000000001,0.0035764465448971773,0.0035764465448971773,0.0,0.0,0.0,0.0
1949,treasury,222.625,0.37169233465496654,0.37169233465496654,0.11552525602571609,0.0,0.0,0.11283653788702602,0.0026887181386900565,0.0
1949,state_local_debt,16.618,0.055181211777356076,0.055181211777356076,0.0,0.0,0.0,0.0,0.0,0.0
1949,corporate_bonds,34.874,0.0,0.0,0.0,0.0,0.0,0.0,0.0,0.0
1949,corporate_loans,17.34,0.0,0.0,0.0,0.0,0.0,0.0,0.0,0.0
1949,noncorporate_business_debt,6.637,0.0,0.0,0.0,0.0,0.0,0.0,0.0,0.0
1949,commercial_mortgage,11.865,0.0,0.0,0.0,0.0,0.0,0.0,0.0,0.0
1949,corporate_equity,103.822,0.0,0.0,0.0,0.0,0.0,0.0,0.0,0.0
1950,home_mortgage,45.25,0.8402229999999999,0.8402229999999999,0.030276243093922652,0.030276243093922652,0.0,0.0,0.0,0.0
1950,credit_card,0.0,0.74,0.74,0.0,0.0,0.0,0.0,0.0,0.0
1950,auto_loan,6.015,0.7737,0.7737,0.0,0.0,0.0,0.0,0.0,0.0
1950,student_loan,0.0,0.8832,0.8832,0.0,0.0,0.0,0.0,0.0,0.0
1950,other_consumer,17.932,0.815554294879353,0.815554294879353,0.0,0.0,0.0,0.0,0.0,0.0
1950,multifamily_mortgage,9.301,0.7275400000000001,0.7275400000000001,0.004300612837329319,0.004300612837329319,0.0,0.0,0.0,0.0
1950,treasury,222.852,0.3255729659481979,0.3255729659481979,0.12667134974813427,0.0,0.0,0.12443187617452282,0.002239473573611436,0.0
1950,state_local_debt,21.21,0.05481007820601828,0.05481007820601828,0.0,0.0,0.0,0.0,0.0,0.0
1950,corporate_bonds,36.498,0.0,0.0,0.0,0.0,0.0,0.0,0.0,0.0
1950,corporate_loans,21.307,0.0,0.0,0.0,0.0,0.0,0.0,0.0,0.0
1950,noncorporate_business_debt,7.933,0.0,0.0,0.0,0.0,0.0,0.0,0.0,0.0
1950,commercial_mortgage,12.486,0.0,0.0,0.0004004485023226013,0.00040044850232260124,0.0,0.0,0.0,0.0
1950,corporate_equity,126.681,0.0,0.0,0.0,0.0,0.0,0.0,0.0,0.0
1951,home_mortgage,51.792,0.8402229999999999,0.8402229999999999,0.038384306456595615,0.038384306456595615,0.0,0.0,0.0,0.0
1951,credit_card,0.0,0.74,0.74,0.0,0.0,0.0,0.0,0.0,0.0
1951,auto_loan,5.958,0.7737,0.7737,0.0,0.0,0.0,0.0,0.0,0.0
1951,student_loan,0.0,0.8832,0.8832,0.0,0.0,0.0,0.0,0.0,0.0
1951,other_consumer,19.392,0.815554294879353,0.815554294879353,0.0,0.0,0.0,0.0,0.0,0.0
1951,multifamily_mortgage,10.642,0.7275400000000001,0.7275400000000001,0.0056380379627889495,0.0056380379627889495,0.0,0.0,0.0,0.0
1951,treasury,223.261,0.3478274906269775,0.3478274906269775,0.14413982138465875,0.0,0.0,0.14157275066425953,0.0025670707203992154,0.0
1951,state_local_debt,23.586,0.05654391094580046,0.05654391094580046,0.0,0.0,0.0,0.0,0.0,0.0
1951,corporate_bonds,39.792,0.0,0.0,0.0,0.0,0.0,0.0,0.0,0.0
1951,corporate_loans,25.846,0.0,0.0,0.0,0.0,0.0,0.0,0.0,0.0
1951,noncorporate_business_debt,9.226,0.0,0.0,0.0,0.0,0.0,0.0,0.0,0.0
1951,commercial_mortgage,13.488,0.0,0.0,0.00037069988137603796,0.00037069988137603796,0.0,0.0,0.0,0.0
1951,corporate_equity,147.629,0.0,0.0,0.0,0.0,0.0,0.0,0.0,0.0
1952,home_mortgage,58.416,0.8402229999999999,0.8402229999999999,0.04199192002191181,0.04199192002191181,0.0,0.0,0.0,0.0
1952,credit_card,0.0,0.74,0.74,0.0,0.0,0.0,0.0,0.0,0.0
1952,auto_loan,7.635,0.7737,0.7737,0.0,0.0,0.0,0.0,0.0,0.0
1952,student_loan,0.0,0.8832,0.8832,0.0,0.0,0.0,0.0,0.0,0.0
1952,other_consumer,22.887,0.815554294879353,0.815554294879353,0.0,0.0,0.0,0.0,0.0,0.0
1952,multifamily_mortgage,11.481,0.7275400000000001,0.7275400000000001,0.006445431582614755,0.006445431582614755,0.0,0.0,0.0,0.0
1952,treasury,229.203,0.380833014109528,0.380833014109528,0.14292706518509024,0.0,0.0,0.14004276915726116,0.0028842960278290864,0.0
1952,state_local_debt,30.795,0.056998110497804524,0.056998110497804524,0.0,0.0,0.0,0.0,0.0,0.0
1952,corporate_bonds,44.497,0.0,0.0,0.0,0.0,0.0,0.0,0.0,0.0
1952,corporate_loans,27.137,0.0,0.0,0.0,0.0,0.0,0.0,0.0,0.0
1952,noncorporate_business_debt,9.938,0.0,0.0,0.0,0.0,0.0,0.0,0.0,0.0
1952,commercial_mortgage,14.397,0.0,0.0,0.00041675349031048136,0.00041675349031048136,0.0,0.0,0.0,0.0
1952,corporate_equity,146.628,0.0,0.0,0.0,0.0,0.0,0.0,0.0,0.0
1953,home_mortgage,65.938,0.8402229999999999,0.8402229999999999,0.04102338560465892,0.04102338560465892,0.0,0.0,0.0,0.0
1953,credit_card,0.0,0.74,0.74,0.0,0.0,0.0,0.0,0.0,0.0
1953,auto_loan,9.685,0.7737,0.7737,0.0,0.0,0.0,0.0,0.0,0.0
1953,student_loan,0.0,0.8832,0.8832,0.0,0.0,0.0,0.0,0.0,0.0
1953,other_consumer,24.929,0.815554294879353,0.815554294879353,0.0,0.0,0.0,0.0,0.0,0.0
1953,multifamily_mortgage,12.121,0.7275400000000001,0.7275400000000001,0.015180265654648957,0.015180265654648958,0.0,0.0,0.0,0.0
1953,treasury,235.126,0.3777087868369045,0.3777087868369045,0.14651554741140407,0.0,0.0,0.14318436322915606,0.003331184182248012,0.0
1953,state_local_debt,35.786,0.055848013714410755,0.055848013714410755,0.0,0.0,0.0,0.0,0.0,0.0
1953,corporate_bonds,48.012,0.0,0.0,0.0,0.0,0.0,0.0,0.0,0.0
1953,corporate_loans,27.099,0.0,0.0,0.0,0.0,0.0,0.0,0.0,0.0
1953,noncorporate_business_debt,9.533,0.0,0.0,0.0,0.0,0.0,0.0,0.0,0.0
1953,commercial_mortgage,15.564,0.0,0.0,0.0010922641994345927,0.0010922641994345927,0.0,0.0,0.0,0.0
1953,corporate_equity,144.082,0.0,0.0,0.0,0.0,0.0,0.0,0.0,0.0
1954,home_mortgage,75.356,0.8402229999999999,0.8402229999999999,0.03675885131907214,0.03675885131907214,0.0,0.0,0.0,0.0
1954,credit_card,0.0,0.74,0.74,0.0,0.0,0.0,0.0,0.0,0.0
1954,auto_loan,9.747,0.7737,0.7737,0.0,0.0,0.0,0.0,0.0,0.0
1954,student_loan,0.0,0.8832,0.8832,0.0,0.0,0.0,0.0,0.0,0.0
1954,other_consumer,26.216,0.815554294879353,0.815554294879353,0.0,0.0,0.0,0.0,0.0,0.0
1954,multifamily_mortgage,12.665,0.7275400000000001,0.7275400000000001,0.021160679036715358,0.021160679036715358,0.0,0.0,0.0,0.0
1954,treasury,237.857,0.3982009918464257,0.3982009918464257,0.1441590303138933,0.0,0.0,0.13940358031053257,0.004755450003360742,0.0
1954,state_local_debt,41.102,0.057342555396861936,0.057342555396861936,0.0,0.0,0.0,0.0,0.0,0.0
1954,corporate_bonds,51.547,0.0,0.0,0.0,0.0,0.0,0.0,0.0,0.0
1954,corporate_loans,26.66,0.0,0.0,0.0,0.0,0.0,0.0,0.0,0.0
1954,noncorporate_business_debt,10.065,0.0,0.0,0.0,0.0,0.0,0.0,0.0,0.0
1954,commercial_mortgage,17.313,0.0,0.0,0.0005198405822214521,0.0005198405822214521,0.0,0.0,0.0,0.0
1954,corporate_equity,194.84,0.0,0.0,0.0,0.0,0.0,0.0,0.0,0.0
1955,home_mortgage,87.936,0.8402229999999999,0.8402229999999999,0.034286299126637554,0.033308315138282384,0.0,0.0,0.0009779839883551674,0.0
1955,credit_card,0.0,0.74,0.74,0.0,0.0,0.0,0.0,0.0,0.0
1955,auto_loan,13.471,0.7737,0.7737,0.0,0.0,0.0,0.0,0.0,0.0
1955,student_loan,0.0,0.8832,0.8832,0.0,0.0,0.0,0.0,0.0,0.0
1955,other_consumer,29.478,0.815554294879353,0.815554294879353,0.0,0.0,0.0,0.0,0.0,0.0
1955,multifamily_mortgage,13.491,0.7275400000000001,0.7275400000000001,0.028391401037805783,0.02839140103780578,0.0,0.0,0.0,0.0
1955,treasury,238.466,0.38496718447613776,0.38496718447613776,0.14213559759581118,0.0,0.0,0.13688274809331666,0.005252849502494542,0.0
1955,state_local_debt,46.148,0.05971512455385823,0.05971512455385823,0.0,0.0,0.0,0.0,0.0,0.0
1955,corporate_bonds,54.564,0.0,0.0,0.0,0.0,0.0,0.0,0.0,0.0
1955,corporate_loans,30.457,0.0,0.0,0.0,0.0,0.0,0.0,0.0,0.0
1955,noncorporate_business_debt,11.688,0.0,0.0,0.0,0.0,0.0,0.0,0.0,0.0
1955,commercial_mortgage,19.376,0.0,0.0,0.0015483870967741935,0.0015483870967741935,0.0,0.0,0.0,0.0
1955,corporate_equity,244.222,0.0,0.0,0.0,0.0,0.0,0.0,0.0,0.0
1956,home_mortgage,98.745,0.8402229999999999,0.8402229999999999,0.03578915388120917,0.029216669198440424,0.0,0.0,0.006572484682768748,0.0
1956,credit_card,0.0,0.74,0.74,0.0,0.0,0.0,0.0,0.0,0.0
1956,auto_loan,14.484,0.7737,0.7737,0.0,0.0,0.0,0.0,0.0,0.0
1956,student_loan,0.0,0.8832,0.8832,0.0,0.0,0.0,0.0,0.0,0.0
1956,other_consumer,32.096,0.815554294879353,0.815554294879353,0.0,0.0,0.0,0.0,0.0,0.0
1956,multifamily_mortgage,14.064,0.7275400000000001,0.7275400000000001,0.030290102389078498,0.030290102389078498,0.0,0.0,0.0,0.0
1956,treasury,233.683,0.3998697129641593,0.3998697129641593,0.14965505656377254,0.0,0.0,0.14255345030323743,0.007101606260535111,0.0
1956,state_local_debt,50.381,0.060498726858327516,0.060498726858327516,0.0,0.0,0.0,0.0,0.0,0.0
1956,corporate_bonds,58.04,0.0,0.0,0.0,0.0,0.0,0.0,0.0,0.0
1956,corporate_loans,35.794,0.0,0.0,0.0,0.0,0.0,0.0,0.0,0.0
1956,noncorporate_business_debt,12.6,0.0,0.0,0.0,0.0,0.0,0.0,0.0,0.0
1956,commercial_mortgage,21.803,0.0,0.0,0.0016970141723616017,0.0016970141723616017,0.0,0.0,0.0,0.0
1956,corporate_equity,268.373,0.0,0.0,0.0,0.0,0.0,0.0,0.0,0.0
1957,home_mortgage,107.374,0.8402229999999999,0.8402229999999999,0.0436511632238717,0.028414700020489132,0.0,0.0,0.015236463203382568,0.0
1957,credit_card,0.0,0.74,0.74,0.0,0.0,0.0,0.0,0.0,0.0
1957,auto_loan,15.472,0.7737,0.7737,0.0,0.0,0.0,0.0,0.0,0.0
1957,student_loan,0.0,0.8832,0.8832,0.0,0.0,0.0,0.0,0.0,0.0
1957,other_consumer,33.745,0.815554294879353,0.815554294879353,0.0,0.0,0.0,0.0,0.0,0.0
1957,multifamily_mortgage,14.611,0.7275400000000001,0.7275400000000001,0.0320991034152351,0.0320991034152351,0.0,0.0,0.0,0.0
1957,treasury,231.465,0.41600432121469394,0.41600432121469394,0.14467857288338776,0.0,0.0,0.13802715269170115,0.006651420191686598,0.0
1957,state_local_debt,55.039,0.06075565307920627,0.06075565307920627,0.0,0.0,0.0,0.0,0.0,0.0
1957,corporate_bonds,64.072,0.0,0.0,0.0,0.0,0.0,0.0,0.0,0.0
1957,corporate_loans,38.123,0.0,0.0,0.0,0.0,0.0,0.0,0.0,0.0
1957,noncorporate_business_debt,13.381,0.0,0.0,0.0,0.0,0.0,0.0,0.0,0.0
1957,commercial_mortgage,24.259,0.0,0.0,0.002308421616719568,0.002308421616719568,0.0,0.0,0.0,0.0
1957,corporate_equity,245.747,0.0,0.0,0.0,0.0,0.0,0.0,0.0,0.0
1958,home_mortgage,117.177,0.8402229999999999,0.8402229999999999,0.03978596482244809,0.028000375500311495,0.0,0.0,0.011785589322136596,0.0
1958,credit_card,0.0,0.74,0.74,0.0,0.0,0.0,0.0,0.0,0.0
1958,auto_loan,14.258,0.7737,0.7737,0.0,0.0,0.0,0.0,0.0,0.0
1958,student_loan,0.0,0.8832,0.8832,0.0,0.0,0.0,0.0,0.0,0.0
1958,other_consumer,35.232,0.815554294879353,0.815554294879353,0.0,0.0,0.0,0.0,0.0,0.0
1958,multifamily_mortgage,16.565,0.7275400000000001,0.7275400000000001,0.03640205252037428,0.03640205252037428,0.0,0.0,0.0,0.0
1958,treasury,241.244,0.42948252570975837,0.42948252570975837,0.15187524848699033,0.0,0.0,0.14496178822282105,0.006913460264169281,0.0
1958,state_local_debt,60.669,0.06107610215011799,0.06107610215011799,0.0,0.0,0.0,0.0,0.0,0.0
1958,corporate_bonds,69.715,0.0,0.0,0.0,0.0,0.0,0.0,0.0,0.0
1958,corporate_loans,38.066,0.0,0.0,0.0,0.0,0.0,0.0,0.0,0.0
1958,noncorporate_business_debt,14.36,0.0,0.0,0.0,0.0,0.0,0.0,0.0,0.0
1958,commercial_mortgage,27.222,0.0,0.0,0.0019836896627727575,0.0019836896627727575,0.0,0.0,0.0,0.0
1958,corporate_equity,324.67,0.0,0.0,0.0,0.0,0.0,0.0,0.0,0.0
1959,home_mortgage,130.099,0.8402229999999999,0.8402229999999999,0.04800959269479396,0.03232922620465953,0.0,0.0,0.015680366490134438,0.0
1959,credit_card,0.0,0.74,0.74,0.0,0.0,0.0,0.0,0.0,0.0
1959,auto_loan,16.632,0.7737,0.7737,0.0,0.0,0.0,0.0,0.0,0.0
1959,student_loan,0.0,0.8832,0.8832,0.0,0.0,0.0,0.0,0.0,0.0
1959,other_consumer,40.581,0.815554294879353,0.815554294879353,0.0,0.0,0.0,0.0,0.0,0.0
1959,multifamily_mortgage,18.7,0.7275400000000001,0.7275400000000001,0.04834224598930481,0.04834224598930482,0.0,0.0,0.0,0.0
1959,treasury,249.384,0.42628593495118133,0.42628593495118133,0.14703283757914887,0.0,0.0,0.13992258661674065,0.007110250962408229,0.0
1959,state_local_debt,66.696,0.06891923861165399,0.06891923861165399,0.0,0.0,0.0,0.0,0.0,0.0
1959,corporate_bonds,72.794,0.0,0.392106,0.0,0.0,0.0,0.0,0.0,0.0
1959,corporate_loans,42.841,0.0,0.392106,0.0,0.0,0.0,0.0,0.0,0.0
1959,noncorporate_business_debt,16.078,0.0,0.392106,0.0,0.0,0.0,0.0,0.0,0.0
1959,commercial_mortgage,30.228,0.0,0.392106,0.0015548498081249173,0.0015548498081249175,0.0,0.0,0.0,0.0
1959,corporate_equity,362.157,0.0,0.392106,0.0,0.0,0.0,0.0,0.0,0.0
1960,home_mortgage,141.378,0.8402229999999999,0.8402229999999999,0.05047461415496046,0.02995515568193071,0.0,0.0,0.020519458473029748,0.0
1960,credit_card,0.0,0.74,0.74,0.0,0.0,0.0,0.0,0.0,0.0
1960,auto_loan,18.083,0.7737,0.7737,0.0,0.0,0.0,0.0,0.0,0.0
1960,student_loan,0.0,0.8832,0.8832,0.0,0.0,0.0,0.0,0.0,0.0
1960,other_consumer,43.165,0.815554294879353,0.815554294879353,0.0,0.0,0.0,0.0,0.0,0.0
1960,multifamily_mortgage,20.786,0.7275400000000001,0.7275400000000001,0.04936014625228519,0.04926392764360627,0.0,0.0,9.62186086789185e-05,0.0
1960,treasury,248.132,0.44390880206480154,0.44390880206480154,0.15119723918237324,0.0,0.0,0.14326519777010882,0.0079320414122644,0.0
1960,state_local_debt,72.211,0.06980165667874627,0.06980165667874627,0.0,0.0,0.0,0.0,0.0,0.0
1960,corporate_bonds,76.216,0.0,0.394669,0.0,0.0,0.0,0.0,0.0,0.0
1960,corporate_loans,47.55,0.0,0.394669,0.0,0.0,0.0,0.0,0.0,0.0
1960,noncorporate_business_debt,17.102,0.0,0.394669,0.0,0.0,0.0,0.0,0.0,0.0
1960,commercial_mortgage,33.407,0.0,0.394669,0.0013470230789954202,0.0013470230789954202,0.0,0.0,0.0,0.0
1960,corporate_equity,365.166,0.0,0.394669,0.0,0.0,0.0,0.0,0.0,0.0
1961,home_mortgage,154.027,0.8402229999999999,0.8402229999999999,0.047511150642419835,0.028878053847702024,0.0,0.0,0.01863309679471781,0.0
1961,credit_card,0.0,0.74,0.74,0.0,0.0,0.0,0.0,0.0,0.0
1961,auto_loan,17.599,0.7737,0.7737,0.0,0.0,0.0,0.0,0.0,0.0
1961,student_loan,0.0,0.8832,0.8832,0.0,0.0,0.0,0.0,0.0,0.0
1961,other_consumer,45.836,0.815554294879353,0.815554294879353,0.0,0.0,0.0,0.0,0.0,0.0
1961,multifamily_mortgage,23.622,0.7275400000000001,0.7275400000000001,0.046947760562187794,0.04686309372618745,0.0,0.0,8.466683600033868e-05,0.0
1961,treasury,255.707,0.44804481604232316,0.44804481604232316,0.15520117813043882,0.0,0.0,0.1478945037743427,0.007306674356096105,0.0
1961,state_local_debt,77.815,0.07006392820393934,0.07006392820393934,0.0,0.0,0.0,0.0,0.0,0.0
1961,corporate_bonds,80.611,0.0,0.386726,0.0,0.0,0.0,0.0,0.0,0.0
1961,corporate_loans,49.133,0.0,0.386726,0.0,0.0,0.0,0.0,0.0,0.0
1961,noncorporate_business_debt,18.078,0.0,0.386726,0.0,0.0,0.0,0.0,0.0,0.0
1961,commercial_mortgage,37.403,0.0,0.386726,0.0016041493997807662,0.0014972061064620484,0.0,0.0,0.00010694329331871775,0.0
1961,corporate_equity,437.674,0.0,0.386726,0.0,0.0,0.0,0.0,0.0,0.0
1962,home_mortgage,168.307,0.8402229999999999,0.8402229999999999,0.04355730896516485,0.026713089770478943,0.0,0.0,0.016844219194685903,0.0
1962,credit_card,0.0,0.74,0.74,0.0,0.0,0.0,0.0,0.0,0.0
1962,auto_loan,19.924,0.7737,0.7737,0.0,0.0,0.0,0.0,0.0,0.0
1962,student_loan,0.0,0.8832,0.8832,0.0,0.0,0.0,0.0,0.0,0.0
1962,other_consumer,49.42,0.815554294879353,0.815554294879353,0.0,0.0,0.0,0.0,0.0,0.0
1962,multifamily_mortgage,26.732,0.7275400000000001,0.7275400000000001,0.04301960197516085,0.04257070178063743,0.0,0.0,0.00044890019452341757,0.0
1962,treasury,262.772,0.4554773840776106,0.4554773840776106,0.16154870490703566,0.0,0.0,0.15257767053475776,0.008971034372277902,0.0
1962,state_local_debt,83.77,0.0716438099860618,0.0716438099860618,0.0,0.0,0.0,0.0,0.0,0.0
1962,corporate_bonds,84.643,0.0,0.38332,0.0,0.0,0.0,0.0,0.0,0.0
1962,corporate_loans,53.261,0.0,0.38332,0.0,0.0,0.0,0.0,0.0,0.0
1962,noncorporate_business_debt,19.666,0.0,0.38332,0.0,0.0,0.0,0.0,0.0,0.0
1962,commercial_mortgage,42.206,0.0,0.38332,0.0016585319622802446,0.0014689854523053595,0.0,0.0,0.0001895465099748851,0.0
1962,corporate_equity,424.314,0.0,0.38332,0.0,0.0,0.0,0.0,0.0,0.0
1963,home_mortgage,185.106,0.8402229999999999,0.8402229999999999,0.033299839011161174,0.02227912655451471,0.0,0.0,0.011020712456646464,0.0
1963,credit_card,0.0,0.74,0.74,0.0,0.0,0.0,0.0,0.0,0.0
1963,auto_loan,22.842,0.7737,0.7737,0.0,0.0,0.0,0.0,0.0,0.0
1963,student_loan,0.0,0.8832,0.8832,0.0,0.0,0.0,0.0,0.0,0.0
1963,other_consumer,55.028,0.815554294879353,0.815554294879353,0.0,0.0,0.0,0.0,0.0,0.0
1963,multifamily_mortgage,30.024,0.7275400000000001,0.7275400000000001,0.03557154276578737,0.03513855582200906,0.0,0.0,0.00043298694377831066,0.0
1963,treasury,267.845,0.4587002597814349,0.4587002597814349,0.1767510175015207,0.0,0.0,0.16607405136219097,0.01067696613932971,0.0
1963,state_local_debt,89.243,0.07213609410926272,0.07213609410926272,0.0,0.0,0.0,0.0,0.0,0.0
1963,corporate_bonds,88.414,0.0,0.382923,0.0,0.0,0.0,0.0,0.0,0.0
1963,corporate_loans,57.533,0.0,0.382923,0.0,0.0,0.0,0.0,0.0,0.0
1963,noncorporate_business_debt,21.792,0.0,0.382923,0.0,0.0,0.0,0.0,0.0,0.0
1963,commercial_mortgage,47.304,0.0,0.382923,0.001902587519025875,0.001585489599188229,0.0,0.0,0.00031709791983764585,0.0
1963,corporate_equity,465.779,0.0,0.382923,0.0,0.0,0.0,0.0,0.0,0.0
1964,home_mortgage,202.335,0.8402229999999999,0.8402229999999999,0.029698272666617245,0.019882867521684337,0.0,0.0,0.009815405144932909,0.0
1964,credit_card,0.0,0.74,0.74,0.0,0.0,0.0,0.0,0.0,0.0
1964,auto_loan,25.817,0.7737,0.7737,0.0,0.0,0.0,0.0,0.0,0.0
1964,student_loan,0.0,0.8832,0.8832,0.0,0.0,0.0,0.0,0.0,0.0
1964,other_consumer,61.535,0.815554294879353,0.815554294879353,0.0,0.0,0.0,0.0,0.0,0.0
1964,multifamily_mortgage,34.578,0.7275400000000001,0.7275400000000001,0.030510729365492508,0.030134767771415348,0.0,0.0,0.00037596159407715885,0.0
1964,treasury,274.261,0.4475791344715721,0.4475791344715721,0.18466679886055318,0.0,0.0,0.17655622028660278,0.008110578573950387,0.0
1964,state_local_debt,95.624,0.07453876704633587,0.07453876704633587,0.0,0.0,0.0,0.0,0.0,0.0
1964,corporate_bonds,92.408,0.0,0.383668,0.0,0.0,0.0,0.0,0.0,0.0
1964,corporate_loans,64.074,0.0,0.383668,0.0,0.0,0.0,0.0,0.0,0.0
1964,noncorporate_business_debt,23.538,0.0,0.383668,0.0,0.0,0.0,0.0,0.0,0.0
1964,commercial_mortgage,51.179,0.0,0.383668,0.0027745755094863126,0.001973465679282518,0.0,0.0,0.0008011098302037944,0.0
1964,corporate_equity,545.955,0.0,0.383668,0.0,0.0,0.0,0.0,0.0,0.0
1965,home_mortgage,219.449,0.8402229999999999,0.8402229999999999,0.029437363578781402,0.017771782965518183,0.0,0.0,0.01166558061326322,0.0
1965,credit_card,0.0,0.74,0.74,0.0,0.0,0.0,0.0,0.0,0.0
1965,auto_loan,29.355,0.7737,0.7737,0.0,0.0,0.0,0.0,0.0,0.0
1965,student_loan,0.0,0.8832,0.8832,0.0,0.0,0.0,0.0,0.0,0.0
1965,other_consumer,68.134,0.815554294879353,0.815554294879353,0.0,0.0,0.0,0.0,0.0,0.0
1965,multifamily_mortgage,38.213,0.7275400000000001,0.7275400000000001,0.027582236411692357,0.02721586894512339,0.0,0.0,0.00036636746656896867,0.0
1965,treasury,276.737,0.44743566682876745,0.44743566682876745,0.2042072213500785,0.0,0.0,0.19552227991788432,0.00868494143219418,0.0
1965,state_local_debt,103.174,0.07468638416085985,0.07468638416085985,0.0,0.0,0.0,0.0,0.0,0.0
1965,corporate_bonds,97.26,0.0,0.380409,0.0,0.0,0.0,0.0,0.0,0.0
1965,corporate_loans,76.832,0.0,0.380409,0.0,0.0,0.0,0.0,0.0,0.0
1965,noncorporate_business_debt,26.094,0.0,0.380409,0.0,0.0,0.0,0.0,0.0,0.0
1965,commercial_mortgage,55.661,0.0,0.380409,0.004150123066419935,0.002281669391494943,0.0,0.0,0.0018684536749249924,0.0
1965,corporate_equity,623.812,0.0,0.380409,0.0,0.0,0.0,0.0,0.0,0.0
1966,home_mortgage,232.742,0.8402229999999999,0.8402229999999999,0.039481485937218036,0.0194936882900379,0.0,0.0,0.01998779764718014,0.0
1966,credit_card,0.0,0.74,0.74,0.0,0.0,0.0,0.0,0.0,0.0
1966,auto_loan,30.992,0.7737,0.7737,0.0,0.0,0.0,0.0,0.0,0.0
1966,student_loan,0.0,0.8832,0.8832,0.0,0.0,0.0,0.0,0.0,0.0
1966,other_consumer,72.43,0.815554294879353,0.815554294879353,0.0,0.0,0.0,0.0,0.0,0.0
1966,multifamily_mortgage,41.275,0.7275400000000001,0.7275400000000001,0.03285281647486372,0.032513628104179286,0.0,0.0,0.00033918837068443365,0.0
1966,treasury,280.293,0.48298113555364486,0.48298113555364486,0.22263594346058865,0.0,0.0,0.20974065283609913,0.012895290624489521,0.0
1966,state_local_debt,110.037,0.08068673803021766,0.08068673803021766,0.0,0.0,0.0,0.0,0.0,0.0
1966,corporate_bonds,107.474,0.0,0.38075,0.0,0.0,0.0,0.0,0.0,0.0
1966,corporate_loans,87.758,0.0,0.38075,0.0,0.0,0.0,0.0,0.0,0.0
1966,noncorporate_business_debt,29.379,0.0,0.38075,0.0,0.0,0.0,0.0,0.0,0.0
1966,commercial_mortgage,61.468,0.0,0.38075,0.005433721611244876,0.0022776078610008458,0.0,0.0,0.0031561137502440295,0.0
1966,corporate_equity,547.891,0.0,0.38075,0.0,0.0,0.0,0.0,0.0,0.0
1967,home_mortgage,245.974,0.8402229999999999,0.8402229999999999,0.0464195402766146,0.021355915665883386,0.0,0.0,0.025063624610731215,0.0
1967,credit_card,0.0,0.74,0.74,0.0,0.0,0.0,0.0,0.0,0.0
1967,auto_loan,31.131,0.7737,0.7737,0.0,0.0,0.0,0.0,0.0,0.0
1967,student_loan,0.0,0.8832,0.8832,0.0,0.0,0.0,0.0,0.0,0.0
1967,other_consumer,77.436,0.815554294879353,0.815554294879353,0.0,0.0,0.0,0.0,0.0,0.0
1967,multifamily_mortgage,44.815,0.7275400000000001,0.7275400000000001,0.03514448287403771,0.03474283164119156,0.0,0.0,0.00040165123284614524,0.0
1967,treasury,290.462,0.5016137916245116,0.5016137916245116,0.23822147635535434,0.0,0.0,0.22581939059193448,0.012402085763419841,0.0
1967,state_local_debt,117.372,0.08173804174431111,0.08173804174431111,0.0,0.0,0.0,0.0,0.0,0.0
1967,corporate_bonds,122.132,0.0,0.379694,0.0,0.0,0.0,0.0,0.0,0.0
1967,corporate_loans,95.878,0.0,0.379694,0.0,0.0,0.0,0.0,0.0,0.0
1967,noncorporate_business_debt,31.862,0.0,0.379694,0.0,0.0,0.0,0.0,0.0,0.0
1967,commercial_mortgage,66.249,0.0,0.379694,0.007502000030189135,0.00295853522317318,0.0,0.0,0.004543464807015955,0.0
1967,corporate_equity,712.221,0.0,0.379694,0.0,0.0,0.0,0.0,0.0,0.0
1968,home_mortgage,262.934,0.8402229999999999,0.8402229999999999,0.05438627184008154,0.02340891630599314,0.0,0.0,0.030977355534088404,0.0
1968,credit_card,2.105,0.74,0.74,0.0,0.0,0.0,0.0,0.0,0.0
1968,auto_loan,34.348,0.7737,0.7737,0.0,0.0,0.0,0.0,0.0,0.0
1968,student_loan,0.0,0.8832,0.8832,0.0,0.0,0.0,0.0,0.0,0.0
1968,other_consumer,82.871,0.815554294879353,0.815554294879353,0.0,0.0,0.0,0.0,0.0,0.0
1968,multifamily_mortgage,48.251,0.7275400000000001,0.7275400000000001,0.04008207083791009,0.0393774222295911,0.0,0.0,0.0007046486083189986,0.0
1968,treasury,301.225,0.4954155771946512,0.4954155771946512,0.24586691716996265,0.0,0.0,0.2345676824161752,0.01129923475378746,0.0
1968,state_local_debt,126.125,0.08766844246667803,0.08766844246667803,0.0,0.0,0.0,0.0,0.0,0.0
1968,corporate_bonds,135.025,0.0,0.382258,0.0,0.0,0.0,0.0,0.0,0.0
1968,corporate_loans,109.176,0.0,0.382258,0.0,0.0,0.0,0.0,0.0,0.0
1968,noncorporate_business_debt,34.343,0.0,0.382258,0.0,0.0,0.0,0.0,0.0,0.0
1968,commercial_mortgage,73.019,0.0,0.382258,0.009120913734781359,0.0038757035839986857,0.0,0.0,0.005245210150782673,0.0
1968,corporate_equity,843.15,0.0,0.382258,0.0,0.0,0.0,0.0,0.0,0.0
1969,home_mortgage,278.689,0.8402229999999999,0.8402229999999999,0.06691688584766532,0.02282472576958545,0.0,0.0,0.044092160078079874,0.0
1969,credit_card,3.72,0.74,0.74,0.0,0.0,0.0,0.0,0.0,0.0
1969,auto_loan,36.946,0.7737,0.7737,0.0,0.0,0.0,0.0,0.0,0.0
1969,student_loan,0.0,0.8832,0.8832,0.0,0.0,0.0,0.0,0.0,0.0
1969,other_consumer,88.565,0.815554294879353,0.815554294879353,0.0,0.0,0.0,0.0,0.0,0.0
1969,multifamily_mortgage,53.176,0.7275400000000001,0.7275400000000001,0.04977809538137506,0.04853693395516774,0.0,0.0,0.0012411614262073116,0.0
1969,treasury,301.974,0.517281579122999,0.517281579122999,0.263067023842368,0.0,0.0,0.2543274921459911,0.00873953169637692,0.0
1969,state_local_debt,138.257,0.09470152758390837,0.09470152758390837,0.0,0.0,0.0,0.0,0.0,0.0
1969,corporate_bonds,147.075,0.0,0.384169,0.0,0.0,0.0,0.0,0.0,0.0
1969,corporate_loans,129.474,0.0,0.384169,0.0,0.0,0.0,0.0,0.0,0.0
1969,noncorporate_business_debt,39.145,0.0,0.384169,0.0,0.0,0.0,0.0,0.0,0.0
1969,commercial_mortgage,79.051,0.0,0.384169,0.010233899634413226,0.004617272393771109,0.0,0.0,0.005616627240642116,0.0
1969,corporate_equity,705.075,0.0,0.384169,0.0,0.0,0.0,0.0,0.0,0.0
1970,home_mortgage,286.015,0.8402229999999999,0.8402229999999999,0.08316452231042978,0.02133178209690665,0.0,0.0,0.061832740213523134,0.0
1970,credit_card,5.13,0.74,0.74,0.0,0.0,0.0,0.0,0.0,0.0
1970,auto_loan,36.325,0.7737,0.7737,0.0,0.0,0.0,0.0,0.0,0.0
1970,student_loan,0.0,0.8832,0.8832,0.0,0.0,0.0,0.0,0.0,0.0
1970,other_consumer,92.205,0.815554294879353,0.815554294879353,0.0,0.0,0.0,0.0,0.0,0.0
1970,multifamily_mortgage,60.129,0.7275400000000001,0.7275400000000001,0.05767599660729432,0.05133961981739261,0.0,0.0,0.006336376789901711,0.0
1970,treasury,317.451,0.5384747496702186,0.5384747496702186,0.27434685831380257,0.0,0.0,0.26147547536596555,0.012871382947837028,0.0
1970,state_local_debt,150.317,0.09496778988368541,0.09496778988368541,0.0,0.0,0.0,0.0,0.0,0.0
1970,corporate_bonds,167.23,0.0,0.384182,0.0,0.0,0.0,0.0,0.0,0.0
1970,corporate_loans,137.827,0.0,0.384182,0.0,0.0,0.0,0.0,0.0,0.0
1970,noncorporate_business_debt,41.102,0.0,0.384182,0.0,0.0,0.0,0.0,0.0,0.0
1970,commercial_mortgage,86.503,0.0,0.384182,0.010808873680681595,0.005074968498202374,0.0,0.0,0.00573390518247922,0.0
1970,corporate_equity,702.482,0.0,0.384182,0.0,0.0,0.0,0.0,0.0,0.0
1971,home_mortgage,309.454,0.8402229999999999,0.8402229999999999,0.09405139897805039,0.017634441021195876,0.0,0.0,0.0764169579568545,0.0
1971,credit_card,8.529,0.74,0.74,0.0,0.0,0.0,0.0,0.0,0.0
1971,auto_loan,40.519,0.7737,0.7737,0.0,0.0,0.0,0.0,0.0,0.0
1971,student_loan,0.0,0.8832,0.8832,0.0,0.0,0.0,0.0,0.0,0.0
1971,other_consumer,100.195,0.815554294879353,0.815554294879353,0.0,0.0,0.0,0.0,0.0,0.0
1971,multifamily_mortgage,70.094,0.7275400000000001,0.7275400000000001,0.06762347704511085,0.0497332153964676,0.0,0.0,0.01789026164864325,0.0
1971,treasury,346.291,0.5382759967239863,0.5382759967239863,0.273493450449899,0.0,0.0,0.2639560506824998,0.009537399767399155,0.0
1971,state_local_debt,166.747,0.09536151273001628,0.09536151273001628,0.0,0.0,0.0,0.0,0.0,0.0
1971,corporate_bonds,186.366,0.0,0.376559,0.0,0.0,0.0,0.0,0.0,0.0
1971,corporate_loans,143.172,0.0,0.376559,0.0,0.0,0.0,0.0,0.0,0.0
1971,noncorporate_business_debt,44.587,0.0,0.376559,0.0,0.0,0.0,0.0,0.0,0.0
1971,commercial_mortgage,96.983,0.0,0.376559,0.011630904385304642,0.0055576750564531935,0.0,0.0,0.006073229328851448,0.0
1971,corporate_equity,824.038,0.0,0.376559,0.0,0.0,0.0,0.0,0.0,0.0
1972,home_mortgage,343.552,0.8402229999999999,0.8402229999999999,0.09834322473774487,0.013937506470685347,0.0,0.0,0.08440571826705953,0.0
1972,credit_card,9.701,0.74,0.74,0.0,0.0,0.0,0.0,0.0,0.0
1972,auto_loan,47.862,0.7737,0.7737,0.0,0.0,0.0,0.0,0.0,0.0
1972,student_loan,0.0,0.8832,0.8832,0.0,0.0,0.0,0.0,0.0,0.0
1972,other_consumer,111.194,0.815554294879353,0.815554294879353,0.0,0.0,0.0,0.0,0.0,0.0
1972,multifamily_mortgage,82.876,0.7275400000000001,0.7275400000000001,0.07576379168878807,0.04546551474492012,0.0,0.0,0.030298276943867945,0.0
1972,treasury,363.483,0.5521207243330791,0.5521207243330791,0.26081386641608056,0.0,0.0,0.25624385158647417,0.004570014829606354,0.0
1972,state_local_debt,180.71,0.11017663416835119,0.11017663416835119,0.0,0.0,0.0,0.0,0.0,0.0
1972,corporate_bonds,198.848,0.0,0.374455,0.0,0.0,0.0,0.0,0.0,0.0
1972,corporate_loans,162.02,0.0,0.374455,0.0,0.0,0.0,0.0,0.0,0.0
1972,noncorporate_business_debt,48.965,0.0,0.374455,0.0,0.0,0.0,0.0,0.0,0.0
1972,commercial_mortgage,114.168,0.0,0.374455,0.010396958867633662,0.0028028869735827904,0.0,0.0,0.0075940718940508715,0.0
1972,corporate_equity,1032.948,0.0,0.374455,0.0,0.0,0.0,0.0,0.0,0.0
1973,home_mortgage,382.218,0.8402229999999999,0.8402229999999999,0.10175570228091237,0.01053171268507403,0.0,0.0,0.09122398959583833,0.0
1973,credit_card,11.71,0.74,0.74,0.0,0.0,0.0,0.0,0.0,0.0
1973,auto_loan,53.772,0.7737,0.7737,0.0,0.0,0.0,0.0,0.0,0.0
1973,student_loan,0.0,0.8832,0.8832,0.0,0.0,0.0,0.0,0.0,0.0
1973,other_consumer,127.498,0.815554294879353,0.815554294879353,0.0,0.0,0.0,0.0,0.0,0.0
1973,multifamily_mortgage,93.191,0.7275400000000001,0.7275400000000001,0.09276646886501916,0.04363082271893209,0.0,0.0,0.04913564614608707,0.0
1973,treasury,372.203,0.5671830941705042,0.5671830941705042,0.2880513841143478,0.0,0.0,0.28390808757011043,0.00414329654423738,0.0
1973,state_local_debt,194.779,0.11022985932633099,0.11022985932633099,0.0,0.0,0.0,0.0,0.0,0.0
1973,corporate_bonds,208.442,0.0,0.370313,0.0,0.0,0.0,0.0,0.0,0.0
1973,corporate_loans,189.148,0.0,0.370313,0.0,0.0,0.0,0.0,0.0,0.0
1973,noncorporate_business_debt,70.467,0.0,0.370313,0.0,0.0,0.0,0.0,0.0,0.0
1973,commercial_mortgage,133.707,0.0,0.370313,0.010036946733878808,0.0016304429120607901,0.0,0.0,0.008406503821818017,0.0
1973,corporate_equity,809.566,0.0,0.370313,0.0,0.0,0.0,0.0,0.0,0.0
1974,home_mortgage,419.339,0.8402229999999999,0.8402229999999999,0.1197124841443462,0.012907421365148813,0.0,0.0,0.10680506277919738,0.0
1974,credit_card,13.682,0.74,0.74,0.0,0.0,0.0,0.0,0.0,0.0
1974,auto_loan,54.266,0.7737,0.7737,0.0,0.0,0.0,0.0,0.0,0.0
1974,student_loan,0.0,0.8832,0.8832,0.0,0.0,0.0,0.0,0.0,0.0
1974,other_consumer,133.978,0.815554294879353,0.815554294879353,0.0,0.0,0.0,0.0,0.0,0.0
1974,multifamily_mortgage,100.049,0.7275400000000001,0.7275400000000001,0.1171925756379374,0.04778658457355896,0.0,0.0,0.06940599106437846,0.0
1974,treasury,387.067,0.5789555269302642,0.5789555269302642,0.3169354253617073,0.0,0.0,0.3057014010073201,0.005502457204171328,0.005731567150215936
1974,state_local_debt,208.213,0.10992432115969124,0.10992432115969124,0.0,0.0,0.0,0.0,0.0,0.0
1974,corporate_bonds,228.237,0.0,0.371356,0.0,0.0,0.0,0.0,0.0,0.0
1974,corporate_loans,227.579,0.0,0.371356,0.0,0.0,0.0,0.0,0.0,0.0
1974,noncorporate_business_debt,82.834,0.0,0.371356,0.0,0.0,0.0,0.0,0.0,0.0
1974,commercial_mortgage,148.279,0.0,0.371356,0.010986046574363193,0.010986046574363193,0.0,0.0,0.0,0.0
1974,corporate_equity,557.656,0.0,0.371356,0.0,0.0,0.0,0.0,0.0,0.0
1975,home_mortgage,459.087,0.8402229999999999,0.8402229999999999,0.1391130435883317,0.020394385689542046,0.0,0.0,0.11871865789878966,0.0
1975,credit_card,15.02,0.74,0.74,0.0,0.0,0.0,0.0,0.0,0.0
1975,auto_loan,57.016,0.7737,0.7737,0.0,0.0,0.0,0.0,0.0,0.0
1975,student_loan,0.0,0.8832,0.8832,0.0,0.0,0.0,0.0,0.0,0.0
1975,other_consumer,134.96,0.815554294879353,0.815554294879353,0.0,0.0,0.0,0.0,0.0,0.0
1975,multifamily_mortgage,100.693,0.7275400000000001,0.7275400000000001,0.1348455205426395,0.05951754342407119,0.0,0.0,0.07532797711856834,0.0
1975,treasury,476.979,0.5840133792853163,0.5840133792853163,0.2609087735629509,0.0,0.0,0.2522602978822434,0.008537933441936235,0.00011054223877123575
1975,state_local_debt,219.359,0.11116171337837731,0.11116171337837731,0.0,0.0,0.0,0.0,0.0,0.0
1975,corporate_bonds,254.652,0.0,0.363943,0.0,0.0,0.0,0.0,0.0,0.0
1975,corporate_loans,209.188,0.0,0.363943,0.0,0.0,0.0,0.0,0.0,0.0
1975,noncorporate_business_debt,90.733,0.0,0.363943,0.0,0.0,0.0,0.0,0.0,0.0
1975,commercial_mortgage,161.019,0.0,0.363943,0.013277936144181742,0.013277936144181742,0.0,0.0,0.0,0.0
1975,corporate_equity,754.897,0.0,0.363943,0.0,0.0,0.0,0.0,0.0,0.0
1976,home_mortgage,517.073,0.8402229999999999,0.8402229999999999,0.14506693182710242,0.016685295184123268,0.0,0.0,0.12838163664297914,0.0
1976,credit_card,17.19,0.74,0.74,0.0,0.0,0.0,0.0,0.0,0.0
1976,auto_loan,66.798,0.7737,0.7737,0.0,0.0,0.0,0.0,0.0,0.0
1976,student_loan,0.0,0.8832,0.8832,0.0,0.0,0.0,0.0,0.0,0.0
1976,other_consumer,144.973,0.815554294879353,0.815554294879353,0.0,0.0,0.0,0.0,0.0,0.0
1976,multifamily_mortgage,105.895,0.7275400000000001,0.7275400000000001,0.13431229047641532,0.05868076868596251,0.0,0.0,0.07563152179045281,0.0
1976,treasury,550.401,0.5769947628028769,0.5769947628028769,0.24268185258247416,0.0,0.0,0.23143137181920817,0.010898127814791379,0.00035235294847458463
1976,state_local_debt,237.83,0.11434010105731798,0.11434010105731798,0.0,0.0,0.0,0.0,0.0,0.0
1976,corporate_bonds,277.338,0.0,0.366814,0.0,0.0,0.0,0.0,0.0,0.0
1976,corporate_loans,216.839,0.0,0.366814,0.0,0.0,0.0,0.0,0.0,0.0
1976,noncorporate_business_debt,102.015,0.0,0.366814,0.0,0.0,0.0,0.0,0.0,0.0
1976,commercial_mortgage,174.189,0.0,0.366814,0.014421117292136703,0.014421117292136703,0.0,0.0,0.0,0.0
1976,corporate_equity,927.412,0.0,0.366814,0.0,0.0,0.0,0.0,0.0,0.0
1977,home_mortgage,602.997,0.8402229999999999,0.8402229999999999,0.1533986274222429,0.018138544965621832,0.0,0.0,0.13526008245662105,0.0
1977,credit_card,39.274,0.74,0.74,0.0,0.0,0.0,0.0,0.0,0.0
1977,auto_loan,80.894,0.7737,0.7737,0.0,0.0,0.0,0.0,0.0,0.0
1977,student_loan,0.0,0.8832,0.8832,0.0,0.0,0.0,0.0,0.0,0.0
1977,other_consumer,144.724,0.815554294879353,0.815554294879353,0.0,0.0,0.0,0.0,0.0,0.0
1977,multifamily_mortgage,114.28,0.7275400000000001,0.7275400000000001,0.13561546740871025,0.056974597257588876,0.0,0.0,0.07864087015112137,0.0
1977,treasury,614.181,0.5776187800301605,0.5776187800301605,0.22848138576266933,0.0,0.0,0.2262040583946187,0.0021540468510793773,0.00012328051697124427
1977,state_local_debt,256.165,0.11737578305868109,0.11737578305868109,0.0,0.0,0.0,0.0,0.0,0.0
1977,corporate_bonds,300.146,0.0,0.366661,0.0,0.0,0.0,0.0,0.0,0.0
1977,corporate_loans,245.961,0.0,0.366661,0.0,0.0,0.0,0.0,0.0,0.0
1977,noncorporate_business_debt,118.12,0.0,0.366661,0.0,0.0,0.0,0.0,0.0,0.0
1977,commercial_mortgage,193.261,0.0,0.366661,0.016009438013877605,0.016009438013877605,0.0,0.0,0.0,0.0
1977,corporate_equity,819.176,0.0,0.366661,0.0,0.0,0.0,0.0,0.0,0.0
1978,home_mortgage,708.641,0.8402229999999999,0.8402229999999999,0.16196187220116653,0.017978906988651604,0.0,0.0,0.14398296521251494,0.0
1978,credit_card,48.309,0.74,0.74,0.0,0.0,0.0,0.0,0.0,0.0
1978,auto_loan,98.66,0.7737,0.7737,0.0,0.0,0.0,0.0,0.0,0.0
1978,student_loan,0.0,0.8832,0.8832,0.0,0.0,0.0,0.0,0.0,0.0
1978,other_consumer,164.336,0.815554294879353,0.815554294879353,0.0,0.0,0.0,0.0,0.0,0.0
1978,multifamily_mortgage,125.152,0.7275400000000001,0.7275400000000001,0.1433856430580414,0.05955158527230887,0.0,0.0,0.08383405778573255,0.0
1978,treasury,675.125,0.5759172774486482,0.5759172774486482,0.23296205399282613,0.0,0.0,0.22964361378558093,0.0030247729322677407,0.00029366727497745054
1978,state_local_debt,295.601,0.12446701807680309,0.12446701807680309,0.0,0.0,0.0,0.0,0.0,0.0
1978,corporate_bonds,321.107,0.0,0.363639,0.0,0.0,0.0,0.0,0.0,0.0
1978,corporate_loans,279.691,0.0,0.363639,0.0,0.0,0.0,0.0,0.0,0.0
1978,noncorporate_business_debt,145.295,0.0,0.363639,0.0,0.0,0.0,0.0,0.0,0.0
1978,commercial_mortgage,214.511,0.0,0.363639,0.017066723850991325,0.017066723850991325,0.0,0.0,0.0,0.0
1978,corporate_equity,856.335,0.0,0.363639,0.0,0.0,0.0,0.0,0.0,0.0
1979,home_mortgage,826.724,0.8402229999999999,0.8402229999999999,0.18012711225678593,0.018219657177846148,0.0,0.0,0.1619074550789398,0.0
1979,credit_card,56.937,0.74,0.74,0.0,0.0,0.0,0.0,0.0,0.0
1979,auto_loan,112.42,0.7737,0.7737,0.0,0.0,0.0,0.0,0.0,0.0
1979,student_loan,0.0,0.8832,0.8832,0.0,0.0,0.0,0.0,0.0,0.0
1979,other_consumer,185.259,0.815554294879353,0.815554294879353,0.0,0.0,0.0,0.0,0.0,0.0
1979,multifamily_mortgage,135.048,0.7275400000000001,0.7275400000000001,0.15158314080919377,0.06345891831052664,0.0,0.0,0.08812422249866715,0.0
1979,treasury,720.317,0.5891530434423266,0.5891530434423266,0.22779866656329947,0.0,0.0,0.2253876269478254,0.0024013489417784323,9.69067369563532e-06
1979,state_local_debt,322.216,0.12664397828278676,0.12664397828278676,0.0,0.0,0.0,0.0,0.0,0.0
1979,corporate_bonds,338.389,0.0,0.363128,0.0,0.0,0.0,0.0,0.0,0.0
1979,corporate_loans,335.613,0.0,0.363128,0.0,0.0,0.0,0.0,0.0,0.0
1979,noncorporate_business_debt,174.369,0.0,0.363128,0.0,0.0,0.0,0.0,0.0,0.0
1979,commercial_mortgage,239.448,0.0,0.363128,0.01880157696034212,0.01880157696034212,0.0,0.0,0.0,0.0
1979,corporate_equity,1014.783,0.0,0.363128,0.0,0.0,0.0,0.0,0.0,0.0
1980,home_mortgage,926.526,0.8402229999999999,0.8402229999999999,0.19123364150360367,0.019105095248832877,0.0,0.0,0.17212854625477078,0.0
1980,credit_card,58.506,0.74,0.74,0.0,0.0,0.0,0.0,0.0,0.0
1980,auto_loan,111.971,0.7737,0.7737,0.0,0.0,0.0,0.0,0.0,0.0
1980,student_loan,0.0,0.8832,0.8832,0.0,0.0,0.0,0.0,0.0,0.0
1980,other_consumer,187.567,0.815554294879353,0.815554294879353,0.0,0.0,0.0,0.0,0.0,0.0
1980,multifamily_mortgage,142.526,0.7275400000000001,0.7275400000000001,0.16241247211035179,0.07316559785582981,0.0,0.0,0.08924687425452196,0.0
1980,treasury,807.189,0.5929599681919214,0.5929599681919214,0.19898931799506983,0.0,0.0,0.1960542317173377,0.0027641741988496302,0.00017091207888249795
1980,state_local_debt,344.434,0.12961121636123887,0.12961121636123887,0.0,0.0,0.0,0.0,0.0,0.0
1980,corporate_bonds,366.069,0.0,0.362017,0.0,0.0,0.0,0.0,0.0,0.0
1980,corporate_loans,374.461,0.0,0.362017,0.0,0.0,0.0,0.0,0.0,0.0
1980,noncorporate_business_debt,187.491,0.0,0.362017,0.0,0.0,0.0,0.0,0.0,0.0
1980,commercial_mortgage,259.903,0.0,0.362017,0.021862002362419825,0.021862002362419825,0.0,0.0,0.0,0.0
1980,corporate_equity,1346.523,0.0,0.362017,0.0,0.0,0.0,0.0,0.0,0.0
1981,home_mortgage,998.261,0.8402229999999999,0.8402229999999999,0.20354043290076906,0.02008322550773481,0.0,0.0,0.18345720739303426,0.0
1981,credit_card,64.807,0.74,0.74,0.0,0.0,0.0,0.0,0.0,0.0
1981,auto_loan,119.744,0.7737,0.7737,0.0,0.0,0.0,0.0,0.0,0.0
1981,student_loan,0.0,0.8832,0.8832,0.0,0.0,0.0,0.0,0.0,0.0
1981,other_consumer,193.331,0.815554294879353,0.815554294879353,0.0,0.0,0.0,0.0,0.0,0.0
1981,multifamily_mortgage,142.377,0.7275400000000001,0.7275400000000001,0.14114639302696363,0.0799707817976218,0.0,0.0,0.06117561122934183,0.0
1981,treasury,903.113,0.5966575314597244,0.5966575314597244,0.18395320820899652,0.0,0.0,0.18125575567692437,0.0026974525320721575,0.0
1981,state_local_debt,372.054,0.13021042486698545,0.13021042486698545,0.0,0.0,0.0,0.0,0.0,0.0
1981,corporate_bonds,390.873,0.0,0.350109,0.0,0.0,0.0,0.0,0.0,0.0
1981,corporate_loans,448.193,0.0,0.350109,0.0,0.0,0.0,0.0,0.0,0.0
1981,noncorporate_business_debt,211.07,0.0,0.350109,0.0,0.0,0.0,0.0,0.0,0.0
1981,commercial_mortgage,299.685,0.0,0.350109,0.02224669236031166,0.02224669236031166,0.0,0.0,0.0,0.0
1981,corporate_equity,1225.637,0.0,0.350109,0.0,0.0,0.0,0.0,0.0,0.0
1982,home_mortgage,1031.175,0.8402229999999999,0.8402229999999999,0.2530473646194544,0.020690776471775495,0.0,0.0,0.23235658814767887,0.0
1982,credit_card,70.461,0.74,0.74,0.0,0.0,0.0,0.0,0.0,0.0
1982,auto_loan,127.481,0.7737,0.7737,0.0,0.0,0.0,0.0,0.0,0.0
1982,student_loan,0.0,0.8832,0.8832,0.0,0.0,0.0,0.0,0.0,0.0
1982,other_consumer,198.776,0.815554294879353,0.815554294879353,0.0,0.0,0.0,0.0,0.0,0.0
1982,multifamily_mortgage,146.113,0.7275400000000001,0.7275400000000001,0.1370729303547963,0.07581855015330705,0.0,0.0,0.06125438020148927,0.0
1982,treasury,1077.356,0.6244062350396478,0.6244062350396478,0.15943318862936479,0.0,0.0,0.15553134265020443,0.0039018459791603354,0.0
1982,state_local_debt,413.774,0.13204003014539686,0.13204003014539686,0.0,0.0,0.0,0.0,0.0,0.0
1982,corporate_bonds,421.523,0.0,0.352529,0.0,0.0,0.0,0.0,0.0,0.0
1982,corporate_loans,507.811,0.0,0.352529,0.0,0.0,0.0,0.0,0.0,0.0
1982,noncorporate_business_debt,207.85,0.0,0.352529,0.0,0.0,0.0,0.0,0.0,0.0
1982,commercial_mortgage,333.68,0.0,0.352529,0.022140973387676816,0.022140973387676816,0.0,0.0,0.0,0.0
1982,corporate_equity,1386.479,0.0,0.352529,0.0,0.0,0.0,0.0,0.0,0.0
1983,home_mortgage,1116.384,0.8402229999999999,0.8402229999999999,0.2916829291114762,0.019296602546972824,0.0,0.0,0.2723863265645034,0.0
1983,credit_card,83.802,0.74,0.74,0.0,0.0,0.0,0.0,0.0,0.0
1983,auto_loan,146.237,0.7737,0.7737,0.0,0.0,0.0,0.0,0.0,0.0
1983,student_loan,0.0,0.8832,0.8832,0.0,0.0,0.0,0.0,0.0,0.0
1983,other_consumer,214.839,0.815554294879353,0.815554294879353,0.0,0.0,0.0,0.0,0.0,0.0
1983,multifamily_mortgage,161.229,0.7275400000000001,0.7275400000000001,0.12922613177530096,0.06655750516346315,0.0,0.0,0.06266862661183781,0.0
1983,treasury,1277.228,0.6171901983774336,0.6171901983774336,0.1460179535140439,0.0,0.0,0.14427013062676314,0.0017478228872807554,0.0
1983,state_local_debt,461.109,0.1339677867561656,0.1339677867561656,0.0012899614228517884,0.0,0.0,0.0,0.0012899614228517884,0.0
1983,corporate_bonds,447.516,0.0,0.353222,0.0,0.0,0.0,0.0,0.0,0.0
1983,corporate_loans,558.425,0.0,0.353222,0.0,0.0,0.0,0.0,0.0,0.0
1983,noncorporate_business_debt,214.758,0.0,0.353222,0.0,0.0,0.0,0.0,0.0,0.0
1983,commercial_mortgage,389.424,0.0,0.353222,0.019926866346193353,0.019926866346193353,0.0,0.0,0.0,0.0
1983,corporate_equity,1630.514,0.0,0.353222,0.0,0.0,0.0,0.0,0.0,0.0
1984,home_mortgage,1243.294,0.8402229999999999,0.8402229999999999,0.30335536342077263,0.017792309799428842,0.0,0.0,0.2855630536213438,0.0
1984,credit_card,106.256,0.74,0.74,0.0,0.0,0.0,0.0,0.0,0.0
1984,auto_loan,175.333,0.7737,0.7737,0.0,0.0,0.0,0.0,0.0,0.0
1984,student_loan,0.0,0.8832,0.8832,0.0,0.0,0.0,0.0,0.0,0.0
1984,other_consumer,244.995,0.815554294879353,0.815554294879353,0.0,0.0,0.0,0.0,0.0,0.0
1984,multifamily_mortgage,186.145,0.7275400000000001,0.7275400000000001,0.1190738402857987,0.054457546536302345,0.0,0.0,0.06461629374949636,0.0
1984,treasury,1493.072,0.6162016342279746,0.6162016342279746,0.13114310658444814,0.0,0.0,0.1289507741597949,0.002192332424653252,0.0
1984,state_local_debt,580.604,0.1374427758351331,0.1374427758351331,0.0018908523876615742,0.0,0.0,0.0,0.001890852387661574,0.0
1984,corporate_bonds,497.287,0.0,0.346287,0.0,0.0,0.0,0.0,0.0,0.0
1984,corporate_loans,685.63,0.0,0.346287,0.0,0.0,0.0,0.0,0.0,0.0
1984,noncorporate_business_debt,238.33,0.0,0.346287,0.0,0.0,0.0,0.0,0.0,0.0
1984,commercial_mortgage,471.898,0.0,0.346287,0.017071485787182823,0.017071485787182823,0.0,0.0,0.0,0.0
1984,corporate_equity,1553.653,0.0,0.346287,0.0,0.0,0.0,0.0,0.0,0.0
1985,home_mortgage,1450.249,0.8402229999999999,0.8402229999999999,0.3252065000694228,0.01598230635624635,0.0,0.0,0.30922419371317644,0.0
1985,credit_card,131.553,0.74,0.74,0.0,0.0,0.0,0.0,0.0,0.0
1985,auto_loan,211.747,0.7737,0.7737,0.0,0.0,0.0,0.0,0.0,0.0
1985,student_loan,0.0,0.8832,0.8832,0.0,0.0,0.0,0.0,0.0,0.0
1985,other_consumer,267.274,0.815554294879353,0.815554294879353,0.0,0.0,0.0,0.0,0.0,0.0
1985,multifamily_mortgage,205.915,0.7275400000000001,0.7275400000000001,0.12439598863608771,0.049340747395770095,0.0,0.0,0.07505524124031761,0.0
1985,treasury,1758.725,0.6227425650735805,0.6227425650735805,0.13832316786761814,0.0,0.0,0.12372386582281122,0.004722157467877012,0.0098771445769299
1985,state_local_debt,761.463,0.13641709146180572,0.13641709146180572,0.0018428359029432025,0.0,0.0,0.0,0.0018428359029432025,0.0
1985,corporate_bonds,581.156,0.0,0.351852,0.0,0.0,0.0,0.0,0.0,0.0
1985,corporate_loans,765.004,0.0,0.351852,0.0,0.0,0.0,0.0,0.0,0.0
1985,noncorporate_business_debt,240.247,0.0,0.351852,0.0,0.0,0.0,0.0,0.0,0.0
1985,commercial_mortgage,541.661,0.0,0.351852,0.015413699712550839,0.01541369971255084,0.0,0.0,0.0,0.0
1985,corporate_equity,1917.631,0.0,0.351852,0.0,0.0,0.0,0.0,0.0,0.0
1986,home_mortgage,1649.024,0.8402229999999999,0.8402229999999999,0.37541767116787245,0.013905321510708162,0.0,0.0,0.3615123496571643,0.0
1986,credit_card,148.902,0.74,0.74,0.0,0.0,0.0,0.0,0.0,0.0
1986,auto_loan,247.921,0.7737,0.7737,0.0,0.0,0.0,0.0,0.0,0.0
1986,student_loan,0.0,0.8832,0.8832,0.0,0.0,0.0,0.0,0.0,0.0
1986,other_consumer,269.532,0.815554294879353,0.815554294879353,0.0,0.0,0.0,0.0,0.0,0.0
1986,multifamily_mortgage,239.394,0.7275400000000001,0.7275400000000001,0.13244692849444847,0.04641302622455032,0.0,0.0,0.08603390226989815,0.0
1986,treasury,2003.903,0.626878617679897,0.626878617679897,0.14076186646153127,0.0,0.0,0.1215224293048456,0.01001572335745642,0.009223713799229268
1986,state_local_debt,832.612,0.1365133200715239,0.1365133200715239,0.0024500404559149357,0.0,0.0,0.0,0.0024500404559149357,0.0
1986,corporate_bonds,712.04,0.0,0.355108,0.0,0.0,0.0,0.0,0.0,0.0
1986,corporate_loans,857.654,0.0,0.355108,0.0,0.0,0.0,0.0,0.0,0.0
1986,noncorporate_business_debt,241.576,0.0,0.355108,0.0,0.0,0.0,0.0,0.0,0.0
1986,commercial_mortgage,601.97,0.0,0.355108,0.014249879562104424,0.014030599531538117,0.0,0.0,0.0002192800305663073,0.0
1986,corporate_equity,2241.896,0.0,0.355108,0.0,0.0,0.0,0.0,0.0,0.0
1987,home_mortgage,1829.012,0.8402229999999999,0.8402229999999999,0.40255985267989763,0.010757644018931381,0.0,0.0,0.39180220866096627,0.0
1987,credit_card,169.639,0.74,0.74,0.0,0.0,0.0,0.0,0.0,0.0
1987,auto_loan,266.552,0.7737,0.7737,0.0,0.0,0.0,0.0,0.0,0.0
1987,student_loan,0.0,0.8832,0.8832,0.0,0.0,0.0,0.0,0.0,0.0
1987,other_consumer,262.449,0.815554294879353,0.815554294879353,0.0,0.0,0.0,0.0,0.0,0.0
1987,multifamily_mortgage,258.744,0.7275400000000001,0.7275400000000001,0.14022740623937174,0.04436817858578363,0.0,0.0,0.09585922765358809,0.0
1987,treasury,2176.549,0.6193211832299486,0.6193211832299486,0.1487490044121185,0.0,0.0,0.12782414122516286,0.012256533508977225,0.008668329677978414
1987,state_local_debt,914.726,0.13955395890174746,0.13955395890174746,0.0024082703335203035,0.0,0.0,0.0,0.0024082703335203035,0.0
1987,corporate_bonds,796.183,0.0,0.362212,0.0,0.0,0.0,0.0,0.0,0.0
1987,corporate_loans,906.574,0.0,0.362212,0.0,0.0,0.0,0.0,0.0,0.0
1987,noncorporate_business_debt,262.135,0.0,0.362212,0.0,0.0,0.0,0.0,0.0,0.0
1987,commercial_mortgage,694.549,0.0,0.362212,0.009597594986098893,0.009506888642845933,0.0,0.0,9.070634325295982e-05,0.0
1987,corporate_equity,2287.678,0.0,0.362212,0.0,0.0,0.0,0.0,0.0,0.0
1988,home_mortgage,2055.294,0.8402229999999999,0.8402229999999999,0.394633355075301,0.009728413392620643,0.0,0.0,0.38490494168268036,0.0
1988,credit_card,194.46,0.74,0.74,0.0,0.0,0.0,0.0,0.0,0.0
1988,auto_loan,285.421,0.7737,0.7737,0.0,0.0,0.0,0.0,0.0,0.0
1988,student_loan,0.0,0.8832,0.8832,0.0,0.0,0.0,0.0,0.0,0.0
1988,other_consumer,265.325,0.815554294879353,0.815554294879353,0.0,0.0,0.0,0.0,0.0,0.0
1988,multifamily_mortgage,275.085,0.7275400000000001,0.7275400000000001,0.15612992347819765,0.04294672555755494,0.0,0.0,0.11318319792064271,0.0
1988,treasury,2347.021,0.6245050575527658,0.6245050575527658,0.1510899838062691,0.0,0.0,0.1284841953035431,0.014440189045999544,0.008165599456726447
1988,state_local_debt,955.243,0.13750424574463824,0.13750424574463824,0.002698719261255578,0.0,0.0,0.0,0.002698719261255578,0.0
1988,corporate_bonds,900.714,0.0,0.362506,1.3488432320441988e-06,0.0,0.0,0.0,0.0,1.3488432320441988e-06
1988,corporate_loans,1007.246,0.0,0.362506,1.3488432320441988e-06,0.0,0.0,0.0,0.0,1.3488432320441988e-06
1988,noncorporate_business_debt,273.984,0.0,0.362506,1.3488432320441988e-06,0.0,0.0,0.0,0.0,1.3488432320441988e-06
1988,commercial_mortgage,767.913,0.0,0.362506,0.007007304212847028,0.006957819440483491,0.0,0.0,4.9484772363535964e-05,0.0
1988,corporate_equity,2559.333,0.0,0.362506,2.2759646107011303e-06,0.0,0.0,0.0,0.0,2.2759646107011303e-06
1989,home_mortgage,2260.582,0.8402229999999999,0.8402229999999999,0.41317767246238857,0.008995689495127475,0.0,0.0,0.4041819829672611,0.0
1989,credit_card,222.295,0.74,0.74,0.0,0.0,0.0,0.0,0.0,0.0
1989,auto_loan,290.885,0.7737,0.7737,0.0,0.0,0.0,0.0,0.0,0.0
1989,student_loan,0.0,0.8832,0.8832,0.0,0.0,0.0,0.0,0.0,0.0
1989,other_consumer,296.105,0.815554294879353,0.815554294879353,0.0,0.0,0.0,0.0,0.0,0.0
1989,multifamily_mortgage,287.571,0.7275400000000001,0.7275400000000001,0.173817944090329,0.04265381418849606,0.0,0.0,0.13116412990183293,0.0
1989,treasury,2526.312,0.6276035225123077,0.6276035225123077,0.13076097561476324,0.0,0.0,0.11638840031964148,0.0066668959107138905,0.00770567938440788
1989,state_local_debt,996.043,0.1432513310359174,0.1432513310359174,0.0025569275296451217,0.0,0.0,0.0,0.0025569275296451217,0.0
1989,corporate_bonds,975.315,0.0,0.354393,9.680489397141472e-06,0.0,0.0,0.0,0.0,9.680489397141472e-06
1989,corporate_loans,1117.887,0.0,0.354393,9.680489397141472e-06,0.0,0.0,0.0,0.0,9.680489397141472e-06
1989,noncorporate_business_debt,293.367,0.0,0.354393,9.680489397141472e-06,0.0,0.0,0.0,0.0,9.680489397141472e-06
1989,commercial_mortgage,802.621,0.0,0.354393,0.005568007814398078,0.005535613944813306,0.0,0.0,3.239386958477289e-05,0.0
1989,corporate_equity,3140.008,0.0,0.354393,1.4424508025927398e-05,0.0,0.0,0.0,0.0,1.4424508025927398e-05
1990,home_mortgage,2489.811,0.8402229999999999,0.8402229999999999,0.44047849165439373,0.014551116838487971,0.0,0.0,0.42592737481590576,0.0
1990,credit_card,250.909,0.74,0.74,0.0,0.0,0.0,0.0,0.0,0.0
1990,auto_loan,283.891,0.7737,0.7737,0.0,0.0,0.0,0.0,0.0,0.0
1990,student_loan,0.0,0.8832,0.8832,0.0,0.0,0.0,0.0,0.0,0.0
1990,other_consumer,289.591,0.815554294879353,0.815554294879353,0.0,0.0,0.0,0.0,0.0,0.0
1990,multifamily_mortgage,288.098,0.7275400000000001,0.7275400000000001,0.2251213128865872,0.07952502273531924,0.0,0.0,0.14559629015126796,0.0
1990,treasury,2798.41,0.6343443032066874,0.6343443032066874,0.13471907478315231,0.0,0.0,0.11133764779150417,0.016256651061683492,0.007124775929964647
1990,state_local_debt,1034.678,0.14396725899564547,0.14396725899564547,0.0031118474831614007,0.0,0.0,0.0,0.0031118474831614007,0.0
1990,corporate_bonds,1022.449,0.0,0.35637,5.0986128374007045e-05,0.0,0.0,0.0,0.0,5.0986128374007045e-05
1990,corporate_loans,1178.016,0.0,0.35637,5.0986128374007045e-05,0.0,0.0,0.0,0.0,5.0986128374007045e-05
1990,noncorporate_business_debt,299.884,0.0,0.35637,5.0986128374007045e-05,0.0,0.0,0.0,0.0,5.0986128374007045e-05
1990,commercial_mortgage,822.624,0.0,0.35637,0.016350118644727116,0.01632094371182946,0.0,0.0,2.917493289765433e-05,0.0
1990,corporate_equity,2956.992,0.0,0.35637,9.628165896696576e-05,0.0,0.0,0.0,0.0,9.628165896696576e-05
1991,home_mortgage,2667.88,0.8402229999999999,0.8402229999999999,0.4677592371656537,0.013363581888197335,0.0,0.0,0.45439565527745635,0.0
1991,credit_card,277.089,0.74,0.74,0.0,0.0,0.0,0.0,0.0,0.0
1991,auto_loan,264.214,0.7737,0.7737,0.0,0.0,0.0,0.0,0.0,0.0
1991,student_loan,0.0,0.8832,0.8832,0.0,0.0,0.0,0.0,0.0,0.0
1991,other_consumer,274.278,0.815554294879353,0.815554294879353,0.0,0.0,0.0,0.0,0.0,0.0
1991,multifamily_mortgage,284.847,0.7275400000000001,0.7275400000000001,0.2533149374927593,0.1118354765891865,0.0,0.0,0.1414794609035728,0.0
1991,treasury,3128.797,0.6348572581702505,0.6348572581702505,0.1344701290803458,0.0,0.0,0.11115166262843071,0.016998547236098952,0.006319919215816148
1991,state_local_debt,1119.493,0.14039644119635017,0.14039644119635017,0.0023266050921510444,0.0,0.0,0.0,0.0023266050921510444,0.0
1991,corporate_bonds,1101.112,0.0,0.354091,8.573454224171698e-05,0.0,0.0,0.0,0.0,8.573454224171698e-05
1991,corporate_loans,1051.087,0.0,0.354091,8.573454224171698e-05,0.0,0.0,0.0,0.0,8.573454224171698e-05
1991,noncorporate_business_debt,298.492,0.0,0.354091,8.573454224171698e-05,0.0,0.0,0.0,0.0,8.573454224171698e-05
1991,commercial_mortgage,809.728,0.0,0.354091,0.0261729864843503,0.02614952181473285,0.0,0.0,2.346466961745179e-05,0.0
1991,corporate_equity,4000.417,0.0,0.354091,0.00021556289867532988,0.0,0.0,0.0,0.0,0.00021556289867532988
1992,home_mortgage,2840.903,0.8402229999999999,0.8402229999999999,0.4913339074252927,0.012428728431621093,0.0,0.0,0.4789051789936716,0.0
1992,credit_card,292.258,0.74,0.74,0.0,0.0,0.0,0.0,0.0,0.0
1992,auto_loan,263.987,0.7737,0.7737,0.0,0.0,0.0,0.0,0.0,0.0
1992,student_loan,0.0,0.8832,0.8832,0.0,0.0,0.0,0.0,0.0,0.0
1992,other_consumer,268.524,0.815554294879353,0.815554294879353,0.0,0.0,0.0,0.0,0.0,0.0
1992,multifamily_mortgage,271.664,0.7275400000000001,0.7275400000000001,0.2476662347605866,0.10168443371223276,0.0,0.0,0.14598180104835384,0.0
1992,treasury,3472.337,0.6368432777130748,0.6368432777130748,0.13789474942902583,0.0,0.0,0.11023800057396359,0.021935423118774586,0.005721325736287651
1992,state_local_debt,1129.871,0.1423143595266532,0.1423143595266532,0.0024380563154300363,0.0,0.0,0.0,0.0024380563154300363,0.0
1992,corporate_bonds,1168.905,0.0,0.352399,0.00011795807958584446,0.0,0.0,0.0,0.0,0.00011795807958584446
1992,corporate_loans,1036.502,0.0,0.352399,0.00011795807958584446,0.0,0.0,0.0,0.0,0.00011795807958584446
1992,noncorporate_business_debt,302.285,0.0,0.352399,0.00011795807958584446,0.0,0.0,0.0,0.0,0.00011795807958584446
1992,commercial_mortgage,765.161,0.0,0.352399,0.019131921255787998,0.019109703709415407,0.0,0.0,2.221754637259348e-05,0.0
1992,corporate_equity,4369.261,0.0,0.352399,0.00044541014528117,0.0,0.0,0.0,0.0,0.00044541014528116994
1993,home_mortgage,2999.676,0.8402229999999999,0.8402229999999999,0.5049032472728749,0.009878392503525579,0.0,0.0,0.4950248547693493,0.0
1993,credit_card,325.011,0.74,0.74,0.0,0.0,0.0,0.0,0.0,0.0
1993,auto_loan,289.768,0.7737,0.7737,0.0,0.0,0.0,0.0,0.0,0.0
1993,student_loan,0.0,0.8832,0.8832,0.0,0.0,0.0,0.0,0.0,0.0
1993,other_consumer,271.39,0.815554294879353,0.815554294879353,0.0,0.0,0.0,0.0,0.0,0.0
1993,multifamily_mortgage,268.532,0.7275400000000001,0.7275400000000001,0.23495523810942456,0.08609029836295115,0.0,0.0,0.1488649397464734,0.0
1993,treasury,3757.742,0.6296347516694205,0.6296347516694205,0.1371814628821861,0.0,0.0,0.11410595152503274,0.017731332491095327,0.005344178866058037
1993,state_local_debt,1182.594,0.14224663878792965,0.14224663878792965,0.002279999038159562,0.0,0.0,0.0,0.002279999038159562,0.0
1993,corporate_bonds,1351.17,0.0,0.353599,0.004518758718998512,0.0,0.0,0.0,0.004369332527433344,0.0001494261915651682
1993,corporate_loans,1012.46,0.0,0.353599,0.004518758718998512,0.0,0.0,0.0,0.004369332527433344,0.0001494261915651682
1993,noncorporate_business_debt,302.848,0.0,0.353599,0.004518758718998512,0.0,0.0,0.0,0.004369332527433344,0.0001494261915651682
1993,commercial_mortgage,739.136,0.0,0.353599,0.013763366958178197,0.01374577885531215,0.0,0.0,1.758810286604901e-05,0.0
1993,corporate_equity,4865.339,0.0,0.353599,0.0006984426856153521,0.0,0.0,0.0,0.0,0.0006984426856153521
1994,home_mortgage,3166.443,0.8402229999999999,0.8402229999999999,0.5128586798604986,0.008558120074117716,0.0,0.0,0.5043005597863809,0.0
1994,credit_card,383.187,0.74,0.74,0.0,0.0,0.0,0.0,0.0,0.0
1994,auto_loan,330.198,0.7737,0.7737,0.0,0.0,0.0,0.0,0.0,0.0
1994,student_loan,0.0,0.8832,0.8832,0.0,0.0,0.0,0.0,0.0,0.0
1994,other_consumer,307.783,0.815554294879353,0.815554294879353,0.0,0.0,0.0,0.0,0.0,0.0
1994,multifamily_mortgage,269.282,0.7275400000000001,0.7275400000000001,0.2272970343357521,0.07571616372427417,0.0,0.0,0.1515808706114779,0.0
1994,treasury,3951.076,0.6232714550357082,0.6232714550357082,0.1427052082841335,0.0,0.0,0.12039791004086048,0.017156055633155955,0.005151242610117059
1994,state_local_debt,1135.035,0.14008289329154835,0.14008289329154835,0.003921268215504406,0.0,0.0,0.0,0.003921268215504406,0.0
1994,corporate_bonds,1440.519,0.0,0.352941,0.007510343586976075,0.0,0.0,0.0,0.007368423380782604,0.00014192020619347153
1994,corporate_loans,1121.159,0.0,0.352941,0.007510343586976075,0.0,0.0,0.0,0.007368423380782604,0.00014192020619347153
1994,noncorporate_business_debt,325.351,0.0,0.352941,0.007510343586976075,0.0,0.0,0.0,0.007368423380782604,0.00014192020619347153
1994,commercial_mortgage,723.966,0.0,0.352941,0.01111654414710083,0.011104112624073506,0.0,0.0,1.2431523027324489e-05,0.0
1994,corporate_equity,4831.577,0.0,0.352941,0.00097807785461733,0.0,0.0,0.0,0.0,0.00097807785461733
1995,home_mortgage,3320.508,0.8402229999999999,0.8402229999999999,0.5153691749659196,0.006839866701363534,0.0,0.0,0.5085293082645561,0.0
1995,credit_card,464.947,0.74,0.74,0.0,0.0,0.0,0.0,0.0,0.0
1995,auto_loan,367.069,0.7737,0.7737,0.0,0.0,0.0,0.0,0.0,0.0
1995,student_loan,0.0,0.8832,0.8832,0.0,0.0,0.0,0.0,0.0,0.0
1995,other_consumer,336.144,0.815554294879353,0.815554294879353,0.0,0.0,0.0,0.0,0.0,0.0
1995,multifamily_mortgage,275.297,0.7275400000000001,0.7275400000000001,0.22612751365802627,0.06136304196210625,0.0,0.0,0.16476447169592,0.0
1995,treasury,4114.85,0.62215752163419,0.62215752163419,0.1394292863750736,0.0,0.0,0.116662620561842,0.017890055558623122,0.004876610254608471
1995,state_local_debt,1072.97,0.14345015876393993,0.14345015876393993,0.006167792895482402,0.0,0.0,0.0,0.006167792895482402,0.0
1995,corporate_bonds,1505.484,0.0,0.353357,0.009745200899290945,0.0,0.0,0.0,0.009582188402733742,0.00016301249655720172
1995,corporate_loans,1260.81,0.0,0.353357,0.009745200899290945,0.0,0.0,0.0,0.009582188402733742,0.00016301249655720172
1995,noncorporate_business_debt,345.398,0.0,0.353357,0.009745200899290945,0.0,0.0,0.0,0.009582188402733742,0.00016301249655720172
1995,commercial_mortgage,734.77,0.0,0.353357,0.009224667888819479,0.009217863029060833,0.0,0.0,6.804859758645234e-06,0.0
1995,corporate_equity,6449.974,0.0,0.353357,0.0013510859033127602,0.0,0.0,0.0,0.0,0.0013510859033127602
1996,home_mortgage,3538.631,0.8402229999999999,0.8402229999999999,0.5165347908811315,0.0056553100728049905,0.0,0.0,0.5108794808083266,0.0
1996,credit_card,524.417,0.74,0.74,0.0,0.0,0.0,0.0,0.0,0.0
1996,auto_loan,397.69,0.7737,0.7737,0.0,0.0,0.0,0.0,0.0,0.0
1996,student_loan,0.0,0.8832,0.8832,0.0,0.0,0.0,0.0,0.0,0.0
1996,other_consumer,351.771,0.815554294879353,0.815554294879353,0.0,0.0,0.0,0.0,0.0,0.0
1996,multifamily_mortgage,287.628,0.7275400000000001,0.7275400000000001,0.2246130418457174,0.05007857371326853,0.0,0.0,0.17453446813244888,0.0
1996,treasury,4316.468,0.6203085387599614,0.6203085387599614,0.12712871736703574,0.0,0.0,0.11677590749147797,0.005604187247964674,0.004748622627593095
1996,state_local_debt,1052.243,0.14495164858810786,0.14495164858810786,0.009648876807322024,0.0,0.0,0.0,0.009648876807322024,0.0
1996,corporate_bonds,1595.025,0.0,0.352434,0.011165917933612464,0.0,0.0,0.0,0.011009441787981475,0.00015647614563098932
1996,corporate_loans,1310.564,0.0,0.352434,0.011165917933612464,0.0,0.0,0.0,0.011009441787981475,0.00015647614563098932
1996,noncorporate_business_debt,378.582,0.0,0.352434,0.011165917933612464,0.0,0.0,0.0,0.011009441787981475,0.00015647614563098932
1996,commercial_mortgage,763.624,0.0,0.352434,0.008958597424910689,0.008958597424910689,0.0,0.0,0.0,0.0
1996,corporate_equity,7403.482,0.0,0.352434,0.0018664057793575997,0.0,0.0,0.0,0.0,0.0018664057793576
1997,home_mortgage,3746.359,0.8402229999999999,0.8402229999999999,0.5129093850511871,0.004866900701464955,0.0,0.0,0.5080424843497222,0.0
1997,credit_card,555.533,0.74,0.74,0.0,0.0,0.0,0.0,0.0,0.0
1997,auto_loan,423.206,0.7737,0.7737,0.0,0.0,0.0,0.0,0.0,0.0
1997,student_loan,0.0,0.8832,0.8832,0.0,0.0,0.0,0.0,0.0,0.0
1997,other_consumer,365.426,0.815554294879353,0.815554294879353,0.0,0.0,0.0,0.0,0.0,0.0
1997,multifamily_mortgage,301.406,0.7275400000000001,0.7275400000000001,0.22485617406421904,0.04566597877945363,0.0,0.0,0.17919019528476543,0.0
1997,treasury,4379.966,0.6217348289026746,0.6217348289026746,0.14085868799055803,0.0,0.0,0.1283772969702569,0.00771302159163218,0.004768369428668931
1997,state_local_debt,1103.186,0.14799275284321378,0.14799275284321378,0.009444901260563769,0.0,0.0,0.0,0.009444901260563769,0.0
1997,corporate_bonds,1735.483,0.0,0.353761,0.011681231950180145,0.0,0.0,0.0,0.011524186105336214,0.00015704584484393144
1997,corporate_loans,1436.768,0.0,0.353761,0.011681231950180145,0.0,0.0,0.0,0.011524186105336214,0.00015704584484393144
1997,noncorporate_business_debt,432.126,0.0,0.353761,0.011681231950180145,0.0,0.0,0.0,0.011524186105336214,0.00015704584484393144
1997,commercial_mortgage,831.643,0.0,0.353761,0.008861975631370672,0.008861975631370672,0.0,0.0,0.0,0.0
1997,corporate_equity,9430.052,0.0,0.353761,0.002304450137465922,0.0,0.0,0.0,0.0,0.002304450137465922
1998,home_mortgage,4048.59,0.8402229999999999,0.8402229999999999,0.513893995927337,0.004394435699007285,0.0,0.0,0.5094995602283298,0.0
1998,credit_card,597.66,0.74,0.74,0.0,0.0,0.0,0.0,0.0,0.0
1998,auto_loan,461.638,0.7737,0.7737,0.0,0.0,0.0,0.0,0.0,0.0
1998,student_loan,0.0,0.8832,0.8832,0.0,0.0,0.0,0.0,0.0,0.0
1998,other_consumer,381.974,0.815554294879353,0.815554294879353,0.0,0.0,0.0,0.0,0.0,0.0
1998,multifamily_mortgage,337.503,0.7275400000000001,0.7275400000000001,0.23109127918862943,0.04018927239165281,0.0,0.0,0.1909020067969766,0.0
1998,treasury,4366.585,0.628139065104786,0.628139065104786,0.1508298193424645,0.0,0.0,0.1381782297798578,0.007688504039230379,0.004963085523376316
1998,state_local_debt,1170.165,0.15435912651702474,0.15435912651702474,0.013390448393761235,0.0,0.0,0.0,0.013390448393761233,0.0
1998,corporate_bonds,1968.757,0.0,0.357362,0.016072638292989008,0.0,0.0,0.0,0.015899806761854346,0.0001728315311346633
1998,corporate_loans,1616.792,0.0,0.357362,0.016072638292989008,0.0,0.0,0.0,0.015899806761854346,0.0001728315311346633
1998,noncorporate_business_debt,470.77,0.0,0.357362,0.016072638292989008,0.0,0.0,0.0,0.015899806761854346,0.0001728315311346633
1998,commercial_mortgage,921.762,0.0,0.357362,0.008358990715607717,0.008358990715607717,0.0,0.0,0.0,0.0
1998,corporate_equity,11882.255,0.0,0.357362,0.0026995063032780966,0.0,0.0,0.0,0.0,0.0026995063032780966
1999,home_mortgage,4424.263,0.8402229999999999,0.8402229999999999,0.5215485421236176,0.003914757874016167,0.0,0.0,0.5176337842496014,0.0
1999,credit_card,627.467,0.74,0.74,0.0,0.0,0.0,0.0,0.0,0.0
1999,auto_loan,511.021,0.7737,0.7737,0.0,0.0,0.0,0.0,0.0,0.0
1999,student_loan,0.0,0.8832,0.8832,0.0,0.0,0.0,0.0,0.0,0.0
1999,other_consumer,415.134,0.815554294879353,0.815554294879353,0.0,0.0,0.0,0.0,0.0,0.0
1999,multifamily_mortgage,378.52,0.7275400000000001,0.7275400000000001,0.2419343759907006,0.03593469301490013,0.0,0.0,0.20599968297580046,0.0
1999,treasury,4336.716,0.6306964503113505,0.6306964503113505,0.1707067590357881,0.0,0.0,0.1554032327024926,0.010060699739338042,0.005242826593957467
1999,state_local_debt,1209.131,0.1556263585740317,0.1556263585740317,0.016488019262009747,0.0,0.0,0.0,0.016488019262009747,0.0
1999,corporate_bonds,2175.915,0.0,0.364541,0.021982270896086783,0.0,0.0,0.0,0.02183293877114214,0.00014933212494464413
1999,corporate_loans,1721.454,0.0,0.364541,0.021982270896086783,0.0,0.0,0.0,0.02183293877114214,0.00014933212494464413
1999,noncorporate_business_debt,535.329,0.0,0.364541,0.021982270896086783,0.0,0.0,0.0,0.02183293877114214,0.00014933212494464413
1999,commercial_mortgage,1059.505,0.0,0.364541,0.039032378327615254,0.039032378327615254,0.0,0.0,0.0,0.0
1999,corporate_equity,15385.531,0.0,0.364541,0.0028487284591472094,0.0,0.0,0.0,0.0,0.0028487284591472094
2000,home_mortgage,4805.227,0.8402229999999999,0.8402229999999999,0.518570176402693,0.003218788856134082,0.0,0.0,0.515351387546559,0.0
2000,credit_card,702.247,0.74,0.74,0.0,0.0,0.0,0.0,0.0,0.0
2000,auto_loan,581.221,0.7737,0.7737,0.0,0.0,0.0,0.0,0.0,0.0
2000,student_loan,0.0,0.8832,0.8832,0.0,0.0,0.0,0.0,0.0,0.0
2000,other_consumer,457.799,0.815554294879353,0.815554294879353,0.0,0.0,0.0,0.0,0.0,0.0
2000,multifamily_mortgage,408.088,0.7275400000000001,0.7275400000000001,0.25698378781047226,0.034139695359824355,0.0,0.0,0.2228440924506479,0.0
2000,treasury,4062.699,0.632630546358393,0.632630546358393,0.1905885849843352,0.0,0.0,0.18020960116753443,0.0046705603263686975,0.0057084234904320776
2000,state_local_debt,1227.942,0.16159619976703574,0.16159619976703574,0.020017071105611184,0.0,0.0,0.0,0.020017071105611184,0.0
2000,corporate_bonds,2318.781,0.0,0.369457,0.027442991640182497,0.0,0.0,0.0,0.027297690397190735,0.00014530124299176508
2000,corporate_loans,1898.239,0.0,0.369457,0.027442991640182497,0.0,0.0,0.0,0.027297690397190735,0.00014530124299176508
2000,noncorporate_business_debt,602.785,0.0,0.369457,0.027442991640182497,0.0,0.0,0.0,0.027297690397190735,0.00014530124299176508
2000,commercial_mortgage,1166.629,0.0,0.369457,0.03520399372894039,0.03520399372894039,0.0,0.0,0.0,0.0
2000,corporate_equity,13360.919,0.0,0.369457,0.003101030982081757,0.0,0.0,0.0,0.0,0.0031010309820817573
2001,home_mortgage,5311.785,0.8402229999999999,0.8402229999999999,0.5288064354408213,0.0028007654178023185,0.0,0.0,0.5260056700230189,0.0
2001,credit_card,735.093,0.74,0.74,0.0,0.0,0.0,0.0,0.0,0.0
2001,auto_loan,674.204,0.7737,0.7737,0.0,0.0,0.0,0.0,0.0,0.0
2001,student_loan,0.0,0.8832,0.8832,0.0,0.0,0.0,0.0,0.0,0.0
2001,other_consumer,482.53,0.815554294879353,0.815554294879353,0.0,0.0,0.0,0.0,0.0,0.0
2001,multifamily_mortgage,450.045,0.7275400000000001,0.7275400000000001,0.2855958848559588,0.030536946305369458,0.0,0.0,0.25505893855058936,0.0
2001,treasury,4118.46,0.6547238997414414,0.6547238997414414,0.20115579850001228,0.0,0.0,0.19064316734266218,0.0047042650782356645,0.0058083660791144525
2001,state_local_debt,1336.628,0.1620867654572727,0.1620867654572727,0.022421129395351787,0.0,0.0,0.0,0.022421129395351787,0.0
2001,corporate_bonds,2620.014,0.0,0.368215,0.029036100196012684,0.0,0.0,0.0,0.028598496464830283,0.0004376037311823969
2001,corporate_loans,1691.954,0.0,0.368215,0.029036100196012684,0.0,0.0,0.0,0.028598496464830283,0.0004376037311823969
2001,noncorporate_business_debt,641.403,0.0,0.368215,0.029036100196012684,0.0,0.0,0.0,0.028598496464830283,0.0004376037311823969
2001,commercial_mortgage,1252.642,0.0,0.368215,0.032702879194534434,0.032702879194534434,0.0,0.0,0.0,0.0
2001,corporate_equity,11943.208,0.0,0.368215,0.0029956961467918573,0.0,0.0,0.0,0.0,0.0029956961467918573
2002,home_mortgage,6016.313,0.8402229999999999,0.8402229999999999,0.5226932998523264,0.0023289758176572853,0.0,0.0,0.5203643240346691,0.0
2002,credit_card,772.123,0.74,0.74,0.0,0.0,0.0,0.0,0.0,0.0
2002,auto_loan,708.794,0.7737,0.7737,0.0,0.0,0.0,0.0,0.0,0.0
2002,student_loan,0.0,0.8832,0.8832,0.0,0.0,0.0,0.0,0.0,0.0
2002,other_consumer,516.091,0.815554294879353,0.815554294879353,0.0,0.0,0.0,0.0,0.0,0.0
2002,multifamily_mortgage,490.694,0.7275400000000001,0.7275400000000001,0.3066758509376516,0.02906291904934644,0.0,0.0,0.27761293188830516,0.0
2002,treasury,4400.053,0.6665188539095945,0.6665188539095945,0.21115619527344676,0.0,0.0,0.19760614400434012,0.008077788389509582,0.00547226287959703
2002,state_local_debt,1478.4,0.1451011646467995,0.1451011646467995,0.022024788929572,0.0,0.0,0.0,0.022024788929572,0.0
2002,corporate_bonds,2693.847,0.0,0.367135,0.032364487576903765,0.0008164144905863866,0.0,0.0,0.03104080711215432,0.0005072659741630561
2002,corporate_loans,1563.245,0.0,0.367135,0.032364487576903765,0.0008164144905863866,0.0,0.0,0.03104080711215432,0.0005072659741630561
2002,noncorporate_business_debt,673.587,0.0,0.367135,0.032364487576903765,0.0008164144905863866,0.0,0.0,0.03104080711215432,0.0005072659741630561
2002,commercial_mortgage,1359.236,0.0,0.367135,0.030974017757034098,0.0309740177570341,0.0,0.0,0.0,0.0
2002,corporate_equity,9268.856,0.0,0.367135,0.0037016100290619895,0.0,0.0,0.0,0.0,0.0037016100290619895
2003,home_mortgage,6895.613,0.8402229999999999,0.8402229999999999,0.5201904029573554,0.0019463990374895181,0.0,0.0,0.5182440039198659,0.0
2003,credit_card,790.388,0.74,0.74,0.0,0.0,0.0,0.0,0.0,0.0
2003,auto_loan,759.485,0.7737,0.7737,0.0,0.0,0.0,0.0,0.0,0.0
2003,student_loan,0.0,0.8832,0.8832,0.0,0.0,0.0,0.0,0.0,0.0
2003,other_consumer,553.059,0.815554294879353,0.815554294879353,0.0,0.0,0.0,0.0,0.0,0.0
2003,multifamily_mortgage,564.969,0.7275400000000001,0.7275400000000001,0.3388398301499728,0.025665124989158697,0.0,0.0,0.31317470516081414,0.0
2003,treasury,4823.169,0.6529583904480671,0.6529583904480671,0.20042129024872593,0.0,0.0,0.191269043630395,0.0038623054537922008,0.005289941164538745
2003,state_local_debt,1604.135,0.14076405708551365,0.14076405708551365,0.02274690056117666,0.0,0.0,0.0,0.02274690056117666,0.0
2003,corporate_bonds,2786.499,0.0,0.366152,0.03449621820064822,0.0008105358050710704,0.0,0.0,0.03231873725832057,0.0013669451372565799
2003,corporate_loans,1447.602,0.0,0.366152,0.03449621820064822,0.0008105358050710704,0.0,0.0,0.03231873725832057,0.0013669451372565799
2003,noncorporate_business_debt,684.023,0.0,0.366152,0.03449621820064822,0.0008105358050710704,0.0,0.0,0.03231873725832057,0.0013669451372565799
2003,commercial_mortgage,1480.187,0.0,0.366152,0.027380999833129194,0.027380999833129194,0.0,0.0,0.0,0.0
2003,corporate_equity,11930.291,0.0,0.366152,0.00456018761505858,0.0,0.0,0.0,0.0,0.00456018761505858
2004,home_mortgage,7840.578,0.8402229999999999,0.8402229999999999,0.4592470748747929,0.0016463423183342657,0.0,0.0,0.4576007325564586,0.0
2004,credit_card,824.421,0.74,0.74,0.0,0.0,0.0,0.0,0.0,0.0
2004,auto_loan,797.863,0.7737,0.7737,0.0,0.0,0.0,0.0,0.0,0.0
2004,student_loan,0.0,0.8832,0.8832,0.0,0.0,0.0,0.0,0.0,0.0
2004,other_consumer,597.835,0.815554294879353,0.815554294879353,0.0,0.0,0.0,0.0,0.0,0.0
2004,multifamily_mortgage,617.673,0.7275400000000001,0.7275400000000001,0.3288714254953673,0.02420374534745731,0.0,0.0,0.30466768014791,0.0
2004,treasury,5226.622,0.6403391318778632,0.6403391318778632,0.19822001753896695,0.0,0.0,0.19029328461162429,0.003409176463851596,0.0045175564634910605
2004,state_local_debt,2526.29,0.14132585702223469,0.14132585702223469,0.015109711587406453,0.0,0.0,0.0,0.015109711587406453,0.0
2004,corporate_bonds,2781.773,0.0,0.36469,0.05670197756046831,0.001021338176010175,0.0,0.0,0.05441203400297928,0.00126860538147886
2004,corporate_loans,1523.967,0.0,0.36469,0.05670197756046831,0.001021338176010175,0.0,0.0,0.05441203400297928,0.00126860538147886
2004,noncorporate_business_debt,718.355,0.0,0.36469,0.05670197756046831,0.001021338176010175,0.0,0.0,0.05441203400297928,0.00126860538147886
2004,commercial_mortgage,1670.823,0.0,0.36469,0.02535876032350524,0.02535876032350524,0.0,0.0,0.0,0.0
2004,corporate_equity,13516.571,0.0,0.36469,0.004963471917294053,0.0,0.0,0.0,0.0,0.004963471917294053
2005,home_mortgage,8902.867,0.8402229999999999,0.8402229999999999,0.4158353411840962,0.0014018738759799063,0.0,0.0,0.4144334673081163,0.0
2005,credit_card,856.683,0.74,0.74,0.0,0.0,0.0,0.0,0.0,0.0
2005,auto_loan,823.097,0.7737,0.7737,0.0,0.0,0.0,0.0,0.0,0.0
2005,student_loan,0.0,0.8832,0.8832,0.0,0.0,0.0,0.0,0.0,0.0
2005,other_consumer,640.775,0.815554294879353,0.815554294879353,0.0,0.0,0.0,0.0,0.0,0.0
2005,multifamily_mortgage,670.735,0.7275400000000001,0.7275400000000001,0.3118727962608184,0.02227705427627901,0.0,0.0,0.28959574198453936,0.0
2005,treasury,5560.94,0.6182616061512595,0.6182616061512595,0.19810306452623275,0.0,0.0,0.1902854607911696,0.0033415621656104695,0.004476041569452665
2005,state_local_debt,2696.382,0.143061308099378,0.143061308099378,0.012529417854743976,0.0,0.0,0.0,0.012529417854743976,0.0
2005,corporate_bonds,2752.376,0.0,0.362934,0.05953805594018824,0.0010935820572614662,0.0,0.0,0.057439083927057356,0.0010053899558694125
2005,corporate_loans,1604.625,0.0,0.362934,0.05953805594018824,0.0010935820572614662,0.0,0.0,0.057439083927057356,0.0010053899558694125
2005,noncorporate_business_debt,882.133,0.0,0.362934,0.05953805594018824,0.0010935820572614662,0.0,0.0,0.057439083927057356,0.0010053899558694125
2005,commercial_mortgage,1905.514,0.0,0.362934,0.023727456213913936,0.023727456213913936,0.0,0.0,0.0,0.0
2005,corporate_equity,14217.771,0.0,0.362934,0.0052387136495807875,0.0,0.0,0.0,0.0,0.0052387136495807875
2006,home_mortgage,9899.344,0.8402229999999999,0.8402229999999999,0.4022982380511774,0.0012722760318486554,0.0,0.0,0.4010259620193288,0.0
2006,credit_card,923.877,0.74,0.74,0.0,0.0,0.0,0.0,0.0,0.0
2006,auto_loan,784.975,0.7737,0.7737,0.0,0.0,0.0,0.0,0.0,0.0
2006,student_loan,521.382,0.8832,0.8832,0.2084153269579694,0.2084153269579694,0.0,0.0,0.0,0.0
2006,other_consumer,226.482,0.815554294879353,0.815554294879353,0.0,0.0,0.0,0.0,0.0,0.0
2006,multifamily_mortgage,713.985,0.7275400000000001,0.7275400000000001,0.29265600817944354,0.020689510283829492,0.0,0.0,0.27196649789561406,0.0
2006,treasury,5780.414,0.6103474220125993,0.6103474220125993,0.19977530299471968,0.0,0.0,0.19194984411922492,0.003510921511546957,0.004314537363947786
2006,state_local_debt,2822.255,0.1459446663905752,0.1459446663905752,0.010738786625121103,0.0,0.0,0.0,0.010738786625121103,0.0
2006,corporate_bonds,2830.203,0.0,0.35986,0.054726414974599846,0.001019660552277654,0.0,0.0,0.05271039977171158,0.0009963546506106145
2006,corporate_loans,1770.992,0.0,0.35986,0.054726414974599846,0.001019660552277654,0.0,0.0,0.05271039977171158,0.0009963546506106145
2006,noncorporate_business_debt,1016.074,0.0,0.35986,0.054726414974599846,0.001019660552277654,0.0,0.0,0.05271039977171158,0.0009963546506106145
2006,commercial_mortgage,2192.36,0.0,0.35986,0.022325256800890366,0.022325256800890366,0.0,0.0,0.0,0.0
2006,corporate_equity,16023.053,0.0,0.35986,0.00554172169435372,0.0,0.0,0.0,0.0,0.00554172169435372
2007,home_mortgage,10577.134,0.8402229999999999,0.8402229999999999,0.43136615975204856,0.0012138925860802998,0.0,0.0,0.4301522671659682,0.0
2007,credit_card,1001.625,0.74,0.74,0.0,0.0,0.0,0.0,0.0,0.0
2007,auto_loan,801.16,0.7737,0.7737,0.0,0.0,0.0,0.0,0.0,0.0
2007,student_loan,589.489,0.8832,0.8832,0.19619874162198106,0.19619874162198106,0.0,0.0,0.0,0.0
2007,other_consumer,217.203,0.815554294879353,0.815554294879353,0.0,0.0,0.0,0.0,0.0,0.0
2007,multifamily_mortgage,804.637,0.7275400000000001,0.7275400000000001,0.31097128270263485,0.017932309849037518,0.0,0.0,0.29303897285359737,0.0
2007,treasury,6051.176,0.6226039899254453,0.6226039899254453,0.17763274459508305,0.0,0.0,0.16975460669707043,0.0035635102237468177,0.004314627674265781
2007,state_local_debt,3006.776,0.1483759055509002,0.1483759055509002,0.00969727868589128,0.0,0.0,0.0,0.00969727868589128,0.0
2007,corporate_bonds,2966.161,0.0,0.360974,0.04641333727885733,0.0009832455684602003,0.0,0.0,0.04456951188153983,0.0008605798288572976
2007,corporate_loans,2178.347,0.0,0.360974,0.04641333727885733,0.0009832455684602003,0.0,0.0,0.04456951188153983,0.0008605798288572976
2007,noncorporate_business_debt,1175.865,0.0,0.360974,0.04641333727885733,0.0009832455684602003,0.0,0.0,0.04456951188153983,0.0008605798288572976
2007,commercial_mortgage,2458.661,0.0,0.360974,0.020677515119001767,0.020677515119001767,0.0,0.0,0.0,0.0
2007,corporate_equity,16914.397,0.0,0.360974,0.005733975693737488,0.0,0.0,0.0,0.0,0.005733975693737488
2008,home_mortgage,10540.066,0.8402229999999999,0.8402229999999999,0.4799595563180161,0.0012148940868256066,0.0,0.0,0.4787446622311905,0.0
2008,credit_card,1003.997,0.74,0.74,0.0,0.0,0.0,0.0,0.0,0.0
2008,auto_loan,777.276,0.7737,0.7737,0.0,0.0,0.0,0.0,0.0,0.0
2008,student_loan,675.953,0.8832,0.8832,0.19994289543799643,0.19994289543799643,0.0,0.0,0.0,0.0
2008,other_consumer,186.563,0.815554294879353,0.815554294879353,0.0,0.0,0.0,0.0,0.0,0.0
2008,multifamily_mortgage,857.88,0.7275400000000001,0.7275400000000001,0.34656362195178814,0.016734275190003263,0.0,0.0,0.3298293467617849,0.0
2008,treasury,7353.471,0.6552953711312364,0.6552953711312364,0.08866269213140843,0.0,0.0,0.08109023126479162,0.004275323179469179,0.003297137687147621
2008,state_local_debt,3063.688,0.15124084062755228,0.15124084062755228,0.008407014491018038,0.0,0.0,0.0,0.008407014491018038,0.0
2008,corporate_bonds,3090.597,0.0,0.357815,0.03824766557607173,0.0012780357471512296,0.0,0.0,0.03618673886292225,0.0007828909659982506
2008,corporate_loans,2318.698,0.0,0.357815,0.03824766557607173,0.0012780357471512296,0.0,0.0,0.03618673886292225,0.0007828909659982506
2008,noncorporate_business_debt,1309.009,0.0,0.357815,0.03824766557607173,0.0012780357471512296,0.0,0.0,0.03618673886292225,0.0007828909659982506
2008,commercial_mortgage,2580.61,0.0,0.357815,0.021184913644448404,0.021184913644448404,0.0,0.0,0.0,0.0
2008,corporate_equity,11038.117,0.0,0.357815,0.021646123773821562,0.016378452946153237,0.0,0.0,0.0,0.005267670827668323
2009,home_mortgage,10406.753,0.8402229999999999,0.8402229999999999,0.5230197043203364,0.0013565201697489776,0.0,0.0,0.5216631841505874,0.0
2009,credit_card,916.077,0.74,0.74,0.0,0.0,0.0,0.0,0.0,0.0
2009,auto_loan,719.084,0.7737,0.7737,0.0,0.0,0.0,0.0,0.0,0.0
2009,student_loan,771.7,0.8832,0.8832,0.3014772580018142,0.3014772580018142,0.0,0.0,0.0,0.0
2009,other_consumer,148.156,0.815554294879353,0.815554294879353,0.0,0.0,0.0,0.0,0.0,0.0
2009,multifamily_mortgage,870.245,0.7275400000000001,0.7275400000000001,0.37314894081551747,0.016811357721101528,0.0,0.0,0.35633758309441593,0.0
2009,treasury,8859.15,0.6596978049331981,0.6596978049331981,0.11895516031188916,0.0,0.0,0.10984950554935291,0.006327123755739924,0.0027785310067963186
2009,state_local_debt,3211.75,0.13770016915115413,0.13770016915115413,0.007569378798745126,0.0,0.0,0.0,0.007569378798745126,0.0
2009,corporate_bonds,3305.299,0.0,0.353839,0.025352199927753862,0.0012616407668429197,0.0,0.0,0.023277431122578233,0.00081312803833271
2009,corporate_loans,1719.126,0.0,0.353839,0.025352199927753862,0.0012616407668429197,0.0,0.0,0.023277431122578233,0.00081312803833271
2009,noncorporate_business_debt,1191.995,0.0,0.353839,0.025352199927753862,0.0012616407668429197,0.0,0.0,0.023277431122578233,0.00081312803833271
2009,commercial_mortgage,2505.912,0.0,0.353839,0.0237215033887862,0.0237215033887862,0.0,0.0,0.0,0.0
2009,corporate_equity,13674.04,0.0,0.353839,0.017618013534046465,0.010725274850817031,0.0,0.0011950821981972374,0.0,0.005697656485032197
2010,home_mortgage,9957.898,0.8402229999999999,0.8402229999999999,0.5517061848814644,0.002020107645643621,0.0,0.0,0.5496860772358207,0.0
2010,credit_card,839.103,0.74,0.74,0.0,0.0,0.0,0.0,0.0,0.0
2010,auto_loan,713.496,0.7737,0.7737,0.0,0.0,0.0,0.0,0.0,0.0
2010,student_loan,855.483,0.8832,0.8832,0.4252381403254068,0.4252381403254068,0.0,0.0,0.0,0.0
2010,other_consumer,238.729,0.815554294879353,0.815554294879353,0.0,0.0,0.0,0.0,0.0,0.0
2010,multifamily_mortgage,870.539,0.7275400000000001,0.7275400000000001,0.38910605957918026,0.016292205174035856,0.0,0.0,0.37281385440514436,0.0
2010,treasury,10504.401,0.6321029638256104,0.6321029638256104,0.12988796786651596,0.0,0.0,0.11713532393270527,0.010498217845215875,0.002254426088594817
2010,state_local_debt,3314.666,0.13725255087324226,0.13725255087324226,0.006248988598074317,0.0,0.0,0.0,0.006248988598074317,0.0
2010,corporate_bonds,3494.539,0.0,0.34601,0.02298533862662631,0.0013167721394599268,0.0,0.0,0.020814236861758578,0.0008543296254078062
2010,corporate_loans,1482.465,0.0,0.34601,0.02298533862662631,0.0013167721394599268,0.0,0.0,0.020814236861758578,0.0008543296254078062
2010,noncorporate_business_debt,1171.053,0.0,0.34601,0.02298533862662631,0.0013167721394599268,0.0,0.0,0.020814236861758578,0.0008543296254078062
2010,commercial_mortgage,2382.828,0.0,0.34601,0.02570642950309464,0.02570642950309464,0.0,0.0,0.0,0.0
2010,corporate_equity,15565.283,0.0,0.34601,0.016361662321508822,0.009333281152685786,0.0,0.0010801148421820605,0.0,0.005948266326640974
2011,home_mortgage,9754.939,0.8402229999999999,0.8402229999999999,0.5691153853845602,0.0022654960839393464,0.0,0.0,0.5668498893006209,0.0
2011,credit_card,840.164,0.74,0.74,0.0,0.0,0.0,0.0,0.0,0.0
2011,auto_loan,751.041,0.7737,0.7737,0.0,0.0,0.0,0.0,0.0,0.0
2011,student_loan,959.824,0.8832,0.8832,0.5154684608844955,0.5154684608844955,0.0,0.0,0.0,0.0
2011,other_consumer,205.196,0.815554294879353,0.815554294879353,0.0,0.0,0.0,0.0,0.0,0.0
2011,multifamily_mortgage,874.772,0.7275400000000001,0.7275400000000001,0.4121691137805051,0.01599502498936866,0.0,0.0,0.39617408879113647,0.0
2011,treasury,11641.982,0.6188752824075405,0.6188752824075405,0.17729777824641677,0.0,0.0,0.16423222865185697,0.011184049635187258,0.0018814999593725543
2011,state_local_debt,3300.968,0.14411590612107786,0.14411590612107786,0.005337468817330456,0.0,0.0,0.0,0.005337468817330456,0.0
2011,corporate_bonds,3667.874,0.0,0.341444,0.019928637647206718,0.0012762224354118425,0.0,0.0,0.017647122141954685,0.0010052930698401892
2011,corporate_loans,1717.684,0.0,0.341444,0.019928637647206718,0.0012762224354118425,0.0,0.0,0.017647122141954685,0.0010052930698401892
2011,noncorporate_business_debt,1146.317,0.0,0.341444,0.019928637647206718,0.0012762224354118425,0.0,0.0,0.017647122141954685,0.0010052930698401892
2011,commercial_mortgage,2287.823,0.0,0.341444,0.02881298072447038,0.02881298072447038,0.0,0.0,0.0,0.0
2011,corporate_equity,15594.528,0.0,0.341444,0.014445503250677953,0.008855933697551778,0.0,0.0,0.0,0.005589569553126173
2012,home_mortgage,9506.994,0.8402229999999999,0.8402229999999999,0.5816221114599067,0.0024283147529554593,0.0,0.0,0.5791937967069514,0.0
2012,credit_card,839.981,0.74,0.74,0.0,0.0,0.0,0.0,0.0,0.0
2012,auto_loan,809.24,0.7737,0.7737,0.0,0.0,0.0,0.0,0.0,0.0
2012,student_loan,1054.565,0.8832,0.8832,0.5900518223153622,0.5900518223153622,0.0,0.0,0.0,0.0
2012,other_consumer,209.119,0.815554294879353,0.815554294879353,0.0,0.0,0.0,0.0,0.0,0.0
2012,multifamily_mortgage,903.931,0.7275400000000001,0.7275400000000001,0.43517639640237626,0.015148296881395682,0.0,0.0,0.4200280995209805,0.0
2012,treasury,12822.949,0.6106372380792023,0.6106372380792023,0.18128387622805764,0.0,0.0,0.172479977299875,0.0071650764028164445,0.0016388225253661929
2012,state_local_debt,3326.027,0.1478993372097951,0.1478993372097951,0.004243082464977464,0.0,0.0,0.0,0.004225013467426175,1.806899755128945e-05
2012,corporate_bonds,4050.934,0.0,0.338333,0.017267193756108676,0.0011010306194932892,0.0,0.0,0.015042611638576394,0.0011235514980389922
2012,corporate_loans,1799.795,0.0,0.338333,0.017267193756108676,0.0011010306194932892,0.0,0.0,0.015042611638576394,0.0011235514980389922
2012,noncorporate_business_debt,1223.757,0.0,0.338333,0.017267193756108676,0.0011010306194932892,0.0,0.0,0.015042611638576394,0.0011235514980389922
2012,commercial_mortgage,2252.182,0.0,0.338333,0.03002466052921123,0.03002466052921123,0.0,0.0,0.0,0.0
2012,corporate_equity,17481.854,0.0,0.338333,0.011150959550627929,0.005285353043021907,0.0,0.0,0.0,0.005865606507606022
2013,home_mortgage,9395.044,0.8402229999999999,0.8402229999999999,0.6045460526547966,0.00255394063996233,0.0,0.0,0.6019921120148342,0.0
2013,credit_card,854.139,0.74,0.74,0.0,0.0,0.0,0.0,0.0,0.0
2013,auto_loan,878.188,0.7737,0.7737,0.0,0.0,0.0,0.0,0.0,0.0
2013,student_loan,1145.551,0.8832,0.8832,0.6420639500118284,0.6420639500118284,0.0,0.0,0.0,0.0
2013,other_consumer,212.59,0.815554294879353,0.815554294879353,0.0,0.0,0.0,0.0,0.0,0.0
2013,multifamily_mortgage,946.526,0.7275400000000001,0.7275400000000001,0.42794281403786055,0.01451941098289957,0.0,0.0,0.41342340305496095,0.0
2013,treasury,13680.64,0.6014238122361243,0.6014238122361243,0.20860688492208454,0.0,0.0,0.20053787142253793,0.0058614435061562975,0.002207569993390309
2013,state_local_debt,3350.452,0.15347867919682295,0.15347867919682295,0.0034399110228959073,0.0,0.0,0.0,0.0034213224914002222,1.8588531495684878e-05
2013,corporate_bonds,4343.075,0.0,0.341133,0.01382308831278448,0.0010195714058548965,0.0,0.0,0.011735800601985478,0.0010677163049441051
2013,corporate_loans,1943.089,0.0,0.341133,0.01382308831278448,0.0010195714058548965,0.0,0.0,0.011735800601985478,0.0010677163049441051
2013,noncorporate_business_debt,1253.171,0.0,0.341133,0.01382308831278448,0.0010195714058548965,0.0,0.0,0.011735800601985478,0.0010677163049441051
2013,commercial_mortgage,2293.118,0.0,0.341133,0.031048990937230445,0.031048990937230445,0.0,0.0,0.0,0.0
2013,corporate_equity,22681.681,0.0,0.341133,0.010540136834994333,0.004079726445523598,0.0,0.0,0.0,0.006460410389470735
2014,home_mortgage,9341.508,0.8402229999999999,0.8402229999999999,0.6106065716375954,0.0026915736819053695,0.0,0.0,0.6079149979556899,0.0
2014,credit_card,887.382,0.74,0.74,0.0,0.0,0.0,0.0,0.0,0.0
2014,auto_loan,955.29,0.7737,0.7737,0.0,0.0,0.0,0.0,0.0,0.0
2014,student_loan,1235.751,0.8832,0.8832,0.6848046248799313,0.6848046248799313,0.0,0.0,0.0,0.0
2014,other_consumer,231.117,0.815554294879353,0.815554294879353,0.0,0.0,0.0,0.0,0.0,0.0
2014,multifamily_mortgage,1016.222,0.7275400000000001,0.7275400000000001,0.4192341830820431,0.01293910188915414,0.0,0.0,0.40629508119288893,0.0
2014,treasury,14416.68,0.6058876840402118,0.6058876840402118,0.2246650068546086,0.0,0.0,0.21680982030640758,0.0059060087446772,0.0019491778035238283
2014,state_local_debt,3310.826,0.15130933230347987,0.15130933230347987,0.0028379924158367527,0.0,0.0,0.0,0.0028225445566525714,1.544785918418139e-05
2014,corporate_bonds,4657.446,0.0,0.341032,0.010715798192677291,0.0009850386230633975,0.0,0.0,0.008702817964724061,0.0010279416048898328
2014,corporate_loans,2170.588,0.0,0.341032,0.010715798192677291,0.0009850386230633975,0.0,0.0,0.008702817964724061,0.0010279416048898328
2014,noncorporate_business_debt,1350.632,0.0,0.341032,0.010715798192677291,0.0009850386230633975,0.0,0.0,0.008702817964724061,0.0010279416048898328
2014,commercial_mortgage,2381.72,0.0,0.341032,0.030035869050882995,0.030035869050882995,0.0,0.0,0.0,0.0
2014,corporate_equity,25317.731,0.0,0.341032,0.009147463954087843,0.002679819667359904,0.0,0.0,0.0,0.00646764428672794
2015,home_mortgage,9435.806,0.8402229999999999,0.8402229999999999,0.6156313312100341,0.002831431656042685,0.0,0.0,0.6127998995539914,0.0
2015,credit_card,898.083,0.74,0.74,0.0,0.0,0.0,0.0,0.0,0.0
2015,auto_loan,990.04,0.7737,0.7737,0.0,0.0,0.0,0.0,0.0,0.0
2015,student_loan,1320.248,0.8832,0.8832,0.7193080390956851,0.7193080390956851,0.0,0.0,0.0,0.0
2015,other_consumer,191.859,0.815554294879353,0.815554294879353,0.0,0.0,0.0,0.0,0.0,0.0
2015,multifamily_mortgage,1121.505,0.7275400000000001,0.7275400000000001,0.4157547224488522,0.011455142866059446,0.0,0.0,0.4042995795827927,0.0
2015,treasury,15141.072,0.6163305874939126,0.6163305874939126,0.21275896586850268,0.0,0.0,0.2034509217263626,0.0073281317263306535,0.0019799124158094345
2015,state_local_debt,3360.041,0.1560105958875152,0.1560105958875152,0.0021179671033538633,0.0,0.0,0.0,0.0021028213178396833,1.5145785514179876e-05
2015,corporate_bonds,5091.38,0.0,0.341413,0.008238627047856774,0.0009738094930526642,0.0,0.0,0.006128857037629968,0.0011359605171741421
2015,corporate_loans,2226.61,0.0,0.341413,0.008238627047856774,0.0009738094930526642,0.0,0.0,0.006128857037629968,0.0011359605171741421
2015,noncorporate_business_debt,1418.223,0.0,0.341413,0.008238627047856774,0.0009738094930526642,0.0,0.0,0.006128857037629968,0.0011359605171741421
2015,commercial_mortgage,2519.626,0.0,0.341413,0.027475903169756146,0.027475903169756146,0.0,0.0,0.0,0.0
2015,corporate_equity,24346.537,0.0,0.341413,0.009622993122284911,0.0029629672323445355,0.0,0.0,0.0,0.006660025889940376
2016,home_mortgage,9591.93,0.8402229999999999,0.8402229999999999,0.6227313837746201,0.002925885276389861,0.0,0.0,0.6198054984982303,0.0
2016,credit_card,960.095,0.74,0.74,0.0,0.0,0.0,0.0,0.0,0.0
2016,auto_loan,1062.341,0.7737,0.7737,0.0,0.0,0.0,0.0,0.0,0.0
2016,student_loan,1405.332,0.8832,0.8832,0.7466513250961339,0.7466513250961339,0.0,0.0,0.0,0.0
2016,other_consumer,208.67,0.815554294879353,0.815554294879353,0.0,0.0,0.0,0.0,0.0,0.0
2016,multifamily_mortgage,1237.859,0.7275400000000001,0.7275400000000001,0.4310482857902233,0.010169171125305871,0.0,0.0,0.42087911466491745,0.0
2016,treasury,15983.832,0.6265667037403079,0.6265667037403079,0.2019983328301155,0.0,0.0,0.19221557444134812,0.007995340309669672,0.00178741807909769
2016,state_local_debt,3415.795,0.15313746222650515,0.15313746222650515,0.0014247868767538504,0.0,0.0,0.0,0.0014041840023094841,2.060287444436623e-05
2016,corporate_bonds,5392.807,0.0,0.344671,0.005829729124450434,0.0009058411196329943,0.0,0.0,0.0037699240692758906,0.0011539639355415492
2016,corporate_loans,2190.4,0.0,0.344671,0.005829729124450434,0.0009058411196329943,0.0,0.0,0.0037699240692758906,0.0011539639355415492
2016,noncorporate_business_debt,1535.608,0.0,0.344671,0.005829729124450434,0.0009058411196329943,0.0,0.0,0.0037699240692758906,0.0011539639355415492
2016,commercial_mortgage,2638.641,0.0,0.344671,0.02677742064949343,0.02677742064949343,0.0,0.0,0.0,0.0
2016,corporate_equity,25851.542,0.0,0.344671,0.009327038092625816,0.0026523587801898646,0.0,0.0,0.0,0.006674679312435952
2017,home_mortgage,9852.345,0.8402229999999999,0.8402229999999999,0.6302876435503739,0.002759832759762414,0.0,0.0,0.6275278107906115,0.0
2017,credit_card,1016.807,0.74,0.74,0.0,0.0,0.0,0.0,0.0,0.0
2017,auto_loan,1101.992,0.7737,0.7737,0.0,0.0,0.0,0.0,0.0,0.0
2017,student_loan,1488.895,0.8832,0.8832,0.7694155732942887,0.7694155732942887,0.0,0.0,0.0,0.0
2017,other_consumer,223.091,0.815554294879353,0.815554294879353,0.0,0.0,0.0,0.0,0.0,0.0
2017,multifamily_mortgage,1363.968,0.7275400000000001,0.7275400000000001,0.4533493454391892,0.008966486017267268,0.0,0.0,0.4443828594219219,0.0
2017,treasury,16430.866,0.6473010535071425,0.6473010535071425,0.19407444383419947,0.0,0.0,0.1853264025833282,0.007061949156246575,0.001686092094624713
2017,state_local_debt,3446.648,0.1542391498985034,0.1542391498985034,0.001104510182838144,0.0,0.0,0.0,0.0010861056634530464,1.8404519385097836e-05
2017,corporate_bonds,5726.379,0.0,0.344654,0.0039006376535059557,0.0006707730228091299,0.0,0.0,0.0021185261150711834,0.0011113385156256426
2017,corporate_loans,2419.973,0.0,0.344654,0.0039006376535059557,0.0006707730228091299,0.0,0.0,0.0021185261150711834,0.0011113385156256426
2017,noncorporate_business_debt,1667.975,0.0,0.344654,0.0039006376535059557,0.0006707730228091299,0.0,0.0,0.0021185261150711834,0.0011113385156256426
2017,commercial_mortgage,2766.522,0.0,0.344654,0.025790143725587578,0.025790143725587578,0.0,0.0,0.0,0.0
2017,corporate_equity,30021.359,0.0,0.344654,0.00899040477906075,0.0020610941264972847,0.0,0.0,0.0,0.006929310652563465
2018,home_mortgage,10121.618,0.8402229999999999,0.8402229999999999,0.6344739795862228,0.002700058465359667,0.0,0.0,0.6317739211208631,0.0
2018,credit_card,1053.847,0.74,0.74,0.0,0.0,0.0,0.0,0.0,0.0
2018,auto_loan,1139.608,0.7737,0.7737,0.0,0.0,0.0,0.0,0.0,0.0
2018,student_loan,1566.903,0.8832,0.8832,0.788990767137468,0.788990767137468,0.0,0.0,0.0,0.0
2018,other_consumer,246.684,0.815554294879353,0.815554294879353,0.0,0.0,0.0,0.0,0.0,0.0
2018,multifamily_mortgage,1492.819,0.7275400000000001,0.7275400000000001,0.46012410077846005,0.007988242379015808,0.0,0.0,0.45213585839944426,0.0
2018,treasury,17842.086,0.650555513806297,0.650555513806297,0.16334029030684594,0.0,0.0,0.15396487234349823,0.007905174780541872,0.0014702431828058332
2018,state_local_debt,3393.684,0.154619972015195,0.154619972015195,0.0009630992236679412,0.0,0.0,0.0,0.0009509987462423696,1.2100477425571568e-05
2018,corporate_bonds,5907.338,0.0,0.342512,0.003270776273453784,0.0005915477400708139,0.0,0.0,0.0015972607166891328,0.0010819678166938372
2018,corporate_loans,2851.878,0.0,0.342512,0.003270776273453784,0.0005915477400708139,0.0,0.0,0.0015972607166891328,0.0010819678166938372
2018,noncorporate_business_debt,1755.238,0.0,0.342512,0.003270776273453784,0.0005915477400708139,0.0,0.0,0.0015972607166891328,0.0010819678166938372
2018,commercial_mortgage,2889.962,0.0,0.342512,0.02565777681505847,0.02565777681505847,0.0,0.0,0.0,0.0
2018,corporate_equity,27926.917,0.0,0.342512,0.009441881690785373,0.0026117340665396315,0.0,0.0,0.0,0.006830147624245741
2019,home_mortgage,10391.32,0.8402229999999999,0.8402229999999999,0.6372049749563198,0.002635232898925628,0.0,0.0,0.6345697420573941,0.0
2019,credit_card,1091.989,0.74,0.74,0.0,0.0,0.0,0.0,0.0,0.0
2019,auto_loan,1184.142,0.7737,0.7737,0.0,0.0,0.0,0.0,0.0,0.0
2019,student_loan,1637.881,0.8832,0.8832,0.8054583941079969,0.8054583941079969,0.0,0.0,0.0,0.0
2019,other_consumer,278.179,0.815554294879353,0.815554294879353,0.0,0.0,0.0,0.0,0.0,0.0
2019,multifamily_mortgage,1635.103,0.7275400000000001,0.7275400000000001,0.46222225755808655,0.007088238477942979,0.0,0.0,0.4551340190801436,0.0
2019,treasury,19018.687,0.6605366607438264,0.6605366607438264,0.16182341402280775,0.0,0.0,0.15006856576439354,0.010380875039374297,0.0013739732190399302
2019,state_local_debt,3391.995,0.15724186999303727,0.15724186999303727,0.0007835418406853392,0.0,0.0,0.0,0.0007714909860789,1.2050854606439174e-05
2019,corporate_bonds,6214.103,0.0,0.340374,0.002757243999109587,0.0004384849106840856,0.0,0.0,0.0011922279687892987,0.0011265311196362027
2019,corporate_loans,2980.982,0.0,0.340374,0.002757243999109587,0.0004384849106840856,0.0,0.0,0.0011922279687892987,0.0011265311196362027
2019,noncorporate_business_debt,1780.164,0.0,0.340374,0.002757243999109587,0.0004384849106840856,0.0,0.0,0.0011922279687892987,0.0011265311196362027
2019,commercial_mortgage,3031.283,0.0,0.340374,0.024443115340929897,0.024443115340929897,0.0,0.0,0.0,0.0
2019,corporate_equity,35066.413,0.0,0.340374,0.00902843550436772,0.0020768855916223823,0.0,0.0,0.0,0.006951549912745339
2020,home_mortgage,10783.195,0.8402229999999999,0.8402229999999999,0.6580365180436267,0.002628640987078974,0.0,0.0,0.6554078770565477,0.0
2020,credit_card,954.603,0.74,0.74,0.0,0.0,0.0,0.0,0.0,0.0
2020,auto_loan,1219.866,0.7737,0.7737,0.0,0.0,0.0,0.0,0.0,0.0
2020,student_loan,1693.86,0.8832,0.8832,0.8152905198776759,0.8152905198776759,0.0,0.0,0.0,0.0
2020,other_consumer,280.697,0.815554294879353,0.815554294879353,0.0,0.0,0.0,0.0,0.0,0.0
2020,multifamily_mortgage,1787.612,0.7275400000000001,0.7275400000000001,0.474924088672486,0.006216673416826471,0.0,0.0,0.4687074152556595,0.0
2020,treasury,23600.853,0.6627865295312275,0.6627865295312275,0.2521548378765528,0.0,0.0,0.239260757933758,0.011804042405051103,0.001090037537743671
2020,state_local_debt,3511.03,0.15895004571318253,0.15895004571318253,0.0006341352346062482,0.0,0.0,0.0,0.0006246198077204096,9.515426885838666e-06
2020,corporate_bonds,6989.744,0.0,0.321006,0.0024670018234276693,0.0004652468334899617,0.0,0.0,0.0008778841881789811,0.0011238708017587266
2020,corporate_loans,3229.915,0.0,0.321006,0.0024670018234276693,0.0004652468334899617,0.0,0.0,0.0008778841881789811,0.0011238708017587266
2020,noncorporate_business_debt,1983.673,0.0,0.321006,0.0024670018234276693,0.0004652468334899617,0.0,0.0,0.0008778841881789811,0.0011238708017587266
2020,commercial_mortgage,3169.094,0.0,0.321006,0.023780298091505017,0.023780298091505017,0.0,0.0,0.0,0.0
2020,corporate_equity,43788.352,0.0,0.321006,0.008551630574188842,0.0020047153580406334,0.0,0.0,0.0,0.006546915216148208
2021,home_mortgage,11814.482,0.8402229999999999,0.8402229999999999,0.6619051090433224,0.002573795740830769,0.0,0.0,0.6593313133024916,0.0
2021,credit_card,1033.547,0.74,0.74,0.0,0.0,0.0,0.0,0.0,0.0
2021,auto_loan,1388.123,0.7737,0.7737,0.0,0.0,0.0,0.0,0.0,0.0
2021,student_loan,1733.415,0.8832,0.8832,0.8286278819555617,0.8286278819555617,0.0,0.0,0.0,0.0
2021,other_consumer,357.635,0.815554294879353,0.815554294879353,0.0,0.0,0.0,0.0,0.0,0.0
2021,multifamily_mortgage,1938.437,0.7275400000000001,0.7275400000000001,0.470487304978186,0.005598840715483661,0.0,0.0,0.46488846426270236,0.0
2021,treasury,25284.697,0.6412682822258784,0.6412682822258784,0.273597666075845,0.0,0.0,0.26381031391311266,0.008821131694114982,0.0009662204686173631
2021,state_local_debt,3563.373,0.15742082104157512,0.15742082104157512,0.0005485199152853918,0.0,0.0,0.0,0.0005408984697930733,7.62144549231848e-06
2021,corporate_bonds,7250.391,0.0,0.325979,0.0021095385122861074,0.0003903213666934636,0.0,0.0,0.000775346820803782,0.0009438703247888618
2021,corporate_loans,3603.316,0.0,0.325979,0.0021095385122861074,0.0003903213666934636,0.0,0.0,0.000775346820803782,0.0009438703247888618
2021,noncorporate_business_debt,2054.06,0.0,0.325979,0.0021095385122861074,0.0003903213666934636,0.0,0.0,0.000775346820803782,0.0009438703247888618
2021,commercial_mortgage,3378.26,0.0,0.325979,0.02313794675365425,0.02313794675365425,0.0,0.0,0.0,0.0
2021,corporate_equity,54276.033,0.0,0.325979,0.009364535437097076,0.0027819073664995505,0.0,0.0,0.0,0.006582628070597525
2022,home_mortgage,12654.112,0.8402229999999999,0.8402229999999999,0.6584006559349388,0.004642354359563004,0.0,0.0,0.6537583015753757,0.0
2022,credit_card,1192.64,0.74,0.74,0.0,0.0,0.0,0.0,0.0,0.0
2022,auto_loan,1494.915,0.7737,0.7737,0.0,0.0,0.0,0.0,0.0,0.0
2022,student_loan,1764.067,0.8832,0.8832,0.8431159360727228,0.8431159360727228,0.0,0.0,0.0,0.0
2022,other_consumer,406.817,0.815554294879353,0.815554294879353,0.0,0.0,0.0,0.0,0.0,0.0
2022,multifamily_mortgage,2107.185,0.7275400000000001,0.7275400000000001,0.45748095207587375,0.004998137325389086,0.0,0.0,0.4524828147504847,0.0
2022,treasury,26831.577,0.6641941823548532,0.6641941823548532,0.24295695985853275,0.0,0.0,0.2348932772898832,0.007229172114436451,0.0008345104542131142
2022,state_local_debt,3534.958,0.17129790130468225,0.17129790130468225,0.0005618769940638044,0.0,0.0,0.0,0.0005551726334187108,6.704360645093581e-06
2022,corporate_bonds,7285.214,0.0,0.340885,0.002141349889629897,0.0003211072863014533,0.0,0.0,0.0009209957445412493,0.0008992468587871943
2022,corporate_loans,3898.701,0.0,0.340885,0.002141349889629897,0.0003211072863014533,0.0,0.0,0.0009209957445412493,0.0008992468587871943
2022,noncorporate_business_debt,2250.866,0.0,0.340885,0.002141349889629897,0.0003211072863014533,0.0,0.0,0.0009209957445412493,0.0008992468587871943
2022,commercial_mortgage,3644.26,0.0,0.340885,0.02245750852024828,0.02245750852024828,0.0,0.0,0.0,0.0
2022,corporate_equity,42064.546,0.0,0.340885,0.010116534988925344,0.0035623185167800516,0.0,0.0,0.0,0.006554216472145293
2023,home_mortgage,13029.438,0.8402229999999999,0.8402229999999999,0.657194198983445,0.004713247221422203,0.0,0.0,0.6524809517620228,0.0
2023,credit_card,1298.866,0.74,0.74,0.0,0.0,0.0,0.0,0.0,0.0
2023,auto_loan,1550.727,0.7737,0.7737,0.0,0.0,0.0,0.0,0.0,0.0
2023,student_loan,1729.139,0.8832,0.8832,0.8456173852998515,0.8456173852998515,0.0,0.0,0.0,0.0
2023,other_consumer,409.494,0.815554294879353,0.815554294879353,0.0,0.0,0.0,0.0,0.0,0.0
2023,multifamily_mortgage,2204.298,0.7275400000000001,0.7275400000000001,0.45946010929556713,0.004680855310851799,0.0,0.0,0.4547792539847153,0.0
2023,treasury,29451.633,0.6857802641948141,0.6857802641948141,0.1895762719045083,0.0,0.0,0.18199118911413129,0.006761611949441047,0.0008234708409359618
2023,state_local_debt,3549.503,0.15416904048055668,0.15416904048055668,0.0005587419554622075,0.0,0.0,0.0,0.0005532567600047472,5.485195457460314e-06
2023,corporate_bonds,7512.972,0.0,0.33686,0.002146765491442773,0.0002594858488593597,0.0,0.0,0.0009941811674352911,0.0008930984751481221
2023,corporate_loans,3823.322,0.0,0.33686,0.002146765491442773,0.0002594858488593597,0.0,0.0,0.0009941811674352911,0.0008930984751481221
2023,noncorporate_business_debt,2265.307,0.0,0.33686,0.002146765491442773,0.0002594858488593597,0.0,0.0,0.0009941811674352911,0.0008930984751481221
2023,commercial_mortgage,3774.126,0.0,0.33686,0.02286330663046226,0.02286330663046226,0.0,0.0,0.0,0.0
2023,corporate_equity,51751.514,0.0,0.33686,0.010286409011507312,0.003324414620134814,0.0,0.0,0.0,0.006961994391372498
2024,home_mortgage,13394.548,0.8402229999999999,0.8402229999999999,0.6550878875048851,0.004774181633526806,0.0,0.0,0.6503137058713584,0.0
2024,credit_card,1296.966,0.74,0.74,0.0,0.0,0.0,0.0,0.0,0.0
2024,auto_loan,1564.317,0.7737,0.7737,0.0,0.0,0.0,0.0,0.0,0.0
2024,student_loan,1778.377,0.8832,0.8832,0.8535726676627059,0.8535726676627059,0.0,0.0,0.0,0.0
2024,other_consumer,307.57,0.815554294879353,0.815554294879353,0.0,0.0,0.0,0.0,0.0,0.0
2024,multifamily_mortgage,2307.316,0.7275400000000001,0.7275400000000001,0.4655630178094375,0.004316270506510595,0.0,0.0,0.4612467473029268,0.0
2024,treasury,31596.263,0.6771711690326436,0.6771711690326436,0.1563968159684524,0.0,0.0,0.14697216046234834,0.008618205320524317,0.0008064501855797318
2024,state_local_debt,3639.951,0.15456242698741057,0.15456242698741057,0.0005812272429301799,0.0,0.0,0.0,0.0005748509103073172,6.376332622862733e-06
2024,corporate_bonds,7805.31,0.0,0.337772,0.0022302639174693224,0.0004187515997796275,0.0,0.0,0.0009252570043550166,0.0008862553133346782
2024,corporate_loans,3802.464,0.0,0.337772,0.0022302639174693224,0.0004187515997796275,0.0,0.0,0.0009252570043550166,0.0008862553133346782
2024,noncorporate_business_debt,2338.96,0.0,0.337772,0.0022302639174693224,0.0004187515997796275,0.0,0.0,0.0009252570043550166,0.0008862553133346782
2024,commercial_mortgage,3834.862,0.0,0.337772,0.023565906674086316,0.02356590667408632,0.0,0.0,0.0,0.0
2024,corporate_equity,62768.04,0.0,0.337772,0.010542350812302209,0.003496901754248821,0.0,0.0,0.0,0.007045449058053388
2025,home_mortgage,13788.341,0.8402229999999999,0.8402229999999999,0.6492859500730331,0.004803363186421031,0.0,0.0,0.6444825868866121,0.0
2025,credit_card,1324.322,0.74,0.74,0.0,0.0,0.0,0.0,0.0,0.0
2025,auto_loan,1562.18,0.7737,0.7737,0.0,0.0,0.0,0.0,0.0,0.0
2025,student_loan,1834.69,0.8832,0.8832,0.8601104273746518,0.8601104273746518,0.0,0.0,0.0,0.0
2025,other_consumer,377.629,0.815554294879353,0.815554294879353,0.0,0.0,0.0,0.0,0.0,0.0
2025,multifamily_mortgage,2448.693,0.7275400000000001,0.7275400000000001,0.47085363497996685,0.003933118606538263,0.0,0.0,0.4669205163734286,0.0
2025,treasury,33887.091,0.6577881161725845,0.6577881161725845,0.14474216375034263,0.0,0.0,0.13535134278803312,0.00854790823202399,0.000842912730285517
2025,state_local_debt,3803.918,0.159337940659515,0.159337940659515,0.0006376771286469859,0.0,0.0,0.0,0.0006316106795636263,6.066449083359544e-06
2025,corporate_bonds,8075.32,0.0,0.338212,0.0026110869977201104,0.0006050023070205833,0.0,0.0,0.0010988710932900686,0.0009072135974094584
2025,corporate_loans,3903.704,0.0,0.338212,0.0026110869977201104,0.0006050023070205833,0.0,0.0,0.0010988710932900686,0.0009072135974094584
2025,noncorporate_business_debt,2453.031,0.0,0.338212,0.0026110869977201104,0.0006050023070205833,0.0,0.0,0.0010988710932900686,0.0009072135974094584
2025,commercial_mortgage,3953.408,0.0,0.338212,0.023952245758596127,0.023952245758596127,0.0,0.0,0.0,0.0
2025,corporate_equity,71994.893,0.0,0.338212,0.010558019325093013,0.00380977913678764,0.0,0.0,0.0,0.006748240188305373
